j0_x,j0_y,j0_z,j1_x,j1_y,j1_z,j2_x,j2_y,j2_z,j3_x,j3_y,j3_z,j4_x,j4_y,j4_z,j5_x,j5_y,j5_z,j6_x,j6_y,j6_z,j7_x,j7_y,j7_z,j8_x,j8_y,j8_z,j9_x,j9_y,j9_z,j10_x,j10_y,j10_z,j11_x,j11_y,j11_z,j12_x,j12_y,j12_z,j13_x,j13_y,j13_z,j14_x,j14_y,j14_z,j15_x,j15_y,j15_z,j16_x,j16_y,j16_z,j17_x,j17_y,j17_z,j18_x,j18_y,j18_z,j19_x,j19_y,j19_z,j20_x,j20_y,j20_z
-81.65,42.5498,437.867,-92.183,46.9346,429.2879,-139.3049,5.0717,465.2038,-121.2928,2.357,477.5405,-106.1269,1.9485,485.2106,-90.1741,2.9369,491.2258,-129.6613,41.6823,475.6219,-155.5674,38.0518,507.6492,-180.2314,42.1729,520.2469,-173.891,8.6424,506.5204,-179.3205,26.6314,521.4507,-180.7322,43.9034,531.4351,-156.3922,10.4882,520.4114,-161.9443,33.8058,532.8398,-154.6928,54.3338,529.6749,-135.7147,9.486,522.2477,-147.3324,28.2274,536.0242,-143.1721,48.9026,529.7611,-113.7395,-2.3226,527.6629,-128.1416,-5.5369,549.9316,-140.983,3.2943,558.9374
-81.4526,39.4906,430.6024,-91.9174,43.8475,421.9261,-139.1796,1.5687,457.1642,-121.2869,-1.0893,469.6857,-106.2032,-1.4394,477.5188,-90.3227,-0.3814,483.7112,-129.5191,37.2909,468.1673,-155.5738,32.7478,500.2084,-180.2412,37.0861,512.7262,-173.1662,4.9625,498.9899,-179.047,22.2941,514.515,-180.4998,39.4358,524.7157,-157.0986,4.8515,512.3264,-162.6488,28.1886,524.7189,-155.6269,48.8588,521.9919,-136.0888,5.4736,514.4385,-147.6715,24.3372,528.0767,-143.4501,45.0448,521.9632,-114.0681,-6.1653,519.7884,-128.5044,-9.6817,541.722,-141.2097,-0.6876,550.7597
-80.2909,37.7265,426.2637,-90.8312,42.8051,418.0856,-138.6998,1.3234,453.4521,-120.5488,-2.4961,465.2822,-105.2533,-3.7347,472.5977,-89.1547,-3.5438,478.2944,-129.1772,35.1621,463.1271,-155.5953,29.8965,494.158,-180.5132,33.9859,506.2567,-173.4551,1.8278,494.7778,-176.7993,21.1224,508.6535,-178.2238,38.1279,519.0835,-156.4952,3.2425,507.8371,-161.2631,27.1247,519.495,-154.1809,47.7753,516.7758,-134.2023,2.9959,510.2893,-144.5817,22.8871,523.4274,-140.1039,43.4861,517.132,-113.6092,-9.4691,514.0923,-128.5807,-13.0966,536.0084,-141.1027,-3.8591,545.0566
-79.0617,37.1413,422.7485,-89.5924,42.6414,414.835,-137.9892,1.8794,450.3194,-119.7569,-2.6304,461.7756,-104.3825,-4.4069,468.8094,-88.1929,-4.7489,474.2348,-129.0072,35.419,458.8481,-156.0991,30.4547,489.1007,-181.4094,33.9715,500.5471,-172.7714,2.9501,491.6117,-176.278,21.938,505.8652,-177.2872,39.0391,516.1867,-155.1536,5.76,504.3511,-159.1117,30.126,515.2888,-151.5701,50.5409,512.0714,-133.3423,3.5122,506.261,-143.6095,23.4911,519.354,-138.6745,43.884,512.7377,-112.2816,-9.5112,510.2428,-126.931,-12.4074,532.141,-139.1731,-2.7804,541.166
-78.2439,36.5815,420.4237,-88.6851,42.4329,412.6446,-137.7867,2.0156,447.5502,-119.6154,-3.0636,458.864,-104.2594,-5.2737,465.8146,-88.0643,-6.0372,471.18,-127.8742,35.6639,457.1568,-154.8958,30.9966,487.8488,-180.1728,34.799,499.2773,-171.7714,3.4857,489.4892,-174.5322,22.5421,503.8151,-175.0271,39.5983,514.2479,-154.0308,5.3489,502.2323,-157.3375,29.6036,513.6242,-149.4348,49.8984,510.5149,-133.5744,3.2136,502.8632,-143.6103,23.4552,515.7301,-138.2787,43.7834,509.2233,-111.5398,-10.3086,507.6822,-125.8306,-12.9088,529.9031,-137.836,-3.0311,538.9751
-78.2409,35.8169,417.9528,-88.6066,42.1827,410.4828,-138.3002,1.2917,443.9701,-120.1735,-4.5961,454.959,-104.8283,-7.3833,461.7233,-88.6242,-8.6757,466.959,-128.0089,34.2843,454.1031,-154.9839,28.8771,483.9657,-180.1934,32.6753,495.5438,-172.806,1.7858,485.5045,-173.6452,21.1902,499.603,-173.3967,37.9027,510.5861,-155.2551,2.459,498.0346,-157.1738,26.8799,509.3898,-148.744,47.0867,507.2398,-133.8471,0.9483,499.0394,-143.6525,20.6862,512.8333,-137.9035,41.1007,506.9854,-112.6268,-12.3892,503.1551,-127.2275,-14.6481,525.1731,-139.0103,-4.4237,534.1524
-79.8987,33.3081,415.7172,-90.1804,39.8847,408.3141,-140.0941,-2.88,439.018,-122.1285,-9.053,450.1145,-106.8925,-11.9757,457.0658,-90.7832,-13.3314,462.571,-129.1763,31.387,451.4319,-155.5838,25.6324,480.6307,-180.6998,29.2118,492.4785,-175.5729,-1.3383,479.6982,-175.8756,17.2923,494.8246,-175.333,33.2403,506.8815,-157.3636,-1.4037,492.9627,-159.1532,22.4964,505.3959,-150.5479,42.7269,504.572,-135.7692,-3.2541,494.403,-145.3321,16.0,509.026,-139.1855,36.5586,504.1717,-114.5539,-16.6743,498.5619,-128.8247,-18.6813,520.1692,-140.3979,-8.2185,529.1465
-82.2328,31.4204,413.1388,-92.5382,38.5948,406.3491,-142.3922,-6.4016,433.7869,-124.3817,-13.4881,444.2465,-109.1152,-16.9946,450.8524,-92.9794,-18.8244,456.1384,-131.6662,26.5464,448.7685,-158.2689,18.3548,477.6089,-183.2731,21.3521,489.8484,-177.4169,-8.1603,474.8499,-176.7594,9.3483,491.2517,-175.8917,24.1199,504.707,-159.1009,-9.5062,488.0041,-160.2031,13.4746,502.1345,-151.6218,33.7067,503.1471,-138.4697,-12.0094,488.5016,-147.548,6.8756,503.8945,-141.227,27.6754,500.5164,-117.1425,-22.5126,491.9248,-131.6938,-24.7336,513.4758,-143.0367,-14.2192,522.6836
-84.6556,29.1474,411.4861,-94.9768,36.5982,405.0263,-144.5159,-10.7394,428.8581,-126.5393,-18.2309,439.0914,-111.3091,-21.9417,445.6694,-95.2173,-23.8832,451.0489,-133.294,21.5911,446.5451,-159.0853,11.4899,474.4914,-183.9504,13.9027,487.1367,-179.2182,-14.0998,470.0948,-178.737,1.8187,488.0494,-177.7725,15.425,502.6761,-161.4806,-14.8765,482.7246,-162.7118,7.149,498.2925,-154.187,27.2432,501.0405,-140.0236,-18.0902,483.9401,-148.9264,-0.3445,500.7278,-142.4787,20.583,498.6146,-119.8668,-28.6909,486.3724,-134.7135,-31.5867,507.6482,-145.8849,-21.1833,517.186
-86.2019,27.6864,410.7575,-96.511,35.3024,404.4734,-145.6895,-14.1239,424.5096,-127.8127,-21.8561,434.7385,-112.6686,-25.66,441.4606,-96.669,-27.6166,447.1033,-134.6499,18.334,444.9852,-160.1672,6.981,472.0902,-185.1268,8.9415,484.6273,-180.872,-18.6154,465.2284,-180.1785,-3.6926,484.0122,-179.3292,8.9066,499.5215,-162.3769,-21.2432,478.7946,-163.2113,-0.2954,495.8091,-154.8438,19.5342,500.3667,-142.1369,-23.5847,479.2933,-151.6798,-7.1744,497.0594,-145.221,13.8421,496.2906,-121.6954,-33.8454,481.6984,-136.6511,-37.5676,502.3725,-147.7344,-27.2557,512.1103
-87.0308,26.7689,410.4157,-97.3074,34.6963,404.4727,-146.3598,-16.2953,420.493,-128.5764,-24.5359,430.4852,-113.5053,-28.6508,437.1881,-97.5782,-30.8461,442.9468,-135.0592,15.0917,443.5664,-160.1026,2.0866,469.5001,-185.2151,3.0273,481.8484,-181.3968,-23.4007,460.9643,-180.1822,-9.4832,480.4791,-179.4268,1.9527,496.8696,-163.9164,-26.5456,473.8793,-164.5001,-6.7135,492.1917,-156.1786,12.5977,498.6594,-142.646,-32.2513,475.1599,-150.8969,-16.044,493.7407,-144.4905,4.9854,494.5909,-122.596,-39.9295,476.6514,-137.4181,-45.311,496.62,-148.4953,-35.4337,506.805
-87.1807,26.8771,409.8498,-97.4133,35.2602,404.4842,-146.5301,-16.9274,415.7504,-128.8293,-25.9512,425.1979,-113.8162,-30.5934,431.6829,-97.9413,-33.2437,437.3943,-136.1271,12.8047,441.142,-161.8523,-2.1169,465.5009,-187.2594,-2.4358,477.2642,-183.0947,-25.8161,454.4805,-182.3446,-13.7961,475.24,-181.9927,-3.9478,492.6437,-165.5297,-31.0387,467.1884,-166.544,-12.9323,487.1916,-158.3998,5.5881,495.8327,-144.2175,-35.1122,468.5522,-153.5463,-20.7285,488.0991,-147.1591,0.155,490.7602,-123.5943,-43.0631,470.396,-138.7866,-48.8783,489.9404,-149.8034,-39.2586,500.4328
-88.4063,27.272,408.2339,-98.6473,35.945,403.3684,-147.7293,-16.832,411.6426,-130.0167,-26.3761,420.5406,-114.9963,-31.3766,426.7359,-99.1157,-34.3432,432.273,-137.5408,12.4873,438.849,-163.2624,-3.026,462.3135,-188.7594,-3.9522,473.8479,-185.2152,-27.3316,449.0667,-184.0411,-16.1198,470.2544,-183.9363,-7.3023,488.2054,-167.2429,-33.5411,461.7581,-168.3375,-16.5065,482.6776,-160.2309,1.4597,492.45,-145.7332,-36.4445,463.2538,-155.4129,-23.0851,483.3493,-148.9993,-2.3651,487.0301,-124.8941,-45.6291,464.687,-140.1526,-52.3093,483.8732,-151.181,-42.9833,494.6157
-89.655,28.3655,405.2192,-99.7503,37.0702,400.112,-148.8661,-16.0158,405.808,-131.4472,-25.6226,415.2043,-116.6403,-30.6564,421.8689,-100.9589,-33.6434,427.9374,-138.6494,12.4073,434.9727,-164.4481,-3.9497,458.0929,-190.0075,-5.4498,469.4272,-186.027,-26.7088,443.5005,-186.1674,-16.5864,465.261,-186.5062,-8.2915,483.4566,-168.2756,-32.4413,456.8357,-170.1813,-16.6618,478.6617,-162.3322,0.8671,489.3916,-147.6597,-37.7189,457.8121,-157.4489,-25.1954,478.3872,-151.1737,-4.6395,483.0857,-126.6945,-45.9253,459.8468,-141.8412,-53.1538,478.6272,-152.9158,-44.1295,489.5778
-89.9038,30.0989,403.1836,-99.9995,39.0112,398.4489,-149.0811,-14.3084,401.7574,-131.6663,-24.3041,410.7469,-116.8638,-29.6136,417.204,-101.1876,-32.8517,423.1559,-139.9524,12.6098,431.2027,-166.597,-4.9974,453.0462,-192.3395,-7.2471,463.8288,-187.1237,-27.9201,437.5831,-188.2869,-18.8213,459.761,-189.2113,-11.2084,478.2323,-170.601,-33.0838,450.0281,-172.8568,-17.847,472.2036,-165.6702,-0.9268,484.2891,-148.6008,-37.3405,452.3758,-159.3786,-26.2633,473.2836,-153.44,-5.8898,479.0848,-127.9148,-46.9046,453.6366,-143.7217,-55.2158,471.6635,-155.0611,-46.8085,482.832
-89.5154,32.9624,400.3969,-99.5571,42.0082,395.8028,-148.6834,-11.3573,397.0925,-131.3695,-21.6083,405.9891,-116.6392,-27.1032,412.4562,-101.0294,-30.5138,418.4857,-140.6852,14.7538,427.2469,-168.3969,-3.61,448.4336,-194.4124,-5.5764,458.5985,-188.1149,-25.8039,431.0402,-188.8727,-16.6765,453.2239,-190.2784,-9.5762,471.8682,-171.4655,-31.7199,443.7524,-175.1586,-18.362,466.9241,-168.699,-2.391,480.6062,-149.3174,-35.6673,446.556,-161.7263,-26.8049,467.6149,-156.2881,-6.6281,474.4939,-128.4945,-45.817,448.1387,-144.954,-54.9879,465.9093,-156.5194,-47.0939,477.2198
-89.4835,34.6472,396.6622,-99.4209,43.7991,392.0511,-148.8,-9.3481,391.9754,-131.6553,-19.7952,400.971,-117.0394,-25.4428,407.5648,-101.5287,-29.0047,413.7603,-140.4864,16.4294,423.13,-168.0497,-1.9412,443.9903,-194.2213,-3.0179,453.884,-188.7807,-22.8921,425.6519,-190.3826,-14.3709,448.0309,-192.1756,-7.5611,466.7502,-172.2588,-30.0117,438.1595,-176.2034,-17.8032,461.9164,-170.3938,-2.934,477.0544,-150.3133,-36.3353,440.4009,-163.4624,-29.112,461.6358,-158.6615,-9.3186,469.9527,-128.9722,-45.9895,442.2354,-145.2966,-56.0927,459.1735,-157.1896,-49.0115,470.6806
-88.7333,37.0132,392.8068,-98.6722,46.3445,388.574,-148.3293,-6.5324,387.5065,-131.1423,-17.3214,396.0037,-116.4849,-23.2308,402.2679,-100.9261,-27.0482,408.1843,-140.7086,18.6806,418.4653,-169.0462,0.0317,438.6156,-195.4321,-0.1913,447.9823,-189.5778,-20.5851,419.3982,-190.7235,-11.7171,441.6702,-192.5842,-4.8775,460.3721,-172.8492,-28.3744,431.702,-177.3578,-17.07,455.8035,-171.8536,-2.8886,471.6967,-150.0419,-33.2833,435.0837,-165.4414,-30.2512,455.812,-161.2867,-10.8128,465.2399,-129.0091,-44.4993,436.0988,-145.8757,-54.9803,452.8641,-158.0691,-48.4365,464.3748
-88.0708,41.1633,388.0709,-97.8929,50.5371,383.6628,-147.7429,-2.1317,381.6838,-130.7569,-12.9945,390.4858,-116.2394,-18.9666,397.011,-100.8058,-22.8505,403.2055,-140.2405,22.7705,413.0861,-168.809,4.0387,432.9356,-195.3521,4.5075,441.8373,-189.099,-16.2315,413.4149,-190.8562,-7.5225,435.7099,-192.5842,-0.4271,454.3289,-173.3343,-24.6716,424.9359,-179.0534,-14.2636,449.1839,-173.816,-0.3447,465.396,-149.8624,-30.8227,429.1501,-164.9933,-27.4787,450.0278,-161.3446,-8.1475,459.8761,-128.6268,-42.2208,429.975,-145.2836,-53.818,446.0024,-157.7109,-47.6654,457.4788
-85.3464,46.0474,382.955,-95.0657,55.4876,378.4618,-145.3383,3.2265,376.3716,-128.4924,-7.7477,385.3037,-114.0616,-13.8183,391.9295,-98.6956,-17.8094,398.2231,-138.4467,28.2917,407.4695,-167.8783,9.8406,427.1496,-194.5095,10.8347,435.7398,-187.3472,-10.3506,407.4669,-189.836,-1.7653,429.7402,-191.1866,5.8208,448.1963,-172.0065,-21.3576,417.8197,-179.9445,-12.366,442.0093,-174.667,1.8052,457.9882,-148.3956,-24.393,423.7627,-165.1776,-23.4448,443.5986,-162.0189,-4.0713,453.5329,-127.4341,-37.7097,424.2587,-144.9134,-49.8134,440.094,-157.5592,-43.7755,451.3912
-82.7887,51.127,377.8844,-92.4438,60.656,373.4407,-143.1954,8.8513,371.5761,-126.4065,-2.2775,380.424,-111.9995,-8.4802,386.9787,-96.6401,-12.612,393.1973,-136.091,33.733,402.1844,-165.6689,15.4884,421.6628,-192.3238,16.816,430.1336,-185.4839,-4.4251,402.4213,-188.2649,4.3351,424.5917,-189.455,12.3015,442.8979,-170.6563,-17.5664,411.1519,-179.3446,-8.9506,435.2202,-173.5844,5.5857,450.6965,-146.4291,-15.3739,419.7647,-165.1157,-19.1154,437.5592,-162.1447,0.2812,447.5063,-125.5824,-32.5181,418.9109,-143.1484,-44.5998,434.5174,-155.9143,-38.4996,445.6448
-79.7714,56.8466,372.6206,-89.2885,66.3932,367.924,-140.4085,14.9553,365.9673,-123.8333,3.8094,375.1886,-109.5691,-2.4213,382.0231,-94.3318,-6.5925,388.5099,-133.4274,39.6827,396.4765,-163.4436,21.5185,415.8934,-190.178,23.1118,424.0624,-182.8741,1.3733,396.4337,-186.0789,10.3045,418.4782,-187.1852,18.6892,436.6021,-168.6073,-11.5077,405.1332,-177.969,-2.7691,428.9028,-171.9357,12.2258,443.8277,-144.1225,-9.7205,414.7152,-162.9553,-13.6989,432.5336,-160.0209,5.7774,442.3348,-123.3879,-26.8354,414.1193,-141.1397,-39.2027,429.7654,-154.0165,-32.9481,440.6772
-76.7441,61.9362,367.9842,-86.1985,71.561,363.3207,-137.6523,20.4645,361.181,-121.1508,9.1784,370.3638,-106.9279,2.831,377.177,-91.7185,-1.4622,383.6499,-131.1757,45.4233,391.0837,-161.7621,27.6485,409.9637,-188.6226,29.4272,417.6674,-180.7799,6.841,390.6838,-183.9842,16.2711,412.5196,-185.1364,25.0272,430.4641,-166.3135,-6.2397,399.6659,-175.7791,2.9372,423.2283,-169.6733,18.2328,437.8147,-142.7001,-7.5509,407.4519,-160.4166,-6.3689,426.4447,-157.5192,13.2876,435.8907,-121.6756,-21.0116,408.9007,-140.0366,-32.9936,424.3771,-153.0268,-26.5271,435.0278
-73.8034,66.3016,363.7471,-83.1626,75.9444,358.9313,-134.9013,25.1368,356.7825,-118.5415,13.8273,366.1873,-104.4118,7.4506,373.1651,-89.2806,3.1197,379.7941,-128.7998,50.0406,386.079,-159.9063,32.3844,404.5831,-186.8667,34.2979,411.896,-178.4979,11.5389,385.5998,-182.5276,20.9519,407.306,-183.6946,30.0995,425.053,-164.1378,-0.7966,395.2237,-174.8146,8.0506,418.3913,-168.5929,23.6612,432.5898,-140.3163,-1.4084,403.7654,-158.7586,-1.7422,422.0894,-155.7131,18.0275,431.2484,-119.5144,-16.3183,404.7673,-138.0317,-28.2235,420.0626,-151.11,-21.6357,430.5297
-72.7482,68.4274,360.788,-82.0643,78.0305,355.8118,-133.8234,27.2395,353.7611,-117.542,16.0086,363.3935,-103.4691,9.689,370.536,-88.3906,5.4109,377.3177,-127.9029,52.465,382.603,-159.0521,35.0922,400.8087,-186.1134,37.0255,407.7329,-177.9912,13.8216,381.7819,-181.7744,24.0445,403.1636,-182.986,33.6883,420.643,-163.4706,1.3887,391.9035,-173.7276,11.3176,414.821,-167.5541,27.3204,428.5977,-139.8183,0.7733,400.59,-158.3811,1.0507,418.7929,-155.3963,20.9618,427.661,-118.6207,-13.9964,402.1592,-137.0711,-25.8413,417.3209,-150.2442,-19.1625,427.6099
-71.816,68.9932,359.7247,-81.0441,78.4418,354.3082,-132.6338,27.472,352.4309,-116.5388,16.533,362.6919,-102.609,10.4346,370.2926,-87.6707,6.3708,377.5029,-127.6664,53.0027,380.5335,-159.5372,35.6127,398.461,-186.7703,37.4651,404.7,-177.0241,14.0357,380.0889,-181.9153,24.1513,401.2962,-183.1278,34.2849,418.4962,-162.7256,1.8537,390.7507,-173.4994,12.1717,413.2554,-167.4307,28.6677,426.4863,-139.3334,0.6802,399.6214,-157.5638,2.7139,418.0473,-154.6589,22.7829,426.5793,-118.1699,-12.4317,402.4274,-136.7629,-23.8941,417.622,-150.0371,-17.0519,427.6709
-70.9098,68.1803,361.2145,-80.2382,77.3822,355.5508,-131.0813,25.6462,354.4143,-114.8956,15.1523,364.9927,-100.9276,9.4119,372.7992,-85.9778,5.7121,380.1796,-126.9077,51.7728,381.8275,-158.8921,34.2217,399.8359,-186.2589,35.7546,405.5551,-175.7079,11.5182,381.3376,-181.1797,21.797,402.3235,-182.4914,32.3489,419.2627,-160.611,-0.227,393.4459,-171.2434,10.8566,415.6519,-165.1869,28.0383,427.9851,-137.5728,1.249,402.7073,-156.3307,2.1776,420.6873,-153.5633,22.4715,428.7184,-116.7227,-13.0637,405.0405,-135.5554,-24.5647,420.2689,-148.9871,-17.6401,430.0485
-70.151,65.689,364.3962,-79.5972,74.5866,358.4487,-129.4933,21.9255,358.1318,-113.2075,11.9744,369.0748,-99.2018,6.6705,377.119,-84.2478,3.4141,384.6971,-126.0921,48.4183,385.1607,-158.137,30.3827,403.5709,-185.5689,31.5475,409.0602,-174.3242,8.108,384.8763,-180.7695,17.9893,405.7765,-182.306,28.6183,422.6485,-158.2048,-4.382,398.1215,-169.1149,6.7075,420.1893,-163.1872,24.39,431.8595,-135.499,-1.27,407.5076,-154.2895,-0.8486,425.4725,-151.7101,19.6177,433.1193,-114.5203,-15.2423,410.1137,-133.0202,-26.6434,425.6461,-146.4617,-19.6681,435.376
-69.6201,61.4678,368.7427,-79.3648,70.2321,363.0858,-128.4618,16.8339,364.1097,-111.7214,7.1114,374.5611,-97.4126,2.0055,382.1891,-82.1997,-1.0383,389.3277,-124.7463,43.6145,390.44,-155.8074,25.3962,409.1625,-183.1878,26.1074,414.977,-173.1634,1.5133,390.2449,-179.2601,11.5008,411.1991,-181.0411,21.9472,428.1608,-156.0217,-10.4467,403.9754,-166.5775,1.0592,426.0024,-160.6641,19.1066,437.1075,-133.1655,-7.2743,412.8423,-151.1652,-5.0935,431.4771,-148.7228,15.5335,438.7269,-111.7767,-19.7673,415.6825,-129.9278,-31.2611,431.8561,-143.3342,-24.3557,441.6837
-70.0719,56.1687,371.753,-79.9645,64.5222,365.7425,-127.952,10.1814,368.4274,-111.0718,1.186,379.2967,-96.7025,-3.3473,387.169,-81.4693,-5.8187,394.4832,-124.8345,37.0519,394.1081,-155.8189,18.0826,413.6957,-183.184,18.2889,419.6209,-171.9978,-5.4095,395.4993,-178.174,4.9973,416.225,-180.065,15.8704,432.9043,-154.6361,-16.5722,409.6742,-164.5095,-3.7384,431.28,-158.4263,14.9408,441.1836,-132.2426,-13.6879,417.7299,-150.0154,-10.6569,436.4633,-147.5355,10.2566,442.8253,-110.5082,-24.4162,421.0659,-128.1383,-35.7071,437.2048,-141.602,-28.75,446.9171
-70.4796,49.432,374.0463,-80.5582,57.4408,367.8776,-127.6606,2.4789,372.7249,-110.5396,-5.9123,383.7004,-96.0274,-9.9763,391.5668,-80.6891,-11.9837,398.8028,-124.7872,30.2447,397.4733,-155.3251,11.4671,417.9078,-182.5887,11.7039,424.2828,-171.0117,-13.338,400.7695,-177.4114,-2.4944,421.2014,-179.4536,8.8901,437.5177,-153.4513,-23.9805,414.8152,-163.1412,-10.2943,435.9763,-156.5719,8.966,444.3361,-131.0262,-21.0703,422.4861,-148.114,-16.2645,441.4838,-145.1618,4.9262,446.6063,-109.2429,-30.1241,426.2364,-126.5881,-41.1436,442.9012,-140.0436,-34.035,452.5145
-71.8081,41.4173,375.1664,-81.9606,49.0334,368.6323,-128.0814,-6.6357,374.6956,-110.9382,-14.3476,386.1254,-96.4471,-17.8833,394.2806,-81.161,-19.368,401.7495,-125.2841,22.3312,400.0902,-155.2327,3.8727,421.8364,-182.2548,4.7356,429.1207,-170.4611,-21.113,404.8679,-176.6286,-9.7981,425.1147,-178.5244,1.9923,441.1582,-152.8178,-31.1679,419.2793,-161.4795,-16.004,439.8713,-154.367,3.6833,446.6406,-130.9596,-28.5095,425.9029,-147.526,-22.3716,444.9786,-143.9993,-0.992,448.7834,-109.3031,-36.5694,430.1,-126.3564,-46.993,447.2797,-139.7267,-39.6664,456.8483
-73.3981,33.5365,376.076,-83.6572,40.7909,369.3014,-128.4828,-15.8762,375.816,-111.2889,-22.9731,387.5635,-96.8099,-26.0157,395.9362,-81.5781,-27.0005,403.5963,-126.2666,14.2499,402.0686,-155.7847,-4.1366,424.7684,-182.5915,-2.6477,432.7172,-169.5135,-30.6828,407.6476,-175.2595,-18.9028,427.7527,-177.0771,-6.8014,443.572,-152.1185,-40.7192,421.5343,-159.4279,-23.7779,441.2464,-151.4552,-3.7875,445.8091,-130.4959,-40.2837,427.0116,-145.267,-30.211,445.889,-140.6477,-8.7943,447.8853,-109.0625,-44.3236,432.1609,-125.5617,-54.7229,449.3087,-138.9135,-47.2069,458.7553
-75.479,25.054,376.6835,-85.7902,31.8508,369.5243,-128.7199,-26.3264,375.4721,-111.6323,-32.6555,387.7992,-97.304,-35.0715,396.6232,-82.2769,-35.4123,404.7303,-127.4759,4.7626,402.7705,-156.2802,-13.955,425.7431,-182.994,-12.2666,433.9603,-168.9109,-42.1724,407.8696,-175.2668,-30.3457,427.7626,-177.1884,-17.6924,443.1314,-152.0287,-50.1107,422.4322,-158.7425,-31.9204,441.2215,-150.7302,-11.7273,444.6913,-130.632,-51.2759,427.13,-144.5104,-38.9971,445.3679,-139.6482,-17.569,446.4625,-109.711,-53.0595,432.8821,-126.063,-63.578,449.6619,-139.6319,-55.9811,458.7267
-77.0609,15.9725,376.5448,-87.5019,22.2373,369.0942,-128.4243,-37.2927,375.7623,-111.3031,-42.7342,388.4609,-97.0273,-44.4417,397.532,-82.1163,-44.0666,405.8493,-129.6269,-4.6074,402.5193,-158.8914,-23.2565,425.7399,-185.6303,-20.375,433.5326,-167.5987,-55.2591,408.298,-173.571,-41.4448,426.9929,-174.5288,-26.6561,440.4234,-151.5138,-60.6466,423.0766,-158.1118,-41.3393,440.7597,-150.3302,-20.9083,443.2141,-130.9507,-60.3015,427.5597,-145.1617,-46.7327,444.5871,-140.3864,-25.2572,444.5952,-109.6955,-60.7087,434.5142,-126.1554,-70.6411,451.622,-139.9911,-62.8345,460.0855
-79.0843,7.9638,374.4638,-89.2905,13.4851,366.1499,-128.6333,-46.9939,373.7233,-112.0749,-51.201,387.5841,-98.2735,-51.9611,397.4807,-83.8619,-50.6587,406.5507,-131.9047,-11.3183,400.6311,-161.5428,-28.5692,424.6129,-188.1852,-24.195,432.0324,-167.4914,-64.4775,406.8951,-173.6455,-49.4693,424.5835,-174.1737,-33.3815,436.4538,-152.3424,-67.0362,423.1337,-159.279,-46.6937,439.4758,-152.039,-25.9751,440.9996,-131.7446,-67.7864,428.0297,-145.5351,-52.5386,443.9459,-141.1061,-31.0156,442.8754,-111.8297,-67.2872,434.9787,-128.5827,-77.2478,452.0073,-142.7802,-69.3558,459.7626
-81.1038,1.4337,372.7106,-91.4016,6.8268,364.4255,-129.7945,-54.2834,371.8049,-113.1609,-58.2844,385.6367,-99.3409,-58.8669,395.5194,-84.9435,-57.3746,404.5827,-134.3094,-18.1104,398.5257,-164.1765,-35.4686,422.2622,-190.6534,-30.2557,429.7323,-168.1731,-72.2502,405.2754,-173.6068,-56.2662,422.3338,-173.7549,-39.6936,433.5286,-153.0894,-74.6576,421.3248,-160.0248,-53.9914,437.2562,-153.1437,-33.1366,438.571,-132.8098,-74.4566,426.1918,-146.9566,-59.2696,441.8516,-142.7761,-37.7162,440.4468,-113.0331,-73.2066,433.2911,-129.8348,-82.6764,450.4629,-144.1621,-74.7863,457.978
-82.5668,-4.5295,369.8346,-92.6026,0.4822,361.0064,-130.124,-61.1983,368.1186,-114.0207,-64.5756,382.7226,-100.6242,-64.6755,393.188,-86.6551,-62.7076,402.8132,-135.8915,-23.1771,395.5671,-166.0344,-39.6515,419.6324,-192.4128,-33.6407,426.8468,-169.1572,-79.4117,400.6867,-175.3901,-64.0534,418.0439,-175.2305,-47.3202,428.9973,-154.1728,-80.6409,418.2996,-161.252,-59.6443,433.7277,-154.5409,-38.7198,434.7891,-133.7689,-79.3845,424.6376,-147.4704,-63.4167,439.9117,-143.4716,-41.8544,438.1579,-114.5987,-78.8086,431.0731,-131.1068,-88.3204,447.768,-145.6015,-80.5899,455.1263
-84.3619,-9.225,367.1167,-94.2917,-4.3422,358.0985,-131.619,-66.1389,365.2238,-115.7145,-69.3057,380.0905,-102.4717,-69.2458,390.75,-88.6539,-67.1231,400.559,-137.782,-28.0711,392.5788,-168.1324,-44.6307,416.6414,-194.6218,-38.5955,423.4153,-170.6086,-85.503,397.1745,-176.9161,-70.0952,414.4608,-176.4738,-53.1299,425.043,-155.7847,-83.1583,416.6759,-162.6411,-61.825,431.7385,-156.0155,-40.8651,432.6221,-135.8118,-83.7925,422.0683,-149.1783,-67.0416,436.7905,-145.1888,-45.4853,434.9439,-117.0433,-82.9926,428.3433,-133.7381,-92.3248,444.6822,-148.3744,-84.658,451.8235
-83.6079,-13.1407,364.7288,-93.6629,-8.3247,355.8138,-131.0919,-69.8949,364.2467,-114.9635,-72.9501,378.8939,-101.5521,-72.8173,389.3398,-87.572,-70.6337,398.9024,-137.5798,-31.0141,389.7939,-168.0243,-46.7431,413.3498,-194.8008,-40.6457,418.8128,-170.1467,-90.4959,395.3324,-176.402,-74.747,412.3277,-176.0265,-57.6459,422.6916,-155.5902,-86.8709,414.8339,-163.1517,-65.5362,429.553,-157.3313,-44.3592,430.8422,-135.5183,-85.6912,420.7175,-149.7258,-69.6678,435.4619,-146.2843,-48.0005,433.8234,-116.1535,-86.4327,426.9084,-133.1413,-95.8231,443.5542,-147.931,-88.5094,450.7496
-79.8922,-17.0677,362.1143,-90.0715,-12.4722,353.2242,-127.7082,-73.5043,364.2469,-111.3471,-76.1973,378.7059,-97.7566,-75.8196,388.9115,-83.6007,-73.4237,398.1594,-135.2117,-35.0583,386.4509,-166.7516,-50.8393,409.6666,-194.2841,-46.5259,412.3783,-165.9208,-95.2925,395.569,-173.8489,-80.9287,413.0855,-174.7863,-64.162,423.9482,-151.2216,-89.9011,415.5601,-160.0219,-69.7653,431.2478,-155.4775,-48.36,433.5198,-131.1474,-87.7272,421.2729,-146.3653,-73.5818,436.9038,-144.2815,-51.7067,435.8367,-111.4461,-89.8371,426.9532,-128.1815,-99.7017,444.2585,-143.0677,-93.1576,451.9768
-73.0682,-20.5828,360.7854,-83.6725,-15.7086,352.5657,-122.0998,-75.7651,365.963,-104.9228,-78.908,379.3448,-90.7021,-78.9014,388.6598,-75.9261,-76.8903,396.9834,-128.4986,-38.8947,384.8697,-159.5376,-54.9495,407.238,-187.4092,-53.793,409.6531,-160.1632,-98.4332,396.8392,-169.7749,-85.6911,414.7628,-173.2833,-70.3847,427.1485,-144.8713,-92.8261,416.0382,-155.2372,-74.4972,432.9379,-151.7072,-53.0742,436.4865,-123.9209,-89.2205,421.7359,-140.2442,-77.549,438.2684,-139.7362,-55.5553,438.1268,-102.8147,-94.2833,426.6654,-119.2181,-104.8939,444.7729,-134.0557,-99.125,453.1731
-64.9096,-24.9211,357.4301,-75.5513,-20.2508,349.1406,-114.2329,-79.5912,364.8055,-96.9658,-82.4042,378.1447,-82.6691,-82.1836,387.3401,-67.8131,-79.9956,395.4744,-120.4074,-41.633,383.2696,-151.6686,-56.5347,407.0548,-179.3715,-57.5973,410.982,-151.6847,-99.855,398.0131,-163.5517,-90.8999,416.854,-169.7838,-78.2581,431.0436,-136.4089,-96.3549,415.3687,-149.1636,-81.4919,433.9538,-147.3887,-60.2147,439.2576,-115.3122,-92.5184,420.9795,-132.5624,-84.3324,438.6267,-133.763,-62.3892,439.6522,-93.2993,-99.2243,425.529,-108.9561,-111.0369,443.9923,-123.7348,-106.0994,453.004
-57.4488,-29.1676,355.5574,-68.5131,-24.2091,348.023,-107.598,-82.4815,366.4518,-89.5241,-85.764,378.558,-74.6195,-85.9328,386.7325,-59.178,-84.1498,393.8062,-111.3219,-44.8677,383.924,-140.7717,-59.0795,408.6216,-167.5049,-62.6298,416.1538,-144.1312,-102.8809,400.5867,-155.8927,-94.7918,419.88,-162.8117,-83.5486,434.9039,-127.5317,-99.1639,417.4407,-140.6642,-86.0467,437.0488,-140.1404,-65.0945,443.7369,-107.1167,-90.3555,421.7806,-124.8276,-89.0696,440.772,-126.9231,-67.2285,442.3755,-83.0872,-103.3634,425.0805,-97.752,-115.1481,444.2627,-112.2367,-110.7329,453.9942
-50.4038,-33.123,353.6265,-61.7238,-28.0287,346.5782,-101.1158,-85.0753,367.953,-82.5263,-88.5847,379.1832,-67.2318,-88.9703,386.5946,-51.4136,-87.4349,392.8462,-101.843,-47.8616,384.9727,-129.1262,-61.349,411.0831,-153.8528,-67.3347,422.7779,-135.8683,-103.5471,404.9267,-145.2794,-92.5992,424.0989,-150.8088,-80.2034,438.788,-120.9238,-99.3299,418.5045,-135.103,-87.9495,438.4654,-134.5657,-67.0368,445.275,-99.372,-90.6813,422.3728,-116.8897,-91.6138,441.8734,-119.1647,-69.802,443.6249,-74.246,-106.7234,425.0262,-88.3105,-118.6049,444.8488,-102.4507,-114.4926,455.1999
-45.1043,-36.6157,352.4521,-56.4897,-31.3705,345.6234,-96.6952,-86.9164,369.3109,-77.8836,-90.6833,380.0783,-62.3953,-91.3195,387.0573,-46.3681,-90.073,392.8219,-94.2041,-50.2931,386.3434,-119.6846,-63.0775,413.8545,-142.536,-69.9203,428.517,-131.0413,-101.3895,408.3861,-138.6406,-88.067,426.8459,-142.8558,-74.3919,440.8181,-114.0097,-100.7367,421.6696,-125.0891,-85.5311,441.0355,-123.2767,-64.284,446.4459,-92.395,-95.8203,424.2562,-108.6299,-91.645,444.1307,-110.153,-69.7219,445.1597,-67.6554,-109.2784,426.0701,-80.76,-121.1014,446.538,-94.5571,-116.9581,457.3302
-41.0021,-38.7797,352.9564,-52.3185,-33.7194,345.878,-92.7291,-88.6966,370.5238,-74.03,-92.1724,381.5811,-58.6162,-92.6169,388.7377,-42.6522,-91.2093,394.6387,-89.9924,-52.1309,387.208,-115.5673,-64.6295,415.2648,-138.204,-71.0432,430.4452,-127.8846,-99.7866,409.9839,-135.6482,-86.1224,428.1228,-139.6265,-71.9191,441.6298,-110.3986,-98.6912,423.6623,-120.458,-81.059,441.4644,-117.7185,-59.5136,444.9707,-88.9982,-95.2421,425.8057,-104.9765,-87.5574,444.8225,-105.4992,-65.5699,444.2992,-64.091,-109.578,428.0405,-77.2053,-120.8142,448.4727,-90.9713,-116.3252,459.1661
-39.8951,-39.1972,354.449,-51.142,-34.2523,347.1808,-91.9269,-88.5431,372.7155,-73.3205,-91.8433,383.981,-57.9602,-92.1859,391.2573,-42.034,-90.706,397.2423,-88.2056,-52.5173,389.3782,-113.4566,-64.9611,418.1269,-136.7298,-69.6224,432.9805,-126.6744,-100.2709,412.3523,-134.089,-85.2695,429.5564,-137.7902,-70.0583,442.0031,-109.5124,-99.0444,426.1033,-118.4449,-79.148,442.02,-115.2639,-57.4429,443.6852,-87.966,-98.2608,428.2269,-103.0779,-86.1721,445.5904,-103.0361,-64.2515,443.7226,-64.4343,-107.5035,430.9272,-78.1719,-117.805,451.5853,-92.1412,-112.6639,461.7061
-40.0247,-38.9576,355.1536,-51.2673,-34.0301,347.867,-92.4136,-87.4804,374.5687,-73.7723,-90.7658,385.7806,-58.3727,-91.1314,392.9722,-42.3976,-89.7025,398.8381,-87.2905,-51.5242,391.3859,-111.8717,-63.4617,421.0819,-135.197,-67.0145,436.1586,-125.7289,-97.7192,415.815,-132.852,-82.6007,433.0398,-135.8249,-66.7469,444.8643,-109.1096,-95.7494,428.9367,-118.1789,-75.8577,444.7818,-114.4701,-54.1738,445.0191,-88.1141,-96.2825,430.294,-102.8281,-83.4026,447.4289,-102.1711,-61.5782,444.7336,-64.9505,-104.7105,433.382,-78.8325,-113.9484,454.6448,-92.6175,-108.0736,464.6178
-40.7767,-38.4886,356.9716,-52.1142,-33.2985,350.0221,-93.6027,-85.989,377.6872,-74.7263,-89.7073,388.3575,-59.1416,-90.4227,395.1106,-42.9814,-89.3504,400.5286,-87.5403,-50.9548,394.0653,-111.7495,-63.0206,424.1632,-135.1228,-65.7673,439.3337,-126.6488,-95.5069,419.3208,-133.786,-80.7838,436.8791,-135.912,-64.443,448.2131,-109.4982,-95.0315,431.9301,-117.4349,-74.0808,446.9992,-113.1441,-52.5101,446.4565,-88.9429,-94.4694,432.5206,-103.5765,-81.8414,449.91,-102.2735,-60.0973,446.8278,-65.2761,-103.2594,435.5964,-78.9586,-111.7956,457.118,-92.4784,-105.5697,467.24
-42.576,-37.4162,358.5467,-53.8725,-32.0567,351.6592,-96.0886,-83.8409,379.9281,-77.1984,-87.8468,390.4693,-61.576,-88.8106,397.1034,-45.3565,-88.0045,402.3885,-88.6671,-49.3709,396.3042,-112.4335,-61.1972,426.7989,-135.829,-63.3469,442.0314,-128.5216,-94.0426,421.8808,-134.3728,-78.1373,438.8744,-135.7182,-61.3946,449.7313,-111.8284,-93.385,434.1281,-119.3032,-72.3828,449.3607,-114.3071,-50.9767,448.4545,-90.628,-93.7763,434.9891,-104.3075,-79.8135,452.1329,-102.3977,-58.1618,448.7332,-67.6099,-102.0572,437.4042,-81.2585,-110.6762,458.8802,-94.5702,-104.1593,469.0943
-44.1561,-35.9329,360.0554,-55.421,-30.4423,353.2197,-98.1802,-81.4947,381.9987,-79.2786,-85.7246,392.4312,-63.6272,-86.8829,398.9651,-47.3626,-86.2858,404.1382,-89.9707,-47.3529,398.2338,-113.5786,-58.9079,428.9919,-136.9718,-60.5474,444.2912,-130.9651,-92.4652,423.4812,-136.5703,-76.5453,440.5441,-137.5119,-59.7312,451.3329,-113.8794,-91.8095,436.0404,-120.717,-70.4818,451.1193,-115.2418,-49.2011,450.0452,-92.5513,-91.6143,436.9784,-105.8961,-77.3212,454.1138,-103.5308,-55.7514,450.4873,-69.7704,-99.6897,439.394,-83.5488,-107.9318,461.0727,-96.6783,-101.116,471.3277
-45.9948,-34.6857,361.2162,-57.2386,-28.8602,354.6274,-100.7081,-79.2024,383.5929,-81.7416,-83.9848,393.6626,-66.0159,-85.579,399.9206,-49.6585,-85.4181,404.8259,-92.0293,-45.7008,399.6419,-115.8572,-57.2347,430.4719,-139.2873,-58.4011,445.7582,-133.3326,-90.133,425.2122,-138.7215,-74.3391,442.4608,-139.2234,-57.447,453.1569,-115.8819,-88.5749,437.8143,-122.3405,-67.2452,453.0567,-116.3239,-46.1358,451.5766,-94.9683,-90.1823,437.9281,-108.2063,-76.0861,455.3078,-105.3337,-54.6026,451.5386,-71.6624,-98.1803,440.589,-85.2001,-106.0321,462.592,-98.1336,-99.0096,472.9557
-47.7842,-34.4556,361.8254,-58.9634,-28.4245,355.3121,-103.1219,-78.0916,384.4004,-84.1845,-83.219,394.3545,-68.4542,-85.0945,400.5223,-52.0698,-85.2227,405.3378,-93.5151,-44.6761,400.7151,-117.1759,-55.805,431.8067,-140.6492,-56.3115,447.0628,-135.6339,-87.6417,426.4451,-140.7507,-71.9468,443.8661,-140.7117,-54.9855,454.4638,-118.1726,-86.8498,438.7125,-124.1807,-65.4739,454.0738,-117.6084,-44.5449,452.4049,-97.4686,-88.255,438.6297,-110.503,-74.3005,456.2755,-107.0356,-52.9166,452.4409,-74.3868,-98.16,440.7643,-88.0842,-106.1005,462.5079,-100.8588,-98.9964,473.0123
-50.1451,-34.657,362.1058,-61.2377,-28.4427,355.6166,-106.1277,-77.4519,384.701,-87.259,-82.8889,394.6212,-71.5513,-85.019,400.7638,-55.1642,-85.4105,405.5558,-95.907,-44.1879,400.9219,-119.5832,-54.9405,431.8615,-143.137,-55.0387,447.0011,-138.5342,-86.667,426.9018,-142.8929,-70.4549,444.0531,-142.4577,-53.4564,454.5823,-121.4299,-87.3112,438.7663,-126.8661,-65.8368,454.2031,-119.8465,-45.0424,452.6791,-100.4765,-87.7553,438.9718,-113.2762,-73.7918,456.7815,-109.4794,-52.4519,453.0138,-77.3946,-97.9627,441.3382,-91.107,-105.7053,463.4099,-103.7898,-98.5116,473.9643
-51.8457,-35.3313,362.2343,-62.8794,-28.9905,355.7672,-108.226,-77.6837,384.6738,-89.4093,-83.332,394.5748,-73.7226,-85.6305,400.7101,-57.3401,-86.1919,405.5011,-98.0286,-44.8391,401.0162,-122.1552,-55.7177,432.0754,-145.8248,-55.6297,447.0333,-141.1077,-87.0178,426.4789,-145.6041,-71.105,443.8733,-144.9734,-54.1525,454.4664,-124.0213,-86.996,438.4449,-129.42,-65.5686,453.96,-122.0849,-44.8779,452.5134,-102.4326,-88.5756,439.0646,-114.8091,-74.1956,456.842,-110.8077,-52.8787,453.1575,-79.6807,-98.7007,441.1699,-93.436,-106.4025,463.1316,-106.117,-99.2175,473.6941
-54.1102,-36.0232,362.7086,-65.0589,-29.7102,356.0721,-110.7389,-78.45,384.3687,-92.0599,-84.0523,394.5524,-76.4611,-86.3151,400.9208,-60.1498,-86.8411,405.9529,-100.163,-45.534,401.121,-124.1737,-56.3573,431.9338,-147.9048,-56.1937,446.7934,-143.3788,-86.8796,426.5537,-147.6696,-70.877,443.9177,-146.9489,-53.9516,454.5483,-126.6109,-87.8859,438.4561,-131.4731,-66.2082,453.8001,-123.9777,-45.5687,452.4476,-105.6401,-89.7284,438.8804,-117.9791,-75.0109,456.4059,-113.7996,-53.7035,452.8669,-82.8304,-100.1739,441.2068,-96.8373,-108.4078,462.9787,-109.5353,-101.2717,473.554
-55.3999,-36.3397,363.4628,-66.3369,-29.7425,357.0885,-112.3764,-78.3231,385.0747,-93.6544,-84.3903,394.9069,-78.0107,-87.0021,401.027,-61.646,-87.8631,405.834,-101.8913,-45.5505,401.7348,-126.1911,-56.3546,432.2484,-149.8753,-56.2573,447.1834,-145.9278,-87.6122,426.3545,-150.0736,-71.443,443.5989,-149.2744,-54.5637,454.2971,-128.8423,-88.5612,438.2707,-133.8091,-67.0141,453.7643,-126.0826,-46.4506,452.5619,-107.5759,-91.0285,438.6261,-120.0215,-76.3904,456.1427,-115.6801,-55.0894,452.7633,-84.7112,-100.4535,441.1135,-98.9567,-108.2296,462.9026,-111.6383,-101.1042,473.5047
-56.6258,-36.5793,364.4207,-67.5518,-29.9178,358.0948,-113.6699,-78.6335,385.714,-94.9584,-84.8031,395.5025,-79.3195,-87.4848,401.6044,-62.9565,-88.4072,406.4064,-103.0541,-45.7942,402.4766,-127.2185,-56.6004,432.6846,-150.8458,-56.503,447.7094,-147.5784,-87.7705,426.7351,-151.4733,-71.65,444.0833,-150.3414,-54.8403,454.8606,-130.7251,-88.9774,438.3897,-135.4984,-67.618,454.2008,-127.2758,-47.2331,453.282,-108.7997,-91.7199,439.2471,-120.9742,-76.967,456.8577,-116.4321,-55.6828,453.6403,-85.8854,-101.803,441.5834,-100.0905,-110.1021,463.3766,-112.7094,-103.1068,474.139
-56.3391,-36.2939,366.0096,-67.2817,-29.6352,359.7094,-113.1383,-79.1989,386.2336,-94.4398,-85.3482,396.0597,-78.8202,-87.9809,402.2319,-62.4838,-88.8276,407.1369,-103.1855,-46.377,403.3098,-127.5747,-57.7497,432.9272,-151.268,-57.9609,447.8463,-148.101,-88.0987,426.4132,-152.5171,-72.6926,444.278,-151.2152,-56.098,455.3651,-130.8817,-90.2913,438.2919,-135.2459,-69.2448,454.6319,-126.4717,-49.072,454.3612,-109.0905,-92.3489,439.2268,-121.9916,-78.691,457.1997,-117.3392,-57.3652,454.4495,-85.5401,-102.9414,441.8873,-99.7991,-111.67,463.3785,-112.4865,-104.8837,474.194
-56.0924,-35.1821,367.8731,-67.0462,-28.504,361.6129,-112.6312,-79.0509,386.7115,-93.958,-85.2155,396.576,-78.367,-87.8198,402.8319,-62.0661,-88.6055,407.8638,-103.0246,-46.1547,404.4714,-127.3503,-58.0886,433.4487,-151.094,-58.8507,448.2694,-148.4277,-88.216,426.0893,-152.7763,-73.2171,444.3135,-151.2857,-56.9822,455.8983,-131.3398,-90.3418,437.9562,-136.197,-70.3277,455.4159,-126.9388,-50.3816,456.0795,-108.8943,-93.0866,439.4972,-122.1971,-80.7039,458.0903,-117.4419,-59.3217,456.0431,-85.9833,-102.9738,442.0017,-100.8084,-111.8801,463.1623,-113.6045,-105.2106,473.9223
-55.7978,-33.9203,369.6432,-66.7538,-27.1225,363.5171,-112.246,-78.4469,387.1642,-93.5846,-84.7968,396.9332,-78.0057,-87.5063,403.1745,-61.7192,-88.3643,408.241,-102.5918,-45.6933,405.8139,-126.7188,-58.1957,434.2892,-150.4275,-59.4497,449.1325,-148.4354,-88.353,425.9997,-151.7811,-73.0051,444.145,-150.2016,-57.1588,456.2445,-131.4188,-91.6649,437.6443,-135.4249,-71.6885,455.3614,-125.9331,-51.8971,456.8477,-108.7517,-92.4347,439.7039,-122.4598,-81.4818,458.8903,-117.5646,-60.0708,457.6227,-85.3822,-102.9457,442.292,-99.9775,-111.9395,463.2948,-112.7885,-105.2457,474.022
-55.5997,-31.8435,371.4964,-66.4782,-25.0281,365.2531,-111.8898,-77.5365,386.3146,-93.4132,-83.901,396.4195,-77.9722,-86.5735,403.0098,-61.8175,-87.3553,408.4934,-102.3785,-44.8147,406.836,-126.5099,-58.1148,434.7872,-150.3746,-59.7325,449.3425,-148.1941,-88.1976,424.8417,-151.6232,-73.7248,443.6773,-149.9874,-58.4413,456.4733,-131.4522,-90.2292,437.0271,-135.8812,-71.4649,455.9291,-126.111,-51.9244,458.5203,-108.8242,-91.8506,439.4008,-122.5168,-81.6392,459.0029,-117.4723,-60.2275,458.7021,-85.5876,-102.9804,441.796,-100.1629,-112.5614,462.2164,-113.0577,-105.6897,472.7286
-54.5253,-29.7633,374.3864,-65.3729,-22.6229,368.4605,-110.7194,-76.5665,385.6857,-92.3187,-83.462,395.5784,-76.9356,-86.4673,402.1609,-60.8373,-87.5128,407.7652,-102.0564,-44.3007,408.2024,-126.6505,-58.8344,434.8468,-150.7091,-60.9838,449.0089,-148.8144,-87.5014,422.3626,-152.6369,-74.3352,442.0614,-151.1282,-60.1378,456.0669,-132.1832,-90.5697,434.2605,-137.5694,-73.5272,454.4976,-127.6208,-54.487,459.2408,-108.9296,-91.247,437.6227,-123.8408,-83.8131,457.5825,-118.7457,-62.4759,459.2449,-85.1485,-103.2938,440.3048,-99.9291,-112.8882,460.088,-112.899,-105.8254,470.3786
-54.8458,-26.378,376.9463,-65.5841,-18.8407,371.3202,-111.1667,-73.8944,383.7396,-92.9586,-81.4649,393.4943,-77.7076,-84.9218,400.1618,-61.7253,-86.354,406.0074,-101.8972,-43.1239,409.4725,-126.1046,-59.3119,434.906,-150.182,-62.337,448.8748,-149.5122,-86.3349,419.668,-152.8767,-74.541,440.2977,-151.4271,-61.7712,455.622,-133.2911,-90.8704,431.1882,-138.0627,-75.4627,452.8408,-128.1551,-57.2309,460.151,-109.7945,-92.2751,435.0955,-124.371,-85.8652,455.6488,-119.2856,-64.8388,459.6525,-86.186,-104.2953,436.8551,-100.8727,-115.0677,455.3766,-113.7982,-108.1112,465.7947
-54.612,-21.9226,379.8901,-65.2131,-13.8967,374.6966,-111.2305,-69.5342,381.7536,-93.2392,-77.9679,391.1973,-78.1303,-82.0354,397.8438,-62.2671,-84.0221,403.8495,-101.901,-40.4846,410.7241,-126.2988,-58.1658,434.6826,-150.4819,-61.6844,448.35,-149.6936,-84.0684,416.7586,-152.9221,-74.2361,438.4127,-151.554,-63.1766,455.0204,-133.599,-89.667,428.2137,-138.5651,-76.6685,451.3519,-128.7682,-59.435,460.8928,-110.5793,-92.2565,431.7052,-125.1724,-87.7082,452.7374,-119.9785,-67.3337,459.2106,-87.6912,-103.9673,433.0339,-103.1278,-116.0773,450.7536,-115.9186,-109.4112,461.522
-53.8023,-16.715,383.4958,-64.3655,-8.1626,379.1316,-110.7172,-63.9402,380.9511,-92.7557,-73.3523,389.4833,-77.656,-78.1318,395.6602,-61.7905,-80.7832,401.397,-101.1702,-37.8744,412.6142,-125.6805,-57.6612,434.9121,-150.2128,-61.2625,447.9197,-149.8775,-80.4136,414.2842,-152.187,-71.7292,436.5383,-151.3404,-62.5762,454.3008,-133.657,-87.6634,424.9555,-137.5916,-76.0884,449.0291,-128.0867,-60.1706,460.8731,-110.2101,-89.4253,429.0772,-124.9081,-86.5997,450.3371,-119.836,-67.0261,459.0059,-87.9706,-102.8644,428.308,-103.8753,-116.2789,444.6567,-116.5541,-110.0371,455.8051
-52.1064,-11.7098,385.7392,-62.5011,-2.887,381.5106,-108.8653,-58.5839,378.1734,-91.2345,-68.5332,386.7855,-76.3765,-73.7094,393.2235,-60.7376,-76.736,399.3811,-100.3656,-34.5567,412.0414,-125.6302,-55.6878,432.4126,-150.9685,-58.569,443.974,-149.7346,-75.996,408.8739,-152.8454,-68.6381,431.5054,-152.7053,-60.6826,449.8545,-133.8139,-83.8433,419.7793,-139.0023,-74.2629,444.4835,-130.2566,-59.6569,458.4183,-109.694,-86.5251,425.3124,-124.7948,-84.5445,446.3848,-120.5747,-65.6356,456.8079,-87.7313,-100.3617,424.0706,-104.1244,-114.7095,439.0644,-116.8903,-108.6093,450.1918
-51.186,-6.9509,384.5423,-61.4119,2.1066,380.3991,-108.1141,-53.0368,373.9935,-90.7643,-63.4393,382.6406,-76.0995,-68.9702,389.2248,-60.6308,-72.3495,395.6245,-99.8625,-30.1192,409.1535,-125.3981,-51.5209,428.2496,-151.0663,-54.4107,439.0566,-149.3652,-71.0545,403.8216,-152.7498,-64.3184,426.6069,-152.797,-56.8579,445.1633,-133.8887,-78.6813,414.9512,-140.1345,-70.5607,439.9322,-131.842,-56.8157,454.9758,-109.8876,-81.1701,421.0607,-126.1034,-81.3652,441.3834,-122.1236,-62.958,452.756,-88.1234,-95.7445,419.4458,-104.6214,-109.7836,433.7407,-117.5268,-103.7826,444.7606
-50.4038,-1.6299,381.306,-60.3433,7.5875,376.8318,-107.5089,-46.8792,368.3632,-90.6392,-57.5618,377.5986,-76.3088,-63.3261,384.6989,-61.1394,-66.9491,391.6572,-99.9538,-24.6921,404.3929,-126.392,-46.2372,422.7887,-152.3413,-48.9818,432.9425,-149.5848,-64.7645,397.0988,-153.5057,-58.3751,419.898,-153.8211,-51.1324,438.5378,-134.2013,-73.706,408.8669,-140.4769,-66.0012,433.9717,-132.3614,-52.6259,449.4392,-110.8224,-75.0044,415.9468,-127.7893,-75.9601,435.6246,-123.8779,-57.7424,447.3215,-89.5198,-91.0688,413.7923,-106.6031,-105.5875,427.1164,-119.6948,-99.7333,437.9947
-48.7947,3.9358,377.2473,-58.5781,13.3737,372.8904,-106.495,-40.2414,363.2815,-89.825,-51.3276,372.4033,-75.6127,-57.4228,379.4643,-60.5295,-61.3871,386.4238,-99.2861,-18.419,399.0834,-126.3731,-39.5738,416.5122,-152.5869,-41.614,426.1388,-149.7752,-57.3402,390.6759,-154.3465,-51.1566,413.4106,-154.9684,-44.0387,432.0908,-134.7095,-66.596,402.2069,-141.577,-59.0069,427.1918,-133.5709,-46.0041,443.0294,-111.1912,-69.9421,409.1533,-128.297,-70.1319,428.7328,-124.441,-52.0829,440.7064,-89.6694,-85.4067,407.8649,-107.2805,-99.9232,420.8231,-120.5467,-94.273,431.5972
-46.6849,11.1059,372.9624,-56.2819,20.6693,368.4669,-104.521,-32.3979,357.5221,-88.154,-43.7093,366.9123,-74.1519,-49.9922,374.2244,-59.2558,-54.1524,381.4668,-97.9943,-11.1605,393.7434,-125.9444,-32.4887,410.6804,-152.4269,-33.6412,419.7,-148.2029,-49.7273,384.1225,-152.7216,-43.3591,406.8167,-153.5951,-36.2773,425.5006,-134.0676,-58.6543,395.2776,-141.2899,-51.3826,420.2568,-133.436,-38.8958,436.5784,-110.1717,-63.8219,402.7779,-127.2265,-63.6911,422.4024,-123.5732,-45.7598,434.6139,-88.5873,-78.7471,401.9013,-106.2896,-93.5907,414.234,-119.7726,-88.2011,424.8716
-43.0763,18.6316,368.7957,-52.5591,28.344,364.3778,-101.2382,-24.1143,352.4871,-85.0281,-35.7031,361.8108,-71.1243,-42.2142,369.1109,-56.3062,-46.6106,376.3739,-95.0263,-3.3779,388.4805,-123.4756,-24.6289,404.6272,-150.1589,-24.8756,413.1091,-145.8457,-41.359,377.5629,-151.0218,-35.0595,400.1356,-152.1159,-27.8762,418.769,-131.6292,-50.2649,389.2388,-139.4091,-43.2236,414.1163,-131.7385,-30.9785,430.706,-107.937,-55.9389,396.6871,-125.3533,-55.5036,415.9869,-121.8124,-37.6126,428.2904,-86.2241,-71.5434,395.8077,-104.3766,-86.6712,407.599,-118.1244,-81.4755,417.9915
-38.6507,25.4843,363.8367,-47.9771,35.2548,359.2185,-96.9785,-16.8243,346.9887,-81.0131,-28.5004,356.6208,-67.2769,-35.0915,364.1622,-52.6059,-39.5769,371.6655,-90.9866,4.4033,383.099,-119.7004,-16.1937,399.0421,-146.4714,-15.8193,407.2381,-142.001,-32.8991,372.0999,-147.8171,-26.5411,394.4996,-148.9386,-19.0642,413.0155,-128.2539,-42.548,383.2098,-136.3219,-35.2705,407.9271,-128.748,-23.0038,424.5453,-104.6426,-47.7388,391.509,-123.0202,-48.4194,409.8884,-119.5862,-30.5449,422.2459,-83.0673,-64.8139,390.2674,-101.6856,-80.239,401.6371,-115.6882,-75.2615,411.7934
-34.064,33.0843,358.4796,-43.2496,42.8796,353.6373,-92.8357,-8.8169,342.1647,-77.0567,-20.5044,352.0856,-63.435,-27.1202,359.811,-48.8526,-31.6428,367.463,-87.0223,11.8994,377.5566,-116.6439,-9.0653,393.7431,-143.4335,-8.2684,401.8476,-137.8267,-24.9435,367.2992,-143.5922,-18.2853,389.6247,-144.5194,-10.4595,408.0067,-124.5874,-34.758,378.0407,-133.5062,-27.7143,402.5324,-125.9893,-15.2548,419.0325,-100.7096,-39.5707,387.3716,-119.4856,-41.2504,405.278,-116.1376,-23.3009,417.5502,-79.3056,-57.0086,386.021,-97.9543,-72.5419,397.3855,-112.0491,-67.6573,407.459
-28.8269,40.054,353.7696,-38.0529,49.9244,349.1621,-88.1963,-1.4205,338.5662,-72.2814,-13.2432,348.1023,-58.5387,-19.9726,355.5086,-43.8239,-24.6146,362.8286,-82.1246,19.7195,373.1622,-111.8592,-0.6594,389.3547,-138.654,0.5061,397.3972,-133.5027,-17.2717,363.3062,-139.1473,-10.176,385.5276,-139.948,-2.0175,403.7704,-119.9348,-27.4237,373.8718,-127.9799,-19.429,398.3741,-120.1486,-6.6236,414.458,-95.97,-31.2526,383.3592,-114.9882,-32.8202,401.0185,-111.4951,-14.6184,412.8715,-74.7229,-49.9107,381.644,-93.9134,-65.6215,393.3297,-108.0338,-60.6368,403.3181
-24.404,46.1397,349.4441,-33.5342,55.9878,344.604,-83.8096,4.7338,334.1954,-68.0515,-7.029,344.0605,-54.419,-13.7184,351.7029,-39.8036,-18.3265,359.2402,-77.7379,25.5596,368.7992,-107.7394,4.9078,385.2208,-134.5667,6.1806,393.1376,-129.0141,-11.5139,358.8644,-134.8034,-4.2786,381.0034,-135.6181,4.1125,399.1397,-115.8187,-21.2985,369.5689,-124.2438,-13.1334,393.8866,-116.388,-0.0046,409.6955,-91.8515,-24.8008,379.6312,-111.1229,-26.912,396.9561,-107.5856,-8.5354,408.5229,-70.8022,-43.4448,378.0999,-90.0457,-59.0379,389.8078,-104.2145,-53.9282,399.6635
-21.2648,49.5836,346.4906,-30.4016,59.4161,341.6311,-80.7782,8.1671,331.6973,-64.9967,-3.5604,341.567,-51.3431,-10.2243,349.194,-36.7045,-14.8087,356.7008,-74.9212,29.2687,365.5992,-105.1373,8.8072,381.8667,-132.0432,9.9398,389.5341,-126.317,-8.3571,355.5545,-132.5072,-0.9427,377.5251,-133.4694,7.731,395.5207,-112.754,-17.8184,367.1001,-122.0082,-9.7113,391.1342,-114.301,3.7978,406.6939,-88.9719,-21.6899,376.7006,-108.1544,-23.1552,394.1902,-104.7136,-4.615,405.5226,-67.7235,-39.5706,375.7531,-86.9066,-54.8841,387.5356,-101.1238,-49.7656,397.3169
-19.5768,51.1221,344.8605,-28.7937,60.8567,339.9555,-78.9672,9.2522,330.8713,-63.0652,-2.2912,340.7645,-49.3309,-8.8057,348.3756,-34.623,-13.237,355.8386,-73.3218,30.6058,363.9871,-103.5951,10.0391,380.3255,-130.5587,10.8131,387.8331,-124.1971,-8.0744,354.7468,-130.6808,-0.3654,376.5306,-131.7836,8.7518,394.2975,-110.6658,-17.7179,365.9081,-119.922,-9.0416,389.7418,-112.403,5.1246,404.8011,-86.8534,-19.3541,376.3897,-106.3864,-21.5573,393.4075,-103.2009,-2.7191,404.3149,-65.6339,-38.319,375.1518,-85.0117,-53.9921,387.2201,-99.2834,-48.8901,396.9302
-19.4178,50.7539,344.4848,-28.6539,60.2594,339.1827,-78.058,7.8616,330.4284,-62.2092,-3.2545,340.8806,-48.5432,-9.4232,348.8924,-33.9251,-13.5014,356.7239,-73.121,29.5902,363.3631,-103.489,8.6451,379.8768,-130.5156,8.8421,387.1929,-122.729,-10.6675,354.4529,-129.7421,-3.1729,376.1473,-131.2871,5.9855,393.8599,-109.1139,-19.8858,366.5585,-119.5867,-11.6681,390.0487,-112.4374,3.245,404.5569,-85.9776,-21.5974,376.3597,-105.1712,-22.9984,393.8423,-102.3095,-3.9474,404.4664,-64.2827,-38.8901,376.0745,-83.0746,-54.6062,388.0529,-97.3999,-49.5553,397.7107
-19.6823,47.6639,345.782,-29.1421,56.9046,340.4066,-77.2692,3.2704,332.0357,-61.162,-7.3828,342.5745,-47.3549,-13.161,350.6353,-32.6461,-16.8278,358.5004,-73.1542,25.7293,364.4828,-103.1426,4.4874,380.8875,-130.2174,3.9004,388.0016,-122.0954,-16.1245,355.0672,-129.6485,-8.7799,376.6312,-132.0893,0.074,394.3978,-107.4741,-25.6405,368.223,-118.1365,-16.7331,391.374,-111.6996,-0.9294,405.2596,-84.6016,-25.9232,378.0908,-103.5925,-26.6312,395.8347,-101.1522,-7.2728,405.9982,-62.656,-42.2715,378.3241,-81.2353,-58.0238,390.597,-95.6674,-53.0252,400.1222
-20.847,43.6893,347.2215,-30.4715,52.5006,341.4334,-76.9605,-2.6838,333.9242,-60.7352,-12.5697,345.0151,-46.9038,-17.7212,353.4505,-32.2264,-20.7434,361.6417,-73.957,20.1407,365.7797,-103.7904,-2.06,382.4826,-130.8923,-3.3844,389.3916,-121.5185,-22.5855,357.0437,-129.3469,-15.16,378.4814,-132.6008,-6.522,396.224,-106.3204,-32.0704,371.0478,-117.0617,-22.0277,393.6922,-111.1562,-5.1493,406.5079,-83.8563,-31.5267,380.7987,-102.4808,-30.9685,398.932,-100.1755,-11.1481,408.197,-62.2051,-45.8559,381.9779,-80.7803,-61.4158,394.5784,-95.3112,-56.1971,403.8314
-23.0042,38.1643,348.4848,-32.7528,46.4874,342.2029,-77.3402,-10.3305,335.3752,-61.0893,-19.3572,347.1407,-47.3121,-23.8108,356.0488,-32.7487,-26.1183,364.665,-75.1122,13.3175,367.446,-104.1773,-9.442,384.7666,-131.2056,-11.5875,391.7571,-121.4946,-30.7389,358.8247,-129.7741,-23.3773,380.1146,-133.7951,-14.9394,397.796,-105.6789,-40.0912,373.9338,-116.6814,-29.5777,396.2366,-111.3378,-11.9349,408.244,-84.0192,-38.6697,383.1745,-102.5233,-37.2403,401.3831,-100.541,-17.0089,409.7952,-61.941,-51.3055,385.6675,-79.9138,-66.8126,398.5981,-94.4771,-61.3601,407.6637
-25.7618,31.0683,349.6125,-35.703,39.0587,343.2017,-78.9124,-18.9087,337.23,-62.4575,-27.3629,349.1364,-48.5833,-31.3488,358.1152,-33.9743,-33.1749,366.7695,-77.3148,5.1741,368.9235,-105.91,-18.1111,386.5992,-132.8779,-20.7229,393.6643,-122.7627,-39.7882,360.8349,-131.5629,-32.5649,381.9626,-136.1605,-24.2293,399.5518,-106.504,-49.3141,375.8582,-117.2545,-37.8443,397.8097,-112.1791,-19.6522,409.092,-84.9116,-47.6525,384.9189,-102.9252,-44.3764,403.379,-101.1257,-23.8295,411.0331,-62.6065,-58.0305,388.4347,-80.0769,-73.1966,401.6542,-94.6682,-67.5896,410.5793
-28.3767,22.0566,350.6321,-38.4409,29.7273,344.0257,-80.6018,-29.1145,339.228,-64.0312,-37.0132,351.3533,-50.1121,-40.555,360.4481,-35.4959,-41.9321,369.173,-79.4391,-4.6513,370.7415,-107.767,-28.4054,389.201,-134.5675,-31.3218,396.7661,-124.0847,-49.5834,363.8505,-133.08,-42.363,384.8968,-138.0373,-34.1208,402.4322,-107.2705,-58.9179,379.3987,-118.6337,-47.758,401.2009,-113.5465,-29.0741,411.6427,-86.0494,-57.5295,387.3625,-103.8802,-53.6292,405.8787,-102.0239,-32.8393,412.8309,-63.9182,-66.5009,391.3922,-81.2466,-81.4799,404.9387,-95.8449,-75.8588,413.8434
-31.1446,13.0925,351.6866,-41.39,20.5497,345.1142,-83.0566,-38.7591,342.066,-66.2125,-46.2847,354.0511,-52.1116,-49.5332,362.9736,-37.3405,-50.6176,371.4762,-81.2671,-13.9384,373.5463,-108.8688,-37.8099,393.2261,-135.3626,-40.9096,401.7392,-125.2638,-59.8428,368.3343,-133.4057,-51.9601,389.4903,-138.6493,-43.9582,407.0537,-108.4735,-68.6296,383.2182,-118.8763,-56.3768,404.9126,-113.7087,-37.3481,414.6699,-86.7904,-68.1009,390.4804,-103.6345,-62.6481,409.521,-101.4687,-41.6167,415.6028,-65.1135,-75.8468,393.9851,-82.1158,-91.2919,407.7648,-96.7269,-85.8934,416.7855
-32.9675,3.4363,353.145,-43.2937,10.6646,346.4448,-84.6641,-48.9168,345.232,-67.7047,-56.0369,357.3019,-53.5304,-58.9764,366.2153,-38.7001,-59.7601,374.6476,-82.6379,-23.2527,376.5003,-109.9269,-46.7776,397.3466,-136.1158,-49.7746,406.789,-126.439,-69.0197,372.922,-134.7021,-61.1716,394.0438,-140.2315,-53.3372,411.595,-109.1778,-77.5453,388.1786,-119.1024,-64.9519,409.902,-113.7543,-45.7438,419.1998,-87.67,-78.0705,394.0343,-104.2223,-72.2312,413.2157,-101.7583,-51.0615,418.6722,-65.5115,-85.2503,397.8034,-81.8552,-100.7886,411.9188,-96.4548,-95.642,421.1037
-34.8047,-4.7707,354.9681,-45.0995,2.2531,348.0072,-86.1951,-57.5301,347.7945,-69.3179,-64.2908,360.1822,-55.2147,-66.958,369.2917,-40.4604,-67.4781,377.8763,-84.2128,-30.7422,379.3043,-111.3269,-53.6153,401.0001,-137.2389,-56.2515,411.2773,-127.5491,-76.9549,376.5787,-136.042,-69.1284,397.6171,-141.8598,-61.3635,415.1059,-110.4752,-85.589,391.622,-119.8542,-72.3282,413.1902,-114.4723,-53.006,422.2284,-89.0889,-85.9713,397.4881,-105.4494,-79.7734,416.7214,-102.8221,-58.5188,421.7553,-66.8391,-93.3328,401.2475,-82.9596,-109.133,415.5301,-97.6566,-104.2397,424.6982
-37.1066,-11.7218,357.141,-47.4416,-4.9485,349.9938,-88.0747,-65.0362,351.1551,-71.1703,-71.3642,363.7328,-57.0648,-73.7008,372.9293,-42.3238,-73.8987,381.5501,-86.6791,-36.8531,382.4904,-113.9421,-59.0211,405.0696,-139.5974,-61.24,416.0643,-129.5878,-84.528,379.6636,-138.4277,-76.2247,400.3738,-143.6508,-67.2066,417.444,-112.109,-92.0875,395.8352,-121.6624,-78.701,417.2487,-116.3372,-59.1944,425.9167,-90.8396,-92.6094,401.3146,-106.9879,-85.1759,420.2877,-103.9524,-63.7418,424.2074,-68.5488,-99.4383,405.2504,-84.5131,-114.9854,419.6778,-99.2638,-110.0558,428.7396
-39.449,-17.1145,358.706,-49.7781,-10.651,351.2693,-90.0647,-70.9102,354.2257,-73.2033,-76.7043,367.1146,-59.1429,-78.6413,376.4715,-44.4558,-78.4565,385.1842,-89.2381,-41.1241,384.9723,-116.6884,-62.3227,408.4177,-142.1625,-63.6307,419.9657,-131.1138,-92.4427,381.9262,-139.8042,-82.9229,402.171,-143.2005,-71.3379,418.1162,-114.0343,-95.9203,400.2744,-123.1697,-81.2628,421.0278,-117.5839,-61.3858,428.6239,-92.779,-97.2952,405.188,-108.6898,-88.3821,423.7191,-105.4042,-66.7979,426.4263,-70.9126,-103.2567,409.911,-87.1924,-118.5173,425.1263,-102.0969,-113.4358,433.8461
-41.1454,-21.7537,359.7262,-51.4626,-15.5378,352.0654,-91.6996,-75.7151,356.8206,-74.8639,-81.0836,369.9254,-60.8241,-82.711,379.3719,-46.1582,-82.2374,388.1093,-90.8884,-44.8517,386.8796,-118.3316,-65.2564,411.1129,-143.6448,-66.2356,423.0413,-132.0895,-99.8473,383.3214,-141.1625,-90.1197,403.2977,-143.5704,-77.0858,418.275,-115.6762,-100.1466,403.1964,-123.9803,-84.1885,423.3305,-118.2656,-64.1461,430.3764,-94.0883,-101.2498,408.5919,-109.6485,-91.2098,426.8423,-106.3153,-69.5488,428.7637,-72.6333,-106.4144,413.2704,-88.8695,-121.2412,428.7008,-103.8778,-116.1092,437.2103
-41.7174,-25.304,360.0447,-52.0656,-19.3311,352.2337,-92.0703,-79.5124,358.6188,-75.2014,-84.4702,371.8423,-61.1462,-85.795,381.3132,-46.4736,-85.036,390.0191,-91.7288,-47.5711,388.1585,-119.4795,-67.3293,413.2935,-144.667,-67.841,425.5134,-131.6153,-107.0941,382.9384,-142.0047,-98.8078,402.9233,-144.1077,-85.1903,417.4195,-115.6723,-101.5823,406.5595,-124.6388,-85.926,426.6465,-119.229,-65.7102,433.4328,-94.6705,-102.182,411.5057,-110.6096,-92.2805,429.5031,-107.4723,-70.5462,430.8364,-72.6045,-109.1281,415.7846,-88.6885,-123.9573,431.6438,-103.6782,-118.8864,440.2227
-41.575,-28.0243,360.7233,-52.1593,-22.1117,353.1877,-92.056,-82.1264,361.519,-74.7768,-86.9811,374.2415,-60.4244,-88.2369,383.2655,-45.4755,-87.4185,391.4823,-91.6984,-48.9714,389.8784,-119.2417,-67.6821,415.4374,-144.3943,-67.2631,427.7326,-129.9473,-113.7306,383.4604,-140.2995,-105.408,403.4496,-141.862,-91.0473,417.2818,-114.8874,-103.5037,409.6555,-123.7501,-86.9623,429.0677,-119.0069,-66.4709,435.5178,-93.6937,-103.9531,414.0901,-109.7083,-94.0676,432.0292,-107.0356,-72.2622,433.2036,-71.4086,-111.492,418.0133,-87.5627,-126.4877,434.5398,-102.5129,-121.6806,443.3365
-38.3319,-31.0022,360.89,-49.0775,-25.2112,353.4895,-89.2473,-84.5631,364.7445,-71.6499,-89.209,377.1036,-57.0533,-90.3383,385.7444,-41.8654,-89.424,393.4999,-89.5464,-49.605,390.3577,-117.5747,-66.5,415.8923,-143.3124,-65.617,426.8828,-126.2159,-117.3555,386.5155,-137.5857,-110.3244,406.4476,-139.5904,-95.9009,420.157,-111.3293,-104.8113,413.4093,-121.2874,-89.1839,433.0465,-116.8895,-68.5295,439.2155,-89.2085,-105.4326,418.0275,-104.9422,-96.1002,436.5033,-103.0129,-74.2312,437.9262,-66.0699,-113.6825,421.1741,-81.0502,-128.6964,438.3019,-95.6778,-124.4564,447.8965
-30.8194,-35.2849,360.0857,-41.9381,-29.4769,353.273,-82.5746,-87.3115,369.6062,-64.2335,-91.9815,380.8221,-49.0734,-93.1902,388.4188,-33.3402,-92.4044,395.0144,-83.5317,-50.7789,390.7738,-112.3307,-65.5282,416.739,-138.7629,-65.9932,425.9652,-117.2826,-119.2691,395.8753,-129.6475,-114.7268,415.9371,-133.4317,-101.236,430.2087,-102.0608,-107.103,419.2465,-113.0763,-93.9801,440.114,-109.3136,-73.3743,446.8401,-80.0271,-104.468,423.3284,-96.2186,-99.7056,443.1061,-95.612,-77.8447,445.5007,-55.8971,-116.8721,424.3531,-70.0172,-132.1882,442.7183,-84.0797,-128.8258,453.4393
-21.6043,-38.3165,360.1137,-33.0202,-32.3736,353.9387,-73.81,-88.8139,374.2762,-54.8638,-93.7095,384.3298,-39.2546,-95.1411,390.9103,-23.0946,-94.6144,396.4087,-74.1536,-51.8328,392.2273,-102.3991,-65.195,418.5195,-128.4773,-68.3504,428.2135,-107.9361,-117.3738,404.8661,-120.2186,-114.279,425.2514,-124.7755,-102.167,440.5005,-90.7216,-108.8412,424.5945,-101.6851,-97.0988,446.2951,-98.3592,-76.5873,453.5214,-69.0861,-99.5667,428.4371,-85.3599,-101.981,448.9089,-85.7003,-80.2031,452.0082,-44.1552,-119.474,427.2088,-57.5503,-135.2855,446.7985,-71.0134,-132.6462,458.4509
-13.2094,-40.2572,360.7644,-24.7833,-34.1799,355.03,-65.6689,-89.4713,378.1419,-46.3731,-94.5945,387.3845,-30.5047,-96.2402,393.257,-14.0987,-95.9558,397.9917,-63.4292,-52.5257,394.8501,-89.435,-64.871,421.646,-113.8136,-70.2056,434.3435,-100.0295,-113.6933,412.0335,-111.0445,-108.6842,432.7597,-114.7332,-96.263,447.9948,-81.2903,-109.0251,428.719,-91.6908,-97.0968,450.5947,-88.0704,-76.5393,457.5435,-59.4539,-101.4408,431.6228,-75.3994,-104.3053,452.7552,-75.8297,-82.5537,456.0231,-33.3604,-120.8653,429.5421,-45.5054,-136.5713,449.4355,-58.4676,-134.3412,461.724
-5.1628,-42.4111,361.1562,-16.9402,-36.2854,355.9082,-57.2307,-90.7361,381.8836,-37.5564,-95.9457,390.2372,-21.4345,-97.689,395.3407,-4.8111,-97.5261,399.251,-53.2664,-52.9072,397.8721,-77.4507,-63.9732,425.8098,-99.7621,-70.1516,441.5588,-89.8037,-110.9754,419.9016,-97.7577,-101.8216,440.6125,-100.0291,-88.4132,455.2773,-70.6871,-109.6879,433.2431,-79.6181,-96.3542,454.956,-75.6193,-75.6115,461.1002,-48.6032,-101.2954,435.0549,-63.5038,-103.2734,456.8361,-63.8115,-81.4432,459.5473,-23.0674,-121.7195,431.7306,-34.5192,-136.8955,452.1043,-47.0206,-134.7124,464.8694
0.3551,-43.7486,361.8022,-11.4707,-37.7728,356.4907,-51.5008,-91.5195,384.2722,-31.7526,-96.4917,392.5959,-15.5867,-98.0887,397.6073,1.0692,-97.8121,401.3701,-46.7027,-53.6897,399.4765,-70.0948,-64.2577,428.0167,-91.2959,-70.8245,445.0868,-83.2009,-109.6003,424.074,-90.4094,-99.3176,444.5265,-92.4392,-85.5539,458.8946,-64.0641,-107.1252,437.0807,-73.0369,-93.641,458.6831,-68.8146,-72.6847,463.8801,-42.4763,-99.9489,437.683,-57.2548,-100.9712,459.7085,-57.341,-79.0581,461.6592,-16.116,-121.6914,434.5172,-26.8567,-136.6157,455.234,-39.1143,-134.3187,468.2138
4.4908,-45.098,362.5717,-7.3133,-39.463,356.8548,-47.1062,-92.9292,385.5047,-27.4552,-97.3518,394.3521,-11.369,-98.555,399.7175,5.2047,-97.9165,403.7869,-41.5033,-54.7969,400.7462,-64.1521,-64.9548,429.8217,-84.6343,-71.6928,447.6844,-77.1701,-106.1524,428.3686,-82.7984,-93.4472,447.9365,-83.8962,-78.5292,461.2123,-59.3179,-106.9221,439.3985,-66.7723,-90.5817,459.5585,-61.943,-69.3886,462.9544,-37.25,-101.7796,440.0136,-50.9874,-97.6134,461.6914,-50.5763,-75.6216,462.1301,-11.4218,-120.0777,438.1971,-21.7606,-133.8581,459.5941,-33.9912,-130.7482,472.4293
6.6404,-45.5834,363.8099,-5.1556,-40.0624,357.9665,-44.9393,-93.1514,387.322,-25.3091,-97.3953,396.3023,-9.2385,-98.4821,401.7387,7.3204,-97.7467,405.8519,-38.4206,-56.0938,402.7993,-60.6356,-66.7998,432.7394,-80.9875,-72.9498,450.9597,-75.2353,-104.4089,430.582,-79.517,-89.3456,448.7689,-79.821,-73.4035,460.8419,-57.3109,-103.6703,441.8271,-63.6415,-84.6284,459.8917,-58.0552,-63.3756,460.9474,-35.1706,-103.6955,441.793,-48.0009,-93.309,461.8804,-46.6813,-71.406,460.2928,-10.3069,-117.8586,440.6719,-21.1593,-130.2406,462.1091,-33.5025,-126.2339,474.5827
6.6866,-44.9659,365.0089,-5.1248,-39.3772,359.2617,-44.9909,-92.1577,389.0583,-25.3096,-96.5157,397.8702,-9.1985,-97.699,403.165,7.4008,-97.0655,407.1293,-36.9932,-55.519,405.2839,-58.3558,-66.3395,436.1344,-79.1227,-71.2105,454.273,-75.374,-103.5676,432.2171,-79.1525,-87.8262,449.9352,-79.2922,-71.7067,461.7733,-56.8687,-103.0248,443.6704,-62.4339,-82.8529,460.7326,-56.6002,-61.6405,460.6998,-35.3399,-102.6614,443.115,-48.06,-91.2055,462.6844,-46.1808,-69.4492,460.0135,-10.0802,-115.4325,442.8824,-20.8129,-126.7093,464.8336,-33.1538,-122.1786,477.1289
6.4644,-44.0934,366.1802,-5.398,-38.3851,360.6601,-45.1929,-90.8804,391.0496,-25.3958,-95.436,399.4948,-9.2032,-96.7763,404.4951,7.47,-96.301,408.1605,-36.8999,-55.2175,407.1598,-58.1809,-66.5886,438.5725,-79.258,-70.7084,456.5385,-74.7023,-102.8212,434.6686,-78.4265,-87.2587,452.5554,-78.1674,-70.8555,463.9951,-56.9011,-102.792,445.2037,-62.195,-82.2767,461.9398,-56.2146,-61.1098,461.4941,-35.4243,-102.8327,444.2414,-48.0262,-90.8656,463.5801,-45.7717,-69.1994,460.4988,-10.1554,-114.9275,443.8433,-21.0214,-126.4107,465.8416,-33.3056,-121.7542,478.1468
4.8907,-44.2612,366.4531,-6.8972,-38.8366,360.504,-46.7824,-91.1961,391.0093,-27.1546,-95.2966,400.061,-11.0818,-96.307,405.5058,5.4824,-95.5249,409.5887,-37.7879,-55.8427,407.8064,-58.8091,-67.4155,439.9958,-80.2564,-70.7393,457.6867,-75.918,-102.2403,435.1131,-79.7616,-87.0782,453.3158,-79.2283,-70.5999,464.6374,-57.7763,-101.7228,446.5046,-62.9445,-81.4721,463.5985,-56.6871,-60.4008,462.6793,-36.4508,-102.8186,445.7303,-48.3589,-90.0378,464.9877,-45.9667,-68.4179,461.6933,-11.978,-114.2777,445.3299,-22.7564,-125.8539,467.393,-35.0,-121.05,479.6818
4.398,-43.8831,367.3388,-7.4313,-38.1444,361.7794,-47.5761,-89.9453,392.892,-27.7955,-94.5612,401.3432,-11.6018,-95.9741,406.32,5.0838,-95.5913,409.9391,-37.9623,-55.4523,409.1105,-58.7073,-67.2125,441.2708,-80.218,-70.0245,458.9734,-76.4838,-100.8874,437.1708,-79.7523,-85.4292,455.2363,-78.831,-68.9102,466.4735,-58.1969,-101.486,447.8599,-62.9052,-80.8198,464.5854,-56.5202,-59.801,463.3853,-37.0685,-101.8531,446.5802,-48.9698,-89.1842,465.9156,-46.3922,-67.5965,462.55,-12.447,-114.2341,445.9098,-23.3354,-125.8131,468.2512,-35.4976,-120.9331,480.5909
3.1858,-43.7642,368.1813,-8.6148,-38.1274,362.4589,-48.8465,-89.7408,393.7703,-29.1242,-94.1955,402.4413,-12.9696,-95.497,407.5731,3.6824,-95.0157,411.3326,-38.8278,-55.1063,410.2748,-59.41,-66.6728,442.8487,-80.9205,-69.062,460.6137,-78.0318,-100.3204,437.955,-80.8696,-84.7921,456.0331,-79.5602,-68.3489,467.3427,-59.5545,-101.2747,448.9158,-63.9962,-80.6174,465.725,-57.3354,-59.6851,464.5113,-38.4836,-102.294,447.6585,-50.1683,-89.2177,466.8543,-47.3706,-67.6501,463.5362,-13.879,-113.6186,447.0958,-24.7176,-125.1,469.1681,-36.7781,-120.122,481.5683
2.3278,-43.7989,368.1535,-9.468,-37.9733,362.6132,-49.9721,-89.3056,394.0354,-30.2058,-94.0699,402.4376,-14.0091,-95.6109,407.3661,2.6912,-95.3655,410.9291,-39.8172,-54.8395,410.3497,-60.4813,-66.3233,442.8523,-81.9805,-68.4804,460.6606,-79.3714,-99.5634,438.154,-82.2009,-84.2433,456.4103,-80.6498,-67.8241,467.7241,-61.0834,-100.3228,448.7352,-65.662,-79.83,465.7082,-58.7284,-58.9871,464.485,-39.4621,-102.3773,447.4954,-51.0478,-89.4781,466.8701,-48.0479,-67.9333,463.5801,-14.7481,-114.0232,446.8043,-25.5374,-125.5663,468.9992,-37.5388,-120.5465,481.4398
-0.0871,-44.3291,367.8841,-11.8225,-38.4148,362.3098,-52.8014,-89.4502,393.5995,-33.0964,-94.3631,402.0598,-16.9264,-96.0256,407.0365,-0.2355,-95.9052,410.6495,-42.0272,-55.1346,410.0578,-62.5498,-66.4948,442.5003,-84.0196,-68.5316,460.358,-81.9211,-98.9836,438.0648,-84.5936,-83.6391,456.3241,-82.8855,-67.2047,467.5933,-63.8577,-100.9206,448.3927,-68.0548,-80.3751,465.4006,-60.8921,-59.6083,464.2017,-42.0516,-103.1299,447.3136,-53.1729,-89.7323,466.6222,-49.9662,-68.2183,463.3259,-17.526,-114.3174,446.6527,-28.2005,-125.6844,468.8798,-40.1917,-120.6001,481.3039
-2.8027,-44.828,367.8089,-14.4749,-38.7991,362.2247,-55.9512,-89.6003,393.239,-36.3089,-94.703,401.7327,-20.1659,-96.5148,406.7447,-3.4839,-96.5436,410.4004,-45.047,-55.2292,409.8057,-65.8081,-66.3867,442.1172,-87.2952,-68.3857,459.9585,-85.5254,-98.2401,437.5867,-88.565,-83.1768,456.022,-86.7972,-66.7156,467.2426,-67.2199,-100.7171,448.0397,-70.9732,-79.7866,464.6778,-63.6159,-59.0895,463.4533,-45.5853,-102.9468,446.9502,-56.5983,-89.2719,466.1259,-53.118,-67.8022,462.8182,-21.0622,-114.7388,446.5431,-31.9693,-126.0287,468.9692,-43.9374,-120.8512,481.3772
-4.5212,-45.2936,367.7471,-16.1568,-39.2178,362.1373,-57.8635,-90.1003,392.7061,-38.2701,-95.2774,401.2675,-22.1541,-97.1408,406.3469,-5.4896,-97.2154,410.0813,-47.0743,-55.6734,409.3951,-68.0396,-66.832,441.4406,-89.5568,-68.9559,459.2311,-87.6408,-99.1835,436.8288,-90.4375,-83.8272,455.0596,-88.7216,-67.4002,466.3383,-69.4227,-101.1517,447.4304,-73.4625,-80.4803,464.3234,-66.0588,-59.7958,463.1677,-47.8147,-103.8288,446.3569,-58.8078,-89.9536,465.3998,-55.2387,-68.4868,462.1688,-22.8914,-115.3862,446.1276,-33.6262,-126.5954,468.3639,-45.6205,-121.4266,480.7502
-6.2671,-45.7107,367.9297,-17.8378,-39.7148,362.1039,-59.6867,-91.2151,391.4179,-40.2346,-96.2523,400.3758,-24.216,-97.9877,405.7973,-7.6378,-97.92,409.8977,-49.3794,-56.5457,409.0472,-70.8465,-68.0007,440.9967,-92.4714,-70.5093,458.6056,-89.4489,-100.1986,435.5712,-92.6299,-85.2453,454.072,-91.07,-68.9063,465.5003,-71.0619,-102.0876,446.7615,-74.777,-81.2925,463.5769,-67.3945,-60.5938,462.5465,-50.1981,-103.9957,445.7076,-61.4245,-90.4753,464.8692,-57.788,-69.0052,461.7371,-25.487,-116.2641,445.459,-36.4388,-127.5196,467.2784,-48.5388,-122.3703,479.5696
-8.5091,-45.2384,368.0316,-20.021,-39.234,362.0989,-62.0103,-91.406,389.9901,-42.6763,-96.4461,399.1984,-26.7384,-98.1566,404.8603,-10.231,-98.042,409.236,-51.4943,-56.6882,408.4836,-72.7883,-68.4972,439.8662,-94.6126,-71.0545,457.2202,-92.4848,-101.357,433.4444,-95.8326,-86.6817,452.1375,-94.3814,-70.5586,463.8822,-75.2271,-103.4185,444.2298,-79.6219,-83.3888,461.7939,-71.8639,-62.8054,461.4234,-53.1212,-105.8549,444.2136,-64.5875,-92.8251,463.5721,-60.8686,-71.3148,460.8375,-28.7127,-117.6067,444.1529,-40.167,-129.7323,465.7931,-52.463,-124.6663,477.9235
-9.7381,-43.723,368.7019,-21.2413,-37.654,362.8184,-62.9649,-91.2372,388.3312,-43.6967,-96.3634,397.6295,-27.8168,-98.0804,403.4501,-11.3723,-97.9229,408.0555,-53.5388,-57.2104,407.8836,-75.4268,-70.4637,438.4243,-97.7308,-73.2279,455.1244,-94.996,-103.0344,430.1742,-97.9882,-88.6671,449.1644,-96.5334,-73.2275,461.7939,-78.0211,-104.68,441.0883,-82.5206,-85.6682,459.7245,-74.1337,-65.3618,460.8682,-55.468,-107.4318,441.5547,-67.5342,-95.42,461.2047,-63.5814,-73.8406,459.5596,-30.5826,-117.4041,442.5604,-42.467,-129.456,463.9067,-54.9866,-124.5171,475.8593
-9.8549,-41.3332,369.3365,-21.319,-35.0454,363.6085,-62.9453,-90.2984,385.4556,-43.7801,-95.7682,394.7711,-27.9791,-97.6707,400.7467,-11.6117,-97.6301,405.6213,-53.5414,-56.6667,407.5123,-75.2916,-71.261,437.1475,-97.8571,-74.3651,453.4313,-96.1217,-101.9875,426.4274,-99.5764,-88.9651,446.289,-98.0949,-74.3651,459.8774,-79.0358,-105.2738,437.2291,-83.3315,-87.4947,457.0899,-74.3559,-67.5975,459.8358,-56.3211,-106.9781,438.3513,-68.8652,-96.9525,458.7996,-64.618,-75.3673,458.5949,-31.3832,-118.5854,439.0624,-43.6612,-131.5986,459.8292,-56.4271,-126.949,471.6365
-10.3906,-36.8633,370.983,-21.7562,-30.1698,365.5249,-63.7418,-86.7974,382.655,-44.7376,-92.9399,391.8805,-29.0405,-95.2819,397.9729,-12.7586,-95.6075,403.1157,-54.0723,-54.4988,407.4117,-75.7215,-70.7974,435.4726,-98.5398,-74.1808,451.3432,-98.1982,-100.3348,421.9679,-100.9555,-88.2575,442.5236,-99.3233,-74.9739,457.3857,-81.3257,-105.5025,432.3712,-85.3497,-89.6919,453.8847,-75.6847,-70.5684,458.8726,-58.3166,-105.8743,434.5066,-71.9274,-99.9344,455.8482,-67.1929,-78.5416,457.8316,-33.7649,-119.347,433.9003,-46.8318,-134.114,453.0498,-59.7955,-129.8437,464.7847
-10.7238,-32.1681,373.31,-22.0388,-24.763,368.7377,-64.8403,-82.0786,380.8159,-45.8227,-89.4469,389.0643,-30.085,-92.6625,394.6306,-13.7381,-93.7873,399.4441,-54.733,-52.5901,407.9948,-76.6101,-71.2106,434.2635,-99.6328,-74.9504,449.7545,-99.9821,-98.1923,418.5175,-102.1029,-87.5933,439.9456,-100.2039,-75.8003,455.9868,-82.9963,-104.109,428.2963,-86.3723,-90.122,451.1429,-76.1886,-71.9488,458.2159,-60.2256,-104.0774,430.2008,-74.0499,-99.7148,451.7845,-68.7959,-78.7694,455.9901,-35.4761,-118.2197,428.8264,-48.8885,-133.2946,446.9555,-61.7785,-129.4219,458.9075
-9.9859,-26.9427,375.5674,-21.1859,-18.9944,371.6744,-64.8459,-76.5091,378.6603,-45.9463,-84.8608,386.2139,-30.2624,-88.7903,391.465,-13.9378,-90.58,396.1509,-54.1123,-48.9705,408.7893,-76.0469,-68.9398,433.5143,-99.1834,-72.8465,448.793,-100.0063,-94.8417,415.3162,-101.8482,-86.0654,437.5779,-99.7824,-75.8008,454.6182,-83.6689,-101.0299,424.3133,-86.4867,-88.9013,448.2707,-75.9372,-71.8864,457.3922,-59.6833,-104.6925,425.8966,-71.9974,-100.6028,448.4274,-66.2853,-80.3163,454.7386,-36.2341,-117.1074,423.2462,-50.0036,-133.49,439.9793,-62.7799,-130.136,452.207
-8.3144,-21.1574,378.0788,-19.3227,-12.8365,374.4248,-63.6086,-70.2814,375.7584,-45.0275,-79.3477,383.278,-29.5526,-83.804,388.725,-13.4032,-86.091,393.7865,-52.582,-46.1966,408.9831,-74.9535,-68.636,432.2284,-98.4081,-73.0309,446.8766,-98.8067,-91.0378,411.0609,-100.3474,-84.0794,433.9783,-98.5192,-75.6793,452.0364,-82.6381,-98.2902,420.1917,-84.9856,-88.3281,445.1766,-74.4225,-72.4936,456.2078,-59.7801,-102.8687,420.7692,-71.7261,-99.3775,443.5969,-65.7886,-79.8633,451.8396,-35.7179,-114.2877,418.5815,-49.3386,-131.4986,433.7161,-62.082,-128.2564,446.0081
-6.7243,-16.4262,378.7689,-17.5858,-7.8221,375.3384,-62.3108,-64.8709,372.5032,-43.9717,-74.4979,379.9192,-28.6571,-79.3808,385.4528,-12.6435,-82.0824,390.7369,-51.7209,-42.3822,407.24,-74.5328,-65.4781,428.5593,-98.9025,-69.4239,441.7709,-99.5634,-85.6214,405.6342,-100.8398,-78.6035,428.5497,-99.5873,-70.9663,446.9917,-83.5073,-93.3343,414.8208,-86.8345,-84.7878,440.2154,-76.7313,-70.1226,453.1327,-59.703,-98.6278,416.5929,-72.4716,-96.5758,439.1484,-66.8216,-77.5572,448.6549,-36.2464,-111.1477,413.3762,-50.6953,-128.9405,427.2352,-63.7112,-125.7889,439.2624
-6.5144,-9.661,377.7077,-17.1872,-0.7766,374.4019,-62.4248,-57.0926,367.6943,-44.3957,-67.2749,375.1287,-29.2886,-72.5943,380.8279,-13.4529,-75.7315,386.3994,-52.3798,-35.2945,404.7325,-75.7792,-58.2453,424.8992,-100.5266,-62.0887,437.421,-100.197,-78.1681,400.022,-101.9068,-72.3014,423.2311,-100.9353,-65.5964,442.0486,-84.5235,-87.6299,408.4669,-88.5672,-80.9433,434.3113,-78.9676,-67.3738,448.7237,-61.131,-91.7259,411.226,-74.6239,-90.8106,433.4319,-69.2678,-72.3281,444.0954,-38.0472,-104.9132,407.9063,-53.1329,-122.8127,421.0983,-66.2265,-119.5921,433.0224
-5.7411,-2.5678,375.7847,-16.2815,6.5063,372.5702,-61.9718,-49.1585,363.8095,-44.1442,-59.7107,371.2141,-29.1676,-65.3275,376.9718,-13.4394,-68.7671,382.6681,-52.8375,-28.4879,400.6823,-77.1492,-51.7609,419.3783,-102.2735,-55.5443,431.145,-101.3139,-70.1363,394.2748,-104.1555,-64.9976,417.5453,-103.7091,-58.6614,436.5099,-85.5261,-79.7743,403.1669,-89.9232,-72.9672,428.9221,-80.6778,-59.6759,443.8172,-62.2932,-84.8432,405.7091,-76.402,-83.9601,427.5302,-71.1931,-65.7749,438.7625,-39.1477,-97.7147,402.6961,-54.7855,-115.3229,414.8787,-68.0529,-112.1155,426.6128
-5.2661,5.4465,372.3224,-15.582,14.7193,368.951,-62.2075,-40.0614,359.567,-44.6952,-50.949,367.2339,-29.9142,-56.8486,373.2101,-14.3389,-60.5859,379.1344,-53.325,-20.0334,396.4016,-78.5872,-43.2942,414.7749,-104.0288,-46.2735,426.0821,-101.8694,-61.2368,389.4759,-105.1221,-56.1579,412.7057,-104.9346,-49.7923,431.6647,-86.88,-70.3661,398.5296,-91.7281,-63.6251,424.2211,-82.5097,-50.4925,439.2729,-63.2266,-75.4015,402.3662,-78.1526,-76.0785,423.6442,-72.8581,-58.1051,435.1735,-40.8638,-89.4752,398.5518,-57.1068,-107.1662,410.4425,-70.4864,-103.9323,422.0412
-3.1058,13.5116,368.3049,-13.2841,22.9611,365.0064,-60.723,-31.0508,355.2491,-43.3713,-42.2529,362.8274,-28.6772,-48.415,368.7528,-13.1567,-52.4265,374.6415,-51.8209,-11.1896,391.975,-77.5806,-34.0175,410.002,-103.2414,-36.0612,421.0178,-101.4245,-51.9172,383.9542,-104.1984,-46.1192,407.0775,-104.2049,-39.6668,426.0081,-86.1987,-60.8651,393.737,-91.5055,-54.3271,419.3903,-82.225,-41.4173,434.5958,-62.5555,-66.4933,397.5527,-77.3915,-66.3335,418.9037,-72.134,-48.5116,430.6824,-39.9288,-81.0368,393.9512,-56.273,-98.5031,405.7395,-69.7142,-95.1985,417.2466
0.4732,22.4119,363.7118,-9.5733,31.9651,360.3093,-57.4824,-21.5534,350.1402,-40.3226,-32.9309,357.8922,-25.7512,-39.2421,363.9622,-10.3307,-43.4114,370.0017,-49.0568,-1.7531,386.8002,-75.5405,-24.3696,404.5691,-101.3576,-25.8063,415.3121,-98.536,-41.8493,378.7529,-101.4545,-35.947,401.832,-101.5824,-29.4409,420.7437,-83.6114,-51.2554,388.3273,-89.0445,-44.7164,413.9539,-79.6891,-31.91,429.201,-60.1481,-56.3862,392.7186,-75.6118,-56.6658,413.6182,-70.3653,-38.9024,425.4898,-37.5759,-72.0015,388.7258,-54.2243,-89.4718,400.1674,-67.7791,-86.2218,411.5562
3.8656,30.8587,358.4697,-6.0629,40.4969,354.9622,-54.522,-12.564,345.0028,-37.5162,-24.0731,352.8985,-23.0369,-30.5001,359.0665,-7.6847,-34.7949,365.1919,-46.0097,7.3491,381.6531,-72.8489,-14.9219,399.586,-98.7308,-15.7565,410.2364,-96.2051,-32.0465,373.2685,-99.2234,-25.889,396.268,-99.4176,-19.2173,415.1214,-81.1118,-41.7895,383.2556,-86.3824,-34.865,408.8148,-76.8587,-21.9974,423.9053,-57.659,-48.4532,387.0485,-72.4363,-47.2399,408.4064,-67.1063,-29.3862,420.1042,-35.2513,-63.1803,383.7571,-52.0963,-80.5256,395.1016,-65.7111,-77.2256,406.4042
6.6855,38.54,353.7593,-3.1718,48.288,350.3561,-52.3218,-4.2302,340.9201,-35.3623,-15.9277,348.6365,-20.8907,-22.5153,354.6512,-5.5231,-26.9807,360.6138,-43.7224,15.5242,376.7911,-71.0142,-6.5269,394.5827,-96.9281,-6.9071,405.181,-94.4473,-23.2608,368.8357,-97.2874,-16.7757,391.7677,-97.4162,-9.9306,410.5594,-79.209,-33.2322,378.8692,-84.2769,-25.9886,404.381,-74.5581,-13.0737,419.3058,-55.8365,-39.4265,382.8789,-71.0364,-38.2634,403.941,-65.5925,-20.2748,415.3767,-33.4882,-55.1846,379.4124,-50.7288,-72.5724,391.0019,-64.3564,-69.1107,402.2404
9.0001,45.1834,348.4397,-0.6994,55.0153,344.8306,-50.4581,3.0283,335.6461,-33.7185,-8.7907,343.6523,-19.3852,-15.4897,349.8715,-4.1275,-20.0793,356.0192,-41.6087,22.6724,371.6367,-69.2459,0.8225,389.7461,-95.2151,0.8589,400.2152,-92.5944,-15.8168,363.6709,-95.73,-9.2805,386.5499,-95.8846,-2.242,405.2698,-77.8566,-25.2409,373.9379,-83.5172,-17.9202,399.3026,-73.7138,-4.8467,414.0327,-54.556,-32.4542,377.7861,-69.5037,-30.5228,398.9718,-63.8497,-12.436,410.1476,-32.1973,-48.1628,374.73,-49.4717,-65.4457,386.2448,-63.1304,-61.8042,397.3884
12.6206,49.1028,344.5088,2.9201,58.9993,341.0835,-47.2326,7.305,332.4035,-30.439,-4.6332,340.1142,-16.0511,-11.4316,346.0951,-0.7293,-16.1249,352.0001,-38.4615,27.4448,367.5591,-66.2753,6.2362,385.3541,-92.265,6.4921,395.7689,-90.3533,-10.8212,359.3858,-92.552,-3.3336,382.0817,-92.6519,3.9489,400.7084,-75.2386,-20.6594,369.6464,-79.7594,-12.0921,394.8489,-69.8352,1.1149,409.3777,-51.7061,-27.6556,373.835,-66.7874,-25.1428,394.8646,-61.0561,-6.9622,405.8472,-28.8889,-43.6656,370.6481,-46.0116,-60.412,381.9872,-59.6379,-56.6649,393.1354
16.4416,52.5004,340.4129,6.7274,62.3508,336.8954,-43.3818,10.5185,328.8075,-26.5678,-1.3219,336.6239,-12.1666,-8.0432,342.6597,3.1663,-12.6594,348.5966,-34.7064,30.7144,364.0254,-62.7726,9.2848,382.4026,-88.7533,9.3901,392.8426,-85.8254,-8.2951,356.3863,-88.6032,-1.0208,379.088,-88.6854,6.4692,397.6324,-71.1675,-17.1182,366.5795,-76.4782,-8.8538,391.729,-66.6367,4.5223,406.1591,-47.4436,-24.1187,370.9636,-62.7253,-22.1417,391.9055,-57.0945,-3.8129,402.6921,-24.9712,-40.4959,367.787,-42.3471,-57.6859,379.6377,-55.9756,-53.9447,390.7852
18.3826,53.2114,338.4014,8.5994,62.9239,334.6963,-41.1576,10.6008,327.664,-24.2591,-0.9679,335.7019,-9.8093,-7.4702,341.8601,5.5577,-11.8634,347.8773,-32.5769,31.4674,362.4033,-60.4639,10.1631,381.1681,-86.4052,9.9332,391.7035,-83.1331,-8.5125,355.7486,-86.6812,-1.4069,378.3964,-86.8744,6.3746,396.8195,-68.1423,-17.3678,366.3826,-74.042,-9.3342,391.4755,-64.4312,4.465,405.6605,-44.5167,-22.938,371.1883,-60.3722,-22.3318,391.7853,-54.9863,-3.8083,402.3622,-22.4836,-39.9588,367.3191,-39.9348,-57.4436,379.4185,-53.5693,-53.738,390.5706
19.3377,52.3654,338.745,9.4072,61.8978,334.9647,-39.7443,8.8614,329.1163,-22.6442,-2.3716,337.2034,-8.0694,-8.5987,343.3517,7.3951,-12.708,349.3195,-31.7772,30.4215,362.942,-59.75,9.0424,381.9444,-85.6272,8.4018,392.6196,-81.4731,-10.8565,357.1504,-85.124,-3.445,379.6835,-85.5442,4.5643,398.0049,-66.1538,-19.1692,368.1994,-72.1397,-10.2675,392.977,-63.0517,4.299,406.733,-42.5745,-23.2197,373.3455,-58.8125,-22.985,393.6499,-53.8129,-4.1445,403.8499,-20.2434,-40.5569,369.5736,-37.4161,-57.8604,382.1581,-51.0758,-54.2113,393.298
19.8593,50.7975,340.4352,9.8281,60.163,336.5067,-38.5402,6.4089,330.6804,-21.3503,-4.5257,338.9835,-6.7395,-10.5045,345.2906,8.7333,-14.3547,351.4081,-31.0089,27.9973,364.5893,-58.8443,6.0725,383.731,-84.6738,4.8767,394.4738,-79.7871,-14.5712,358.5107,-83.8807,-7.3636,381.0339,-84.8469,0.4762,399.4078,-64.3769,-22.6662,369.8969,-70.9411,-14.0241,394.6198,-62.3971,0.9024,408.3384,-40.8589,-25.5797,375.4999,-57.3343,-26.1147,395.6064,-52.8442,-7.0441,405.614,-18.3339,-42.8632,371.6599,-35.1914,-60.6183,384.2727,-48.9056,-57.0692,395.3779
19.4333,46.3921,342.5506,9.1891,55.4733,338.5058,-37.676,0.4271,332.4639,-20.2711,-10.017,340.9484,-5.5596,-15.5825,347.398,9.9582,-18.9978,353.658,-31.2759,22.7135,366.2634,-58.813,0.42,385.1529,-84.6651,-1.581,395.72,-79.1703,-20.8006,359.7331,-83.3356,-13.3837,382.175,-84.9335,-5.7802,400.6042,-63.0986,-29.2511,371.4747,-70.2879,-20.4013,395.949,-62.3605,-4.9112,409.4104,-39.6164,-31.8574,377.0504,-55.9455,-31.4872,397.2797,-52.0114,-12.037,406.7778,-16.8874,-47.3848,374.1993,-33.559,-65.0137,386.9558,-47.372,-61.4398,397.9299
17.0951,42.0127,342.831,6.7155,50.6494,338.2002,-38.393,-5.9117,332.8144,-20.9434,-15.5509,342.1201,-6.266,-20.4638,349.1515,9.1617,-23.2116,355.9404,-32.7696,16.9952,366.5993,-59.7158,-5.9717,385.98,-85.561,-8.6255,396.4196,-79.3987,-27.5574,360.491,-84.2787,-20.2868,382.8366,-86.4695,-12.7089,401.2153,-63.0605,-35.8101,372.9701,-70.4416,-26.081,397.0504,-63.1658,-9.7104,409.8202,-39.752,-39.3476,377.8933,-55.2515,-36.5799,398.584,-51.6759,-16.5917,407.0506,-16.8383,-51.9175,376.5926,-32.8379,-69.5823,389.3014,-46.7437,-65.7897,400.083
14.7217,35.0336,342.5588,4.1297,43.2805,337.704,-39.4693,-14.5586,333.6173,-21.7938,-23.5089,343.1812,-7.0084,-27.8636,350.3525,8.471,-30.0407,357.2303,-34.6162,9.2106,366.9328,-61.136,-14.1087,386.9386,-86.8901,-17.2502,397.4673,-80.262,-36.4361,361.4262,-85.7248,-29.3738,383.7036,-88.2872,-21.8129,402.0412,-62.7579,-45.559,374.3539,-70.081,-35.2155,398.1947,-63.1703,-18.0634,410.1131,-40.0637,-47.3742,379.1742,-55.623,-44.1762,399.7577,-52.3084,-23.7831,407.3164,-16.8958,-58.6859,378.6731,-32.4875,-76.2928,391.8529,-46.4333,-72.4222,402.5549
12.1394,26.568,342.7695,1.3172,34.4643,337.8399,-41.1253,-24.338,335.8816,-23.1465,-32.6668,345.4416,-8.1828,-36.5256,352.5267,7.4257,-38.2019,359.251,-36.5241,0.0153,368.3068,-62.5514,-23.6787,389.2619,-88.012,-27.0018,400.4295,-81.1635,-46.3262,364.682,-86.6147,-38.9753,386.8687,-89.4671,-31.3564,405.1393,-63.0904,-55.1667,377.6011,-70.6627,-44.3218,401.1394,-63.9177,-26.4142,411.994,-40.548,-56.4929,381.815,-56.0989,-53.3912,402.4195,-52.8892,-32.6921,409.1458,-16.9304,-67.0316,381.4506,-31.8583,-84.7013,395.0568,-45.7599,-80.9363,405.8536
9.0314,16.5634,343.9185,-2.0413,23.8435,338.611,-42.5281,-36.3453,339.6413,-24.2912,-43.5903,349.5876,-9.2133,-46.5961,356.8415,6.4378,-47.4203,363.6253,-38.4148,-10.6411,371.3929,-63.5871,-34.5062,394.0796,-88.7351,-38.0142,405.881,-81.5188,-57.4785,370.449,-87.4995,-49.8261,392.3961,-90.8173,-41.8674,410.4419,-63.1949,-66.6943,382.5832,-70.7546,-54.6326,405.5258,-64.4549,-35.8882,415.1674,-40.4252,-67.7066,386.5764,-55.6372,-63.5453,407.2471,-52.9319,-42.4578,412.9041,-16.7009,-76.4417,387.0438,-30.9368,-94.2969,401.4518,-44.9192,-90.6619,412.1886
6.8343,6.5421,346.757,-4.391,13.1909,340.964,-42.9139,-48.188,344.3614,-24.5971,-54.344,354.878,-9.5359,-56.5007,362.4614,6.0341,-56.4827,369.4779,-39.5593,-20.9327,375.4086,-63.9006,-44.5508,399.2489,-88.8521,-48.1867,411.4226,-81.1308,-68.8136,376.4559,-87.9612,-61.0725,398.122,-91.9641,-52.8763,415.9208,-62.2135,-78.2839,388.7586,-70.3556,-65.8442,411.2966,-64.6797,-46.3882,419.8549,-39.94,-78.3726,392.4815,-55.5103,-74.3005,412.9017,-53.4479,-52.8757,417.4545,-15.8928,-85.1762,394.2297,-29.3294,-102.7593,409.3974,-43.483,-99.1697,419.9232
6.0503,-3.1497,350.9962,-5.2031,2.9897,344.7161,-42.0423,-59.357,349.0391,-23.8408,-64.6536,360.2038,-8.929,-66.1385,368.2308,6.4444,-65.4529,375.6366,-39.5421,-30.9043,380.0829,-63.2771,-54.3317,404.5283,-88.0682,-58.4613,416.8712,-79.8439,-80.0872,381.5553,-86.9238,-71.9399,402.9911,-91.4304,-63.6326,420.6172,-61.3887,-88.8214,393.9985,-69.9881,-75.9554,416.1235,-64.7629,-56.1882,424.2446,-38.6547,-89.458,397.8379,-54.1394,-84.1332,418.0337,-52.0843,-62.4984,421.4564,-15.1217,-94.2455,400.2648,-28.2437,-111.7645,415.2499,-42.6331,-108.3557,425.5126
5.2447,-12.6197,354.409,-5.9837,-6.9191,347.6859,-41.6412,-69.8578,353.1796,-23.5975,-74.4163,364.9117,-8.847,-75.3338,373.313,6.3351,-74.0925,381.0344,-39.7878,-40.1518,384.3957,-63.2099,-63.1779,409.831,-87.7422,-67.4866,422.6216,-79.3486,-90.0007,386.1708,-87.3009,-82.0387,407.3691,-92.1473,-73.376,424.732,-60.0498,-98.4594,399.9711,-68.4871,-84.804,421.6816,-63.7212,-64.6574,429.1248,-37.8944,-99.4475,402.9572,-53.019,-92.3633,422.8836,-50.8533,-70.5973,425.2394,-14.729,-103.3031,406.127,-27.6915,-121.2789,421.5687,-42.2934,-117.9749,431.5621
5.4558,-20.9352,356.8505,-5.651,-15.8754,349.4471,-40.2057,-79.1651,357.4039,-22.4809,-82.6495,369.9614,-8.0072,-82.762,378.8776,6.8774,-80.749,387.0048,-39.2568,-47.9332,387.4886,-62.5746,-70.1768,413.8841,-87.0127,-74.0585,426.9879,-76.8947,-99.7746,391.2442,-84.9548,-90.407,411.8181,-89.4806,-79.9689,428.2669,-59.0807,-104.8141,406.0887,-67.9681,-90.0292,426.8594,-63.7302,-69.453,433.3907,-37.2533,-105.9984,409.0228,-52.6796,-97.9671,428.3497,-50.5677,-76.1034,429.582,-13.5959,-109.4566,412.5781,-26.0341,-126.8974,428.1146,-40.8783,-123.6031,437.7478
6.2967,-27.8407,358.7532,-4.8558,-23.2632,351.1086,-38.5995,-86.5856,361.8122,-20.8636,-89.272,374.5489,-6.4132,-88.7956,383.4909,8.4223,-86.2258,391.5505,-39.2594,-54.0529,390.0446,-63.2831,-75.5531,417.2332,-87.8863,-78.9874,430.1517,-75.9411,-108.5727,394.033,-85.2259,-98.8877,413.9326,-89.7909,-86.9696,429.3313,-57.8973,-109.7941,411.2007,-68.1179,-94.7491,431.1553,-64.6084,-73.7587,436.731,-36.2409,-110.6358,414.1065,-52.5054,-102.4117,432.6491,-50.8919,-80.4724,432.8988,-12.9515,-114.6473,417.8645,-26.2715,-132.3593,434.2632,-41.3846,-129.0567,443.4656
5.72,-33.4575,359.4096,-5.4145,-29.2249,351.5432,-38.722,-92.441,364.0833,-21.056,-94.5628,377.0219,-6.6737,-93.6747,386.0419,8.0831,-90.7201,394.1142,-40.5348,-58.1284,391.1541,-65.0245,-78.2831,418.7751,-89.7258,-80.8905,431.6999,-75.4353,-118.0141,394.3183,-86.8213,-111.1505,414.2995,-92.5643,-100.0076,429.8833,-58.0276,-114.8201,413.883,-68.9813,-99.6896,433.3787,-66.3051,-78.5133,438.7081,-36.9111,-113.2687,417.7559,-53.7063,-105.5946,436.0596,-52.8361,-83.6121,435.9414,-12.7262,-117.9921,421.6254,-25.5701,-134.8251,438.6059,-40.6976,-131.4301,447.7509
6.7772,-37.5933,358.5574,-4.6794,-33.4643,351.1096,-37.5096,-96.3965,366.0978,-19.306,-98.347,378.2971,-4.5474,-97.3444,386.6743,10.5477,-94.2916,394.0551,-39.9956,-60.6124,391.6552,-64.5872,-79.5163,419.888,-89.304,-81.2486,432.9293,-72.0222,-127.9742,393.0743,-85.5697,-127.6168,412.8818,-93.0516,-119.4885,429.5537,-54.887,-120.3372,415.5318,-67.589,-108.8978,436.4316,-65.9364,-87.8456,442.6017,-33.1935,-117.0299,419.7784,-49.6569,-111.5359,439.1375,-50.081,-89.5598,440.0696,-9.3885,-121.7204,422.4294,-21.8017,-138.7988,440.0966,-36.5515,-135.6794,449.9309
10.7561,-41.7545,355.9987,-0.8576,-38.1058,348.5434,-32.8945,-100.4259,367.3255,-14.4747,-101.6007,379.2976,0.4119,-100.0513,387.3591,15.6007,-96.5037,394.3139,-37.2452,-63.3264,389.9154,-62.7421,-80.9986,418.9048,-87.7371,-84.1959,431.1125,-65.453,-131.537,397.1254,-80.1866,-141.3782,413.3142,-89.0927,-135.9285,430.3724,-48.2598,-125.3074,417.1468,-62.263,-118.2789,439.1357,-61.9291,-97.5269,446.4325,-29.0115,-112.0177,423.3557,-44.9549,-118.5017,442.8609,-47.2873,-96.7363,445.0576,-2.6722,-124.5419,423.5877,-14.1498,-142.1532,441.9751,-28.4892,-139.5328,452.5351
16.1797,-46.943,353.3582,4.172,-43.3583,346.5217,-27.7519,-104.1004,370.0629,-8.6086,-105.1727,380.851,6.8045,-103.6118,387.851,22.4847,-100.1088,393.6403,-32.2571,-67.0964,387.7067,-57.4675,-83.5241,416.2084,-81.6822,-90.1408,428.6129,-58.0195,-134.1088,403.7238,-71.7803,-147.7517,419.0273,-81.4199,-144.5167,436.2498,-40.4166,-128.541,420.5772,-55.1837,-126.0524,443.0436,-56.5315,-105.6559,451.1778,-21.5463,-117.5394,424.9169,-37.4215,-125.3383,445.6722,-41.6996,-104.0285,449.0769,6.1283,-127.2714,425.2377,-4.2502,-144.5065,445.2869,-18.1179,-142.4449,456.5756
21.8293,-52.7448,350.8684,9.5717,-49.1701,344.4851,-22.5143,-107.9053,372.4778,-2.8689,-108.9733,382.3224,12.9183,-107.4906,388.4515,28.9552,-104.1315,393.2668,-24.8844,-70.1717,387.5473,-48.3384,-84.4673,416.8594,-69.8621,-93.4169,432.3717,-51.5518,-132.0614,411.607,-64.8226,-143.1014,429.49,-73.2689,-137.9363,446.8676,-33.2065,-128.0096,425.3719,-47.2745,-125.3336,448.2614,-48.6641,-104.6796,455.7099,-14.8091,-119.95,427.3207,-30.7704,-127.1223,449.6959,-35.4762,-105.9277,453.2517,13.9799,-129.852,426.6563,4.4885,-146.1535,447.8185,-8.7444,-144.103,459.8471
26.0082,-57.1178,348.9239,13.6738,-53.5444,342.6898,-19.0105,-110.1477,374.1658,0.8549,-111.2375,383.5559,16.8263,-109.857,389.2138,33.056,-106.6687,393.4665,-18.5628,-71.9559,388.3914,-40.4479,-84.4553,419.4178,-60.0488,-93.2046,437.397,-46.3922,-128.3992,416.9808,-57.8501,-130.2893,437.9842,-64.2359,-121.6904,454.8745,-27.8436,-126.7015,429.089,-40.3426,-120.5813,452.2259,-40.719,-99.4431,458.3115,-8.332,-120.2987,429.7089,-22.4855,-126.1729,452.4905,-26.6558,-104.7629,455.3573,19.2629,-130.8147,428.3214,10.562,-146.0464,450.3085,-2.1395,-143.4789,462.8017
29.5048,-61.8851,348.1539,17.1224,-58.2186,342.0707,-16.4555,-112.0941,377.1832,3.6168,-113.374,386.0973,19.7737,-112.2436,391.2622,36.2072,-109.3862,394.9269,-12.8655,-73.0369,390.5891,-33.2448,-83.1072,423.5614,-51.5921,-90.2715,443.4624,-42.2454,-122.9826,423.3602,-50.4083,-115.4435,444.633,-54.356,-103.3315,460.051,-23.6859,-124.7547,433.6476,-33.4357,-112.1263,455.4299,-32.087,-90.4843,459.1453,-3.3972,-117.127,433.3221,-16.1143,-119.8072,456.4061,-19.0938,-98.0256,457.2319,23.0927,-130.5499,431.5848,14.898,-143.774,454.4904,2.7522,-139.7049,467.1364
30.6539,-63.2207,349.718,18.2916,-59.5544,343.5941,-15.4681,-113.2168,378.8582,4.5831,-114.5004,387.8193,20.7315,-113.3812,393.0132,37.1632,-110.5419,396.7003,-11.0002,-74.4486,392.7221,-30.9744,-84.6051,426.2226,-49.4939,-90.7851,446.2934,-41.7296,-122.6172,425.0964,-48.9072,-112.1097,445.4452,-52.3916,-98.9358,460.0845,-23.2026,-122.3228,435.8064,-31.5916,-105.5481,455.2289,-29.2497,-83.7189,456.6431,-2.2435,-117.599,434.946,-15.1663,-113.2479,457.0835,-17.0434,-91.3705,455.7214,22.8422,-127.8549,434.42,14.0255,-138.5136,457.642,1.7804,-133.042,469.647
29.3267,-62.8677,350.9137,17.04,-59.3967,344.5292,-16.6502,-113.459,379.2447,3.2305,-114.4287,388.6158,19.2517,-113.0619,394.1344,35.5617,-109.9747,398.1477,-10.9926,-74.742,394.818,-30.2835,-85.3019,429.4245,-48.9673,-89.983,449.7471,-42.3806,-121.277,426.0723,-48.8734,-109.2187,445.7812,-51.4904,-94.6227,459.2017,-24.6091,-119.9719,436.8882,-32.07,-101.3228,454.9311,-28.7118,-79.5859,454.451,-3.3772,-119.4004,435.9884,-15.9488,-110.0529,456.7389,-16.7637,-88.2441,453.962,20.7074,-126.2739,435.9084,11.623,-136.2419,459.0017,-0.7553,-130.1484,470.5623
27.1433,-61.9678,351.5608,14.7753,-58.2446,345.4828,-19.0567,-111.8934,380.6983,1.0161,-113.2667,389.5975,17.183,-112.2143,394.7474,33.6344,-109.4385,398.3945,-11.3973,-74.091,396.5301,-29.3847,-84.9816,431.6128,-48.0047,-88.7103,452.1892,-43.9182,-119.7294,427.99,-49.212,-106.4764,447.286,-50.9664,-91.3871,460.295,-26.1284,-120.0297,438.1097,-32.1529,-100.0301,455.2188,-28.2489,-78.3972,454.3357,-5.2953,-117.9536,436.7687,-17.452,-108.1529,457.5571,-17.5929,-86.3607,454.5435,19.3422,-125.398,436.4005,10.6352,-135.1207,459.5541,-1.5698,-128.7281,471.1375
25.2297,-61.4806,351.7737,12.8676,-57.7487,345.689,-21.1189,-111.0496,381.2818,-1.0395,-112.4433,390.163,15.1382,-111.4198,395.2851,31.6048,-108.6835,398.8932,-12.6988,-73.473,397.5105,-30.3907,-84.3542,433.3708,-49.9332,-86.5861,453.2983,-46.1929,-118.8709,428.4636,-51.3111,-105.288,447.5767,-52.4685,-89.5224,459.8285,-28.1692,-118.8159,438.7363,-33.8875,-98.9501,456.1044,-29.6152,-77.3814,455.369,-6.9108,-117.9092,437.4245,-18.7012,-107.8186,458.2852,-18.6126,-86.005,455.4285,16.7541,-124.852,437.0415,7.574,-134.8466,460.6231,-4.498,-128.3222,472.2721
23.353,-61.4851,352.1974,11.0173,-57.5711,346.174,-23.5942,-110.2928,382.0264,-3.4909,-111.9841,390.8012,12.7281,-111.2034,395.8345,29.2543,-108.7166,399.3499,-14.7306,-73.591,397.9244,-32.5786,-84.6957,433.7968,-52.783,-85.9353,453.1422,-49.1124,-117.2387,429.1069,-54.1374,-103.2253,447.9317,-54.858,-86.9297,459.5047,-31.1934,-117.9843,439.0979,-37.0109,-98.5169,456.8792,-32.3323,-77.0288,456.2684,-10.1531,-117.6414,437.5359,-22.2133,-107.6282,458.2792,-21.8157,-85.8015,455.5516,14.6845,-124.0334,437.599,5.7832,-133.3912,460.9672,-6.2615,-126.7709,472.5904
20.8418,-61.5288,353.0251,8.5199,-57.2546,347.2222,-26.8338,-109.5544,382.968,-6.656,-111.8224,391.4364,9.6457,-111.484,396.2469,26.2738,-109.4298,399.5546,-16.9768,-73.4363,398.7185,-34.5596,-84.5954,434.2308,-54.8984,-85.5585,453.4508,-51.8492,-118.2566,430.0265,-55.7848,-103.0881,448.2041,-56.0692,-86.6117,459.5376,-34.408,-117.8755,439.698,-39.3658,-97.9136,457.1892,-34.228,-76.5255,456.7967,-13.1876,-117.7262,438.0043,-25.029,-107.7091,458.8714,-24.3562,-85.8641,456.3524,11.1868,-124.9293,437.6954,1.9185,-134.451,461.1263,-9.9708,-127.7889,472.8848
18.7973,-60.8501,353.7904,6.51,-56.2692,348.1505,-29.5016,-108.4658,383.387,-9.3033,-111.2215,391.6596,7.0382,-111.247,396.3449,23.7255,-109.5401,399.5507,-19.1642,-72.954,399.4462,-36.883,-84.4689,434.8473,-57.2699,-85.3565,454.0199,-55.1398,-118.0849,429.929,-58.9567,-103.1376,448.3141,-58.8027,-86.6002,459.5608,-37.8454,-117.6446,439.41,-42.8063,-98.3171,457.5988,-37.0754,-77.0768,457.6617,-15.6896,-115.9834,438.3569,-27.4645,-107.53,459.9415,-26.4492,-85.6676,457.7051,9.1088,-125.5813,437.6151,0.1397,-135.4245,460.972,-11.5717,-128.7059,472.8758
16.8101,-59.6361,355.3431,4.5398,-54.6543,350.0145,-31.9508,-107.4936,383.7691,-11.7116,-110.876,391.7022,4.6779,-111.3378,396.1934,21.4257,-110.0208,399.2644,-21.2754,-72.2056,400.536,-38.9747,-84.2392,435.1744,-59.4237,-84.9796,454.287,-58.2314,-117.0271,429.9691,-60.9493,-101.6068,448.1578,-60.1657,-85.375,459.8161,-40.8207,-117.6351,439.0623,-44.6306,-98.4419,457.6662,-37.8683,-77.5285,458.6157,-18.1777,-117.282,437.982,-29.4882,-108.5801,459.7156,-27.7146,-86.6904,458.4125,6.4759,-125.9379,437.2041,-2.6832,-135.6896,460.4482,-14.2786,-128.8363,472.3889
15.7734,-58.0349,357.2316,3.5016,-52.7917,352.1637,-32.9916,-107.2012,383.3212,-12.7478,-110.9786,391.0621,3.6451,-111.6684,395.5116,20.3961,-110.5122,398.6293,-21.7534,-72.4766,402.0158,-39.0231,-85.9375,436.1055,-59.4751,-87.0442,455.1972,-59.3686,-117.5283,429.2951,-61.3361,-102.756,448.1075,-60.0099,-87.2317,460.647,-42.0044,-119.5203,438.0418,-44.9171,-101.3719,457.8194,-37.3557,-80.8534,460.231,-19.7414,-118.3414,436.8945,-31.283,-112.0016,459.3131,-28.9317,-90.1288,459.5445,4.9155,-128.4935,435.3684,-4.5542,-139.4929,457.8422,-16.0267,-132.9311,470.0621
15.2908,-55.9216,359.1393,3.1457,-50.6023,353.8503,-33.8111,-106.5281,381.589,-13.8079,-110.4108,389.8832,2.4275,-111.117,394.8745,19.0469,-109.9234,398.6196,-22.2781,-72.0023,402.7252,-39.6138,-86.5942,436.0513,-60.4536,-87.6298,454.723,-61.0455,-116.5821,427.1214,-63.0306,-102.8494,446.7039,-61.67,-88.2377,460.2924,-44.5577,-118.6337,435.9574,-48.0312,-101.914,456.8712,-40.0987,-81.8116,460.9908,-21.9908,-119.2161,435.3979,-33.8785,-113.9134,457.9049,-31.1852,-92.1534,459.7066,2.543,-129.4604,433.845,-7.4729,-141.317,455.2227,-19.1308,-134.9863,467.3889
15.6541,-52.3565,362.8351,3.5715,-46.7283,357.7257,-33.6304,-104.3838,381.2796,-13.7369,-108.7587,389.5926,2.4279,-109.7575,394.7601,18.9894,-108.7796,398.8117,-23.3284,-70.0879,404.5765,-41.5826,-85.9397,436.3694,-63.0194,-87.2383,454.3354,-62.8531,-116.6927,424.9891,-64.5799,-103.2459,444.7933,-63.5289,-89.5471,459.3273,-45.8172,-117.5917,434.6351,-50.1361,-102.5599,456.6441,-42.2885,-82.9453,462.7825,-22.6971,-114.9678,435.3259,-35.9706,-115.2022,457.6812,-33.4457,-93.6531,461.3232,1.1836,-128.8466,433.3811,-9.7182,-141.1328,454.5465,-21.6177,-135.0298,466.5945
15.5201,-47.7481,366.7373,3.5075,-41.6672,361.9948,-34.2901,-100.4936,381.3266,-14.4685,-105.6191,389.3785,1.6664,-107.1229,394.5169,18.2197,-106.5805,398.682,-23.272,-68.136,407.1008,-41.4076,-86.0611,437.6473,-63.0677,-87.8149,455.3041,-64.0696,-116.2371,423.5323,-65.1241,-103.4018,443.7843,-63.9703,-90.6526,459.1507,-47.1263,-117.4477,433.3052,-50.8663,-103.3004,455.9959,-42.8762,-84.2755,463.6257,-24.0144,-116.018,434.0817,-37.0781,-115.572,456.557,-34.2188,-94.3737,461.7009,-0.3706,-127.9324,431.9057,-11.7056,-140.9512,452.163,-23.5785,-135.0992,464.3609
16.0314,-43.9704,370.3243,4.0921,-37.4572,365.988,-34.3609,-97.038,381.2986,-14.6086,-102.9032,389.0086,1.5007,-104.9205,394.0506,18.0517,-104.8356,398.2589,-22.6014,-66.4804,409.266,-40.6026,-86.0525,438.4512,-62.3741,-88.1015,455.9384,-64.4821,-113.3412,423.0469,-65.6341,-102.087,444.2133,-64.3165,-90.4328,460.4134,-47.6105,-116.3315,432.2123,-50.7428,-103.2097,455.6004,-42.4285,-84.9562,464.6384,-24.4048,-118.2065,432.2132,-36.581,-116.4355,455.1175,-33.1166,-95.7425,461.7355,-1.3106,-127.03,430.1646,-13.0108,-140.4414,449.4442,-24.749,-134.8511,461.8926
17.7732,-39.6252,374.5922,5.8955,-32.8557,370.4853,-32.7325,-93.2684,381.4902,-13.0947,-99.6003,389.1235,2.9376,-101.9263,394.2765,19.4224,-102.1026,398.7346,-21.5513,-63.7386,411.6084,-39.9632,-84.4555,439.1946,-62.0168,-86.8674,456.2774,-63.1574,-110.6895,422.5612,-64.1629,-100.2115,444.1297,-63.0737,-89.5486,461.0151,-46.6458,-115.8707,430.9038,-48.7455,-103.1067,454.6034,-40.428,-85.5522,464.9309,-23.5331,-116.2568,431.6656,-36.0365,-115.5005,454.4492,-32.5714,-95.1728,462.1158,-0.5354,-126.0362,429.1689,-12.6609,-140.5774,447.6595,-24.5085,-135.2722,460.1291
20.013,-35.2232,377.8323,8.2094,-28.2114,373.9231,-30.6662,-89.0532,380.9861,-11.1574,-95.8396,388.5591,4.7902,-98.4815,393.8216,21.2039,-98.9396,398.5157,-19.4341,-61.3852,413.1777,-38.0025,-83.6684,439.5454,-60.5385,-86.5393,455.9128,-61.3286,-108.1507,421.1247,-61.9421,-98.7064,443.1798,-60.9519,-89.334,460.8201,-45.081,-113.5983,429.4225,-47.3949,-102.6141,453.9785,-39.1227,-86.0467,465.8567,-21.834,-115.3731,430.0132,-33.7753,-114.04,453.0703,-30.4147,-94.2347,462.0399,0.6859,-123.3458,428.063,-11.7367,-138.1225,445.9523,-23.633,-133.1197,458.5002
22.3147,-29.7036,378.8371,10.6747,-22.4028,374.9669,-28.8337,-83.1737,377.952,-9.5893,-90.4989,385.6977,6.1891,-93.539,391.2472,22.4653,-94.374,396.3504,-18.8652,-56.3568,411.9672,-38.6681,-79.1187,436.7713,-62.2378,-81.5696,451.6863,-62.762,-102.7581,415.1181,-63.9303,-93.8972,437.3919,-63.6541,-85.382,455.4865,-46.0777,-108.7658,424.0502,-49.7937,-99.4493,449.118,-42.3492,-84.1968,463.1159,-21.7595,-111.1746,426.059,-34.7672,-111.3374,448.5706,-32.2397,-92.2219,459.1636,1.0133,-120.4866,423.6969,-11.976,-136.2978,440.2551,-24.308,-131.8544,452.5911
21.6597,-23.6468,377.5814,10.1961,-15.9332,373.9955,-30.3705,-76.0691,373.0258,-11.3552,-84.1619,380.5705,4.2961,-87.7911,386.1263,20.4881,-89.2024,391.3685,-20.5725,-51.3269,408.6607,-41.2235,-75.0822,431.9271,-65.224,-77.6658,446.1152,-66.2185,-96.416,407.9103,-67.3794,-88.3177,430.4729,-67.6882,-81.0101,449.0875,-49.282,-103.0637,417.1804,-53.3529,-94.7443,442.5421,-46.7242,-80.7889,458.2044,-25.0516,-105.2599,419.854,-38.962,-106.3873,441.7909,-37.0475,-88.0942,453.8614,-2.1244,-116.1618,416.9823,-15.8432,-132.5178,432.5218,-28.3403,-128.4397,444.8178
20.3,-16.3567,374.8144,9.071,-8.3623,371.1037,-32.3889,-67.7734,367.3178,-13.7362,-76.3766,375.1955,1.6838,-80.41,381.1079,17.6884,-82.2273,386.7828,-23.3488,-44.4257,403.9449,-45.2201,-68.7552,426.1007,-69.6107,-71.2458,439.6246,-69.2095,-88.0482,401.2174,-71.0285,-80.784,424.0192,-72.0488,-74.3193,442.9181,-52.447,-94.6412,411.3048,-58.1879,-88.0197,436.8429,-52.3014,-74.9785,453.5545,-28.1597,-95.1871,415.6767,-43.6823,-100.2606,435.9082,-42.2906,-82.5852,448.9329,-6.0988,-109.9282,410.6575,-20.5886,-126.8019,425.2004,-33.2985,-123.0102,437.3692
20.3569,-8.5369,371.5436,9.2422,-0.2889,368.0499,-33.2894,-58.8958,363.6657,-14.7307,-67.9489,371.2561,0.6613,-72.3455,376.9795,16.6751,-74.5331,382.4956,-24.037,-36.1881,400.1915,-46.485,-60.4034,421.8721,-70.9581,-62.4603,435.3196,-70.6376,-79.4743,396.7963,-72.1202,-72.0871,419.583,-73.0312,-65.6686,438.5032,-54.0651,-86.0166,406.7858,-60.3845,-80.1527,432.3725,-54.3311,-67.4896,449.3137,-29.5815,-84.9876,412.2344,-46.0762,-91.8828,431.4629,-44.4838,-74.4387,444.7734,-7.2627,-102.703,405.6754,-21.8487,-119.8677,419.7995,-34.5347,-116.3152,432.065
21.5096,0.3024,367.6125,10.5096,8.6773,364.0583,-32.6744,-49.4347,359.4688,-14.2617,-58.6994,367.1587,1.0482,-63.272,372.9638,17.0066,-65.6429,378.5641,-23.2026,-26.6579,395.9966,-45.8457,-50.3911,417.4481,-70.3598,-52.1178,430.8674,-70.4362,-69.3857,392.5143,-72.1105,-62.1263,415.3287,-72.8099,-55.5317,434.1972,-53.9914,-76.8683,402.1935,-59.7316,-70.6757,427.8393,-53.3468,-58.1084,444.73,-29.2017,-76.1321,408.018,-45.6318,-83.117,427.0575,-43.8687,-65.621,440.2779,-7.172,-93.9808,401.438,-21.9503,-111.3012,415.4188,-34.6773,-107.8329,427.666
23.4158,9.0478,363.2364,12.4778,17.5735,359.8535,-31.3373,-40.0385,354.9518,-12.9665,-49.575,362.4064,2.3366,-54.3675,368.0496,18.3095,-56.9631,373.5072,-21.871,-17.8225,391.049,-44.9446,-41.5996,412.0045,-69.5656,-43.1267,425.251,-69.4562,-60.5708,387.2222,-71.0598,-53.3075,410.0404,-71.62,-46.6499,428.8915,-53.4096,-67.4051,396.793,-59.0033,-60.8683,422.3856,-52.4313,-48.2925,439.1981,-28.7913,-70.3969,400.8841,-44.4057,-74.1134,421.3385,-42.3884,-56.5511,434.434,-6.3366,-85.1662,396.2482,-21.4607,-102.473,410.2032,-34.2652,-98.885,422.3346
26.5329,18.3368,357.4757,15.6608,26.8882,353.9483,-28.5444,-30.4838,349.7919,-10.2544,-40.0386,357.4197,5.0044,-44.8549,363.1619,20.9485,-47.4819,368.688,-19.171,-7.988,385.7367,-42.7102,-31.5572,407.2191,-67.3505,-32.7648,420.463,-66.9738,-50.3669,382.1004,-68.9259,-43.0365,404.87,-69.3417,-36.001,423.5871,-50.8872,-57.6214,391.71,-56.4764,-50.79,417.2265,-49.7335,-37.9757,433.7893,-25.9107,-59.4906,396.8376,-42.0541,-64.8264,416.5079,-39.8958,-47.0563,429.2972,-3.9067,-75.7819,391.4198,-19.2591,-93.2621,405.4607,-32.0567,-89.4489,417.5307
29.0555,27.2399,351.9575,18.2284,35.8552,348.4473,-26.5252,-21.1519,345.2471,-8.2521,-30.7984,352.7994,7.0152,-35.6974,358.4483,22.9854,-38.4155,363.8537,-16.8176,1.366,380.4958,-40.5209,-21.9608,402.1719,-65.1362,-22.8175,415.4893,-64.9039,-40.8301,377.7408,-66.6723,-33.1032,400.394,-66.8107,-25.6483,418.9521,-48.547,-48.7352,387.3043,-53.8612,-41.6332,412.8057,-46.9915,-28.5512,429.105,-24.041,-50.4835,391.9278,-39.9266,-54.6272,412.0891,-37.6045,-36.6538,424.5616,-1.5803,-66.6443,386.6364,-16.651,-83.9622,400.6131,-29.4363,-80.0959,412.6791
32.6928,35.6022,346.2457,21.9244,44.2116,342.5457,-23.0903,-12.6246,340.0473,-4.9002,-22.2358,347.8412,10.3163,-27.1163,353.6411,26.2474,-29.8235,359.166,-13.6443,10.1433,375.1471,-37.8796,-13.0698,397.3606,-62.562,-13.6996,410.566,-61.6621,-31.8744,372.5691,-63.7777,-23.9827,395.1355,-63.8657,-16.138,413.5327,-45.6447,-40.5721,381.6001,-50.904,-32.9224,406.954,-44.0673,-19.4956,422.9846,-20.862,-39.5823,387.9941,-37.7822,-46.3475,406.6371,-35.6588,-28.1747,418.8535,1.4719,-57.9877,382.0399,-13.7982,-75.3463,396.138,-26.7044,-71.4272,408.0573
36.2738,42.6493,341.4094,25.5499,51.2542,337.5719,-19.7066,-5.4157,335.7576,-1.5732,-14.9986,343.7166,13.611,-19.8656,349.6119,29.5197,-22.5664,355.2041,-9.9557,17.9732,370.4428,-33.9862,-4.5516,392.6901,-58.7176,-4.9764,405.8118,-58.4168,-24.1605,368.4096,-61.0176,-16.1222,390.8734,-61.1002,-7.8431,409.0792,-42.6404,-32.3991,377.5796,-48.5012,-24.5864,402.7513,-41.6421,-10.8437,418.5022,-17.6481,-31.8644,384.0616,-34.6144,-38.3769,402.7596,-32.5392,-19.9837,414.6501,4.7697,-50.5602,378.3856,-10.5062,-67.8383,392.6935,-23.4564,-63.8063,404.5272
39.4223,48.7927,337.1678,28.7212,57.4042,333.2819,-16.8007,0.9269,332.286,1.3233,-8.6514,340.2721,16.5106,-13.5232,346.1553,32.431,-16.2356,351.7085,-7.6181,24.4152,366.5196,-32.4796,1.8457,389.2592,-57.2612,1.5457,402.2893,-55.5814,-17.7041,364.9194,-58.319,-9.4163,387.276,-58.3093,-0.771,405.311,-39.568,-25.1112,374.8116,-46.1679,-17.4681,399.852,-39.2775,-3.428,415.3245,-14.7908,-26.3572,380.2069,-31.334,-31.3003,399.6462,-29.197,-12.7093,411.2137,7.4758,-44.031,375.1085,-7.9866,-61.2533,389.6073,-20.971,-57.1723,401.3865
41.4888,52.3309,334.9947,30.767,60.9757,331.2419,-14.9712,4.6653,330.9617,3.2254,-4.9673,338.714,18.4739,-9.8859,344.3964,34.4589,-12.6483,349.7352,-5.5378,28.2471,364.2229,-30.2268,5.9901,386.6514,-55.019,5.6519,399.6603,-53.8533,-14.6334,363.0824,-56.3676,-5.9009,385.2955,-56.3138,3.0201,403.1956,-37.7947,-21.422,373.1029,-44.1691,-13.2407,398.0315,-37.2852,1.0456,413.2799,-12.9863,-21.1605,379.1404,-30.203,-27.3305,398.1541,-28.1876,-8.564,409.4571,9.5312,-40.0982,373.4281,-5.8714,-57.0593,388.0678,-18.8363,-52.8552,399.8252
43.2253,54.0537,333.6016,32.5076,62.6542,329.7373,-13.1665,6.2911,329.7689,5.0127,-3.2548,337.6678,20.2461,-8.1077,343.4464,36.2148,-10.8066,348.8658,-3.8318,30.059,362.8818,-28.5633,7.8758,385.4389,-53.4064,7.5453,398.3505,-52.3713,-12.3349,361.8946,-55.2925,-3.5103,384.0213,-55.2716,5.6972,401.7759,-36.1242,-19.4143,372.0572,-42.5961,-10.9971,396.8819,-35.7836,3.4397,412.0202,-11.2024,-19.4151,378.232,-28.4378,-25.6122,397.2963,-26.5752,-6.7242,408.4217,11.3313,-38.1964,372.8464,-4.0965,-55.1781,387.7145,-17.0942,-50.9042,399.4103
44.8591,55.2714,333.3325,34.1378,63.7082,329.1318,-11.0432,6.9494,329.3435,7.0749,-2.2964,337.7248,22.245,-6.9131,343.853,38.138,-9.3758,349.5977,-2.2121,31.089,362.3309,-26.9751,8.8675,384.9475,-51.9081,8.2778,397.6751,-49.7673,-12.1292,361.785,-53.1181,-3.3185,383.8563,-53.1939,6.1705,401.4618,-33.9998,-18.6919,372.0767,-41.0076,-10.3314,396.7748,-34.4579,4.3963,411.7479,-9.2712,-18.2146,378.4505,-26.466,-24.3805,397.3264,-24.9193,-5.3194,408.2023,13.6254,-36.8379,373.5725,-1.4799,-53.7607,388.3464,-14.5518,-49.4478,399.9449
46.2273,54.1839,333.9933,35.3605,62.4679,329.8632,-9.07,5.1244,330.6219,9.2396,-3.8602,338.8703,24.5213,-8.2609,344.8787,40.4944,-10.4995,350.4916,-0.9841,30.108,362.8651,-25.6179,8.1748,385.2333,-50.6187,6.7275,397.7579,-47.6157,-15.7506,362.1571,-51.415,-6.6979,384.0572,-51.7104,3.2545,401.4026,-31.4623,-21.3822,373.1097,-38.7621,-12.7146,397.6166,-32.6756,2.582,412.21,-7.0482,-19.7025,379.5573,-24.3779,-25.9831,398.5937,-23.3093,-6.7583,409.2361,15.9655,-37.7267,374.7152,0.8504,-54.5046,389.6422,-12.3383,-50.2773,401.1395
46.3079,51.3066,335.2306,35.3869,59.1575,330.4489,-7.6316,0.759,331.8439,10.6046,-7.4548,341.0075,25.7789,-11.2463,347.6682,41.6045,-12.8742,353.8775,-0.8048,26.7934,363.4772,-25.297,4.8915,385.8286,-50.426,1.7092,397.7619,-46.1755,-21.2798,362.5792,-50.4888,-11.8096,384.2059,-51.0967,-1.3105,401.2176,-29.6728,-26.3832,374.9994,-38.561,-18.2577,399.165,-33.7453,-2.3519,413.5807,-5.8618,-23.2491,381.9826,-23.1656,-29.8132,400.7486,-23.0079,-10.5125,411.306,17.7772,-40.984,378.078,3.0096,-58.4057,393.0769,-10.4154,-54.4208,404.3859
46.315,47.3398,336.4425,35.2095,54.4551,330.9824,-5.4173,-5.5402,334.5813,12.8974,-12.4733,344.6064,28.0378,-15.2583,351.8183,43.7522,-15.8817,358.4759,-1.5603,22.4006,363.9774,-26.5287,0.6341,386.3824,-51.822,-4.5586,397.2121,-43.8879,-30.1482,363.3989,-49.6919,-20.5953,384.637,-50.3957,-8.7913,400.7668,-27.0174,-33.3788,377.8596,-38.8054,-27.1297,401.3328,-36.2258,-10.7091,415.7449,-4.3153,-28.5347,385.5611,-22.347,-35.9342,404.3673,-23.9737,-16.5305,414.6069,20.148,-43.5174,383.6315,5.458,-60.7164,399.287,-8.4369,-57.0411,410.1233
45.4949,41.8992,338.0126,34.2781,48.0868,331.7143,-3.4533,-13.5975,337.5724,14.7677,-18.9542,348.6764,29.7283,-20.5106,356.5985,45.1772,-19.9163,363.8534,-2.3012,14.9288,364.6435,-27.3603,-7.7865,387.202,-52.5916,-15.5914,396.5006,-41.575,-41.0606,364.1903,-49.556,-32.212,385.0231,-50.7471,-19.2996,400.2498,-24.5144,-41.3495,381.7122,-39.4278,-38.4141,404.0275,-39.6035,-21.8048,418.4532,-3.4228,-35.2396,389.6415,-22.2887,-43.6217,408.4457,-26.0552,-24.2876,418.244,22.1558,-47.0775,390.2898,7.7544,-64.0686,406.8276,-6.6676,-60.671,417.0482
44.028,35.085,341.2491,32.6751,40.3002,334.3437,-1.5944,-23.1724,342.0748,16.5492,-26.9223,353.9385,31.3194,-27.2227,362.3499,46.4736,-25.3805,370.0058,-2.8139,5.4727,366.961,-27.1822,-18.4415,389.3575,-52.1669,-28.1206,397.4865,-38.8907,-53.5895,366.5654,-48.4369,-45.2505,386.9451,-50.2663,-31.573,401.4219,-21.963,-50.9022,386.768,-38.4502,-49.8832,408.1253,-40.856,-33.0256,422.0548,-1.9868,-43.7341,394.6637,-21.0898,-53.2042,413.1975,-26.7888,-33.972,422.2331,24.0087,-52.3908,397.3004,9.8859,-69.3711,414.4594,-4.998,-66.0556,424.0238
41.9776,25.3598,345.2376,30.806,29.2889,337.2671,0.8013,-36.1131,346.4983,18.2594,-37.7824,359.7809,32.3609,-36.4711,369.1846,46.7424,-33.0392,377.7314,-3.1528,-6.4953,370.6346,-26.5103,-31.1083,393.5853,-51.0647,-42.1795,401.2346,-34.9264,-67.5353,372.0361,-45.9507,-59.8914,391.9367,-48.9693,-45.741,405.7444,-19.12,-64.0043,392.203,-35.9533,-61.9926,413.2172,-39.9527,-44.5875,426.0649,-0.353,-53.7314,401.5606,-19.0385,-63.5901,420.0531,-26.3454,-44.365,427.8637,25.2444,-59.5152,405.5221,11.9652,-75.8693,422.6882,-3.3626,-72.5376,431.5176
40.5354,15.7672,350.8543,29.3875,18.6353,342.4121,2.9828,-47.9127,354.12,20.1203,-47.8971,367.9151,33.8462,-45.2968,377.6021,47.7528,-40.6068,386.335,-3.4556,-17.6028,376.7915,-26.1394,-42.6314,400.5364,-50.1622,-54.7233,408.3267,-31.2365,-80.4465,380.323,-43.0401,-72.2353,399.5389,-47.309,-57.6691,412.562,-16.3366,-74.7033,400.905,-33.8485,-72.8014,421.3675,-39.031,-54.7819,432.8757,1.2907,-63.0278,409.8754,-17.3002,-73.1532,428.3053,-25.8533,-53.9373,434.7548,26.5675,-65.7939,415.3985,13.5232,-81.3021,433.2936,-2.1549,-77.763,441.3973
38.9521,4.4579,356.7273,27.9685,6.1156,347.7615,4.9347,-60.954,363.0601,21.5425,-59.0413,377.3612,34.7476,-55.0201,387.2836,48.0499,-48.9689,396.1203,-3.9815,-28.9901,384.3243,-26.1032,-53.2966,409.6399,-49.4278,-66.1292,418.3168,-28.5052,-92.0507,391.8831,-41.4903,-84.0957,410.4332,-46.8372,-69.0,422.4137,-13.0224,-86.7464,411.6204,-30.6751,-84.1225,431.8812,-37.0458,-65.6963,442.0737,2.884,-71.5963,420.4186,-15.0914,-80.9476,439.1113,-24.7478,-61.7761,443.9287,26.7759,-71.9469,426.4986,13.8157,-85.9452,445.0052,-2.1307,-82.197,452.466
37.1218,-6.0267,362.357,26.4096,-5.688,352.928,6.3768,-72.5236,372.793,22.3142,-68.5786,387.4367,34.909,-63.0667,397.4361,47.5348,-55.6139,406.194,-4.781,-38.7658,392.5143,-26.5185,-61.8186,420.103,-49.2176,-74.7432,430.188,-25.8058,-101.5873,404.9734,-39.4537,-93.8689,423.1438,-45.4769,-78.1488,433.9419,-11.0003,-94.3617,424.3336,-28.9322,-94.4326,444.5188,-36.7255,-76.0341,453.7253,4.3538,-79.1516,432.0411,-12.8981,-88.2334,451.5795,-23.8846,-69.5281,455.2411,26.9548,-76.5573,438.5721,14.3781,-89.3562,458.3588,-1.6831,-85.6782,465.6051
35.2199,-14.6833,369.6581,24.9769,-15.8342,359.7825,8.2898,-82.0286,384.3339,23.2168,-75.8421,399.2641,34.9373,-68.7001,409.2952,46.6255,-59.727,417.9279,-5.8503,-46.5001,401.9428,-27.44,-67.9768,431.4696,-49.9461,-80.7783,442.1278,-21.9082,-112.08,417.5151,-36.8955,-107.5022,435.6926,-44.5611,-92.2552,446.1218,-8.7909,-99.3997,438.7172,-25.7785,-105.6237,458.7593,-35.8368,-88.1724,467.6071,5.4499,-85.561,445.1185,-11.5405,-95.2761,465.7596,-24.958,-78.0992,468.7476,26.0779,-77.6388,451.8164,13.6274,-88.4921,472.3506,-2.6019,-84.9748,479.2959
33.736,-19.2282,378.3791,23.7442,-21.7711,368.5063,10.9695,-86.9235,397.7449,25.2317,-78.6909,412.333,36.3096,-70.0781,421.9298,47.2594,-59.7483,429.9953,-7.5314,-51.732,411.1138,-29.5059,-72.7828,441.0502,-52.647,-85.5967,450.2315,-14.3465,-122.3715,429.6595,-29.5949,-126.1829,447.7967,-40.3016,-114.1163,459.619,-4.1931,-103.6866,453.8006,-18.9111,-116.1893,474.5424,-31.6953,-101.2782,484.4532,6.984,-86.71,458.9873,-10.3989,-96.5686,480.9534,-25.898,-81.2194,483.8131,26.6067,-75.5306,464.8056,14.1159,-85.0758,485.8589,-2.2834,-81.6715,492.4524
34.2004,-22.1289,385.9667,24.5417,-26.4465,376.3834,15.3626,-88.3691,413.0476,28.857,-77.5862,426.6723,39.2287,-67.2172,435.2695,49.3904,-55.3356,442.1413,-8.4226,-53.9441,419.8778,-31.7211,-73.3788,450.6186,-55.6668,-86.2042,457.409,-6.109,-124.0584,448.221,-16.0099,-140.5153,464.44,-29.1202,-134.0446,478.0873,5.4243,-107.0411,470.4652,-6.9342,-122.5758,493.5618,-21.8209,-111.3515,505.2408,13.3632,-85.4769,475.1331,-2.4084,-96.6108,499.4402,-20.1254,-84.3088,503.7724,29.8684,-69.2364,478.7334,17.9235,-77.7418,501.1231,1.5769,-75.1734,508.2078
37.4385,-24.2937,389.9153,28.7073,-30.7422,380.644,21.6916,-87.0147,425.889,33.5418,-73.2877,438.3446,42.6175,-60.9662,445.7481,51.4826,-47.4283,451.206,-6.751,-54.4049,425.2052,-32.037,-71.2791,456.9825,-55.9868,-85.0119,461.6534,6.7382,-124.8829,463.781,-0.6414,-143.5712,482.481,-13.7884,-143.2584,497.5494,15.6937,-102.0924,486.5385,5.8121,-118.0399,513.2207,-10.1213,-109.9119,526.0294,19.6455,-78.5063,488.986,5.1508,-89.5736,516.2679,-14.1351,-80.651,521.9635,34.0091,-58.6933,489.9013,23.2426,-65.6342,513.7436,7.0481,-64.3038,521.4875
43.1992,-24.4652,393.8761,35.1648,-32.5489,385.281,26.7871,-81.26,438.3844,37.5889,-65.397,449.1401,45.9454,-51.7959,454.9865,54.1775,-37.3042,458.7115,-4.7175,-53.1902,427.5652,-33.1644,-67.9131,457.7253,-56.8013,-82.7569,459.9518,16.969,-116.805,480.5498,12.0185,-134.7277,501.8108,0.2916,-137.6669,517.7432,20.4355,-88.8685,501.2748,10.6643,-102.2385,530.9724,-6.005,-95.3083,543.5464,22.742,-66.5632,500.0782,7.7685,-76.0927,529.1765,-12.4127,-69.3602,534.7793,34.5276,-43.9221,498.3886,22.0573,-48.122,523.5687,5.6077,-47.1047,530.8058
48.538,-23.9129,395.9937,41.5617,-33.5107,388.0573,30.204,-74.3958,446.899,39.4861,-56.6698,456.0441,46.8388,-41.9993,460.484,54.2237,-26.7596,462.6913,-2.878,-47.9083,428.9799,-34.7821,-58.2445,458.359,-58.9108,-72.3703,459.865,18.3206,-103.3975,493.7415,12.2223,-118.2804,517.7799,1.2724,-121.1446,534.2692,19.3745,-72.778,510.0548,7.8587,-82.0015,540.9808,-9.1665,-74.5477,552.7528,20.6508,-49.6258,506.0842,3.6108,-54.5882,535.7553,-16.9686,-48.1276,540.0853,31.5331,-27.312,501.0495,17.2283,-27.6603,525.2316,0.3055,-25.8488,531.0916
52.59,-21.8371,398.9016,45.518,-31.9326,391.7015,29.5675,-65.6115,453.9449,39.2808,-47.4123,461.5895,47.1311,-32.6777,464.793,55.1409,-17.6232,465.7203,-2.3161,-38.9482,430.4302,-36.5744,-43.9728,458.1673,-62.3131,-54.4426,461.6167,14.6705,-88.976,503.0921,7.0031,-101.0015,528.3877,-4.1799,-102.1025,544.9324,13.0442,-53.535,515.5153,-2.2005,-57.0926,546.8487,-19.6027,-47.7936,556.5797,17.3882,-31.4122,508.5078,-1.8413,-30.594,536.7705,-22.3563,-22.9918,539.0819,29.2111,-12.1775,501.4351,12.9205,-8.7563,523.8733,-4.4089,-5.7072,527.6675
54.4029,-17.2719,400.5891,47.0146,-27.525,393.9514,29.0291,-56.4775,457.992,39.3753,-38.2185,464.5923,47.7718,-23.6271,466.9566,56.3662,-8.8695,467.0312,-1.8146,-27.2492,432.265,-36.8505,-27.0513,459.7558,-63.433,-32.4119,466.7297,8.8732,-71.0273,508.921,-1.6276,-78.6074,535.454,-14.1333,-76.5618,550.9274,5.4363,-34.2598,513.0195,-13.6051,-32.0388,540.1896,-31.3427,-20.3069,545.8236,12.2143,-14.2578,504.668,-10.6417,-8.2353,528.9086,-30.5858,0.8311,526.8996,26.9172,0.9477,498.4085,8.6309,7.0436,517.8921,-8.9091,11.0854,517.9999
54.8684,-12.8628,402.6554,47.3801,-23.3186,396.4607,28.4079,-48.813,461.6759,38.9771,-30.4079,467.4677,47.5766,-15.8449,469.1906,56.3959,-1.2316,468.6204,-0.0159,-17.4711,435.2009,-33.7216,-13.3127,462.7511,-59.5556,-14.6343,473.4682,3.2107,-53.7209,511.5819,-9.5643,-56.2091,536.8841,-23.3971,-50.811,550.2823,-0.142,-17.9078,508.7547,-21.2161,-11.1737,530.9967,-38.6337,2.2343,531.9215,10.6167,-1.2076,500.4591,-11.6688,7.6181,519.3128,-30.496,17.3135,513.3518,24.8539,11.5881,494.5243,6.3005,19.1289,509.7613,-10.8701,23.4805,506.5625
