j0_x,j0_y,j0_z,j1_x,j1_y,j1_z,j2_x,j2_y,j2_z,j3_x,j3_y,j3_z,j4_x,j4_y,j4_z,j5_x,j5_y,j5_z,j6_x,j6_y,j6_z,j7_x,j7_y,j7_z,j8_x,j8_y,j8_z,j9_x,j9_y,j9_z,j10_x,j10_y,j10_z,j11_x,j11_y,j11_z,j12_x,j12_y,j12_z,j13_x,j13_y,j13_z,j14_x,j14_y,j14_z,j15_x,j15_y,j15_z,j16_x,j16_y,j16_z,j17_x,j17_y,j17_z,j18_x,j18_y,j18_z,j19_x,j19_y,j19_z,j20_x,j20_y,j20_z
25.7919,51.5642,356.9499,39.2452,50.7946,354.733,47.4211,16.6204,414.8474,26.4925,17.9564,413.7481,8.797,20.045,411.1967,-7.2942,25.0841,403.5667,56.6165,8.3056,371.8771,62.7356,-12.1916,386.6562,68.7783,-34.3786,404.3259,45.5642,-20.8134,431.6177,44.451,-43.2557,441.6718,34.759,-60.7022,435.1383,7.9477,-16.9176,425.5453,-4.1594,-39.6855,433.2473,-8.4887,-48.1949,414.5431,-4.8592,-9.5683,428.6771,-12.159,-24.9502,413.214,-11.9979,-24.226,392.2271,-20.0453,-2.1814,414.4297,-20.6471,-15.0395,400.4544,-15.0182,-12.7005,383.518
25.775,45.7381,351.1464,38.9008,43.8691,347.8725,48.0472,5.7184,405.3993,27.3167,9.0233,405.9701,9.7646,12.8635,404.8858,-6.2756,19.7799,398.7692,51.5266,-0.0717,365.77,58.2597,-23.5045,375.3144,62.9624,-47.0944,391.5133,44.0073,-32.048,421.1016,41.5812,-54.7281,430.5314,30.0649,-71.2123,424.4781,6.7041,-24.6351,418.6831,-6.8586,-46.7816,427.048,-13.5239,-54.5438,408.7089,-5.1832,-15.5621,423.2583,-15.05,-29.8417,408.1672,-16.3968,-28.6831,387.2425,-20.52,-6.65,409.8398,-23.6776,-19.6309,396.3296,-19.212,-17.5189,379.0207
24.2671,38.9836,343.6908,36.6716,35.8211,338.9342,46.5248,-7.3316,392.6857,26.5289,-1.6441,395.655,9.5767,4.3203,396.678,-5.9877,13.5268,392.7377,45.0182,-11.101,352.3948,49.5642,-36.6573,359.7261,52.26,-61.7089,374.0842,40.2705,-45.6102,406.8053,36.4863,-68.771,415.3485,22.5613,-83.7071,410.4488,4.1818,-33.4713,409.8609,-10.4929,-54.3712,419.1894,-20.2424,-60.9807,401.8037,-6.2493,-22.7388,416.3337,-19.5929,-35.3975,402.5241,-23.3778,-33.4246,381.9624,-21.92,-11.371,404.9958,-28.2125,-23.7357,392.0142,-25.578,-21.8454,374.3087
21.6579,31.1623,334.0598,32.5048,26.6764,327.0798,42.6683,-23.2574,374.5328,24.592,-14.9181,381.2189,9.2417,-6.5585,385.5183,-4.9348,5.328,384.9952,34.7447,-22.3351,335.692,35.9813,-49.3938,340.4468,35.8228,-75.7799,352.4779,32.8199,-61.1768,387.535,26.8604,-84.1228,395.4029,10.5293,-96.8855,392.0254,0.1973,-44.9181,397.8308,-16.1577,-65.0311,408.968,-29.6588,-69.267,393.451,-6.7348,-32.2596,406.8069,-24.2819,-42.5498,396.0732,-31.2413,-38.6548,376.6465,-22.1451,-17.8138,398.8611,-32.5627,-28.6476,387.2378,-32.9048,-26.2356,369.4034
18.9543,23.7264,323.4905,27.9382,18.7065,314.5132,37.4086,-37.2055,354.9188,21.8603,-27.4251,365.0968,8.6457,-17.7034,372.5038,-3.594,-4.1084,375.3152,21.7766,-31.1721,317.9181,18.29,-59.3957,319.8447,15.0494,-86.5236,329.5697,22.831,-75.3044,365.4642,13.7082,-99.1468,372.0635,-4.5606,-109.429,370.8281,-3.3664,-55.6583,384.0325,-20.4002,-74.7222,396.8184,-37.1669,-76.1531,384.2554,-6.8764,-43.1483,394.4269,-27.6637,-50.5277,387.9127,-37.8869,-43.8321,370.8348,-21.0503,-25.7757,391.1204,-35.2776,-34.5764,382.1129,-38.9589,-30.8293,364.8965
14.058,16.6132,313.1592,19.7898,11.2368,301.9905,25.5064,-50.213,334.2348,14.7219,-39.15,348.4582,5.5948,-28.2133,359.462,-2.7333,-13.0861,366.1215,6.1244,-37.4122,302.4021,-1.66,-65.1248,302.6365,-8.2204,-92.3591,310.1369,7.9937,-86.8857,344.5723,-2.8842,-109.6647,350.9933,-22.1166,-118.0254,352.095,-10.6399,-66.2749,369.6699,-27.9695,-84.8092,384.1638,-47.0596,-83.4377,375.5215,-9.5837,-54.0197,381.2024,-31.9443,-59.2271,379.8291,-44.4704,-49.4283,366.115,-21.5462,-34.4293,380.7687,-38.3317,-42.1015,376.254,-45.2261,-36.3605,360.6493
10.0522,10.7015,303.8339,13.0186,5.7373,291.4623,13.8352,-58.8976,317.349,7.3361,-47.9222,334.0314,1.9248,-36.9778,347.2578,-2.7215,-21.5757,356.4079,-8.6016,-40.4917,290.05,-21.1748,-67.3763,289.2287,-31.1646,-93.9256,295.2571,-7.3343,-94.095,326.905,-20.6,-116.1513,332.8932,-40.2004,-122.8454,336.3593,-17.7511,-74.4996,356.819,-35.0301,-92.8051,372.5143,-55.1306,-89.0828,367.7067,-13.8786,-63.1896,368.0471,-36.2293,-67.3901,371.4822,-49.7225,-54.729,361.5508,-23.4,-41.3828,370.6933,-41.0986,-48.2938,370.6959,-50.0918,-40.6434,357.1094
5.4153,5.1798,296.0647,5.174,1.1984,283.0037,0.1797,-65.2738,303.1273,-1.2139,-55.3303,321.5714,-2.2014,-45.2034,336.4197,-2.4749,-30.365,347.4779,-22.0558,-42.0218,281.5067,-37.9219,-67.2051,280.6344,-50.5964,-92.6961,286.163,-23.0108,-98.8919,313.0792,-37.471,-119.854,319.2846,-56.9804,-125.1503,324.9706,-26.0022,-81.6206,345.4475,-43.1796,-99.8388,361.9927,-63.3187,-93.9742,360.9818,-19.0461,-70.935,356.9901,-40.5572,-74.4821,364.3177,-54.093,-59.7391,357.9597,-28.2361,-45.9974,358.773,-43.6882,-55.3741,365.5481,-54.1709,-45.855,354.435
1.2148,1.3581,290.3783,-1.5817,-1.3509,277.2886,-12.4738,-68.2515,293.2303,-9.6296,-59.9413,312.3052,-6.9176,-51.1714,327.7885,-3.4459,-37.4879,339.7571,-34.169,-41.0085,276.3591,-53.323,-64.3182,275.8127,-68.5558,-88.3771,281.3015,-38.0283,-100.2433,303.1415,-54.0169,-120.2597,309.3426,-73.0796,-124.4734,317.0793,-33.7946,-86.186,337.0694,-50.5894,-104.4262,354.2807,-70.08,-96.9713,356.6349,-25.3647,-76.1671,347.8862,-45.4106,-80.4695,358.3098,-58.1568,-64.0415,355.3675,-29.8,-51.9229,353.3319,-46.2617,-60.9394,361.8112,-57.426,-49.8538,353.0666
-2.4354,-1.8352,285.6995,-7.0072,-3.3477,272.9202,-23.2286,-69.7192,286.3422,-17.3046,-63.0601,305.357,-11.8766,-55.6868,320.8545,-5.5683,-43.2751,333.0484,-43.5369,-39.7249,273.2447,-65.1781,-61.2758,273.4369,-82.4572,-83.8528,279.1562,-50.9656,-99.8491,297.0204,-68.4432,-118.8344,303.7488,-87.0549,-122.3804,312.8058,-41.449,-89.0719,330.6197,-58.2851,-107.2102,348.2355,-76.8042,-98.5433,353.0238,-31.7872,-79.3368,341.1829,-50.3192,-84.6854,353.7112,-61.7927,-67.0987,353.4509,-32.0901,-56.7901,348.7371,-49.1636,-65.4903,358.8367,-60.3974,-53.1301,352.1266
-5.6793,-4.7491,282.2843,-11.5753,-5.1479,269.9726,-32.9639,-70.2969,282.0803,-24.623,-65.2375,300.6769,-17.0373,-59.2363,315.8573,-8.3933,-48.1362,327.8825,-51.06,-38.3801,271.6316,-74.5195,-58.1249,272.6172,-93.3607,-79.3094,278.7184,-62.401,-98.6061,293.5638,-81.0172,-116.5091,300.8261,-99.1636,-119.5535,310.9473,-49.2667,-90.5213,326.4213,-66.506,-108.2083,344.4306,-83.9325,-98.5551,351.0737,-38.6695,-81.0073,336.5229,-56.1964,-87.1528,350.089,-66.2259,-68.7822,351.8009,-35.0152,-60.4563,345.1506,-52.4278,-68.5145,356.4452,-63.4158,-55.1569,351.4614
-7.8535,-6.6581,280.0191,-14.8677,-5.9755,268.3215,-41.163,-69.3595,280.1321,-30.7032,-65.9049,298.0111,-21.2165,-61.2943,312.5969,-10.4849,-51.57,324.1212,-56.5075,-36.4154,271.0854,-81.2637,-54.513,272.7287,-101.4696,-74.2898,279.1785,-71.843,-96.0665,291.6633,-91.1448,-112.8687,298.9179,-108.9958,-115.3635,309.6935,-56.0643,-90.6297,323.8126,-73.8577,-107.9768,341.9149,-90.3157,-97.6751,349.9154,-46.0318,-77.7513,334.6112,-61.4777,-87.9948,348.3136,-70.328,-69.2187,351.4965,-37.607,-62.7654,342.831,-55.852,-70.2965,355.4171,-66.7142,-56.4073,351.7974
-10.4103,-8.0751,278.1663,-17.972,-6.5304,266.8998,-48.1439,-68.2176,278.4245,-36.5187,-66.0756,295.7815,-25.9545,-62.6094,309.9372,-13.9421,-54.0381,321.1073,-61.4802,-34.1863,270.9677,-87.4027,-50.6639,273.3914,-108.6273,-69.1285,280.4323,-79.9455,-93.3116,290.6507,-99.9787,-109.1194,298.3525,-117.5423,-111.017,309.7067,-62.0948,-90.4442,321.8786,-80.0812,-107.5814,340.2313,-95.5558,-96.7056,349.3559,-50.7775,-78.9285,332.4139,-66.3722,-89.1808,346.5346,-74.2427,-70.245,351.0609,-40.9085,-64.6402,340.9729,-59.2541,-71.8529,354.4877,-69.7895,-57.4728,351.9936
-12.0737,-9.2141,277.4669,-20.3323,-6.7297,266.878,-53.9619,-66.5257,278.7923,-40.9335,-65.8439,295.2482,-29.1057,-63.65,308.6381,-15.6911,-56.3593,319.0991,-65.2114,-32.0224,271.7279,-91.978,-47.1074,274.6204,-114.1216,-64.2072,282.2532,-86.4731,-90.4421,291.1584,-106.8777,-105.4524,298.9195,-124.2199,-106.7653,310.6893,-67.0623,-89.5016,321.4281,-85.4314,-106.1335,339.8331,-100.008,-94.6974,349.7193,-54.0543,-79.2712,331.7574,-69.8414,-89.156,346.3869,-76.7821,-70.0781,351.7592,-42.7037,-65.7514,340.0272,-61.2636,-72.2046,354.4065,-71.1392,-57.2553,352.6771
-13.3992,-10.2694,277.0821,-21.8804,-7.2116,266.8245,-58.3905,-65.1437,279.4475,-44.7594,-65.3715,295.4206,-32.351,-63.9895,308.3868,-18.1766,-57.5772,318.4119,-67.9656,-30.2667,272.6217,-95.5588,-44.0708,276.0927,-118.5274,-59.8776,284.0669,-92.0705,-87.3755,292.3609,-113.3302,-101.4088,300.5122,-130.6048,-102.2485,312.4236,-72.156,-88.0174,321.6596,-91.5377,-104.0382,340.2223,-105.365,-92.0199,350.4872,-58.11,-79.4191,331.458,-74.6875,-89.3491,346.3058,-80.9787,-70.2476,352.352,-45.2875,-66.1728,340.0137,-64.0748,-72.1294,354.9833,-73.3926,-56.7771,353.7639
-14.3296,-10.4321,277.5835,-22.9812,-6.9476,267.6081,-61.4399,-63.4458,280.9251,-47.3584,-64.3591,296.4774,-34.5219,-63.5896,309.0724,-19.8035,-57.8421,318.7093,-69.8806,-28.0717,274.2881,-97.9745,-40.7255,278.2895,-121.3939,-55.6139,286.7077,-95.7522,-84.4097,294.2332,-117.3979,-97.6346,302.6286,-134.5364,-98.1026,314.7551,-75.0212,-86.462,322.9762,-94.6116,-102.1148,341.7422,-107.8544,-89.7549,352.3658,-60.7228,-78.5794,332.4653,-77.7843,-88.3404,347.6983,-83.585,-69.2291,354.1874,-47.1336,-65.5709,340.9547,-66.2765,-70.9844,356.5361,-75.2023,-55.3766,355.6833
-15.7173,-9.9759,278.6884,-24.639,-5.8387,269.213,-65.3868,-60.4907,283.3986,-50.6432,-62.4602,298.2225,-37.1934,-62.6238,310.184,-21.7418,-57.8565,319.1872,-72.1825,-24.9668,276.9839,-100.6267,-36.4108,281.6331,-124.5687,-50.117,290.5728,-100.305,-80.1593,297.0586,-122.322,-92.5608,305.6716,-139.2713,-92.543,318.0701,-78.8196,-83.7185,324.9807,-98.8033,-98.7957,343.9586,-111.2944,-86.025,354.9987,-63.464,-76.9261,334.1527,-80.6559,-86.2857,349.8383,-85.7262,-67.1611,356.8769,-48.8638,-64.4777,342.3474,-67.9677,-69.1415,358.6609,-76.316,-53.2004,358.2299
-16.9983,-9.0834,279.7906,-25.9441,-4.6924,270.453,-68.2152,-57.9103,285.6011,-53.2861,-60.3054,300.1746,-39.6408,-60.8645,311.9003,-23.8846,-56.5736,320.6104,-74.0008,-21.9899,279.3856,-102.7693,-32.3447,284.7329,-127.1608,-44.9519,294.0663,-103.5016,-76.6066,299.9157,-125.8149,-88.4292,308.9675,-142.588,-87.9381,321.5937,-81.7315,-80.4673,327.4172,-101.8855,-94.7523,346.7189,-113.7639,-81.5836,357.9658,-66.1415,-74.968,336.076,-83.6117,-84.2655,352.0136,-88.3209,-65.1979,359.4465,-50.6298,-62.7176,344.3494,-69.4739,-67.0464,361.0753,-77.4493,-50.9102,360.9514
-17.6083,-7.7054,281.4755,-26.6455,-2.9907,272.3871,-70.0584,-55.0847,288.1984,-54.8588,-58.0146,302.3895,-40.9574,-59.0515,313.7771,-24.8792,-55.2789,322.1314,-75.0943,-19.0597,281.8703,-104.1648,-28.7015,287.5604,-128.8978,-40.419,297.1509,-105.626,-72.8458,302.9653,-128.1075,-84.0722,312.2991,-144.7493,-83.211,325.0783,-83.7605,-77.7598,329.5463,-104.2629,-91.7667,348.811,-115.734,-78.3601,360.1985,-67.9237,-72.9527,338.0068,-85.8675,-82.2027,354.1298,-90.4882,-63.2389,361.8772,-51.5622,-61.3709,346.1612,-70.4336,-65.6795,363.1563,-78.2775,-49.4792,363.3072
-18.3418,-6.5985,282.9469,-27.3753,-1.601,274.0072,-71.751,-52.8668,289.8524,-56.4589,-56.2636,303.8385,-42.4546,-57.7133,315.0536,-26.202,-54.3747,323.2538,-76.0724,-16.4277,284.2224,-105.2934,-25.3246,290.3521,-130.3125,-36.3051,300.0716,-107.5665,-69.7721,305.0748,-130.2206,-80.4651,314.7033,-146.7267,-79.4215,327.6439,-85.5555,-75.5426,331.1948,-106.217,-89.2325,350.6203,-117.2555,-75.6538,362.2294,-69.493,-71.7582,339.3118,-87.5541,-81.14,355.5159,-92.106,-62.3226,363.6514,-52.55,-60.463,347.626,-71.1758,-64.7669,364.8551,-78.8891,-48.5112,365.3648
-18.4369,-5.2732,284.251,-27.5434,0.0857,275.5993,-72.7033,-50.4859,291.4596,-57.1994,-54.4753,305.0506,-42.9979,-56.4386,315.9347,-26.5062,-53.6086,323.8436,-76.4738,-13.627,286.12,-105.8087,-21.8481,292.4274,-130.86,-32.3377,302.596,-108.6809,-66.9498,306.7158,-131.4181,-77.3547,316.3574,-147.8309,-76.152,329.4023,-86.463,-73.5463,332.3203,-107.2275,-87.0784,351.67,-117.9335,-73.3112,363.3681,-69.8963,-71.0076,340.0256,-87.8593,-80.7369,356.1138,-92.4072,-61.9952,364.4243,-53.1173,-59.3871,348.474,-72.0884,-63.5067,366.033,-79.6199,-47.1752,366.7815
-17.9599,-4.986,284.8133,-26.995,0.4729,276.1494,-72.5318,-49.9032,291.5479,-57.113,-54.0571,305.1864,-42.9722,-56.1632,316.1227,-26.499,-53.4748,324.1189,-76.0406,-12.7283,286.6615,-105.4186,-20.6357,292.9582,-130.4648,-30.8813,303.3849,-108.783,-66.2186,306.6366,-131.7864,-76.5716,316.2111,-148.2703,-75.3314,329.1626,-86.9141,-73.3591,332.0054,-108.1453,-87.1104,351.1121,-118.8021,-73.3597,362.8744,-70.2899,-70.9426,340.043,-88.685,-80.8947,356.1504,-93.2656,-62.2972,364.7615,-53.3455,-59.0704,348.6642,-72.5276,-63.0686,366.2022,-79.9233,-46.6797,367.0439
-16.2826,-5.648,284.6015,-25.1735,-0.2274,275.7658,-71.0088,-50.4646,290.7259,-55.812,-54.5596,304.6286,-41.8478,-56.6204,315.7981,-25.4993,-53.9059,324.0378,-74.5358,-12.4506,286.4701,-104.205,-19.7974,292.9039,-129.4049,-29.6034,303.3827,-107.4755,-66.0775,306.1083,-130.6364,-75.9936,315.878,-147.1944,-74.6941,328.7288,-85.8202,-73.3571,331.482,-107.1728,-86.7326,350.5897,-117.7912,-72.9223,362.3168,-69.6295,-70.9466,339.5579,-88.3715,-80.6112,355.5867,-93.0255,-62.2864,364.7268,-52.7847,-59.4088,348.0917,-72.2725,-63.3391,365.2715,-79.4465,-46.8663,366.3586
-15.3163,-6.0976,284.2902,-24.1185,-0.5949,275.4166,-70.3954,-50.5334,290.013,-55.3064,-54.7663,303.9917,-41.4202,-56.9506,315.2346,-25.0991,-54.3706,323.5714,-73.5549,-12.4291,285.6995,-103.1622,-19.5165,291.8578,-128.5056,-28.9898,302.2965,-106.7922,-66.0007,305.5239,-129.8551,-75.8016,315.3524,-146.4958,-74.5718,328.1029,-85.5648,-73.2516,330.5603,-107.0324,-86.3665,349.4101,-117.582,-72.4703,361.0977,-69.8596,-71.0264,338.6568,-89.148,-80.573,354.5424,-94.1634,-62.587,364.1522,-53.0811,-59.6042,347.3165,-73.2115,-63.3693,364.3989,-80.3419,-46.8873,365.6243
-14.3764,-6.459,283.811,-23.0088,-1.0174,274.7352,-69.5421,-50.8798,288.7659,-54.7221,-55.0161,303.0578,-41.053,-57.122,314.5783,-24.8952,-54.4815,323.209,-72.6008,-12.1938,284.9517,-102.2904,-18.8848,291.0681,-127.6129,-28.1627,301.7308,-106.1676,-65.984,304.4588,-129.4827,-75.599,314.4486,-146.2627,-74.5015,327.0273,-85.4372,-73.2372,329.3649,-107.2523,-86.1787,348.0492,-117.8338,-72.2733,359.6971,-70.1338,-71.3464,337.5792,-90.0146,-81.0707,353.3037,-95.5367,-63.4863,363.3683,-53.4769,-59.6146,346.4096,-74.0894,-63.3165,363.1415,-81.256,-46.8672,364.5773
-13.7101,-7.1264,283.532,-22.2795,-1.5479,274.4797,-69.2725,-51.0917,288.1003,-54.5128,-55.4548,302.3871,-40.8815,-57.7587,313.9144,-24.715,-55.319,322.588,-71.8555,-11.3943,285.5451,-101.4213,-17.2665,292.1442,-126.9024,-25.6179,303.188,-105.9725,-65.8374,303.6981,-129.2568,-75.1927,313.5941,-146.1136,-74.2335,326.0811,-85.4647,-73.4762,328.5489,-107.4466,-86.2749,347.1288,-118.2465,-72.7356,359.0053,-70.2323,-71.262,337.0434,-90.31,-80.4991,352.8651,-96.1347,-63.3484,363.4918,-53.6376,-60.0893,345.6041,-74.5477,-63.5381,362.2439,-81.588,-47.0529,363.8791
-13.0067,-7.265,283.0602,-21.4215,-1.6833,273.8659,-69.0482,-50.6411,287.4046,-54.4885,-55.0217,301.89,-41.0068,-57.3568,313.5857,-24.9123,-54.9988,322.4142,-71.2638,-10.1838,285.3888,-101.1097,-15.274,292.2887,-127.024,-22.6142,303.039,-106.0583,-64.5356,303.5011,-129.6757,-73.4022,313.7728,-146.5838,-72.4731,326.1927,-86.114,-71.4615,328.5924,-108.6645,-83.1838,347.6325,-119.6197,-70.0851,359.8557,-70.9311,-70.7082,336.4854,-91.5416,-79.904,352.2576,-97.7109,-62.8835,362.8992,-54.3017,-59.9489,345.0397,-75.6263,-63.5406,361.4565,-82.5869,-47.0572,363.4189
-13.2474,-6.9326,283.0113,-21.3439,-1.41,273.501,-69.8269,-49.6889,286.4243,-55.7243,-53.9896,301.3782,-42.6001,-56.2773,313.4829,-26.7362,-53.9418,322.7251,-71.4242,-8.954,283.9234,-101.2543,-13.4475,290.1315,-127.3416,-20.3635,300.7437,-107.318,-62.0685,302.953,-131.3384,-70.0001,313.5429,-148.4362,-68.919,325.6877,-87.9673,-68.833,328.2375,-110.9463,-79.4116,347.3797,-121.8262,-66.138,359.4809,-73.3609,-68.7911,335.8853,-94.5955,-77.4295,351.35,-101.2052,-60.3826,361.6803,-56.6548,-57.9305,344.8708,-78.3725,-60.8259,360.9462,-85.3998,-44.3747,362.9395
-14.196,-5.9153,283.2672,-22.0961,-0.3096,273.6411,-71.1441,-48.2494,285.663,-57.3176,-52.6915,300.8319,-44.4082,-55.1065,313.1411,-28.6784,-52.9128,322.6436,-72.5108,-7.0386,282.7924,-102.5105,-11.0427,288.238,-128.4452,-18.162,299.0873,-108.8335,-60.1217,302.153,-132.9935,-67.7322,312.7235,-150.2195,-66.7135,324.6911,-90.0155,-66.9786,327.1952,-113.2436,-77.1279,345.9233,-123.9351,-63.5331,357.8342,-75.482,-67.2706,335.2443,-96.9137,-75.6602,350.4888,-103.6899,-58.6423,360.7588,-59.509,-56.6478,344.1136,-82.0571,-59.3795,359.8157,-89.246,-43.0152,361.9441
-14.8913,-4.7593,283.0168,-22.6663,0.9951,273.3765,-72.1947,-46.651,284.5681,-58.5301,-51.3388,299.8096,-45.7427,-53.967,312.2022,-30.075,-51.9847,321.8525,-73.0963,-4.7264,282.5116,-102.9886,-8.1178,287.9265,-128.8498,-15.0063,299.0954,-109.9877,-57.2252,301.5563,-134.1701,-63.9912,312.4264,-151.2936,-62.8,324.5245,-91.4874,-65.0564,326.0238,-114.8602,-74.7848,344.6145,-125.2558,-60.7714,356.3003,-77.1303,-65.402,334.2511,-98.7782,-73.2887,349.4583,-105.1422,-56.2366,359.9332,-61.1188,-55.2522,342.9657,-83.7862,-57.6381,358.382,-90.7279,-41.1729,360.5521
-15.6678,-4.1194,282.5381,-23.3856,1.7817,272.9407,-73.0924,-45.8668,283.3003,-59.5063,-50.7908,298.5374,-46.7794,-53.6158,310.949,-31.1478,-51.8032,320.6908,-73.7757,-3.771,281.996,-103.5674,-7.0538,287.3497,-129.4579,-13.8639,298.499,-110.9451,-56.2231,300.4691,-135.224,-62.8658,311.4813,-152.3013,-61.5987,323.6369,-92.429,-64.324,324.7017,-115.7185,-73.8974,343.2103,-125.9439,-59.8038,354.9497,-78.0996,-64.772,333.0374,-99.6353,-72.443,348.2254,-105.7059,-55.3969,358.8827,-62.3533,-54.7928,341.6243,-85.1442,-56.9763,356.9131,-91.8725,-40.4498,359.2806
-15.7137,-3.9527,282.4053,-23.4195,1.9937,272.8261,-73.0058,-45.8877,282.6769,-59.453,-50.8793,297.9218,-46.7571,-53.7543,310.3536,-31.1628,-51.9629,320.159,-73.8109,-3.7052,282.0015,-103.6449,-7.0792,287.4338,-129.6165,-13.9024,298.3847,-110.7096,-56.1342,300.0263,-134.824,-62.6877,311.1225,-151.8747,-61.4718,323.3206,-92.2216,-64.581,324.1083,-115.3761,-74.2627,342.6118,-125.6431,-60.3057,354.4774,-78.0416,-64.6898,332.49,-99.5153,-72.196,347.6845,-105.6365,-55.1655,358.3378,-62.5746,-55.0588,340.7778,-85.5194,-57.3202,355.8388,-92.358,-40.8584,358.3375
-15.5501,-3.843,282.4026,-23.1868,2.0297,272.7232,-72.5415,-46.1855,282.0967,-59.1307,-51.051,297.507,-46.5592,-53.8112,310.0903,-31.0925,-51.8897,320.0715,-73.4441,-3.6833,282.6124,-103.2014,-7.0659,288.4679,-129.063,-14.0586,299.571,-110.1615,-56.4531,299.6339,-134.2286,-63.0217,310.8532,-151.198,-61.8845,323.1718,-91.7237,-65.1122,323.7832,-114.7732,-75.0562,342.3654,-125.1239,-61.3042,354.3963,-77.532,-65.2351,332.3256,-98.7607,-73.065,347.5657,-105.0045,-56.2147,358.4323,-62.378,-55.4562,340.5651,-85.1602,-58.0533,355.4886,-92.1482,-41.6797,358.1477
-15.3037,-3.8973,282.6152,-22.9561,1.9974,272.9616,-72.2203,-46.3391,282.1851,-58.7924,-51.2374,297.5701,-46.2091,-54.0216,310.1363,-30.7403,-52.1093,320.116,-73.3211,-3.8599,282.6547,-103.2319,-7.3384,288.4112,-129.012,-14.4694,299.6155,-109.7272,-56.7803,299.8,-133.7012,-63.4542,311.0593,-150.6181,-62.3549,323.4532,-91.2473,-65.416,323.933,-114.1926,-75.4401,342.5713,-124.5668,-61.7521,354.6549,-77.237,-65.2917,332.462,-98.5333,-73.0271,347.7854,-104.7945,-56.1735,358.6369,-62.1412,-55.4457,340.5614,-85.0337,-57.8781,355.4669,-91.9103,-41.4601,358.1432
-15.2679,-4.0966,282.7875,-23.0187,1.9417,273.3026,-72.2869,-46.4019,282.4677,-58.6915,-51.5323,297.6284,-45.9687,-54.5098,310.0084,-30.3796,-52.7636,319.8301,-73.4277,-4.1499,282.6841,-103.378,-7.7692,288.2581,-129.0667,-14.9362,299.6477,-109.7918,-56.8986,299.9344,-133.7247,-63.5969,311.0804,-150.6072,-62.5012,323.5214,-91.1676,-65.6133,323.9355,-114.1023,-75.5573,342.5137,-124.4556,-61.8576,354.602,-76.8754,-65.5722,332.4907,-98.0501,-73.1513,347.8938,-104.2348,-56.2242,358.6746,-61.9401,-55.9023,340.3681,-85.0381,-58.1994,355.3991,-91.778,-41.741,358.1731
-15.4588,-4.3765,282.6649,-23.1153,1.5403,273.028,-72.2366,-46.9999,281.939,-58.8168,-51.9294,297.3211,-46.2442,-54.7339,309.8935,-30.7972,-52.8201,319.9067,-73.5687,-4.3508,282.5931,-103.6025,-7.8576,288.287,-129.2706,-14.9829,299.749,-109.7871,-57.2186,299.785,-133.8541,-63.768,311.223,-150.6995,-62.6932,323.716,-91.1878,-65.868,323.8109,-114.0414,-75.7086,342.5124,-124.3358,-62.0084,354.6505,-77.0445,-65.8118,332.4012,-98.1077,-73.3876,347.7934,-104.2363,-56.4405,358.5747,-62.3727,-56.2396,340.2284,-85.4389,-58.7376,355.0736,-92.1073,-42.2758,357.9964
-15.5971,-4.6702,282.7291,-23.2669,1.2674,273.1156,-72.2572,-47.446,281.7997,-58.8285,-52.4055,297.1644,-46.252,-55.2302,309.7283,-30.8134,-53.3176,319.7547,-73.6997,-4.5729,282.7355,-103.7047,-8.0477,288.4588,-129.3705,-15.2007,299.9085,-109.742,-57.6142,299.8217,-133.7703,-64.1322,311.374,-150.5831,-63.1267,323.9166,-91.1369,-66.224,323.7856,-113.9439,-75.9788,342.578,-124.2077,-62.2974,354.7631,-76.9234,-66.2113,332.4575,-97.8982,-73.7207,348.001,-104.0078,-56.7708,358.7886,-62.3178,-56.6127,340.2012,-85.3306,-59.0196,355.1366,-91.9865,-42.5637,358.1203
-15.6606,-4.863,282.828,-23.3354,1.0771,273.2201,-72.2618,-47.715,281.8223,-58.8314,-52.677,297.1847,-46.2551,-55.5014,309.7489,-30.8224,-53.5812,319.7828,-73.7359,-4.7365,282.8977,-103.6963,-8.1924,288.6506,-129.3635,-15.3836,300.0735,-109.6743,-57.8429,300.0007,-133.6507,-64.3335,311.6506,-150.4633,-63.3556,324.1958,-91.0689,-66.4936,323.866,-113.8175,-76.2435,342.694,-124.0938,-62.5832,354.8922,-76.8656,-66.4675,332.4876,-97.7712,-73.957,348.0171,-103.9057,-57.0062,358.7893,-62.4217,-56.8547,340.198,-85.5362,-59.2493,355.1314,-92.2081,-42.8079,358.1589
-15.4638,-4.6777,283.0022,-23.1449,1.2576,273.3964,-72.0396,-47.5635,282.0138,-58.6018,-52.5171,297.3724,-46.0202,-55.3337,309.933,-30.5857,-53.4041,319.9625,-73.5313,-4.3614,283.2109,-103.4732,-7.7005,289.0431,-129.1249,-14.8941,300.4993,-109.5053,-57.6124,300.1987,-133.5405,-64.059,311.8648,-150.3492,-63.0833,324.4153,-90.879,-66.2685,324.1191,-113.6809,-75.9829,343.014,-123.9832,-62.3395,355.2091,-76.7178,-65.9928,332.8341,-97.7292,-73.2885,348.5092,-103.9152,-56.3387,359.2534,-62.0964,-56.2578,340.6407,-85.1646,-58.347,355.7786,-91.981,-41.9914,358.9461
-15.5238,-4.0644,283.0072,-23.1115,1.7117,273.2317,-71.8679,-47.2497,281.8376,-58.602,-51.9431,297.4256,-46.1673,-54.5389,310.1787,-30.8715,-52.4056,320.3779,-73.4365,-3.8269,283.4111,-103.3442,-7.1184,289.4607,-129.0199,-14.3121,300.8629,-109.3266,-57.0509,300.4008,-133.4362,-63.3592,312.3486,-150.2435,-62.4354,324.905,-90.6545,-65.6382,324.4792,-113.3005,-75.3142,343.5934,-123.6534,-61.7137,355.7936,-76.7514,-65.244,333.173,-97.6723,-72.5668,348.9023,-103.9255,-55.63,359.628,-62.356,-55.441,340.992,-85.3822,-57.661,356.0682,-92.3219,-41.3754,359.3275
-15.2836,-3.2213,283.4823,-22.9769,2.6754,273.8625,-71.7165,-46.2955,282.509,-58.2742,-51.1836,297.8847,-45.693,-53.9415,310.4588,-30.2728,-51.9471,320.4975,-73.3122,-3.0583,283.8108,-103.2115,-6.4642,289.7201,-128.9398,-13.6503,301.008,-109.0696,-56.3417,300.8176,-132.9955,-62.7766,312.5449,-149.8048,-61.9104,325.1026,-90.263,-64.9618,324.8675,-112.831,-74.6823,343.9038,-123.2076,-61.1124,356.118,-76.2828,-64.6246,333.4311,-97.1992,-71.9294,349.1388,-103.4854,-54.9901,359.8413,-61.8345,-54.8699,341.1994,-84.9719,-57.0125,356.3757,-91.9883,-40.7676,359.6731
-14.959,-2.9007,283.5614,-22.5485,2.8353,273.7636,-71.0917,-46.3567,282.2588,-57.8448,-50.9806,297.8838,-45.4317,-53.512,310.6707,-30.1734,-51.3015,320.9096,-72.8547,-3.1102,283.8228,-102.7548,-6.644,289.8015,-128.4932,-13.8875,301.0294,-108.4388,-56.4199,300.7972,-132.4387,-62.8867,312.7103,-149.2638,-62.0902,325.2515,-89.8985,-64.9155,324.8764,-112.5651,-74.7696,343.9641,-122.9944,-61.2415,356.1797,-75.9599,-64.4636,333.577,-96.8268,-71.9493,349.2341,-103.1484,-55.0171,359.9269,-61.6104,-54.5649,341.4089,-84.5578,-56.947,356.3723,-91.662,-40.7414,359.675
-14.4182,-2.9004,283.814,-22.1191,2.9549,274.175,-70.6127,-46.2816,282.6954,-57.1831,-51.0972,298.105,-44.6191,-53.7872,310.7109,-29.2355,-51.7094,320.7888,-72.432,-3.2816,283.8899,-102.3096,-6.9851,289.6589,-128.0453,-14.3082,300.8413,-107.9024,-56.7249,300.906,-131.786,-63.4138,312.5697,-148.6302,-62.7437,325.0927,-89.2876,-65.1302,324.9381,-111.9751,-75.047,343.9005,-122.4439,-61.5729,356.142,-75.2046,-64.7029,333.5919,-96.1225,-72.1683,349.2405,-102.4879,-55.249,359.9278,-60.7536,-54.9862,341.3491,-83.8144,-57.3837,356.3926,-90.9953,-41.2141,359.7063
-14.1015,-2.7027,283.6556,-21.7176,3.019,273.87,-70.0106,-46.4421,282.2272,-56.7445,-51.0375,297.8443,-44.3221,-53.5376,310.6284,-29.0782,-51.2748,320.8773,-72.0343,-3.3056,283.7841,-101.9696,-7.0683,289.6823,-127.7296,-14.4295,300.7836,-107.3548,-56.804,300.6548,-131.3695,-63.4674,312.505,-148.2299,-62.9443,325.0132,-88.7571,-65.1717,324.7501,-111.3846,-75.1622,343.7681,-121.8964,-61.7607,356.0523,-74.7437,-64.6625,333.5766,-95.532,-72.2646,349.2581,-101.9352,-55.3734,359.9672,-60.5041,-54.8448,341.3616,-83.4488,-57.4514,356.3177,-90.667,-41.3024,359.6502
-13.8128,-2.5482,283.6112,-21.4374,3.1579,273.8232,-69.5828,-46.4618,282.092,-56.3174,-51.0287,297.7179,-43.8994,-53.5006,310.5119,-28.6725,-51.1987,320.7773,-71.7459,-3.2454,283.8831,-101.7078,-7.059,289.8744,-127.5413,-14.4215,300.8025,-106.8475,-56.956,300.6522,-130.8272,-63.7089,312.5956,-147.7041,-63.3284,325.0866,-88.3363,-65.1935,324.7077,-111.0019,-75.2205,343.8133,-121.5769,-61.8834,356.1133,-74.2172,-64.7019,333.5453,-94.9295,-72.3544,349.2812,-101.3859,-55.4926,360.0047,-60.0856,-54.7842,341.323,-83.034,-57.4035,356.3323,-90.3439,-41.3094,359.73
-13.528,-2.271,283.7631,-21.1661,3.4031,273.9671,-69.1504,-46.3713,282.242,-55.8786,-50.8837,297.8784,-43.4596,-53.3056,310.6809,-28.2462,-50.9462,320.9533,-71.4388,-3.2219,284.0461,-101.3759,-7.1671,290.0482,-127.2001,-14.5835,300.9619,-106.3589,-56.9784,300.8035,-130.2862,-63.7995,312.7396,-147.1608,-63.5055,325.236,-87.7298,-65.177,324.9943,-110.2754,-75.2944,344.1881,-120.9063,-62.0221,356.51,-73.6301,-64.5284,333.7853,-94.2032,-72.1812,349.5401,-100.7216,-55.3394,360.2576,-59.5256,-54.764,341.5674,-82.3491,-57.5497,356.6089,-89.7926,-41.5283,360.0602
-12.9687,-2.1877,284.0065,-20.6216,3.4567,274.2049,-68.3831,-46.5458,282.3937,-55.1087,-51.0057,298.0429,-42.6936,-53.3775,310.8586,-27.5034,-50.9533,321.1502,-70.8326,-3.3682,284.3031,-100.7011,-7.4281,290.31,-126.5224,-14.9785,301.1383,-105.5842,-57.2952,300.9402,-129.5245,-64.2128,312.8756,-146.4028,-64.0369,325.3693,-87.0291,-65.4471,325.0628,-109.6437,-75.6784,344.2055,-120.3575,-62.4918,356.5478,-72.9051,-64.7041,333.9706,-93.5449,-72.4421,349.7602,-100.1697,-55.6369,360.4698,-58.7401,-54.6856,341.7938,-81.5177,-57.4072,356.847,-89.1385,-41.4879,360.3823
-12.4664,-1.9465,284.2677,-20.11,3.6352,274.423,-67.4976,-46.7663,282.3322,-54.2763,-51.1176,298.0568,-41.9155,-53.3875,310.9431,-26.8053,-50.8379,321.322,-70.3974,-3.8157,284.0552,-100.387,-8.2592,289.7996,-126.2437,-16.0526,300.3683,-104.6811,-57.8384,300.7909,-128.6328,-64.9704,312.681,-145.5713,-65.0008,325.0942,-86.0984,-65.5816,325.1456,-108.6325,-75.8239,344.328,-119.4818,-62.7368,356.6577,-72.099,-64.7825,333.995,-92.6978,-72.5591,349.7267,-99.5222,-55.7969,360.3784,-58.1946,-54.529,342.0258,-81.1662,-57.2302,357.1774,-89.0477,-41.4709,360.8549
-12.6405,-1.6236,284.4005,-20.2839,3.9271,274.5381,-67.5039,-46.6444,282.3651,-54.2996,-50.9424,298.1186,-41.9575,-53.1631,311.0314,-26.8784,-50.5552,321.4408,-70.5353,-3.6646,284.1792,-100.4899,-8.19,289.9262,-126.3714,-16.048,300.3857,-104.6865,-57.958,300.6755,-128.6366,-65.2454,312.4696,-145.6068,-65.3738,324.8387,-85.9659,-65.5948,325.0693,-108.3215,-75.9391,344.0959,-119.3004,-62.9636,356.4288,-72.1158,-64.7128,334.0298,-92.6942,-72.5936,349.7227,-99.6477,-55.872,360.3546,-58.2914,-54.3126,342.2098,-81.3129,-57.0662,357.4307,-89.5332,-41.4993,361.1854
-12.647,-1.2822,284.5588,-20.3003,4.2356,274.6856,-67.3999,-46.4392,282.569,-54.1908,-50.6822,298.3335,-41.848,-52.8542,311.2539,-26.779,-50.1945,321.6649,-70.5955,-3.4937,284.478,-100.6718,-8.1159,290.3338,-126.6401,-15.9777,300.5728,-104.632,-57.7754,300.8534,-128.6436,-65.0863,312.6453,-145.6311,-65.3088,324.9894,-85.9665,-65.4569,325.2691,-108.4555,-75.9135,344.3325,-119.5364,-63.021,356.6612,-72.025,-64.4088,334.3673,-92.6651,-72.3118,350.1761,-99.7648,-55.6464,360.7996,-58.1989,-54.285,342.6564,-81.3101,-57.2937,358.0969,-90.2976,-42.1785,361.9381
-12.6463,-0.4071,284.9387,-20.3299,5.0501,275.0554,-67.1966,-45.815,283.0996,-53.9597,-49.9569,298.8676,-41.6,-52.0392,311.7866,-26.5373,-49.2843,322.1819,-70.5766,-2.8857,285.0164,-100.6408,-7.6339,290.9764,-126.6459,-15.4672,301.1438,-104.2889,-57.4282,301.4955,-128.211,-64.9179,313.3596,-145.1872,-65.2385,325.717,-85.5898,-64.9739,325.8463,-107.9774,-75.6028,344.9418,-119.0927,-62.781,357.3132,-71.7889,-63.8647,334.8518,-92.473,-71.9669,350.655,-99.6513,-55.3339,361.2765,-57.8777,-53.9313,343.4112,-80.9969,-57.3593,359.0717,-91.0039,-43.0103,363.3104
-13.017,0.4208,285.503,-20.7138,5.8514,275.6153,-67.5247,-45.0433,283.7959,-54.2712,-49.1418,299.5612,-41.899,-51.1871,312.4742,-26.8306,-48.3975,322.8521,-70.9649,-1.8936,285.8332,-101.0582,-6.5318,291.9523,-127.0519,-14.2452,302.2397,-104.5592,-56.6213,302.3116,-128.4376,-64.0864,314.2499,-145.385,-64.4074,326.6468,-85.9662,-64.0797,326.5401,-108.4099,-74.6573,345.6442,-119.5163,-61.8701,358.0593,-71.8699,-63.17,335.5443,-92.337,-71.3532,351.2988,-99.5253,-54.7575,361.9717,-58.2888,-53.298,344.1571,-81.5811,-56.9264,359.9319,-92.2254,-43.1687,364.5603
-13.3275,1.2744,285.7705,-21.0362,6.6757,275.8761,-67.8587,-44.1697,284.2937,-54.5841,-48.222,300.0533,-42.1941,-50.2302,312.955,-27.1093,-47.4132,323.3016,-71.3098,-0.9886,286.3207,-101.4736,-5.5872,292.5874,-127.4787,-13.1999,302.9209,-104.8952,-55.6023,302.9071,-128.7789,-62.9749,314.9103,-145.7082,-63.2445,327.3332,-86.2195,-63.1743,327.1572,-108.6403,-73.7713,346.3664,-119.7246,-60.9602,358.7766,-72.1638,-62.1365,336.2185,-92.6825,-70.288,352.1457,-99.8274,-53.6588,362.7956,-58.6976,-52.2254,344.801,-82.1879,-55.8039,360.7888,-93.1803,-42.3819,365.5864
-13.3032,1.5201,285.8851,-21.0101,6.9028,275.979,-67.8505,-43.9079,284.506,-54.5773,-47.931,300.2743,-42.188,-49.9157,313.1803,-27.1023,-47.0818,323.5208,-71.2901,-0.7899,286.4169,-101.4671,-5.4068,292.6815,-127.4839,-12.9853,303.0106,-104.9318,-55.2304,303.2199,-128.8859,-62.5447,315.3088,-145.818,-62.8051,327.7281,-86.3191,-62.7199,327.4569,-108.8503,-73.2175,346.7519,-119.9353,-60.3851,359.1394,-72.2084,-61.6659,336.5202,-92.7829,-69.7189,352.5162,-99.9304,-53.0798,363.1489,-58.4676,-52.1026,345.3249,-81.7997,-55.8374,361.5446,-93.132,-42.7797,366.5522
-12.9862,1.544,286.0058,-20.6971,6.9003,276.0886,-67.5103,-43.9149,284.7369,-54.233,-47.8954,300.5125,-41.841,-49.8446,313.4214,-26.7554,-46.9795,323.7534,-70.7628,-0.9632,286.6885,-100.6569,-5.6585,293.0177,-126.7194,-13.1804,303.273,-104.5293,-55.2912,303.5002,-128.429,-62.6359,315.614,-145.3748,-62.9233,328.0138,-86.0252,-62.7284,327.6603,-108.607,-73.2641,346.9432,-119.7142,-60.4556,359.3356,-71.8726,-61.4269,336.8903,-92.4752,-69.3728,352.9908,-99.7046,-52.7638,363.6152,-57.8345,-52.1995,345.9012,-80.9491,-56.0817,362.3732,-92.6522,-43.4531,367.6226
-12.4265,1.55,286.0311,-20.1489,6.8755,276.1063,-66.9527,-43.9117,284.9681,-53.657,-47.8432,300.7404,-41.2499,-49.7523,313.6408,-26.1521,-46.8552,323.9461,-70.3431,-0.8408,286.748,-100.4291,-5.4659,293.1265,-126.5095,-12.9484,303.3647,-104.096,-55.2739,303.5754,-128.1038,-62.618,315.6024,-145.0521,-62.9193,327.9985,-85.4367,-62.666,327.924,-108.0144,-73.1968,347.2365,-119.1576,-60.4496,359.6597,-71.3772,-61.2107,337.2503,-92.1148,-69.0978,353.5014,-99.4837,-52.5752,364.1646,-57.1986,-52.0369,346.4545,-80.3739,-55.9049,363.2564,-92.5555,-43.9196,368.9099
-12.2807,1.7796,286.2085,-20.1104,7.2321,276.4378,-67.0259,-43.4244,285.4554,-53.5389,-47.5625,301.011,-40.9695,-49.6476,313.7257,-25.7222,-46.9146,323.8542,-70.2839,-0.5882,286.9163,-100.3184,-5.2695,293.1888,-126.397,-12.7325,303.4459,-104.1435,-54.8062,303.9698,-128.0904,-62.1494,315.9146,-145.0415,-62.4415,328.307,-85.2701,-62.2484,328.2169,-107.7799,-72.6664,347.5164,-118.9381,-59.9642,359.9722,-71.1901,-60.6776,337.4765,-92.0114,-68.277,353.8402,-99.4916,-51.8537,364.579,-56.9645,-52.0432,346.6763,-80.4428,-55.8973,363.8269,-93.0095,-44.5062,369.8536
-12.3677,2.0736,286.179,-20.0966,7.3771,276.2474,-66.9479,-43.3277,285.3271,-53.6367,-47.2255,301.0947,-41.2153,-49.1087,313.9852,-26.1011,-46.1971,324.2623,-70.1726,0.2174,287.2974,-100.0749,-4.0578,293.8958,-126.122,-11.4065,304.3144,-104.0741,-54.2491,304.2486,-128.0771,-61.3101,316.4818,-145.0257,-61.5883,328.878,-85.3079,-61.6953,328.4733,-107.7714,-71.9583,347.8921,-118.9322,-59.2753,360.3652,-71.3614,-59.9267,337.9735,-92.1471,-67.3857,354.5135,-99.7102,-51.0213,365.2841,-56.8099,-51.4073,347.5249,-79.8172,-55.3109,364.9533,-92.6362,-44.3748,371.2841
-12.1596,2.8764,286.4122,-19.8941,8.1573,276.4728,-66.8279,-42.4229,285.8178,-53.4991,-46.2867,301.579,-41.061,-48.1452,314.4568,-25.9249,-45.2238,324.699,-70.0498,1.0239,287.8257,-100.1439,-3.2562,294.6376,-126.2729,-10.4388,304.9664,-103.8772,-53.2081,304.9333,-127.8191,-60.1776,317.2861,-144.7466,-60.3638,329.7129,-85.205,-60.9102,328.9884,-107.7402,-71.304,348.4698,-118.9242,-58.661,360.9626,-71.1563,-58.8305,338.6657,-91.9406,-66.21,355.3848,-99.5972,-49.9054,366.1801,-56.6715,-50.6246,348.1851,-79.7942,-54.6862,365.8476,-92.809,-44.1457,372.444
-11.894,3.9663,287.23,-19.7481,9.3493,277.4405,-66.7751,-41.0787,287.1335,-53.2356,-45.1094,302.6717,-40.6195,-47.1113,315.3534,-25.322,-44.328,325.3921,-69.9353,2.1119,288.7788,-100.0908,-2.2368,295.5915,-126.2991,-9.3095,305.7947,-103.9761,-52.1296,305.7773,-128.0092,-59.2689,317.8218,-144.9647,-59.4744,330.21,-85.0096,-59.8475,329.8726,-107.5723,-70.313,349.1881,-118.8147,-57.7263,361.6854,-70.958,-57.6917,339.7141,-92.0501,-65.0475,356.6503,-99.9412,-48.9157,367.536,-56.4557,-49.3018,349.0025,-80.0162,-53.0657,366.8696,-93.2057,-42.8747,373.6651
-12.3362,4.6035,287.4123,-20.096,9.8018,277.4493,-66.9254,-40.7945,287.2212,-53.5643,-44.5256,302.987,-41.102,-46.273,315.8571,-25.9545,-43.2542,326.054,-70.251,2.4913,289.0525,-100.4258,-1.9069,296.0333,-126.5935,-9.135,306.2317,-104.0868,-51.7879,306.0389,-128.115,-58.8961,318.2062,-145.0734,-59.1422,330.5896,-85.3291,-59.5466,330.2012,-107.9333,-70.2358,349.5671,-119.2679,-57.7182,362.0506,-71.2753,-56.8604,340.2218,-92.1853,-64.1975,357.1064,-100.1784,-48.1,367.9682,-56.8707,-48.4852,349.569,-80.179,-52.4289,367.2973,-93.4685,-42.4443,374.2035
-12.4864,4.8918,287.5899,-20.248,10.0711,277.6184,-67.0345,-40.5558,287.437,-53.6746,-44.256,303.2111,-41.2146,-45.9768,316.0869,-26.0729,-42.9321,326.2847,-70.3421,2.5929,289.2307,-100.4468,-1.9012,296.2093,-126.5371,-9.254,306.5163,-104.1871,-51.6574,306.2177,-128.2129,-58.8365,318.3628,-145.1754,-59.0804,330.7408,-85.3791,-59.2606,330.4298,-107.9177,-69.9273,349.7794,-119.274,-57.4341,362.2675,-71.3584,-56.6455,340.4823,-92.2582,-64.0426,357.3966,-100.2866,-47.9651,368.2621,-57.0195,-48.4956,349.7303,-80.3636,-52.6924,367.4161,-93.7066,-42.8555,374.4304
-12.513,5.0394,287.8651,-20.2898,10.2202,277.9063,-67.0378,-40.4362,287.756,-53.6561,-44.1382,303.5113,-41.179,-45.8596,316.3704,-26.0259,-42.8127,326.5507,-70.4579,2.6841,289.4775,-100.6792,-1.8556,296.448,-126.705,-9.3137,306.842,-104.2364,-51.5882,306.4921,-128.3176,-58.8077,318.6212,-145.2692,-59.0652,331.0139,-85.4159,-59.2545,330.7037,-108.0241,-70.015,350.0607,-119.3778,-57.5526,362.582,-71.4307,-56.7448,340.6849,-92.4557,-64.31,357.5836,-100.4831,-48.2994,368.5481,-56.9676,-48.6264,350.0045,-80.3247,-53.0151,367.7091,-93.7162,-43.3482,374.8658
-12.9775,4.8629,288.14,-20.8683,10.1923,278.3507,-67.6725,-40.4079,288.2223,-54.0935,-44.3492,303.7489,-41.4504,-46.2718,316.416,-26.1496,-43.4039,326.4259,-71.1199,2.2906,289.6324,-101.464,-2.4808,296.4447,-127.4678,-10.0694,306.7992,-104.8942,-51.9142,306.6978,-128.9907,-59.3631,318.6585,-145.9363,-59.6737,331.0581,-85.9712,-59.7199,330.7557,-108.6924,-70.6755,350.0051,-120.0454,-58.2593,362.5729,-71.835,-57.1164,340.7232,-92.9997,-64.6703,357.6545,-101.0247,-48.6981,368.6766,-57.4949,-49.3077,349.828,-81.2918,-53.7898,367.5945,-94.7317,-44.256,374.8386
-13.4415,4.5344,288.2417,-21.3297,9.8771,278.4575,-68.1155,-40.7619,288.217,-54.5427,-44.7239,303.7438,-41.9053,-46.6625,316.4142,-26.6111,-43.8049,326.437,-71.5476,1.9973,289.6232,-101.8093,-2.7512,296.3517,-127.8065,-10.3993,306.6789,-105.3433,-52.2442,306.6496,-129.4289,-59.6729,318.575,-146.3803,-59.9917,330.9664,-86.3742,-60.1207,330.6798,-109.0292,-71.079,349.8506,-120.3893,-58.6752,362.4241,-72.3014,-57.4879,340.5876,-93.431,-65.0131,357.3916,-101.4781,-49.0704,368.4403,-57.9532,-49.5597,349.7921,-81.7246,-53.9244,367.5058,-95.1869,-44.4593,374.7981
-13.5413,4.2246,288.1958,-21.4343,9.5881,278.4269,-68.231,-41.0526,288.1248,-54.649,-45.0479,303.635,-42.0037,-47.0143,316.2932,-26.7017,-44.1804,326.3109,-71.6461,1.6584,289.615,-101.9108,-3.1211,296.3585,-127.92,-10.7683,306.6563,-105.4506,-52.739,306.4661,-129.5376,-60.3019,318.3359,-146.4689,-60.6202,330.7548,-86.482,-60.5082,330.5765,-109.1512,-71.5179,349.7623,-120.4999,-59.1292,362.3609,-72.3488,-57.8891,340.4867,-93.4357,-65.446,357.2989,-101.4776,-49.5232,368.3801,-57.9954,-49.8929,349.7093,-81.7218,-54.224,367.4497,-95.1927,-44.8048,374.7852
-13.4317,3.4188,288.2083,-21.458,8.9519,278.6448,-68.3202,-41.6169,288.4013,-54.5062,-45.8866,303.631,-41.6659,-48.0838,316.0527,-26.1904,-45.4559,325.8578,-71.5809,0.7014,289.8534,-101.7602,-4.2663,296.6021,-127.811,-11.9268,306.7841,-105.4099,-53.4429,306.6757,-129.3334,-61.0709,318.463,-146.1721,-61.4235,331.0062,-86.0935,-61.6384,330.584,-108.5552,-72.8396,349.7503,-119.821,-60.4997,362.4707,-72.1428,-58.8534,340.2877,-93.3751,-66.3563,357.1714,-101.3623,-50.4703,368.3446,-57.5148,-50.7715,349.4476,-81.3009,-54.8079,367.3605,-94.7431,-45.3994,374.7623
-13.7953,2.9429,287.9296,-21.7678,8.367,278.2593,-68.4097,-42.4252,287.9102,-54.7089,-46.5153,303.2907,-41.9688,-48.5564,315.8415,-26.5991,-45.7729,325.7693,-71.9559,0.109,289.7514,-102.302,-4.8842,296.7,-128.3767,-12.6378,306.7493,-105.6337,-54.2784,306.3097,-129.7808,-61.9675,318.2454,-146.5782,-62.4183,330.8408,-86.0303,-62.319,330.4257,-108.2739,-73.5423,349.6963,-119.4928,-61.2212,362.4761,-72.2933,-59.5213,340.1631,-93.4138,-67.1581,357.1026,-101.3557,-51.3175,368.3721,-57.5857,-51.4243,349.318,-81.0075,-55.696,367.1176,-94.4032,-46.3074,374.6282
-14.0377,2.7774,287.9963,-22.0469,8.2046,278.358,-68.5494,-42.7141,288.0155,-54.8005,-46.8067,303.3524,-42.0241,-48.8464,315.8665,-26.6357,-46.0497,325.7615,-72.1989,-0.2422,289.8741,-102.5242,-5.3498,296.8375,-128.5661,-13.2613,306.8488,-105.6214,-54.578,306.4308,-129.5763,-62.2442,318.3302,-146.3267,-62.712,330.9874,-86.1344,-62.574,330.5796,-108.4125,-73.7844,349.938,-119.6101,-61.4387,362.7128,-72.3347,-59.7215,340.1981,-93.4296,-67.2902,357.1319,-101.3561,-51.4595,368.4261,-57.5441,-51.7073,349.3772,-80.8976,-55.9821,367.2206,-94.2814,-46.5999,374.7604
-14.3628,2.7685,288.1007,-22.4049,8.1774,278.4795,-68.6908,-42.9422,288.1161,-54.9079,-47.0017,303.4313,-42.1089,-49.008,315.9277,-26.7205,-46.1637,325.8091,-72.4743,-0.4583,290.1745,-102.7406,-5.6786,297.2439,-128.7409,-13.75,307.236,-105.5233,-54.932,306.8153,-129.2862,-62.6673,318.8793,-145.9269,-63.1083,331.6814,-85.8528,-62.9306,330.837,-107.8032,-74.2296,350.2769,-118.937,-61.8303,363.0556,-72.2093,-59.8666,340.4003,-93.1154,-67.4083,357.3976,-101.0158,-51.5786,368.7114,-57.4854,-51.8072,349.4633,-80.6895,-56.0638,367.3042,-94.0441,-46.6451,374.8502
-15.0806,2.7262,288.2366,-23.226,8.0777,278.6704,-68.9967,-43.4689,288.4913,-55.09,-47.4285,303.7205,-42.2019,-49.3394,316.14,-26.7828,-46.3728,325.9373,-73.2645,-1.0851,290.5536,-103.6154,-6.6429,297.7614,-129.6078,-14.8993,307.6218,-105.661,-55.9676,307.412,-129.3905,-64.0568,319.6577,-145.8334,-64.4799,332.7134,-85.6888,-63.4258,331.3562,-107.3582,-74.7547,350.9271,-118.3683,-62.2382,363.6987,-72.1248,-60.2765,340.7357,-92.8875,-67.8654,357.802,-100.6554,-52.0408,369.2145,-57.3324,-52.1378,349.7227,-80.3423,-56.4799,367.6377,-93.5288,-46.8417,375.2021
-16.2504,2.9224,288.5511,-24.4815,8.2318,279.0349,-69.8405,-43.649,289.0056,-55.8293,-47.535,304.1576,-42.8651,-49.3752,316.5085,-27.4175,-46.3162,326.2321,-74.348,-1.3,291.2955,-104.5832,-7.0793,298.7294,-130.5347,-15.4768,308.5783,-106.2283,-56.1286,308.2265,-129.6971,-64.1776,320.6232,-145.9495,-64.4848,333.9186,-85.9062,-63.4497,332.1313,-107.1212,-74.6753,351.8627,-117.9997,-62.0465,364.6367,-72.376,-60.4522,341.35,-92.7894,-68.1144,358.5335,-100.3919,-52.2827,370.0469,-57.5412,-51.9816,350.191,-80.1232,-56.2287,368.1515,-93.107,-46.2544,375.6306
-17.3919,3.5288,289.1492,-25.7151,8.7833,279.6827,-70.6745,-43.3897,289.9338,-56.5466,-47.1825,305.0009,-43.4959,-48.9367,317.2729,-28.0097,-45.776,326.9023,-75.5073,-0.6918,292.2497,-105.6895,-6.4352,299.8674,-131.5571,-14.9504,309.8351,-106.8748,-56.0702,309.3046,-130.198,-64.2401,321.7848,-146.2958,-64.5377,335.2671,-86.3433,-63.2217,333.1703,-107.3508,-74.5298,353.0305,-118.2267,-61.9024,365.808,-72.836,-60.1392,342.3607,-93.1659,-67.9014,359.7441,-100.7096,-52.0629,371.2868,-58.1157,-51.6405,350.6771,-80.6402,-56.0281,368.4648,-93.4895,-45.788,375.8157
-18.6391,4.7195,289.6205,-27.2033,10.01,280.392,-71.6182,-42.5227,291.1665,-57.1333,-46.3678,305.8771,-43.8001,-48.1555,317.8366,-28.1199,-44.9899,327.145,-76.8315,0.0737,293.2549,-106.9159,-5.9497,301.0522,-132.6789,-14.5973,311.1759,-107.4248,-55.584,310.9645,-130.4786,-63.9935,323.7113,-146.2664,-64.1415,337.5578,-85.9724,-62.4452,334.5945,-106.1767,-73.7088,354.7136,-116.8742,-60.9433,367.5043,-72.5416,-59.0304,343.383,-92.3295,-66.5175,360.971,-99.7012,-50.5478,372.4439,-57.835,-50.3866,351.3497,-80.0202,-54.4157,369.4208,-92.6251,-43.8471,376.7298
-20.9097,5.6104,289.5894,-29.6038,10.6469,280.3403,-72.8504,-42.7547,291.5858,-58.2581,-46.1781,306.2944,-44.8668,-47.5896,318.2394,-29.2414,-44.0176,327.4926,-78.842,-0.2075,293.9349,-108.6888,-6.7871,302.1756,-134.3503,-15.7032,312.3241,-107.9389,-56.3015,312.3238,-130.5313,-65.0239,325.6764,-145.8404,-64.9212,340.0506,-85.8934,-62.0556,335.9564,-105.1522,-73.1206,356.6276,-115.6601,-60.1955,369.4154,-72.6097,-58.5693,344.374,-91.5496,-66.0651,362.216,-98.8447,-49.9615,373.5499,-58.0306,-49.665,352.1366,-79.3497,-53.847,370.3861,-91.6433,-42.9082,377.6807
-21.9253,5.3761,289.7589,-30.7962,10.3632,280.652,-73.302,-43.5679,292.1911,-58.4789,-46.9045,306.6874,-44.9154,-48.2287,318.4466,-29.2084,-44.5315,327.5106,-79.8211,-1.0828,294.806,-109.6112,-8.038,303.4067,-135.049,-17.3211,313.7866,-107.786,-57.5646,313.6134,-129.9822,-66.5737,327.4022,-144.8812,-66.283,342.1987,-85.2426,-62.6552,336.9222,-103.8038,-73.5786,357.8907,-114.2035,-60.6252,370.7382,-72.1586,-58.7871,345.1324,-90.7067,-65.9756,363.301,-97.9753,-49.7865,374.5295,-57.5136,-49.9147,352.6434,-78.4377,-53.8941,371.2222,-90.6048,-42.8308,378.541
-22.9518,5.1007,289.9582,-31.9722,10.0465,280.9766,-73.7384,-44.4457,292.5803,-58.7297,-47.7091,306.9012,-45.0317,-48.9563,318.512,-29.2755,-45.1398,327.4403,-80.7838,-1.8201,295.3626,-110.403,-9.0208,304.0921,-135.7564,-18.4948,314.5059,-107.8428,-58.7338,314.291,-129.7494,-67.9116,328.2367,-144.3258,-67.3711,343.3441,-84.9146,-63.4261,337.585,-103.0516,-74.3125,358.8382,-113.314,-61.2947,371.7308,-71.6588,-59.4875,345.6438,-89.7214,-66.6313,364.0488,-96.8906,-50.3484,375.2052,-57.3795,-50.3669,352.8001,-78.1456,-54.2293,371.5386,-90.1067,-42.9005,378.7906
-25.0452,5.5672,290.4644,-34.1979,10.3102,281.5073,-74.7187,-45.0868,293.2423,-59.6012,-48.014,307.5214,-45.8462,-48.9552,319.0935,-30.1528,-44.7893,327.9761,-82.6691,-2.4154,296.267,-112.0713,-10.1347,305.2202,-137.3315,-19.976,315.5192,-108.031,-59.9504,315.8671,-129.4612,-69.5124,330.422,-143.4766,-68.5033,346.028,-84.7221,-63.62,338.8224,-102.0212,-74.3668,360.3774,-111.9988,-61.1627,373.3041,-71.5243,-59.1434,346.9199,-88.8195,-66.0055,365.6619,-95.789,-49.4453,376.5332,-57.1155,-49.9864,353.6795,-76.7692,-53.7747,372.4154,-88.3347,-41.9178,379.462
-26.7122,6.4668,291.5593,-36.0155,11.1294,282.7159,-75.7852,-44.7449,294.7531,-60.4792,-47.5385,308.8571,-46.5876,-48.3548,320.2745,-30.8444,-44.0361,328.9944,-84.1596,-2.3847,297.7199,-113.33,-10.5728,306.8107,-138.394,-20.7793,317.233,-108.4232,-59.9578,317.9294,-129.3489,-69.7114,332.7888,-142.9963,-68.4061,348.6961,-84.6433,-62.9349,340.6618,-101.173,-73.467,362.4181,-110.9613,-60.1132,375.3358,-71.5193,-58.4601,348.389,-88.155,-65.203,367.1484,-95.019,-48.4842,377.8428,-57.4054,-48.8958,354.8945,-76.6764,-52.4217,373.6859,-88.0514,-40.3085,380.6054
-28.2501,7.1908,292.5971,-37.5555,11.6582,283.6556,-76.5409,-44.7647,295.6992,-61.3043,-47.2403,309.9371,-47.4917,-47.7758,321.4664,-31.8868,-43.1629,330.2837,-85.6773,-2.017,298.9174,-114.9263,-10.329,308.1938,-139.808,-20.7941,318.7949,-109.0654,-59.9915,319.4134,-130.0649,-69.8227,334.7246,-143.4539,-68.3205,350.8329,-85.0652,-62.4293,342.0165,-101.2778,-72.7932,363.9052,-110.9314,-59.2969,376.776,-71.8903,-57.4958,349.9679,-88.089,-63.9492,368.8906,-94.7756,-47.0349,379.3881,-58.1004,-47.6469,356.2931,-77.019,-50.883,375.0643,-88.1995,-38.4729,381.7713
-30.3354,8.5121,293.8952,-39.8352,12.8298,285.0855,-77.6242,-44.3266,297.4788,-62.1631,-46.5569,311.5137,-48.1959,-46.8669,322.8636,-32.5658,-41.9902,331.4924,-87.5908,-1.6204,300.4908,-116.5362,-10.3789,309.8282,-141.2004,-21.2135,320.5656,-109.0768,-59.7095,322.0862,-129.2235,-69.5628,337.8484,-142.0729,-67.629,354.3454,-84.8423,-61.1905,344.3157,-100.2187,-71.112,366.5552,-109.56,-57.3171,379.3395,-71.8327,-55.946,351.829,-87.377,-61.9167,370.8775,-93.8948,-44.6966,380.9764,-58.0071,-45.9226,357.9378,-76.2336,-48.7398,376.8835,-87.1114,-35.8795,383.2306
-31.9135,9.4064,294.8844,-41.5321,13.5765,286.1326,-78.4368,-44.0787,298.8754,-62.8511,-46.0697,312.8082,-48.8041,-46.1661,324.0631,-33.1852,-41.0578,332.5772,-89.021,-1.6297,301.7286,-117.8312,-10.855,311.1902,-142.2739,-22.1083,322.0031,-109.2789,-59.9769,323.9313,-129.0374,-70.1618,339.983,-141.5261,-67.9038,356.7142,-84.7322,-60.4386,346.1784,-99.54,-70.1627,368.7615,-108.7607,-56.1786,381.4273,-71.9445,-55.222,353.1948,-87.0669,-61.14,372.2326,-93.6044,-43.7588,382.0383,-58.3064,-44.7098,359.059,-76.1994,-47.311,377.921,-86.9767,-34.2497,384.0242
-33.0749,10.0117,295.9063,-42.8345,14.0301,287.2402,-78.6972,-44.2152,300.271,-62.9617,-45.9611,314.0676,-48.8183,-45.8362,325.2007,-33.2104,-40.4809,333.5823,-90.0187,-1.7052,303.1862,-118.6313,-11.2471,312.8559,-142.6998,-22.9956,323.9771,-109.145,-60.3059,325.9207,-128.7426,-70.6625,342.43,-140.8381,-67.9565,359.3821,-84.1991,-60.2354,347.7812,-98.536,-69.8717,370.5406,-107.617,-55.7246,383.1261,-71.3886,-54.6274,354.8094,-86.1198,-60.3653,374.1342,-92.606,-42.827,383.6913,-58.0692,-43.8671,360.2327,-75.7365,-46.2736,379.1732,-86.3619,-32.9359,384.9358
-34.4983,10.7342,297.0697,-44.4796,14.5498,288.5661,-78.8712,-44.4631,302.0995,-62.8824,-45.8829,315.6399,-48.5679,-45.4642,326.5449,-32.9459,-39.7825,334.6817,-91.2757,-1.9949,304.7203,-119.6199,-12.016,314.5048,-143.1992,-24.4132,325.9646,-108.0795,-60.9573,328.5896,-126.7554,-71.5037,345.5275,-138.0704,-67.8223,362.8312,-82.7284,-59.6333,350.0081,-96.0016,-68.8297,372.9942,-104.7251,-54.2805,385.3724,-69.9609,-53.5601,356.5694,-83.6656,-58.7466,375.8037,-89.9861,-40.8413,384.7733,-56.6575,-42.7997,361.687,-73.2598,-44.9122,380.5956,-83.4748,-31.0004,385.706
-35.7567,10.7153,298.0191,-45.924,14.3717,289.6671,-79.1311,-45.2133,303.6445,-62.9233,-46.3786,316.9468,-48.4587,-45.7314,327.6405,-32.8147,-39.7981,335.5523,-92.335,-2.7637,306.358,-120.4606,-13.148,316.4728,-143.6102,-26.0359,328.2625,-107.5998,-61.9859,330.8778,-125.8496,-72.7379,348.3356,-136.3851,-68.0211,365.8786,-81.9403,-59.6609,351.7082,-94.5794,-68.4885,374.8112,-102.9087,-53.5414,386.9852,-69.2128,-53.2849,358.1274,-82.4581,-58.1056,377.5841,-88.5772,-39.8735,386.019,-56.0859,-42.0791,362.7913,-72.3013,-43.6684,381.7715,-82.1781,-29.2969,386.2335
-37.1596,11.1351,299.0571,-47.386,14.5558,290.6775,-79.4345,-45.6104,304.8685,-63.224,-46.4008,318.195,-48.7886,-45.4244,328.9031,-33.2743,-39.1515,336.8084,-93.3781,-2.9908,307.8202,-121.1687,-13.5932,318.1787,-143.7806,-27.0003,330.4242,-106.8305,-62.2575,333.2498,-124.3907,-72.928,351.4416,-134.1846,-67.3417,369.1581,-80.9096,-59.1673,353.6738,-92.6125,-67.6151,377.1509,-100.506,-52.3047,389.1627,-68.394,-52.138,359.8642,-80.7131,-56.3565,379.3186,-86.6006,-37.8149,387.2272,-55.4199,-41.1258,364.2953,-70.5946,-42.4787,383.1301,-80.0879,-27.702,387.0706
-38.2754,11.8822,300.6104,-48.8242,15.1822,292.5896,-79.2791,-45.7028,307.2175,-62.6427,-46.3033,320.0186,-47.896,-45.1479,330.2753,-32.2588,-38.652,337.7464,-94.4308,-3.3791,309.7272,-121.9987,-14.5989,320.0863,-143.8767,-28.7505,332.8176,-105.4028,-63.0126,336.1144,-122.041,-74.0372,354.5189,-131.1031,-67.6096,372.3393,-79.3925,-58.0187,355.9759,-90.3769,-65.7016,379.5565,-97.9473,-49.9707,391.2281,-66.1917,-54.5205,361.0393,-78.2581,-54.8403,380.6173,-84.116,-36.0024,387.8159,-53.8984,-40.184,365.2295,-68.5623,-41.2221,383.8531,-77.6892,-26.0274,386.987
-39.4804,12.6862,301.955,-50.2636,15.7626,294.1603,-79.1702,-45.6981,309.5046,-62.2531,-45.9468,321.9444,-47.3149,-44.4816,331.8794,-31.6536,-37.6633,339.0046,-95.3253,-3.6921,311.5446,-122.5033,-15.4258,322.0296,-143.339,-30.4376,335.5025,-104.1555,-62.7998,339.3333,-120.0,-73.6449,358.2492,-127.9563,-65.8047,376.0321,-77.5649,-56.9967,358.3426,-87.4895,-64.1589,381.9346,-94.6076,-47.8884,393.142,-64.4114,-54.8371,363.0157,-76.1237,-53.1301,382.7365,-81.9886,-34.0566,389.2793,-52.5119,-38.7387,366.7196,-66.4963,-39.4597,385.3008,-75.2978,-23.952,387.7591
-41.709,13.5396,303.4201,-52.8381,16.3628,296.0262,-79.946,-45.5477,312.7808,-62.5667,-45.3987,324.5679,-47.2928,-43.5889,333.9186,-31.5069,-36.4299,340.4062,-97.0313,-4.3466,313.7883,-123.5655,-16.7809,324.4529,-143.2308,-32.6218,338.7126,-103.4621,-63.0082,343.1486,-118.2095,-73.9581,362.1929,-125.2545,-65.0852,379.8746,-76.1984,-55.7285,361.3675,-84.9048,-62.326,384.8708,-91.7575,-45.6305,395.6086,-62.7928,-55.2398,365.4306,-74.045,-50.6504,384.9581,-79.8717,-31.3145,390.7175,-51.6795,-36.8833,368.2271,-65.0405,-37.1836,386.6538,-73.6264,-21.4534,388.3403
-43.7641,14.785,304.8544,-55.1198,17.27,297.6871,-80.3263,-45.1268,315.5679,-62.6995,-44.4492,326.9624,-47.2716,-42.1844,335.9541,-31.5261,-34.5856,342.0267,-98.576,-4.2806,316.3868,-124.7116,-17.2417,327.6333,-143.0917,-33.8216,342.7423,-102.1283,-62.8599,347.1328,-115.8366,-74.0098,366.9795,-122.0873,-64.1891,384.4576,-75.1369,-53.8089,364.4701,-83.0889,-59.793,388.4509,-89.7228,-42.6568,398.6166,-61.3985,-54.6288,367.8063,-72.2849,-48.2065,387.022,-78.0678,-28.6015,391.8389,-50.5225,-34.3093,370.1214,-62.8862,-34.1294,388.4069,-71.2788,-18.2199,389.0777
-46.2955,16.5378,305.8589,-58.0587,18.5876,299.2314,-80.5646,-44.1718,319.3113,-62.4207,-42.8164,329.7975,-46.6363,-39.9758,337.9697,-30.8313,-31.8443,343.1286,-100.2398,-4.6305,318.9997,-125.6628,-18.6242,330.9142,-142.0714,-36.0669,347.2699,-100.2515,-61.3989,352.1797,-112.5141,-72.1294,372.6531,-117.7682,-61.0356,389.6919,-72.7781,-50.3259,368.0072,-79.3246,-55.0724,392.1581,-85.7882,-37.3216,401.3305,-58.483,-52.0532,370.8755,-68.7064,-43.1066,389.4345,-74.5895,-23.2006,392.6189,-48.5776,-30.2551,371.2432,-59.8233,-29.2481,389.0591,-68.144,-13.3006,388.392
-50.2696,17.4273,306.0703,-62.5016,18.9233,300.1848,-81.7921,-43.6542,323.8574,-63.0388,-41.4397,333.0448,-46.8356,-37.8875,340.0334,-30.9656,-29.1571,343.8361,-102.9191,-5.4824,322.1312,-127.293,-20.2003,335.3659,-141.0384,-38.2708,353.4082,-98.8985,-60.956,357.8404,-109.4676,-71.6458,378.8366,-113.7072,-59.2577,395.2549,-71.0761,-46.9156,371.9536,-76.12,-50.352,396.3713,-82.4177,-31.9331,404.2507,-56.3558,-48.9821,374.0227,-66.0518,-37.8896,391.6846,-72.2394,-17.8763,393.1617,-47.2759,-25.9609,372.1689,-57.4032,-23.9763,389.7612,-66.1486,-8.3411,388.0124
-54.6967,18.376,306.3006,-67.2653,19.2973,301.0395,-83.1604,-43.114,327.5092,-64.0343,-40.0177,335.609,-47.6144,-35.7343,341.6123,-31.8695,-26.3862,344.3042,-105.589,-6.374,324.8879,-128.592,-21.7825,339.2023,-139.7247,-40.3457,358.5018,-96.6493,-58.9307,363.3242,-104.8564,-68.5542,385.1155,-108.4404,-54.9628,400.7177,-68.8192,-45.0605,375.0003,-72.9436,-44.1847,399.6422,-79.2704,-25.1815,405.9547,-54.2611,-45.1173,376.7802,-63.4321,-32.0182,393.3122,-70.2371,-12.1524,393.1168,-46.8797,-21.7662,372.4945,-55.9273,-18.9815,389.4866,-65.1669,-3.8014,386.6241
-58.8702,18.7644,307.0006,-71.8687,19.4302,302.8661,-84.6543,-42.3226,332.3887,-64.9142,-38.8369,338.648,-48.0699,-34.2471,343.0301,-32.2491,-24.6958,344.0347,-108.0209,-7.8514,327.8416,-129.5657,-24.1098,342.7256,-137.6116,-43.3892,362.8395,-94.2137,-56.9901,369.0239,-99.8279,-65.6043,390.5398,-102.587,-50.9361,405.3125,-66.2325,-43.222,378.3851,-69.6481,-37.1574,402.3966,-75.8239,-17.4559,406.2324,-52.5313,-41.3692,379.0631,-61.5319,-26.5854,394.2099,-68.9813,-7.0422,392.3209,-43.4112,-23.1523,373.9851,-53.4616,-16.0911,388.4809,-62.8887,-1.3555,384.2393
-61.2142,17.1556,307.0698,-74.4035,17.5641,303.552,-85.3322,-42.7042,336.6692,-65.3323,-38.8343,341.771,-48.3236,-33.9661,345.0882,-32.5342,-24.3135,344.8424,-108.9624,-9.9693,330.1365,-129.4455,-26.2884,345.8933,-135.3565,-45.486,366.8101,-92.5872,-55.317,374.2999,-96.7958,-62.6338,396.1297,-98.6795,-46.85,409.8529,-65.9068,-38.3351,381.7637,-68.3494,-31.3533,405.6444,-74.6404,-11.3785,407.2034,-51.0029,-37.8415,381.787,-59.6592,-21.3892,395.3292,-67.5124,-2.1827,392.0983,-40.6988,-23.5956,375.775,-50.9642,-14.5287,388.9436,-60.6838,-0.319,383.6889
-62.9462,14.7987,306.6806,-76.2516,14.969,303.6087,-85.7287,-43.3577,340.4414,-65.5828,-39.1469,344.6138,-48.493,-34.0492,347.0537,-32.769,-24.3803,345.7107,-109.5275,-11.8192,332.1793,-129.1258,-27.5965,349.0064,-133.8617,-46.4774,370.5024,-91.6257,-53.5148,378.7768,-95.0038,-59.3334,400.7375,-96.1903,-42.6767,413.4712,-64.2391,-36.0005,384.4672,-66.1789,-26.1031,407.3425,-72.8693,-6.2008,406.9715,-50.4566,-34.893,383.9919,-59.167,-17.2003,395.8282,-67.3452,1.6123,391.3335,-39.2521,-22.8626,377.0103,-50.0027,-11.9356,388.2364,-59.978,1.6595,381.9384
-64.7665,12.5487,306.0244,-78.165,12.616,303.3838,-86.6011,-43.5887,343.6122,-66.3164,-39.2545,346.8904,-49.1406,-34.1138,348.4913,-33.4404,-24.6066,346.1138,-110.1169,-13.3418,334.1866,-128.9513,-28.643,352.3437,-132.6583,-47.2265,374.2962,-90.3968,-51.75,382.6807,-92.571,-56.4248,405.0589,-93.0795,-39.2162,417.0841,-63.6377,-32.7362,386.2647,-64.7717,-21.5559,408.5966,-71.9654,-1.9081,406.8034,-49.6471,-31.3996,385.3882,-58.1195,-12.4372,395.2699,-66.618,5.9043,389.5809,-39.1467,-20.7211,377.3603,-49.9111,-8.7218,387.4174,-60.0846,4.2219,380.1401
-66.0777,9.9374,305.2476,-79.5053,9.9825,302.7582,-87.7879,-44.5674,345.2338,-67.443,-40.2308,348.1112,-50.2216,-35.1349,349.3165,-34.4974,-25.8213,346.3936,-110.8378,-14.7283,334.9096,-129.1913,-29.203,353.7428,-132.9257,-47.4073,376.0061,-90.7913,-51.967,384.3546,-92.497,-56.1695,406.5725,-92.5916,-38.8377,418.43,-64.8194,-29.1594,386.4588,-64.2082,-19.7568,409.6151,-71.6251,-0.278,407.0524,-50.7123,-30.1049,385.9697,-59.1524,-10.5367,394.6212,-67.6548,7.5403,388.1457,-39.7407,-20.3028,377.4751,-50.5593,-7.4865,386.4025,-60.7941,5.0607,378.54
-67.3379,7.871,304.4599,-80.7743,7.9252,302.0192,-89.1825,-45.4938,345.8847,-68.8044,-41.1949,348.5777,-51.552,-36.1624,349.5916,-35.7903,-27.0094,346.3778,-111.6541,-16.1766,335.3691,-129.8769,-30.3995,355.0495,-136.8817,-48.1985,376.8468,-91.9961,-52.224,385.3551,-93.6116,-56.0882,408.0175,-93.5559,-38.8001,419.9388,-66.1184,-27.9819,386.2652,-64.4379,-19.7152,409.8445,-71.8597,-0.2488,407.2035,-51.5099,-29.7141,386.0253,-59.6557,-9.9344,394.4757,-68.2266,8.1257,388.0437,-41.2223,-19.8959,377.1006,-51.705,-7.0618,386.3957,-62.1414,5.4121,378.6832
-67.1468,6.4913,303.3248,-80.5584,6.4371,300.7507,-89.2532,-45.7849,345.9805,-68.9152,-41.351,348.7559,-51.688,-36.2393,349.8019,-35.9208,-27.1292,346.4942,-111.1111,-16.0426,336.0795,-129.3918,-29.4929,357.2179,-143.1397,-46.2082,376.5205,-91.9647,-51.7801,386.2199,-93.5697,-55.3288,410.0387,-93.6057,-38.2952,422.321,-66.568,-27.6194,387.1231,-65.0562,-18.7755,411.8336,-71.9555,1.0402,410.9746,-52.2583,-27.814,385.8253,-59.3258,-9.0185,397.0405,-67.6847,9.734,392.6276,-42.2575,-18.0336,376.5128,-51.5538,-6.2146,388.127,-62.4436,6.6981,381.908
-66.4589,5.7171,302.3911,-79.8478,5.7531,299.7018,-89.4554,-45.6111,345.7222,-69.098,-41.3338,348.5999,-51.8296,-36.377,349.7099,-35.9435,-27.4814,346.3874,-111.0633,-15.1757,335.9259,-129.9707,-27.8524,357.8672,-147.477,-42.8023,375.5033,-92.8134,-51.2641,386.5863,-94.8548,-54.7007,411.4284,-95.2005,-38.2625,424.4922,-67.387,-28.0141,387.7855,-66.2627,-19.2619,413.534,-72.1323,0.8183,415.3595,-53.4682,-26.8764,385.4318,-59.1511,-10.313,400.3435,-66.9583,9.1101,398.6732,-45.5588,-14.6566,374.3405,-51.3397,-6.9461,391.1462,-62.4863,6.6473,387.2769
-64.388,5.7101,301.7606,-77.7182,5.8635,298.7973,-88.8626,-44.7602,345.2893,-68.519,-40.6786,348.5263,-51.2196,-35.906,349.9238,-35.1658,-27.2392,346.8096,-109.8445,-14.4217,334.811,-129.4011,-26.7701,356.734,-148.9965,-40.6625,372.9829,-94.1259,-50.693,386.5844,-97.4094,-54.3943,412.3468,-98.3672,-38.7477,426.3205,-67.8863,-27.8912,388.3331,-67.4655,-19.386,414.8094,-72.4861,0.6849,418.4081,-53.7265,-26.0319,385.4937,-58.4454,-11.7473,402.8915,-65.7252,7.9502,402.7852,-44.8163,-15.1551,375.6782,-50.7797,-7.6878,393.5174,-61.9611,6.2488,391.338
-61.0475,6.1191,301.491,-74.2292,6.4605,297.9378,-88.0251,-44.4668,343.3751,-67.8008,-40.6603,347.5571,-50.5273,-36.1088,349.7728,-34.2514,-27.6056,347.465,-107.7743,-13.8469,332.9469,-128.3369,-26.2949,354.4068,-149.6773,-39.5714,368.8747,-96.234,-51.9435,384.5582,-101.467,-56.7097,410.8115,-103.3115,-42.7674,426.4067,-68.6593,-29.4731,388.4115,-69.2395,-21.9119,416.0243,-73.782,-2.2274,421.7586,-55.4581,-22.4254,383.8495,-58.5298,-13.901,405.0784,-64.9973,6.0055,406.7832,-44.0532,-15.5877,377.0025,-50.2856,-7.9462,395.7838,-61.242,6.3268,395.2947
-57.0549,7.1724,301.1096,-70.0223,8.1185,296.9322,-87.8901,-43.6344,339.9537,-67.7754,-40.7215,345.2372,-50.4811,-36.8929,348.4386,-33.8148,-28.9401,347.205,-105.4342,-11.1275,331.3112,-127.4157,-23.0742,352.6516,-150.2915,-34.7909,366.0835,-100.0378,-53.7008,380.01,-107.8851,-60.2035,405.8855,-110.7812,-48.6649,423.1909,-70.9975,-34.6359,387.8968,-73.2249,-30.4292,417.3857,-77.2451,-12.1209,426.8537,-56.8269,-26.3838,384.4706,-60.9409,-19.5706,407.8303,-66.2246,0.3217,411.9989,-44.5944,-17.8273,378.0239,-51.7661,-10.434,398.5276,-62.1922,3.9866,401.2379
-53.5907,8.4376,301.2175,-66.4138,10.1491,296.8427,-87.4081,-42.7122,337.0098,-67.3026,-40.9398,342.809,-49.9307,-38.0321,346.5183,-32.9138,-30.7743,345.9823,-103.5239,-9.0913,329.6273,-126.6625,-21.0879,350.0689,-150.4414,-31.7095,362.8261,-102.8162,-55.7843,374.916,-112.7385,-64.2022,399.3263,-116.7669,-54.8161,417.675,-73.4618,-40.8385,385.8667,-77.7496,-40.768,415.8422,-81.8492,-24.2076,428.0873,-57.7415,-31.4871,383.8228,-62.9126,-27.1539,408.52,-67.7779,-7.7883,415.024,-44.3778,-21.5429,377.9764,-52.1989,-15.2449,399.8037,-62.2378,-0.9789,404.2421
-49.0126,9.4168,302.4464,-61.4233,12.1982,297.4725,-87.8425,-41.8216,332.5773,-68.0632,-41.6749,339.6313,-50.8141,-40.0912,344.5263,-33.4086,-33.8718,345.4768,-100.577,-6.47,328.3566,-125.0788,-18.1523,347.6834,-149.5353,-27.8552,359.879,-106.9479,-57.5606,367.8153,-119.2945,-67.7317,390.5872,-124.8441,-60.5757,409.5343,-78.4715,-48.3491,381.8377,-85.8014,-53.0492,411.5605,-90.4259,-38.4382,425.9178,-61.0662,-37.9081,382.4706,-68.0039,-36.4309,408.148,-72.5167,-17.9256,416.9905,-46.8437,-26.6477,377.621,-56.1157,-21.6621,399.8047,-65.5695,-7.2143,404.8927
-43.3346,10.458,304.2,-55.093,14.1805,298.3364,-87.3078,-39.9098,328.084,-68.2511,-41.2328,336.8071,-51.4447,-40.8733,343.2426,-33.8907,-35.7064,346.0169,-96.8908,-3.0678,326.6877,-123.1399,-13.8997,344.4924,-148.4465,-22.1888,355.9757,-112.2167,-55.0938,359.5449,-128.2303,-64.8554,379.7706,-135.6956,-58.356,398.2916,-84.8579,-52.9966,376.0819,-96.6208,-61.3291,403.9008,-102.3284,-48.4531,419.4774,-66.7679,-43.7918,380.1136,-77.3389,-45.8052,405.5496,-82.0816,-28.7653,416.8698,-50.4952,-30.1041,377.8972,-62.2251,-26.1464,400.4182,-71.3689,-11.642,405.8967
-39.1894,11.3028,305.8032,-50.314,16.0305,299.448,-87.495,-37.3019,324.3817,-69.1362,-40.2315,334.1477,-52.7756,-41.2332,341.5857,-35.1541,-37.3139,345.6672,-94.108,0.4483,325.2664,-121.4531,-9.2813,341.3874,-147.3829,-16.5459,352.1519,-116.2466,-51.9097,352.3194,-134.584,-61.2264,370.1377,-143.6265,-55.7709,388.289,-90.343,-55.8673,370.0807,-105.4715,-67.0216,395.7146,-112.5308,-55.9088,412.0753,-72.3519,-48.2077,376.3053,-86.0128,-53.0747,400.5337,-91.3541,-37.3914,413.4375,-54.6099,-34.4889,377.0044,-68.5795,-32.4605,399.505,-77.4817,-17.884,405.1863
-35.0951,12.1486,307.5893,-45.5445,17.5902,300.6831,-86.8579,-34.3036,321.8656,-69.3231,-38.4026,332.6698,-53.5359,-40.42,341.0779,-36.0329,-37.5126,346.3436,-91.2105,5.0578,324.3688,-119.5341,-2.7153,339.0595,-146.3493,-7.8189,348.8523,-118.6057,-47.5229,346.7872,-138.7163,-55.8966,362.5737,-149.0576,-50.492,380.0336,-94.6942,-54.5167,365.8253,-112.8685,-66.06,389.5759,-120.9741,-55.5587,405.8555,-76.2092,-49.2315,373.668,-92.1142,-55.4127,396.5297,-98.1542,-40.6047,410.14,-57.2741,-36.8853,376.7905,-72.5778,-36.4334,398.7267,-81.126,-21.6294,404.3631
-32.933,13.0474,309.6725,-42.8155,18.8963,302.2816,-86.4808,-32.5107,319.5766,-69.7389,-37.2771,331.3235,-54.5478,-39.8648,340.6258,-37.3431,-37.495,347.0225,-89.9541,7.5434,322.5769,-118.8451,0.5852,335.0158,-146.3499,-3.7519,343.1198,-120.0387,-43.6604,342.6858,-141.1237,-50.6659,357.2058,-152.0948,-44.4639,374.0037,-97.9492,-52.7196,361.8694,-117.9845,-63.6871,383.5635,-126.7324,-52.7321,399.1989,-80.1041,-49.3013,371.0388,-98.1053,-55.9482,392.4609,-104.9541,-41.537,406.1142,-60.553,-39.3678,376.1827,-77.3525,-40.7234,397.2889,-86.1987,-26.0857,402.8997
-31.7241,13.851,311.4561,-41.0055,20.1789,303.6901,-86.722,-30.7764,316.4191,-70.843,-36.3318,328.9888,-56.3146,-39.5899,339.1036,-39.4934,-37.8405,346.6218,-89.5334,10.2283,319.9047,-118.8548,4.2159,329.7018,-146.5456,-0.3999,336.9759,-121.5453,-40.0681,337.9362,-143.2102,-45.8488,351.3228,-154.3395,-38.7231,367.6434,-101.2471,-50.2203,357.6767,-122.6923,-60.0163,377.9114,-131.4578,-48.0045,392.7398,-83.8672,-48.2656,367.4788,-103.1082,-54.3242,387.2942,-109.7868,-39.1779,400.2165,-64.9378,-39.364,373.7526,-83.3139,-40.4642,393.3467,-91.0845,-24.728,397.3453
-31.4041,15.0557,312.3303,-40.1658,21.8449,304.3529,-87.4173,-28.5691,312.966,-72.2919,-34.8929,326.0898,-58.3494,-38.8066,336.7804,-41.8932,-37.6729,345.1735,-89.7041,13.9596,316.2385,-119.0486,9.2887,323.2789,-146.8778,4.399,329.8078,-123.5293,-34.7752,332.9569,-145.7934,-38.6015,345.2818,-156.6726,-30.5509,361.3389,-104.4992,-46.6419,352.8966,-126.9337,-54.8258,371.5693,-135.0388,-41.6858,385.8048,-87.7972,-46.2728,362.8056,-108.0943,-51.4189,380.7437,-113.8302,-35.4329,393.0947,-68.7111,-39.1471,370.2237,-87.8346,-40.1983,388.0866,-94.0781,-23.5822,391.0737
-33.1278,17.0333,312.2744,-41.4142,24.2231,304.1417,-89.3256,-26.1522,308.0527,-74.9573,-33.145,321.6782,-61.6273,-37.617,332.917,-45.6376,-36.9675,342.2146,-91.5145,17.3542,310.902,-120.6107,13.365,314.8281,-148.6566,7.9702,319.8606,-126.1491,-32.0007,326.3905,-148.6819,-35.5795,337.6116,-159.876,-27.533,353.4529,-108.4098,-44.0026,346.8364,-131.5521,-51.5138,364.2408,-139.3352,-37.7475,378.0578,-92.27,-44.6126,357.292,-113.2563,-49.4036,373.9856,-118.6038,-33.0421,386.0149,-73.5671,-38.1803,365.8272,-93.4124,-39.042,382.6052,-99.0615,-22.1354,385.1058
-34.5256,18.2136,311.4956,-42.3886,25.5416,303.071,-90.4265,-24.8609,303.7065,-76.7695,-32.0862,317.929,-64.0282,-36.7511,329.757,-48.5329,-36.2648,339.8662,-92.5368,19.3902,306.8295,-121.2556,15.8674,308.982,-149.2192,9.7107,313.5791,-127.9321,-30.0471,320.5747,-150.7889,-33.2078,330.8546,-162.2994,-25.1067,346.4393,-110.7736,-42.2475,342.0097,-134.0842,-49.2133,358.5175,-141.6007,-35.0601,372.0891,-95.5349,-43.3448,352.545,-116.9029,-47.8166,368.0,-122.0643,-31.3066,379.9071,-77.4234,-37.4348,361.9219,-97.8249,-38.261,377.4969,-103.1877,-21.2465,379.894
-35.3497,18.4357,310.4981,-43.0204,26.031,302.1334,-90.9899,-24.3945,299.9748,-77.6646,-32.0736,314.2739,-65.2015,-37.1159,326.2425,-49.9515,-36.9518,336.728,-93.2298,20.5484,303.5904,-121.8258,17.4258,304.4202,-149.8669,11.1719,308.368,-129.0433,-30.2579,315.2585,-152.2103,-33.8275,324.5634,-164.0714,-25.9839,340.0162,-112.4801,-42.1585,336.9759,-136.2717,-49.0501,352.4896,-143.6702,-34.7727,365.9959,-97.2607,-44.1867,347.7224,-118.868,-48.9523,362.1995,-123.7389,-32.3453,374.0941,-79.4133,-38.4979,357.7148,-100.1252,-39.5848,372.4686,-104.9649,-22.3916,374.6979
-35.6238,18.1924,309.3278,-43.0232,25.8292,300.7588,-90.7791,-24.6765,296.6336,-77.9295,-32.4261,311.3248,-65.8685,-37.5248,323.6753,-50.9834,-37.4015,334.6733,-93.1686,21.2428,300.623,-121.5214,18.6497,300.5462,-149.723,12.6553,303.6661,-129.2241,-30.3323,311.052,-152.651,-33.7788,319.8381,-164.8063,-26.0494,335.1189,-113.087,-42.6731,333.1067,-137.0084,-49.6453,347.9274,-144.1082,-35.0895,361.296,-98.2448,-44.9641,344.2137,-119.9471,-49.9508,357.981,-124.491,-33.1451,369.7251,-80.5955,-39.4431,354.6552,-101.1574,-40.8607,368.5302,-105.4933,-23.5151,370.611
-36.6762,18.0191,308.547,-43.905,25.7704,299.9353,-91.4052,-24.79,293.9484,-78.8643,-32.7362,308.8005,-67.0673,-37.997,321.3367,-52.4324,-38.0078,332.6661,-93.9627,21.5332,298.4802,-122.1491,19.1474,297.6609,-150.3861,13.0538,300.2189,-129.9973,-30.537,307.674,-153.4307,-34.0266,316.0083,-165.8542,-26.4749,331.1618,-114.2936,-42.8039,329.9165,-138.2989,-49.6254,344.2238,-145.2261,-34.8467,357.4376,-99.575,-45.2122,341.669,-121.3374,-50.0424,355.2807,-125.7851,-33.1775,366.9765,-82.4022,-40.0665,351.9638,-103.1644,-41.4927,365.3328,-107.2374,-24.0927,367.489
-37.1727,18.1999,308.0896,-44.3041,26.0592,299.4946,-91.4074,-24.6499,291.8575,-79.0657,-32.7829,306.7752,-67.4454,-38.1948,319.4117,-52.9982,-38.3212,330.9788,-94.1676,21.6514,296.9739,-122.0794,19.184,295.5628,-150.2843,12.7816,297.6829,-130.1439,-30.4891,305.0022,-153.6255,-34.0288,312.9703,-166.2168,-26.6562,328.0734,-114.6612,-42.991,327.4582,-138.7519,-49.8997,341.4562,-145.6464,-35.0873,354.6493,-100.3074,-45.3325,338.8525,-122.1863,-50.0847,351.7959,-126.3136,-33.0809,363.4078,-83.4696,-40.0992,349.7487,-104.6607,-41.3357,362.802,-108.416,-23.8713,365.0142
-37.3073,18.05,307.943,-44.4026,26.0427,299.4416,-91.004,-24.8505,290.1326,-78.7694,-33.2168,305.0095,-67.252,-38.8177,317.6577,-52.9382,-39.0887,329.3871,-94.1165,21.5976,295.7192,-121.8586,19.1172,293.642,-149.9295,12.0869,295.5387,-129.891,-30.7531,302.8036,-153.466,-34.3315,310.4853,-166.0578,-27.1405,325.6753,-114.2763,-43.5981,325.279,-138.1493,-50.578,338.9071,-144.8076,-35.7753,352.2318,-100.0817,-45.8293,336.621,-121.7329,-50.4535,349.1272,-125.348,-33.427,360.8758,-83.5027,-41.1763,347.385,-104.5642,-42.6148,359.7871,-107.6736,-25.0461,362.1685
-37.5986,17.931,307.8659,-44.7013,25.9752,299.4194,-90.8314,-25.1622,289.1511,-78.6289,-33.6208,304.0021,-67.1508,-39.2915,316.6551,-52.9131,-39.5989,328.4758,-94.3489,21.1594,295.2062,-122.0631,18.4712,292.8544,-149.8283,10.429,295.1818,-129.4997,-31.2903,301.963,-152.8149,-34.9852,309.6879,-165.2725,-27.8606,325.0193,-114.163,-44.1874,324.0937,-138.0432,-51.2886,337.5959,-144.6152,-36.517,350.9978,-99.7436,-46.8265,335.1156,-120.9815,-51.7364,347.1447,-124.1414,-34.7661,359.1038,-83.4384,-41.8706,346.3285,-104.4099,-43.4312,358.5936,-107.1287,-25.8304,361.2047
-37.8402,18.171,308.1025,-44.8906,26.1574,299.558,-90.2526,-25.4732,288.3763,-78.207,-33.8338,303.4097,-66.8804,-39.4089,316.2404,-52.842,-39.5872,328.2998,-94.3674,21.2333,295.565,-121.7684,18.5063,293.3536,-148.9829,9.084,296.7581,-128.7362,-31.8293,301.527,-151.9091,-35.6566,309.4457,-163.9733,-28.4202,325.037,-113.1299,-44.5998,323.8167,-136.3867,-51.7693,337.4066,-142.9584,-37.0204,350.8335,-98.9266,-46.9389,334.5419,-119.3928,-51.7479,346.2301,-121.6853,-34.6907,358.2631,-83.0554,-42.366,345.8566,-103.5573,-44.2516,357.7701,-106.0006,-26.6738,360.7784
-37.8443,18.9379,308.7458,-44.9334,26.843,300.1578,-89.2913,-25.4924,288.2482,-77.2735,-33.7169,303.3787,-65.9973,-39.1584,316.3107,-52.0923,-39.1549,328.525,-94.4003,21.4327,296.7324,-121.7937,18.4366,294.8355,-147.6742,6.4902,300.1723,-127.2692,-31.9879,302.7431,-150.1409,-35.8997,311.4725,-160.7121,-28.0312,327.8229,-111.1297,-44.2868,325.0147,-133.4629,-51.2592,339.2868,-140.0479,-36.4894,352.6843,-97.0994,-46.4588,335.1342,-116.4996,-51.0125,346.8755,-117.7383,-34.1723,359.3604,-82.243,-41.8857,345.9488,-102.6165,-43.731,357.7225,-104.6441,-26.1415,360.9626
-38.307,20.5291,310.0403,-45.8429,28.3788,301.7886,-89.0017,-24.9914,290.0672,-76.3579,-33.1352,304.7237,-64.5923,-38.4798,317.2538,-50.3732,-38.294,329.0995,-95.2734,21.3716,298.7322,-122.8175,17.467,297.0291,-146.3929,2.2941,304.4441,-125.997,-32.0327,305.7762,-147.9258,-36.2063,315.0877,-156.128,-27.143,332.1634,-108.509,-44.1784,327.7994,-129.4056,-51.356,342.7975,-136.1442,-36.6477,356.1863,-95.0373,-51.1454,334.0372,-112.2781,-50.6713,349.2534,-112.9362,-34.1311,362.1758,-79.8659,-41.0113,347.1448,-99.624,-42.8317,359.2339,-100.7759,-25.2257,362.7977
-39.5129,22.2892,311.4078,-47.261,29.779,303.0191,-88.3474,-25.2418,291.483,-75.5376,-32.7774,306.3195,-63.6896,-37.5683,318.9952,-49.5857,-36.7497,330.9512,-96.4094,20.3447,300.9459,-123.8816,15.0712,299.787,-144.7027,-2.9767,308.8287,-124.2129,-32.8244,308.9087,-145.2623,-37.2746,319.1359,-151.2816,-27.1712,336.5338,-105.8793,-44.35,330.7625,-125.3028,-51.7584,346.4099,-132.4035,-37.1522,359.723,-92.6118,-54.0538,335.1425,-107.4633,-50.3431,352.3082,-109.2661,-34.3093,365.7495,-77.9718,-39.8467,349.6829,-96.6183,-41.881,361.9875,-97.3248,-24.3292,365.9161
-40.4354,24.0638,312.6019,-48.5548,30.974,304.0682,-86.7627,-26.3046,293.6861,-73.5877,-32.8696,308.6634,-61.5134,-36.7874,321.4252,-47.4736,-35.0032,333.3515,-97.1281,18.1234,303.2882,-124.4701,10.8898,302.8492,-142.1439,-9.5854,313.3089,-121.6777,-34.5872,312.476,-142.0887,-39.4291,323.4605,-146.2779,-28.1388,340.6645,-102.1664,-45.1422,334.5423,-120.3408,-52.9469,350.9998,-127.9294,-38.3297,364.0286,-88.4049,-56.0536,337.9981,-101.4506,-50.1134,355.9848,-104.6708,-34.4865,369.6388,-74.3446,-39.2358,352.8753,-91.5219,-41.9415,365.3559,-91.526,-24.3843,369.3237
-41.6545,24.5582,313.3257,-50.1794,30.871,304.7249,-85.7224,-28.3825,296.1122,-72.0992,-33.9578,311.0898,-59.7237,-36.9944,323.803,-45.6648,-34.2641,335.526,-97.9358,14.6335,304.9767,-125.0368,5.4189,305.1196,-139.8569,-16.5614,316.8768,-119.4929,-37.331,315.9755,-138.9307,-42.4816,327.4086,-142.2348,-29.9803,343.9555,-99.3381,-46.4228,337.9009,-116.4948,-54.274,354.7881,-124.4189,-39.3628,367.2726,-84.4117,-58.1567,341.4569,-96.3897,-51.0555,359.7627,-100.363,-35.464,373.2578,-71.3227,-39.3005,355.8019,-87.4364,-42.4634,368.5357,-87.0929,-24.8187,372.0776
-43.0839,24.4357,313.6453,-51.6561,30.1013,304.6499,-84.3596,-30.9013,297.058,-70.8881,-35.4113,312.5234,-58.7162,-37.5103,325.6169,-45.0889,-33.8062,337.5798,-98.4645,11.4486,305.7279,-124.9803,0.8824,306.3386,-137.9622,-21.867,318.7861,-117.7894,-40.0091,318.1021,-137.3625,-45.3417,330.4234,-140.6421,-32.159,346.4378,-97.498,-47.7846,340.2985,-114.3865,-55.6376,357.9266,-122.6555,-40.3801,369.7517,-81.4638,-60.0225,344.1842,-92.8186,-51.8565,362.443,-97.3319,-36.0555,375.5181,-69.6223,-39.3504,358.0946,-84.5588,-42.7259,370.5845,-83.8363,-24.9706,373.4529
-43.2034,24.3874,313.5497,-51.8057,29.6055,304.3155,-82.8067,-32.405,297.8269,-69.4195,-36.1826,313.5594,-57.3641,-37.6423,326.8461,-43.991,-33.2915,338.8781,-98.0076,9.573,306.2527,-124.1751,-1.7728,307.3499,-135.9648,-24.8672,320.3364,-115.6146,-41.5836,319.8765,-134.8618,-46.9684,332.8123,-138.3867,-33.3535,348.4075,-95.3214,-48.3035,342.3087,-111.8471,-56.0367,360.6511,-120.3132,-40.4755,371.9282,-78.9556,-59.8349,347.1019,-89.9339,-50.8988,365.2298,-94.664,-34.7554,377.8002,-67.5843,-38.6003,359.9307,-81.6432,-41.7637,372.4756,-80.7022,-23.9185,374.6348
-43.5615,24.654,313.8116,-52.3053,29.463,304.4885,-81.7862,-33.412,299.3821,-68.283,-36.5263,315.1608,-56.1724,-37.4083,328.4482,-42.8893,-32.4772,340.3554,-98.0697,8.2735,306.8952,-124.0916,-3.7748,308.2636,-134.6212,-27.1054,321.895,-114.4153,-42.6846,321.6318,-133.5455,-48.121,334.6767,-137.3565,-33.9723,349.7196,-94.2382,-48.4551,343.981,-110.8143,-56.0734,362.3868,-119.7012,-40.3529,373.1054,-77.2004,-60.192,348.6405,-88.3004,-51.2217,366.6773,-93.1818,-34.9011,378.9577,-66.1597,-40.305,360.8789,-80.1056,-41.1417,373.7557,-79.0179,-23.2519,375.42
-44.4594,25.3215,314.184,-53.1082,29.7031,304.5663,-81.3402,-33.8299,300.6959,-68.0885,-36.2479,316.8063,-56.2215,-36.5309,330.3376,-43.2614,-31.0208,342.3464,-98.5596,7.8148,307.5669,-124.4537,-4.6551,309.2763,-133.8765,-28.0163,323.6452,-113.9306,-42.6544,323.367,-133.1294,-47.8529,336.7224,-137.1735,-32.9866,350.9926,-93.8799,-47.9706,345.9215,-110.3784,-55.4695,364.5461,-119.6103,-39.5824,374.7133,-76.7428,-59.6082,350.7169,-87.5388,-49.854,368.5299,-92.4286,-33.3224,380.5215,-65.8319,-41.6252,362.3993,-79.4091,-39.7525,375.5581,-78.2065,-21.8353,376.7942
-45.3039,25.9201,314.4023,-53.9496,29.8946,304.6067,-81.325,-34.0944,302.4968,-68.1426,-35.8496,318.7492,-56.3567,-35.5671,332.3512,-43.544,-29.526,344.2624,-99.0918,7.4854,308.4542,-124.819,-5.286,310.6469,-133.2413,-28.4129,325.9836,-113.5813,-42.6409,325.5025,-132.4608,-47.6431,338.9678,-136.6175,-32.1117,352.477,-93.8209,-47.1633,347.9335,-110.1657,-54.3647,366.51,-119.5937,-38.3094,376.223,-76.5514,-59.0076,352.642,-87.4073,-49.2002,370.3893,-92.3817,-32.5802,382.2227,-65.9431,-40.6956,364.2004,-79.5222,-38.8626,377.3627,-78.2588,-20.937,378.3996
-46.0321,25.8047,314.8146,-54.6178,29.4526,304.8407,-81.267,-34.8707,303.952,-68.2371,-36.0987,320.375,-56.5981,-35.3669,334.0862,-43.9778,-28.9066,345.9828,-99.5346,6.2879,309.0942,-125.3127,-7.0064,311.5353,-133.0346,-29.9339,327.5261,-113.6075,-42.6372,327.1294,-132.5434,-47.1847,340.7002,-136.937,-31.1275,353.5011,-94.0579,-46.8256,349.6528,-110.4925,-53.6532,368.2877,-120.119,-37.4249,377.5057,-77.0658,-57.9007,355.1173,-88.0257,-47.7953,372.6318,-93.1109,-31.0033,384.1718,-66.3117,-39.5296,366.2892,-79.8414,-37.8512,379.5229,-78.5222,-19.9169,380.3115
-47.1726,25.7966,315.3949,-55.7139,29.2207,305.3043,-81.6873,-35.3842,305.0677,-68.7797,-36.2559,321.6096,-57.2611,-35.2191,335.4026,-44.8058,-28.4685,347.312,-100.2984,5.6136,309.4945,-125.7881,-7.883,311.8901,-132.8789,-30.7111,328.3095,-113.9371,-43.0164,328.2542,-132.7369,-47.4655,341.7705,-137.4065,-31.0893,354.0593,-94.5294,-46.5768,351.0943,-110.9184,-53.1458,369.8605,-120.7958,-36.827,378.6433,-77.4068,-57.7039,356.7938,-88.3218,-47.1109,374.0463,-93.5723,-30.1698,385.2906,-66.8045,-39.7991,367.6017,-80.159,-37.0796,380.8403,-78.9334,-19.1292,381.3725
-47.7078,25.5466,315.9158,-56.3792,28.7328,305.8582,-81.6995,-36.1238,306.8423,-68.6266,-36.6171,323.2696,-56.9881,-35.2575,336.9333,-44.4887,-28.2042,348.6189,-100.5209,4.4807,310.1147,-125.6775,-9.3407,312.5404,-132.1474,-31.9974,329.4465,-113.6967,-43.6431,330.0439,-132.1552,-47.9808,343.4283,-137.1933,-31.1203,354.8887,-94.4261,-46.1636,352.7981,-110.7707,-52.2116,371.5052,-120.9346,-35.7475,379.6678,-76.609,-57.6544,358.8969,-87.3507,-46.4354,375.86,-92.6856,-29.2731,386.7226,-66.7249,-38.4587,369.2198,-80.2685,-36.0857,382.3323,-79.2286,-18.1167,382.515
-47.9029,25.0418,315.6198,-56.3984,27.9877,305.3413,-81.0175,-37.1308,306.7321,-68.2835,-37.2449,323.4304,-56.9466,-35.5615,337.3098,-44.7707,-28.2034,349.148,-100.3832,3.49,309.8699,-125.456,-10.4745,312.4514,-131.5898,-33.0759,329.5556,-112.8227,-44.6675,330.3034,-131.2303,-49.0295,343.9457,-136.5487,-31.955,354.9537,-94.0308,-46.5001,353.2622,-110.4152,-52.3898,372.2458,-120.8661,-35.9064,379.9968,-76.6152,-57.8593,359.3315,-87.4619,-46.546,376.1647,-92.9192,-29.3534,386.9179,-66.1297,-40.5548,369.5254,-79.232,-36.2112,382.5815,-78.3328,-18.2338,382.5379
-48.0099,24.934,315.6402,-56.7114,27.9034,305.5424,-80.9662,-37.3512,306.9548,-67.9212,-37.5092,323.4109,-56.335,-35.8585,337.087,-43.9774,-28.5153,348.7447,-100.4438,2.4526,309.4897,-125.5783,-12.1748,311.7583,-131.031,-35.0191,328.7702,-112.7116,-45.7316,330.241,-131.0427,-50.5708,343.6874,-136.6308,-33.4754,354.5281,-93.5119,-47.2297,353.061,-109.723,-53.3874,371.8437,-120.3979,-37.0323,379.5611,-75.5284,-59.0286,358.6221,-86.4386,-47.8792,375.5236,-92.1245,-30.8867,386.4746,-65.5631,-40.2189,369.2651,-78.8835,-36.6995,382.3487,-78.1163,-18.7159,382.3073
-48.8012,24.6378,315.4599,-57.4558,27.4268,305.2707,-80.6139,-38.2252,306.6742,-67.7245,-38.1091,323.2528,-56.2979,-36.2182,337.0317,-44.1773,-28.629,348.7804,-100.6588,1.5535,309.3988,-125.2623,-13.1811,311.7497,-129.9681,-36.1403,328.8298,-111.9345,-46.8086,330.3622,-129.9701,-51.7512,344.0026,-135.8324,-34.635,354.6642,-92.692,-47.977,353.2747,-108.4615,-54.2096,372.2364,-119.2066,-37.9402,380.037,-74.9272,-59.3433,359.1037,-85.5486,-47.6714,375.8354,-91.4012,-30.7479,386.8055,-65.1339,-41.6296,369.1717,-78.2643,-37.2952,382.2026,-77.793,-19.3016,382.1052
-49.3966,24.4988,315.6605,-58.13,27.1972,305.5143,-80.6224,-38.6828,307.0564,-67.6513,-38.4314,323.5696,-56.1748,-36.421,337.29,-44.0717,-28.7064,348.9748,-101.0815,0.7455,309.5454,-125.6195,-14.3663,311.8484,-129.8232,-37.4217,328.9299,-111.8319,-47.9085,330.8776,-129.9236,-53.2565,344.6865,-136.013,-36.1983,355.3138,-92.5137,-48.6196,353.615,-108.2356,-55.0623,372.6144,-118.9815,-38.8368,380.5049,-74.7585,-59.5671,359.3785,-85.7601,-48.2519,376.1097,-92.0076,-31.4966,387.12,-64.8098,-41.5611,369.6796,-78.042,-37.9009,382.814,-77.9943,-19.9017,382.6505
-49.6886,24.9835,316.5841,-58.7451,27.7397,306.7412,-80.9866,-38.2219,308.4284,-67.5025,-38.0687,324.5267,-55.6054,-36.1377,337.8958,-43.1627,-28.4837,349.2593,-101.2982,0.6192,310.4654,-125.6025,-14.8706,312.5925,-129.445,-38.2039,329.3792,-111.7683,-48.6406,332.1504,-129.5269,-54.6514,345.836,-135.6243,-37.9247,356.9734,-92.2699,-48.9161,354.7383,-108.0683,-55.8353,374.0093,-118.5378,-39.6612,382.3632,-74.0576,-58.7652,360.6227,-85.8561,-48.5798,377.5358,-92.9391,-32.2482,388.6762,-64.3195,-39.0083,370.8376,-77.8156,-37.8046,384.157,-79.0545,-19.8486,384.3756
-48.267,25.6678,318.0624,-57.6742,28.7339,308.6496,-81.0097,-36.8498,310.287,-66.8667,-37.1818,325.8068,-54.3906,-35.6664,338.6928,-41.3498,-28.4077,349.6376,-100.2815,1.5921,311.7646,-124.6323,-13.9199,313.5449,-128.9012,-37.8958,329.2908,-111.3236,-48.9129,333.7723,-128.7821,-55.8603,347.2981,-134.6623,-39.8577,359.5594,-91.4796,-49.1366,355.7074,-107.1719,-56.7586,374.771,-117.2346,-40.8443,384.0703,-73.1711,-58.0725,361.3701,-85.612,-48.9555,378.4319,-93.3011,-33.0948,389.8476,-63.9088,-34.6691,371.9513,-77.5595,-38.4579,385.4537,-80.8202,-20.7867,386.5003
-46.3479,25.3688,318.6739,-56.0682,28.8413,309.7321,-81.4897,-35.9479,311.8683,-66.6699,-36.9075,326.716,-53.5731,-35.9386,339.0259,-39.8089,-29.2285,349.421,-99.2508,2.3565,312.4435,-124.0466,-12.8513,314.0004,-130.1358,-37.0366,328.799,-111.5132,-48.771,335.4408,-128.8633,-56.1812,349.063,-134.5224,-40.8934,362.3015,-91.3784,-49.4087,356.5037,-107.2102,-57.4188,375.5901,-116.7694,-41.6607,385.6551,-73.2278,-57.2629,362.0034,-85.8547,-48.7938,379.2613,-93.4207,-32.9722,390.8126,-63.0982,-34.9971,372.0471,-77.6499,-38.6015,386.1845,-82.3263,-21.2714,387.5259
-43.5992,24.1457,317.6894,-53.4838,28.0712,309.1229,-82.1101,-35.2988,312.7631,-66.7663,-36.9484,327.0056,-53.1457,-36.596,338.768,-38.6407,-30.5549,348.5479,-97.6932,3.0576,312.5885,-123.2635,-11.41,314.593,-135.1662,-33.798,328.6679,-112.7312,-47.0429,336.5491,-130.6388,-53.911,350.4594,-136.2853,-39.2955,364.4417,-91.8719,-48.609,356.8961,-107.9971,-56.0986,376.0947,-116.8133,-40.1607,386.5473,-74.0645,-55.7048,362.5641,-86.5712,-47.5621,380.065,-93.3917,-31.3751,391.5743,-62.4957,-34.4403,371.7688,-77.7669,-36.9276,386.6341,-82.69,-19.6515,387.7728
-40.2855,23.2751,316.9596,-50.0765,27.9111,308.6443,-82.8837,-33.3697,312.7449,-67.3587,-36.1376,326.6126,-53.4734,-36.7776,338.0489,-38.3628,-31.7928,347.5018,-95.9312,6.7263,312.1273,-122.1573,-5.3901,314.1193,-141.1716,-23.865,325.8723,-114.7459,-44.1791,335.4686,-133.4558,-50.5266,348.8122,-139.8271,-37.0717,363.6234,-94.3206,-47.2289,355.7683,-111.9281,-54.472,374.8085,-119.6965,-38.4604,385.9565,-76.8607,-53.3825,361.4221,-89.2726,-45.307,379.0213,-94.3922,-28.4447,390.4429,-63.0685,-31.8804,370.5746,-79.0761,-31.9372,385.5241,-83.0996,-14.3938,385.7251
-35.5498,22.9321,316.2524,-44.4986,28.6196,307.6461,-82.9643,-29.4077,308.9439,-68.3818,-33.877,323.3792,-55.1279,-36.0284,335.367,-40.0498,-32.6561,345.556,-92.487,12.6359,310.2288,-119.9495,3.4888,311.7069,-143.0546,-11.5324,320.7356,-117.0729,-39.08,328.8863,-137.1737,-44.78,340.6387,-144.9555,-32.6778,355.9351,-98.9629,-44.9202,349.6277,-119.2855,-52.2589,367.0711,-127.012,-36.7405,378.9234,-81.5583,-49.1784,357.672,-95.8677,-44.0822,374.9425,-100.5881,-27.5244,386.9657,-66.3333,-32.5492,367.8828,-83.818,-32.478,382.7354,-88.3052,-15.0681,383.6069
-32.4985,23.2247,315.3078,-40.572,30.1062,306.7076,-83.4145,-24.6429,302.7674,-69.9076,-31.1057,317.4915,-57.4315,-35.0115,329.8645,-42.629,-33.4603,340.8653,-89.6334,18.584,306.4336,-117.4225,12.0576,306.2784,-142.8863,-0.2885,312.6165,-120.1066,-31.8974,318.6527,-141.6885,-36.1643,327.9962,-150.333,-25.1314,343.6342,-103.43,-41.8622,340.5202,-125.8945,-49.0705,355.9525,-133.6675,-34.302,368.699,-86.9545,-40.6322,351.8418,-105.4865,-44.1605,365.6373,-111.0678,-28.6301,378.6241,-71.3442,-35.3003,361.767,-91.1519,-36.5696,376.185,-97.1108,-19.8229,379.02
-32.7499,24.9714,312.6096,-39.9569,32.6957,303.9555,-84.4475,-19.8822,293.7283,-72.2245,-27.7896,308.8634,-60.7735,-32.9603,321.7529,-46.7061,-32.7016,333.7769,-89.3166,24.5766,300.7638,-116.9507,20.0311,298.9769,-143.7292,9.5226,302.6486,-122.4114,-25.4863,307.6869,-144.9456,-28.8127,315.9723,-154.2159,-18.763,331.9117,-107.4734,-38.2437,329.1718,-131.0491,-45.2358,342.7548,-138.8722,-30.998,356.0621,-92.2306,-38.5972,341.7192,-112.3346,-42.1997,354.4796,-118.3282,-26.8919,367.5467,-77.0507,-35.6067,352.8974,-98.2478,-37.6361,366.2539,-104.9348,-21.3948,370.1913
-35.7599,27.5932,308.3608,-42.3548,36.1121,299.9683,-88.0388,-14.1161,284.5228,-76.7074,-23.4152,299.5602,-65.9674,-29.8113,312.5117,-52.4058,-30.8266,325.0652,-91.4184,31.44,292.9226,-118.4733,28.8637,289.0374,-146.3112,20.7382,289.2099,-127.0926,-19.2764,295.2464,-150.265,-22.3383,301.6093,-161.3924,-14.0212,317.3575,-113.395,-33.6784,317.283,-137.9435,-40.5457,329.1417,-145.9612,-26.8862,342.9307,-98.786,-35.3628,330.6063,-119.9216,-38.9381,342.2595,-125.8382,-23.868,355.6344,-83.9946,-33.4059,342.3986,-106.1504,-35.2149,354.5559,-112.8251,-19.1494,359.1766
-40.5751,31.0079,302.304,-46.409,40.0763,293.9237,-93.2436,-7.6554,274.5157,-83.0378,-17.9277,289.725,-73.2052,-25.205,302.9296,-60.3236,-27.2124,316.0662,-95.0734,37.9005,284.6449,-121.6619,36.7117,279.5753,-149.8714,30.322,277.4787,-133.3342,-12.514,281.762,-157.336,-15.4228,286.1003,-170.5845,-8.5637,300.8797,-121.1909,-28.1025,304.8319,-146.9129,-34.9622,315.0166,-155.5041,-21.9441,329.078,-107.5236,-30.8332,319.0457,-129.9815,-34.5163,329.5921,-136.2181,-19.8523,343.2694,-93.1785,-29.7036,331.5895,-116.416,-31.4655,342.5688,-123.2422,-15.6144,347.682
-45.7256,34.4786,296.5213,-50.969,43.999,288.2528,-98.2308,-1.6777,265.2655,-88.9313,-12.7659,280.4829,-79.8428,-20.7806,293.7932,-67.5654,-23.6142,307.3495,-98.8604,43.7794,275.8539,-124.8794,43.66,269.1177,-153.1248,38.6132,264.9072,-138.9293,-6.0688,268.7613,-163.3531,-8.704,270.8593,-178.2588,-2.8943,284.4633,-128.0844,-22.8567,293.2791,-154.5784,-29.6849,301.938,-163.8313,-17.203,316.0655,-115.5483,-25.7229,307.7657,-139.1776,-28.9937,317.0125,-145.867,-14.7443,330.9124,-101.1513,-25.5598,321.5669,-124.9705,-26.9397,331.6499,-131.9687,-11.2765,337.0986
-51.1435,37.1291,291.0243,-55.7438,46.9948,282.7779,-102.6498,3.0479,256.0018,-94.4007,-8.6723,271.3508,-86.1979,-17.262,284.876,-74.7178,-20.7515,298.9674,-102.6926,48.2517,268.0536,-127.8857,48.9261,260.1524,-155.9555,45.0353,253.9921,-143.4758,-1.3335,256.6655,-167.9572,-3.9607,257.0634,-184.277,0.9014,269.3526,-134.2751,-18.8888,281.7171,-161.2862,-25.8095,288.7394,-171.1724,-13.8782,302.9135,-122.3475,-22.3213,297.1079,-146.1405,-25.6512,305.1587,-153.2684,-11.8687,319.3092,-108.9272,-22.4278,311.358,-133.1226,-23.6134,320.1215,-140.1441,-8.0574,325.8408
-55.3448,38.484,286.123,-59.3599,48.5876,277.859,-105.9139,6.1356,248.2108,-98.6147,-6.0231,263.6991,-91.2138,-15.02,277.4207,-80.4587,-18.9996,291.9475,-105.6825,51.1752,261.2925,-130.5945,52.5669,252.3831,-158.4663,49.719,244.8964,-146.8048,2.7559,245.9936,-171.3509,0.7272,244.6626,-188.2929,5.3555,256.1755,-139.0407,-16.6219,271.5555,-166.4835,-23.8168,276.8888,-177.1438,-12.4476,290.9636,-128.0179,-20.093,287.5771,-152.2569,-23.434,294.266,-159.8691,-10.0536,308.5496,-114.9601,-20.5496,302.9146,-139.2355,-21.6402,310.631,-146.2228,-6.1422,316.5463
-59.0496,38.6889,281.8356,-62.687,49.0281,273.6889,-108.6982,7.8123,241.5534,-102.0352,-4.7877,256.9756,-95.1797,-14.1869,270.7109,-84.9453,-18.6273,285.4783,-108.2818,52.4938,255.5235,-132.7271,54.3518,245.7842,-160.3231,52.5123,237.0619,-149.4084,5.5936,236.9059,-173.7873,4.2649,234.1228,-191.0104,8.8502,245.2287,-142.8649,-15.7663,262.4831,-170.6673,-23.242,266.2334,-182.0797,-12.3898,280.1254,-132.3188,-20.0192,279.657,-156.8843,-23.8769,285.5743,-165.0303,-11.0106,300.0347,-119.6948,-20.2316,295.3549,-144.0935,-21.3581,302.2896,-151.0204,-5.9141,308.4133
-61.2065,36.9403,278.3788,-64.7097,47.4904,270.4466,-110.1532,7.1361,236.4631,-103.7472,-5.8656,251.6591,-97.1214,-15.6232,265.2565,-87.1367,-20.4509,280.0733,-109.4295,51.158,250.4883,-133.2916,53.115,239.8388,-160.5001,51.4441,229.9439,-150.6958,6.1449,230.887,-174.8697,5.5539,227.5622,-191.9597,10.2795,238.814,-144.8692,-16.7239,255.2838,-172.9074,-24.1275,257.7551,-184.7176,-13.7231,271.6573,-134.2644,-22.4378,273.6187,-158.86,-26.9503,279.1561,-167.2975,-14.1324,293.4917,-121.7516,-22.7028,289.489,-145.9031,-24.2739,296.0586,-152.0116,-8.9117,303.1783
-61.12,33.9966,276.2999,-64.6554,44.6648,268.5418,-109.493,4.5754,233.4578,-103.0879,-8.6567,248.454,-96.4793,-18.6132,261.9148,-86.5638,-23.6354,276.7133,-107.5918,50.247,245.6005,-131.6841,48.4303,235.9952,-158.652,45.7434,225.6748,-149.4286,3.3758,226.6741,-172.7966,2.6739,222.7046,-188.9072,7.8069,235.1586,-144.0681,-19.4063,251.4504,-171.8472,-26.6931,253.4816,-183.4838,-16.2489,267.4998,-133.721,-25.301,269.4258,-158.298,-29.7145,274.3826,-166.3905,-16.9052,288.9234,-121.2356,-25.8358,285.704,-145.386,-27.3685,291.9663,-151.0857,-12.0471,299.5008
-60.067,30.2153,274.7938,-63.3689,40.8422,266.8778,-107.4169,0.6537,230.9179,-101.4399,-12.4975,246.1599,-95.2097,-22.3841,259.8508,-85.6926,-27.3374,274.9315,-105.7188,46.9499,242.9993,-129.7313,43.7919,233.5427,-156.5414,39.9612,223.1723,-147.1323,-0.2029,224.3782,-170.0734,-0.6978,220.6006,-184.7765,4.933,234.4971,-142.2156,-23.0277,249.3289,-169.6703,-30.1178,251.4626,-180.7401,-19.2647,265.6284,-132.6162,-28.1946,266.6486,-157.2059,-32.0142,271.1173,-164.8957,-18.8077,285.5205,-120.3104,-28.5401,283.2401,-144.2314,-29.3713,288.9813,-149.5031,-13.6831,296.0587
-58.9128,27.4625,274.0407,-62.0125,38.0524,265.9943,-105.2434,-2.2711,229.2034,-99.6464,-15.3506,244.6501,-93.7555,-25.1737,258.5355,-84.6056,-30.0601,273.8631,-103.425,45.3411,240.8373,-127.316,40.2506,231.9318,-153.9445,35.3154,221.5603,-144.891,-3.0865,223.2338,-167.6136,-3.5538,219.8125,-181.3725,2.3051,234.5558,-140.1212,-25.8422,248.0064,-167.1481,-32.848,250.2476,-177.6448,-21.6465,264.5776,-130.745,-30.9582,264.9791,-154.6588,-34.6979,269.145,-161.3744,-21.1084,283.6786,-118.7476,-30.3693,281.6799,-141.8938,-30.5788,286.9792,-145.5914,-14.2601,293.6145
-57.4007,24.9672,273.7174,-60.5239,35.5784,265.7082,-103.0232,-4.9138,228.2563,-97.4495,-18.038,243.6734,-91.5979,-27.8934,257.5525,-82.5477,-32.7911,272.9357,-100.3417,44.1358,238.4629,-123.9461,37.6484,229.7022,-150.2725,31.8628,219.0043,-142.3235,-6.1228,220.9683,-164.7149,-6.8117,216.8161,-178.6113,-1.0758,231.4786,-137.5908,-28.7927,247.3569,-164.2125,-35.9252,249.7997,-174.4429,-24.4538,264.1087,-128.0043,-33.156,264.2998,-151.0129,-36.482,268.5641,-156.3338,-22.448,283.2521,-116.3791,-31.7718,280.9029,-139.1155,-31.0867,286.2573,-141.4346,-14.484,292.8125
-56.0699,23.6827,272.8412,-59.008,34.2039,264.6455,-100.9849,-6.5999,226.9435,-95.7392,-19.5501,242.6207,-90.1754,-29.2519,256.7246,-81.4213,-33.9892,272.3278,-98.1279,42.5709,236.3501,-121.5624,35.684,227.4398,-147.7105,28.7987,216.9579,-140.0679,-8.0061,219.3759,-162.1542,-8.8007,215.0994,-175.3588,-3.0195,230.3709,-135.1347,-30.3213,248.2332,-160.8571,-37.3541,251.8978,-169.5056,-24.5665,266.1344,-125.824,-38.331,260.6925,-146.3718,-35.4258,270.6096,-148.8483,-20.6522,285.3272,-114.1879,-30.7847,281.0454,-135.6345,-28.6873,286.7513,-135.5931,-11.9425,293.355
-55.5762,22.4881,271.8581,-58.4746,32.9316,263.5496,-99.9239,-8.3381,225.7709,-94.7818,-21.1412,241.6024,-89.3188,-30.7076,255.8376,-80.6994,-35.285,271.563,-96.6113,41.3655,233.9613,-119.7288,33.3418,225.175,-145.5471,25.0492,214.8966,-139.0098,-9.4448,218.8517,-160.9491,-10.0661,214.9678,-172.9568,-4.2911,231.1994,-133.3709,-31.2316,249.4401,-158.0781,-37.6922,254.4583,-164.8362,-23.5207,268.4046,-124.6088,-41.3208,259.1507,-142.1875,-34.3475,272.2412,-142.0815,-18.9742,286.5468,-112.0927,-30.0223,280.9683,-131.9028,-26.7013,286.9033,-128.9826,-10.0217,293.0075
-54.3958,21.4507,271.9989,-57.6389,31.9458,263.885,-99.6004,-9.4186,226.7814,-93.8847,-22.3254,242.3295,-87.9291,-31.9752,256.3085,-78.8371,-36.6144,271.7471,-94.6656,41.0715,233.1158,-117.6719,32.6225,224.4369,-143.3246,23.0862,214.8452,-138.5594,-10.1229,219.6576,-160.3097,-10.516,215.6806,-171.8354,-4.7762,232.27,-131.8073,-31.5383,252.5348,-155.8153,-37.3707,258.9956,-161.0847,-22.4613,272.8138,-123.2805,-41.5307,261.597,-137.8603,-31.5122,276.2959,-134.6857,-15.4541,289.4511,-108.3521,-29.2992,282.5373,-126.1387,-24.8908,289.0399,-119.593,-8.911,294.1191
-52.5721,20.8082,272.3724,-56.1749,31.0774,264.1225,-98.6527,-11.6116,229.1691,-92.3374,-24.094,244.8314,-85.8675,-33.3531,258.846,-76.2839,-37.5331,274.1175,-93.4558,39.4172,233.4373,-116.2568,30.3463,224.8446,-141.3927,18.2983,216.8425,-137.548,-12.8906,223.0172,-159.0028,-13.5961,219.6238,-169.8237,-7.5882,236.5889,-129.1487,-32.6497,258.1267,-152.212,-38.0101,266.4566,-156.3079,-22.3407,279.8243,-120.9682,-42.1559,266.5566,-131.7165,-29.027,282.0841,-126.1208,-12.3538,293.5599,-106.4412,-34.4528,284.367,-118.6292,-22.7004,292.9888,-109.2494,-7.7625,296.5774
-50.8331,20.103,272.8016,-55.021,29.9914,264.3648,-97.7044,-14.9065,232.5721,-90.4603,-26.685,248.3769,-83.2099,-35.2957,262.4228,-72.9324,-38.7119,277.4307,-93.2156,35.0917,234.0967,-115.824,25.2685,225.8283,-140.1583,10.6111,219.9972,-136.3178,-17.4962,227.4959,-157.1508,-18.8934,224.7572,-166.8219,-12.196,242.153,-126.535,-37.0973,262.1681,-148.9481,-40.5588,272.6882,-152.8649,-24.3418,285.4424,-117.6556,-43.9314,272.8113,-126.6258,-29.3029,288.126,-119.9981,-11.9219,297.8714,-103.0092,-36.4941,288.1296,-113.1841,-22.95,296.7337,-102.734,-8.4643,298.9604
-48.2435,17.1321,273.1839,-52.9985,26.6485,264.6209,-96.6866,-19.8927,236.8049,-88.4689,-30.9865,252.6288,-80.3792,-38.9811,266.5803,-69.2856,-41.7145,281.1404,-92.4156,29.0991,235.6159,-115.1887,19.4513,227.597,-139.0733,3.4379,223.8426,-134.8712,-24.253,230.1777,-155.8598,-24.8611,230.5119,-164.333,-17.2354,248.1486,-123.9279,-39.342,269.1469,-146.0606,-43.883,279.8483,-149.6165,-26.981,291.7931,-114.2489,-46.7516,279.2872,-122.2045,-31.0437,294.0849,-114.547,-13.189,302.0582,-98.8486,-38.8109,293.0399,-108.0933,-24.4045,301.2855,-96.8529,-10.3565,301.8398
-45.7991,13.8147,273.7776,-50.8241,23.0769,265.0908,-95.3093,-24.2558,240.008,-86.5981,-34.8826,255.8884,-78.0752,-42.4661,269.8114,-66.5355,-44.7731,284.096,-91.3096,24.1246,237.5077,-114.2863,14.5248,230.0302,-137.8365,-2.2693,227.9441,-133.7486,-28.6701,235.1161,-154.7119,-29.2601,236.2076,-162.3734,-21.0827,253.968,-121.3686,-41.8233,274.4043,-143.0883,-45.9918,286.0608,-146.0637,-28.5673,297.3981,-111.3484,-49.0223,284.607,-117.7507,-32.2467,298.9802,-109.0168,-14.2869,305.4735,-95.7066,-41.5044,296.8384,-103.3643,-25.9831,304.6773,-91.5381,-12.4268,304.0723
-44.0601,11.615,274.3417,-49.4102,20.6382,265.5977,-94.0048,-27.6783,242.6785,-84.7687,-37.8749,258.5443,-75.8051,-45.0724,272.3953,-63.8748,-46.9557,286.4188,-90.5716,20.3784,239.0144,-113.6208,10.9792,231.5051,-136.6546,-6.6135,230.5372,-132.6406,-31.9662,239.5332,-153.5888,-32.8348,240.7228,-160.7466,-24.365,258.5562,-118.7253,-43.9356,278.8084,-139.9524,-47.7242,291.476,-142.227,-29.7294,302.0596,-108.6477,-50.9132,288.4033,-114.0901,-33.2822,302.1338,-104.6164,-15.2528,307.2514,-92.7373,-43.4136,299.7758,-99.6082,-27.3271,307.1931,-87.3483,-14.2476,305.5738
-42.7492,8.8317,273.5211,-48.565,17.4713,264.6875,-93.4046,-32.158,245.3277,-83.4044,-41.6685,261.1564,-73.7971,-48.2576,274.878,-61.2887,-49.4953,288.4627,-90.6536,15.0601,239.7127,-113.7458,5.3772,232.7134,-135.9892,-13.2174,233.4024,-132.0981,-36.8952,244.1546,-153.0037,-38.3773,245.4799,-159.5446,-29.2966,263.2495,-116.4935,-50.9353,281.6317,-136.3939,-50.2511,296.7482,-137.9926,-31.6103,306.2857,-105.9081,-53.6444,292.4525,-110.9182,-35.179,305.2168,-101.1035,-16.9024,308.4782,-89.716,-45.2738,302.5363,-96.3861,-28.8286,309.3235,-84.0931,-15.9766,306.5473
-40.4272,5.5778,271.9032,-46.6681,13.7143,262.884,-91.9431,-37.0695,248.0636,-81.2214,-45.6888,263.9303,-71.0007,-51.5035,277.5585,-57.9239,-51.968,290.6473,-90.4391,7.9475,241.6274,-113.9522,-0.6687,234.6348,-135.5951,-19.8021,237.1838,-130.7688,-41.7283,250.0213,-151.8739,-44.2607,251.0855,-157.6376,-34.501,268.7639,-113.0827,-53.456,286.8329,-132.509,-53.7027,302.5669,-133.8661,-34.6084,311.2021,-102.2133,-56.3839,296.8188,-107.3293,-37.4466,308.8273,-97.4729,-18.9653,310.3424,-85.7451,-47.5634,305.8323,-92.1807,-30.7476,311.8996,-80.2891,-17.8733,307.7956
-38.471,3.0974,272.0539,-45.0912,11.1514,263.2333,-90.6737,-39.916,250.4734,-79.3102,-48.3914,265.9665,-68.5462,-54.0782,279.2253,-54.9731,-54.4061,291.8031,-89.6924,4.4206,244.0908,-113.4968,-3.6352,237.4235,-134.6476,-23.0966,241.2831,-129.365,-44.6447,254.1035,-150.3903,-47.2143,256.0761,-155.3128,-37.1297,273.8263,-110.3093,-54.7728,290.4275,-129.3065,-55.4604,306.6643,-130.2013,-36.1646,314.9029,-98.8249,-58.434,300.0395,-103.5321,-39.2863,311.8804,-93.3299,-20.9338,312.1962,-82.2417,-49.6817,307.8686,-88.5138,-32.7748,313.8534,-76.6789,-20.1066,309.011
-36.8524,1.568,273.1584,-43.9121,9.4564,264.5309,-89.4002,-42.2292,254.1441,-77.3279,-50.4173,269.2509,-65.9756,-55.8473,282.121,-51.9038,-55.8961,294.1426,-89.0909,0.4492,247.8353,-113.1165,-5.8912,240.1823,-133.6833,-25.7513,245.0386,-127.9164,-47.3618,259.0039,-148.8612,-50.1529,261.6467,-153.3831,-39.8282,279.3654,-107.184,-58.8669,294.4941,-124.7959,-56.5031,312.079,-125.1011,-36.8839,319.5618,-95.6408,-59.0788,303.9965,-99.5031,-39.148,314.806,-88.8561,-21.0897,313.5655,-78.61,-50.5902,310.9541,-84.2483,-33.291,316.4267,-72.3321,-21.0963,310.6567
-35.1147,0.0679,273.6199,-42.6776,7.4304,264.9542,-87.5516,-45.4592,258.833,-74.7063,-52.7382,273.7666,-62.7264,-57.3769,286.3748,-48.1691,-56.6322,297.7794,-88.513,-4.2911,251.6836,-113.0053,-10.5545,244.5924,-132.6726,-30.8799,251.0013,-125.6587,-52.0913,266.1721,-146.6426,-55.7433,270.2135,-150.9915,-44.9037,287.666,-102.9809,-61.911,300.5324,-119.4359,-58.1054,318.9647,-119.6815,-38.1361,325.4581,-91.191,-59.397,309.9266,-94.1613,-38.6406,319.3791,-83.7173,-20.6522,316.4914,-74.2403,-50.9699,315.4494,-79.659,-33.3587,320.0844,-68.1794,-21.3514,313.1531
-33.1031,-0.6475,275.0002,-41.3041,6.2532,266.5372,-85.0933,-47.8468,264.5007,-71.2846,-54.3386,278.9289,-58.5313,-58.2872,291.0022,-43.4056,-56.8347,301.5682,-87.6315,-7.2654,256.4345,-112.598,-14.5508,250.99,-130.9444,-35.5019,259.081,-122.4783,-55.6367,274.544,-143.2035,-59.9552,280.1118,-146.8358,-48.7236,297.4801,-97.3573,-63.3296,307.9009,-112.7634,-60.0354,327.3123,-113.2764,-39.9103,333.2889,-85.6058,-59.9328,316.167,-88.5798,-38.8726,324.9206,-78.78,-20.7743,320.7475,-68.379,-51.1293,320.7457,-73.6253,-33.3391,324.8671,-62.9456,-21.3391,316.7466
-30.1529,-0.3389,277.4351,-39.0748,6.3475,269.5489,-81.7352,-48.6709,270.781,-66.8095,-54.8022,284.2209,-53.1565,-58.4242,295.3777,-37.3587,-56.6035,304.8462,-85.5872,-8.9475,262.5128,-110.8504,-17.255,258.6911,-127.6076,-38.8587,268.3597,-117.8519,-57.6099,283.9292,-137.845,-62.5583,291.2076,-140.2988,-50.9853,308.5583,-90.5119,-64.7744,314.8599,-104.4238,-60.9209,335.2709,-104.8984,-40.7194,340.987,-78.1221,-60.3132,322.6201,-80.7819,-39.1504,331.2258,-71.7199,-20.9364,326.0169,-61.128,-50.8714,325.4899,-66.6338,-33.1746,329.6741,-56.736,-21.2218,320.5545
-28.3544,-0.36,279.1013,-38.0242,5.7349,271.6283,-78.3025,-50.7857,277.2451,-62.3099,-55.9258,289.8473,-47.833,-58.6792,300.1835,-31.5421,-55.9687,308.5379,-84.5501,-11.7586,268.7573,-110.2083,-21.406,267.174,-124.9618,-43.7234,278.3664,-113.2193,-61.0088,293.3616,-132.9076,-66.7733,302.4492,-134.2407,-54.816,319.661,-82.5205,-66.7142,322.6366,-94.4486,-62.3134,344.1623,-95.0619,-41.9685,349.3307,-70.5617,-61.1402,329.2756,-73.2453,-39.7276,337.2318,-65.4627,-21.2654,330.9408,-53.7259,-51.3436,331.1319,-58.8848,-33.373,334.5149,-50.3555,-21.2614,324.2894
-26.9832,1.0255,282.1486,-37.3489,6.5715,275.1993,-74.9413,-51.2681,284.6789,-57.9746,-55.4994,296.3075,-42.7597,-57.4579,305.7241,-26.078,-53.9376,312.9259,-83.3774,-12.7604,277.2578,-108.9658,-23.5075,278.4021,-121.446,-46.3807,291.1324,-107.0603,-63.237,305.105,-125.2765,-70.0252,316.6896,-125.3242,-57.8892,333.8277,-74.7842,-65.8575,331.0947,-85.0525,-61.9775,353.5559,-86.2109,-41.5903,358.4568,-61.995,-60.4651,337.1876,-64.7854,-39.1001,345.2345,-58.695,-20.303,338.1228,-46.3919,-49.7748,337.2984,-51.9057,-31.8907,340.5779,-44.9724,-19.5038,329.5102
-23.2919,4.8488,288.4111,-34.2291,9.9408,282.0121,-68.6427,-49.5877,292.9905,-50.9481,-53.0819,303.7465,-35.2137,-54.3776,312.3923,-18.374,-50.1256,318.786,-79.1644,-11.5292,287.2494,-104.2674,-23.5233,290.1753,-114.2819,-47.24,303.5254,-98.7722,-63.057,315.3242,-115.8133,-70.6752,327.956,-115.4218,-58.597,345.1306,-64.191,-64.6914,339.6609,-72.6438,-61.0583,362.9064,-74.3889,-40.8306,368.2723,-51.5553,-58.4389,345.3386,-54.58,-37.2686,353.8046,-49.9435,-18.174,346.3953,-36.8065,-47.6546,344.8271,-42.3237,-29.7354,347.9031,-36.7683,-17.078,336.3736
-21.2518,6.917,295.5194,-32.6414,11.4252,289.4818,-63.5491,-49.7856,301.5815,-45.3551,-52.341,311.7525,-29.3005,-52.806,319.8787,-12.5036,-47.6772,325.7177,-76.2022,-12.3241,296.8015,-100.618,-25.6356,300.9042,-107.931,-50.0767,314.6937,-91.8059,-64.5725,325.4386,-107.7692,-72.9261,338.9163,-107.1597,-60.9724,356.1713,-56.477,-63.478,348.5258,-64.0108,-61.1297,372.2477,-66.553,-41.0764,377.9397,-43.5855,-58.0511,353.6045,-47.065,-36.8843,361.9025,-43.7632,-17.6393,354.1741,-29.5409,-46.3576,352.773,-35.409,-28.4898,355.4762,-30.9909,-15.793,343.5066
-21.4606,8.6194,302.5336,-33.0398,12.621,296.4996,-61.513,-49.6047,309.3721,-43.1933,-51.349,319.4889,-27.1004,-51.1087,327.5486,-10.4907,-45.2746,333.2598,-75.5396,-12.6925,305.1272,-99.4253,-26.9193,309.976,-104.9295,-51.7497,323.9099,-88.112,-64.9547,334.9209,-103.2349,-73.682,349.4468,-102.2152,-61.7811,366.719,-52.5422,-61.6795,356.9839,-59.2463,-59.2274,380.9431,-62.3741,-39.2248,386.5211,-39.9765,-56.4499,361.8222,-43.8355,-35.3894,370.2226,-41.454,-16.0595,362.3688,-26.8214,-44.497,360.7681,-33.1462,-26.7689,363.3587,-29.4752,-14.0188,351.195
-19.6704,11.9449,309.9227,-31.3631,15.6907,303.9437,-58.1514,-47.3794,316.3134,-39.7728,-48.7258,326.3837,-23.6765,-48.1293,334.4184,-7.2166,-41.9069,340.1532,-72.9931,-10.6537,312.5195,-96.1782,-25.3257,317.2956,-100.464,-50.5723,330.9058,-84.0942,-62.8765,342.5301,-98.8888,-71.7142,357.4809,-97.7988,-59.9236,374.8243,-48.0186,-58.1939,364.3621,-54.1468,-56.0559,388.5049,-57.6568,-36.0928,393.9962,-36.1688,-54.0854,368.7327,-40.5616,-33.3625,377.6916,-38.7206,-13.8697,370.0995,-23.3245,-41.4458,367.7995,-30.0792,-23.947,370.8266,-26.8304,-10.9714,358.7817
-16.7993,14.348,314.964,-28.5638,17.8442,308.9748,-54.058,-45.7434,321.4299,-35.6599,-46.6973,331.5094,-19.5826,-45.7586,339.5494,-3.2562,-39.1913,345.2811,-69.647,-9.1458,318.0495,-92.5074,-24.1641,323.0991,-95.9399,-49.5649,336.6643,-78.7257,-61.595,348.7005,-92.8199,-70.652,364.282,-91.6538,-58.7926,381.5734,-43.1552,-55.8497,369.7201,-48.8868,-54.1526,393.9949,-52.6697,-34.1892,399.3007,-31.4763,-51.8667,374.0492,-35.9866,-31.1694,383.0089,-34.4452,-11.7371,375.198,-18.9419,-39.2729,373.1729,-25.6533,-21.6753,375.6793,-22.62,-8.8388,363.4309
-15.5074,15.3358,318.5196,-27.3268,18.8057,312.6236,-52.4762,-44.9311,325.0168,-34.0059,-45.8466,334.9671,-17.878,-44.8716,342.9008,-1.5397,-38.2586,348.5453,-68.4067,-8.2302,321.6692,-91.2824,-23.2854,326.7063,-94.5353,-48.7541,340.1882,-77.1612,-61.0503,352.1063,-91.2614,-70.2577,367.58,-89.9879,-58.4283,384.8844,-41.4069,-56.3434,372.8491,-47.3629,-53.302,396.938,-51.1481,-33.3278,402.2016,-29.8525,-50.7841,377.4066,-34.3436,-29.9783,386.1216,-32.7971,-10.5738,378.243,-17.2781,-38.5308,376.4062,-24.0864,-20.9572,378.8181,-21.0628,-8.1636,366.5225
-14.1909,17.2848,320.9262,-25.9914,20.8136,315.0276,-51.3015,-42.9378,327.0116,-32.8522,-43.9496,336.9915,-16.7375,-43.0545,344.9611,-0.3957,-36.5089,350.674,-67.2468,-5.9849,323.8479,-90.1959,-20.8922,328.7543,-93.5799,-46.3675,342.1915,-76.1647,-58.667,354.0435,-90.3047,-67.6123,369.4169,-89.0019,-55.8093,386.7371,-40.2043,-54.2558,374.9353,-46.1245,-50.3055,398.9008,-49.7451,-30.2802,404.085,-28.9377,-49.112,379.3626,-33.2897,-28.3429,388.2341,-31.4915,-8.9346,380.4184,-16.2523,-36.6668,378.4686,-23.006,-19.0994,381.0717,-19.7935,-6.3484,368.7798
-11.4938,18.9245,321.8039,-23.2423,22.4204,315.7832,-48.4993,-41.3999,327.5099,-30.1515,-42.3603,337.6802,-14.1226,-41.4204,345.8161,2.141,-34.8294,351.6972,-64.4034,-4.3496,325.0493,-87.2875,-19.2327,330.2008,-90.6228,-44.7841,343.5051,-73.2224,-57.21,354.7762,-87.359,-66.2502,370.3671,-85.9532,-54.5257,387.7326,-37.3189,-52.4941,375.7057,-43.0434,-49.0014,399.7895,-46.5984,-28.9879,405.064,-26.3237,-47.7995,380.1591,-30.6084,-27.0825,389.1838,-28.7058,-7.674,381.3935,-13.5976,-35.2945,379.5554,-20.2499,-17.6687,382.0204,-17.0079,-4.9593,369.6931
-8.8787,19.2521,322.1793,-20.7274,22.943,316.4799,-46.2713,-40.8464,327.7443,-27.7109,-42.1245,337.4849,-11.4975,-41.4502,345.2741,4.9496,-35.0913,350.8948,-61.9419,-3.9793,325.3622,-84.913,-18.9846,330.3128,-88.2801,-44.7466,343.1961,-70.9898,-57.061,354.7024,-85.0875,-66.3087,370.0773,-83.6103,-54.7805,387.5679,-35.1509,-52.4098,375.4172,-40.939,-49.7357,399.5905,-44.4598,-29.79,405.1379,-23.7101,-47.8076,379.617,-28.0005,-27.2688,389.0378,-26.0539,-7.7961,381.4203,-10.7046,-35.4194,378.8024,-17.5583,-18.0156,382.1394,-14.3283,-5.194,369.9257
-7.0304,19.6592,322.2239,-18.8238,23.3904,316.4366,-44.5121,-40.4429,327.1081,-26.0429,-41.7888,337.0115,-9.9013,-41.1696,344.9529,6.4976,-34.8539,350.76,-60.1852,-3.3449,325.2944,-83.255,-18.2569,330.235,-86.7235,-44.112,342.9033,-69.311,-56.4457,354.2144,-83.5017,-65.603,369.7254,-81.9354,-54.173,387.2725,-33.1795,-52.6995,374.8271,-38.7886,-49.6596,398.9993,-42.1217,-29.7254,404.7018,-22.1461,-47.6772,379.2562,-26.2605,-27.1314,388.7401,-24.183,-7.6167,381.266,-8.9599,-35.841,378.7617,-15.4865,-18.2472,381.7387,-12.2346,-5.3472,369.6138
-5.6135,19.9716,322.4818,-17.4264,23.7705,316.779,-43.1783,-40.104,327.0429,-24.6668,-41.563,336.8509,-8.4884,-41.0369,344.7237,7.9478,-34.7973,350.5078,-58.8092,-2.8237,325.3956,-81.7887,-17.5912,330.1804,-85.5084,-43.5099,342.6458,-68.2061,-56.1615,354.0212,-82.5846,-65.3866,369.5202,-81.0152,-53.9842,387.085,-32.0239,-52.179,374.7081,-37.5957,-49.6708,398.9499,-40.7235,-29.7403,404.7803,-20.7056,-47.4392,379.0566,-24.6604,-26.915,388.6544,-22.4806,-7.3684,381.2939,-7.5294,-35.6615,378.5026,-14.066,-18.1259,381.7853,-10.7804,-5.1575,369.7426
-4.6327,20.9306,322.5697,-16.4421,24.9066,316.9815,-42.5544,-38.9864,326.1629,-24.0173,-40.7398,335.8738,-7.8077,-40.4587,343.6951,8.6876,-34.4282,349.5322,-58.0119,-1.4702,324.9588,-81.0263,-16.0733,329.3752,-85.1409,-42.163,341.3501,-67.6248,-55.5249,352.828,-82.037,-65.0323,368.1568,-80.5541,-53.6951,385.7713,-32.0582,-51.4419,373.5674,-37.8426,-50.2802,397.8613,-40.7807,-30.4345,404.0675,-20.2566,-47.4404,377.8313,-24.3447,-27.2706,388.1011,-22.0896,-7.5845,381.1461,-6.8214,-35.7534,377.4914,-13.3947,-18.357,381.3844,-10.0904,-5.0917,369.6748
-3.8311,20.6315,322.1345,-15.5717,24.6864,316.4588,-41.933,-39.2195,324.8,-23.5029,-41.1053,334.6881,-7.3755,-40.934,342.6804,9.0724,-34.9967,348.7429,-57.2215,-1.647,324.0001,-80.255,-16.2102,328.1707,-84.6694,-42.3543,339.9178,-66.5742,-56.3492,351.603,-80.7921,-66.2331,367.0684,-79.1122,-54.8477,384.634,-31.4178,-53.2662,371.9636,-37.2464,-51.2531,396.1912,-40.1306,-31.4852,402.6651,-19.8251,-49.1443,376.5419,-23.5777,-28.7874,386.5677,-21.2182,-8.979,380.0056,-6.4884,-36.9473,376.6365,-12.8714,-19.4404,380.347,-9.5512,-5.9678,368.8812
-1.3388,19.8425,321.3317,-13.0724,24.0276,315.7365,-39.6463,-39.9103,323.1014,-21.2102,-42.0163,332.9338,-5.0721,-42.0275,340.9063,11.4042,-36.2441,347.0398,-54.9182,-2.0574,322.6727,-78.0027,-16.4474,326.4991,-82.7608,-42.6308,338.0226,-64.4683,-57.2035,349.7498,-78.8462,-67.2205,365.1855,-77.1431,-55.8001,382.7261,-29.4441,-54.5929,370.0017,-35.3692,-53.2025,394.2496,-38.1159,-33.5313,401.0688,-17.8489,-50.4371,374.5965,-21.7013,-30.2954,385.0114,-19.2892,-10.3622,378.8591,-4.2966,-38.42,374.8382,-10.7335,-21.0076,378.8846,-7.4394,-7.2766,367.7218
-0.0854,20.5827,320.4166,-11.7779,24.9667,314.8881,-38.7422,-38.9705,320.6689,-20.3481,-41.415,330.5015,-4.2342,-41.7081,338.5175,12.2568,-36.167,344.8326,-53.9266,-0.8446,321.0622,-77.1915,-15.0918,324.4702,-82.2002,-41.4954,335.368,-63.9002,-56.7664,346.9837,-78.6193,-67.1781,362.3795,-76.9623,-56.1265,380.1592,-29.0995,-54.3859,367.3141,-35.2288,-53.736,391.5424,-37.8368,-34.1941,398.7751,-16.9909,-50.6353,372.082,-20.8564,-30.9557,383.3414,-18.3788,-10.8758,377.715,-3.5002,-38.7488,372.5644,-10.0246,-21.5814,377.4339,-6.6853,-7.5489,366.6665
-1.0445,22.4645,319.3048,-12.7046,26.9016,313.7502,-39.8263,-37.0076,319.087,-21.4787,-39.5417,328.9837,-5.3992,-39.9101,337.0655,11.0767,-34.4366,343.4781,-55.0089,1.1574,319.7737,-78.4436,-13.1039,323.1105,-83.5028,-39.5918,333.7778,-65.2586,-54.8807,345.2141,-80.1969,-65.3789,360.5605,-78.5938,-54.4329,378.4103,-30.4696,-52.9079,365.5967,-36.786,-52.248,389.7766,-39.4772,-32.7633,397.1322,-18.564,-49.402,370.3159,-22.5275,-29.7169,381.5316,-19.9943,-9.5872,376.1117,-4.9586,-37.2739,371.0248,-11.5798,-20.1458,375.9022,-8.1952,-6.0121,365.2823
-1.8132,24.3191,317.9703,-13.4408,28.7772,312.3648,-40.4783,-35.2215,317.012,-22.1987,-37.7976,327.0229,-6.1779,-38.1984,335.219,10.2402,-32.7437,341.7938,-55.7822,3.2033,317.9942,-79.1282,-10.8975,321.0981,-84.1417,-37.4604,331.5994,-65.9353,-52.9591,343.2592,-80.9115,-63.394,358.7002,-79.3596,-52.4845,376.5768,-31.0008,-51.7234,363.4728,-37.2912,-50.2824,387.6256,-40.0367,-30.8255,395.0344,-19.2991,-47.6258,368.505,-23.1922,-28.0898,380.0022,-20.596,-7.925,374.7445,-5.8762,-35.4906,369.3023,-12.5239,-18.4673,374.4998,-9.0486,-4.2903,363.9671
-0.7851,22.8971,316.2397,-12.4132,27.4259,310.692,-39.5461,-36.571,314.7747,-21.2571,-39.2697,324.7361,-5.2261,-39.7727,332.9064,11.2095,-34.4059,339.5099,-54.8505,1.8398,316.4357,-78.3575,-12.3329,319.6173,-83.2531,-38.9486,330.0404,-64.8719,-54.0677,341.1818,-79.7131,-64.3211,356.6566,-78.0172,-53.475,374.5588,-29.4977,-53.8155,361.075,-35.4715,-52.4957,385.3149,-38.1459,-33.0691,392.8283,-18.8258,-48.9626,366.0665,-22.7449,-29.5635,377.7847,-19.9119,-9.3945,372.6674,-4.6275,-37.6951,367.1209,-10.8313,-20.3936,371.9342,-7.2816,-6.229,361.4098
3.9964,17.4463,313.4943,-7.7833,22.0935,308.3816,-35.0133,-41.8666,312.392,-16.4304,-44.7701,321.7325,-0.1524,-45.4445,329.3858,16.5026,-40.2282,335.5453,-50.1207,-3.5081,314.7191,-73.5669,-17.6862,318.2289,-78.2505,-44.331,328.675,-59.8542,-59.3589,339.2105,-74.3894,-69.5941,354.9028,-72.2732,-58.9302,372.8694,-24.3084,-59.3453,358.14,-29.8916,-58.6582,382.4989,-32.23,-39.261,390.1981,-12.8954,-55.0469,362.7686,-16.2028,-35.6791,374.7248,-13.272,-15.4873,369.7547,1.1299,-43.2679,363.4458,-5.1208,-26.1845,368.9311,-1.7129,-11.9772,358.4173
11.0174,10.0682,310.9631,-0.7815,14.805,305.9785,-27.9303,-49.2548,308.7607,-9.3184,-52.3264,317.9889,6.9816,-53.1378,325.582,23.6479,-48.0289,331.8005,-43.0562,-10.8811,312.8521,-66.5325,-25.1454,316.6692,-71.0432,-52.0687,326.4564,-52.1996,-67.3325,335.8358,-66.4546,-77.9508,351.739,-63.94,-67.9052,370.0081,-15.9869,-68.1182,354.1297,-20.777,-68.0002,378.6662,-22.8565,-48.8114,386.9406,-4.8873,-63.706,358.9952,-7.8343,-44.6501,371.5326,-5.0081,-24.3276,367.0593,9.1683,-52.5202,359.9815,3.4288,-35.275,365.5187,6.5943,-20.7627,355.3515
15.6771,2.945,308.7669,3.743,7.8333,304.2748,-23.4735,-56.2294,306.1945,-4.595,-59.5779,314.7614,11.9282,-60.6194,321.8253,28.7908,-55.7069,327.6611,-38.3595,-18.2073,310.969,-61.7546,-32.6772,314.6887,-66.1123,-59.8269,323.9031,-47.4077,-75.2441,332.964,-61.4832,-86.4264,348.7069,-58.748,-76.7906,367.1641,-11.2026,-75.4679,350.8702,-15.879,-76.5716,375.4041,-17.9074,-57.5561,384.0815,0.2033,-71.8799,355.0627,-2.8317,-53.2695,368.2324,-0.0744,-32.8483,364.1862,14.359,-60.3448,355.843,8.1909,-43.6641,362.5294,11.2388,-28.9419,352.6316
16.3512,-3.4118,306.5513,4.475,1.5074,301.9409,-22.8579,-62.5184,303.3817,-4.0805,-65.9196,312.1476,12.3619,-67.006,319.391,29.1662,-62.1356,325.4268,-37.7944,-24.2451,308.7404,-61.2882,-38.5586,312.5196,-65.6943,-65.7724,321.5192,-46.5741,-81.5009,330.319,-60.5007,-92.6478,346.137,-57.6902,-83.0922,364.6246,-10.7563,-81.773,348.26,-15.4258,-83.0732,372.7856,-17.379,-64.1039,381.5803,0.8269,-78.6739,352.5543,-1.9454,-60.0483,365.7604,0.8909,-39.6018,361.9005,14.8102,-67.3229,353.5514,8.821,-50.4923,360.0215,11.8704,-35.6862,350.2502
17.8607,-7.8135,304.9612,5.9206,-2.7466,300.6883,-21.8473,-66.5902,301.8677,-2.9032,-70.2462,310.1596,13.6894,-71.5499,317.0141,30.661,-66.8834,322.7349,-36.4347,-28.5263,307.159,-60.0217,-42.8827,310.7625,-64.6192,-70.1862,319.3868,-45.6212,-86.1403,328.1777,-59.5104,-97.5619,343.5485,-56.6123,-88.1883,362.1156,-9.6036,-87.0055,345.856,-14.248,-88.3109,370.3861,-16.0351,-69.4404,379.4255,1.9069,-83.4021,350.0247,-0.8902,-65.0396,363.5891,2.0878,-44.5688,359.9727,16.3096,-71.5881,350.9467,10.2196,-55.1105,358.1856,13.2895,-40.1955,348.5878
18.4753,-10.072,303.7923,6.5856,-5.0021,299.3845,-21.2268,-68.8307,300.3057,-2.377,-72.4901,308.8082,14.1386,-73.7972,315.8457,31.0486,-69.1351,321.7494,-35.8271,-30.6921,306.0101,-59.47,-45.0129,309.7035,-64.3214,-72.3083,318.2138,-45.0293,-88.4214,326.6869,-58.9897,-99.9115,342.1597,-56.0571,-90.6447,360.7749,-9.1528,-89.5255,344.3593,-13.7828,-91.1225,368.8749,-15.4538,-72.3567,378.1514,2.4227,-86.2249,348.6678,-0.2757,-67.8135,362.1858,2.6602,-47.2912,358.8368,16.8186,-74.4228,349.9193,10.8648,-57.8293,357.0051,13.8507,-42.7704,347.6076
18.2139,-10.1247,303.6001,6.3055,-5.0965,299.1947,-21.3372,-68.9959,300.2984,-2.4677,-72.5857,308.7869,14.0597,-73.8328,315.8076,30.9643,-69.1124,321.6801,-36.3371,-30.4904,306.1133,-60.1962,-44.6985,309.9842,-66.164,-71.5804,319.0809,-45.6276,-88.7401,326.5901,-60.0741,-100.4829,342.227,-57.5846,-91.4043,360.9988,-10.5049,-84.3009,346.1946,-15.5311,-91.6271,369.588,-16.9692,-73.0443,379.2633,2.349,-86.1129,348.6871,-1.0553,-68.3748,362.9269,1.3516,-47.6978,360.1574,16.5452,-73.969,349.8315,9.9179,-58.1038,357.917,12.4548,-42.6474,349.0478
17.3892,-6.1535,304.5211,5.6503,-1.5225,299.3009,-21.2069,-65.7007,302.1824,-2.7354,-68.5941,311.7443,13.4399,-69.2536,319.6135,29.9736,-64.0029,326.0636,-36.8329,-27.2176,307.2423,-60.7778,-41.7002,311.7184,-71.4097,-66.6168,322.0685,-46.3249,-85.5122,328.4591,-61.6005,-97.5606,344.4394,-60.4847,-89.1311,363.6409,-12.5452,-81.3408,348.799,-18.7688,-89.4275,372.3072,-20.5546,-71.2141,382.6069,0.7044,-82.3125,351.8046,-4.1747,-65.5147,366.7387,-2.6242,-44.6345,365.1214,14.7676,-68.8861,353.7932,6.6635,-54.3501,362.9598,8.1582,-38.2211,355.11
17.8474,-1.3251,305.5865,6.1122,2.7062,299.8827,-19.7127,-61.5584,307.0665,-1.3402,-63.4223,317.0654,14.7246,-63.2222,325.1821,31.0705,-57.2252,331.4578,-35.859,-23.8413,309.7178,-59.859,-39.0216,315.3417,-79.4338,-59.1606,322.5701,-45.8401,-81.8094,332.6966,-62.0039,-94.3378,348.5529,-64.1733,-87.4461,368.2708,-13.8413,-76.9727,354.0613,-22.0326,-85.8515,378.3028,-25.5776,-68.6785,389.858,1.342,-75.639,357.3649,-5.8187,-63.3037,375.4083,-5.9672,-42.3427,376.6802,15.1524,-59.5496,359.1202,4.5378,-51.1585,372.459,2.5852,-34.1313,366.9581
19.1488,1.1826,306.846,7.3791,4.5141,300.7737,-17.2603,-59.4667,312.9317,1.0735,-60.1648,323.1485,17.074,-59.0016,331.3114,33.2574,-52.2025,337.1771,-33.8073,-23.1072,311.8642,-57.538,-39.0219,318.2543,-81.1713,-55.5647,321.2219,-44.4324,-81.0358,336.982,-61.4866,-94.5733,352.0769,-68.0003,-90.4054,371.6012,-13.8768,-73.9466,360.3659,-23.9934,-83.2726,385.5505,-29.4416,-68.2075,399.1284,2.5902,-67.714,364.2251,-6.6217,-64.1029,384.9881,-9.0024,-43.8476,389.9934,15.857,-50.4618,364.5868,5.2326,-49.399,381.3227,-0.3145,-32.5236,378.4155
24.167,3.4883,310.1562,12.309,6.1952,303.9466,-11.0598,-57.2981,320.4077,7.3299,-56.9841,330.5426,23.3422,-54.991,338.5197,39.4204,-47.5224,343.8347,-27.9083,-22.6306,315.3987,-51.0558,-39.2216,321.99,-75.4768,-54.8528,322.5172,-39.0399,-80.5595,342.4075,-56.7945,-95.3198,356.3674,-66.5729,-94.1994,374.918,-8.7835,-74.1195,366.9679,-19.9636,-86.0086,392.2408,-27.4949,-74.2732,407.9429,8.1878,-62.75,372.3994,-1.5834,-67.7528,394.244,-6.555,-49.4965,403.3539,21.9317,-48.3917,372.7227,10.6112,-48.9543,391.422,2.0598,-33.1174,391.6794
33.0291,5.4504,315.1766,21.0339,7.5214,308.986,0.3178,-56.397,327.2546,18.7437,-55.0888,337.2433,34.7137,-52.2542,345.0488,50.5145,-44.0172,350.051,-17.8299,-23.105,321.3037,-40.3764,-40.8726,328.4498,-64.3113,-57.2451,328.705,-26.6133,-81.4386,348.6909,-43.7295,-97.3541,362.3149,-54.6845,-98.5245,380.1928,2.8427,-75.7591,372.751,-8.3746,-90.3409,397.7998,-17.1283,-81.8975,414.9194,19.6951,-64.0114,379.1755,9.6158,-71.902,402.0788,2.7495,-56.7363,414.8794,33.7079,-48.4009,380.2492,22.3875,-51.3536,400.5898,11.6298,-37.5323,404.7423
