timestamp,frame_id,hand_id,hand_type,confidence,palm_x,palm_y,palm_z,palm_normal_x,palm_normal_y,palm_normal_z,palm_velocity_x,palm_velocity_y,palm_velocity_z,grab_strength,pinch_strength,pinch_distance,thumb_extended,index_extended,middle_extended,ring_extended,pinky_extended,thumb_tip_x,thumb_tip_y,thumb_tip_z,index_tip_x,index_tip_y,index_tip_z,gesture_type,sequence_id,recording_timestamp,video_file_path,performance_actual_fps,performance_total_frames,performance_target_fps,performance_quality,performance_mode,video_recording_time
2025-11-16 22:17:45.554254,1,3033,HandType.Right,0.754600465297699,-198.0387725830078,203.93453979492188,108.06888580322266,-0.19466282427310944,-0.9738785624504089,0.11690569669008255,1.0921231508255005,-14.118727684020996,-3.1196646690368652,0.0,0.0,46.37239456176758,0,1,1,1,1,-239.33531188964844,171.05311584472656,117.68052673339844,-273.6969299316406,185.97096252441406,73.21517181396484,close,41,2025-11-16T22:17:45.554254,my_hand_data\videos\close_seq41_20251116_221745_543075.avi,89.7789619512021,360,90,HIGH,VIDEO_RECORDING,2025-11-16T22:17:49.644534
2025-11-16 22:17:45.574317,2,3033,HandType.Right,0.7537131905555725,-198.09169006347656,203.7010498046875,108.08187103271484,-0.19411244988441467,-0.9738576412200928,0.11799001693725586,-2.225989818572998,-10.163820266723633,1.4731414318084717,0.0,0.0,46.52669906616211,0,1,1,1,1,-239.17507934570312,170.58566284179688,117.55352783203125,-273.82470703125,185.62979125976562,73.44805908203125,close,41,2025-11-16T22:17:45.574317,my_hand_data\videos\close_seq41_20251116_221745_543075.avi,89.7789619512021,360,90,HIGH,VIDEO_RECORDING,2025-11-16T22:17:49.644534
2025-11-16 22:17:45.577705,3,3033,HandType.Right,0.7537131905555725,-198.09169006347656,203.7010498046875,108.08187103271484,-0.19411244988441467,-0.9738576412200928,0.11799001693725586,-2.225989818572998,-10.163820266723633,1.4731414318084717,0.0,0.0,46.52669906616211,0,1,1,1,1,-239.17507934570312,170.58566284179688,117.55352783203125,-273.82470703125,185.62979125976562,73.44805908203125,close,41,2025-11-16T22:17:45.577705,my_hand_data\videos\close_seq41_20251116_221745_543075.avi,89.7789619512021,360,90,HIGH,VIDEO_RECORDING,2025-11-16T22:17:49.644534
2025-11-16 22:17:45.594261,4,3033,HandType.Right,0.7536134719848633,-198.0894317626953,203.42393493652344,108.05330657958984,-0.1931539922952652,-0.9738767147064209,0.1193973571062088,-0.1899525374174118,-11.804585456848145,-1.8302485942840576,0.0,0.006316362414509058,46.51240921020508,0,1,1,1,1,-239.0033416748047,169.92031860351562,117.42643737792969,-273.5846862792969,184.814208984375,73.53663635253906,close,41,2025-11-16T22:17:45.594261,my_hand_data\videos\close_seq41_20251116_221745_543075.avi,89.7789619512021,360,90,HIGH,VIDEO_RECORDING,2025-11-16T22:17:49.644534
2025-11-16 22:17:45.594261,5,3033,HandType.Right,0.7536134719848633,-198.0894317626953,203.42393493652344,108.05330657958984,-0.1931539922952652,-0.9738767147064209,0.1193973571062088,-0.1899525374174118,-11.804585456848145,-1.8302485942840576,0.0,0.006316362414509058,46.51240921020508,0,1,1,1,1,-239.0033416748047,169.92031860351562,117.42643737792969,-273.5846862792969,184.814208984375,73.53663635253906,close,41,2025-11-16T22:17:45.594261,my_hand_data\videos\close_seq41_20251116_221745_543075.avi,89.7789619512021,360,90,HIGH,VIDEO_RECORDING,2025-11-16T22:17:49.644534
2025-11-16 22:17:45.614919,6,3033,HandType.Right,0.7535799741744995,-198.13438415527344,203.30186462402344,108.01939392089844,-0.19206838309764862,-0.9740648865699768,0.11961305141448975,-3.9420409202575684,-10.703696250915527,-2.9739701747894287,0.0,0.01410452276468277,46.29646301269531,0,1,1,1,1,-239.0056915283203,169.61026000976562,117.33409118652344,-273.3240966796875,184.20718383789062,73.51696014404297,close,41,2025-11-16T22:17:45.614919,my_hand_data\videos\close_seq41_20251116_221745_543075.avi,89.7789619512021,360,90,HIGH,VIDEO_RECORDING,2025-11-16T22:17:49.644534
2025-11-16 22:17:45.624896,7,3033,HandType.Right,0.7537356019020081,-198.22390747070312,203.22032165527344,108.00016021728516,-0.1911286562681198,-0.9742552638053894,0.11956815421581268,-8.401680946350098,-7.652880668640137,-1.8050510883331299,0.0,0.01388595625758171,46.587772369384766,0,1,1,1,1,-238.9470977783203,169.20004272460938,117.19245147705078,-273.4378662109375,184.11648559570312,73.612060546875,close,41,2025-11-16T22:17:45.624896,my_hand_data\videos\close_seq41_20251116_221745_543075.avi,89.7789619512021,360,90,HIGH,VIDEO_RECORDING,2025-11-16T22:17:49.644534
2025-11-16 22:17:45.635096,8,3033,HandType.Right,0.7538626194000244,-198.24649047851562,203.10498046875,107.99594116210938,-0.19004110991954803,-0.9744211435317993,0.11994922906160355,-2.0101535320281982,-10.26940631866455,-0.37558045983314514,0.0,0.01128940936177969,47.162960052490234,0,1,1,1,1,-238.43356323242188,168.57481384277344,116.88533782958984,-273.3369445800781,183.79942321777344,73.6215591430664,close,41,2025-11-16T22:17:45.635096,my_hand_data\videos\close_seq41_20251116_221745_543075.avi,89.7789619512021,360,90,HIGH,VIDEO_RECORDING,2025-11-16T22:17:49.644534
2025-11-16 22:17:45.645208,9,3033,HandType.Right,0.753571629524231,-198.24990844726562,202.9838409423828,107.9990234375,-0.18891304731369019,-0.9745649099349976,0.12056154012680054,-0.30734559893608093,-10.898460388183594,0.2770751416683197,0.0,0.00842852983623743,47.75526428222656,0,1,1,1,1,-238.19541931152344,168.03692626953125,116.72454833984375,-273.3421630859375,183.61593627929688,73.64584350585938,close,41,2025-11-16T22:17:45.645208,my_hand_data\videos\close_seq41_20251116_221745_543075.avi,89.7789619512021,360,90,HIGH,VIDEO_RECORDING,2025-11-16T22:17:49.644534
2025-11-16 22:17:45.655392,10,3033,HandType.Right,0.7533900141716003,-198.2334747314453,202.84512329101562,108.000732421875,-0.1876310110092163,-0.9746850728988647,0.12158770114183426,1.4875078201293945,-12.556612014770508,0.15487587451934814,0.0,0.006503034383058548,48.35478210449219,0,1,1,1,1,-237.83804321289062,167.46621704101562,116.42810821533203,-273.2728271484375,183.35340881347656,73.60865020751953,close,41,2025-11-16T22:17:45.655392,my_hand_data\videos\close_seq41_20251116_221745_543075.avi,89.7789619512021,360,90,HIGH,VIDEO_RECORDING,2025-11-16T22:17:49.644534
2025-11-16 22:17:45.665426,11,3033,HandType.Right,0.753371000289917,-198.2756805419922,202.74659729003906,108.01058959960938,-0.18617407977581024,-0.9749438166618347,0.1217530146241188,-3.774484634399414,-8.809683799743652,0.8812428712844849,0.0,0.005745218601077795,48.70734786987305,0,1,1,1,1,-237.6322784423828,167.05633544921875,116.21306610107422,-273.23895263671875,183.15187072753906,73.58100891113281,close,41,2025-11-16T22:17:45.665426,my_hand_data\videos\close_seq41_20251116_221745_543075.avi,89.7789619512021,360,90,HIGH,VIDEO_RECORDING,2025-11-16T22:17:49.644534
2025-11-16 22:17:45.686057,12,3033,HandType.Right,0.7531248331069946,-198.38613891601562,202.62704467773438,108.03704833984375,-0.18407313525676727,-0.9753102660179138,0.12201221287250519,-6.004836559295654,-3.488731622695923,0.4438522756099701,0.0,0.006306411698460579,49.35022735595703,0,1,1,1,1,-237.3548126220703,166.3835906982422,115.81558990478516,-273.2183837890625,182.91001892089844,73.59750366210938,close,41,2025-11-16T22:17:45.686057,my_hand_data\videos\close_seq41_20251116_221745_543075.avi,89.7789619512021,360,90,HIGH,VIDEO_RECORDING,2025-11-16T22:17:49.644534
2025-11-16 22:17:45.690605,13,3033,HandType.Right,0.7531248331069946,-198.38613891601562,202.62704467773438,108.03704833984375,-0.18407313525676727,-0.9753102660179138,0.12201221287250519,-6.004836559295654,-3.488731622695923,0.4438522756099701,0.0,0.006306411698460579,49.35022735595703,0,1,1,1,1,-237.3548126220703,166.3835906982422,115.81558990478516,-273.2183837890625,182.91001892089844,73.59750366210938,close,41,2025-11-16T22:17:45.690605,my_hand_data\videos\close_seq41_20251116_221745_543075.avi,89.7789619512021,360,90,HIGH,VIDEO_RECORDING,2025-11-16T22:17:49.644534
2025-11-16 22:17:45.706462,14,3033,HandType.Right,0.7534759640693665,-198.41983032226562,202.63461303710938,108.07656860351562,-0.1837877631187439,-0.9753033518791199,0.12249641865491867,-3.028942108154297,0.6812102198600769,3.5531482696533203,0.0,0.007631674874573946,49.63789749145508,0,1,1,1,1,-237.19012451171875,166.12896728515625,115.65615844726562,-273.1119384765625,182.82664489746094,73.62678527832031,close,41,2025-11-16T22:17:45.706462,my_hand_data\videos\close_seq41_20251116_221745_543075.avi,89.7789619512021,360,90,HIGH,VIDEO_RECORDING,2025-11-16T22:17:49.644534
2025-11-16 22:17:45.706462,15,3033,HandType.Right,0.7536104917526245,-198.53517150878906,202.6399383544922,108.1170883178711,-0.18327412009239197,-0.975372314453125,0.12271712720394135,-10.175740242004395,0.46902135014533997,3.5746593475341797,0.0,0.011526224203407764,49.6504020690918,0,1,1,1,1,-237.229736328125,165.8992462158203,115.46482849121094,-273.101318359375,182.7584228515625,73.65553283691406,close,41,2025-11-16T22:17:45.706462,my_hand_data\videos\close_seq41_20251116_221745_543075.avi,89.7789619512021,360,90,HIGH,VIDEO_RECORDING,2025-11-16T22:17:49.644534
2025-11-16 22:17:45.726720,16,3033,HandType.Right,0.7534144520759583,-198.57020568847656,202.56484985351562,108.14346313476562,-0.1824594885110855,-0.9755124449729919,0.12281684577465057,-3.182018518447876,-6.819666862487793,2.395430564880371,0.0,0.017036180943250656,49.59485626220703,0,1,1,1,1,-237.1657257080078,165.629638671875,115.28459167480469,-272.8940124511719,182.44696044921875,73.6121826171875,close,41,2025-11-16T22:17:45.726720,my_hand_data\videos\close_seq41_20251116_221745_543075.avi,89.7789619512021,360,90,HIGH,VIDEO_RECORDING,2025-11-16T22:17:49.644534
2025-11-16 22:17:45.736737,17,3033,HandType.Right,0.7535760402679443,-198.6185760498047,202.47705078125,108.14988708496094,-0.18167062103748322,-0.9756633639335632,0.12278775870800018,-4.408926486968994,-8.003254890441895,0.5857294797897339,0.0,0.02465975657105446,49.36867904663086,0,1,1,1,1,-237.21829223632812,165.4200897216797,115.13387298583984,-272.61572265625,182.09825134277344,73.50439453125,close,41,2025-11-16T22:17:45.736737,my_hand_data\videos\close_seq41_20251116_221745_543075.avi,89.7789619512021,360,90,HIGH,VIDEO_RECORDING,2025-11-16T22:17:49.644534
2025-11-16 22:17:45.747104,18,3033,HandType.Right,0.7521729469299316,-198.59519958496094,202.28921508789062,108.12578582763672,-0.18040885031223297,-0.9758016467094421,0.12354650348424911,2.1107230186462402,-16.964824676513672,-2.176941394805908,0.0,0.025485606864094734,49.496028900146484,0,1,1,1,1,-237.1257781982422,165.0845184326172,114.95909118652344,-272.4404296875,181.8133087158203,73.31741333007812,close,41,2025-11-16T22:17:45.747104,my_hand_data\videos\close_seq41_20251116_221745_543075.avi,89.7789619512021,360,90,HIGH,VIDEO_RECORDING,2025-11-16T22:17:49.644534
2025-11-16 22:17:45.757412,19,3033,HandType.Right,0.7514179944992065,-198.55078125,202.07455444335938,108.09453582763672,-0.1795153170824051,-0.9759324193000793,0.12381491810083389,4.012669563293457,-19.39210319519043,-2.8225481510162354,0.0,0.029933802783489227,49.32868576049805,0,1,1,1,1,-237.11016845703125,164.80857849121094,114.79686737060547,-272.19134521484375,181.5025634765625,73.16140747070312,close,41,2025-11-16T22:17:45.757412,my_hand_data\videos\close_seq41_20251116_221745_543075.avi,89.7789619512021,360,90,HIGH,VIDEO_RECORDING,2025-11-16T22:17:49.644534
2025-11-16 22:17:45.767504,20,3033,HandType.Right,0.7514191269874573,-198.53543090820312,201.88906860351562,108.07584381103516,-0.1784619837999344,-0.9761342406272888,0.1237468421459198,1.3691710233688354,-16.538713455200195,-1.6669715642929077,0.0,0.03158311918377876,49.281593322753906,0,1,1,1,1,-237.11366271972656,164.51136779785156,114.69437408447266,-272.029052734375,181.14859008789062,72.97312927246094,close,41,2025-11-16T22:17:45.767504,my_hand_data\videos\close_seq41_20251116_221745_543075.avi,89.7789619512021,360,90,HIGH,VIDEO_RECORDING,2025-11-16T22:17:49.644534
2025-11-16 22:17:45.777865,21,3033,HandType.Right,0.7515280246734619,-198.45004272460938,201.65875244140625,108.03482055664062,-0.17752109467983246,-0.9761982560157776,0.12459245324134827,7.735377788543701,-20.86489486694336,-3.716233968734741,0.0,0.03533829376101494,49.166847229003906,0,1,1,1,1,-237.02587890625,164.14816284179688,114.5219497680664,-271.733642578125,180.7075653076172,72.7744369506836,close,41,2025-11-16T22:17:45.777865,my_hand_data\videos\close_seq41_20251116_221745_543075.avi,89.7789619512021,360,90,HIGH,VIDEO_RECORDING,2025-11-16T22:17:49.644534
2025-11-16 22:17:45.797870,22,3033,HandType.Right,0.7507854700088501,-198.23757934570312,201.2234649658203,108.02704620361328,-0.17596200108528137,-0.9761656522750854,0.1270352303981781,10.505086898803711,-20.293251037597656,-1.23956298828125,0.0,0.037573330104351044,49.36542510986328,0,1,1,1,1,-236.70819091796875,163.32986450195312,114.15509796142578,-271.4576721191406,180.234130859375,72.67321014404297,close,41,2025-11-16T22:17:45.797870,my_hand_data\videos\close_seq41_20251116_221745_543075.avi,89.7789619512021,360,90,HIGH,VIDEO_RECORDING,2025-11-16T22:17:49.644534
2025-11-16 22:17:45.801331,23,3033,HandType.Right,0.7507854700088501,-198.23757934570312,201.2234649658203,108.02704620361328,-0.17596200108528137,-0.9761656522750854,0.1270352303981781,10.505086898803711,-20.293251037597656,-1.23956298828125,0.0,0.037573330104351044,49.36542510986328,0,1,1,1,1,-236.70819091796875,163.32986450195312,114.15509796142578,-271.4576721191406,180.234130859375,72.67321014404297,close,41,2025-11-16T22:17:45.801331,my_hand_data\videos\close_seq41_20251116_221745_543075.avi,89.7789619512021,360,90,HIGH,VIDEO_RECORDING,2025-11-16T22:17:49.644534
2025-11-16 22:17:45.818344,24,3033,HandType.Right,0.7508853673934937,-198.1785888671875,201.05194091796875,108.05522918701172,-0.17551498115062714,-0.9762108325958252,0.1273062527179718,5.345592975616455,-15.542738914489746,2.5536606311798096,0.0,0.038842588663101196,49.32453155517578,0,1,1,1,1,-236.6178436279297,162.98416137695312,113.99248504638672,-271.4046325683594,180.05860900878906,72.66934204101562,close,41,2025-11-16T22:17:45.818344,my_hand_data\videos\close_seq41_20251116_221745_543075.avi,89.7789619512021,360,90,HIGH,VIDEO_RECORDING,2025-11-16T22:17:49.644534
2025-11-16 22:17:45.822156,25,3033,HandType.Right,0.75077223777771,-198.14266967773438,200.95394897460938,108.09842681884766,-0.17552319169044495,-0.9760943651199341,0.12818510830402374,3.2813668251037598,-8.95329761505127,3.946453094482422,0.0,0.03952912986278534,49.32582092285156,0,1,1,1,1,-236.4764404296875,162.64273071289062,113.85104370117188,-271.3412170410156,179.91783142089844,72.70795440673828,close,41,2025-11-16T22:17:45.822156,my_hand_data\videos\close_seq41_20251116_221745_543075.avi,89.7789619512021,360,90,HIGH,VIDEO_RECORDING,2025-11-16T22:17:49.644534
2025-11-16 22:17:45.838779,26,3033,HandType.Right,0.7506664395332336,-198.02178955078125,200.79649353027344,108.10285186767578,-0.17588673532009125,-0.9758186340332031,0.12977612018585205,10.829036712646484,-14.105323791503906,0.39631596207618713,0.0,0.04376913979649544,49.23598861694336,0,1,1,1,1,-236.35745239257812,162.3592071533203,113.59978485107422,-271.2163391113281,179.73448181152344,72.70054626464844,close,41,2025-11-16T22:17:45.838779,my_hand_data\videos\close_seq41_20251116_221745_543075.avi,89.7789619512021,360,90,HIGH,VIDEO_RECORDING,2025-11-16T22:17:49.644534
2025-11-16 22:17:45.848358,27,3033,HandType.Right,0.7505347728729248,-197.92576599121094,200.6156768798828,108.08551025390625,-0.1758187860250473,-0.9756261110305786,0.13130664825439453,8.707316398620605,-16.39694595336914,-1.5721313953399658,0.0,0.047112010419368744,49.153419494628906,0,1,1,1,1,-236.13461303710938,161.92835998535156,113.21417999267578,-271.1249694824219,179.55661010742188,72.69853210449219,close,41,2025-11-16T22:17:45.848358,my_hand_data\videos\close_seq41_20251116_221745_543075.avi,89.7789619512021,360,90,HIGH,VIDEO_RECORDING,2025-11-16T22:17:49.644534
2025-11-16 22:17:45.858676,28,3033,HandType.Right,0.7503489255905151,-197.8596954345703,200.4403076171875,108.0631103515625,-0.17610476911067963,-0.9753021597862244,0.1333146095275879,5.890035152435303,-15.633464813232422,-1.997047781944275,0.0,0.05190480127930641,49.06777572631836,0,1,1,1,1,-236.03851318359375,161.66725158691406,112.93915557861328,-271.0267333984375,179.3587188720703,72.68795013427734,close,41,2025-11-16T22:17:45.858676,my_hand_data\videos\close_seq41_20251116_221745_543075.avi,89.7789619512021,360,90,HIGH,VIDEO_RECORDING,2025-11-16T22:17:49.644534
2025-11-16 22:17:45.869110,29,3033,HandType.Right,0.7504445314407349,-197.76531982421875,200.22084045410156,108.02610778808594,-0.176301047205925,-0.9750179052352905,0.13512204587459564,8.3568696975708,-19.434429168701172,-3.2763512134552,0.0,0.05740944668650627,48.975467681884766,0,1,1,1,1,-236.01144409179688,161.43421936035156,112.72776794433594,-270.8892822265625,179.04959106445312,72.62045288085938,close,41,2025-11-16T22:17:45.869110,my_hand_data\videos\close_seq41_20251116_221745_543075.avi,89.7789619512021,360,90,HIGH,VIDEO_RECORDING,2025-11-16T22:17:49.644534
2025-11-16 22:17:45.879470,30,3033,HandType.Right,0.7516520023345947,-197.7740478515625,200.0979461669922,108.0411376953125,-0.1763087809085846,-0.9749951362609863,0.13527636229991913,-0.8041979670524597,-11.324023246765137,1.3842979669570923,0.0,0.06494919210672379,48.88595962524414,0,1,1,1,1,-235.98683166503906,161.1356964111328,112.50080871582031,-270.7161560058594,178.6011505126953,72.58309936523438,close,41,2025-11-16T22:17:45.879470,my_hand_data\videos\close_seq41_20251116_221745_543075.avi,89.7789619512021,360,90,HIGH,VIDEO_RECORDING,2025-11-16T22:17:49.644534
2025-11-16 22:17:45.889816,31,3033,HandType.Right,0.7515119910240173,-197.836181640625,199.96524047851562,108.08770751953125,-0.17589117586612701,-0.975067675113678,0.13529708981513977,-5.577558517456055,-11.912860870361328,4.181177616119385,0.0,0.06983740627765656,48.79426193237305,0,1,1,1,1,-235.98269653320312,160.8140411376953,112.1966552734375,-270.77825927734375,178.46319580078125,72.65946197509766,close,41,2025-11-16T22:17:45.889816,my_hand_data\videos\close_seq41_20251116_221745_543075.avi,89.7789619512021,360,90,HIGH,VIDEO_RECORDING,2025-11-16T22:17:49.644534
2025-11-16 22:17:45.900304,32,3033,HandType.Right,0.7513195276260376,-197.91378784179688,199.85317993164062,108.18933868408203,-0.1756032258272171,-0.9751209616661072,0.13528728485107422,-7.0166826248168945,-10.132554054260254,9.189111709594727,0.0,0.07341212034225464,48.723026275634766,0,1,1,1,1,-235.88198852539062,160.51507568359375,111.9576644897461,-270.8236083984375,178.3229522705078,72.79650115966797,close,41,2025-11-16T22:17:45.900304,my_hand_data\videos\close_seq41_20251116_221745_543075.avi,89.7789619512021,360,90,HIGH,VIDEO_RECORDING,2025-11-16T22:17:49.644534
2025-11-16 22:17:45.910542,33,3033,HandType.Right,0.7509813904762268,-197.99884033203125,199.75477600097656,108.24396514892578,-0.17542462050914764,-0.9751313328742981,0.13544416427612305,-7.579152584075928,-8.767921447753906,4.867498397827148,0.0,0.0761389434337616,48.67801284790039,0,1,1,1,1,-235.83151245117188,160.3115692138672,111.78498840332031,-270.8881530761719,178.20309448242188,72.90105438232422,close,41,2025-11-16T22:17:45.910542,my_hand_data\videos\close_seq41_20251116_221745_543075.avi,89.7789619512021,360,90,HIGH,VIDEO_RECORDING,2025-11-16T22:17:49.644534
2025-11-16 22:17:45.931019,34,3033,HandType.Right,0.749443769454956,-197.9619903564453,199.4304962158203,108.30071258544922,-0.17537418007850647,-0.9747953414916992,0.13790565729141235,6.801970481872559,-18.786983489990234,0.7787168025970459,0.0,0.08160955458879471,48.60749816894531,0,1,1,1,1,-235.75613403320312,159.96826171875,111.5778579711914,-270.8596496582031,177.84922790527344,72.99156188964844,close,41,2025-11-16T22:17:45.931019,my_hand_data\videos\close_seq41_20251116_221745_543075.avi,89.7789619512021,360,90,HIGH,VIDEO_RECORDING,2025-11-16T22:17:49.644534
2025-11-16 22:17:45.931019,35,3033,HandType.Right,0.749443769454956,-197.9619903564453,199.4304962158203,108.30071258544922,-0.17537418007850647,-0.9747953414916992,0.13790565729141235,6.801970481872559,-18.786983489990234,0.7787168025970459,0.0,0.08160955458879471,48.60749816894531,0,1,1,1,1,-235.75613403320312,159.96826171875,111.5778579711914,-270.8596496582031,177.84922790527344,72.99156188964844,close,41,2025-11-16T22:17:45.931019,my_hand_data\videos\close_seq41_20251116_221745_543075.avi,89.7789619512021,360,90,HIGH,VIDEO_RECORDING,2025-11-16T22:17:49.644534
2025-11-16 22:17:45.950973,36,3033,HandType.Right,0.7480008006095886,-197.71267700195312,198.97976684570312,108.37547302246094,-0.17398099601268768,-0.9743420481681824,0.14278733730316162,9.08759593963623,-19.20186424255371,1.959009051322937,0.0,0.08726952224969864,48.38425827026367,0,1,1,1,1,-235.74905395507812,159.51820373535156,111.24419403076172,-270.9545593261719,177.4378662109375,73.00498962402344,close,41,2025-11-16T22:17:45.950973,my_hand_data\videos\close_seq41_20251116_221745_543075.avi,89.7789619512021,360,90,HIGH,VIDEO_RECORDING,2025-11-16T22:17:49.644534
2025-11-16 22:17:45.956831,37,3033,HandType.Right,0.7480008006095886,-197.71267700195312,198.97976684570312,108.37547302246094,-0.17398099601268768,-0.9743420481681824,0.14278733730316162,9.08759593963623,-19.20186424255371,1.959009051322937,0.0,0.08726952224969864,48.38425827026367,0,1,1,1,1,-235.74905395507812,159.51820373535156,111.24419403076172,-270.9545593261719,177.4378662109375,73.00498962402344,close,41,2025-11-16T22:17:45.956831,my_hand_data\videos\close_seq41_20251116_221745_543075.avi,89.7789619512021,360,90,HIGH,VIDEO_RECORDING,2025-11-16T22:17:49.644534
2025-11-16 22:17:45.971625,38,3033,HandType.Right,0.7479988932609558,-197.56924438476562,198.829833984375,108.4617691040039,-0.1736416220664978,-0.9742189645767212,0.14403466880321503,13.006863594055176,-13.596786499023438,7.8252763748168945,0.0,0.08816464245319366,48.29049301147461,0,1,1,1,1,-235.4040985107422,159.1356658935547,110.96330261230469,-270.8970642089844,177.2850799560547,73.13345336914062,close,41,2025-11-16T22:17:45.971625,my_hand_data\videos\close_seq41_20251116_221745_543075.avi,89.7789619512021,360,90,HIGH,VIDEO_RECORDING,2025-11-16T22:17:49.644534
2025-11-16 22:17:45.981716,39,3033,HandType.Right,0.7481814026832581,-197.41912841796875,198.7047882080078,108.58058166503906,-0.173179030418396,-0.9741434454917908,0.14509835839271545,13.514897346496582,-11.258345603942871,10.697199821472168,0.0,0.09436050057411194,48.1731071472168,0,1,1,1,1,-235.16505432128906,158.89439392089844,110.7800064086914,-270.70172119140625,176.9336700439453,73.25855255126953,close,41,2025-11-16T22:17:45.981716,my_hand_data\videos\close_seq41_20251116_221745_543075.avi,89.7789619512021,360,90,HIGH,VIDEO_RECORDING,2025-11-16T22:17:49.644534
2025-11-16 22:17:45.991815,40,3033,HandType.Right,0.7464545369148254,-197.1272430419922,198.48715209960938,108.66278839111328,-0.17253129184246063,-0.9740650653839111,0.14639078080654144,26.490354537963867,-19.751554489135742,7.460933208465576,0.0,0.10341805219650269,47.97591781616211,0,1,1,1,1,-234.79159545898438,158.52191162109375,110.4339599609375,-270.2641296386719,176.40721130371094,73.24786376953125,close,41,2025-11-16T22:17:45.991815,my_hand_data\videos\close_seq41_20251116_221745_543075.avi,89.7789619512021,360,90,HIGH,VIDEO_RECORDING,2025-11-16T22:17:49.644534
2025-11-16 22:17:46.002316,41,3033,HandType.Right,0.7458347082138062,-196.90574645996094,198.2840118408203,108.64146423339844,-0.17171700298786163,-0.9739981889724731,0.14778630435466766,19.979663848876953,-18.323589324951172,-1.924019694328308,0.0,0.12108179926872253,47.827213287353516,0,1,1,1,1,-234.2374725341797,158.01644897460938,110.09037017822266,-269.24700927734375,175.15447998046875,73.04763793945312,close,41,2025-11-16T22:17:46.002316,my_hand_data\videos\close_seq41_20251116_221745_543075.avi,89.7789619512021,360,90,HIGH,VIDEO_RECORDING,2025-11-16T22:17:49.644534
2025-11-16 22:17:46.012704,42,3033,HandType.Right,0.7446107864379883,-196.72567749023438,198.0981903076172,108.65460968017578,-0.17082907259464264,-0.9739705324172974,0.1489928960800171,16.04840087890625,-16.56126594543457,1.1718966960906982,0.0,0.13987992703914642,47.25526809692383,0,1,1,1,1,-233.97023010253906,157.6410675048828,109.72100830078125,-268.4674377441406,174.32481384277344,72.9767074584961,close,41,2025-11-16T22:17:46.012704,my_hand_data\videos\close_seq41_20251116_221745_543075.avi,89.7789619512021,360,90,HIGH,VIDEO_RECORDING,2025-11-16T22:17:49.644534
2025-11-16 22:17:46.022876,43,3033,HandType.Right,0.7435274124145508,-196.5385284423828,197.90347290039062,108.64331817626953,-0.16982817649841309,-0.9739745855331421,0.15010645985603333,16.878387451171875,-17.561817169189453,-1.0186668634414673,0.0,0.16010798513889313,46.62764358520508,0,1,1,1,1,-233.68292236328125,157.31277465820312,109.48030853271484,-267.53240966796875,173.3072052001953,72.88631439208984,close,41,2025-11-16T22:17:46.022876,my_hand_data\videos\close_seq41_20251116_221745_543075.avi,89.7789619512021,360,90,HIGH,VIDEO_RECORDING,2025-11-16T22:17:49.644534
2025-11-16 22:17:46.033215,44,3033,HandType.Right,0.7412757873535156,-196.28274536132812,197.70321655273438,108.65752410888672,-0.16944676637649536,-0.9737983345985413,0.15167248249053955,22.75265121459961,-17.812088012695312,1.2638264894485474,0.0,0.17736661434173584,46.15049743652344,0,1,1,1,1,-233.419189453125,157.04873657226562,109.2632827758789,-266.8135681152344,172.4746856689453,72.9023666381836,close,41,2025-11-16T22:17:46.033215,my_hand_data\videos\close_seq41_20251116_221745_543075.avi,89.7789619512021,360,90,HIGH,VIDEO_RECORDING,2025-11-16T22:17:49.644534
2025-11-16 22:17:46.043473,45,3033,HandType.Right,0.7394518256187439,-196.0650634765625,197.50624084472656,108.5962142944336,-0.1689680814743042,-0.9736659526824951,0.15305042266845703,19.58336639404297,-17.720111846923828,-5.515345573425293,0.0,0.19665952026844025,45.78446578979492,0,1,1,1,1,-233.3033447265625,156.8699188232422,109.08592224121094,-266.10650634765625,171.53672790527344,72.86448669433594,close,41,2025-11-16T22:17:46.043473,my_hand_data\videos\close_seq41_20251116_221745_543075.avi,89.7789619512021,360,90,HIGH,VIDEO_RECORDING,2025-11-16T22:17:49.644534
2025-11-16 22:17:46.063533,46,3033,HandType.Right,0.7372106313705444,-195.72610473632812,197.31661987304688,108.47399139404297,-0.17058169841766357,-0.9725589752197266,0.15821179747581482,13.829421043395996,-2.3451640605926514,-1.2351502180099487,0.0,0.23129349946975708,45.330772399902344,0,1,1,1,1,-233.0594482421875,156.6527099609375,108.83944702148438,-264.954833984375,170.15013122558594,73.1065444946289,close,41,2025-11-16T22:17:46.063533,my_hand_data\videos\close_seq41_20251116_221745_543075.avi,89.7789619512021,360,90,HIGH,VIDEO_RECORDING,2025-11-16T22:17:49.644534
2025-11-16 22:17:46.067859,47,3033,HandType.Right,0.7372106313705444,-195.72610473632812,197.31661987304688,108.47399139404297,-0.17058169841766357,-0.9725589752197266,0.15821179747581482,13.829421043395996,-2.3451640605926514,-1.2351502180099487,0.0,0.23129349946975708,45.330772399902344,0,1,1,1,1,-233.0594482421875,156.6527099609375,108.83944702148438,-264.954833984375,170.15013122558594,73.1065444946289,close,41,2025-11-16T22:17:46.067859,my_hand_data\videos\close_seq41_20251116_221745_543075.avi,89.7789619512021,360,90,HIGH,VIDEO_RECORDING,2025-11-16T22:17:49.644534
2025-11-16 22:17:46.083658,48,3033,HandType.Right,0.7331803441047668,-195.44512939453125,197.11766052246094,108.44972229003906,-0.17131301760673523,-0.9717879891395569,0.16211079061031342,25.124921798706055,-17.790742874145508,-2.170130491256714,0.0,0.24968406558036804,44.94407272338867,0,1,1,1,1,-232.9880828857422,156.55227661132812,108.7558822631836,-264.2341613769531,169.57667541503906,73.18721771240234,close,41,2025-11-16T22:17:46.083658,my_hand_data\videos\close_seq41_20251116_221745_543075.avi,89.7789619512021,360,90,HIGH,VIDEO_RECORDING,2025-11-16T22:17:49.644534
2025-11-16 22:17:46.093870,49,3033,HandType.Right,0.7314049601554871,-195.30335998535156,196.9749298095703,108.36788177490234,-0.17232663929462433,-0.9712044596672058,0.16451582312583923,12.83065414428711,-12.918688774108887,-7.407191753387451,0.0,0.25789299607276917,44.80418014526367,0,1,1,1,1,-232.88906860351562,156.43978881835938,108.58584594726562,-264.1404724121094,169.28175354003906,73.36634063720703,close,41,2025-11-16T22:17:46.093870,my_hand_data\videos\close_seq41_20251116_221745_543075.avi,89.7789619512021,360,90,HIGH,VIDEO_RECORDING,2025-11-16T22:17:49.644534
2025-11-16 22:17:46.099047,50,3033,HandType.Right,0.7296019196510315,-195.21240234375,196.81491088867188,108.29903411865234,-0.17194604873657227,-0.9711295962333679,0.16535380482673645,8.319426536560059,-14.633928298950195,-6.296721935272217,0.0,0.2755262553691864,44.569488525390625,0,1,1,1,1,-232.79266357421875,156.2726593017578,108.32527160644531,-263.77667236328125,168.62490844726562,73.58454895019531,close,41,2025-11-16T22:17:46.099047,my_hand_data\videos\close_seq41_20251116_221745_543075.avi,89.7789619512021,360,90,HIGH,VIDEO_RECORDING,2025-11-16T22:17:49.644534
2025-11-16 22:17:46.113340,51,3033,HandType.Right,0.7266269326210022,-195.0773162841797,196.58712768554688,108.22911071777344,-0.17086820304393768,-0.971197783946991,0.1660691201686859,11.960891723632812,-20.168981552124023,-6.191248416900635,0.0,0.29263684153556824,44.39823532104492,0,1,1,1,1,-232.73550415039062,156.09075927734375,108.18946838378906,-263.32659912109375,167.83047485351562,73.74069213867188,close,41,2025-11-16T22:17:46.113340,my_hand_data\videos\close_seq41_20251116_221745_543075.avi,89.7789619512021,360,90,HIGH,VIDEO_RECORDING,2025-11-16T22:17:49.644534
2025-11-16 22:17:46.123494,52,3033,HandType.Right,0.722355306148529,-194.9610137939453,196.34230041503906,108.14286804199219,-0.17046451568603516,-0.9709133505821228,0.16813437640666962,10.585921287536621,-22.284061431884766,-7.8493852615356445,0.0,0.30147242546081543,44.24314498901367,0,1,1,1,1,-232.5855712890625,155.8716278076172,107.99927520751953,-263.137939453125,167.50717163085938,73.91468811035156,close,41,2025-11-16T22:17:46.123494,my_hand_data\videos\close_seq41_20251116_221745_543075.avi,89.7789619512021,360,90,HIGH,VIDEO_RECORDING,2025-11-16T22:17:49.644534
2025-11-16 22:17:46.133890,53,3033,HandType.Right,0.719113290309906,-194.85008239746094,196.12786865234375,108.025634765625,-0.17082324624061584,-0.9704980254173279,0.17015594244003296,9.919814109802246,-19.175880432128906,-10.484094619750977,0.0,0.31323888897895813,44.213035583496094,0,1,1,1,1,-232.45291137695312,155.70526123046875,107.84481048583984,-262.79248046875,166.8803253173828,74.00810241699219,close,41,2025-11-16T22:17:46.133890,my_hand_data\videos\close_seq41_20251116_221745_543075.avi,89.7789619512021,360,90,HIGH,VIDEO_RECORDING,2025-11-16T22:17:49.644534
2025-11-16 22:17:46.144296,54,3033,HandType.Right,0.7157914638519287,-194.7862091064453,195.93272399902344,107.94481658935547,-0.17033614218235016,-0.9702551364898682,0.1720191240310669,5.738316059112549,-17.53226089477539,-7.260251045227051,0.0,0.3165828585624695,44.0671272277832,0,1,1,1,1,-232.38302612304688,155.6289825439453,107.7095947265625,-262.6807861328125,166.66387939453125,73.94832611083984,close,41,2025-11-16T22:17:46.144296,my_hand_data\videos\close_seq41_20251116_221745_543075.avi,89.7789619512021,360,90,HIGH,VIDEO_RECORDING,2025-11-16T22:17:49.644534
2025-11-16 22:17:46.164936,55,3033,HandType.Right,0.7087973952293396,-194.55392456054688,195.6887969970703,107.97018432617188,-0.17046692967414856,-0.9692966938018799,0.17721432447433472,12.215458869934082,-7.47898006439209,2.7701351642608643,0.0,0.3182174563407898,43.91428756713867,0,1,1,1,1,-231.9176483154297,155.48477172851562,107.6343994140625,-262.2999572753906,166.22860717773438,73.93208312988281,close,41,2025-11-16T22:17:46.164936,my_hand_data\videos\close_seq41_20251116_221745_543075.avi,89.7789619512021,360,90,HIGH,VIDEO_RECORDING,2025-11-16T22:17:49.644534
2025-11-16 22:17:46.168848,56,3033,HandType.Right,0.7087973952293396,-194.55392456054688,195.6887969970703,107.97018432617188,-0.17046692967414856,-0.9692966938018799,0.17721432447433472,12.215458869934082,-7.47898006439209,2.7701351642608643,0.0,0.3182174563407898,43.91428756713867,0,1,1,1,1,-231.9176483154297,155.48477172851562,107.6343994140625,-262.2999572753906,166.22860717773438,73.93208312988281,close,41,2025-11-16T22:17:46.168848,my_hand_data\videos\close_seq41_20251116_221745_543075.avi,89.7789619512021,360,90,HIGH,VIDEO_RECORDING,2025-11-16T22:17:49.644534
2025-11-16 22:17:46.185479,57,3033,HandType.Right,0.7059366106987,-194.36404418945312,195.605224609375,107.99967193603516,-0.17107440531253815,-0.9685449004173279,0.18070493638515472,16.882219314575195,-7.430356502532959,2.622421979904175,0.0,0.3181946873664856,43.81977844238281,0,1,1,1,1,-231.5978240966797,155.3746337890625,107.59917449951172,-262.11590576171875,166.09434509277344,74.01309967041016,close,41,2025-11-16T22:17:46.185479,my_hand_data\videos\close_seq41_20251116_221745_543075.avi,89.7789619512021,360,90,HIGH,VIDEO_RECORDING,2025-11-16T22:17:49.644534
2025-11-16 22:17:46.189500,58,3033,HandType.Right,0.7038305401802063,-194.29441833496094,195.60826110839844,108.06559753417969,-0.1705520749092102,-0.9682477116584778,0.18277966976165771,6.36395263671875,0.2771548926830292,6.024977684020996,0.0,0.3182283639907837,43.75041961669922,0,1,1,1,1,-231.31973266601562,155.26681518554688,107.5747299194336,-262.1365661621094,166.11106872558594,74.3057632446289,close,41,2025-11-16T22:17:46.189500,my_hand_data\videos\close_seq41_20251116_221745_543075.avi,89.7789619512021,360,90,HIGH,VIDEO_RECORDING,2025-11-16T22:17:49.644534
2025-11-16 22:17:46.205351,59,3033,HandType.Right,0.7025430202484131,-194.19139099121094,195.62384033203125,108.1779556274414,-0.1697825938463211,-0.9682621359825134,0.18341831862926483,9.27987003326416,1.4027824401855469,10.120549201965332,0.0,0.3200797438621521,43.734500885009766,0,1,1,1,1,-231.11083984375,155.1396026611328,107.58033752441406,-262.0411376953125,166.04478454589844,74.53710174560547,close,41,2025-11-16T22:17:46.205351,my_hand_data\videos\close_seq41_20251116_221745_543075.avi,89.7789619512021,360,90,HIGH,VIDEO_RECORDING,2025-11-16T22:17:49.644534
2025-11-16 22:17:46.215575,60,3033,HandType.Right,0.7015990614891052,-194.20664978027344,195.66749572753906,108.27696990966797,-0.16937129199504852,-0.9682978987693787,0.18360982835292816,-1.3850067853927612,3.9665699005126953,8.995128631591797,0.0,0.327767550945282,43.67854309082031,0,1,1,1,1,-231.14227294921875,155.18885803222656,107.63565826416016,-262.0277404785156,166.00054931640625,74.92576599121094,close,41,2025-11-16T22:17:46.215575,my_hand_data\videos\close_seq41_20251116_221745_543075.avi,89.7789619512021,360,90,HIGH,VIDEO_RECORDING,2025-11-16T22:17:49.644534
2025-11-16 22:17:46.226054,61,3033,HandType.Right,0.7015780210494995,-194.270751953125,195.78416442871094,108.41802215576172,-0.1692957878112793,-0.9683046340942383,0.18364384770393372,-5.7659912109375,10.493188858032227,12.686349868774414,0.0,0.3325234055519104,43.64455795288086,0,1,1,1,1,-231.1369171142578,155.2509307861328,107.67284393310547,-261.9952392578125,166.02626037597656,75.17996978759766,close,41,2025-11-16T22:17:46.226054,my_hand_data\videos\close_seq41_20251116_221745_543075.avi,89.7789619512021,360,90,HIGH,VIDEO_RECORDING,2025-11-16T22:17:49.644534
2025-11-16 22:17:46.236203,62,3033,HandType.Right,0.7005359530448914,-194.35621643066406,195.92100524902344,108.46751403808594,-0.16927693784236908,-0.9682979583740234,0.18369638919830322,-7.468624114990234,11.957290649414062,4.324887752532959,0.0,0.33987656235694885,43.56324768066406,0,1,1,1,1,-231.21249389648438,155.39324951171875,107.6617202758789,-262.08306884765625,166.16445922851562,75.5713119506836,close,41,2025-11-16T22:17:46.236203,my_hand_data\videos\close_seq41_20251116_221745_543075.avi,89.7789619512021,360,90,HIGH,VIDEO_RECORDING,2025-11-16T22:17:49.644534
2025-11-16 22:17:46.246247,63,3033,HandType.Right,0.6992126107215881,-194.4185333251953,196.03488159179688,108.48973083496094,-0.16900037229061127,-0.9683436155319214,0.1837104856967926,-5.745087146759033,10.500309944152832,2.0490074157714844,0.0,0.3431340754032135,43.53371810913086,0,1,1,1,1,-231.05372619628906,155.38233947753906,107.51818084716797,-261.9684143066406,166.21705627441406,75.667724609375,close,41,2025-11-16T22:17:46.246247,my_hand_data\videos\close_seq41_20251116_221745_543075.avi,89.7789619512021,360,90,HIGH,VIDEO_RECORDING,2025-11-16T22:17:49.644534
2025-11-16 22:17:46.256387,64,3033,HandType.Right,0.698016345500946,-194.52496337890625,196.19149780273438,108.46698760986328,-0.16900499165058136,-0.9682992100715637,0.1839400976896286,-9.625981330871582,14.1636962890625,-2.0569546222686768,0.0,0.34245210886001587,43.563316345214844,0,1,1,1,1,-230.83242797851562,155.34902954101562,107.33411407470703,-261.9734802246094,166.34027099609375,75.72630310058594,close,41,2025-11-16T22:17:46.256387,my_hand_data\videos\close_seq41_20251116_221745_543075.avi,89.7789619512021,360,90,HIGH,VIDEO_RECORDING,2025-11-16T22:17:49.644534
2025-11-16 22:17:46.265984,65,3033,HandType.Right,0.6971188187599182,-194.56787109375,196.3087158203125,108.46491241455078,-0.1688479334115982,-0.9683539867401123,0.18379582464694977,-3.881542921066284,10.605896949768066,-0.18808510899543762,0.0,0.3455287516117096,43.6135368347168,0,1,1,1,1,-230.64329528808594,155.2368927001953,107.12757873535156,-261.8202819824219,166.38099670410156,75.77173614501953,close,41,2025-11-16T22:17:46.265984,my_hand_data\videos\close_seq41_20251116_221745_543075.avi,89.7789619512021,360,90,HIGH,VIDEO_RECORDING,2025-11-16T22:17:49.644534
2025-11-16 22:17:46.285959,66,3033,HandType.Right,0.6943350434303284,-194.6270751953125,196.52500915527344,108.56442260742188,-0.16792210936546326,-0.9685822129249573,0.18344105780124664,-5.145392894744873,9.932979583740234,6.232994556427002,0.0,0.34389689564704895,43.79389572143555,0,1,1,1,1,-230.0282440185547,154.89854431152344,106.69978332519531,-261.8232116699219,166.5500946044922,76.06603240966797,close,41,2025-11-16T22:17:46.285959,my_hand_data\videos\close_seq41_20251116_221745_543075.avi,89.7789619512021,360,90,HIGH,VIDEO_RECORDING,2025-11-16T22:17:49.644534
2025-11-16 22:17:46.288146,67,3033,HandType.Right,0.6943350434303284,-194.6270751953125,196.52500915527344,108.56442260742188,-0.16792210936546326,-0.9685822129249573,0.18344105780124664,-5.145392894744873,9.932979583740234,6.232994556427002,0.0,0.34389689564704895,43.79389572143555,0,1,1,1,1,-230.0282440185547,154.89854431152344,106.69978332519531,-261.8232116699219,166.5500946044922,76.06603240966797,close,41,2025-11-16T22:17:46.288146,my_hand_data\videos\close_seq41_20251116_221745_543075.avi,89.7789619512021,360,90,HIGH,VIDEO_RECORDING,2025-11-16T22:17:49.644534
2025-11-16 22:17:46.306589,68,3033,HandType.Right,0.6932188272476196,-194.85995483398438,196.79153442382812,108.64741516113281,-0.16689597070217133,-0.9690399765968323,0.18195413053035736,-14.143903732299805,13.897534370422363,1.0258820056915283,0.0,0.33534684777259827,44.27375030517578,0,1,1,1,1,-229.33970642089844,154.644287109375,106.27519226074219,-262.0650634765625,166.86424255371094,76.38056945800781,close,41,2025-11-16T22:17:46.306589,my_hand_data\videos\close_seq41_20251116_221745_543075.avi,89.7789619512021,360,90,HIGH,VIDEO_RECORDING,2025-11-16T22:17:49.644534
2025-11-16 22:17:46.312097,69,3033,HandType.Right,0.6932188272476196,-194.85995483398438,196.79153442382812,108.64741516113281,-0.16689597070217133,-0.9690399765968323,0.18195413053035736,-14.143903732299805,13.897534370422363,1.0258820056915283,0.0,0.33534684777259827,44.27375030517578,0,1,1,1,1,-229.33970642089844,154.644287109375,106.27519226074219,-262.0650634765625,166.86424255371094,76.38056945800781,close,41,2025-11-16T22:17:46.312097,my_hand_data\videos\close_seq41_20251116_221745_543075.avi,89.7789619512021,360,90,HIGH,VIDEO_RECORDING,2025-11-16T22:17:49.644534
2025-11-16 22:17:46.326744,70,3033,HandType.Right,0.6932684183120728,-195.01654052734375,196.94415283203125,108.63842010498047,-0.1664736568927765,-0.9692793488502502,0.18106365203857422,-13.979419708251953,13.624741554260254,-0.8028689026832581,0.0,0.33569586277008057,44.40889358520508,0,1,1,1,1,-229.20069885253906,154.59776306152344,106.12393188476562,-262.2275695800781,167.02001953125,76.66228485107422,close,41,2025-11-16T22:17:46.326744,my_hand_data\videos\close_seq41_20251116_221745_543075.avi,89.7789619512021,360,90,HIGH,VIDEO_RECORDING,2025-11-16T22:17:49.644534
2025-11-16 22:17:46.337008,71,3033,HandType.Right,0.6920974254608154,-195.1036376953125,197.080078125,108.55016326904297,-0.16747933626174927,-0.9691169857978821,0.18100528419017792,-7.827978610992432,12.215877532958984,-7.9327569007873535,0.0,0.3424455225467682,44.410133361816406,0,1,1,1,1,-229.13211059570312,154.654052734375,105.98876953125,-262.3184814453125,167.10984802246094,77.11479187011719,close,41,2025-11-16T22:17:46.337008,my_hand_data\videos\close_seq41_20251116_221745_543075.avi,89.7789619512021,360,90,HIGH,VIDEO_RECORDING,2025-11-16T22:17:49.644534
2025-11-16 22:17:46.347357,72,3033,HandType.Right,0.6920473575592041,-195.20921325683594,197.25570678710938,108.46622467041016,-0.16826289892196655,-0.9689326882362366,0.18126517534255981,-9.473143577575684,15.760404586791992,-7.532376766204834,0.0,0.3448948860168457,44.487735748291016,0,1,1,1,1,-228.93482971191406,154.6820831298828,105.82836151123047,-262.392333984375,167.10055541992188,77.39543914794922,close,41,2025-11-16T22:17:46.347357,my_hand_data\videos\close_seq41_20251116_221745_543075.avi,89.7789619512021,360,90,HIGH,VIDEO_RECORDING,2025-11-16T22:17:49.644534
2025-11-16 22:17:46.358065,73,3033,HandType.Right,0.6914986968040466,-195.30429077148438,197.41110229492188,108.32807922363281,-0.16923634707927704,-0.968644917011261,0.18189579248428345,-8.638819694519043,14.119123458862305,-12.551277160644531,0.0,0.35293400287628174,44.49155044555664,0,1,1,1,1,-228.75466918945312,154.65530395507812,105.64131927490234,-262.29443359375,166.84556579589844,77.68571472167969,close,41,2025-11-16T22:17:46.358065,my_hand_data\videos\close_seq41_20251116_221745_543075.avi,89.7789619512021,360,90,HIGH,VIDEO_RECORDING,2025-11-16T22:17:49.644534
2025-11-16 22:17:46.368284,74,3033,HandType.Right,0.6927615404129028,-195.47869873046875,197.58755493164062,108.2358169555664,-0.1692551076412201,-0.9686123728752136,0.18205156922340393,-15.65974235534668,15.843567848205566,-8.284585952758789,0.0,0.35459962487220764,44.50040817260742,0,1,1,1,1,-228.63772583007812,154.7054901123047,105.49439239501953,-262.46539306640625,166.81210327148438,77.95214080810547,close,41,2025-11-16T22:17:46.368284,my_hand_data\videos\close_seq41_20251116_221745_543075.avi,89.7789619512021,360,90,HIGH,VIDEO_RECORDING,2025-11-16T22:17:49.644534
2025-11-16 22:17:46.378047,75,3033,HandType.Right,0.6933221220970154,-195.6525115966797,197.7366180419922,108.1323471069336,-0.16918250918388367,-0.9686065316200256,0.18215003609657288,-15.79912281036377,13.549700736999512,-9.404732704162598,0.0,0.35483089089393616,44.61039352416992,0,1,1,1,1,-228.41908264160156,154.6468505859375,105.27891540527344,-262.5536804199219,166.7554931640625,78.13164520263672,close,41,2025-11-16T22:17:46.378047,my_hand_data\videos\close_seq41_20251116_221745_543075.avi,89.7789619512021,360,90,HIGH,VIDEO_RECORDING,2025-11-16T22:17:49.644534
2025-11-16 22:17:46.398493,76,3033,HandType.Right,0.6914458870887756,-195.78565979003906,197.8942413330078,107.92862701416016,-0.16932441294193268,-0.9684002995491028,0.18311232328414917,-3.6506190299987793,7.302450180053711,-9.891096115112305,0.0,0.3710036873817444,44.59247970581055,0,1,1,1,1,-227.8273162841797,154.42132568359375,104.81684875488281,-261.8171691894531,166.2855682373047,78.37950897216797,close,41,2025-11-16T22:17:46.398493,my_hand_data\videos\close_seq41_20251116_221745_543075.avi,89.7789619512021,360,90,HIGH,VIDEO_RECORDING,2025-11-16T22:17:49.644534
2025-11-16 22:17:46.399511,77,3033,HandType.Right,0.6914458870887756,-195.78565979003906,197.8942413330078,107.92862701416016,-0.16932441294193268,-0.9684002995491028,0.18311232328414917,-3.6506190299987793,7.302450180053711,-9.891096115112305,0.0,0.3710036873817444,44.59247970581055,0,1,1,1,1,-227.8273162841797,154.42132568359375,104.81684875488281,-261.8171691894531,166.2855682373047,78.37950897216797,close,41,2025-11-16T22:17:46.399511,my_hand_data\videos\close_seq41_20251116_221745_543075.avi,89.7789619512021,360,90,HIGH,VIDEO_RECORDING,2025-11-16T22:17:49.644534
2025-11-16 22:17:46.419337,78,3033,HandType.Right,0.6902689933776855,-195.70526123046875,198.06558227539062,107.87203979492188,-0.17025597393512726,-0.968023419380188,0.18423773348331451,4.477351665496826,8.051197052001953,-2.963434934616089,0.0,0.38384318351745605,44.18522262573242,0,1,1,1,1,-226.98977661132812,154.28001403808594,104.47932434082031,-260.9092712402344,165.9205322265625,78.66653442382812,close,41,2025-11-16T22:17:46.419337,my_hand_data\videos\close_seq41_20251116_221745_543075.avi,89.7789619512021,360,90,HIGH,VIDEO_RECORDING,2025-11-16T22:17:49.644534
2025-11-16 22:17:46.420346,79,3033,HandType.Right,0.6902689933776855,-195.70526123046875,198.06558227539062,107.87203979492188,-0.17025597393512726,-0.968023419380188,0.18423773348331451,4.477351665496826,8.051197052001953,-2.963434934616089,0.0,0.38384318351745605,44.18522262573242,0,1,1,1,1,-226.98977661132812,154.28001403808594,104.47932434082031,-260.9092712402344,165.9205322265625,78.66653442382812,close,41,2025-11-16T22:17:46.420346,my_hand_data\videos\close_seq41_20251116_221745_543075.avi,89.7789619512021,360,90,HIGH,VIDEO_RECORDING,2025-11-16T22:17:49.644534
2025-11-16 22:17:46.439505,80,3033,HandType.Right,0.6887429356575012,-195.66839599609375,198.406982421875,107.88339233398438,-0.17205530405044556,-0.9675718545913696,0.18493686616420746,1.3688533306121826,17.049156188964844,0.9219126105308533,0.0,0.3982330858707428,43.643917083740234,0,1,1,1,1,-226.69480895996094,154.49151611328125,104.39452362060547,-260.48956298828125,166.005859375,79.2922134399414,close,41,2025-11-16T22:17:46.439505,my_hand_data\videos\close_seq41_20251116_221745_543075.avi,89.7789619512021,360,90,HIGH,VIDEO_RECORDING,2025-11-16T22:17:49.644534
2025-11-16 22:17:46.441513,81,3033,HandType.Right,0.6887429356575012,-195.66839599609375,198.406982421875,107.88339233398438,-0.17205530405044556,-0.9675718545913696,0.18493686616420746,1.3688533306121826,17.049156188964844,0.9219126105308533,0.0,0.3982330858707428,43.643917083740234,0,1,1,1,1,-226.69480895996094,154.49151611328125,104.39452362060547,-260.48956298828125,166.005859375,79.2922134399414,close,41,2025-11-16T22:17:46.441513,my_hand_data\videos\close_seq41_20251116_221745_543075.avi,89.7789619512021,360,90,HIGH,VIDEO_RECORDING,2025-11-16T22:17:49.644534
2025-11-16 22:17:46.459605,82,3033,HandType.Right,0.6877606511116028,-195.7162628173828,198.62306213378906,107.9021224975586,-0.17259834706783295,-0.9674772024154663,0.18492600321769714,-4.3744001388549805,19.743633270263672,1.7118821144104004,0.0,0.4127596914768219,43.101680755615234,0,1,1,1,1,-226.5124053955078,154.60867309570312,104.34939575195312,-260.0444030761719,165.89698791503906,79.73367309570312,close,41,2025-11-16T22:17:46.459605,my_hand_data\videos\close_seq41_20251116_221745_543075.avi,89.7789619512021,360,90,HIGH,VIDEO_RECORDING,2025-11-16T22:17:49.644534
2025-11-16 22:17:46.470404,83,3033,HandType.Right,0.6882361173629761,-195.74928283691406,198.8525848388672,108.0220947265625,-0.1726662665605545,-0.9675745964050293,0.18435238301753998,-2.995941400527954,20.828346252441406,10.886670112609863,0.0,0.4274125099182129,42.54841995239258,0,1,1,1,1,-226.10562133789062,154.58169555664062,104.23812866210938,-259.3526306152344,165.61634826660156,80.0877456665039,close,41,2025-11-16T22:17:46.470404,my_hand_data\videos\close_seq41_20251116_221745_543075.avi,89.7789619512021,360,90,HIGH,VIDEO_RECORDING,2025-11-16T22:17:49.644534
2025-11-16 22:17:46.480847,84,3033,HandType.Right,0.6874575018882751,-195.73077392578125,199.08160400390625,108.16395568847656,-0.1735081970691681,-0.9673933982849121,0.18451249599456787,1.6573987007141113,20.511709213256836,12.705777168273926,0.0,0.44066932797431946,42.04778289794922,0,1,1,1,1,-225.59854125976562,154.5444793701172,104.18499755859375,-258.7415466308594,165.46070861816406,80.72454071044922,close,41,2025-11-16T22:17:46.480847,my_hand_data\videos\close_seq41_20251116_221745_543075.avi,89.7789619512021,360,90,HIGH,VIDEO_RECORDING,2025-11-16T22:17:49.644534
2025-11-16 22:17:46.491042,85,3033,HandType.Right,0.6878052949905396,-195.8826141357422,199.41116333007812,108.32201385498047,-0.17397256195545197,-0.967605710029602,0.18295566737651825,-13.610684394836426,29.54423713684082,14.169402122497559,0.0,0.4456486999988556,41.84638214111328,0,1,1,1,1,-225.3890838623047,154.63775634765625,104.17866516113281,-258.68511962890625,165.59654235839844,81.32262420654297,close,41,2025-11-16T22:17:46.491042,my_hand_data\videos\close_seq41_20251116_221745_543075.avi,89.7789619512021,360,90,HIGH,VIDEO_RECORDING,2025-11-16T22:17:49.644534
2025-11-16 22:17:46.501261,86,3033,HandType.Right,0.6876595616340637,-196.03143310546875,199.6484832763672,108.44853210449219,-0.17422127723693848,-0.9678649306297302,0.18134069442749023,-13.266984939575195,21.1544132232666,11.277791976928711,0.0,0.46710145473480225,41.045875549316406,0,1,1,1,1,-225.09364318847656,154.49285888671875,103.99784851074219,-257.9535217285156,165.26316833496094,81.8846664428711,close,41,2025-11-16T22:17:46.501261,my_hand_data\videos\close_seq41_20251116_221745_543075.avi,89.7789619512021,360,90,HIGH,VIDEO_RECORDING,2025-11-16T22:17:49.644534
2025-11-16 22:17:46.511985,87,3033,HandType.Right,0.6882563233375549,-196.18922424316406,199.82696533203125,108.6150131225586,-0.17317980527877808,-0.9684435725212097,0.17923687398433685,-14.299813270568848,16.176036834716797,15.088080406188965,0.0,0.47664231061935425,40.68798828125,0,1,1,1,1,-224.695068359375,154.31594848632812,103.85247039794922,-257.5295104980469,164.94943237304688,82.30390167236328,close,41,2025-11-16T22:17:46.511985,my_hand_data\videos\close_seq41_20251116_221745_543075.avi,89.7789619512021,360,90,HIGH,VIDEO_RECORDING,2025-11-16T22:17:49.644534
2025-11-16 22:17:46.522467,88,3033,HandType.Right,0.6888183951377869,-196.3504638671875,199.99000549316406,108.78439331054688,-0.17274105548858643,-0.9688020348548889,0.17771652340888977,-14.35504150390625,14.514629364013672,15.078856468200684,0.0,0.4897269010543823,40.201900482177734,0,1,1,1,1,-224.49436950683594,154.207763671875,103.84263610839844,-257.14154052734375,164.76763916015625,82.89402770996094,close,41,2025-11-16T22:17:46.522467,my_hand_data\videos\close_seq41_20251116_221745_543075.avi,89.7789619512021,360,90,HIGH,VIDEO_RECORDING,2025-11-16T22:17:49.644534
2025-11-16 22:17:46.532780,89,3033,HandType.Right,0.6895299553871155,-196.52369689941406,200.11160278320312,108.90258026123047,-0.17266109585762024,-0.9690094590187073,0.1766601800918579,-15.838142395019531,11.117679595947266,10.806562423706055,0.0035171285271644592,0.5014015436172485,39.76872253417969,0,0,1,1,1,-224.39315795898438,154.10035705566406,103.81712341308594,-256.9262390136719,164.67698669433594,83.5369644165039,close,41,2025-11-16T22:17:46.532780,my_hand_data\videos\close_seq41_20251116_221745_543075.avi,89.7789619512021,360,90,HIGH,VIDEO_RECORDING,2025-11-16T22:17:49.644534
2025-11-16 22:17:46.552936,90,3033,HandType.Right,0.6891404390335083,-196.935302734375,200.46661376953125,109.11951446533203,-0.173810675740242,-0.9690256714820862,0.1754397302865982,-15.166656494140625,15.324756622314453,8.596613883972168,0.009946472011506557,0.5269463658332825,38.82188415527344,0,0,1,1,1,-224.2489471435547,153.97413635253906,103.79473114013672,-256.3853759765625,164.5408172607422,84.74916076660156,close,41,2025-11-16T22:17:46.552936,my_hand_data\videos\close_seq41_20251116_221745_543075.avi,89.7789619512021,360,90,HIGH,VIDEO_RECORDING,2025-11-16T22:17:49.644534
2025-11-16 22:17:46.556699,91,3033,HandType.Right,0.6891404390335083,-196.935302734375,200.46661376953125,109.11951446533203,-0.173810675740242,-0.9690256714820862,0.1754397302865982,-15.166656494140625,15.324756622314453,8.596613883972168,0.009946472011506557,0.5269463658332825,38.82188415527344,0,0,1,1,1,-224.2489471435547,153.97413635253906,103.79473114013672,-256.3853759765625,164.5408172607422,84.74916076660156,close,41,2025-11-16T22:17:46.556699,my_hand_data\videos\close_seq41_20251116_221745_543075.avi,89.7789619512021,360,90,HIGH,VIDEO_RECORDING,2025-11-16T22:17:49.644534
2025-11-16 22:17:46.573865,92,3033,HandType.Right,0.6889006495475769,-197.12562561035156,200.6786651611328,109.27839660644531,-0.17361310124397278,-0.9692121148109436,0.17460353672504425,-3.763932704925537,6.871690273284912,8.217816352844238,0.017142372205853462,0.5484153032302856,38.02723693847656,0,0,1,1,1,-223.8220672607422,153.7288055419922,103.60258483886719,-255.5074462890625,164.228759765625,85.38560485839844,close,41,2025-11-16T22:17:46.573865,my_hand_data\videos\close_seq41_20251116_221745_543075.avi,89.7789619512021,360,90,HIGH,VIDEO_RECORDING,2025-11-16T22:17:49.644534
2025-11-16 22:17:46.577224,93,3033,HandType.Right,0.6889006495475769,-197.12562561035156,200.6786651611328,109.27839660644531,-0.17361310124397278,-0.9692121148109436,0.17460353672504425,-3.763932704925537,6.871690273284912,8.217816352844238,0.017142372205853462,0.5484153032302856,38.02723693847656,0,0,1,1,1,-223.8220672607422,153.7288055419922,103.60258483886719,-255.5074462890625,164.228759765625,85.38560485839844,close,41,2025-11-16T22:17:46.577224,my_hand_data\videos\close_seq41_20251116_221745_543075.avi,89.7789619512021,360,90,HIGH,VIDEO_RECORDING,2025-11-16T22:17:49.644534
2025-11-16 22:17:46.593749,94,3033,HandType.Right,0.688480019569397,-197.15599060058594,200.74398803710938,109.3607406616211,-0.17341271042823792,-0.9693036079406738,0.1742943972349167,-2.6586012840270996,5.718202590942383,7.208279609680176,0.02347831428050995,0.5553422570228577,37.76972579956055,0,0,1,1,1,-223.5153045654297,153.65318298339844,103.55775451660156,-255.09628295898438,164.13319396972656,85.68701171875,close,41,2025-11-16T22:17:46.593749,my_hand_data\videos\close_seq41_20251116_221745_543075.avi,89.7789619512021,360,90,HIGH,VIDEO_RECORDING,2025-11-16T22:17:49.644534
2025-11-16 22:17:46.603768,95,3033,HandType.Right,0.6881901025772095,-197.15298461914062,200.75270080566406,109.4234390258789,-0.17332039773464203,-0.9693013429641724,0.17439883947372437,0.2788189649581909,0.8091513514518738,5.819815158843994,0.03258932754397392,0.566917359828949,37.34142303466797,0,0,1,1,1,-223.40371704101562,153.6414794921875,103.58629608154297,-254.72122192382812,164.04281616210938,86.1103744506836,close,41,2025-11-16T22:17:46.603768,my_hand_data\videos\close_seq41_20251116_221745_543075.avi,89.7789619512021,360,90,HIGH,VIDEO_RECORDING,2025-11-16T22:17:49.644534
2025-11-16 22:17:46.613795,96,3033,HandType.Right,0.687836766242981,-197.18389892578125,200.79444885253906,109.51882934570312,-0.17316527664661407,-0.9693684577941895,0.17417961359024048,-2.7013823986053467,3.648763656616211,8.336257934570312,0.04163898900151253,0.5764874815940857,36.98566436767578,0,0,1,1,1,-223.3018798828125,153.65042114257812,103.63790893554688,-254.4524688720703,163.98255920410156,86.58425903320312,close,41,2025-11-16T22:17:46.613795,my_hand_data\videos\close_seq41_20251116_221745_543075.avi,89.7789619512021,360,90,HIGH,VIDEO_RECORDING,2025-11-16T22:17:49.644534
2025-11-16 22:17:46.624188,97,3033,HandType.Right,0.6881812810897827,-197.18820190429688,200.81480407714844,109.55957794189453,-0.17297933995723724,-0.9694353938102722,0.1739918738603592,-0.39679279923439026,1.8761712312698364,3.7566099166870117,0.049244653433561325,0.5834262371063232,36.72804260253906,0,0,1,1,1,-223.23983764648438,153.66763305664062,103.6771469116211,-254.2195281982422,163.90667724609375,86.81388092041016,close,41,2025-11-16T22:17:46.624188,my_hand_data\videos\close_seq41_20251116_221745_543075.avi,89.7789619512021,360,90,HIGH,VIDEO_RECORDING,2025-11-16T22:17:49.644534
2025-11-16 22:17:46.634663,98,3033,HandType.Right,0.6886107325553894,-197.2788543701172,200.92323303222656,109.5538101196289,-0.17328965663909912,-0.9693810343742371,0.17398600280284882,-8.112817764282227,9.703359603881836,-0.516663134098053,0.05749434977769852,0.5947887301445007,36.307376861572266,0,0,1,1,1,-223.2206573486328,153.74534606933594,103.66897583007812,-253.9541473388672,163.94927978515625,87.2507553100586,close,41,2025-11-16T22:17:46.634663,my_hand_data\videos\close_seq41_20251116_221745_543075.avi,89.7789619512021,360,90,HIGH,VIDEO_RECORDING,2025-11-16T22:17:49.644534
2025-11-16 22:17:46.645011,99,3033,HandType.Right,0.6902635097503662,-197.38319396972656,201.05615234375,109.53252410888672,-0.1735295206308365,-0.9693323969841003,0.1740177571773529,-9.529594421386719,12.13931941986084,-1.9442400932312012,0.06353321671485901,0.5986526608467102,36.1616325378418,0,0,1,1,1,-223.3128662109375,153.93295288085938,103.72673034667969,-253.9856414794922,164.04971313476562,87.46340942382812,close,41,2025-11-16T22:17:46.645011,my_hand_data\videos\close_seq41_20251116_221745_543075.avi,89.7789619512021,360,90,HIGH,VIDEO_RECORDING,2025-11-16T22:17:49.644534
2025-11-16 22:17:46.655397,100,3033,HandType.Right,0.6909195780754089,-197.48121643066406,201.20077514648438,109.57124328613281,-0.1731499284505844,-0.9695131182670593,0.17338794469833374,-8.799664497375488,12.98277473449707,3.475912094116211,0.06981124728918076,0.60500168800354,35.92433547973633,0,0,1,1,1,-223.3600616455078,154.08917236328125,103.79917907714844,-253.91397094726562,164.08648681640625,87.7657699584961,close,41,2025-11-16T22:17:46.655397,my_hand_data\videos\close_seq41_20251116_221745_543075.avi,89.7789619512021,360,90,HIGH,VIDEO_RECORDING,2025-11-16T22:17:49.644534
2025-11-16 22:17:46.665678,101,3033,HandType.Right,0.6914039850234985,-197.61944580078125,201.38980102539062,109.62593078613281,-0.17332756519317627,-0.9694892168045044,0.17334426939487457,-12.084019660949707,16.524017333984375,4.78103494644165,0.07773969322443008,0.6097533106803894,35.74412155151367,0,0,1,1,1,-223.3470458984375,154.28347778320312,103.8719482421875,-253.87966918945312,164.2095947265625,88.15974426269531,close,41,2025-11-16T22:17:46.665678,my_hand_data\videos\close_seq41_20251116_221745_543075.avi,89.7789619512021,360,90,HIGH,VIDEO_RECORDING,2025-11-16T22:17:49.644534
2025-11-16 22:17:46.676118,102,3033,HandType.Right,0.6921608448028564,-197.8207550048828,201.66371154785156,109.74331665039062,-0.173475444316864,-0.969549298286438,0.17285938560962677,-18.591638565063477,25.297439575195312,10.84093952178955,0.08547572046518326,0.6141449809074402,35.576377868652344,0,0,1,1,1,-223.44915771484375,154.59152221679688,104.04882049560547,-253.92889404296875,164.4473419189453,88.57215881347656,close,41,2025-11-16T22:17:46.676118,my_hand_data\videos\close_seq41_20251116_221745_543075.avi,89.7789619512021,360,90,HIGH,VIDEO_RECORDING,2025-11-16T22:17:49.644534
2025-11-16 22:17:46.696997,103,3033,HandType.Right,0.6923084855079651,-198.040771484375,202.1141357421875,109.85874938964844,-0.1757650226354599,-0.9689164757728577,0.17409059405326843,-7.997086524963379,19.41031837463379,1.5013542175292969,0.10909756273031235,0.6235347986221313,35.21025085449219,0,0,1,1,1,-222.91380310058594,155.00759887695312,104.30517578125,-253.5587921142578,164.86993408203125,90.04401397705078,close,41,2025-11-16T22:17:46.696997,my_hand_data\videos\close_seq41_20251116_221745_543075.avi,89.7789619512021,360,90,HIGH,VIDEO_RECORDING,2025-11-16T22:17:49.644534
2025-11-16 22:17:46.701007,104,3033,HandType.Right,0.6923084855079651,-198.040771484375,202.1141357421875,109.85874938964844,-0.1757650226354599,-0.9689164757728577,0.17409059405326843,-7.997086524963379,19.41031837463379,1.5013542175292969,0.10909756273031235,0.6235347986221313,35.21025085449219,0,0,1,1,1,-222.91380310058594,155.00759887695312,104.30517578125,-253.5587921142578,164.86993408203125,90.04401397705078,close,41,2025-11-16T22:17:46.701007,my_hand_data\videos\close_seq41_20251116_221745_543075.avi,89.7789619512021,360,90,HIGH,VIDEO_RECORDING,2025-11-16T22:17:49.644534
2025-11-16 22:17:46.717813,105,3033,HandType.Right,0.6904489398002625,-198.0296630859375,202.27029418945312,109.87168884277344,-0.17710725963115692,-0.9682946801185608,0.17617720365524292,0.9928560256958008,13.95617961883545,1.1560397148132324,0.11950735747814178,0.6353697180747986,34.7645378112793,0,0,1,1,0,-221.8597869873047,154.8684844970703,104.2671890258789,-252.4100799560547,164.83763122558594,91.00563049316406,close,41,2025-11-16T22:17:46.717813,my_hand_data\videos\close_seq41_20251116_221745_543075.avi,89.7789619512021,360,90,HIGH,VIDEO_RECORDING,2025-11-16T22:17:49.644534
2025-11-16 22:17:46.723183,106,3033,HandType.Right,0.6895741820335388,-198.04820251464844,202.40176391601562,109.84680938720703,-0.17773984372615814,-0.9678835868835449,0.17779187858104706,-1.6671466827392578,11.821737289428711,-2.237264394760132,0.12890593707561493,0.6486601233482361,34.2661247253418,0,0,1,1,0,-221.3916473388672,154.79518127441406,104.2105941772461,-251.68472290039062,164.73326110839844,91.65147399902344,close,41,2025-11-16T22:17:46.723183,my_hand_data\videos\close_seq41_20251116_221745_543075.avi,89.7789619512021,360,90,HIGH,VIDEO_RECORDING,2025-11-16T22:17:49.644534
2025-11-16 22:17:46.738267,107,3033,HandType.Right,0.6890842914581299,-198.086181640625,202.53173828125,109.82612609863281,-0.1782459020614624,-0.9674768447875977,0.17949090898036957,-3.3979828357696533,11.625702857971191,-1.8499646186828613,0.14459480345249176,0.6600567102432251,33.8364143371582,0,0,1,1,0,-221.13523864746094,154.8289337158203,104.19813537597656,-251.2276153564453,164.63063049316406,92.22823333740234,close,41,2025-11-16T22:17:46.738267,my_hand_data\videos\close_seq41_20251116_221745_543075.avi,89.7789619512021,360,90,HIGH,VIDEO_RECORDING,2025-11-16T22:17:49.644534
2025-11-16 22:17:46.748474,108,3033,HandType.Right,0.6877228617668152,-198.01351928710938,202.5670623779297,109.81780242919922,-0.17867816984653473,-0.96700519323349,0.18159037828445435,6.523713111877441,3.170273780822754,-0.7473256587982178,0.15683266520500183,0.665940523147583,33.609622955322266,0,0,1,1,0,-220.74440002441406,154.7312469482422,104.2176284790039,-250.71829223632812,164.5672607421875,92.62342834472656,close,41,2025-11-16T22:17:46.748474,my_hand_data\videos\close_seq41_20251116_221745_543075.avi,89.7789619512021,360,90,HIGH,VIDEO_RECORDING,2025-11-16T22:17:49.644534
2025-11-16 22:17:46.758894,109,3033,HandType.Right,0.6874744892120361,-197.94451904296875,202.63766479492188,109.8280029296875,-0.17873935401439667,-0.9666846990585327,0.18322928249835968,6.3119306564331055,6.458731651306152,0.9335253834724426,0.16976560652256012,0.670402467250824,33.4348258972168,0,0,1,1,0,-220.5281219482422,154.789306640625,104.31195831298828,-250.43031311035156,164.54029846191406,92.96891021728516,close,41,2025-11-16T22:17:46.758894,my_hand_data\videos\close_seq41_20251116_221745_543075.avi,89.7789619512021,360,90,HIGH,VIDEO_RECORDING,2025-11-16T22:17:49.644534
2025-11-16 22:17:46.769082,110,3033,HandType.Right,0.6863436102867126,-197.8661651611328,202.7109375,109.86052703857422,-0.17853213846683502,-0.9665970206260681,0.1838926076889038,7.042784214019775,6.586309432983398,2.9230265617370605,0.18069015443325043,0.6699696183204651,33.443355560302734,0,0,1,1,0,-220.14834594726562,154.79840087890625,104.3497085571289,-250.13201904296875,164.57005310058594,93.21632385253906,close,41,2025-11-16T22:17:46.769082,my_hand_data\videos\close_seq41_20251116_221745_543075.avi,89.7789619512021,360,90,HIGH,VIDEO_RECORDING,2025-11-16T22:17:49.644534
2025-11-16 22:17:46.779555,111,3033,HandType.Right,0.685365617275238,-197.72265625,202.744873046875,109.88226318359375,-0.1785285919904709,-0.966412365436554,0.18486399948596954,12.899953842163086,3.0495858192443848,1.953717827796936,0.19116438925266266,0.6724923253059387,33.34428787231445,0,0,1,1,0,-219.96832275390625,154.84141540527344,104.46576690673828,-249.8911590576172,164.59915161132812,93.45431518554688,close,41,2025-11-16T22:17:46.779555,my_hand_data\videos\close_seq41_20251116_221745_543075.avi,89.7789619512021,360,90,HIGH,VIDEO_RECORDING,2025-11-16T22:17:49.644534
2025-11-16 22:17:46.789260,112,3033,HandType.Right,0.6837907433509827,-197.55282592773438,202.78280639648438,109.9588851928711,-0.17847411334514618,-0.9662179350852966,0.18592986464500427,15.173849105834961,3.3898215293884277,6.8457536697387695,0.19780823588371277,0.6728155612945557,33.328651428222656,0,0,1,1,0,-219.80166625976562,154.92843627929688,104.59371948242188,-249.7164764404297,164.64271545410156,93.56938934326172,close,41,2025-11-16T22:17:46.789260,my_hand_data\videos\close_seq41_20251116_221745_543075.avi,89.7789619512021,360,90,HIGH,VIDEO_RECORDING,2025-11-16T22:17:49.644534
2025-11-16 22:17:46.809923,113,3033,HandType.Right,0.6817339062690735,-197.2931671142578,203.06361389160156,110.217529296875,-0.17988339066505432,-0.9655202627182007,0.18818235397338867,13.126127243041992,14.667580604553223,11.627883911132812,0.21044473350048065,0.6788926720619202,33.096336364746094,0,0,0,1,0,-219.72853088378906,155.50042724609375,105.068359375,-249.50039672851562,164.9635467529297,94.13890838623047,close,41,2025-11-16T22:17:46.809923,my_hand_data\videos\close_seq41_20251116_221745_543075.avi,89.7789619512021,360,90,HIGH,VIDEO_RECORDING,2025-11-16T22:17:49.644534
2025-11-16 22:17:46.814061,114,3033,HandType.Right,0.6817339062690735,-197.2931671142578,203.06361389160156,110.217529296875,-0.17988339066505432,-0.9655202627182007,0.18818235397338867,13.126127243041992,14.667580604553223,11.627883911132812,0.21044473350048065,0.6788926720619202,33.096336364746094,0,0,0,1,0,-219.72853088378906,155.50042724609375,105.068359375,-249.50039672851562,164.9635467529297,94.13890838623047,close,41,2025-11-16T22:17:46.814061,my_hand_data\videos\close_seq41_20251116_221745_543075.avi,89.7789619512021,360,90,HIGH,VIDEO_RECORDING,2025-11-16T22:17:49.644534
2025-11-16 22:17:46.830682,115,3033,HandType.Right,0.6810740232467651,-197.01788330078125,203.3600311279297,110.38404083251953,-0.1810273677110672,-0.96502286195755,0.18963108956813812,10.181116104125977,11.560437202453613,6.265751361846924,0.23192471265792847,0.6800339818000793,33.04184341430664,0,0,0,1,0,-219.2762451171875,155.89016723632812,105.31536102294922,-249.04623413085938,165.2802276611328,94.48309326171875,close,41,2025-11-16T22:17:46.830682,my_hand_data\videos\close_seq41_20251116_221745_543075.avi,89.7789619512021,360,90,HIGH,VIDEO_RECORDING,2025-11-16T22:17:49.644534
2025-11-16 22:17:46.836094,116,3033,HandType.Right,0.6810740232467651,-197.01788330078125,203.3600311279297,110.38404083251953,-0.1810273677110672,-0.96502286195755,0.18963108956813812,10.181116104125977,11.560437202453613,6.265751361846924,0.23192471265792847,0.6800339818000793,33.04184341430664,0,0,0,1,0,-219.2762451171875,155.89016723632812,105.31536102294922,-249.04623413085938,165.2802276611328,94.48309326171875,close,41,2025-11-16T22:17:46.836094,my_hand_data\videos\close_seq41_20251116_221745_543075.avi,89.7789619512021,360,90,HIGH,VIDEO_RECORDING,2025-11-16T22:17:49.644534
2025-11-16 22:17:46.850527,117,3033,HandType.Right,0.6801853179931641,-196.9866180419922,203.54754638671875,110.41249084472656,-0.18150661885738373,-0.9648259282112122,0.19017435610294342,2.851501703262329,17.10399627685547,2.5949487686157227,0.24216467142105103,0.675879955291748,33.19038772583008,0,0,0,1,0,-219.09716796875,156.04519653320312,105.37287902832031,-248.99200439453125,165.52622985839844,94.50960540771484,close,41,2025-11-16T22:17:46.850527,my_hand_data\videos\close_seq41_20251116_221745_543075.avi,89.7789619512021,360,90,HIGH,VIDEO_RECORDING,2025-11-16T22:17:49.644534
2025-11-16 22:17:46.860723,118,3033,HandType.Right,0.6793105006217957,-196.9291229248047,203.7285614013672,110.43130493164062,-0.18222692608833313,-0.9644868969917297,0.19120249152183533,5.104903221130371,16.074317932128906,1.6704492568969727,0.25168439745903015,0.6727519035339355,33.3000602722168,0,0,0,1,0,-218.85958862304688,156.18675231933594,105.4120864868164,-248.8539581298828,165.76333618164062,94.57138061523438,close,41,2025-11-16T22:17:46.860723,my_hand_data\videos\close_seq41_20251116_221745_543075.avi,89.7789619512021,360,90,HIGH,VIDEO_RECORDING,2025-11-16T22:17:49.644534
2025-11-16 22:17:46.871444,119,3033,HandType.Right,0.6787763833999634,-196.8470001220703,203.90850830078125,110.4443130493164,-0.18304386734962463,-0.9641905426979065,0.19191546738147736,7.441922664642334,16.30414390563965,1.1786872148513794,0.2602912485599518,0.6696737408638,33.4085693359375,0,0,0,1,0,-218.69879150390625,156.34307861328125,105.46720886230469,-248.77207946777344,166.02218627929688,94.60237121582031,close,41,2025-11-16T22:17:46.871444,my_hand_data\videos\close_seq41_20251116_221745_543075.avi,89.7789619512021,360,90,HIGH,VIDEO_RECORDING,2025-11-16T22:17:49.644534
2025-11-16 22:17:46.881577,120,3033,HandType.Right,0.6784292459487915,-196.78094482421875,204.0826873779297,110.4812240600586,-0.18326620757579803,-0.9640713930130005,0.1923014521598816,5.9616169929504395,15.719955444335938,3.331127643585205,0.26722005009651184,0.6658087372779846,33.547462463378906,0,0,0,1,0,-218.62789916992188,156.52249145507812,105.55475616455078,-248.78831481933594,166.2821807861328,94.57614135742188,close,41,2025-11-16T22:17:46.881577,my_hand_data\videos\close_seq41_20251116_221745_543075.avi,89.7789619512021,360,90,HIGH,VIDEO_RECORDING,2025-11-16T22:17:49.644534
2025-11-16 22:17:46.889097,121,3033,HandType.Right,0.6782931089401245,-196.7192840576172,204.20655822753906,110.51887512207031,-0.18306800723075867,-0.9641059637069702,0.19231700897216797,5.372642517089844,10.793492317199707,3.2806715965270996,0.2765164077281952,0.6600440144538879,33.75728225708008,0,0,0,0,0,-218.54698181152344,156.64532470703125,105.59391784667969,-248.8695068359375,166.4258270263672,94.43862915039062,close,41,2025-11-16T22:17:46.889097,my_hand_data\videos\close_seq41_20251116_221745_543075.avi,89.7789619512021,360,90,HIGH,VIDEO_RECORDING,2025-11-16T22:17:49.644534
2025-11-16 22:17:46.901235,122,3033,HandType.Right,0.6774065494537354,-196.6519012451172,204.3361053466797,110.5675277709961,-0.18310725688934326,-0.964077889919281,0.19242027401924133,6.213627815246582,11.944611549377441,4.486470699310303,0.2829701602458954,0.6545694470405579,33.95595932006836,0,0,0,0,0,-218.47903442382812,156.77420043945312,105.66093444824219,-248.9445037841797,166.64292907714844,94.37064361572266,close,41,2025-11-16T22:17:46.901235,my_hand_data\videos\close_seq41_20251116_221745_543075.avi,89.7789619512021,360,90,HIGH,VIDEO_RECORDING,2025-11-16T22:17:49.644534
2025-11-16 22:17:46.911305,123,3033,HandType.Right,0.6772223711013794,-196.5819549560547,204.45108032226562,110.59912872314453,-0.18324847519397736,-0.964024007320404,0.19255571067333221,6.319811820983887,10.390768051147461,2.855416774749756,0.29054751992225647,0.6530776023864746,34.00807189941406,0,0,0,0,0,-218.47268676757812,156.91603088378906,105.7768325805664,-248.93797302246094,166.85916137695312,94.39485931396484,close,41,2025-11-16T22:17:46.911305,my_hand_data\videos\close_seq41_20251116_221745_543075.avi,89.7789619512021,360,90,HIGH,VIDEO_RECORDING,2025-11-16T22:17:49.644534
2025-11-16 22:17:46.921756,124,3033,HandType.Right,0.6767701506614685,-196.48841857910156,204.5841064453125,110.66676330566406,-0.1834399402141571,-0.9639785885810852,0.1926007866859436,8.304977416992188,11.810722351074219,6.005060195922852,0.29543668031692505,0.6496656537055969,34.132110595703125,0,0,0,0,0,-218.42616271972656,157.05584716796875,105.89895629882812,-248.94505310058594,167.09295654296875,94.37268829345703,close,41,2025-11-16T22:17:46.921756,my_hand_data\videos\close_seq41_20251116_221745_543075.avi,89.7789619512021,360,90,HIGH,VIDEO_RECORDING,2025-11-16T22:17:49.644534
2025-11-16 22:17:46.942369,125,3033,HandType.Right,0.6756715178489685,-196.25791931152344,204.7320098876953,110.72575378417969,-0.18331179022789001,-0.9639954566955566,0.19263844192028046,10.725654602050781,7.5050835609436035,3.355727195739746,0.30867576599121094,0.6448543667793274,34.306480407714844,0,0,0,0,0,-218.18104553222656,157.2126007080078,106.20303344726562,-248.71743774414062,167.341064453125,94.29179382324219,close,41,2025-11-16T22:17:46.942369,my_hand_data\videos\close_seq41_20251116_221745_543075.avi,89.7789619512021,360,90,HIGH,VIDEO_RECORDING,2025-11-16T22:17:49.644534
2025-11-16 22:17:46.945645,126,3033,HandType.Right,0.6756715178489685,-196.25791931152344,204.7320098876953,110.72575378417969,-0.18331179022789001,-0.9639954566955566,0.19263844192028046,10.725654602050781,7.5050835609436035,3.355727195739746,0.30867576599121094,0.6448543667793274,34.306480407714844,0,0,0,0,0,-218.18104553222656,157.2126007080078,106.20303344726562,-248.71743774414062,167.341064453125,94.29179382324219,close,41,2025-11-16T22:17:46.945645,my_hand_data\videos\close_seq41_20251116_221745_543075.avi,89.7789619512021,360,90,HIGH,VIDEO_RECORDING,2025-11-16T22:17:49.644534
2025-11-16 22:17:46.962896,127,3033,HandType.Right,0.674961507320404,-196.13430786132812,204.88674926757812,110.8951416015625,-0.18265992403030396,-0.9641711711883545,0.1923779547214508,3.1549174785614014,6.219965934753418,9.10990047454834,0.31944239139556885,0.6432400941848755,34.36396408081055,0,0,0,0,0,-218.04443359375,157.53057861328125,106.58438873291016,-248.5540313720703,167.6324920654297,94.41895294189453,close,41,2025-11-16T22:17:46.962896,my_hand_data\videos\close_seq41_20251116_221745_543075.avi,89.7789619512021,360,90,HIGH,VIDEO_RECORDING,2025-11-16T22:17:49.644534
2025-11-16 22:17:46.966263,128,3033,HandType.Right,0.674961507320404,-196.13430786132812,204.88674926757812,110.8951416015625,-0.18265992403030396,-0.9641711711883545,0.1923779547214508,3.1549174785614014,6.219965934753418,9.10990047454834,0.31944239139556885,0.6432400941848755,34.36396408081055,0,0,0,0,0,-218.04443359375,157.53057861328125,106.58438873291016,-248.5540313720703,167.6324920654297,94.41895294189453,close,41,2025-11-16T22:17:46.966263,my_hand_data\videos\close_seq41_20251116_221745_543075.avi,89.7789619512021,360,90,HIGH,VIDEO_RECORDING,2025-11-16T22:17:49.644534
2025-11-16 22:17:46.983301,129,3033,HandType.Right,0.6752535700798035,-196.085205078125,205.10365295410156,111.08303833007812,-0.18294240534305573,-0.964119017124176,0.19237087666988373,2.114475727081299,10.92354965209961,9.790961265563965,0.32339468598365784,0.6450196504592896,34.29715347290039,0,0,0,0,0,-218.07200622558594,158.00808715820312,106.91477966308594,-248.49032592773438,168.01254272460938,94.62936401367188,close,41,2025-11-16T22:17:46.983301,my_hand_data\videos\close_seq41_20251116_221745_543075.avi,89.7789619512021,360,90,HIGH,VIDEO_RECORDING,2025-11-16T22:17:49.644534
2025-11-16 22:17:46.993544,130,3033,HandType.Right,0.6752535700798035,-196.085205078125,205.10365295410156,111.08303833007812,-0.18294240534305573,-0.964119017124176,0.19237087666988373,2.114475727081299,10.92354965209961,9.790961265563965,0.32339468598365784,0.6450196504592896,34.29715347290039,0,0,0,0,0,-218.07200622558594,158.00808715820312,106.91477966308594,-248.49032592773438,168.01254272460938,94.62936401367188,close,41,2025-11-16T22:17:46.993544,my_hand_data\videos\close_seq41_20251116_221745_543075.avi,89.7789619512021,360,90,HIGH,VIDEO_RECORDING,2025-11-16T22:17:49.644534
2025-11-16 22:17:47.003773,131,3033,HandType.Right,0.6750308275222778,-196.01231384277344,205.21092224121094,111.18338775634766,-0.18340866267681122,-0.9639644622802734,0.19270119071006775,6.479031085968018,9.536639213562012,8.921292304992676,0.3269173204898834,0.6475756168365479,34.201393127441406,0,0,0,0,0,-218.07421875,158.236328125,107.12700653076172,-248.3778839111328,168.1919708251953,94.78567504882812,close,41,2025-11-16T22:17:47.003773,my_hand_data\videos\close_seq41_20251116_221745_543075.avi,89.7789619512021,360,90,HIGH,VIDEO_RECORDING,2025-11-16T22:17:49.644534
2025-11-16 22:17:47.013971,132,3033,HandType.Right,0.6748525500297546,-195.9200897216797,205.29945373535156,111.264404296875,-0.18366259336471558,-0.9638612270355225,0.19297553598880768,8.39338493347168,8.057571411132812,7.3724365234375,0.3290292024612427,0.6484852433204651,34.1671257019043,0,0,0,0,0,-218.0462646484375,158.41351318359375,107.25443267822266,-248.30380249023438,168.2945556640625,94.83513641357422,close,41,2025-11-16T22:17:47.013971,my_hand_data\videos\close_seq41_20251116_221745_543075.avi,89.7789619512021,360,90,HIGH,VIDEO_RECORDING,2025-11-16T22:17:49.644534
2025-11-16 22:17:47.024024,133,3033,HandType.Right,0.6744580268859863,-195.81390380859375,205.3818817138672,111.36637878417969,-0.1838202029466629,-0.9638099670410156,0.19308146834373474,9.68826961517334,7.519861221313477,9.304640769958496,0.33383744955062866,0.6471816301345825,34.21418762207031,0,0,0,0,0,-218.01528930664062,158.6249542236328,107.41380310058594,-248.29116821289062,168.41236877441406,94.83650970458984,close,41,2025-11-16T22:17:47.024024,my_hand_data\videos\close_seq41_20251116_221745_543075.avi,89.7789619512021,360,90,HIGH,VIDEO_RECORDING,2025-11-16T22:17:49.644534
2025-11-16 22:17:47.034475,134,3033,HandType.Right,0.673234224319458,-195.71224975585938,205.43899536132812,111.40520477294922,-0.184364914894104,-0.9636175632476807,0.1935218721628189,9.1038179397583,5.115572452545166,3.4766416549682617,0.34104329347610474,0.649516761302948,34.12824630737305,0,0,0,0,0,-218.00363159179688,158.79925537109375,107.55692291259766,-248.1811065673828,168.47508239746094,94.89060974121094,close,41,2025-11-16T22:17:47.034475,my_hand_data\videos\close_seq41_20251116_221745_543075.avi,89.7789619512021,360,90,HIGH,VIDEO_RECORDING,2025-11-16T22:17:49.644534
2025-11-16 22:17:47.044918,135,3033,HandType.Right,0.6737607717514038,-195.68775939941406,205.6106719970703,111.47895050048828,-0.1853429079055786,-0.9634029269218445,0.193656325340271,2.190166473388672,15.349470138549805,6.593782901763916,0.35004985332489014,0.6435182094573975,34.346500396728516,0,0,0,0,0,-218.0207061767578,159.02725219726562,107.76362609863281,-248.36851501464844,168.70614624023438,94.91793823242188,close,41,2025-11-16T22:17:47.044918,my_hand_data\videos\close_seq41_20251116_221745_543075.avi,89.7789619512021,360,90,HIGH,VIDEO_RECORDING,2025-11-16T22:17:49.644534
2025-11-16 22:17:47.054982,136,3033,HandType.Right,0.6736364364624023,-195.73040771484375,205.86607360839844,111.58699798583984,-0.18592752516269684,-0.9633670449256897,0.19327419996261597,-3.82696533203125,22.91405487060547,9.69433307647705,0.3607601225376129,0.637222945690155,34.575199127197266,0,0,0,0,0,-218.02427673339844,159.2770538330078,107.94987487792969,-248.51382446289062,169.03042602539062,94.88451385498047,close,41,2025-11-16T22:17:47.054982,my_hand_data\videos\close_seq41_20251116_221745_543075.avi,89.7789619512021,360,90,HIGH,VIDEO_RECORDING,2025-11-16T22:17:49.644534
2025-11-16 22:17:47.075607,137,3033,HandType.Right,0.6740984916687012,-195.87359619140625,206.3475799560547,111.88043975830078,-0.18654365837574005,-0.963632345199585,0.19134832918643951,-4.322196960449219,21.090442657470703,11.792013168334961,0.37913525104522705,0.6422844529151917,35.4503059387207,0,0,0,0,0,-217.7921600341797,159.57290649414062,108.24211883544922,-248.97549438476562,169.72061157226562,94.77556610107422,close,41,2025-11-16T22:17:47.075607,my_hand_data\videos\close_seq41_20251116_221745_543075.avi,89.7789619512021,360,90,HIGH,VIDEO_RECORDING,2025-11-16T22:17:49.644534
2025-11-16 22:17:47.080711,138,3033,HandType.Right,0.6740984916687012,-195.87359619140625,206.3475799560547,111.88043975830078,-0.18654365837574005,-0.963632345199585,0.19134832918643951,-4.322196960449219,21.090442657470703,11.792013168334961,0.37913525104522705,0.6422844529151917,35.4503059387207,0,0,0,0,0,-217.7921600341797,159.57290649414062,108.24211883544922,-248.97549438476562,169.72061157226562,94.77556610107422,close,41,2025-11-16T22:17:47.080711,my_hand_data\videos\close_seq41_20251116_221745_543075.avi,89.7789619512021,360,90,HIGH,VIDEO_RECORDING,2025-11-16T22:17:49.644534
2025-11-16 22:17:47.096626,139,3033,HandType.Right,0.6735259890556335,-195.9679412841797,206.63185119628906,112.0570068359375,-0.18695063889026642,-0.9637423157691956,0.19039499759674072,-2.3512210845947266,10.870403289794922,8.36720085144043,0.39502960443496704,0.6590732932090759,35.944480895996094,0,0,0,0,0,-217.56417846679688,159.7915802001953,108.46937561035156,-249.1551971435547,170.18023681640625,94.82792663574219,close,41,2025-11-16T22:17:47.096626,my_hand_data\videos\close_seq41_20251116_221745_543075.avi,89.7789619512021,360,90,HIGH,VIDEO_RECORDING,2025-11-16T22:17:49.644534
2025-11-16 22:17:47.101405,140,3033,HandType.Right,0.6735259890556335,-195.9679412841797,206.63185119628906,112.0570068359375,-0.18695063889026642,-0.9637423157691956,0.19039499759674072,-2.3512210845947266,10.870403289794922,8.36720085144043,0.39502960443496704,0.6590732932090759,35.944480895996094,0,0,0,0,0,-217.56417846679688,159.7915802001953,108.46937561035156,-249.1551971435547,170.18023681640625,94.82792663574219,close,41,2025-11-16T22:17:47.101405,my_hand_data\videos\close_seq41_20251116_221745_543075.avi,89.7789619512021,360,90,HIGH,VIDEO_RECORDING,2025-11-16T22:17:49.644534
2025-11-16 22:17:47.116510,141,3033,HandType.Right,0.6731978058815002,-196.04522705078125,206.71047973632812,112.12811279296875,-0.18680468201637268,-0.963991105556488,0.18927550315856934,-7.418080806732178,7.5465922355651855,6.824921131134033,0.4022139012813568,0.6667411923408508,36.1705322265625,0,0,0,0,0,-217.5120086669922,159.85546875,108.53868103027344,-249.26629638671875,170.34048461914062,94.75328826904297,close,41,2025-11-16T22:17:47.116510,my_hand_data\videos\close_seq41_20251116_221745_543075.avi,89.7789619512021,360,90,HIGH,VIDEO_RECORDING,2025-11-16T22:17:49.644534
2025-11-16 22:17:47.126689,142,3033,HandType.Right,0.6727898716926575,-196.05201721191406,206.76756286621094,112.16276550292969,-0.18725675344467163,-0.9639851450920105,0.18885865807533264,-0.6179676651954651,5.186524391174316,3.148282766342163,0.41423389315605164,0.6746828556060791,36.300987243652344,0,0,0,0,0,-217.47845458984375,159.93028259277344,108.59628295898438,-249.33164978027344,170.492919921875,94.75553894042969,close,41,2025-11-16T22:17:47.126689,my_hand_data\videos\close_seq41_20251116_221745_543075.avi,89.7789619512021,360,90,HIGH,VIDEO_RECORDING,2025-11-16T22:17:49.644534
2025-11-16 22:17:47.137127,143,3033,HandType.Right,0.6724883317947388,-196.0621795654297,206.75247192382812,112.1366195678711,-0.18732455372810364,-0.9640802145004272,0.1883053183555603,-0.8928418159484863,-1.3263401985168457,-2.2984673976898193,0.4323515295982361,0.6856716275215149,36.36271286010742,0,0,0,0,0,-217.44456481933594,159.9545135498047,108.60002899169922,-249.35858154296875,170.51649475097656,94.73687744140625,close,41,2025-11-16T22:17:47.137127,my_hand_data\videos\close_seq41_20251116_221745_543075.avi,89.7789619512021,360,90,HIGH,VIDEO_RECORDING,2025-11-16T22:17:49.644534
2025-11-16 22:17:47.147191,144,3033,HandType.Right,0.672818124294281,-196.11476135253906,206.8470458984375,112.1312484741211,-0.18796391785144806,-0.9641335606575012,0.1873926818370819,-4.821180820465088,8.671305656433105,-0.49187105894088745,0.45076829195022583,0.6950501799583435,36.625457763671875,0,0,0,0,0,-217.42189025878906,160.04425048828125,108.64239501953125,-249.59474182128906,170.6856231689453,94.7466049194336,close,41,2025-11-16T22:17:47.147191,my_hand_data\videos\close_seq41_20251116_221745_543075.avi,89.7789619512021,360,90,HIGH,VIDEO_RECORDING,2025-11-16T22:17:49.644534
2025-11-16 22:17:47.157023,145,3033,HandType.Right,0.6733602285385132,-196.1691436767578,206.9578094482422,112.15061950683594,-0.18842662870883942,-0.9643200635910034,0.18596293032169342,-4.911535263061523,10.003128051757812,1.749595046043396,0.4627838134765625,0.7043898701667786,36.94585037231445,0,0,0,0,0,-217.32742309570312,160.06358337402344,108.6472396850586,-249.83750915527344,170.81063842773438,94.76952362060547,close,41,2025-11-16T22:17:47.157023,my_hand_data\videos\close_seq41_20251116_221745_543075.avi,89.7789619512021,360,90,HIGH,VIDEO_RECORDING,2025-11-16T22:17:49.644534
2025-11-16 22:17:47.167319,146,3033,HandType.Right,0.6744994521141052,-196.232177734375,207.13706970214844,112.15068817138672,-0.1899413764476776,-0.9642408490180969,0.18482917547225952,-5.519155025482178,15.695094108581543,0.005494966171681881,0.4764975905418396,0.7175886631011963,37.05741500854492,0,0,0,0,0,-217.29212951660156,160.16348266601562,108.65044403076172,-249.9414825439453,171.0381317138672,94.90221405029297,close,41,2025-11-16T22:17:47.167319,my_hand_data\videos\close_seq41_20251116_221745_543075.avi,89.7789619512021,360,90,HIGH,VIDEO_RECORDING,2025-11-16T22:17:49.644534
2025-11-16 22:17:47.177660,147,3033,HandType.Right,0.6747756600379944,-196.31817626953125,207.3824920654297,112.18132781982422,-0.19105128943920135,-0.9643614292144775,0.18304775655269623,-7.837039470672607,22.367616653442383,2.792872905731201,0.48939627408981323,0.7347808480262756,37.12866973876953,0,0,0,0,0,-217.2767333984375,160.30445861816406,108.66903686523438,-250.02711486816406,171.3349609375,95.09410858154297,close,41,2025-11-16T22:17:47.177660,my_hand_data\videos\close_seq41_20251116_221745_543075.avi,89.7789619512021,360,90,HIGH,VIDEO_RECORDING,2025-11-16T22:17:49.644534
2025-11-16 22:17:47.197764,148,3033,HandType.Right,0.6760503649711609,-196.3704071044922,207.59413146972656,112.12517547607422,-0.19062623381614685,-0.9647723436355591,0.18131734430789948,1.1427202224731445,5.914157867431641,-0.8265923261642456,0.5117710828781128,0.7551138401031494,37.040245056152344,0,0,0,0,0,-217.0364532470703,160.32501220703125,108.55502319335938,-249.85891723632812,171.44168090820312,95.47506713867188,close,41,2025-11-16T22:17:47.197764,my_hand_data\videos\close_seq41_20251116_221745_543075.avi,89.7789619512021,360,90,HIGH,VIDEO_RECORDING,2025-11-16T22:17:49.644534
2025-11-16 22:17:47.201262,149,3033,HandType.Right,0.6760503649711609,-196.3704071044922,207.59413146972656,112.12517547607422,-0.19062623381614685,-0.9647723436355591,0.18131734430789948,1.1427202224731445,5.914157867431641,-0.8265923261642456,0.5117710828781128,0.7551138401031494,37.040245056152344,0,0,0,0,0,-217.0364532470703,160.32501220703125,108.55502319335938,-249.85891723632812,171.44168090820312,95.47506713867188,close,41,2025-11-16T22:17:47.201262,my_hand_data\videos\close_seq41_20251116_221745_543075.avi,89.7789619512021,360,90,HIGH,VIDEO_RECORDING,2025-11-16T22:17:49.644534
2025-11-16 22:17:47.217984,150,3033,HandType.Right,0.676336944103241,-196.37600708007812,207.6383514404297,112.12356567382812,-0.19029557704925537,-0.9650073647499084,0.18041162192821503,-0.5028204321861267,3.9745569229125977,-0.14465270936489105,0.5181630253791809,0.7639539837837219,36.977535247802734,0,0,0,0,0,-217.0200958251953,160.36114501953125,108.50906372070312,-249.82711791992188,171.47593688964844,95.56692504882812,close,41,2025-11-16T22:17:47.217984,my_hand_data\videos\close_seq41_20251116_221745_543075.avi,89.7789619512021,360,90,HIGH,VIDEO_RECORDING,2025-11-16T22:17:49.644534
2025-11-16 22:17:47.219490,151,3033,HandType.Right,0.6766601204872131,-196.387451171875,207.69789123535156,112.13993835449219,-0.19026026129722595,-0.9651564955711365,0.1796495020389557,-1.0174885988235474,5.290921211242676,1.4546948671340942,0.5240095853805542,0.7721695303916931,36.94810485839844,0,0,0,0,0,-217.01963806152344,160.41363525390625,108.51405334472656,-249.8538818359375,171.52491760253906,95.72286987304688,close,41,2025-11-16T22:17:47.219490,my_hand_data\videos\close_seq41_20251116_221745_543075.avi,89.7789619512021,360,90,HIGH,VIDEO_RECORDING,2025-11-16T22:17:49.644534
2025-11-16 22:17:47.238124,152,3033,HandType.Right,0.676739513874054,-196.36114501953125,207.6990509033203,112.14923095703125,-0.19002290070056915,-0.9652952551841736,0.17915461957454681,2.3992550373077393,0.1058323085308075,0.8472604155540466,0.5262754559516907,0.7756528854370117,36.74263381958008,0,0,0,0,0,-216.99652099609375,160.42665100097656,108.50894927978516,-249.6855010986328,171.46397399902344,95.87450408935547,close,41,2025-11-16T22:17:47.238124,my_hand_data\videos\close_seq41_20251116_221745_543075.avi,89.7789619512021,360,90,HIGH,VIDEO_RECORDING,2025-11-16T22:17:49.644534
2025-11-16 22:17:47.248448,153,3033,HandType.Right,0.6760364770889282,-196.3646697998047,207.71688842773438,112.15447235107422,-0.18976862728595734,-0.9654794335365295,0.17843014001846313,-0.31767988204956055,1.6072369813919067,0.4721646010875702,0.5307090282440186,0.7799696922302246,36.63681411743164,0,0,0,0,0,-216.98855590820312,160.4392547607422,108.50611877441406,-249.60646057128906,171.45034790039062,95.97279357910156,close,41,2025-11-16T22:17:47.248448,my_hand_data\videos\close_seq41_20251116_221745_543075.avi,89.7789619512021,360,90,HIGH,VIDEO_RECORDING,2025-11-16T22:17:49.644534
2025-11-16 22:17:47.258695,154,3033,HandType.Right,0.6767962574958801,-196.36146545410156,207.75857543945312,112.16064453125,-0.18953128159046173,-0.9656880497932434,0.17755137383937836,0.28566330671310425,3.714111089706421,0.5498234033584595,0.5334911346435547,0.7847532629966736,36.462703704833984,0,0,0,0,0,-217.04129028320312,160.54981994628906,108.51940155029297,-249.5713653564453,171.38409423828125,96.11209106445312,close,41,2025-11-16T22:17:47.258695,my_hand_data\videos\close_seq41_20251116_221745_543075.avi,89.7789619512021,360,90,HIGH,VIDEO_RECORDING,2025-11-16T22:17:49.644534
2025-11-16 22:17:47.268851,155,3033,HandType.Right,0.6774391531944275,-196.3491973876953,207.85569763183594,112.16744232177734,-0.1894882172346115,-0.9658257365226746,0.17684698104858398,1.0961586236953735,8.681108474731445,0.607914388179779,0.5368052124977112,0.7900806069374084,36.18714141845703,0,0,0,0,0,-217.09799194335938,160.7014923095703,108.5531234741211,-249.43104553222656,171.33090209960938,96.26091003417969,close,41,2025-11-16T22:17:47.268851,my_hand_data\videos\close_seq41_20251116_221745_543075.avi,89.7789619512021,360,90,HIGH,VIDEO_RECORDING,2025-11-16T22:17:49.644534
2025-11-16 22:17:47.279349,156,3033,HandType.Right,0.6783381700515747,-196.2784881591797,207.86761474609375,112.16448211669922,-0.18899668753147125,-0.96601802110672,0.17632198333740234,6.371033191680908,1.0739316940307617,-0.2665444612503052,0.537848711013794,0.7950912117958069,35.71216583251953,0,0,0,0,0,-217.03131103515625,160.72073364257812,108.55591583251953,-249.0004119873047,171.0949249267578,96.48480987548828,close,41,2025-11-16T22:17:47.279349,my_hand_data\videos\close_seq41_20251116_221745_543075.avi,89.7789619512021,360,90,HIGH,VIDEO_RECORDING,2025-11-16T22:17:49.644534
2025-11-16 22:17:47.289509,157,3033,HandType.Right,0.6790712475776672,-196.28073120117188,208.01959228515625,112.20027923583984,-0.18916966021060944,-0.9661120772361755,0.17561988532543182,-0.20290356874465942,13.732284545898438,3.2342748641967773,0.5443304777145386,0.8025402426719666,35.57056427001953,0,0,0,0,0,-217.02761840820312,160.8892364501953,108.62141418457031,-248.94622802734375,171.1560516357422,96.74455261230469,close,41,2025-11-16T22:17:47.289509,my_hand_data\videos\close_seq41_20251116_221745_543075.avi,89.7789619512021,360,90,HIGH,VIDEO_RECORDING,2025-11-16T22:17:49.644534
2025-11-16 22:17:47.300006,158,3033,HandType.Right,0.680267870426178,-196.27452087402344,208.14076232910156,112.24347686767578,-0.18866677582263947,-0.9663435816764832,0.17488543689250946,0.5646873116493225,11.01806640625,3.927969455718994,0.5431774258613586,0.8070523142814636,35.26216125488281,0,0,0,0,0,-216.9337158203125,160.98196411132812,108.64251708984375,-248.67520141601562,170.9373016357422,96.94682312011719,close,41,2025-11-16T22:17:47.300006,my_hand_data\videos\close_seq41_20251116_221745_543075.avi,89.7789619512021,360,90,HIGH,VIDEO_RECORDING,2025-11-16T22:17:49.644534
2025-11-16 22:17:47.310397,159,3033,HandType.Right,0.6810797452926636,-196.27935791015625,208.20370483398438,112.25487518310547,-0.1880583018064499,-0.9665518999099731,0.17438897490501404,-0.4342716634273529,5.659544944763184,1.0253899097442627,0.5442028045654297,0.8118767142295837,34.80278396606445,0,0,0,0,0,-216.9124298095703,161.0518035888672,108.63452911376953,-248.3453826904297,170.75250244140625,97.27232360839844,close,41,2025-11-16T22:17:47.310397,my_hand_data\videos\close_seq41_20251116_221745_543075.avi,89.7789619512021,360,90,HIGH,VIDEO_RECORDING,2025-11-16T22:17:49.644534
2025-11-16 22:17:47.330962,160,3033,HandType.Right,0.6812313199043274,-196.38796997070312,208.36854553222656,112.25135803222656,-0.18755553662776947,-0.9667602181434631,0.17377443611621857,-4.927306175231934,5.7757391929626465,-1.498470425605774,0.5483519434928894,0.8216468691825867,34.38811492919922,0,0,0,0,0,-216.96759033203125,161.21426391601562,108.58763885498047,-248.19570922851562,170.66668701171875,97.72492218017578,close,41,2025-11-16T22:17:47.330962,my_hand_data\videos\close_seq41_20251116_221745_543075.avi,89.7789619512021,360,90,HIGH,VIDEO_RECORDING,2025-11-16T22:17:49.644534
2025-11-16 22:17:47.334253,161,3033,HandType.Right,0.6812313199043274,-196.38796997070312,208.36854553222656,112.25135803222656,-0.18755553662776947,-0.9667602181434631,0.17377443611621857,-4.927306175231934,5.7757391929626465,-1.498470425605774,0.5483519434928894,0.8216468691825867,34.38811492919922,0,0,0,0,0,-216.96759033203125,161.21426391601562,108.58763885498047,-248.19570922851562,170.66668701171875,97.72492218017578,close,41,2025-11-16T22:17:47.334253,my_hand_data\videos\close_seq41_20251116_221745_543075.avi,89.7789619512021,360,90,HIGH,VIDEO_RECORDING,2025-11-16T22:17:49.644534
2025-11-16 22:17:47.352115,162,3033,HandType.Right,0.6812161207199097,-196.40585327148438,208.38333129882812,112.20404815673828,-0.18723222613334656,-0.9668265581130981,0.17375397682189941,-1.6047987937927246,1.3268115520477295,-4.246902942657471,0.546870231628418,0.8231536149978638,33.990150451660156,0,0,0,0,0,-216.9503631591797,161.23146057128906,108.5425796508789,-247.8768310546875,170.51780700683594,97.92902374267578,close,41,2025-11-16T22:17:47.352115,my_hand_data\videos\close_seq41_20251116_221745_543075.avi,89.7789619512021,360,90,HIGH,VIDEO_RECORDING,2025-11-16T22:17:49.644534
2025-11-16 22:17:47.356363,163,3033,HandType.Right,0.6812682747840881,-196.45460510253906,208.38748168945312,112.1337661743164,-0.18690194189548492,-0.9669007062911987,0.1736970990896225,-4.406093120574951,0.3759303092956543,-6.352835655212402,0.5495630502700806,0.8273817896842957,33.71482467651367,0,0,0,0,0,-216.94801330566406,161.2387237548828,108.45335388183594,-247.7286376953125,170.34625244140625,98.14338684082031,close,41,2025-11-16T22:17:47.356363,my_hand_data\videos\close_seq41_20251116_221745_543075.avi,89.7789619512021,360,90,HIGH,VIDEO_RECORDING,2025-11-16T22:17:49.644534
2025-11-16 22:17:47.370922,164,3033,HandType.Right,0.6815795302391052,-196.5045166015625,208.4127197265625,112.11156463623047,-0.18602627515792847,-0.9671394228935242,0.17330755293369293,-4.477514266967773,2.263174057006836,-1.9913501739501953,0.5494070649147034,0.8272734880447388,33.56886291503906,0,0,0,0,0,-216.96246337890625,161.2736053466797,108.42386627197266,-247.64442443847656,170.249267578125,98.18065643310547,close,41,2025-11-16T22:17:47.370922,my_hand_data\videos\close_seq41_20251116_221745_543075.avi,89.7789619512021,360,90,HIGH,VIDEO_RECORDING,2025-11-16T22:17:49.644534
2025-11-16 22:17:47.381427,165,3033,HandType.Right,0.6819961667060852,-196.55783081054688,208.4310302734375,112.03134155273438,-0.18572871387004852,-0.9672005772590637,0.1732855588197708,-4.869266510009766,1.6719716787338257,-7.326756477355957,0.5520537495613098,0.8305354714393616,33.51723098754883,0,0,0,0,0,-216.93150329589844,161.2900848388672,108.34286499023438,-247.6102294921875,170.2164764404297,98.2166519165039,close,41,2025-11-16T22:17:47.381427,my_hand_data\videos\close_seq41_20251116_221745_543075.avi,89.7789619512021,360,90,HIGH,VIDEO_RECORDING,2025-11-16T22:17:49.644534
2025-11-16 22:17:47.390955,166,3033,HandType.Right,0.683588445186615,-196.6815185546875,208.46566772460938,111.97775268554688,-0.1848210096359253,-0.967468798160553,0.1727578341960907,-10.992050170898438,3.078449249267578,-4.762360095977783,0.5587043762207031,0.8345023989677429,33.24562072753906,0,0,0,0,0,-217.08453369140625,161.3848419189453,108.25611114501953,-247.6511993408203,170.02908325195312,98.4465560913086,close,41,2025-11-16T22:17:47.390955,my_hand_data\videos\close_seq41_20251116_221745_543075.avi,89.7789619512021,360,90,HIGH,VIDEO_RECORDING,2025-11-16T22:17:49.644534
2025-11-16 22:17:47.401263,167,3033,HandType.Right,0.6849982738494873,-196.8774871826172,208.56129455566406,111.89350891113281,-0.18400055170059204,-0.9677149653434753,0.17225414514541626,-17.693958282470703,8.633418083190918,-7.6058430671691895,0.5677422881126404,0.8386655449867249,32.98689270019531,0,0,0,0,0,-217.33168029785156,161.53045654296875,108.15168762207031,-247.82025146484375,169.8730926513672,98.71863555908203,close,41,2025-11-16T22:17:47.401263,my_hand_data\videos\close_seq41_20251116_221745_543075.avi,89.7789619512021,360,90,HIGH,VIDEO_RECORDING,2025-11-16T22:17:49.644534
2025-11-16 22:17:47.411502,168,3033,HandType.Right,0.6847613453865051,-197.0231475830078,208.62982177734375,111.79448699951172,-0.18291614949703217,-0.9679842591285706,0.17189587652683258,-12.929224014282227,6.082572937011719,-8.789924621582031,0.5697718858718872,0.8394533395767212,32.6298828125,0,0,0,0,0,-217.55906677246094,161.62757873535156,108.04669189453125,-247.8453826904297,169.61329650878906,98.8991928100586,close,41,2025-11-16T22:17:47.411502,my_hand_data\videos\close_seq41_20251116_221745_543075.avi,89.7789619512021,360,90,HIGH,VIDEO_RECORDING,2025-11-16T22:17:49.644534
2025-11-16 22:17:47.421650,169,3033,HandType.Right,0.6857033371925354,-197.13409423828125,208.71424865722656,111.65812683105469,-0.18179190158843994,-0.9683313369750977,0.1711319237947464,-10.101628303527832,7.687850475311279,-12.415257453918457,0.5751574039459229,0.8413199782371521,32.376338958740234,0,0,0,0,0,-217.7593231201172,161.75135803222656,107.93126678466797,-247.9166717529297,169.433837890625,99.00147247314453,close,41,2025-11-16T22:17:47.421650,my_hand_data\videos\close_seq41_20251116_221745_543075.avi,89.7789619512021,360,90,HIGH,VIDEO_RECORDING,2025-11-16T22:17:49.644534
2025-11-16 22:17:47.441519,170,3033,HandType.Right,0.6871123313903809,-197.38441467285156,208.93826293945312,111.35969543457031,-0.17998644709587097,-0.9688189029693604,0.17027859389781952,-9.37881088256836,8.540672302246094,-12.089672088623047,0.5880633592605591,0.8474289178848267,31.966812133789062,0,0,0,0,0,-218.07179260253906,162.003662109375,107.6985092163086,-247.99700927734375,169.29150390625,99.14012908935547,close,41,2025-11-16T22:17:47.441519,my_hand_data\videos\close_seq41_20251116_221745_543075.avi,89.7789619512021,360,90,HIGH,VIDEO_RECORDING,2025-11-16T22:17:49.644534
2025-11-16 22:17:47.441519,171,3033,HandType.Right,0.6871123313903809,-197.38441467285156,208.93826293945312,111.35969543457031,-0.17998644709587097,-0.9688189029693604,0.17027859389781952,-9.37881088256836,8.540672302246094,-12.089672088623047,0.5880633592605591,0.8474289178848267,31.966812133789062,0,0,0,0,0,-218.07179260253906,162.003662109375,107.6985092163086,-247.99700927734375,169.29150390625,99.14012908935547,close,41,2025-11-16T22:17:47.441519,my_hand_data\videos\close_seq41_20251116_221745_543075.avi,89.7789619512021,360,90,HIGH,VIDEO_RECORDING,2025-11-16T22:17:49.644534
2025-11-16 22:17:47.461987,172,3033,HandType.Right,0.687241792678833,-197.5364532470703,209.136962890625,111.04776763916016,-0.17853912711143494,-0.9690444469451904,0.17051880061626434,-8.78711223602295,7.287075996398926,-15.484437942504883,0.5934669971466064,0.8524830937385559,31.78980827331543,0,0,0,0,0,-218.3001251220703,162.23062133789062,107.54752349853516,-248.11526489257812,169.3727264404297,99.14278411865234,close,41,2025-11-16T22:17:47.461987,my_hand_data\videos\close_seq41_20251116_221745_543075.avi,89.7789619512021,360,90,HIGH,VIDEO_RECORDING,2025-11-16T22:17:49.644534
2025-11-16 22:17:47.472010,173,3033,HandType.Right,0.687241792678833,-197.5364532470703,209.136962890625,111.04776763916016,-0.17853912711143494,-0.9690444469451904,0.17051880061626434,-8.78711223602295,7.287075996398926,-15.484437942504883,0.5934669971466064,0.8524830937385559,31.78980827331543,0,0,0,0,0,-218.3001251220703,162.23062133789062,107.54752349853516,-248.11526489257812,169.3727264404297,99.14278411865234,close,41,2025-11-16T22:17:47.472010,my_hand_data\videos\close_seq41_20251116_221745_543075.avi,89.7789619512021,360,90,HIGH,VIDEO_RECORDING,2025-11-16T22:17:49.644534
2025-11-16 22:17:47.482362,174,3033,HandType.Right,0.6878538727760315,-197.61465454101562,209.25924682617188,110.95684051513672,-0.17810234427452087,-0.9690970182418823,0.1706767976284027,-7.066819667816162,11.051708221435547,-8.217597961425781,0.5968969464302063,0.8547407388687134,31.69477081298828,0,0,0,0,0,-218.39125061035156,162.38433837890625,107.51283264160156,-248.14952087402344,169.48509216308594,99.23133850097656,close,41,2025-11-16T22:17:47.482362,my_hand_data\videos\close_seq41_20251116_221745_543075.avi,89.7789619512021,360,90,HIGH,VIDEO_RECORDING,2025-11-16T22:17:49.644534
2025-11-16 22:17:47.492741,175,3033,HandType.Right,0.6879509091377258,-197.68814086914062,209.35134887695312,110.86102294921875,-0.1773689091205597,-0.9692180156707764,0.17075350880622864,-6.603801727294922,8.277199745178223,-8.6110258102417,0.6028472185134888,0.8575806021690369,31.455350875854492,0,0,0,0,0,-218.55287170410156,162.6025848388672,107.49707794189453,-248.12942504882812,169.5381317138672,99.3383560180664,close,41,2025-11-16T22:17:47.492741,my_hand_data\videos\close_seq41_20251116_221745_543075.avi,89.7789619512021,360,90,HIGH,VIDEO_RECORDING,2025-11-16T22:17:49.644534
2025-11-16 22:17:47.503026,176,3033,HandType.Right,0.6879639625549316,-197.77511596679688,209.4661102294922,110.78557586669922,-0.17647993564605713,-0.9694838523864746,0.1701642870903015,-7.740762233734131,10.213399887084961,-6.714499473571777,0.607399582862854,0.8602654933929443,31.264890670776367,0,0,0,0,0,-218.66744995117188,162.81480407714844,107.45884704589844,-248.0882568359375,169.6259307861328,99.3645248413086,close,41,2025-11-16T22:17:47.503026,my_hand_data\videos\close_seq41_20251116_221745_543075.avi,89.7789619512021,360,90,HIGH,VIDEO_RECORDING,2025-11-16T22:17:49.644534
2025-11-16 22:17:47.512882,177,3033,HandType.Right,0.6883323192596436,-197.7896270751953,209.5926971435547,110.7052001953125,-0.17618104815483093,-0.9695465564727783,0.17011676728725433,-1.3091403245925903,11.417113304138184,-7.249350070953369,0.6146815419197083,0.8611980676651001,31.127315521240234,0,0,0,0,0,-218.63528442382812,162.99876403808594,107.51182556152344,-247.9335479736328,169.75350952148438,99.45608520507812,close,41,2025-11-16T22:17:47.512882,my_hand_data\videos\close_seq41_20251116_221745_543075.avi,89.7789619512021,360,90,HIGH,VIDEO_RECORDING,2025-11-16T22:17:49.644534
2025-11-16 22:17:47.522855,178,3033,HandType.Right,0.6888750195503235,-197.80377197265625,209.69114685058594,110.61505126953125,-0.17574861645698547,-0.969620406627655,0.17014320194721222,-1.2691892385482788,8.83817195892334,-8.093405723571777,0.6206806898117065,0.865200936794281,30.8199405670166,0,0,0,0,0,-218.618408203125,163.1597442626953,107.47334289550781,-247.671630859375,169.81820678710938,99.63472747802734,close,41,2025-11-16T22:17:47.522855,my_hand_data\videos\close_seq41_20251116_221745_543075.avi,89.7789619512021,360,90,HIGH,VIDEO_RECORDING,2025-11-16T22:17:49.644534
2025-11-16 22:17:47.533225,179,3033,HandType.Right,0.6891327500343323,-197.87728881835938,209.79505920410156,110.54329681396484,-0.1744004637002945,-0.9699581861495972,0.1696043312549591,-6.597344398498535,9.325132369995117,-6.438539981842041,0.624129593372345,0.8690441250801086,30.655241012573242,0,0,0,0,0,-218.58583068847656,163.28367614746094,107.40901947021484,-247.51394653320312,169.81578063964844,99.6476058959961,close,41,2025-11-16T22:17:47.533225,my_hand_data\videos\close_seq41_20251116_221745_543075.avi,89.7789619512021,360,90,HIGH,VIDEO_RECORDING,2025-11-16T22:17:49.644534
2025-11-16 22:17:47.552990,180,3033,HandType.Right,0.6892110109329224,-197.94679260253906,209.89369201660156,110.49220275878906,-0.1733156442642212,-0.9702439308166504,0.1690811961889267,-6.327775955200195,8.979825019836426,-4.652096271514893,0.6320376396179199,0.8756442070007324,30.638853073120117,0,0,0,0,0,-218.58465576171875,163.39559936523438,107.36369323730469,-247.50958251953125,169.87063598632812,99.60728454589844,close,41,2025-11-16T22:17:47.552990,my_hand_data\videos\close_seq41_20251116_221745_543075.avi,89.7789619512021,360,90,HIGH,VIDEO_RECORDING,2025-11-16T22:17:49.644534
2025-11-16 22:17:47.557549,181,3033,HandType.Right,0.6888918876647949,-197.96298217773438,209.95846557617188,110.48641204833984,-0.1721348613500595,-0.9705898761749268,0.16829997301101685,-1.445271372795105,5.784328937530518,-0.5169254541397095,0.6371541023254395,0.8834944367408752,30.545873641967773,0,0,0,0,0,-218.54180908203125,163.46751403808594,107.33045196533203,-247.41217041015625,169.8703155517578,99.67821502685547,close,41,2025-11-16T22:17:47.557549,my_hand_data\videos\close_seq41_20251116_221745_543075.avi,89.7789619512021,360,90,HIGH,VIDEO_RECORDING,2025-11-16T22:17:49.644534
2025-11-16 22:17:47.573791,182,3033,HandType.Right,0.6900193691253662,-197.9822540283203,210.07090759277344,110.44774627685547,-0.1702589988708496,-0.9711150527000427,0.167174831032753,-1.2872854471206665,4.931286811828613,-1.6156708002090454,0.6515186429023743,0.901018500328064,29.869083404541016,0,0,0,0,0,-218.52525329589844,163.6121826171875,107.29273223876953,-246.8531951904297,169.74246215820312,100.07403564453125,close,41,2025-11-16T22:17:47.573791,my_hand_data\videos\close_seq41_20251116_221745_543075.avi,89.7789619512021,360,90,HIGH,VIDEO_RECORDING,2025-11-16T22:17:49.644534
2025-11-16 22:17:47.578434,183,3033,HandType.Right,0.6900193691253662,-197.9822540283203,210.07090759277344,110.44774627685547,-0.1702589988708496,-0.9711150527000427,0.167174831032753,-1.2872854471206665,4.931286811828613,-1.6156708002090454,0.6515186429023743,0.901018500328064,29.869083404541016,0,0,0,0,0,-218.52525329589844,163.6121826171875,107.29273223876953,-246.8531951904297,169.74246215820312,100.07403564453125,close,41,2025-11-16T22:17:47.578434,my_hand_data\videos\close_seq41_20251116_221745_543075.avi,89.7789619512021,360,90,HIGH,VIDEO_RECORDING,2025-11-16T22:17:49.644534
2025-11-16 22:17:47.594582,184,3033,HandType.Right,0.6920990943908691,-197.9812469482422,210.1832733154297,110.49574279785156,-0.16781878471374512,-0.9718304872512817,0.16547611355781555,1.3047912120819092,3.639911413192749,2.1353235244750977,0.6784219741821289,0.9273847341537476,29.23775291442871,0,0,0,0,0,-218.52651977539062,163.77293395996094,107.3810043334961,-246.4383087158203,169.44918823242188,100.7811279296875,close,41,2025-11-16T22:17:47.594582,my_hand_data\videos\close_seq41_20251116_221745_543075.avi,89.7789619512021,360,90,HIGH,VIDEO_RECORDING,2025-11-16T22:17:49.644534
2025-11-16 22:17:47.604640,185,3033,HandType.Right,0.6920990943908691,-197.9812469482422,210.1832733154297,110.49574279785156,-0.16781878471374512,-0.9718304872512817,0.16547611355781555,1.3047912120819092,3.639911413192749,2.1353235244750977,0.6784219741821289,0.9273847341537476,29.23775291442871,0,0,0,0,0,-218.52651977539062,163.77293395996094,107.3810043334961,-246.4383087158203,169.44918823242188,100.7811279296875,close,41,2025-11-16T22:17:47.604640,my_hand_data\videos\close_seq41_20251116_221745_543075.avi,89.7789619512021,360,90,HIGH,VIDEO_RECORDING,2025-11-16T22:17:49.644534
2025-11-16 22:17:47.614848,186,3033,HandType.Right,0.6934410929679871,-198.0032196044922,210.29153442382812,110.56929016113281,-0.166684091091156,-0.9721753597259521,0.164594829082489,-1.9709957838058472,9.711174964904785,6.59673547744751,0.6948115825653076,0.94472736120224,28.893253326416016,0,0,0,0,0,-218.54409790039062,163.87332153320312,107.48403930664062,-246.2457733154297,169.23724365234375,101.265869140625,close,41,2025-11-16T22:17:47.614848,my_hand_data\videos\close_seq41_20251116_221745_543075.avi,89.7789619512021,360,90,HIGH,VIDEO_RECORDING,2025-11-16T22:17:49.644534
2025-11-16 22:17:47.624457,187,3033,HandType.Right,0.6956988573074341,-198.11578369140625,210.43101501464844,110.7248764038086,-0.16443146765232086,-0.9728658199310303,0.1627710610628128,-10.18903636932373,12.623756408691406,14.082907676696777,0.6949132084846497,0.9562526941299438,28.288372039794922,0,0,0,0,0,-218.7118682861328,163.98158264160156,107.5876235961914,-245.97735595703125,168.84603881835938,101.8289566040039,close,41,2025-11-16T22:17:47.624457,my_hand_data\videos\close_seq41_20251116_221745_543075.avi,89.7789619512021,360,90,HIGH,VIDEO_RECORDING,2025-11-16T22:17:49.644534
2025-11-16 22:17:47.634784,188,3033,HandType.Right,0.6969801187515259,-198.14944458007812,210.4908905029297,110.79129028320312,-0.16165253520011902,-0.9735485911369324,0.16146710515022278,-2.997453451156616,5.333061218261719,5.915187358856201,0.7006100416183472,0.9691360592842102,27.45699691772461,0,0,0,0,0,-218.8117218017578,164.04148864746094,107.60861206054688,-245.41726684570312,168.45602416992188,102.45657348632812,close,41,2025-11-16T22:17:47.634784,my_hand_data\videos\close_seq41_20251116_221745_543075.avi,89.7789619512021,360,90,HIGH,VIDEO_RECORDING,2025-11-16T22:17:49.644534
2025-11-16 22:17:47.654997,189,3033,HandType.Right,0.699275016784668,-198.16110229492188,210.65391540527344,110.899169921875,-0.15675365924835205,-0.9748197197914124,0.1586027443408966,1.3973333835601807,4.2743821144104,4.21011209487915,0.6980763673782349,0.9829365015029907,26.01653289794922,0,0,0,0,0,-219.1798858642578,164.29335021972656,107.71318817138672,-244.6005401611328,167.87860107421875,103.49462127685547,close,41,2025-11-16T22:17:47.654997,my_hand_data\videos\close_seq41_20251116_221745_543075.avi,89.7789619512021,360,90,HIGH,VIDEO_RECORDING,2025-11-16T22:17:49.644534
2025-11-16 22:17:47.659246,190,3033,HandType.Right,0.699275016784668,-198.16110229492188,210.65391540527344,110.899169921875,-0.15675365924835205,-0.9748197197914124,0.1586027443408966,1.3973333835601807,4.2743821144104,4.21011209487915,0.6980763673782349,0.9829365015029907,26.01653289794922,0,0,0,0,0,-219.1798858642578,164.29335021972656,107.71318817138672,-244.6005401611328,167.87860107421875,103.49462127685547,close,41,2025-11-16T22:17:47.659246,my_hand_data\videos\close_seq41_20251116_221745_543075.avi,89.7789619512021,360,90,HIGH,VIDEO_RECORDING,2025-11-16T22:17:49.644534
2025-11-16 22:17:47.665379,191,3033,HandType.Right,0.7012868523597717,-198.23501586914062,210.87460327148438,110.97600555419922,-0.15557588636875153,-0.9752704501152039,0.1569831520318985,-6.543183326721191,19.5373477935791,6.802355766296387,0.7073767185211182,0.9929158091545105,25.55246353149414,0,0,0,0,0,-219.4697723388672,164.56344604492188,107.79525756835938,-244.5306396484375,167.82908630371094,104.02472686767578,close,41,2025-11-16T22:17:47.665379,my_hand_data\videos\close_seq41_20251116_221745_543075.avi,89.7789619512021,360,90,HIGH,VIDEO_RECORDING,2025-11-16T22:17:49.644534
2025-11-16 22:17:47.685884,192,3033,HandType.Right,0.703143298625946,-198.3199005126953,211.3325958251953,111.06343841552734,-0.153477281332016,-0.9759694337844849,0.15468811988830566,-5.067059516906738,22.778640747070312,3.4632914066314697,0.7178100943565369,1.0,24.596267700195312,0,0,0,0,0,-219.8363037109375,165.01397705078125,107.90614318847656,-244.0495147705078,167.91444396972656,104.69926452636719,close,41,2025-11-16T22:17:47.685884,my_hand_data\videos\close_seq41_20251116_221745_543075.avi,89.7789619512021,360,90,HIGH,VIDEO_RECORDING,2025-11-16T22:17:49.644534
2025-11-16 22:17:47.685884,193,3033,HandType.Right,0.703143298625946,-198.3199005126953,211.3325958251953,111.06343841552734,-0.153477281332016,-0.9759694337844849,0.15468811988830566,-5.067059516906738,22.778640747070312,3.4632914066314697,0.7178100943565369,1.0,24.596267700195312,0,0,0,0,0,-219.8363037109375,165.01397705078125,107.90614318847656,-244.0495147705078,167.91444396972656,104.69926452636719,close,41,2025-11-16T22:17:47.685884,my_hand_data\videos\close_seq41_20251116_221745_543075.avi,89.7789619512021,360,90,HIGH,VIDEO_RECORDING,2025-11-16T22:17:49.644534
2025-11-16 22:17:47.705678,194,3033,HandType.Right,0.703500509262085,-198.33900451660156,211.55581665039062,111.05064392089844,-0.15330444276332855,-0.9760807752609253,0.1541561335325241,-1.7233467102050781,20.142972946166992,-1.1550008058547974,0.7228891253471375,1.0,23.94329833984375,0,0,0,0,0,-220.26983642578125,165.28759765625,107.95691680908203,-243.8795166015625,168.05052185058594,105.08797454833984,close,41,2025-11-16T22:17:47.705678,my_hand_data\videos\close_seq41_20251116_221745_543075.avi,89.7789619512021,360,90,HIGH,VIDEO_RECORDING,2025-11-16T22:17:49.644534
2025-11-16 22:17:47.710618,195,3033,HandType.Right,0.7035636901855469,-198.38955688476562,211.74221801757812,110.97473907470703,-0.15246498584747314,-0.97636878490448,0.15316154062747955,-4.455857276916504,16.430299758911133,-6.690248966217041,0.7333834767341614,1.0,23.449012756347656,0,0,0,0,0,-220.5636444091797,165.46408081054688,107.87647247314453,-243.7233123779297,168.013427734375,105.23321533203125,close,41,2025-11-16T22:17:47.710618,my_hand_data\videos\close_seq41_20251116_221745_543075.avi,89.7789619512021,360,90,HIGH,VIDEO_RECORDING,2025-11-16T22:17:49.644534
2025-11-16 22:17:47.726123,196,3033,HandType.Right,0.7033638954162598,-198.49130249023438,211.8377685546875,110.86653900146484,-0.15067742764949799,-0.9768503904342651,0.15185388922691345,-9.296040534973145,8.729203224182129,-9.886174201965332,0.7465934157371521,1.0,22.867637634277344,0,0,0,0,0,-220.75108337402344,165.54849243164062,107.697998046875,-243.36264038085938,167.97828674316406,105.30166625976562,close,41,2025-11-16T22:17:47.726123,my_hand_data\videos\close_seq41_20251116_221745_543075.avi,89.7789619512021,360,90,HIGH,VIDEO_RECORDING,2025-11-16T22:17:49.644534
2025-11-16 22:17:47.736083,197,3033,HandType.Right,0.7026500105857849,-198.53468322753906,211.772705078125,110.73226928710938,-0.14676408469676971,-0.9779288172721863,0.14871273934841156,-3.9170658588409424,-5.874517440795898,-12.124738693237305,0.7500556707382202,1.0,22.1358642578125,0,0,0,0,0,-220.7800750732422,165.31834411621094,107.31546020507812,-242.7118682861328,167.5584716796875,105.32176971435547,close,41,2025-11-16T22:17:47.736083,my_hand_data\videos\close_seq41_20251116_221745_543075.avi,89.7789619512021,360,90,HIGH,VIDEO_RECORDING,2025-11-16T22:17:49.644534
2025-11-16 22:17:47.746447,198,3033,HandType.Right,0.7015082836151123,-198.49163818359375,211.5715789794922,110.53140258789062,-0.14181458950042725,-0.979183554649353,0.1452176868915558,3.945922613143921,-18.44133758544922,-18.415735244750977,0.7681427597999573,1.0,21.561840057373047,0,0,0,0,0,-220.6809539794922,165.057373046875,106.68048858642578,-242.10504150390625,167.05331420898438,105.28849792480469,close,41,2025-11-16T22:17:47.746447,my_hand_data\videos\close_seq41_20251116_221745_543075.avi,89.7789619512021,360,90,HIGH,VIDEO_RECORDING,2025-11-16T22:17:49.644534
2025-11-16 22:17:47.756740,199,3033,HandType.Right,0.7014644145965576,-198.68824768066406,211.58262634277344,110.4436264038086,-0.13738076388835907,-0.9805940985679626,0.13986335694789886,-17.49613380432129,0.9841978549957275,-7.811346054077148,0.787510097026825,1.0,21.54840087890625,0,0,0,0,0,-220.59713745117188,165.097900390625,106.06753540039062,-242.05780029296875,166.83291625976562,105.1938705444336,close,41,2025-11-16T22:17:47.756740,my_hand_data\videos\close_seq41_20251116_221745_543075.avi,89.7789619512021,360,90,HIGH,VIDEO_RECORDING,2025-11-16T22:17:49.644534
2025-11-16 22:17:47.767067,200,3033,HandType.Right,0.7003063559532166,-198.86526489257812,211.55679321289062,110.3017578125,-0.13236074149608612,-0.9821497201919556,0.13365094363689423,-16.14664649963379,-2.3572964668273926,-12.940679550170898,0.7945812940597534,1.0,21.312458038330078,0,0,0,0,0,-220.51795959472656,165.18373107910156,105.34359741210938,-241.7751922607422,166.67123413085938,104.97172546386719,close,41,2025-11-16T22:17:47.767067,my_hand_data\videos\close_seq41_20251116_221745_543075.avi,89.7789619512021,360,90,HIGH,VIDEO_RECORDING,2025-11-16T22:17:49.644534
2025-11-16 22:17:47.787708,201,3033,HandType.Right,0.6979720592498779,-199.17041015625,211.6472625732422,110.11124420166016,-0.12339004129171371,-0.9846237897872925,0.12365638464689255,-14.809493064880371,0.8853275775909424,-12.192158699035645,0.8198801279067993,1.0,20.478242874145508,0,0,0,0,0,-220.71481323242188,165.42849731445312,104.33393859863281,-241.16287231445312,166.4540557861328,104.76239013671875,close,41,2025-11-16T22:17:47.787708,my_hand_data\videos\close_seq41_20251116_221745_543075.avi,89.7789619512021,360,90,HIGH,VIDEO_RECORDING,2025-11-16T22:17:49.644534
2025-11-16 22:17:47.790531,202,3033,HandType.Right,0.6979720592498779,-199.17041015625,211.6472625732422,110.11124420166016,-0.12339004129171371,-0.9846237897872925,0.12365638464689255,-14.809493064880371,0.8853275775909424,-12.192158699035645,0.8198801279067993,1.0,20.478242874145508,0,0,0,0,0,-220.71481323242188,165.42849731445312,104.33393859863281,-241.16287231445312,166.4540557861328,104.76239013671875,close,41,2025-11-16T22:17:47.790531,my_hand_data\videos\close_seq41_20251116_221745_543075.avi,89.7789619512021,360,90,HIGH,VIDEO_RECORDING,2025-11-16T22:17:49.644534
2025-11-16 22:17:47.808467,203,3033,HandType.Right,0.6959677338600159,-199.3059844970703,211.773681640625,109.9643783569336,-0.11750476062297821,-0.9864386916160583,0.11459226161241531,-0.5907714366912842,2.028132438659668,-6.010275363922119,0.8397658467292786,1.0,19.249784469604492,0,0,0,0,0,-220.90185546875,165.69361877441406,103.63565063476562,-240.08535766601562,166.5101776123047,105.00703430175781,close,41,2025-11-16T22:17:47.808467,my_hand_data\videos\close_seq41_20251116_221745_543075.avi,89.7789619512021,360,90,HIGH,VIDEO_RECORDING,2025-11-16T22:17:49.644534
2025-11-16 22:17:47.808467,204,3033,HandType.Right,0.6959677338600159,-199.3059844970703,211.773681640625,109.9643783569336,-0.11750476062297821,-0.9864386916160583,0.11459226161241531,-0.5907714366912842,2.028132438659668,-6.010275363922119,0.8397658467292786,1.0,19.249784469604492,0,0,0,0,0,-220.90185546875,165.69361877441406,103.63565063476562,-240.08535766601562,166.5101776123047,105.00703430175781,close,41,2025-11-16T22:17:47.808467,my_hand_data\videos\close_seq41_20251116_221745_543075.avi,89.7789619512021,360,90,HIGH,VIDEO_RECORDING,2025-11-16T22:17:49.644534
2025-11-16 22:17:47.828644,205,3033,HandType.Right,0.6943885087966919,-199.34996032714844,211.93780517578125,110.03042602539062,-0.11315647512674332,-0.9875603318214417,0.10917961597442627,-0.9970273375511169,13.024547576904297,7.923513889312744,0.8605673909187317,1.0,18.52565574645996,0,0,0,0,0,-220.918212890625,166.25286865234375,103.16674041748047,-239.29087829589844,166.7439422607422,105.49137878417969,close,41,2025-11-16T22:17:47.828644,my_hand_data\videos\close_seq41_20251116_221745_543075.avi,89.7789619512021,360,90,HIGH,VIDEO_RECORDING,2025-11-16T22:17:49.644534
2025-11-16 22:17:47.829651,206,3033,HandType.Right,0.6943885087966919,-199.34996032714844,211.93780517578125,110.03042602539062,-0.11315647512674332,-0.9875603318214417,0.10917961597442627,-0.9970273375511169,13.024547576904297,7.923513889312744,0.8605673909187317,1.0,18.52565574645996,0,0,0,0,0,-220.918212890625,166.25286865234375,103.16674041748047,-239.29087829589844,166.7439422607422,105.49137878417969,close,41,2025-11-16T22:17:47.829651,my_hand_data\videos\close_seq41_20251116_221745_543075.avi,89.7789619512021,360,90,HIGH,VIDEO_RECORDING,2025-11-16T22:17:49.644534
2025-11-16 22:17:47.849496,207,3033,HandType.Right,0.6948769092559814,-199.30567932128906,212.0363006591797,110.01628875732422,-0.11262904852628708,-0.987701952457428,0.10844138264656067,3.9897425174713135,8.876055717468262,-1.2741317749023438,0.8668793439865112,1.0,18.18986701965332,0,0,0,0,0,-221.16636657714844,166.78219604492188,103.1313705444336,-239.1930694580078,166.88758850097656,105.55997467041016,close,41,2025-11-16T22:17:47.849496,my_hand_data\videos\close_seq41_20251116_221745_543075.avi,89.7789619512021,360,90,HIGH,VIDEO_RECORDING,2025-11-16T22:17:49.644534
2025-11-16 22:17:47.859628,208,3033,HandType.Right,0.6946196556091309,-199.43077087402344,212.1871337890625,109.99773406982422,-0.11224833875894547,-0.987797200679779,0.10796746611595154,-11.190605163574219,13.49307632446289,-1.660219430923462,0.8831250071525574,1.0,17.961477279663086,0,0,0,0,0,-221.34039306640625,167.11883544921875,102.98302459716797,-239.08363342285156,167.05662536621094,105.77376556396484,close,41,2025-11-16T22:17:47.859628,my_hand_data\videos\close_seq41_20251116_221745_543075.avi,89.7789619512021,360,90,HIGH,VIDEO_RECORDING,2025-11-16T22:17:49.644534
2025-11-16 22:17:47.870062,209,3033,HandType.Right,0.6943530440330505,-199.4808349609375,212.21945190429688,109.90878295898438,-0.11158553510904312,-0.9878942370414734,0.10776666551828384,-4.5586018562316895,2.943549633026123,-8.099513053894043,0.8995266556739807,1.0,17.830350875854492,0,0,0,0,0,-221.27651977539062,167.24462890625,102.76627349853516,-238.84388732910156,167.10386657714844,105.8140869140625,close,41,2025-11-16T22:17:47.870062,my_hand_data\videos\close_seq41_20251116_221745_543075.avi,89.7789619512021,360,90,HIGH,VIDEO_RECORDING,2025-11-16T22:17:49.644534
2025-11-16 22:17:47.880651,210,3033,HandType.Right,0.6946107745170593,-199.51382446289062,212.20359802246094,109.80509948730469,-0.11035893857479095,-0.988086462020874,0.10726650804281235,-2.9559595584869385,-1.4205728769302368,-9.287979125976562,0.9176949858665466,1.0,17.8418025970459,0,0,0,0,0,-221.07461547851562,167.3004608154297,102.54749298095703,-238.62657165527344,167.09661865234375,105.85066223144531,close,41,2025-11-16T22:17:47.880651,my_hand_data\videos\close_seq41_20251116_221745_543075.avi,89.7789619512021,360,90,HIGH,VIDEO_RECORDING,2025-11-16T22:17:49.644534
2025-11-16 22:17:47.890392,211,3033,HandType.Right,0.694329023361206,-199.5668487548828,212.2389678955078,109.72521209716797,-0.10976019501686096,-0.9882419109344482,0.10644542425870895,-4.751673221588135,3.170114517211914,-7.159602642059326,0.927648663520813,1.0,17.73918914794922,0,0,0,0,0,-221.12721252441406,167.4817657470703,102.39736938476562,-238.55345153808594,167.1548614501953,105.845458984375,close,41,2025-11-16T22:17:47.890392,my_hand_data\videos\close_seq41_20251116_221745_543075.avi,89.7789619512021,360,90,HIGH,VIDEO_RECORDING,2025-11-16T22:17:49.644534
2025-11-16 22:17:47.900520,212,3033,HandType.Right,0.693915843963623,-199.57925415039062,212.25015258789062,109.6416244506836,-0.1090986430644989,-0.9884015917778015,0.10563972592353821,-1.122154951095581,1.0111196041107178,-7.560404300689697,0.9334741234779358,1.0,17.57659912109375,0,0,0,0,0,-221.17543029785156,167.638427734375,102.28024291992188,-238.4222412109375,167.20123291015625,105.80663299560547,close,41,2025-11-16T22:17:47.900520,my_hand_data\videos\close_seq41_20251116_221745_543075.avi,89.7789619512021,360,90,HIGH,VIDEO_RECORDING,2025-11-16T22:17:49.644534
2025-11-16 22:17:47.920473,213,3033,HandType.Right,0.6939161419868469,-199.5887908935547,212.33628845214844,109.5791015625,-0.10717424005270004,-0.9888824224472046,0.10307888686656952,-1.3487422466278076,5.467387676239014,-1.2234529256820679,0.9353348016738892,1.0,16.966522216796875,0,0,0,0,0,-221.3218536376953,167.9405517578125,102.15364837646484,-237.91015625,167.3287353515625,105.88597106933594,close,41,2025-11-16T22:17:47.920473,my_hand_data\videos\close_seq41_20251116_221745_543075.avi,89.7789619512021,360,90,HIGH,VIDEO_RECORDING,2025-11-16T22:17:49.644534
2025-11-16 22:17:47.920473,214,3033,HandType.Right,0.6939161419868469,-199.5887908935547,212.33628845214844,109.5791015625,-0.10717424005270004,-0.9888824224472046,0.10307888686656952,-1.3487422466278076,5.467387676239014,-1.2234529256820679,0.9353348016738892,1.0,16.966522216796875,0,0,0,0,0,-221.3218536376953,167.9405517578125,102.15364837646484,-237.91015625,167.3287353515625,105.88597106933594,close,41,2025-11-16T22:17:47.920473,my_hand_data\videos\close_seq41_20251116_221745_543075.avi,89.7789619512021,360,90,HIGH,VIDEO_RECORDING,2025-11-16T22:17:49.644534
2025-11-16 22:17:47.940576,215,3033,HandType.Right,0.6939714550971985,-199.62953186035156,212.28567504882812,109.5435562133789,-0.10583581775426865,-0.9892758727073669,0.10065774619579315,-4.413515090942383,-2.544556140899658,-1.6300740242004395,0.9467470049858093,1.0,16.294109344482422,0,0,0,0,0,-221.4358673095703,168.2697296142578,101.9498519897461,-237.25885009765625,167.471435546875,106.10472106933594,close,41,2025-11-16T22:17:47.940576,my_hand_data\videos\close_seq41_20251116_221745_543075.avi,89.7789619512021,360,90,HIGH,VIDEO_RECORDING,2025-11-16T22:17:49.644534
2025-11-16 22:17:47.944468,216,3033,HandType.Right,0.6939714550971985,-199.62953186035156,212.28567504882812,109.5435562133789,-0.10583581775426865,-0.9892758727073669,0.10065774619579315,-4.413515090942383,-2.544556140899658,-1.6300740242004395,0.9467470049858093,1.0,16.294109344482422,0,0,0,0,0,-221.4358673095703,168.2697296142578,101.9498519897461,-237.25885009765625,167.471435546875,106.10472106933594,close,41,2025-11-16T22:17:47.944468,my_hand_data\videos\close_seq41_20251116_221745_543075.avi,89.7789619512021,360,90,HIGH,VIDEO_RECORDING,2025-11-16T22:17:49.644534
2025-11-16 22:17:47.961949,217,3033,HandType.Right,0.6941930055618286,-199.64817810058594,212.20407104492188,109.53485870361328,-0.10445122420787811,-0.9896513819694519,0.09838747978210449,-1.6838572025299072,-7.365649223327637,-0.785087525844574,0.9557827711105347,1.0,16.011268615722656,0,0,0,0,0,-221.45713806152344,168.61537170410156,101.79694366455078,-236.91921997070312,167.52777099609375,106.17424011230469,close,41,2025-11-16T22:17:47.961949,my_hand_data\videos\close_seq41_20251116_221745_543075.avi,89.7789619512021,360,90,HIGH,VIDEO_RECORDING,2025-11-16T22:17:49.644534
2025-11-16 22:17:47.961949,218,3033,HandType.Right,0.6943217515945435,-199.72219848632812,212.1884765625,109.59654998779297,-0.10244925320148468,-0.9900731444358826,0.0962253287434578,-6.582671165466309,-1.3874958753585815,5.48595666885376,0.959709644317627,1.0,15.735461235046387,0,0,0,0,0,-221.54225158691406,168.87286376953125,101.73667907714844,-236.6632843017578,167.59292602539062,106.2757339477539,close,41,2025-11-16T22:17:47.961949,my_hand_data\videos\close_seq41_20251116_221745_543075.avi,89.7789619512021,360,90,HIGH,VIDEO_RECORDING,2025-11-16T22:17:49.644534
2025-11-16 22:17:47.981812,219,3033,HandType.Right,0.694632351398468,-199.83335876464844,212.2824249267578,109.74308013916016,-0.1004592552781105,-0.9905943274497986,0.09290196746587753,-10.016472816467285,8.46537971496582,13.203513145446777,0.962177038192749,1.0,15.543466567993164,0,0,0,0,0,-221.80545043945312,169.28610229492188,101.69379425048828,-236.63294982910156,167.7089080810547,106.43341064453125,close,41,2025-11-16T22:17:47.981812,my_hand_data\videos\close_seq41_20251116_221745_543075.avi,89.7789619512021,360,90,HIGH,VIDEO_RECORDING,2025-11-16T22:17:49.644534
2025-11-16 22:17:47.986931,220,3033,HandType.Right,0.6948772668838501,-199.8081817626953,212.36183166503906,109.7546615600586,-0.10034985840320587,-0.9906573295593262,0.09234710782766342,2.264601469039917,7.140434265136719,1.0415003299713135,0.9657155871391296,1.0,15.355319023132324,0,0,0,0,0,-221.9775848388672,169.52267456054688,101.71025848388672,-236.59173583984375,167.86595153808594,106.44640350341797,close,41,2025-11-16T22:17:47.986931,my_hand_data\videos\close_seq41_20251116_221745_543075.avi,89.7789619512021,360,90,HIGH,VIDEO_RECORDING,2025-11-16T22:17:49.644534
2025-11-16 22:17:48.002163,221,3033,HandType.Right,0.6946542859077454,-199.79054260253906,212.46038818359375,109.7354736328125,-0.10081718116998672,-0.9906210899353027,0.09222649782896042,1.5857257843017578,8.86233901977539,-1.7254102230072021,0.9697969555854797,1.0,15.283470153808594,0,0,0,0,0,-222.03306579589844,169.67135620117188,101.69585418701172,-236.5779571533203,168.05313110351562,106.4338150024414,close,41,2025-11-16T22:17:48.002163,my_hand_data\videos\close_seq41_20251116_221745_543075.avi,89.7789619512021,360,90,HIGH,VIDEO_RECORDING,2025-11-16T22:17:49.644534
2025-11-16 22:17:48.012693,222,3033,HandType.Right,0.6944536566734314,-199.77171325683594,212.54685974121094,109.72810363769531,-0.10081327706575394,-0.9906691312789917,0.09171322733163834,1.7081588506698608,7.840928554534912,-0.6685742735862732,0.9729816317558289,1.0,15.274933815002441,0,0,0,0,0,-222.02432250976562,169.79074096679688,101.67219543457031,-236.56808471679688,168.1916961669922,106.38959503173828,close,41,2025-11-16T22:17:48.012693,my_hand_data\videos\close_seq41_20251116_221745_543075.avi,89.7789619512021,360,90,HIGH,VIDEO_RECORDING,2025-11-16T22:17:49.644534
2025-11-16 22:17:48.022595,223,3033,HandType.Right,0.6942890882492065,-199.7561492919922,212.59010314941406,109.72782897949219,-0.10041657835245132,-0.9907839298248291,0.09090495109558105,1.3707066774368286,3.8099417686462402,-0.024028612300753593,0.9749277234077454,1.0,15.261059761047363,0,0,0,0,0,-222.0045928955078,169.8760223388672,101.62115478515625,-236.52239990234375,168.26222229003906,106.37721252441406,close,41,2025-11-16T22:17:48.022595,my_hand_data\videos\close_seq41_20251116_221745_543075.avi,89.7789619512021,360,90,HIGH,VIDEO_RECORDING,2025-11-16T22:17:49.644534
2025-11-16 22:17:48.042213,224,3033,HandType.Right,0.6941602230072021,-199.59800720214844,212.49957275390625,109.65773010253906,-0.09996155649423599,-0.9908880591392517,0.09026927500963211,7.4956488609313965,-6.800243377685547,-5.320776462554932,0.9807817339897156,1.0,14.997576713562012,0,0,0,0,0,-221.88055419921875,170.0125274658203,101.52882385253906,-236.0836639404297,168.3253936767578,106.39399719238281,close,41,2025-11-16T22:17:48.042213,my_hand_data\videos\close_seq41_20251116_221745_543075.avi,89.7789619512021,360,90,HIGH,VIDEO_RECORDING,2025-11-16T22:17:49.644534
2025-11-16 22:17:48.042213,225,3033,HandType.Right,0.6941602230072021,-199.59800720214844,212.49957275390625,109.65773010253906,-0.09996155649423599,-0.9908880591392517,0.09026927500963211,7.4956488609313965,-6.800243377685547,-5.320776462554932,0.9807817339897156,1.0,14.997576713562012,0,0,0,0,0,-221.88055419921875,170.0125274658203,101.52882385253906,-236.0836639404297,168.3253936767578,106.39399719238281,close,41,2025-11-16T22:17:48.042213,my_hand_data\videos\close_seq41_20251116_221745_543075.avi,89.7789619512021,360,90,HIGH,VIDEO_RECORDING,2025-11-16T22:17:49.644534
2025-11-16 22:17:48.062290,226,3033,HandType.Right,0.6944096088409424,-199.60203552246094,212.48838806152344,109.59809875488281,-0.099875807762146,-0.9909245371818542,0.0899634137749672,-0.3568075895309448,-0.9915943145751953,-5.28239107131958,0.9882939457893372,1.0,14.802027702331543,0,0,0,0,0,-221.9094696044922,170.18453979492188,101.47701263427734,-235.86769104003906,168.42259216308594,106.44685363769531,close,41,2025-11-16T22:17:48.062290,my_hand_data\videos\close_seq41_20251116_221745_543075.avi,89.7789619512021,360,90,HIGH,VIDEO_RECORDING,2025-11-16T22:17:49.644534
2025-11-16 22:17:48.065728,227,3033,HandType.Right,0.6944096088409424,-199.60203552246094,212.48838806152344,109.59809875488281,-0.099875807762146,-0.9909245371818542,0.0899634137749672,-0.3568075895309448,-0.9915943145751953,-5.28239107131958,0.9882939457893372,1.0,14.802027702331543,0,0,0,0,0,-221.9094696044922,170.18453979492188,101.47701263427734,-235.86769104003906,168.42259216308594,106.44685363769531,close,41,2025-11-16T22:17:48.065728,my_hand_data\videos\close_seq41_20251116_221745_543075.avi,89.7789619512021,360,90,HIGH,VIDEO_RECORDING,2025-11-16T22:17:49.644534
2025-11-16 22:17:48.082955,228,3033,HandType.Right,0.6943460702896118,-199.64346313476562,212.42495727539062,109.52569580078125,-0.09921673685312271,-0.9910939335823059,0.08881942927837372,-4.367990493774414,-0.26729145646095276,-1.4351571798324585,1.0,1.0,14.231710433959961,0,0,0,0,0,-221.89935302734375,170.27696228027344,101.3276138305664,-235.15396118164062,168.5790252685547,106.72345733642578,close,41,2025-11-16T22:17:48.082955,my_hand_data\videos\close_seq41_20251116_221745_543075.avi,89.7789619512021,360,90,HIGH,VIDEO_RECORDING,2025-11-16T22:17:49.644534
2025-11-16 22:17:48.093366,229,3033,HandType.Right,0.6946412324905396,-199.67843627929688,212.46022033691406,109.52806091308594,-0.09901641309261322,-0.9911879301071167,0.08799023181200027,-3.1703901290893555,3.1961541175842285,0.21440912783145905,1.0,1.0,13.945677757263184,0,0,0,0,0,-222.0650634765625,170.48550415039062,101.32737731933594,-234.96737670898438,168.76527404785156,106.8517074584961,close,41,2025-11-16T22:17:48.093366,my_hand_data\videos\close_seq41_20251116_221745_543075.avi,89.7789619512021,360,90,HIGH,VIDEO_RECORDING,2025-11-16T22:17:49.644534
2025-11-16 22:17:48.103106,230,3033,HandType.Right,0.6950554847717285,-199.71759033203125,212.51112365722656,109.4958724975586,-0.09887174516916275,-0.9912275075912476,0.08770613372325897,-3.5286738872528076,4.586979389190674,-2.9017417430877686,1.0,1.0,13.765329360961914,0,0,0,0,0,-222.07049560546875,170.55990600585938,101.29472351074219,-234.75814819335938,168.9065399169922,106.95773315429688,close,41,2025-11-16T22:17:48.103106,my_hand_data\videos\close_seq41_20251116_221745_543075.avi,89.7789619512021,360,90,HIGH,VIDEO_RECORDING,2025-11-16T22:17:49.644534
2025-11-16 22:17:48.113183,231,3033,HandType.Right,0.6955362558364868,-199.7686767578125,212.57000732421875,109.43517303466797,-0.0988292545080185,-0.9912605881690979,0.08737954497337341,-4.487661838531494,5.173375129699707,-5.331963062286377,1.0,1.0,13.518117904663086,0,0,0,0,0,-222.1004180908203,170.67660522460938,101.24507141113281,-234.48699951171875,169.0810546875,107.07976531982422,close,41,2025-11-16T22:17:48.113183,my_hand_data\videos\close_seq41_20251116_221745_543075.avi,89.7789619512021,360,90,HIGH,VIDEO_RECORDING,2025-11-16T22:17:49.644534
2025-11-16 22:17:48.123519,232,3033,HandType.Right,0.6951523423194885,-199.81275939941406,212.6544952392578,109.39842987060547,-0.0988399088382721,-0.9913081526756287,0.08682657033205032,-4.070937633514404,7.801381587982178,-3.3929481506347656,1.0,1.0,13.438240051269531,0,0,0,0,0,-222.06707763671875,170.76876831054688,101.17265319824219,-234.3491973876953,169.24978637695312,107.13623046875,close,41,2025-11-16T22:17:48.123519,my_hand_data\videos\close_seq41_20251116_221745_543075.avi,89.7789619512021,360,90,HIGH,VIDEO_RECORDING,2025-11-16T22:17:49.644534
2025-11-16 22:17:48.133760,233,3033,HandType.Right,0.6954089403152466,-199.89767456054688,212.7445526123047,109.34905242919922,-0.09863428771495819,-0.9913650751113892,0.08640960603952408,-7.551308631896973,8.009172439575195,-4.390955448150635,1.0,1.0,13.200736999511719,0,0,0,0,0,-222.29734802246094,171.11534118652344,101.09580993652344,-234.2534942626953,169.4447784423828,107.13395690917969,close,41,2025-11-16T22:17:48.133760,my_hand_data\videos\close_seq41_20251116_221745_543075.avi,89.7789619512021,360,90,HIGH,VIDEO_RECORDING,2025-11-16T22:17:49.644534
2025-11-16 22:17:48.143894,234,3033,HandType.Right,0.6957454085350037,-200.0191192626953,212.8682403564453,109.3299789428711,-0.09836576879024506,-0.9914494752883911,0.08574417233467102,-11.113709449768066,11.319592475891113,-1.7457093000411987,1.0,1.0,12.875906944274902,0,0,0,0,0,-222.52310180664062,171.36827087402344,101.03790283203125,-234.0452423095703,169.6724395751953,107.27656555175781,close,41,2025-11-16T22:17:48.143894,my_hand_data\videos\close_seq41_20251116_221745_543075.avi,89.7789619512021,360,90,HIGH,VIDEO_RECORDING,2025-11-16T22:17:49.644534
2025-11-16 22:17:48.164608,235,3033,HandType.Right,0.6963256001472473,-200.2022705078125,213.0229949951172,109.28275299072266,-0.09782560169696808,-0.9915933609008789,0.0846918597817421,-6.904416084289551,7.250596523284912,-1.0255017280578613,1.0,1.0,12.58498764038086,0,0,0,0,0,-222.765869140625,171.71243286132812,100.89087677001953,-233.77838134765625,169.92628479003906,107.57206726074219,close,41,2025-11-16T22:17:48.164608,my_hand_data\videos\close_seq41_20251116_221745_543075.avi,89.7789619512021,360,90,HIGH,VIDEO_RECORDING,2025-11-16T22:17:49.644534
2025-11-16 22:17:48.169095,236,3033,HandType.Right,0.6963256001472473,-200.2022705078125,213.0229949951172,109.28275299072266,-0.09782560169696808,-0.9915933609008789,0.0846918597817421,-6.904416084289551,7.250596523284912,-1.0255017280578613,1.0,1.0,12.58498764038086,0,0,0,0,0,-222.765869140625,171.71243286132812,100.89087677001953,-233.77838134765625,169.92628479003906,107.57206726074219,close,41,2025-11-16T22:17:48.169095,my_hand_data\videos\close_seq41_20251116_221745_543075.avi,89.7789619512021,360,90,HIGH,VIDEO_RECORDING,2025-11-16T22:17:49.644534
2025-11-16 22:17:48.184678,237,3033,HandType.Right,0.6962562203407288,-200.3084716796875,213.03529357910156,109.19173431396484,-0.09626322984695435,-0.9919173121452332,0.08266446739435196,-1.3361504077911377,-6.112749099731445,-4.816561222076416,1.0,1.0,11.974237442016602,0,0,0,0,0,-222.70703125,171.7451171875,100.64203643798828,-232.8135986328125,170.12417602539062,108.069091796875,close,41,2025-11-16T22:17:48.184678,my_hand_data\videos\close_seq41_20251116_221745_543075.avi,89.7789619512021,360,90,HIGH,VIDEO_RECORDING,2025-11-16T22:17:49.644534
2025-11-16 22:17:48.189968,238,3033,HandType.Right,0.6962562203407288,-200.3084716796875,213.03529357910156,109.19173431396484,-0.09626322984695435,-0.9919173121452332,0.08266446739435196,-1.3361504077911377,-6.112749099731445,-4.816561222076416,1.0,1.0,11.974237442016602,0,0,0,0,0,-222.70703125,171.7451171875,100.64203643798828,-232.8135986328125,170.12417602539062,108.069091796875,close,41,2025-11-16T22:17:48.189968,my_hand_data\videos\close_seq41_20251116_221745_543075.avi,89.7789619512021,360,90,HIGH,VIDEO_RECORDING,2025-11-16T22:17:49.644534
2025-11-16 22:17:48.205537,239,3033,HandType.Right,0.6968590021133423,-200.3480987548828,212.7969512939453,109.05220031738281,-0.09329267591238022,-0.9924622178077698,0.0794682651758194,-4.181774139404297,-7.888543128967285,-5.1550397872924805,1.0,1.0,11.651195526123047,0,0,0,0,0,-222.0448760986328,171.2197723388672,100.36559295654297,-231.6103057861328,170.06527709960938,108.7756118774414,close,41,2025-11-16T22:17:48.205537,my_hand_data\videos\close_seq41_20251116_221745_543075.avi,89.7789619512021,360,90,HIGH,VIDEO_RECORDING,2025-11-16T22:17:49.644534
2025-11-16 22:17:48.209139,240,3033,HandType.Right,0.6968590021133423,-200.3480987548828,212.7969512939453,109.05220031738281,-0.09329267591238022,-0.9924622178077698,0.0794682651758194,-4.181774139404297,-7.888543128967285,-5.1550397872924805,1.0,1.0,11.651195526123047,0,0,0,0,0,-222.0448760986328,171.2197723388672,100.36559295654297,-231.6103057861328,170.06527709960938,108.7756118774414,close,41,2025-11-16T22:17:48.209139,my_hand_data\videos\close_seq41_20251116_221745_543075.avi,89.7789619512021,360,90,HIGH,VIDEO_RECORDING,2025-11-16T22:17:49.644534
2025-11-16 22:17:48.226311,241,3033,HandType.Right,0.6976184248924255,-200.37374877929688,212.75650024414062,108.99424743652344,-0.09284507483243942,-0.992612898349762,0.07809914648532867,-2.2704102993011475,-3.5801219940185547,-5.128808975219727,1.0,1.0,11.411783218383789,0,0,0,0,0,-221.70391845703125,170.82901000976562,100.2225570678711,-231.0148162841797,170.1770782470703,109.17723846435547,close,41,2025-11-16T22:17:48.226311,my_hand_data\videos\close_seq41_20251116_221745_543075.avi,89.7789619512021,360,90,HIGH,VIDEO_RECORDING,2025-11-16T22:17:49.644534
2025-11-16 22:17:48.226311,242,3033,HandType.Right,0.6989309191703796,-200.43931579589844,212.7528076171875,108.97388458251953,-0.0921773910522461,-0.9928233623504639,0.07619114965200424,-5.912574291229248,-0.3327724039554596,-1.8362396955490112,1.0,1.0,11.352367401123047,0,0,0,0,0,-221.38323974609375,170.49063110351562,100.10250854492188,-230.66900634765625,170.24008178710938,109.4527816772461,close,41,2025-11-16T22:17:48.226311,my_hand_data\videos\close_seq41_20251116_221745_543075.avi,89.7789619512021,360,90,HIGH,VIDEO_RECORDING,2025-11-16T22:17:49.644534
2025-11-16 22:17:48.246805,243,3033,HandType.Right,0.6998640894889832,-200.46051025390625,212.72732543945312,108.95598602294922,-0.09158763289451599,-0.9929459691047668,0.07529982924461365,-1.8988828659057617,-2.2832229137420654,-1.6033700704574585,1.0,1.0,11.263640403747559,0,0,0,0,0,-221.0533447265625,170.20669555664062,100.04194641113281,-230.27691650390625,170.27503967285156,109.74747467041016,close,41,2025-11-16T22:17:48.246805,my_hand_data\videos\close_seq41_20251116_221745_543075.avi,89.7789619512021,360,90,HIGH,VIDEO_RECORDING,2025-11-16T22:17:49.644534
2025-11-16 22:17:48.256979,244,3033,HandType.Right,0.7005826830863953,-200.49058532714844,212.66729736328125,108.95375061035156,-0.09066130220890045,-0.9931038618087769,0.07433163374662399,-2.680588960647583,-5.349623680114746,-0.19909648597240448,1.0,1.0,11.11111068725586,0,0,0,0,0,-220.73712158203125,169.92575073242188,100.01860809326172,-229.8381805419922,170.31655883789062,110.04109954833984,close,41,2025-11-16T22:17:48.256979,my_hand_data\videos\close_seq41_20251116_221745_543075.avi,89.7789619512021,360,90,HIGH,VIDEO_RECORDING,2025-11-16T22:17:49.644534
2025-11-16 22:17:48.266617,245,3033,HandType.Right,0.701451301574707,-200.5787811279297,212.59677124023438,108.96971130371094,-0.08946458250284195,-0.9932830929756165,0.07338088005781174,-8.072661399841309,-6.455372333526611,1.4611904621124268,1.0,1.0,10.84203815460205,0,0,0,0,0,-220.6043701171875,169.7010498046875,99.99942779541016,-229.3936004638672,170.36911010742188,110.36851501464844,close,41,2025-11-16T22:17:48.266617,my_hand_data\videos\close_seq41_20251116_221745_543075.avi,89.7789619512021,360,90,HIGH,VIDEO_RECORDING,2025-11-16T22:17:49.644534
2025-11-16 22:17:48.286474,246,3033,HandType.Right,0.7030882239341736,-200.7953338623047,212.40884399414062,108.99878692626953,-0.08820900321006775,-0.9934378266334534,0.07280457019805908,-13.613539695739746,-6.159834861755371,3.4704482555389404,1.0,1.0,10.203574180603027,0,0,0,0,0,-220.58900451660156,169.32177734375,99.9684829711914,-228.48643493652344,170.6105499267578,111.29962158203125,close,41,2025-11-16T22:17:48.286474,my_hand_data\videos\close_seq41_20251116_221745_543075.avi,89.7789619512021,360,90,HIGH,VIDEO_RECORDING,2025-11-16T22:17:49.644534
2025-11-16 22:17:48.291618,247,3033,HandType.Right,0.7030882239341736,-200.7953338623047,212.40884399414062,108.99878692626953,-0.08820900321006775,-0.9934378266334534,0.07280457019805908,-13.613539695739746,-6.159834861755371,3.4704482555389404,1.0,1.0,10.203574180603027,0,0,0,0,0,-220.58900451660156,169.32177734375,99.9684829711914,-228.48643493652344,170.6105499267578,111.29962158203125,close,41,2025-11-16T22:17:48.291618,my_hand_data\videos\close_seq41_20251116_221745_543075.avi,89.7789619512021,360,90,HIGH,VIDEO_RECORDING,2025-11-16T22:17:49.644534
2025-11-16 22:17:48.307309,248,3033,HandType.Right,0.7049500346183777,-200.79141235351562,212.40377807617188,109.01972198486328,-0.08935391157865524,-0.9933398962020874,0.07274433225393295,3.2129032611846924,-0.7794171571731567,-1.0680005550384521,1.0,1.0,9.260162353515625,0,0,0,0,0,-221.04823303222656,169.4391632080078,100.20829772949219,-227.72900390625,171.26795959472656,112.0311279296875,close,41,2025-11-16T22:17:48.307309,my_hand_data\videos\close_seq41_20251116_221745_543075.avi,89.7789619512021,360,90,HIGH,VIDEO_RECORDING,2025-11-16T22:17:49.644534
2025-11-16 22:17:48.308383,249,3033,HandType.Right,0.7049500346183777,-200.79141235351562,212.40377807617188,109.01972198486328,-0.08935391157865524,-0.9933398962020874,0.07274433225393295,3.2129032611846924,-0.7794171571731567,-1.0680005550384521,1.0,1.0,9.260162353515625,0,0,0,0,0,-221.04823303222656,169.4391632080078,100.20829772949219,-227.72900390625,171.26795959472656,112.0311279296875,close,41,2025-11-16T22:17:48.308383,my_hand_data\videos\close_seq41_20251116_221745_543075.avi,89.7789619512021,360,90,HIGH,VIDEO_RECORDING,2025-11-16T22:17:49.644534
2025-11-16 22:17:48.327503,250,3033,HandType.Right,0.7059282064437866,-200.7733154296875,212.3352813720703,109.012939453125,-0.08925189822912216,-0.9933650493621826,0.0725255161523819,1.6287705898284912,-6.16403341293335,-0.6103349924087524,1.0,1.0,8.91848373413086,0,0,0,0,0,-221.02261352539062,169.4129180908203,100.26482391357422,-227.23568725585938,171.41429138183594,112.27971649169922,close,41,2025-11-16T22:17:48.327503,my_hand_data\videos\close_seq41_20251116_221745_543075.avi,89.7789619512021,360,90,HIGH,VIDEO_RECORDING,2025-11-16T22:17:49.644534
2025-11-16 22:17:48.337956,251,3033,HandType.Right,0.7063755989074707,-200.66781616210938,212.1876678466797,108.93426513671875,-0.08948378264904022,-0.9933017492294312,0.0731046125292778,9.390586853027344,-13.138487815856934,-7.002312183380127,1.0,1.0,8.60942554473877,0,0,0,0,0,-220.908447265625,169.29090881347656,100.28955841064453,-226.724853515625,171.53366088867188,112.5031967163086,close,41,2025-11-16T22:17:48.337956,my_hand_data\videos\close_seq41_20251116_221745_543075.avi,89.7789619512021,360,90,HIGH,VIDEO_RECORDING,2025-11-16T22:17:49.644534
2025-11-16 22:17:48.348009,252,3033,HandType.Right,0.7070155739784241,-200.60870361328125,212.1242218017578,108.86585235595703,-0.09018892794847488,-0.9931838512420654,0.07383638620376587,5.325856685638428,-5.7165141105651855,-6.164483547210693,1.0,1.0,8.22663402557373,0,0,0,0,0,-220.92369079589844,169.25572204589844,100.40148162841797,-226.3065643310547,171.7980194091797,112.72386169433594,close,41,2025-11-16T22:17:48.348009,my_hand_data\videos\close_seq41_20251116_221745_543075.avi,89.7789619512021,360,90,HIGH,VIDEO_RECORDING,2025-11-16T22:17:49.644534
2025-11-16 22:17:48.358442,253,3033,HandType.Right,0.7081099152565002,-200.56591796875,212.14451599121094,108.86753845214844,-0.09147019684314728,-0.9930341839790344,0.07427218556404114,3.8914520740509033,1.846057653427124,0.1534232497215271,1.0,1.0,7.989348411560059,0,0,0,0,0,-220.9361114501953,169.29296875,100.54319763183594,-226.02499389648438,172.01475524902344,112.96197509765625,close,41,2025-11-16T22:17:48.358442,my_hand_data\videos\close_seq41_20251116_221745_543075.avi,89.7789619512021,360,90,HIGH,VIDEO_RECORDING,2025-11-16T22:17:49.644534
2025-11-16 22:17:48.368366,254,3033,HandType.Right,0.7087129354476929,-200.5238494873047,212.2242889404297,108.90238952636719,-0.09306725114583969,-0.9928644895553589,0.07455602288246155,3.76602840423584,7.140564918518066,3.1197853088378906,1.0,1.0,7.895140171051025,0,0,0,0,0,-220.8961181640625,169.3466339111328,100.64808654785156,-225.8306121826172,172.18844604492188,113.20972442626953,close,41,2025-11-16T22:17:48.368366,my_hand_data\videos\close_seq41_20251116_221745_543075.avi,89.7789619512021,360,90,HIGH,VIDEO_RECORDING,2025-11-16T22:17:49.644534
2025-11-16 22:17:48.377872,255,3033,HandType.Right,0.7087799310684204,-200.44992065429688,212.29568481445312,108.93354034423828,-0.09442141652107239,-0.9926944375038147,0.07511558383703232,6.62475061416626,6.397706985473633,2.7913010120391846,1.0,1.0,7.710663795471191,0,0,0,0,0,-220.7799530029297,169.2666778564453,100.78553771972656,-225.55690002441406,172.37515258789062,113.41290283203125,close,41,2025-11-16T22:17:48.377872,my_hand_data\videos\close_seq41_20251116_221745_543075.avi,89.7789619512021,360,90,HIGH,VIDEO_RECORDING,2025-11-16T22:17:49.644534
2025-11-16 22:17:48.398461,256,3033,HandType.Right,0.7087931632995605,-200.32899475097656,212.4161834716797,108.99024200439453,-0.09659235924482346,-0.9924339652061462,0.07579376548528671,3.2364938259124756,4.43033504486084,1.598296046257019,1.0,1.0,7.347661972045898,0,0,0,0,0,-220.48402404785156,169.29544067382812,100.91754913330078,-224.85682678222656,172.81785583496094,113.8108139038086,close,41,2025-11-16T22:17:48.398461,my_hand_data\videos\close_seq41_20251116_221745_543075.avi,89.7789619512021,360,90,HIGH,VIDEO_RECORDING,2025-11-16T22:17:49.644534
2025-11-16 22:17:48.398461,257,3033,HandType.Right,0.7087931632995605,-200.32899475097656,212.4161834716797,108.99024200439453,-0.09659235924482346,-0.9924339652061462,0.07579376548528671,3.2364938259124756,4.43033504486084,1.598296046257019,1.0,1.0,7.347661972045898,0,0,0,0,0,-220.48402404785156,169.29544067382812,100.91754913330078,-224.85682678222656,172.81785583496094,113.8108139038086,close,41,2025-11-16T22:17:48.398461,my_hand_data\videos\close_seq41_20251116_221745_543075.avi,89.7789619512021,360,90,HIGH,VIDEO_RECORDING,2025-11-16T22:17:49.644534
2025-11-16 22:17:48.419445,258,3033,HandType.Right,0.7090520858764648,-200.23426818847656,212.47763061523438,109.06336212158203,-0.09756433218717575,-0.9923597574234009,0.07552030682563782,4.38291072845459,0.7369927167892456,3.255678176879883,1.0,1.0,6.871862888336182,0,0,0,0,0,-220.2523193359375,169.3336639404297,101.00411224365234,-224.09373474121094,173.24810791015625,114.10569763183594,close,41,2025-11-16T22:17:48.419445,my_hand_data\videos\close_seq41_20251116_221745_543075.avi,89.7789619512021,360,90,HIGH,VIDEO_RECORDING,2025-11-16T22:17:49.644534
2025-11-16 22:17:48.423558,259,3033,HandType.Right,0.7090520858764648,-200.23426818847656,212.47763061523438,109.06336212158203,-0.09756433218717575,-0.9923597574234009,0.07552030682563782,4.38291072845459,0.7369927167892456,3.255678176879883,1.0,1.0,6.871862888336182,0,0,0,0,0,-220.2523193359375,169.3336639404297,101.00411224365234,-224.09373474121094,173.24810791015625,114.10569763183594,close,41,2025-11-16T22:17:48.423558,my_hand_data\videos\close_seq41_20251116_221745_543075.avi,89.7789619512021,360,90,HIGH,VIDEO_RECORDING,2025-11-16T22:17:49.644534
2025-11-16 22:17:48.439650,260,3033,HandType.Right,0.7097683548927307,-200.13558959960938,212.60775756835938,109.20764923095703,-0.09886529296636581,-0.9921987652778625,0.07594283670186996,6.3932061195373535,5.032438278198242,6.782416820526123,1.0,1.0,6.770507335662842,0,0,0,0,0,-220.15724182128906,169.74864196777344,101.07978057861328,-223.54991149902344,173.6294403076172,114.54795837402344,close,41,2025-11-16T22:17:48.439650,my_hand_data\videos\close_seq41_20251116_221745_543075.avi,89.7789619512021,360,90,HIGH,VIDEO_RECORDING,2025-11-16T22:17:49.644534
2025-11-16 22:17:48.443681,261,3033,HandType.Right,0.7097683548927307,-200.13558959960938,212.60775756835938,109.20764923095703,-0.09886529296636581,-0.9921987652778625,0.07594283670186996,6.3932061195373535,5.032438278198242,6.782416820526123,1.0,1.0,6.770507335662842,0,0,0,0,0,-220.15724182128906,169.74864196777344,101.07978057861328,-223.54991149902344,173.6294403076172,114.54795837402344,close,41,2025-11-16T22:17:48.443681,my_hand_data\videos\close_seq41_20251116_221745_543075.avi,89.7789619512021,360,90,HIGH,VIDEO_RECORDING,2025-11-16T22:17:49.644534
2025-11-16 22:17:48.459775,262,3033,HandType.Right,0.7097683548927307,-200.13558959960938,212.60775756835938,109.20764923095703,-0.09886529296636581,-0.9921987652778625,0.07594283670186996,6.3932061195373535,5.032438278198242,6.782416820526123,1.0,1.0,6.770507335662842,0,0,0,0,0,-220.15724182128906,169.74864196777344,101.07978057861328,-223.54991149902344,173.6294403076172,114.54795837402344,close,41,2025-11-16T22:17:48.459775,my_hand_data\videos\close_seq41_20251116_221745_543075.avi,89.7789619512021,360,90,HIGH,VIDEO_RECORDING,2025-11-16T22:17:49.644534
2025-11-16 22:17:48.469840,263,3033,HandType.Right,0.7097683548927307,-200.13558959960938,212.60775756835938,109.20764923095703,-0.09886529296636581,-0.9921987652778625,0.07594283670186996,6.3932061195373535,5.032438278198242,6.782416820526123,1.0,1.0,6.770507335662842,0,0,0,0,0,-220.15724182128906,169.74864196777344,101.07978057861328,-223.54991149902344,173.6294403076172,114.54795837402344,close,41,2025-11-16T22:17:48.469840,my_hand_data\videos\close_seq41_20251116_221745_543075.avi,89.7789619512021,360,90,HIGH,VIDEO_RECORDING,2025-11-16T22:17:49.644534
2025-11-16 22:17:48.479907,264,3033,HandType.Right,0.7097683548927307,-200.13558959960938,212.60775756835938,109.20764923095703,-0.09886529296636581,-0.9921987652778625,0.07594283670186996,6.3932061195373535,5.032438278198242,6.782416820526123,1.0,1.0,6.770507335662842,0,0,0,0,0,-220.15724182128906,169.74864196777344,101.07978057861328,-223.54991149902344,173.6294403076172,114.54795837402344,close,41,2025-11-16T22:17:48.479907,my_hand_data\videos\close_seq41_20251116_221745_543075.avi,89.7789619512021,360,90,HIGH,VIDEO_RECORDING,2025-11-16T22:17:49.644534
2025-11-16 22:17:48.489966,265,3033,HandType.Right,0.7097683548927307,-200.13558959960938,212.60775756835938,109.20764923095703,-0.09886529296636581,-0.9921987652778625,0.07594283670186996,6.3932061195373535,5.032438278198242,6.782416820526123,1.0,1.0,6.770507335662842,0,0,0,0,0,-220.15724182128906,169.74864196777344,101.07978057861328,-223.54991149902344,173.6294403076172,114.54795837402344,close,41,2025-11-16T22:17:48.489966,my_hand_data\videos\close_seq41_20251116_221745_543075.avi,89.7789619512021,360,90,HIGH,VIDEO_RECORDING,2025-11-16T22:17:49.644534
2025-11-16 22:17:48.500020,266,3033,HandType.Right,0.7097683548927307,-200.13558959960938,212.60775756835938,109.20764923095703,-0.09886529296636581,-0.9921987652778625,0.07594283670186996,6.3932061195373535,5.032438278198242,6.782416820526123,1.0,1.0,6.770507335662842,0,0,0,0,0,-220.15724182128906,169.74864196777344,101.07978057861328,-223.54991149902344,173.6294403076172,114.54795837402344,close,41,2025-11-16T22:17:48.500020,my_hand_data\videos\close_seq41_20251116_221745_543075.avi,89.7789619512021,360,90,HIGH,VIDEO_RECORDING,2025-11-16T22:17:49.644534
2025-11-16 22:17:48.520157,267,3033,HandType.Right,0.7097683548927307,-200.13558959960938,212.60775756835938,109.20764923095703,-0.09886529296636581,-0.9921987652778625,0.07594283670186996,6.3932061195373535,5.032438278198242,6.782416820526123,1.0,1.0,6.770507335662842,0,0,0,0,0,-220.15724182128906,169.74864196777344,101.07978057861328,-223.54991149902344,173.6294403076172,114.54795837402344,close,41,2025-11-16T22:17:48.520157,my_hand_data\videos\close_seq41_20251116_221745_543075.avi,89.7789619512021,360,90,HIGH,VIDEO_RECORDING,2025-11-16T22:17:49.644534
2025-11-16 22:17:48.523687,268,3033,HandType.Right,0.7097683548927307,-200.13558959960938,212.60775756835938,109.20764923095703,-0.09886529296636581,-0.9921987652778625,0.07594283670186996,6.3932061195373535,5.032438278198242,6.782416820526123,1.0,1.0,6.770507335662842,0,0,0,0,0,-220.15724182128906,169.74864196777344,101.07978057861328,-223.54991149902344,173.6294403076172,114.54795837402344,close,41,2025-11-16T22:17:48.523687,my_hand_data\videos\close_seq41_20251116_221745_543075.avi,89.7789619512021,360,90,HIGH,VIDEO_RECORDING,2025-11-16T22:17:49.644534
2025-11-16 22:17:48.539795,269,3033,HandType.Right,0.7097683548927307,-200.13558959960938,212.60775756835938,109.20764923095703,-0.09886529296636581,-0.9921987652778625,0.07594283670186996,6.3932061195373535,5.032438278198242,6.782416820526123,1.0,1.0,6.770507335662842,0,0,0,0,0,-220.15724182128906,169.74864196777344,101.07978057861328,-223.54991149902344,173.6294403076172,114.54795837402344,close,41,2025-11-16T22:17:48.539795,my_hand_data\videos\close_seq41_20251116_221745_543075.avi,89.7789619512021,360,90,HIGH,VIDEO_RECORDING,2025-11-16T22:17:49.644534
2025-11-16 22:17:48.549855,270,3033,HandType.Right,0.7097683548927307,-200.13558959960938,212.60775756835938,109.20764923095703,-0.09886529296636581,-0.9921987652778625,0.07594283670186996,6.3932061195373535,5.032438278198242,6.782416820526123,1.0,1.0,6.770507335662842,0,0,0,0,0,-220.15724182128906,169.74864196777344,101.07978057861328,-223.54991149902344,173.6294403076172,114.54795837402344,close,41,2025-11-16T22:17:48.549855,my_hand_data\videos\close_seq41_20251116_221745_543075.avi,89.7789619512021,360,90,HIGH,VIDEO_RECORDING,2025-11-16T22:17:49.644534
2025-11-16 22:17:48.559930,271,3033,HandType.Right,0.7097683548927307,-200.13558959960938,212.60775756835938,109.20764923095703,-0.09886529296636581,-0.9921987652778625,0.07594283670186996,6.3932061195373535,5.032438278198242,6.782416820526123,1.0,1.0,6.770507335662842,0,0,0,0,0,-220.15724182128906,169.74864196777344,101.07978057861328,-223.54991149902344,173.6294403076172,114.54795837402344,close,41,2025-11-16T22:17:48.559930,my_hand_data\videos\close_seq41_20251116_221745_543075.avi,89.7789619512021,360,90,HIGH,VIDEO_RECORDING,2025-11-16T22:17:49.644534
2025-11-16 22:17:48.569998,272,3033,HandType.Right,0.7097683548927307,-200.13558959960938,212.60775756835938,109.20764923095703,-0.09886529296636581,-0.9921987652778625,0.07594283670186996,6.3932061195373535,5.032438278198242,6.782416820526123,1.0,1.0,6.770507335662842,0,0,0,0,0,-220.15724182128906,169.74864196777344,101.07978057861328,-223.54991149902344,173.6294403076172,114.54795837402344,close,41,2025-11-16T22:17:48.569998,my_hand_data\videos\close_seq41_20251116_221745_543075.avi,89.7789619512021,360,90,HIGH,VIDEO_RECORDING,2025-11-16T22:17:49.644534
2025-11-16 22:17:48.580061,273,3033,HandType.Right,0.7097683548927307,-200.13558959960938,212.60775756835938,109.20764923095703,-0.09886529296636581,-0.9921987652778625,0.07594283670186996,6.3932061195373535,5.032438278198242,6.782416820526123,1.0,1.0,6.770507335662842,0,0,0,0,0,-220.15724182128906,169.74864196777344,101.07978057861328,-223.54991149902344,173.6294403076172,114.54795837402344,close,41,2025-11-16T22:17:48.580061,my_hand_data\videos\close_seq41_20251116_221745_543075.avi,89.7789619512021,360,90,HIGH,VIDEO_RECORDING,2025-11-16T22:17:49.644534
2025-11-16 22:17:48.590128,274,3033,HandType.Right,0.7097683548927307,-200.13558959960938,212.60775756835938,109.20764923095703,-0.09886529296636581,-0.9921987652778625,0.07594283670186996,6.3932061195373535,5.032438278198242,6.782416820526123,1.0,1.0,6.770507335662842,0,0,0,0,0,-220.15724182128906,169.74864196777344,101.07978057861328,-223.54991149902344,173.6294403076172,114.54795837402344,close,41,2025-11-16T22:17:48.590128,my_hand_data\videos\close_seq41_20251116_221745_543075.avi,89.7789619512021,360,90,HIGH,VIDEO_RECORDING,2025-11-16T22:17:49.644534
2025-11-16 22:17:48.599891,275,3033,HandType.Right,0.713816225528717,-198.9662322998047,213.60372924804688,110.25701904296875,-0.10769582539796829,-0.9916576147079468,0.0708288624882698,3.395042657852173,11.014342308044434,10.555310249328613,1.0,1.0,3.9911603927612305,0,0,0,0,0,-219.65316772460938,171.41058349609375,101.94794464111328,-219.5951690673828,177.37879943847656,116.36943054199219,close,41,2025-11-16T22:17:48.599891,my_hand_data\videos\close_seq41_20251116_221745_543075.avi,89.7789619512021,360,90,HIGH,VIDEO_RECORDING,2025-11-16T22:17:49.644534
2025-11-16 22:17:48.619990,276,3033,HandType.Right,0.713816225528717,-198.9662322998047,213.60372924804688,110.25701904296875,-0.10769582539796829,-0.9916576147079468,0.0708288624882698,3.395042657852173,11.014342308044434,10.555310249328613,1.0,1.0,3.9911603927612305,0,0,0,0,0,-219.65316772460938,171.41058349609375,101.94794464111328,-219.5951690673828,177.37879943847656,116.36943054199219,close,41,2025-11-16T22:17:48.619990,my_hand_data\videos\close_seq41_20251116_221745_543075.avi,89.7789619512021,360,90,HIGH,VIDEO_RECORDING,2025-11-16T22:17:49.644534
2025-11-16 22:17:48.627990,277,3033,HandType.Right,0.7136707305908203,-198.93846130371094,213.9166717529297,110.3602294921875,-0.11026082932949066,-0.9915309548377991,0.0686216726899147,0.6065210700035095,7.117464065551758,-1.6777667999267578,1.0,1.0,3.553781747817993,0,0,0,0,0,-219.4818572998047,171.62942504882812,101.84838104248047,-219.32717895507812,178.34109497070312,116.437744140625,close,41,2025-11-16T22:17:48.627990,my_hand_data\videos\close_seq41_20251116_221745_543075.avi,89.7789619512021,360,90,HIGH,VIDEO_RECORDING,2025-11-16T22:17:49.644534
2025-11-16 22:17:48.634042,278,3033,HandType.Right,0.7137637734413147,-198.9466094970703,213.95947265625,110.3194808959961,-0.11042718589305878,-0.9915452003479004,0.0681464821100235,-0.7159853577613831,3.7576870918273926,-3.576986789703369,1.0,1.0,3.4270458221435547,0,0,0,0,0,-219.3485870361328,171.6515655517578,101.73796844482422,-219.1782989501953,178.58346557617188,116.41717529296875,close,41,2025-11-16T22:17:48.634042,my_hand_data\videos\close_seq41_20251116_221745_543075.avi,89.7789619512021,360,90,HIGH,VIDEO_RECORDING,2025-11-16T22:17:49.644534
2025-11-16 22:17:48.650149,279,3033,HandType.Right,0.7137539982795715,-198.92874145507812,214.01036071777344,110.2813949584961,-0.11071902513504028,-0.9915509819984436,0.06758657097816467,1.630503535270691,4.643125057220459,-3.475170612335205,1.0,1.0,3.342970371246338,0,0,0,0,0,-219.2017059326172,171.65054321289062,101.57148742675781,-219.05381774902344,178.79518127441406,116.38671875,close,41,2025-11-16T22:17:48.650149,my_hand_data\videos\close_seq41_20251116_221745_543075.avi,89.7789619512021,360,90,HIGH,VIDEO_RECORDING,2025-11-16T22:17:49.644534
2025-11-16 22:17:48.660219,280,3033,HandType.Right,0.7145220637321472,-198.8965301513672,214.05990600585938,110.23280334472656,-0.11120854318141937,-0.9914976358413696,0.06756549328565598,2.9176511764526367,4.486546516418457,-4.400445461273193,1.0,1.0,3.1839263439178467,0,0,0,0,0,-219.17019653320312,171.6966552734375,101.51631927490234,-218.85740661621094,179.0255584716797,116.42059326171875,close,41,2025-11-16T22:17:48.660219,my_hand_data\videos\close_seq41_20251116_221745_543075.avi,89.7789619512021,360,90,HIGH,VIDEO_RECORDING,2025-11-16T22:17:49.644534
2025-11-16 22:17:48.670275,281,3033,HandType.Right,0.7145220637321472,-198.8965301513672,214.05990600585938,110.23280334472656,-0.11120854318141937,-0.9914976358413696,0.06756549328565598,2.9176511764526367,4.486546516418457,-4.400445461273193,1.0,1.0,3.1839263439178467,0,0,0,0,0,-219.17019653320312,171.6966552734375,101.51631927490234,-218.85740661621094,179.0255584716797,116.42059326171875,close,41,2025-11-16T22:17:48.670275,my_hand_data\videos\close_seq41_20251116_221745_543075.avi,89.7789619512021,360,90,HIGH,VIDEO_RECORDING,2025-11-16T22:17:49.644534
2025-11-16 22:17:48.680334,282,3033,HandType.Right,0.7145220637321472,-198.8965301513672,214.05990600585938,110.23280334472656,-0.11120854318141937,-0.9914976358413696,0.06756549328565598,2.9176511764526367,4.486546516418457,-4.400445461273193,1.0,1.0,3.1839263439178467,0,0,0,0,0,-219.17019653320312,171.6966552734375,101.51631927490234,-218.85740661621094,179.0255584716797,116.42059326171875,close,41,2025-11-16T22:17:48.680334,my_hand_data\videos\close_seq41_20251116_221745_543075.avi,89.7789619512021,360,90,HIGH,VIDEO_RECORDING,2025-11-16T22:17:49.644534
2025-11-16 22:17:48.690396,283,3033,HandType.Right,0.7145220637321472,-198.8965301513672,214.05990600585938,110.23280334472656,-0.11120854318141937,-0.9914976358413696,0.06756549328565598,2.9176511764526367,4.486546516418457,-4.400445461273193,1.0,1.0,3.1839263439178467,0,0,0,0,0,-219.17019653320312,171.6966552734375,101.51631927490234,-218.85740661621094,179.0255584716797,116.42059326171875,close,41,2025-11-16T22:17:48.690396,my_hand_data\videos\close_seq41_20251116_221745_543075.avi,89.7789619512021,360,90,HIGH,VIDEO_RECORDING,2025-11-16T22:17:49.644534
2025-11-16 22:17:48.700458,284,3033,HandType.Right,0.7145220637321472,-198.8965301513672,214.05990600585938,110.23280334472656,-0.11120854318141937,-0.9914976358413696,0.06756549328565598,2.9176511764526367,4.486546516418457,-4.400445461273193,1.0,1.0,3.1839263439178467,0,0,0,0,0,-219.17019653320312,171.6966552734375,101.51631927490234,-218.85740661621094,179.0255584716797,116.42059326171875,close,41,2025-11-16T22:17:48.700458,my_hand_data\videos\close_seq41_20251116_221745_543075.avi,89.7789619512021,360,90,HIGH,VIDEO_RECORDING,2025-11-16T22:17:49.644534
2025-11-16 22:17:48.710513,285,3033,HandType.Right,0.7145220637321472,-198.8965301513672,214.05990600585938,110.23280334472656,-0.11120854318141937,-0.9914976358413696,0.06756549328565598,2.9176511764526367,4.486546516418457,-4.400445461273193,1.0,1.0,3.1839263439178467,0,0,0,0,0,-219.17019653320312,171.6966552734375,101.51631927490234,-218.85740661621094,179.0255584716797,116.42059326171875,close,41,2025-11-16T22:17:48.710513,my_hand_data\videos\close_seq41_20251116_221745_543075.avi,89.7789619512021,360,90,HIGH,VIDEO_RECORDING,2025-11-16T22:17:49.644534
2025-11-16 22:17:48.730135,286,3033,HandType.Right,0.7145220637321472,-198.8965301513672,214.05990600585938,110.23280334472656,-0.11120854318141937,-0.9914976358413696,0.06756549328565598,2.9176511764526367,4.486546516418457,-4.400445461273193,1.0,1.0,3.1839263439178467,0,0,0,0,0,-219.17019653320312,171.6966552734375,101.51631927490234,-218.85740661621094,179.0255584716797,116.42059326171875,close,41,2025-11-16T22:17:48.730135,my_hand_data\videos\close_seq41_20251116_221745_543075.avi,89.7789619512021,360,90,HIGH,VIDEO_RECORDING,2025-11-16T22:17:49.644534
2025-11-16 22:17:48.734161,287,3033,HandType.Right,0.7145220637321472,-198.8965301513672,214.05990600585938,110.23280334472656,-0.11120854318141937,-0.9914976358413696,0.06756549328565598,2.9176511764526367,4.486546516418457,-4.400445461273193,1.0,1.0,3.1839263439178467,0,0,0,0,0,-219.17019653320312,171.6966552734375,101.51631927490234,-218.85740661621094,179.0255584716797,116.42059326171875,close,41,2025-11-16T22:17:48.734161,my_hand_data\videos\close_seq41_20251116_221745_543075.avi,89.7789619512021,360,90,HIGH,VIDEO_RECORDING,2025-11-16T22:17:49.644534
2025-11-16 22:17:48.750273,288,3033,HandType.Right,0.7145220637321472,-198.8965301513672,214.05990600585938,110.23280334472656,-0.11120854318141937,-0.9914976358413696,0.06756549328565598,2.9176511764526367,4.486546516418457,-4.400445461273193,1.0,1.0,3.1839263439178467,0,0,0,0,0,-219.17019653320312,171.6966552734375,101.51631927490234,-218.85740661621094,179.0255584716797,116.42059326171875,close,41,2025-11-16T22:17:48.750273,my_hand_data\videos\close_seq41_20251116_221745_543075.avi,89.7789619512021,360,90,HIGH,VIDEO_RECORDING,2025-11-16T22:17:49.644534
2025-11-16 22:17:48.760336,289,3033,HandType.Right,0.7145220637321472,-198.8965301513672,214.05990600585938,110.23280334472656,-0.11120854318141937,-0.9914976358413696,0.06756549328565598,2.9176511764526367,4.486546516418457,-4.400445461273193,1.0,1.0,3.1839263439178467,0,0,0,0,0,-219.17019653320312,171.6966552734375,101.51631927490234,-218.85740661621094,179.0255584716797,116.42059326171875,close,41,2025-11-16T22:17:48.760336,my_hand_data\videos\close_seq41_20251116_221745_543075.avi,89.7789619512021,360,90,HIGH,VIDEO_RECORDING,2025-11-16T22:17:49.644534
2025-11-16 22:17:48.770389,290,3033,HandType.Right,0.7145220637321472,-198.8965301513672,214.05990600585938,110.23280334472656,-0.11120854318141937,-0.9914976358413696,0.06756549328565598,2.9176511764526367,4.486546516418457,-4.400445461273193,1.0,1.0,3.1839263439178467,0,0,0,0,0,-219.17019653320312,171.6966552734375,101.51631927490234,-218.85740661621094,179.0255584716797,116.42059326171875,close,41,2025-11-16T22:17:48.770389,my_hand_data\videos\close_seq41_20251116_221745_543075.avi,89.7789619512021,360,90,HIGH,VIDEO_RECORDING,2025-11-16T22:17:49.644534
2025-11-16 22:17:48.780457,291,3033,HandType.Right,0.7145220637321472,-198.8965301513672,214.05990600585938,110.23280334472656,-0.11120854318141937,-0.9914976358413696,0.06756549328565598,2.9176511764526367,4.486546516418457,-4.400445461273193,1.0,1.0,3.1839263439178467,0,0,0,0,0,-219.17019653320312,171.6966552734375,101.51631927490234,-218.85740661621094,179.0255584716797,116.42059326171875,close,41,2025-11-16T22:17:48.780457,my_hand_data\videos\close_seq41_20251116_221745_543075.avi,89.7789619512021,360,90,HIGH,VIDEO_RECORDING,2025-11-16T22:17:49.644534
2025-11-16 22:17:48.790509,292,3033,HandType.Right,0.7145220637321472,-198.8965301513672,214.05990600585938,110.23280334472656,-0.11120854318141937,-0.9914976358413696,0.06756549328565598,2.9176511764526367,4.486546516418457,-4.400445461273193,1.0,1.0,3.1839263439178467,0,0,0,0,0,-219.17019653320312,171.6966552734375,101.51631927490234,-218.85740661621094,179.0255584716797,116.42059326171875,close,41,2025-11-16T22:17:48.790509,my_hand_data\videos\close_seq41_20251116_221745_543075.avi,89.7789619512021,360,90,HIGH,VIDEO_RECORDING,2025-11-16T22:17:49.644534
2025-11-16 22:17:48.800569,293,3033,HandType.Right,0.7145220637321472,-198.8965301513672,214.05990600585938,110.23280334472656,-0.11120854318141937,-0.9914976358413696,0.06756549328565598,2.9176511764526367,4.486546516418457,-4.400445461273193,1.0,1.0,3.1839263439178467,0,0,0,0,0,-219.17019653320312,171.6966552734375,101.51631927490234,-218.85740661621094,179.0255584716797,116.42059326171875,close,41,2025-11-16T22:17:48.800569,my_hand_data\videos\close_seq41_20251116_221745_543075.avi,89.7789619512021,360,90,HIGH,VIDEO_RECORDING,2025-11-16T22:17:49.644534
2025-11-16 22:17:48.810636,294,3033,HandType.Right,0.7145220637321472,-198.8965301513672,214.05990600585938,110.23280334472656,-0.11120854318141937,-0.9914976358413696,0.06756549328565598,2.9176511764526367,4.486546516418457,-4.400445461273193,1.0,1.0,3.1839263439178467,0,0,0,0,0,-219.17019653320312,171.6966552734375,101.51631927490234,-218.85740661621094,179.0255584716797,116.42059326171875,close,41,2025-11-16T22:17:48.810636,my_hand_data\videos\close_seq41_20251116_221745_543075.avi,89.7789619512021,360,90,HIGH,VIDEO_RECORDING,2025-11-16T22:17:49.644534
2025-11-16 22:17:48.830268,295,3033,HandType.Right,0.7145220637321472,-198.8965301513672,214.05990600585938,110.23280334472656,-0.11120854318141937,-0.9914976358413696,0.06756549328565598,2.9176511764526367,4.486546516418457,-4.400445461273193,1.0,1.0,3.1839263439178467,0,0,0,0,0,-219.17019653320312,171.6966552734375,101.51631927490234,-218.85740661621094,179.0255584716797,116.42059326171875,close,41,2025-11-16T22:17:48.830268,my_hand_data\videos\close_seq41_20251116_221745_543075.avi,89.7789619512021,360,90,HIGH,VIDEO_RECORDING,2025-11-16T22:17:49.644534
2025-11-16 22:17:48.834301,296,3033,HandType.Right,0.7145220637321472,-198.8965301513672,214.05990600585938,110.23280334472656,-0.11120854318141937,-0.9914976358413696,0.06756549328565598,2.9176511764526367,4.486546516418457,-4.400445461273193,1.0,1.0,3.1839263439178467,0,0,0,0,0,-219.17019653320312,171.6966552734375,101.51631927490234,-218.85740661621094,179.0255584716797,116.42059326171875,close,41,2025-11-16T22:17:48.834301,my_hand_data\videos\close_seq41_20251116_221745_543075.avi,89.7789619512021,360,90,HIGH,VIDEO_RECORDING,2025-11-16T22:17:49.644534
2025-11-16 22:17:48.850415,297,3033,HandType.Right,0.7145220637321472,-198.8965301513672,214.05990600585938,110.23280334472656,-0.11120854318141937,-0.9914976358413696,0.06756549328565598,2.9176511764526367,4.486546516418457,-4.400445461273193,1.0,1.0,3.1839263439178467,0,0,0,0,0,-219.17019653320312,171.6966552734375,101.51631927490234,-218.85740661621094,179.0255584716797,116.42059326171875,close,41,2025-11-16T22:17:48.850415,my_hand_data\videos\close_seq41_20251116_221745_543075.avi,89.7789619512021,360,90,HIGH,VIDEO_RECORDING,2025-11-16T22:17:49.644534
2025-11-16 22:17:48.860484,298,3033,HandType.Right,0.7145220637321472,-198.8965301513672,214.05990600585938,110.23280334472656,-0.11120854318141937,-0.9914976358413696,0.06756549328565598,2.9176511764526367,4.486546516418457,-4.400445461273193,1.0,1.0,3.1839263439178467,0,0,0,0,0,-219.17019653320312,171.6966552734375,101.51631927490234,-218.85740661621094,179.0255584716797,116.42059326171875,close,41,2025-11-16T22:17:48.860484,my_hand_data\videos\close_seq41_20251116_221745_543075.avi,89.7789619512021,360,90,HIGH,VIDEO_RECORDING,2025-11-16T22:17:49.644534
2025-11-16 22:17:48.870544,299,3033,HandType.Right,0.7145220637321472,-198.8965301513672,214.05990600585938,110.23280334472656,-0.11120854318141937,-0.9914976358413696,0.06756549328565598,2.9176511764526367,4.486546516418457,-4.400445461273193,1.0,1.0,3.1839263439178467,0,0,0,0,0,-219.17019653320312,171.6966552734375,101.51631927490234,-218.85740661621094,179.0255584716797,116.42059326171875,close,41,2025-11-16T22:17:48.870544,my_hand_data\videos\close_seq41_20251116_221745_543075.avi,89.7789619512021,360,90,HIGH,VIDEO_RECORDING,2025-11-16T22:17:49.644534
2025-11-16 22:17:48.882620,300,3033,HandType.Right,0.7145220637321472,-198.8965301513672,214.05990600585938,110.23280334472656,-0.11120854318141937,-0.9914976358413696,0.06756549328565598,2.9176511764526367,4.486546516418457,-4.400445461273193,1.0,1.0,3.1839263439178467,0,0,0,0,0,-219.17019653320312,171.6966552734375,101.51631927490234,-218.85740661621094,179.0255584716797,116.42059326171875,close,41,2025-11-16T22:17:48.882620,my_hand_data\videos\close_seq41_20251116_221745_543075.avi,89.7789619512021,360,90,HIGH,VIDEO_RECORDING,2025-11-16T22:17:49.644534
2025-11-16 22:17:48.888658,301,3033,HandType.Right,0.7145220637321472,-198.8965301513672,214.05990600585938,110.23280334472656,-0.11120854318141937,-0.9914976358413696,0.06756549328565598,2.9176511764526367,4.486546516418457,-4.400445461273193,1.0,1.0,3.1839263439178467,0,0,0,0,0,-219.17019653320312,171.6966552734375,101.51631927490234,-218.85740661621094,179.0255584716797,116.42059326171875,close,41,2025-11-16T22:17:48.888658,my_hand_data\videos\close_seq41_20251116_221745_543075.avi,89.7789619512021,360,90,HIGH,VIDEO_RECORDING,2025-11-16T22:17:49.644534
2025-11-16 22:17:48.900728,302,3033,HandType.Right,0.7145220637321472,-198.8965301513672,214.05990600585938,110.23280334472656,-0.11120854318141937,-0.9914976358413696,0.06756549328565598,2.9176511764526367,4.486546516418457,-4.400445461273193,1.0,1.0,3.1839263439178467,0,0,0,0,0,-219.17019653320312,171.6966552734375,101.51631927490234,-218.85740661621094,179.0255584716797,116.42059326171875,close,41,2025-11-16T22:17:48.900728,my_hand_data\videos\close_seq41_20251116_221745_543075.avi,89.7789619512021,360,90,HIGH,VIDEO_RECORDING,2025-11-16T22:17:49.644534
2025-11-16 22:17:48.910794,303,3033,HandType.Right,0.7145220637321472,-198.8965301513672,214.05990600585938,110.23280334472656,-0.11120854318141937,-0.9914976358413696,0.06756549328565598,2.9176511764526367,4.486546516418457,-4.400445461273193,1.0,1.0,3.1839263439178467,0,0,0,0,0,-219.17019653320312,171.6966552734375,101.51631927490234,-218.85740661621094,179.0255584716797,116.42059326171875,close,41,2025-11-16T22:17:48.910794,my_hand_data\videos\close_seq41_20251116_221745_543075.avi,89.7789619512021,360,90,HIGH,VIDEO_RECORDING,2025-11-16T22:17:49.644534
2025-11-16 22:17:48.922368,304,3033,HandType.Right,0.7145220637321472,-198.8965301513672,214.05990600585938,110.23280334472656,-0.11120854318141937,-0.9914976358413696,0.06756549328565598,2.9176511764526367,4.486546516418457,-4.400445461273193,1.0,1.0,3.1839263439178467,0,0,0,0,0,-219.17019653320312,171.6966552734375,101.51631927490234,-218.85740661621094,179.0255584716797,116.42059326171875,close,41,2025-11-16T22:17:48.922368,my_hand_data\videos\close_seq41_20251116_221745_543075.avi,89.7789619512021,360,90,HIGH,VIDEO_RECORDING,2025-11-16T22:17:49.644534
2025-11-16 22:17:48.940468,305,3033,HandType.Right,0.7145220637321472,-198.8965301513672,214.05990600585938,110.23280334472656,-0.11120854318141937,-0.9914976358413696,0.06756549328565598,2.9176511764526367,4.486546516418457,-4.400445461273193,1.0,1.0,3.1839263439178467,0,0,0,0,0,-219.17019653320312,171.6966552734375,101.51631927490234,-218.85740661621094,179.0255584716797,116.42059326171875,close,41,2025-11-16T22:17:48.940468,my_hand_data\videos\close_seq41_20251116_221745_543075.avi,89.7789619512021,360,90,HIGH,VIDEO_RECORDING,2025-11-16T22:17:49.644534
2025-11-16 22:17:48.944496,306,3033,HandType.Right,0.7145220637321472,-198.8965301513672,214.05990600585938,110.23280334472656,-0.11120854318141937,-0.9914976358413696,0.06756549328565598,2.9176511764526367,4.486546516418457,-4.400445461273193,1.0,1.0,3.1839263439178467,0,0,0,0,0,-219.17019653320312,171.6966552734375,101.51631927490234,-218.85740661621094,179.0255584716797,116.42059326171875,close,41,2025-11-16T22:17:48.944496,my_hand_data\videos\close_seq41_20251116_221745_543075.avi,89.7789619512021,360,90,HIGH,VIDEO_RECORDING,2025-11-16T22:17:49.644534
2025-11-16 22:17:48.960600,307,3033,HandType.Right,0.7145220637321472,-198.8965301513672,214.05990600585938,110.23280334472656,-0.11120854318141937,-0.9914976358413696,0.06756549328565598,2.9176511764526367,4.486546516418457,-4.400445461273193,1.0,1.0,3.1839263439178467,0,0,0,0,0,-219.17019653320312,171.6966552734375,101.51631927490234,-218.85740661621094,179.0255584716797,116.42059326171875,close,41,2025-11-16T22:17:48.960600,my_hand_data\videos\close_seq41_20251116_221745_543075.avi,89.7789619512021,360,90,HIGH,VIDEO_RECORDING,2025-11-16T22:17:49.644534
2025-11-16 22:17:48.970663,308,3033,HandType.Right,0.7145220637321472,-198.8965301513672,214.05990600585938,110.23280334472656,-0.11120854318141937,-0.9914976358413696,0.06756549328565598,2.9176511764526367,4.486546516418457,-4.400445461273193,1.0,1.0,3.1839263439178467,0,0,0,0,0,-219.17019653320312,171.6966552734375,101.51631927490234,-218.85740661621094,179.0255584716797,116.42059326171875,close,41,2025-11-16T22:17:48.970663,my_hand_data\videos\close_seq41_20251116_221745_543075.avi,89.7789619512021,360,90,HIGH,VIDEO_RECORDING,2025-11-16T22:17:49.644534
2025-11-16 22:17:48.980732,309,3033,HandType.Right,0.7145220637321472,-198.8965301513672,214.05990600585938,110.23280334472656,-0.11120854318141937,-0.9914976358413696,0.06756549328565598,2.9176511764526367,4.486546516418457,-4.400445461273193,1.0,1.0,3.1839263439178467,0,0,0,0,0,-219.17019653320312,171.6966552734375,101.51631927490234,-218.85740661621094,179.0255584716797,116.42059326171875,close,41,2025-11-16T22:17:48.980732,my_hand_data\videos\close_seq41_20251116_221745_543075.avi,89.7789619512021,360,90,HIGH,VIDEO_RECORDING,2025-11-16T22:17:49.644534
2025-11-16 22:17:48.990791,310,3033,HandType.Right,0.7145220637321472,-198.8965301513672,214.05990600585938,110.23280334472656,-0.11120854318141937,-0.9914976358413696,0.06756549328565598,2.9176511764526367,4.486546516418457,-4.400445461273193,1.0,1.0,3.1839263439178467,0,0,0,0,0,-219.17019653320312,171.6966552734375,101.51631927490234,-218.85740661621094,179.0255584716797,116.42059326171875,close,41,2025-11-16T22:17:48.990791,my_hand_data\videos\close_seq41_20251116_221745_543075.avi,89.7789619512021,360,90,HIGH,VIDEO_RECORDING,2025-11-16T22:17:49.644534
2025-11-16 22:17:49.000848,311,3033,HandType.Right,0.7145220637321472,-198.8965301513672,214.05990600585938,110.23280334472656,-0.11120854318141937,-0.9914976358413696,0.06756549328565598,2.9176511764526367,4.486546516418457,-4.400445461273193,1.0,1.0,3.1839263439178467,0,0,0,0,0,-219.17019653320312,171.6966552734375,101.51631927490234,-218.85740661621094,179.0255584716797,116.42059326171875,close,41,2025-11-16T22:17:49.000848,my_hand_data\videos\close_seq41_20251116_221745_543075.avi,89.7789619512021,360,90,HIGH,VIDEO_RECORDING,2025-11-16T22:17:49.644534
2025-11-16 22:17:49.010925,312,3033,HandType.Right,0.7145220637321472,-198.8965301513672,214.05990600585938,110.23280334472656,-0.11120854318141937,-0.9914976358413696,0.06756549328565598,2.9176511764526367,4.486546516418457,-4.400445461273193,1.0,1.0,3.1839263439178467,0,0,0,0,0,-219.17019653320312,171.6966552734375,101.51631927490234,-218.85740661621094,179.0255584716797,116.42059326171875,close,41,2025-11-16T22:17:49.010925,my_hand_data\videos\close_seq41_20251116_221745_543075.avi,89.7789619512021,360,90,HIGH,VIDEO_RECORDING,2025-11-16T22:17:49.644534
2025-11-16 22:17:49.020997,313,3033,HandType.Right,0.7145220637321472,-198.8965301513672,214.05990600585938,110.23280334472656,-0.11120854318141937,-0.9914976358413696,0.06756549328565598,2.9176511764526367,4.486546516418457,-4.400445461273193,1.0,1.0,3.1839263439178467,0,0,0,0,0,-219.17019653320312,171.6966552734375,101.51631927490234,-218.85740661621094,179.0255584716797,116.42059326171875,close,41,2025-11-16T22:17:49.020997,my_hand_data\videos\close_seq41_20251116_221745_543075.avi,89.7789619512021,360,90,HIGH,VIDEO_RECORDING,2025-11-16T22:17:49.644534
2025-11-16 22:17:49.040620,314,3033,HandType.Right,0.7195869088172913,-198.09584045410156,211.7086181640625,110.94164276123047,-0.1243663802742958,-0.9889423251152039,0.08078397810459137,-12.824634552001953,-0.4143832325935364,16.796648025512695,1.0,1.0,4.0214314460754395,0,0,0,0,0,-220.92196655273438,175.3079833984375,102.97596740722656,-216.5386962890625,179.17601013183594,118.96190643310547,close,41,2025-11-16T22:17:49.040620,my_hand_data\videos\close_seq41_20251116_221745_543075.avi,89.7789619512021,360,90,HIGH,VIDEO_RECORDING,2025-11-16T22:17:49.644534
2025-11-16 22:17:49.044645,315,3033,HandType.Right,0.7200350761413574,-198.21514892578125,211.7192840576172,111.13140106201172,-0.12380367517471313,-0.9890350103378296,0.08051329106092453,-10.775251388549805,0.9628773927688599,17.136899948120117,1.0,1.0,4.024715900421143,0,0,0,0,0,-221.18020629882812,175.43898010253906,103.20116424560547,-216.6536865234375,179.13490295410156,119.12349700927734,close,41,2025-11-16T22:17:49.044645,my_hand_data\videos\close_seq41_20251116_221745_543075.avi,89.7789619512021,360,90,HIGH,VIDEO_RECORDING,2025-11-16T22:17:49.644534
2025-11-16 22:17:49.060730,316,3033,HandType.Right,0.7202397584915161,-198.2513885498047,211.53955078125,111.38117980957031,-0.12134230881929398,-0.9895002841949463,0.07851924747228622,-4.694801330566406,-7.530576229095459,15.15761947631836,1.0,1.0,3.9174110889434814,0,0,0,0,0,-222.01446533203125,175.8414764404297,103.57305908203125,-216.58970642089844,178.955078125,119.34894561767578,close,41,2025-11-16T22:17:49.060730,my_hand_data\videos\close_seq41_20251116_221745_543075.avi,89.7789619512021,360,90,HIGH,VIDEO_RECORDING,2025-11-16T22:17:49.644534
2025-11-16 22:17:49.070790,317,3033,HandType.Right,0.7198888659477234,-198.20379638671875,211.47201538085938,111.58216857910156,-0.12095830589532852,-0.9895889163017273,0.0779924988746643,4.187826633453369,-5.941532611846924,17.685331344604492,1.0,1.0,3.9674973487854004,0,0,0,0,0,-222.25367736816406,176.07476806640625,103.83216094970703,-216.48648071289062,178.91534423828125,119.60554504394531,close,41,2025-11-16T22:17:49.070790,my_hand_data\videos\close_seq41_20251116_221745_543075.avi,89.7789619512021,360,90,HIGH,VIDEO_RECORDING,2025-11-16T22:17:49.644534
2025-11-16 22:17:49.076830,318,3033,HandType.Right,0.7198888659477234,-198.20379638671875,211.47201538085938,111.58216857910156,-0.12095830589532852,-0.9895889163017273,0.0779924988746643,4.187826633453369,-5.941532611846924,17.685331344604492,1.0,1.0,3.9674973487854004,0,0,0,0,0,-222.25367736816406,176.07476806640625,103.83216094970703,-216.48648071289062,178.91534423828125,119.60554504394531,close,41,2025-11-16T22:17:49.076830,my_hand_data\videos\close_seq41_20251116_221745_543075.avi,89.7789619512021,360,90,HIGH,VIDEO_RECORDING,2025-11-16T22:17:49.644534
2025-11-16 22:17:49.092935,319,3033,HandType.Right,0.7198888659477234,-198.20379638671875,211.47201538085938,111.58216857910156,-0.12095830589532852,-0.9895889163017273,0.0779924988746643,4.187826633453369,-5.941532611846924,17.685331344604492,1.0,1.0,3.9674973487854004,0,0,0,0,0,-222.25367736816406,176.07476806640625,103.83216094970703,-216.48648071289062,178.91534423828125,119.60554504394531,close,41,2025-11-16T22:17:49.092935,my_hand_data\videos\close_seq41_20251116_221745_543075.avi,89.7789619512021,360,90,HIGH,VIDEO_RECORDING,2025-11-16T22:17:49.644534
2025-11-16 22:17:49.100985,320,3033,HandType.Right,0.7198888659477234,-198.20379638671875,211.47201538085938,111.58216857910156,-0.12095830589532852,-0.9895889163017273,0.0779924988746643,4.187826633453369,-5.941532611846924,17.685331344604492,1.0,1.0,3.9674973487854004,0,0,0,0,0,-222.25367736816406,176.07476806640625,103.83216094970703,-216.48648071289062,178.91534423828125,119.60554504394531,close,41,2025-11-16T22:17:49.100985,my_hand_data\videos\close_seq41_20251116_221745_543075.avi,89.7789619512021,360,90,HIGH,VIDEO_RECORDING,2025-11-16T22:17:49.644534
2025-11-16 22:17:49.111057,321,3033,HandType.Right,0.7198888659477234,-198.20379638671875,211.47201538085938,111.58216857910156,-0.12095830589532852,-0.9895889163017273,0.0779924988746643,4.187826633453369,-5.941532611846924,17.685331344604492,1.0,1.0,3.9674973487854004,0,0,0,0,0,-222.25367736816406,176.07476806640625,103.83216094970703,-216.48648071289062,178.91534423828125,119.60554504394531,close,41,2025-11-16T22:17:49.111057,my_hand_data\videos\close_seq41_20251116_221745_543075.avi,89.7789619512021,360,90,HIGH,VIDEO_RECORDING,2025-11-16T22:17:49.644534
2025-11-16 22:17:49.130692,322,3033,HandType.Right,0.7198888659477234,-198.20379638671875,211.47201538085938,111.58216857910156,-0.12095830589532852,-0.9895889163017273,0.0779924988746643,4.187826633453369,-5.941532611846924,17.685331344604492,1.0,1.0,3.9674973487854004,0,0,0,0,0,-222.25367736816406,176.07476806640625,103.83216094970703,-216.48648071289062,178.91534423828125,119.60554504394531,close,41,2025-11-16T22:17:49.130692,my_hand_data\videos\close_seq41_20251116_221745_543075.avi,89.7789619512021,360,90,HIGH,VIDEO_RECORDING,2025-11-16T22:17:49.644534
2025-11-16 22:17:49.134722,323,3033,HandType.Right,0.7198888659477234,-198.20379638671875,211.47201538085938,111.58216857910156,-0.12095830589532852,-0.9895889163017273,0.0779924988746643,4.187826633453369,-5.941532611846924,17.685331344604492,1.0,1.0,3.9674973487854004,0,0,0,0,0,-222.25367736816406,176.07476806640625,103.83216094970703,-216.48648071289062,178.91534423828125,119.60554504394531,close,41,2025-11-16T22:17:49.134722,my_hand_data\videos\close_seq41_20251116_221745_543075.avi,89.7789619512021,360,90,HIGH,VIDEO_RECORDING,2025-11-16T22:17:49.644534
2025-11-16 22:17:49.150819,324,3033,HandType.Right,0.7198888659477234,-198.20379638671875,211.47201538085938,111.58216857910156,-0.12095830589532852,-0.9895889163017273,0.0779924988746643,4.187826633453369,-5.941532611846924,17.685331344604492,1.0,1.0,3.9674973487854004,0,0,0,0,0,-222.25367736816406,176.07476806640625,103.83216094970703,-216.48648071289062,178.91534423828125,119.60554504394531,close,41,2025-11-16T22:17:49.150819,my_hand_data\videos\close_seq41_20251116_221745_543075.avi,89.7789619512021,360,90,HIGH,VIDEO_RECORDING,2025-11-16T22:17:49.644534
2025-11-16 22:17:49.154848,325,3033,HandType.Right,0.7198888659477234,-198.20379638671875,211.47201538085938,111.58216857910156,-0.12095830589532852,-0.9895889163017273,0.0779924988746643,4.187826633453369,-5.941532611846924,17.685331344604492,1.0,1.0,3.9674973487854004,0,0,0,0,0,-222.25367736816406,176.07476806640625,103.83216094970703,-216.48648071289062,178.91534423828125,119.60554504394531,close,41,2025-11-16T22:17:49.154848,my_hand_data\videos\close_seq41_20251116_221745_543075.avi,89.7789619512021,360,90,HIGH,VIDEO_RECORDING,2025-11-16T22:17:49.644534
2025-11-16 22:17:49.170964,326,3033,HandType.Right,0.7198888659477234,-198.20379638671875,211.47201538085938,111.58216857910156,-0.12095830589532852,-0.9895889163017273,0.0779924988746643,4.187826633453369,-5.941532611846924,17.685331344604492,1.0,1.0,3.9674973487854004,0,0,0,0,0,-222.25367736816406,176.07476806640625,103.83216094970703,-216.48648071289062,178.91534423828125,119.60554504394531,close,41,2025-11-16T22:17:49.170964,my_hand_data\videos\close_seq41_20251116_221745_543075.avi,89.7789619512021,360,90,HIGH,VIDEO_RECORDING,2025-11-16T22:17:49.644534
2025-11-16 22:17:49.181022,327,3033,HandType.Right,0.7198888659477234,-198.20379638671875,211.47201538085938,111.58216857910156,-0.12095830589532852,-0.9895889163017273,0.0779924988746643,4.187826633453369,-5.941532611846924,17.685331344604492,1.0,1.0,3.9674973487854004,0,0,0,0,0,-222.25367736816406,176.07476806640625,103.83216094970703,-216.48648071289062,178.91534423828125,119.60554504394531,close,41,2025-11-16T22:17:49.181022,my_hand_data\videos\close_seq41_20251116_221745_543075.avi,89.7789619512021,360,90,HIGH,VIDEO_RECORDING,2025-11-16T22:17:49.644534
2025-11-16 22:17:49.191081,328,3033,HandType.Right,0.7198888659477234,-198.20379638671875,211.47201538085938,111.58216857910156,-0.12095830589532852,-0.9895889163017273,0.0779924988746643,4.187826633453369,-5.941532611846924,17.685331344604492,1.0,1.0,3.9674973487854004,0,0,0,0,0,-222.25367736816406,176.07476806640625,103.83216094970703,-216.48648071289062,178.91534423828125,119.60554504394531,close,41,2025-11-16T22:17:49.191081,my_hand_data\videos\close_seq41_20251116_221745_543075.avi,89.7789619512021,360,90,HIGH,VIDEO_RECORDING,2025-11-16T22:17:49.644534
2025-11-16 22:17:49.201155,329,3033,HandType.Right,0.7198888659477234,-198.20379638671875,211.47201538085938,111.58216857910156,-0.12095830589532852,-0.9895889163017273,0.0779924988746643,4.187826633453369,-5.941532611846924,17.685331344604492,1.0,1.0,3.9674973487854004,0,0,0,0,0,-222.25367736816406,176.07476806640625,103.83216094970703,-216.48648071289062,178.91534423828125,119.60554504394531,close,41,2025-11-16T22:17:49.201155,my_hand_data\videos\close_seq41_20251116_221745_543075.avi,89.7789619512021,360,90,HIGH,VIDEO_RECORDING,2025-11-16T22:17:49.644534
2025-11-16 22:17:49.211202,330,3033,HandType.Right,0.7198888659477234,-198.20379638671875,211.47201538085938,111.58216857910156,-0.12095830589532852,-0.9895889163017273,0.0779924988746643,4.187826633453369,-5.941532611846924,17.685331344604492,1.0,1.0,3.9674973487854004,0,0,0,0,0,-222.25367736816406,176.07476806640625,103.83216094970703,-216.48648071289062,178.91534423828125,119.60554504394531,close,41,2025-11-16T22:17:49.211202,my_hand_data\videos\close_seq41_20251116_221745_543075.avi,89.7789619512021,360,90,HIGH,VIDEO_RECORDING,2025-11-16T22:17:49.644534
2025-11-16 22:17:49.230836,331,3033,HandType.Right,0.7197205424308777,-193.5550537109375,211.84393310546875,112.32925415039062,-0.15321102738380432,-0.9814010858535767,0.11566464602947235,33.55720901489258,-1.0214624404907227,-4.81240701675415,1.0,1.0,3.3267555236816406,0,0,0,0,0,-221.53250122070312,179.37132263183594,106.06787872314453,-212.4541473388672,181.1864471435547,121.48282623291016,close,41,2025-11-16T22:17:49.230836,my_hand_data\videos\close_seq41_20251116_221745_543075.avi,89.7789619512021,360,90,HIGH,VIDEO_RECORDING,2025-11-16T22:17:49.644534
2025-11-16 22:17:49.234868,332,3033,HandType.Right,0.7197205424308777,-193.5550537109375,211.84393310546875,112.32925415039062,-0.15321102738380432,-0.9814010858535767,0.11566464602947235,33.55720901489258,-1.0214624404907227,-4.81240701675415,1.0,1.0,3.3267555236816406,0,0,0,0,0,-221.53250122070312,179.37132263183594,106.06787872314453,-212.4541473388672,181.1864471435547,121.48282623291016,close,41,2025-11-16T22:17:49.234868,my_hand_data\videos\close_seq41_20251116_221745_543075.avi,89.7789619512021,360,90,HIGH,VIDEO_RECORDING,2025-11-16T22:17:49.644534
2025-11-16 22:17:49.250997,333,3033,HandType.Right,0.7198612689971924,-193.0847930908203,211.75685119628906,112.35669708251953,-0.1558683067560196,-0.980658769607544,0.11837838590145111,13.383085250854492,-0.4827982485294342,9.332635879516602,1.0,1.0,3.386326313018799,0,0,0,0,0,-221.43869018554688,179.80369567871094,106.17445373535156,-212.07582092285156,181.25706481933594,121.53246307373047,close,41,2025-11-16T22:17:49.250997,my_hand_data\videos\close_seq41_20251116_221745_543075.avi,89.7789619512021,360,90,HIGH,VIDEO_RECORDING,2025-11-16T22:17:49.644534
2025-11-16 22:17:49.257051,334,3033,HandType.Right,0.7198050618171692,-192.99493408203125,211.6662139892578,112.42334747314453,-0.1564272940158844,-0.980401337146759,0.11976510286331177,7.771187782287598,-7.838778495788574,5.764147758483887,1.0,1.0,3.50826358795166,0,0,0,0,0,-221.4871368408203,180.02178955078125,106.24958801269531,-211.97984313964844,181.28758239746094,121.66279602050781,close,41,2025-11-16T22:17:49.257051,my_hand_data\videos\close_seq41_20251116_221745_543075.avi,89.7789619512021,360,90,HIGH,VIDEO_RECORDING,2025-11-16T22:17:49.644534
2025-11-16 22:17:49.271164,335,3033,HandType.Right,0.7198050618171692,-192.99493408203125,211.6662139892578,112.42334747314453,-0.1564272940158844,-0.980401337146759,0.11976510286331177,7.771187782287598,-7.838778495788574,5.764147758483887,1.0,1.0,3.50826358795166,0,0,0,0,0,-221.4871368408203,180.02178955078125,106.24958801269531,-211.97984313964844,181.28758239746094,121.66279602050781,close,41,2025-11-16T22:17:49.271164,my_hand_data\videos\close_seq41_20251116_221745_543075.avi,89.7789619512021,360,90,HIGH,VIDEO_RECORDING,2025-11-16T22:17:49.644534
2025-11-16 22:17:49.281237,336,3033,HandType.Right,0.7198050618171692,-192.99493408203125,211.6662139892578,112.42334747314453,-0.1564272940158844,-0.980401337146759,0.11976510286331177,7.771187782287598,-7.838778495788574,5.764147758483887,1.0,1.0,3.50826358795166,0,0,0,0,0,-221.4871368408203,180.02178955078125,106.24958801269531,-211.97984313964844,181.28758239746094,121.66279602050781,close,41,2025-11-16T22:17:49.281237,my_hand_data\videos\close_seq41_20251116_221745_543075.avi,89.7789619512021,360,90,HIGH,VIDEO_RECORDING,2025-11-16T22:17:49.644534
2025-11-16 22:17:49.291308,337,3033,HandType.Right,0.7198050618171692,-192.99493408203125,211.6662139892578,112.42334747314453,-0.1564272940158844,-0.980401337146759,0.11976510286331177,7.771187782287598,-7.838778495788574,5.764147758483887,1.0,1.0,3.50826358795166,0,0,0,0,0,-221.4871368408203,180.02178955078125,106.24958801269531,-211.97984313964844,181.28758239746094,121.66279602050781,close,41,2025-11-16T22:17:49.291308,my_hand_data\videos\close_seq41_20251116_221745_543075.avi,89.7789619512021,360,90,HIGH,VIDEO_RECORDING,2025-11-16T22:17:49.644534
2025-11-16 22:17:49.301381,338,3033,HandType.Right,0.7198050618171692,-192.99493408203125,211.6662139892578,112.42334747314453,-0.1564272940158844,-0.980401337146759,0.11976510286331177,7.771187782287598,-7.838778495788574,5.764147758483887,1.0,1.0,3.50826358795166,0,0,0,0,0,-221.4871368408203,180.02178955078125,106.24958801269531,-211.97984313964844,181.28758239746094,121.66279602050781,close,41,2025-11-16T22:17:49.301381,my_hand_data\videos\close_seq41_20251116_221745_543075.avi,89.7789619512021,360,90,HIGH,VIDEO_RECORDING,2025-11-16T22:17:49.644534
2025-11-16 22:17:49.311457,339,3033,HandType.Right,0.7198050618171692,-192.99493408203125,211.6662139892578,112.42334747314453,-0.1564272940158844,-0.980401337146759,0.11976510286331177,7.771187782287598,-7.838778495788574,5.764147758483887,1.0,1.0,3.50826358795166,0,0,0,0,0,-221.4871368408203,180.02178955078125,106.24958801269531,-211.97984313964844,181.28758239746094,121.66279602050781,close,41,2025-11-16T22:17:49.311457,my_hand_data\videos\close_seq41_20251116_221745_543075.avi,89.7789619512021,360,90,HIGH,VIDEO_RECORDING,2025-11-16T22:17:49.644534
2025-11-16 22:17:49.321532,340,3033,HandType.Right,0.7198050618171692,-192.99493408203125,211.6662139892578,112.42334747314453,-0.1564272940158844,-0.980401337146759,0.11976510286331177,7.771187782287598,-7.838778495788574,5.764147758483887,1.0,1.0,3.50826358795166,0,0,0,0,0,-221.4871368408203,180.02178955078125,106.24958801269531,-211.97984313964844,181.28758239746094,121.66279602050781,close,41,2025-11-16T22:17:49.321532,my_hand_data\videos\close_seq41_20251116_221745_543075.avi,89.7789619512021,360,90,HIGH,VIDEO_RECORDING,2025-11-16T22:17:49.644534
2025-11-16 22:17:49.333120,341,3033,HandType.Right,0.7198050618171692,-192.99493408203125,211.6662139892578,112.42334747314453,-0.1564272940158844,-0.980401337146759,0.11976510286331177,7.771187782287598,-7.838778495788574,5.764147758483887,1.0,1.0,3.50826358795166,0,0,0,0,0,-221.4871368408203,180.02178955078125,106.24958801269531,-211.97984313964844,181.28758239746094,121.66279602050781,close,41,2025-11-16T22:17:49.333120,my_hand_data\videos\close_seq41_20251116_221745_543075.avi,89.7789619512021,360,90,HIGH,VIDEO_RECORDING,2025-11-16T22:17:49.644534
2025-11-16 22:17:49.351261,342,3033,HandType.Right,0.7165106534957886,-192.71163940429688,211.89161682128906,114.03056335449219,-0.17149722576141357,-0.9773969054222107,0.12362851947546005,-7.733833312988281,9.355599403381348,29.995384216308594,1.0,1.0,3.7004547119140625,0,0,0,0,0,-222.06890869140625,181.4429473876953,107.8387680053711,-212.0006561279297,182.32261657714844,123.46070861816406,close,41,2025-11-16T22:17:49.351261,my_hand_data\videos\close_seq41_20251116_221745_543075.avi,89.7789619512021,360,90,HIGH,VIDEO_RECORDING,2025-11-16T22:17:49.644534
2025-11-16 22:17:49.355935,343,3033,HandType.Right,0.7162249684333801,-192.7046356201172,211.9495391845703,114.35682678222656,-0.17487065494060516,-0.9766521453857422,0.12478315085172653,0.6261618137359619,5.181036472320557,29.18279266357422,1.0,1.0,3.7189748287200928,0,0,0,0,0,-222.05328369140625,181.55418395996094,108.13011169433594,-212.1498565673828,182.51547241210938,123.78925323486328,close,41,2025-11-16T22:17:49.355935,my_hand_data\videos\close_seq41_20251116_221745_543075.avi,89.7789619512021,360,90,HIGH,VIDEO_RECORDING,2025-11-16T22:17:49.644534
2025-11-16 22:17:49.371765,344,3033,HandType.Right,0.7155258655548096,-192.54681396484375,211.84361267089844,114.94632720947266,-0.1805805265903473,-0.9753312468528748,0.12696310877799988,8.221288681030273,-10.413026809692383,26.6485652923584,1.0,1.0,3.8761448860168457,0,0,0,0,0,-222.01394653320312,181.80628967285156,108.65049743652344,-212.23219299316406,182.6840057373047,124.41511535644531,close,41,2025-11-16T22:17:49.371765,my_hand_data\videos\close_seq41_20251116_221745_543075.avi,89.7789619512021,360,90,HIGH,VIDEO_RECORDING,2025-11-16T22:17:49.644534
2025-11-16 22:17:49.381827,345,3033,HandType.Right,0.7155258655548096,-192.54681396484375,211.84361267089844,114.94632720947266,-0.1805805265903473,-0.9753312468528748,0.12696310877799988,8.221288681030273,-10.413026809692383,26.6485652923584,1.0,1.0,3.8761448860168457,0,0,0,0,0,-222.01394653320312,181.80628967285156,108.65049743652344,-212.23219299316406,182.6840057373047,124.41511535644531,close,41,2025-11-16T22:17:49.381827,my_hand_data\videos\close_seq41_20251116_221745_543075.avi,89.7789619512021,360,90,HIGH,VIDEO_RECORDING,2025-11-16T22:17:49.644534
2025-11-16 22:17:49.392277,346,3033,HandType.Right,0.7153664231300354,-192.52978515625,211.77053833007812,115.29944610595703,-0.1827753484249115,-0.9748813509941101,0.12727749347686768,1.5173933506011963,-6.514278411865234,31.483715057373047,1.0,1.0,3.947065830230713,0,0,0,0,0,-222.21290588378906,182.0633544921875,108.97308349609375,-212.2545928955078,182.7665252685547,124.78125762939453,close,41,2025-11-16T22:17:49.392277,my_hand_data\videos\close_seq41_20251116_221745_543075.avi,89.7789619512021,360,90,HIGH,VIDEO_RECORDING,2025-11-16T22:17:49.644534
2025-11-16 22:17:49.402340,347,3033,HandType.Right,0.7153608798980713,-192.54176330566406,211.7437744140625,115.5452651977539,-0.186481311917305,-0.9739875793457031,0.1287359893321991,-1.0800734758377075,-2.415134906768799,22.17528533935547,1.0,1.0,3.8956620693206787,0,0,0,0,0,-222.5143280029297,182.45034790039062,109.28105163574219,-212.41818237304688,182.98876953125,125.04041290283203,close,41,2025-11-16T22:17:49.402340,my_hand_data\videos\close_seq41_20251116_221745_543075.avi,89.7789619512021,360,90,HIGH,VIDEO_RECORDING,2025-11-16T22:17:49.644534
2025-11-16 22:17:49.412413,348,3033,HandType.Right,0.7149472236633301,-192.53140258789062,211.6785125732422,115.71080780029297,-0.18943805992603302,-0.973220705986023,0.1302100270986557,0.9560415744781494,-6.020957946777344,15.274670600891113,1.0,1.0,3.8785479068756104,0,0,0,0,0,-222.79156494140625,182.9351806640625,109.51993560791016,-212.4661865234375,183.11099243164062,125.26163482666016,close,41,2025-11-16T22:17:49.412413,my_hand_data\videos\close_seq41_20251116_221745_543075.avi,89.7789619512021,360,90,HIGH,VIDEO_RECORDING,2025-11-16T22:17:49.644534
2025-11-16 22:17:49.422493,349,3033,HandType.Right,0.7132665514945984,-192.46522521972656,211.6621551513672,115.88349914550781,-0.19408920407295227,-0.9720105528831482,0.13238173723220825,6.0559611320495605,-1.4975199699401855,15.804167747497559,1.0,1.0,3.8208932876586914,0,0,0,0,0,-223.1205291748047,183.3634490966797,109.82745361328125,-212.6269073486328,183.2379150390625,125.4630126953125,close,41,2025-11-16T22:17:49.422493,my_hand_data\videos\close_seq41_20251116_221745_543075.avi,89.7789619512021,360,90,HIGH,VIDEO_RECORDING,2025-11-16T22:17:49.644534
2025-11-16 22:17:49.442887,350,3033,HandType.Right,0.7117689251899719,-192.4539031982422,211.55828857421875,116.04003143310547,-0.19880123436450958,-0.9704388976097107,0.13684456050395966,0.9914410710334778,-9.089181900024414,13.697948455810547,1.0,1.0,3.84591007232666,0,0,0,0,0,-223.36363220214844,183.77828979492188,110.1447525024414,-212.8536376953125,183.48065185546875,125.72297668457031,close,41,2025-11-16T22:17:49.442887,my_hand_data\videos\close_seq41_20251116_221745_543075.avi,89.7789619512021,360,90,HIGH,VIDEO_RECORDING,2025-11-16T22:17:49.644534
2025-11-16 22:17:49.446911,351,3033,HandType.Right,0.7117689251899719,-192.4539031982422,211.55828857421875,116.04003143310547,-0.19880123436450958,-0.9704388976097107,0.13684456050395966,0.9914410710334778,-9.089181900024414,13.697948455810547,1.0,1.0,3.84591007232666,0,0,0,0,0,-223.36363220214844,183.77828979492188,110.1447525024414,-212.8536376953125,183.48065185546875,125.72297668457031,close,41,2025-11-16T22:17:49.446911,my_hand_data\videos\close_seq41_20251116_221745_543075.avi,89.7789619512021,360,90,HIGH,VIDEO_RECORDING,2025-11-16T22:17:49.644534
2025-11-16 22:17:49.463010,352,3033,HandType.Right,0.7117689251899719,-192.4539031982422,211.55828857421875,116.04003143310547,-0.19880123436450958,-0.9704388976097107,0.13684456050395966,0.9914410710334778,-9.089181900024414,13.697948455810547,1.0,1.0,3.84591007232666,0,0,0,0,0,-223.36363220214844,183.77828979492188,110.1447525024414,-212.8536376953125,183.48065185546875,125.72297668457031,close,41,2025-11-16T22:17:49.463010,my_hand_data\videos\close_seq41_20251116_221745_543075.avi,89.7789619512021,360,90,HIGH,VIDEO_RECORDING,2025-11-16T22:17:49.644534
2025-11-16 22:17:49.467034,353,3033,HandType.Right,0.7117689251899719,-192.4539031982422,211.55828857421875,116.04003143310547,-0.19880123436450958,-0.9704388976097107,0.13684456050395966,0.9914410710334778,-9.089181900024414,13.697948455810547,1.0,1.0,3.84591007232666,0,0,0,0,0,-223.36363220214844,183.77828979492188,110.1447525024414,-212.8536376953125,183.48065185546875,125.72297668457031,close,41,2025-11-16T22:17:49.467034,my_hand_data\videos\close_seq41_20251116_221745_543075.avi,89.7789619512021,360,90,HIGH,VIDEO_RECORDING,2025-11-16T22:17:49.644534
2025-11-16 22:17:49.483134,354,3033,HandType.Right,0.7117689251899719,-192.4539031982422,211.55828857421875,116.04003143310547,-0.19880123436450958,-0.9704388976097107,0.13684456050395966,0.9914410710334778,-9.089181900024414,13.697948455810547,1.0,1.0,3.84591007232666,0,0,0,0,0,-223.36363220214844,183.77828979492188,110.1447525024414,-212.8536376953125,183.48065185546875,125.72297668457031,close,41,2025-11-16T22:17:49.483134,my_hand_data\videos\close_seq41_20251116_221745_543075.avi,89.7789619512021,360,90,HIGH,VIDEO_RECORDING,2025-11-16T22:17:49.644534
2025-11-16 22:17:49.487159,355,3033,HandType.Right,0.7117689251899719,-192.4539031982422,211.55828857421875,116.04003143310547,-0.19880123436450958,-0.9704388976097107,0.13684456050395966,0.9914410710334778,-9.089181900024414,13.697948455810547,1.0,1.0,3.84591007232666,0,0,0,0,0,-223.36363220214844,183.77828979492188,110.1447525024414,-212.8536376953125,183.48065185546875,125.72297668457031,close,41,2025-11-16T22:17:49.487159,my_hand_data\videos\close_seq41_20251116_221745_543075.avi,89.7789619512021,360,90,HIGH,VIDEO_RECORDING,2025-11-16T22:17:49.644534
2025-11-16 22:17:49.503255,356,3033,HandType.Right,0.7117689251899719,-192.4539031982422,211.55828857421875,116.04003143310547,-0.19880123436450958,-0.9704388976097107,0.13684456050395966,0.9914410710334778,-9.089181900024414,13.697948455810547,1.0,1.0,3.84591007232666,0,0,0,0,0,-223.36363220214844,183.77828979492188,110.1447525024414,-212.8536376953125,183.48065185546875,125.72297668457031,close,41,2025-11-16T22:17:49.503255,my_hand_data\videos\close_seq41_20251116_221745_543075.avi,89.7789619512021,360,90,HIGH,VIDEO_RECORDING,2025-11-16T22:17:49.644534
2025-11-16 22:17:49.513324,357,3033,HandType.Right,0.7117689251899719,-192.4539031982422,211.55828857421875,116.04003143310547,-0.19880123436450958,-0.9704388976097107,0.13684456050395966,0.9914410710334778,-9.089181900024414,13.697948455810547,1.0,1.0,3.84591007232666,0,0,0,0,0,-223.36363220214844,183.77828979492188,110.1447525024414,-212.8536376953125,183.48065185546875,125.72297668457031,close,41,2025-11-16T22:17:49.513324,my_hand_data\videos\close_seq41_20251116_221745_543075.avi,89.7789619512021,360,90,HIGH,VIDEO_RECORDING,2025-11-16T22:17:49.644534
2025-11-16 22:17:49.529425,358,3033,HandType.Right,0.7117689251899719,-192.4539031982422,211.55828857421875,116.04003143310547,-0.19880123436450958,-0.9704388976097107,0.13684456050395966,0.9914410710334778,-9.089181900024414,13.697948455810547,1.0,1.0,3.84591007232666,0,0,0,0,0,-223.36363220214844,183.77828979492188,110.1447525024414,-212.8536376953125,183.48065185546875,125.72297668457031,close,41,2025-11-16T22:17:49.529425,my_hand_data\videos\close_seq41_20251116_221745_543075.avi,89.7789619512021,360,90,HIGH,VIDEO_RECORDING,2025-11-16T22:17:49.644534
2025-11-16 22:17:49.534000,359,3033,HandType.Right,0.7117689251899719,-192.4539031982422,211.55828857421875,116.04003143310547,-0.19880123436450958,-0.9704388976097107,0.13684456050395966,0.9914410710334778,-9.089181900024414,13.697948455810547,1.0,1.0,3.84591007232666,0,0,0,0,0,-223.36363220214844,183.77828979492188,110.1447525024414,-212.8536376953125,183.48065185546875,125.72297668457031,close,41,2025-11-16T22:17:49.534000,my_hand_data\videos\close_seq41_20251116_221745_543075.avi,89.7789619512021,360,90,HIGH,VIDEO_RECORDING,2025-11-16T22:17:49.644534
2025-11-16 22:17:49.549857,360,3033,HandType.Right,0.7117689251899719,-192.4539031982422,211.55828857421875,116.04003143310547,-0.19880123436450958,-0.9704388976097107,0.13684456050395966,0.9914410710334778,-9.089181900024414,13.697948455810547,1.0,1.0,3.84591007232666,0,0,0,0,0,-223.36363220214844,183.77828979492188,110.1447525024414,-212.8536376953125,183.48065185546875,125.72297668457031,close,41,2025-11-16T22:17:49.549857,my_hand_data\videos\close_seq41_20251116_221745_543075.avi,89.7789619512021,360,90,HIGH,VIDEO_RECORDING,2025-11-16T22:17:49.644534
