timestamp,frame_id,hand_id,hand_type,confidence,palm_x,palm_y,palm_z,palm_normal_x,palm_normal_y,palm_normal_z,palm_velocity_x,palm_velocity_y,palm_velocity_z,grab_strength,pinch_strength,pinch_distance,thumb_extended,index_extended,middle_extended,ring_extended,pinky_extended,thumb_tip_x,thumb_tip_y,thumb_tip_z,index_tip_x,index_tip_y,index_tip_z,gesture_type,sequence_id,recording_timestamp,video_file_path,performance_actual_fps,performance_total_frames,performance_target_fps,performance_quality,performance_mode,video_recording_time
2025-11-16 21:41:16.126939,1,2952,HandType.Left,0.7995510101318359,-136.6746826171875,204.2740478515625,3.6619327068328857,-0.06004681438207626,-0.9876631498336792,0.14462323486804962,-13.439833641052246,-13.892179489135742,-5.481066703796387,0.0,0.0,73.76668548583984,0,1,1,1,1,-98.76422882080078,149.44171142578125,41.218807220458984,-53.0643310546875,187.18536376953125,-28.182701110839844,close,4,2025-11-16T21:41:16.126939,my_hand_data\videos\close_seq4_20251116_214116_110468.avi,89.71793130985836,360,90,HIGH,VIDEO_RECORDING,2025-11-16T21:41:20.202094
2025-11-16 21:41:16.130966,2,2952,HandType.Left,0.7993589639663696,-136.84579467773438,204.1194305419922,3.612520694732666,-0.05969000980257988,-0.9876458644866943,0.14488887786865234,-15.113813400268555,-13.657302856445312,-4.364640235900879,0.0,0.0,73.80827331542969,0,1,1,1,1,-98.9093246459961,149.28436279296875,41.18410873413086,-53.27696228027344,187.01589965820312,-28.307233810424805,close,4,2025-11-16T21:41:16.130966,my_hand_data\videos\close_seq4_20251116_214116_110468.avi,89.71793130985836,360,90,HIGH,VIDEO_RECORDING,2025-11-16T21:41:20.202094
2025-11-16 21:41:16.146642,3,2952,HandType.Left,0.7992497682571411,-136.9741973876953,203.93177795410156,3.5544281005859375,-0.05951082706451416,-0.9876300096511841,0.1450706124305725,-11.651568412780762,-17.02704620361328,-5.27108907699585,0.0,0.0,73.83220672607422,0,1,1,1,1,-99.00466918945312,149.08912658691406,41.13053894042969,-53.43565368652344,186.7195281982422,-28.407194137573242,close,4,2025-11-16T21:41:16.146642,my_hand_data\videos\close_seq4_20251116_214116_110468.avi,89.71793130985836,360,90,HIGH,VIDEO_RECORDING,2025-11-16T21:41:20.202094
2025-11-16 21:41:16.156527,4,2952,HandType.Left,0.7993788719177246,-137.08836364746094,203.70989990234375,3.5279533863067627,-0.05882775038480759,-0.9876407384872437,0.14527595043182373,-10.30840015411377,-20.033016204833984,-2.3904900550842285,0.0,0.0,73.8801498413086,0,1,1,1,1,-99.08294677734375,148.8301239013672,41.10498046875,-53.589969635009766,186.4280548095703,-28.498001098632812,close,4,2025-11-16T21:41:16.156527,my_hand_data\videos\close_seq4_20251116_214116_110468.avi,89.71793130985836,360,90,HIGH,VIDEO_RECORDING,2025-11-16T21:41:20.202094
2025-11-16 21:41:16.175635,5,2952,HandType.Left,0.7994169592857361,-137.3713836669922,203.40127563476562,3.406477928161621,-0.05860568955540657,-0.9875622987747192,0.14589741826057434,-12.972363471984863,-13.873461723327637,-5.403096675872803,0.0,0.0,73.90172576904297,0,1,1,1,1,-99.3268051147461,148.47332763671875,40.979801177978516,-53.91738510131836,185.87384033203125,-28.647113800048828,close,4,2025-11-16T21:41:16.175635,my_hand_data\videos\close_seq4_20251116_214116_110468.avi,89.71793130985836,360,90,HIGH,VIDEO_RECORDING,2025-11-16T21:41:20.202094
2025-11-16 21:41:16.179913,6,2952,HandType.Left,0.7994169592857361,-137.3713836669922,203.40127563476562,3.406477928161621,-0.05860568955540657,-0.9875622987747192,0.14589741826057434,-12.972363471984863,-13.873461723327637,-5.403096675872803,0.0,0.0,73.90172576904297,0,1,1,1,1,-99.3268051147461,148.47332763671875,40.979801177978516,-53.91738510131836,185.87384033203125,-28.647113800048828,close,4,2025-11-16T21:41:16.179913,my_hand_data\videos\close_seq4_20251116_214116_110468.avi,89.71793130985836,360,90,HIGH,VIDEO_RECORDING,2025-11-16T21:41:20.202094
2025-11-16 21:41:16.196454,7,2952,HandType.Left,0.7995759844779968,-137.50350952148438,203.32952880859375,3.3408567905426025,-0.059119656682014465,-0.9875214695930481,0.1459665149450302,-11.645476341247559,-6.323524475097656,-5.783631801605225,0.0,0.0,73.85551452636719,0,1,1,1,1,-99.43561553955078,148.41796875,40.88628387451172,-54.0477180480957,185.689697265625,-28.707115173339844,close,4,2025-11-16T21:41:16.196454,my_hand_data\videos\close_seq4_20251116_214116_110468.avi,89.71793130985836,360,90,HIGH,VIDEO_RECORDING,2025-11-16T21:41:20.202094
2025-11-16 21:41:16.200725,8,2952,HandType.Left,0.8003759980201721,-137.61033630371094,203.21180725097656,3.3364319801330566,-0.059068743139505386,-0.9875118732452393,0.14605183899402618,-9.723281860351562,-10.715954780578613,-0.4027649462223053,0.0,0.0,73.80699157714844,0,1,1,1,1,-99.50564575195312,148.3151092529297,40.807926177978516,-54.14915084838867,185.49903869628906,-28.710649490356445,close,4,2025-11-16T21:41:16.200725,my_hand_data\videos\close_seq4_20251116_214116_110468.avi,89.71793130985836,360,90,HIGH,VIDEO_RECORDING,2025-11-16T21:41:20.202094
2025-11-16 21:41:16.216558,9,2952,HandType.Left,0.8009767532348633,-137.6654052734375,203.1042938232422,3.3404977321624756,-0.05904665216803551,-0.9875359535217285,0.1458979845046997,-4.902231216430664,-9.571088790893555,0.3619373142719269,0.0,0.0,73.73519134521484,0,1,1,1,1,-99.53864288330078,148.2462921142578,40.72256851196289,-54.19404983520508,185.30404663085938,-28.68414878845215,close,4,2025-11-16T21:41:16.216558,my_hand_data\videos\close_seq4_20251116_214116_110468.avi,89.71793130985836,360,90,HIGH,VIDEO_RECORDING,2025-11-16T21:41:20.202094
2025-11-16 21:41:16.226128,10,2952,HandType.Left,0.8015464544296265,-137.70103454589844,202.9708709716797,3.3600471019744873,-0.05884493887424469,-0.9875911474227905,0.1456056833267212,-3.200268507003784,-11.98425006866455,1.7559987306594849,0.0,0.0,73.65885162353516,0,1,1,1,1,-99.53744506835938,148.15577697753906,40.65199661254883,-54.22062301635742,185.1035919189453,-28.637815475463867,close,4,2025-11-16T21:41:16.226128,my_hand_data\videos\close_seq4_20251116_214116_110468.avi,89.71793130985836,360,90,HIGH,VIDEO_RECORDING,2025-11-16T21:41:20.202094
2025-11-16 21:41:16.236623,11,2952,HandType.Left,0.8017559051513672,-137.73985290527344,202.8655242919922,3.3829424381256104,-0.058735787868499756,-0.987639307975769,0.14532265067100525,-3.477078914642334,-9.432933807373047,2.0502688884735107,0.0,0.0,73.54366302490234,0,1,1,1,1,-99.5676040649414,148.12652587890625,40.547977447509766,-54.25421905517578,184.87960815429688,-28.585474014282227,close,4,2025-11-16T21:41:16.236623,my_hand_data\videos\close_seq4_20251116_214116_110468.avi,89.71793130985836,360,90,HIGH,VIDEO_RECORDING,2025-11-16T21:41:20.202094
2025-11-16 21:41:16.246241,12,2952,HandType.Left,0.802096426486969,-137.802490234375,202.77557373046875,3.4341585636138916,-0.058806948363780975,-0.9876861572265625,0.14497527480125427,-5.7413411140441895,-8.247288703918457,4.695262432098389,0.0,0.0,73.44009399414062,0,1,1,1,1,-99.6424331665039,148.07571411132812,40.480079650878906,-54.31157302856445,184.5897979736328,-28.48143196105957,close,4,2025-11-16T21:41:16.246241,my_hand_data\videos\close_seq4_20251116_214116_110468.avi,89.71793130985836,360,90,HIGH,VIDEO_RECORDING,2025-11-16T21:41:20.202094
2025-11-16 21:41:16.256634,13,2952,HandType.Left,0.8023855090141296,-137.90017700195312,202.73426818847656,3.5161874294281006,-0.05899841710925102,-0.9877128005027771,0.1447155624628067,-8.878216743469238,-3.7525882720947266,7.454473972320557,0.0,0.0,73.2566146850586,0,1,1,1,1,-99.76546478271484,148.04986572265625,40.34648895263672,-54.39741897583008,184.17051696777344,-28.31247901916504,close,4,2025-11-16T21:41:16.256634,my_hand_data\videos\close_seq4_20251116_214116_110468.avi,89.71793130985836,360,90,HIGH,VIDEO_RECORDING,2025-11-16T21:41:20.202094
2025-11-16 21:41:16.277001,14,2952,HandType.Left,0.8024107217788696,-137.98292541503906,202.6343536376953,3.6865642070770264,-0.05967297405004501,-0.9877465963363647,0.14420753717422485,-2.367342233657837,-6.578744888305664,9.232813835144043,0.0,0.0,73.05530548095703,0,1,1,1,1,-100.04459381103516,147.77117919921875,40.23496627807617,-54.43589401245117,182.91879272460938,-28.030719757080078,close,4,2025-11-16T21:41:16.277001,my_hand_data\videos\close_seq4_20251116_214116_110468.avi,89.71793130985836,360,90,HIGH,VIDEO_RECORDING,2025-11-16T21:41:20.202094
2025-11-16 21:41:16.281345,15,2952,HandType.Left,0.8024107217788696,-137.98292541503906,202.6343536376953,3.6865642070770264,-0.05967297405004501,-0.9877465963363647,0.14420753717422485,-2.367342233657837,-6.578744888305664,9.232813835144043,0.0,0.0,73.05530548095703,0,1,1,1,1,-100.04459381103516,147.77117919921875,40.23496627807617,-54.43589401245117,182.91879272460938,-28.030719757080078,close,4,2025-11-16T21:41:16.281345,my_hand_data\videos\close_seq4_20251116_214116_110468.avi,89.71793130985836,360,90,HIGH,VIDEO_RECORDING,2025-11-16T21:41:20.202094
2025-11-16 21:41:16.297845,16,2952,HandType.Left,0.8025676012039185,-137.98097229003906,202.55551147460938,3.77832293510437,-0.06056009232997894,-0.9876903891563416,0.14422264695167542,0.1731054186820984,-6.986443042755127,8.131744384765625,0.0,0.0,72.94144439697266,0,1,1,1,1,-100.29300689697266,147.57003784179688,40.10853958129883,-54.41874313354492,182.15916442871094,-27.908262252807617,close,4,2025-11-16T21:41:16.297845,my_hand_data\videos\close_seq4_20251116_214116_110468.avi,89.71793130985836,360,90,HIGH,VIDEO_RECORDING,2025-11-16T21:41:20.202094
2025-11-16 21:41:16.301866,17,2952,HandType.Left,0.8024598360061646,-137.97093200683594,202.42239379882812,3.901317834854126,-0.06209944188594818,-0.9876046180725098,0.1441555768251419,0.9169449210166931,-12.1425199508667,11.219104766845703,0.0,0.0,72.7660140991211,0,1,1,1,1,-100.46175384521484,147.2679901123047,39.90924072265625,-54.42516326904297,181.26036071777344,-27.78732681274414,close,4,2025-11-16T21:41:16.301866,my_hand_data\videos\close_seq4_20251116_214116_110468.avi,89.71793130985836,360,90,HIGH,VIDEO_RECORDING,2025-11-16T21:41:20.202094
2025-11-16 21:41:16.317858,18,2952,HandType.Left,0.8021674156188965,-138.00572204589844,202.28622436523438,4.071764945983887,-0.06262601166963577,-0.9875870943069458,0.14404767751693726,-3.131650447845459,-12.256084442138672,15.341775894165039,0.0,0.0,72.60834503173828,0,1,1,1,1,-100.63723754882812,147.0081024169922,39.65943145751953,-54.514163970947266,180.7423858642578,-27.673072814941406,close,4,2025-11-16T21:41:16.317858,my_hand_data\videos\close_seq4_20251116_214116_110468.avi,89.71793130985836,360,90,HIGH,VIDEO_RECORDING,2025-11-16T21:41:20.202094
2025-11-16 21:41:16.320822,19,2952,HandType.Left,0.8016550540924072,-138.05447387695312,202.15235900878906,4.218544960021973,-0.06310198456048965,-0.9875860810279846,0.14384673535823822,-4.379953384399414,-12.025534629821777,13.185422897338867,0.0,0.0,72.39375305175781,0,1,1,1,1,-100.7880630493164,146.81251525878906,39.36406326293945,-54.60208511352539,180.2027587890625,-27.599870681762695,close,4,2025-11-16T21:41:16.320822,my_hand_data\videos\close_seq4_20251116_214116_110468.avi,89.71793130985836,360,90,HIGH,VIDEO_RECORDING,2025-11-16T21:41:20.202094
2025-11-16 21:41:16.338195,20,2952,HandType.Left,0.8016340136528015,-138.05758666992188,202.00946044921875,4.329601287841797,-0.06348171830177307,-0.9876169562339783,0.14346714317798615,-0.28034502267837524,-12.888737678527832,10.016790390014648,0.0,0.0,72.07539367675781,0,1,1,1,1,-100.84458923339844,146.66490173339844,38.928611755371094,-54.67884063720703,179.6527557373047,-27.52114486694336,close,4,2025-11-16T21:41:16.338195,my_hand_data\videos\close_seq4_20251116_214116_110468.avi,89.71793130985836,360,90,HIGH,VIDEO_RECORDING,2025-11-16T21:41:20.202094
2025-11-16 21:41:16.348374,21,2952,HandType.Left,0.801673412322998,-138.05401611328125,201.87818908691406,4.427175521850586,-0.06410103291273117,-0.9876416921615601,0.14302092790603638,0.3223516345024109,-11.860255241394043,8.81508731842041,0.0,0.0,71.74708557128906,0,1,1,1,1,-100.89762878417969,146.52284240722656,38.51679992675781,-54.72761535644531,179.0225067138672,-27.422748565673828,close,4,2025-11-16T21:41:16.348374,my_hand_data\videos\close_seq4_20251116_214116_110468.avi,89.71793130985836,360,90,HIGH,VIDEO_RECORDING,2025-11-16T21:41:20.202094
2025-11-16 21:41:16.357970,22,2952,HandType.Left,0.8012285232543945,-138.02593994140625,201.75588989257812,4.519355297088623,-0.06509600579738617,-0.9877492189407349,0.14182382822036743,2.513278007507324,-10.945244789123535,8.250232696533203,0.0,0.0,71.3654556274414,0,1,1,1,1,-100.91621398925781,146.39337158203125,38.06212615966797,-54.828651428222656,178.28746032714844,-27.303417205810547,close,4,2025-11-16T21:41:16.357970,my_hand_data\videos\close_seq4_20251116_214116_110468.avi,89.71793130985836,360,90,HIGH,VIDEO_RECORDING,2025-11-16T21:41:20.202094
2025-11-16 21:41:16.368189,23,2952,HandType.Left,0.8012285232543945,-138.02593994140625,201.75588989257812,4.519355297088623,-0.06509600579738617,-0.9877492189407349,0.14182382822036743,2.513278007507324,-10.945244789123535,8.250232696533203,0.0,0.0,71.3654556274414,0,1,1,1,1,-100.91621398925781,146.39337158203125,38.06212615966797,-54.828651428222656,178.28746032714844,-27.303417205810547,close,4,2025-11-16T21:41:16.368189,my_hand_data\videos\close_seq4_20251116_214116_110468.avi,89.71793130985836,360,90,HIGH,VIDEO_RECORDING,2025-11-16T21:41:20.202094
2025-11-16 21:41:16.378634,24,2952,HandType.Left,0.7998570799827576,-137.82179260253906,201.5848388671875,4.589877605438232,-0.06632829457521439,-0.9879773855209351,0.13964681327342987,11.853692054748535,-6.783719539642334,-0.3147309720516205,0.0,0.0,70.67164611816406,0,1,1,1,1,-101.0797348022461,146.08131408691406,36.973445892333984,-55.002384185791016,176.921875,-27.186338424682617,close,4,2025-11-16T21:41:16.378634,my_hand_data\videos\close_seq4_20251116_214116_110468.avi,89.71793130985836,360,90,HIGH,VIDEO_RECORDING,2025-11-16T21:41:20.202094
2025-11-16 21:41:16.388683,25,2952,HandType.Left,0.7988536357879639,-137.63096618652344,201.5248565673828,4.5701904296875,-0.06645701080560684,-0.988068163394928,0.1389414221048355,16.962987899780273,-5.331728935241699,-1.7499802112579346,0.0,0.0,70.45661163330078,0,1,1,1,1,-101.25115203857422,145.8780517578125,36.49139404296875,-55.14927291870117,176.14332580566406,-27.194942474365234,close,4,2025-11-16T21:41:16.388683,my_hand_data\videos\close_seq4_20251116_214116_110468.avi,89.71793130985836,360,90,HIGH,VIDEO_RECORDING,2025-11-16T21:41:20.202094
2025-11-16 21:41:16.409331,26,2952,HandType.Left,0.7985468506813049,-137.40126037597656,201.43368530273438,4.486609935760498,-0.06708555668592453,-0.9881471395492554,0.1380753070116043,21.088783264160156,-8.371341705322266,-7.6735687255859375,0.0,0.0,70.17574310302734,0,1,1,1,1,-101.39390563964844,145.80300903320312,36.0163688659668,-55.24813461303711,175.31219482421875,-27.176681518554688,close,4,2025-11-16T21:41:16.409331,my_hand_data\videos\close_seq4_20251116_214116_110468.avi,89.71793130985836,360,90,HIGH,VIDEO_RECORDING,2025-11-16T21:41:20.202094
2025-11-16 21:41:16.415503,27,2952,HandType.Left,0.7985346913337708,-137.22714233398438,201.44000244140625,4.403017044067383,-0.06908906996250153,-0.9883391261100769,0.13569270074367523,15.33517837524414,0.5568886399269104,-7.362414836883545,0.0,0.0,69.87547302246094,0,1,1,1,1,-101.46951293945312,145.83477783203125,35.589820861816406,-55.400936126708984,174.59332275390625,-27.02263069152832,close,4,2025-11-16T21:41:16.415503,my_hand_data\videos\close_seq4_20251116_214116_110468.avi,89.71793130985836,360,90,HIGH,VIDEO_RECORDING,2025-11-16T21:41:20.202094
2025-11-16 21:41:16.429871,28,2952,HandType.Left,0.8001908659934998,-137.181640625,201.46141052246094,4.513612270355225,-0.0713430643081665,-0.9885282516479492,0.1331242173910141,4.1866021156311035,1.9694801568984985,10.174368858337402,0.0,0.0,69.5833740234375,0,1,1,1,1,-101.70391082763672,145.96742248535156,35.316436767578125,-55.605411529541016,174.4541778564453,-26.83721160888672,close,4,2025-11-16T21:41:16.429871,my_hand_data\videos\close_seq4_20251116_214116_110468.avi,89.71793130985836,360,90,HIGH,VIDEO_RECORDING,2025-11-16T21:41:20.202094
2025-11-16 21:41:16.434193,29,2952,HandType.Left,0.8017385601997375,-137.34225463867188,201.5267333984375,4.735069274902344,-0.07486843317747116,-0.9888531565666199,0.12870189547538757,-14.344354629516602,5.833364963531494,19.778240203857422,0.0,0.0,69.14988708496094,0,1,1,1,1,-102.05216979980469,146.08558654785156,34.9766845703125,-55.89769744873047,174.16116333007812,-26.506134033203125,close,4,2025-11-16T21:41:16.434193,my_hand_data\videos\close_seq4_20251116_214116_110468.avi,89.71793130985836,360,90,HIGH,VIDEO_RECORDING,2025-11-16T21:41:20.202094
2025-11-16 21:41:16.450521,30,2952,HandType.Left,0.8021830916404724,-137.42039489746094,201.39312744140625,4.956404209136963,-0.07625588774681091,-0.9890407919883728,0.12642526626586914,-7.0718560218811035,-12.090015411376953,20.02848243713379,0.0,0.0,68.67228698730469,0,1,1,1,1,-102.13264465332031,146.13427734375,34.700965881347656,-56.17997741699219,173.78506469726562,-26.173063278198242,close,4,2025-11-16T21:41:16.450521,my_hand_data\videos\close_seq4_20251116_214116_110468.avi,89.71793130985836,360,90,HIGH,VIDEO_RECORDING,2025-11-16T21:41:20.202094
2025-11-16 21:41:16.457592,31,2952,HandType.Left,0.8019752502441406,-137.4554901123047,201.2335205078125,5.083535671234131,-0.0766930878162384,-0.9892891049385071,0.12419819086790085,-3.150520086288452,-14.329951286315918,11.414202690124512,0.0,0.0,68.25689697265625,0,1,1,1,1,-102.11914825439453,146.24301147460938,34.49103927612305,-56.5767822265625,173.1500701904297,-25.859020233154297,close,4,2025-11-16T21:41:16.457592,my_hand_data\videos\close_seq4_20251116_214116_110468.avi,89.71793130985836,360,90,HIGH,VIDEO_RECORDING,2025-11-16T21:41:20.202094
2025-11-16 21:41:16.470842,32,2952,HandType.Left,0.8006689548492432,-137.40701293945312,201.01351928710938,5.151641368865967,-0.07650469988584518,-0.9895921945571899,0.12187837064266205,4.375027656555176,-19.85367774963379,6.146158218383789,0.0,0.0,67.97356414794922,0,1,1,1,1,-102.03009796142578,146.10214233398438,34.287166595458984,-57.00468444824219,172.17799377441406,-25.64931297302246,close,4,2025-11-16T21:41:16.470842,my_hand_data\videos\close_seq4_20251116_214116_110468.avi,89.71793130985836,360,90,HIGH,VIDEO_RECORDING,2025-11-16T21:41:20.202094
2025-11-16 21:41:16.481182,33,2952,HandType.Left,0.799525797367096,-137.3477783203125,200.81910705566406,5.233773708343506,-0.0749276876449585,-0.989840030670166,0.12084101885557175,5.318841934204102,-17.455806732177734,7.374751091003418,0.0,0.0,67.69139862060547,0,1,1,1,1,-102.09687042236328,145.87545776367188,33.96764373779297,-57.4404296875,170.83645629882812,-25.386749267578125,close,4,2025-11-16T21:41:16.481182,my_hand_data\videos\close_seq4_20251116_214116_110468.avi,89.71793130985836,360,90,HIGH,VIDEO_RECORDING,2025-11-16T21:41:20.202094
2025-11-16 21:41:16.491330,34,2952,HandType.Left,0.7982217669487,-137.35177612304688,200.62982177734375,5.334432601928711,-0.07421397417783737,-0.9900577664375305,0.11949033290147781,-0.34863996505737305,-16.472225189208984,8.759787559509277,0.0,0.0,67.58834838867188,0,1,1,1,1,-102.39241027832031,145.4322967529297,33.777793884277344,-57.97105407714844,169.7269744873047,-25.2352352142334,close,4,2025-11-16T21:41:16.491330,my_hand_data\videos\close_seq4_20251116_214116_110468.avi,89.71793130985836,360,90,HIGH,VIDEO_RECORDING,2025-11-16T21:41:20.202094
2025-11-16 21:41:16.501839,35,2952,HandType.Left,0.7966910600662231,-137.40875244140625,200.5192108154297,5.386919975280762,-0.07436937093734741,-0.9902672171592712,0.1176438108086586,-5.203675270080566,-10.104945182800293,4.794675350189209,0.0,0.0,67.27820587158203,0,1,1,1,1,-102.92414093017578,145.16925048828125,33.10176467895508,-58.866485595703125,168.8252716064453,-25.35696792602539,close,4,2025-11-16T21:41:16.501839,my_hand_data\videos\close_seq4_20251116_214116_110468.avi,89.71793130985836,360,90,HIGH,VIDEO_RECORDING,2025-11-16T21:41:20.202094
2025-11-16 21:41:16.512049,36,2952,HandType.Left,0.7935958504676819,-137.491455078125,200.44345092773438,5.458305835723877,-0.07271445542573929,-0.9907699227333069,0.1144006997346878,-7.216036319732666,-6.610596656799316,6.228607654571533,0.0,0.0,67.2081298828125,0,1,1,1,1,-103.7176513671875,144.9854736328125,32.52574157714844,-60.33039093017578,168.06634521484375,-25.630599975585938,close,4,2025-11-16T21:41:16.512049,my_hand_data\videos\close_seq4_20251116_214116_110468.avi,89.71793130985836,360,90,HIGH,VIDEO_RECORDING,2025-11-16T21:41:20.202094
2025-11-16 21:41:16.521673,37,2952,HandType.Left,0.7928982973098755,-137.42892456054688,200.34866333007812,5.433769226074219,-0.07199976593255997,-0.9913161396980286,0.11003798246383667,5.8034987449646,-8.798240661621094,-2.2776174545288086,0.0,0.0,66.84707641601562,0,1,1,1,1,-104.2567367553711,144.91510009765625,31.444608688354492,-61.76158905029297,167.51568603515625,-26.31886100769043,close,4,2025-11-16T21:41:16.521673,my_hand_data\videos\close_seq4_20251116_214116_110468.avi,89.71793130985836,360,90,HIGH,VIDEO_RECORDING,2025-11-16T21:41:20.202094
2025-11-16 21:41:16.541830,38,2952,HandType.Left,0.792045533657074,-137.3389434814453,200.2088165283203,5.301774978637695,-0.0721886083483696,-0.9915248155593872,0.10801548510789871,8.131270408630371,-12.635737419128418,-11.92680549621582,0.0,0.0,66.204833984375,0,1,1,1,1,-104.7049331665039,144.9037628173828,30.2337646484375,-62.70765686035156,166.70745849609375,-26.44641876220703,close,4,2025-11-16T21:41:16.541830,my_hand_data\videos\close_seq4_20251116_214116_110468.avi,89.71793130985836,360,90,HIGH,VIDEO_RECORDING,2025-11-16T21:41:20.202094
2025-11-16 21:41:16.545864,39,2952,HandType.Left,0.7925836443901062,-137.31358337402344,200.16094970703125,5.136870861053467,-0.0725151002407074,-0.9916890859603882,0.10627473890781403,2.2990646362304688,-4.3410539627075195,-14.953225135803223,0.0,0.0,65.74956512451172,0,1,1,1,1,-105.09036254882812,144.978759765625,29.496925354003906,-63.06013488769531,165.73585510253906,-25.88091278076172,close,4,2025-11-16T21:41:16.545864,my_hand_data\videos\close_seq4_20251116_214116_110468.avi,89.71793130985836,360,90,HIGH,VIDEO_RECORDING,2025-11-16T21:41:20.202094
2025-11-16 21:41:16.562016,40,2952,HandType.Left,0.7937402725219727,-137.3311004638672,200.07643127441406,5.02229118347168,-0.07261016964912415,-0.9918866753578186,0.10434867441654205,-1.5607671737670898,-7.531527042388916,-10.211181640625,0.0,0.0,65.3944091796875,0,1,1,1,1,-105.56743621826172,145.05841064453125,28.969301223754883,-63.40924072265625,165.22705078125,-25.386611938476562,close,4,2025-11-16T21:41:16.562016,my_hand_data\videos\close_seq4_20251116_214116_110468.avi,89.71793130985836,360,90,HIGH,VIDEO_RECORDING,2025-11-16T21:41:20.202094
2025-11-16 21:41:16.565737,41,2952,HandType.Left,0.7937402725219727,-137.3311004638672,200.07643127441406,5.02229118347168,-0.07261016964912415,-0.9918866753578186,0.10434867441654205,-1.5607671737670898,-7.531527042388916,-10.211181640625,0.0,0.0,65.3944091796875,0,1,1,1,1,-105.56743621826172,145.05841064453125,28.969301223754883,-63.40924072265625,165.22705078125,-25.386611938476562,close,4,2025-11-16T21:41:16.565737,my_hand_data\videos\close_seq4_20251116_214116_110468.avi,89.71793130985836,360,90,HIGH,VIDEO_RECORDING,2025-11-16T21:41:20.202094
2025-11-16 21:41:16.582827,42,2952,HandType.Left,0.7931000590324402,-137.51502990722656,199.92381286621094,4.925434112548828,-0.0711258202791214,-0.9923329949378967,0.10107606649398804,-10.368033409118652,-7.221588134765625,-3.5817134380340576,0.0,0.0,64.86773681640625,0,1,1,1,1,-106.68476104736328,145.23399353027344,28.047014236450195,-63.942378997802734,164.8043670654297,-24.567049026489258,close,4,2025-11-16T21:41:16.582827,my_hand_data\videos\close_seq4_20251116_214116_110468.avi,89.71793130985836,360,90,HIGH,VIDEO_RECORDING,2025-11-16T21:41:20.202094
2025-11-16 21:41:16.587258,43,2952,HandType.Left,0.7931000590324402,-137.51502990722656,199.92381286621094,4.925434112548828,-0.0711258202791214,-0.9923329949378967,0.10107606649398804,-10.368033409118652,-7.221588134765625,-3.5817134380340576,0.0,0.0,64.86773681640625,0,1,1,1,1,-106.68476104736328,145.23399353027344,28.047014236450195,-63.942378997802734,164.8043670654297,-24.567049026489258,close,4,2025-11-16T21:41:16.587258,my_hand_data\videos\close_seq4_20251116_214116_110468.avi,89.71793130985836,360,90,HIGH,VIDEO_RECORDING,2025-11-16T21:41:20.202094
2025-11-16 21:41:16.603540,44,2952,HandType.Left,0.792412519454956,-137.60232543945312,199.55519104003906,4.900655269622803,-0.0695720687508583,-0.9928864240646362,0.09662412106990814,-0.18569645285606384,-19.137800216674805,-1.1589367389678955,0.08890754729509354,0.0,64.56256103515625,0,1,1,1,1,-108.11451721191406,144.9865264892578,26.81085968017578,-64.81474304199219,164.5016326904297,-24.356809616088867,close,4,2025-11-16T21:41:16.603540,my_hand_data\videos\close_seq4_20251116_214116_110468.avi,89.71793130985836,360,90,HIGH,VIDEO_RECORDING,2025-11-16T21:41:20.202094
2025-11-16 21:41:16.613650,45,2952,HandType.Left,0.7922707200050354,-137.6386260986328,199.38742065429688,4.943789482116699,-0.06992281973361969,-0.9929280281066895,0.09594137221574783,-3.237025737762451,-14.956731796264648,3.8454136848449707,0.1282806098461151,0.0,64.40272521972656,0,1,1,1,1,-108.9990234375,144.86212158203125,26.284801483154297,-65.1807861328125,164.09716796875,-24.021778106689453,close,4,2025-11-16T21:41:16.614363,my_hand_data\videos\close_seq4_20251116_214116_110468.avi,89.71793130985836,360,90,HIGH,VIDEO_RECORDING,2025-11-16T21:41:20.202094
2025-11-16 21:41:16.623176,46,2952,HandType.Left,0.7922707200050354,-137.6386260986328,199.38742065429688,4.943789482116699,-0.06992281973361969,-0.9929280281066895,0.09594137221574783,-3.237025737762451,-14.956731796264648,3.8454136848449707,0.1282806098461151,0.0,64.40272521972656,0,1,1,1,1,-108.9990234375,144.86212158203125,26.284801483154297,-65.1807861328125,164.09716796875,-24.021778106689453,close,4,2025-11-16T21:41:16.623176,my_hand_data\videos\close_seq4_20251116_214116_110468.avi,89.71793130985836,360,90,HIGH,VIDEO_RECORDING,2025-11-16T21:41:20.202094
2025-11-16 21:41:16.633597,47,2952,HandType.Left,0.7918294668197632,-137.8440399169922,199.126953125,5.288464546203613,-0.07147344946861267,-0.9928475022315979,0.09563125669956207,-11.583366394042969,-9.112736701965332,19.65108299255371,0.1525219827890396,0.0,63.815093994140625,0,1,1,1,1,-110.9471206665039,144.55262756347656,25.042646408081055,-65.59635162353516,162.87249755859375,-23.203298568725586,close,4,2025-11-16T21:41:16.633597,my_hand_data\videos\close_seq4_20251116_214116_110468.avi,89.71793130985836,360,90,HIGH,VIDEO_RECORDING,2025-11-16T21:41:20.202094
2025-11-16 21:41:16.643945,48,2952,HandType.Left,0.7911033630371094,-138.05516052246094,199.1478271484375,5.4874420166015625,-0.07123264670372009,-0.9928550124168396,0.09573324769735336,-19.099618911743164,1.8876839876174927,18.00212860107422,0.16510356962680817,0.0,63.6326789855957,0,1,1,1,1,-111.88597106933594,144.31333923339844,24.385921478271484,-65.84981536865234,162.71441650390625,-22.839757919311523,close,4,2025-11-16T21:41:16.643945,my_hand_data\videos\close_seq4_20251116_214116_110468.avi,89.71793130985836,360,90,HIGH,VIDEO_RECORDING,2025-11-16T21:41:20.202094
2025-11-16 21:41:16.664568,49,2952,HandType.Left,0.790181040763855,-138.3052215576172,199.18736267089844,5.671426773071289,-0.07043345272541046,-0.9929325580596924,0.09552004188299179,-22.165754318237305,3.505084991455078,16.307790756225586,0.1917814165353775,0.0,63.482540130615234,0,1,1,1,1,-112.75537109375,144.19332885742188,23.813419342041016,-66.10865783691406,162.52748107910156,-22.49858283996582,close,4,2025-11-16T21:41:16.664568,my_hand_data\videos\close_seq4_20251116_214116_110468.avi,89.71793130985836,360,90,HIGH,VIDEO_RECORDING,2025-11-16T21:41:20.202094
2025-11-16 21:41:16.672361,50,2952,HandType.Left,0.7895206809043884,-138.5333251953125,199.24676513671875,5.765415191650391,-0.06921584159135818,-0.993046224117279,0.09522820264101028,-20.590068817138672,5.361135005950928,8.48426342010498,0.20832780003547668,0.0,63.50215148925781,0,1,1,1,1,-113.50550079345703,144.07896423339844,23.443405151367188,-66.34976196289062,162.21728515625,-22.248924255371094,close,4,2025-11-16T21:41:16.672361,my_hand_data\videos\close_seq4_20251116_214116_110468.avi,89.71793130985836,360,90,HIGH,VIDEO_RECORDING,2025-11-16T21:41:20.202094
2025-11-16 21:41:16.677590,51,2952,HandType.Left,0.7890165448188782,-138.8119659423828,199.32534790039062,5.849887847900391,-0.06804651767015457,-0.9931854009628296,0.0946170911192894,-24.714887619018555,6.970879077911377,7.4926605224609375,0.2262999415397644,0.0,63.654571533203125,0,1,1,1,0,-114.348876953125,143.8979034423828,23.23011589050293,-66.66485595703125,161.7353057861328,-21.89705467224121,close,4,2025-11-16T21:41:16.677590,my_hand_data\videos\close_seq4_20251116_214116_110468.avi,89.71793130985836,360,90,HIGH,VIDEO_RECORDING,2025-11-16T21:41:20.202094
2025-11-16 21:41:16.695291,52,2952,HandType.Left,0.7886828184127808,-139.076171875,199.38970947265625,5.897173881530762,-0.06641694158315659,-0.9932741522789001,0.0948432981967926,-23.751527786254883,5.7865376472473145,4.2508344650268555,0.24148058891296387,0.0,63.594905853271484,0,1,1,1,0,-114.91028594970703,143.82952880859375,22.84804344177246,-67.02538299560547,161.37596130371094,-21.809255599975586,close,4,2025-11-16T21:41:16.695291,my_hand_data\videos\close_seq4_20251116_214116_110468.avi,89.71793130985836,360,90,HIGH,VIDEO_RECORDING,2025-11-16T21:41:20.202094
2025-11-16 21:41:16.700739,53,2952,HandType.Left,0.7879530191421509,-139.2058563232422,199.29002380371094,5.928155422210693,-0.06467068195343018,-0.9933765530586243,0.0949772521853447,-12.190710067749023,-9.371638298034668,2.912325143814087,0.26162439584732056,0.0,63.658992767333984,0,1,1,1,0,-115.52476501464844,143.54678344726562,22.53255271911621,-67.40437316894531,160.86273193359375,-21.65501594543457,close,4,2025-11-16T21:41:16.700739,my_hand_data\videos\close_seq4_20251116_214116_110468.avi,89.71793130985836,360,90,HIGH,VIDEO_RECORDING,2025-11-16T21:41:20.202094
2025-11-16 21:41:16.715293,54,2952,HandType.Left,0.7868108749389648,-139.1903839111328,199.06068420410156,5.905953884124756,-0.06259576976299286,-0.9934985637664795,0.09509149938821793,1.3741854429244995,-20.36760711669922,-1.971680998802185,0.27443400025367737,0.0,63.51826477050781,0,1,1,1,0,-115.8194580078125,143.31419372558594,21.994375228881836,-67.86970520019531,160.19691467285156,-21.61581802368164,close,4,2025-11-16T21:41:16.715293,my_hand_data\videos\close_seq4_20251116_214116_110468.avi,89.71793130985836,360,90,HIGH,VIDEO_RECORDING,2025-11-16T21:41:20.202094
2025-11-16 21:41:16.725523,55,2952,HandType.Left,0.7849016189575195,-139.19378662109375,198.77719116210938,5.910886764526367,-0.06268209964036942,-0.9935957193374634,0.09401318430900574,-0.30952081084251404,-25.77596092224121,0.4484851658344269,0.2884189486503601,0.0,63.15088653564453,0,1,1,1,0,-116.31458282470703,143.12460327148438,21.21669578552246,-68.32913970947266,159.48779296875,-21.625442504882812,close,4,2025-11-16T21:41:16.725523,my_hand_data\videos\close_seq4_20251116_214116_110468.avi,89.71793130985836,360,90,HIGH,VIDEO_RECORDING,2025-11-16T21:41:20.202094
2025-11-16 21:41:16.735713,56,2952,HandType.Left,0.7838335633277893,-139.23147583007812,198.44920349121094,5.953267574310303,-0.062478356063365936,-0.9937149286270142,0.09288229793310165,-3.372537612915039,-29.35546112060547,3.793149948120117,0.2968502640724182,0.0,62.65106964111328,0,1,1,1,0,-116.691650390625,143.01876831054688,20.46580696105957,-68.7778549194336,158.6954803466797,-21.577842712402344,close,4,2025-11-16T21:41:16.735713,my_hand_data\videos\close_seq4_20251116_214116_110468.avi,89.71793130985836,360,90,HIGH,VIDEO_RECORDING,2025-11-16T21:41:20.202094
2025-11-16 21:41:16.746183,57,2952,HandType.Left,0.7820703387260437,-139.2484588623047,198.10794067382812,5.99554967880249,-0.06359892338514328,-0.9937741756439209,0.09147699177265167,-1.5206242799758911,-30.55278968811035,3.785344362258911,0.30344700813293457,0.0,61.88901901245117,0,1,1,1,0,-116.97117614746094,143.1789093017578,19.677837371826172,-69.18634033203125,157.61866760253906,-21.491596221923828,close,4,2025-11-16T21:41:16.746183,my_hand_data\videos\close_seq4_20251116_214116_110468.avi,89.71793130985836,360,90,HIGH,VIDEO_RECORDING,2025-11-16T21:41:20.202094
2025-11-16 21:41:16.756264,58,2952,HandType.Left,0.7820703387260437,-139.2484588623047,198.10794067382812,5.99554967880249,-0.06359892338514328,-0.9937741756439209,0.09147699177265167,-1.5206242799758911,-30.55278968811035,3.785344362258911,0.30344700813293457,0.0,61.88901901245117,0,1,1,1,0,-116.97117614746094,143.1789093017578,19.677837371826172,-69.18634033203125,157.61866760253906,-21.491596221923828,close,4,2025-11-16T21:41:16.756264,my_hand_data\videos\close_seq4_20251116_214116_110468.avi,89.71793130985836,360,90,HIGH,VIDEO_RECORDING,2025-11-16T21:41:20.202094
2025-11-16 21:41:16.776715,59,2952,HandType.Left,0.771816611289978,-139.14239501953125,197.45111083984375,5.700054168701172,-0.06884247809648514,-0.9937889575958252,0.08743113279342651,4.996648788452148,-20.976259231567383,-8.966811180114746,0.32529768347740173,0.0,59.92631912231445,0,1,1,1,0,-118.08731842041016,143.50173950195312,17.167415618896484,-70.94783020019531,154.97877502441406,-21.56914710998535,close,4,2025-11-16T21:41:16.776715,my_hand_data\videos\close_seq4_20251116_214116_110468.avi,89.71793130985836,360,90,HIGH,VIDEO_RECORDING,2025-11-16T21:41:20.202094
2025-11-16 21:41:16.780434,60,2952,HandType.Left,0.771816611289978,-139.14239501953125,197.45111083984375,5.700054168701172,-0.06884247809648514,-0.9937889575958252,0.08743113279342651,4.996648788452148,-20.976259231567383,-8.966811180114746,0.32529768347740173,0.0,59.92631912231445,0,1,1,1,0,-118.08731842041016,143.50173950195312,17.167415618896484,-70.94783020019531,154.97877502441406,-21.56914710998535,close,4,2025-11-16T21:41:16.780434,my_hand_data\videos\close_seq4_20251116_214116_110468.avi,89.71793130985836,360,90,HIGH,VIDEO_RECORDING,2025-11-16T21:41:20.202094
2025-11-16 21:41:16.796061,61,2952,HandType.Left,0.7668702602386475,-139.04873657226562,197.24044799804688,5.486885070800781,-0.07055887579917908,-0.9938696026802063,0.08511535078287125,8.303653717041016,-18.679149627685547,-18.901329040527344,0.34104758501052856,0.0,59.542606353759766,0,1,1,1,0,-118.27108001708984,143.46640014648438,16.57159423828125,-71.56462097167969,153.67202758789062,-21.740983963012695,close,4,2025-11-16T21:41:16.796061,my_hand_data\videos\close_seq4_20251116_214116_110468.avi,89.71793130985836,360,90,HIGH,VIDEO_RECORDING,2025-11-16T21:41:20.202094
2025-11-16 21:41:16.800657,62,2952,HandType.Left,0.7627862691879272,-138.8721160888672,196.9619903564453,5.195058822631836,-0.07255344092845917,-0.9939277768135071,0.08272566646337509,16.294763565063477,-25.690780639648438,-26.923717498779297,0.3563714921474457,0.0,58.79819107055664,0,1,1,1,0,-118.1971435546875,143.35665893554688,15.965126037597656,-72.30853271484375,152.1583251953125,-21.669715881347656,close,4,2025-11-16T21:41:16.800657,my_hand_data\videos\close_seq4_20251116_214116_110468.avi,89.71793130985836,360,90,HIGH,VIDEO_RECORDING,2025-11-16T21:41:20.202094
2025-11-16 21:41:16.815875,63,2952,HandType.Left,0.7586907744407654,-138.7773895263672,196.8385009765625,4.830883502960205,-0.07521594315767288,-0.9939964413642883,0.07945823669433594,8.550538063049316,-11.145768165588379,-32.87078094482422,0.37158164381980896,0.0,58.34834671020508,0,1,1,1,0,-118.06773376464844,143.36343383789062,15.35530948638916,-72.95391845703125,150.7904510498047,-21.44537925720215,close,4,2025-11-16T21:41:16.815875,my_hand_data\videos\close_seq4_20251116_214116_110468.avi,89.71793130985836,360,90,HIGH,VIDEO_RECORDING,2025-11-16T21:41:20.202094
2025-11-16 21:41:16.825972,64,2952,HandType.Left,0.7556818127632141,-138.74586486816406,196.77684020996094,4.414374828338623,-0.07736881822347641,-0.9939982891082764,0.07734006643295288,2.8175344467163086,-5.51076602935791,-37.2248420715332,0.39824432134628296,0.0203283429145813,57.45082473754883,0,1,0,0,0,-117.99351501464844,143.31517028808594,14.803796768188477,-73.74397277832031,150.0218963623047,-21.218351364135742,close,4,2025-11-16T21:41:16.825972,my_hand_data\videos\close_seq4_20251116_214116_110468.avi,89.71793130985836,360,90,HIGH,VIDEO_RECORDING,2025-11-16T21:41:20.202094
2025-11-16 21:41:16.836349,65,2952,HandType.Left,0.7517568469047546,-138.70201110839844,196.69830322265625,4.115325927734375,-0.08077670633792877,-0.9940994381904602,0.07239732891321182,3.939779758453369,-7.056598663330078,-26.868745803833008,0.4223688244819641,0.05507603660225868,56.1614875793457,0,1,0,0,0,-117.96045684814453,143.2813720703125,14.056110382080078,-74.35870361328125,149.31015014648438,-20.824451446533203,close,4,2025-11-16T21:41:16.836349,my_hand_data\videos\close_seq4_20251116_214116_110468.avi,89.71793130985836,360,90,HIGH,VIDEO_RECORDING,2025-11-16T21:41:20.202094
2025-11-16 21:41:16.846443,66,2952,HandType.Left,0.7510336637496948,-138.58953857421875,196.5525360107422,3.8117923736572266,-0.0854310393333435,-0.9938750267028809,0.07009992748498917,10.040189743041992,-13.01118278503418,-27.09394073486328,0.44526299834251404,0.08196312189102173,55.1642951965332,0,1,0,0,0,-117.96817016601562,143.16061401367188,13.581599235534668,-74.83434295654297,148.699462890625,-20.357955932617188,close,4,2025-11-16T21:41:16.846443,my_hand_data\videos\close_seq4_20251116_214116_110468.avi,89.71793130985836,360,90,HIGH,VIDEO_RECORDING,2025-11-16T21:41:20.202094
2025-11-16 21:41:16.856791,67,2952,HandType.Left,0.7511320114135742,-138.55882263183594,196.5039825439453,3.538865804672241,-0.08649592101573944,-0.9937799572944641,0.07014133036136627,2.783719062805176,-4.401845932006836,-24.741771697998047,0.476059228181839,0.11249732226133347,54.01850891113281,0,1,0,0,0,-118.05082702636719,143.0438995361328,13.225607872009277,-75.54310607910156,148.36563110351562,-19.67989730834961,close,4,2025-11-16T21:41:16.856791,my_hand_data\videos\close_seq4_20251116_214116_110468.avi,89.71793130985836,360,90,HIGH,VIDEO_RECORDING,2025-11-16T21:41:20.202094
2025-11-16 21:41:16.867150,68,2952,HandType.Left,0.750198483467102,-138.53970336914062,196.50509643554688,3.3841617107391357,-0.08770529925823212,-0.9936601519584656,0.07033701241016388,1.703616976737976,0.09944957494735718,-13.787020683288574,0.5012261867523193,0.1411781758069992,52.93045425415039,0,1,0,0,0,-118.10286712646484,143.07049560546875,12.898111343383789,-76.18611907958984,148.1243133544922,-19.02488899230957,close,4,2025-11-16T21:41:16.867150,my_hand_data\videos\close_seq4_20251116_214116_110468.avi,89.71793130985836,360,90,HIGH,VIDEO_RECORDING,2025-11-16T21:41:20.202094
2025-11-16 21:41:16.886647,69,2952,HandType.Left,0.7482175827026367,-138.5511932373047,196.43748474121094,3.2315688133239746,-0.08999079465866089,-0.9933760166168213,0.07145427167415619,-1.0200499296188354,-6.0074591636657715,-13.557771682739258,0.5231442451477051,0.1695147305727005,52.0139274597168,0,0,0,0,0,-118.35835266113281,143.04891967773438,12.67477798461914,-76.65602111816406,147.70811462402344,-18.060482025146484,close,4,2025-11-16T21:41:16.886647,my_hand_data\videos\close_seq4_20251116_214116_110468.avi,89.71793130985836,360,90,HIGH,VIDEO_RECORDING,2025-11-16T21:41:20.202094
2025-11-16 21:41:16.891259,70,2952,HandType.Left,0.7454146146774292,-138.6411590576172,196.3688507080078,3.191645622253418,-0.09695765376091003,-0.9928005933761597,0.07032877206802368,-8.244582176208496,-6.288994789123535,-3.6586616039276123,0.5331786274909973,0.21230006217956543,51.23404312133789,0,0,0,0,0,-118.6722640991211,143.1627960205078,12.45120906829834,-77.28489685058594,147.25592041015625,-17.46967315673828,close,4,2025-11-16T21:41:16.891259,my_hand_data\videos\close_seq4_20251116_214116_110468.avi,89.71793130985836,360,90,HIGH,VIDEO_RECORDING,2025-11-16T21:41:20.202094
2025-11-16 21:41:16.907550,71,2952,HandType.Left,0.7403004765510559,-138.79930114746094,196.25115966796875,3.2609310150146484,-0.10740658640861511,-0.9918972253799438,0.06785088777542114,-14.164694786071777,-10.541398048400879,6.205595970153809,0.535396158695221,0.25468605756759644,50.64575958251953,0,0,0,0,0,-119.05360412597656,143.48106384277344,12.196661949157715,-77.81354522705078,146.9503631591797,-16.996051788330078,close,4,2025-11-16T21:41:16.907550,my_hand_data\videos\close_seq4_20251116_214116_110468.avi,89.71793130985836,360,90,HIGH,VIDEO_RECORDING,2025-11-16T21:41:20.202094
2025-11-16 21:41:16.911571,72,2952,HandType.Left,0.7354387044906616,-138.85452270507812,196.05062866210938,3.348567247390747,-0.11483021825551987,-0.9910980463027954,0.06737003475427628,-4.963848114013672,-18.02493667602539,7.877410888671875,0.539059579372406,0.2966391146183014,49.7682991027832,0,0,0,0,0,-119.18929290771484,143.74386596679688,11.87053108215332,-78.2618408203125,146.5948486328125,-16.30213737487793,close,4,2025-11-16T21:41:16.911571,my_hand_data\videos\close_seq4_20251116_214116_110468.avi,89.71793130985836,360,90,HIGH,VIDEO_RECORDING,2025-11-16T21:41:20.202094
2025-11-16 21:41:16.927940,73,2952,HandType.Left,0.7303321957588196,-138.8636016845703,195.7510223388672,3.4789276123046875,-0.12148350477218628,-0.9904119372367859,0.06577204912900925,-0.8317482471466064,-27.444570541381836,11.94103717803955,0.5437976121902466,0.33517947793006897,48.94808578491211,0,0,0,0,0,-119.37226104736328,143.75669860839844,11.601195335388184,-78.81175994873047,146.15023803710938,-15.69407844543457,close,4,2025-11-16T21:41:16.927940,my_hand_data\videos\close_seq4_20251116_214116_110468.avi,89.71793130985836,360,90,HIGH,VIDEO_RECORDING,2025-11-16T21:41:20.202094
2025-11-16 21:41:16.933058,74,2952,HandType.Left,0.7256349921226501,-138.83888244628906,195.46957397460938,3.492807388305664,-0.1287902593612671,-0.9896259307861328,0.06366749107837677,2.1825308799743652,-24.84514045715332,1.225273609161377,0.5538294315338135,0.3680170476436615,47.910762786865234,0,0,0,0,0,-119.34078979492188,143.6905975341797,11.293647766113281,-79.47538757324219,145.61317443847656,-15.210968971252441,close,4,2025-11-16T21:41:16.935068,my_hand_data\videos\close_seq4_20251116_214116_110468.avi,89.71793130985836,360,90,HIGH,VIDEO_RECORDING,2025-11-16T21:41:20.202094
2025-11-16 21:41:16.948267,75,2952,HandType.Left,0.7214611172676086,-138.8433074951172,195.28500366210938,3.496568441390991,-0.134792760014534,-0.9888900518417358,0.06266907602548599,-0.3953545093536377,-16.474843978881836,0.3357172906398773,0.5614901185035706,0.3893659710884094,47.161170959472656,0,0,0,0,0,-119.31926727294922,143.73143005371094,11.160664558410645,-80.07538604736328,145.31375122070312,-14.94661808013916,close,4,2025-11-16T21:41:16.948267,my_hand_data\videos\close_seq4_20251116_214116_110468.avi,89.71793130985836,360,90,HIGH,VIDEO_RECORDING,2025-11-16T21:41:20.202094
2025-11-16 21:41:16.957991,76,2952,HandType.Left,0.7177913784980774,-138.8047332763672,195.11880493164062,3.5183215141296387,-0.13869529962539673,-0.9883710741996765,0.06233954802155495,3.4663310050964355,-14.931390762329102,1.9542778730392456,0.5708371996879578,0.39976802468299866,46.50932693481445,0,0,0,0,0,-119.36856842041016,143.5878143310547,11.192943572998047,-80.80352783203125,144.95797729492188,-14.76814079284668,close,4,2025-11-16T21:41:16.957991,my_hand_data\videos\close_seq4_20251116_214116_110468.avi,89.71793130985836,360,90,HIGH,VIDEO_RECORDING,2025-11-16T21:41:20.202094
2025-11-16 21:41:16.968296,77,2952,HandType.Left,0.7140216827392578,-138.7873077392578,194.93096923828125,3.638331651687622,-0.14325204491615295,-0.9878482222557068,0.0602889209985733,1.5966464281082153,-17.22035026550293,11.002029418945312,0.577463686466217,0.39903610944747925,46.07748031616211,0,0,0,0,0,-119.4722900390625,143.39614868164062,11.398587226867676,-81.47992706298828,144.61776733398438,-14.644110679626465,close,4,2025-11-16T21:41:16.968296,my_hand_data\videos\close_seq4_20251116_214116_110468.avi,89.71793130985836,360,90,HIGH,VIDEO_RECORDING,2025-11-16T21:41:20.202094
2025-11-16 21:41:16.978418,78,2952,HandType.Left,0.7107317447662354,-138.8303680419922,194.83526611328125,3.7268760204315186,-0.1477266103029251,-0.9873061180114746,0.05833972617983818,-3.8940768241882324,-8.655624389648438,8.008718490600586,0.5794087648391724,0.4018627405166626,45.615142822265625,0,0,0,0,0,-119.65210723876953,143.32369995117188,11.357599258422852,-82.11441802978516,144.29783630371094,-14.540553092956543,close,4,2025-11-16T21:41:16.978418,my_hand_data\videos\close_seq4_20251116_214116_110468.avi,89.71793130985836,360,90,HIGH,VIDEO_RECORDING,2025-11-16T21:41:20.202094
2025-11-16 21:41:16.988899,79,2952,HandType.Left,0.7064946889877319,-139.01675415039062,194.79710388183594,3.888711929321289,-0.15259721875190735,-0.9867197871208191,0.0556613951921463,-16.762908935546875,-3.432182788848877,14.554880142211914,0.580457866191864,0.4044966399669647,45.052513122558594,0,0,0,0,0,-120.03172302246094,143.3372802734375,11.293485641479492,-83.0430908203125,143.97573852539062,-14.419594764709473,close,4,2025-11-16T21:41:16.988899,my_hand_data\videos\close_seq4_20251116_214116_110468.avi,89.71793130985836,360,90,HIGH,VIDEO_RECORDING,2025-11-16T21:41:20.202094
2025-11-16 21:41:17.009332,80,2952,HandType.Left,0.7014287114143372,-139.2157440185547,194.83447265625,4.024559497833252,-0.15854601562023163,-0.9859914779663086,0.05180656164884567,-17.919208526611328,3.3645894527435303,12.233023643493652,0.5816856026649475,0.41664624214172363,44.46433639526367,0,0,0,0,0,-120.38044738769531,143.61997985839844,10.896682739257812,-83.71788787841797,143.88197326660156,-14.26012897491455,close,4,2025-11-16T21:41:17.009332,my_hand_data\videos\close_seq4_20251116_214116_110468.avi,89.71793130985836,360,90,HIGH,VIDEO_RECORDING,2025-11-16T21:41:20.202094
2025-11-16 21:41:17.013360,81,2952,HandType.Left,0.6977505683898926,-139.566162109375,194.9523162841797,4.18556022644043,-0.1633494645357132,-0.9854152202606201,0.0476839654147625,-30.990522384643555,10.42173957824707,14.239018440246582,0.5851327180862427,0.4314696788787842,43.4210319519043,0,0,0,0,0,-120.68566131591797,144.07073974609375,10.5108060836792,-84.8435287475586,143.8105010986328,-13.997557640075684,close,4,2025-11-16T21:41:17.013360,my_hand_data\videos\close_seq4_20251116_214116_110468.avi,89.71793130985836,360,90,HIGH,VIDEO_RECORDING,2025-11-16T21:41:20.202094
2025-11-16 21:41:17.029459,82,2952,HandType.Left,0.6977505683898926,-139.566162109375,194.9523162841797,4.18556022644043,-0.1633494645357132,-0.9854152202606201,0.0476839654147625,-30.990522384643555,10.42173957824707,14.239018440246582,0.5851327180862427,0.4314696788787842,43.4210319519043,0,0,0,0,0,-120.68566131591797,144.07073974609375,10.5108060836792,-84.8435287475586,143.8105010986328,-13.997557640075684,close,4,2025-11-16T21:41:17.029459,my_hand_data\videos\close_seq4_20251116_214116_110468.avi,89.71793130985836,360,90,HIGH,VIDEO_RECORDING,2025-11-16T21:41:20.202094
2025-11-16 21:41:17.033477,83,2952,HandType.Left,0.6977505683898926,-139.566162109375,194.9523162841797,4.18556022644043,-0.1633494645357132,-0.9854152202606201,0.0476839654147625,-30.990522384643555,10.42173957824707,14.239018440246582,0.5851327180862427,0.4314696788787842,43.4210319519043,0,0,0,0,0,-120.68566131591797,144.07073974609375,10.5108060836792,-84.8435287475586,143.8105010986328,-13.997557640075684,close,4,2025-11-16T21:41:17.033477,my_hand_data\videos\close_seq4_20251116_214116_110468.avi,89.71793130985836,360,90,HIGH,VIDEO_RECORDING,2025-11-16T21:41:20.202094
2025-11-16 21:41:17.049579,84,2952,HandType.Left,0.6977505683898926,-139.566162109375,194.9523162841797,4.18556022644043,-0.1633494645357132,-0.9854152202606201,0.0476839654147625,-30.990522384643555,10.42173957824707,14.239018440246582,0.5851327180862427,0.4314696788787842,43.4210319519043,0,0,0,0,0,-120.68566131591797,144.07073974609375,10.5108060836792,-84.8435287475586,143.8105010986328,-13.997557640075684,close,4,2025-11-16T21:41:17.049579,my_hand_data\videos\close_seq4_20251116_214116_110468.avi,89.71793130985836,360,90,HIGH,VIDEO_RECORDING,2025-11-16T21:41:20.202094
2025-11-16 21:41:17.061649,85,2952,HandType.Left,0.6977505683898926,-139.566162109375,194.9523162841797,4.18556022644043,-0.1633494645357132,-0.9854152202606201,0.0476839654147625,-30.990522384643555,10.42173957824707,14.239018440246582,0.5851327180862427,0.4314696788787842,43.4210319519043,0,0,0,0,0,-120.68566131591797,144.07073974609375,10.5108060836792,-84.8435287475586,143.8105010986328,-13.997557640075684,close,4,2025-11-16T21:41:17.061649,my_hand_data\videos\close_seq4_20251116_214116_110468.avi,89.71793130985836,360,90,HIGH,VIDEO_RECORDING,2025-11-16T21:41:20.202094
2025-11-16 21:41:17.065674,86,2952,HandType.Left,0.6977505683898926,-139.566162109375,194.9523162841797,4.18556022644043,-0.1633494645357132,-0.9854152202606201,0.0476839654147625,-30.990522384643555,10.42173957824707,14.239018440246582,0.5851327180862427,0.4314696788787842,43.4210319519043,0,0,0,0,0,-120.68566131591797,144.07073974609375,10.5108060836792,-84.8435287475586,143.8105010986328,-13.997557640075684,close,4,2025-11-16T21:41:17.067684,my_hand_data\videos\close_seq4_20251116_214116_110468.avi,89.71793130985836,360,90,HIGH,VIDEO_RECORDING,2025-11-16T21:41:20.202094
2025-11-16 21:41:17.081778,87,2952,HandType.Left,0.6977505683898926,-139.566162109375,194.9523162841797,4.18556022644043,-0.1633494645357132,-0.9854152202606201,0.0476839654147625,-30.990522384643555,10.42173957824707,14.239018440246582,0.5851327180862427,0.4314696788787842,43.4210319519043,0,0,0,0,0,-120.68566131591797,144.07073974609375,10.5108060836792,-84.8435287475586,143.8105010986328,-13.997557640075684,close,4,2025-11-16T21:41:17.081778,my_hand_data\videos\close_seq4_20251116_214116_110468.avi,89.71793130985836,360,90,HIGH,VIDEO_RECORDING,2025-11-16T21:41:20.202094
2025-11-16 21:41:17.089823,88,2952,HandType.Left,0.6977505683898926,-139.566162109375,194.9523162841797,4.18556022644043,-0.1633494645357132,-0.9854152202606201,0.0476839654147625,-30.990522384643555,10.42173957824707,14.239018440246582,0.5851327180862427,0.4314696788787842,43.4210319519043,0,0,0,0,0,-120.68566131591797,144.07073974609375,10.5108060836792,-84.8435287475586,143.8105010986328,-13.997557640075684,close,4,2025-11-16T21:41:17.089823,my_hand_data\videos\close_seq4_20251116_214116_110468.avi,89.71793130985836,360,90,HIGH,VIDEO_RECORDING,2025-11-16T21:41:20.202094
2025-11-16 21:41:17.105918,89,2952,HandType.Left,0.6977505683898926,-139.566162109375,194.9523162841797,4.18556022644043,-0.1633494645357132,-0.9854152202606201,0.0476839654147625,-30.990522384643555,10.42173957824707,14.239018440246582,0.5851327180862427,0.4314696788787842,43.4210319519043,0,0,0,0,0,-120.68566131591797,144.07073974609375,10.5108060836792,-84.8435287475586,143.8105010986328,-13.997557640075684,close,4,2025-11-16T21:41:17.105918,my_hand_data\videos\close_seq4_20251116_214116_110468.avi,89.71793130985836,360,90,HIGH,VIDEO_RECORDING,2025-11-16T21:41:20.202094
2025-11-16 21:41:17.109943,90,2952,HandType.Left,0.6977505683898926,-139.566162109375,194.9523162841797,4.18556022644043,-0.1633494645357132,-0.9854152202606201,0.0476839654147625,-30.990522384643555,10.42173957824707,14.239018440246582,0.5851327180862427,0.4314696788787842,43.4210319519043,0,0,0,0,0,-120.68566131591797,144.07073974609375,10.5108060836792,-84.8435287475586,143.8105010986328,-13.997557640075684,close,4,2025-11-16T21:41:17.109943,my_hand_data\videos\close_seq4_20251116_214116_110468.avi,89.71793130985836,360,90,HIGH,VIDEO_RECORDING,2025-11-16T21:41:20.202094
2025-11-16 21:41:17.130072,91,2952,HandType.Left,0.6977505683898926,-139.566162109375,194.9523162841797,4.18556022644043,-0.1633494645357132,-0.9854152202606201,0.0476839654147625,-30.990522384643555,10.42173957824707,14.239018440246582,0.5851327180862427,0.4314696788787842,43.4210319519043,0,0,0,0,0,-120.68566131591797,144.07073974609375,10.5108060836792,-84.8435287475586,143.8105010986328,-13.997557640075684,close,4,2025-11-16T21:41:17.130072,my_hand_data\videos\close_seq4_20251116_214116_110468.avi,89.71793130985836,360,90,HIGH,VIDEO_RECORDING,2025-11-16T21:41:20.202094
2025-11-16 21:41:17.133598,92,2952,HandType.Left,0.6977505683898926,-139.566162109375,194.9523162841797,4.18556022644043,-0.1633494645357132,-0.9854152202606201,0.0476839654147625,-30.990522384643555,10.42173957824707,14.239018440246582,0.5851327180862427,0.4314696788787842,43.4210319519043,0,0,0,0,0,-120.68566131591797,144.07073974609375,10.5108060836792,-84.8435287475586,143.8105010986328,-13.997557640075684,close,4,2025-11-16T21:41:17.135613,my_hand_data\videos\close_seq4_20251116_214116_110468.avi,89.71793130985836,360,90,HIGH,VIDEO_RECORDING,2025-11-16T21:41:20.202094
2025-11-16 21:41:17.149693,93,2952,HandType.Left,0.6977505683898926,-139.566162109375,194.9523162841797,4.18556022644043,-0.1633494645357132,-0.9854152202606201,0.0476839654147625,-30.990522384643555,10.42173957824707,14.239018440246582,0.5851327180862427,0.4314696788787842,43.4210319519043,0,0,0,0,0,-120.68566131591797,144.07073974609375,10.5108060836792,-84.8435287475586,143.8105010986328,-13.997557640075684,close,4,2025-11-16T21:41:17.149693,my_hand_data\videos\close_seq4_20251116_214116_110468.avi,89.71793130985836,360,90,HIGH,VIDEO_RECORDING,2025-11-16T21:41:20.202094
2025-11-16 21:41:17.159765,94,2952,HandType.Left,0.6977505683898926,-139.566162109375,194.9523162841797,4.18556022644043,-0.1633494645357132,-0.9854152202606201,0.0476839654147625,-30.990522384643555,10.42173957824707,14.239018440246582,0.5851327180862427,0.4314696788787842,43.4210319519043,0,0,0,0,0,-120.68566131591797,144.07073974609375,10.5108060836792,-84.8435287475586,143.8105010986328,-13.997557640075684,close,4,2025-11-16T21:41:17.159765,my_hand_data\videos\close_seq4_20251116_214116_110468.avi,89.71793130985836,360,90,HIGH,VIDEO_RECORDING,2025-11-16T21:41:20.202094
2025-11-16 21:41:17.169824,95,2952,HandType.Left,0.6977505683898926,-139.566162109375,194.9523162841797,4.18556022644043,-0.1633494645357132,-0.9854152202606201,0.0476839654147625,-30.990522384643555,10.42173957824707,14.239018440246582,0.5851327180862427,0.4314696788787842,43.4210319519043,0,0,0,0,0,-120.68566131591797,144.07073974609375,10.5108060836792,-84.8435287475586,143.8105010986328,-13.997557640075684,close,4,2025-11-16T21:41:17.169824,my_hand_data\videos\close_seq4_20251116_214116_110468.avi,89.71793130985836,360,90,HIGH,VIDEO_RECORDING,2025-11-16T21:41:20.202094
2025-11-16 21:41:17.179878,96,2952,HandType.Left,0.6977505683898926,-139.566162109375,194.9523162841797,4.18556022644043,-0.1633494645357132,-0.9854152202606201,0.0476839654147625,-30.990522384643555,10.42173957824707,14.239018440246582,0.5851327180862427,0.4314696788787842,43.4210319519043,0,0,0,0,0,-120.68566131591797,144.07073974609375,10.5108060836792,-84.8435287475586,143.8105010986328,-13.997557640075684,close,4,2025-11-16T21:41:17.179878,my_hand_data\videos\close_seq4_20251116_214116_110468.avi,89.71793130985836,360,90,HIGH,VIDEO_RECORDING,2025-11-16T21:41:20.202094
2025-11-16 21:41:17.190019,97,2952,HandType.Left,0.6672224998474121,-140.16700744628906,193.35389709472656,5.1466569900512695,-0.2050999104976654,-0.9785667061805725,0.018471574410796165,15.548601150512695,-13.374410629272461,5.050562381744385,0.6954230070114136,0.829456627368927,29.82876205444336,0,0,0,0,0,-119.98392486572266,146.64869689941406,3.9890902042388916,-94.68824005126953,140.4809112548828,-10.565695762634277,close,4,2025-11-16T21:41:17.190019,my_hand_data\videos\close_seq4_20251116_214116_110468.avi,89.71793130985836,360,90,HIGH,VIDEO_RECORDING,2025-11-16T21:41:20.202094
2025-11-16 21:41:17.200525,98,2952,HandType.Left,0.6644973158836365,-139.8555145263672,193.0819854736328,5.114769458770752,-0.21121172606945038,-0.977323591709137,0.015105181373655796,15.206056594848633,-12.269118309020996,-2.252042055130005,0.7048981189727783,0.897374153137207,28.243154525756836,0,0,0,0,0,-120.0062255859375,146.48663330078125,2.665494918823242,-95.73065948486328,140.1505889892578,-10.30474853515625,close,4,2025-11-16T21:41:17.200525,my_hand_data\videos\close_seq4_20251116_214116_110468.avi,89.71793130985836,360,90,HIGH,VIDEO_RECORDING,2025-11-16T21:41:20.202094
2025-11-16 21:41:17.220549,99,2952,HandType.Left,0.6637971997261047,-139.6650848388672,192.75904846191406,5.1222968101501465,-0.21545985341072083,-0.9764264225959778,0.012980539351701736,2.181972026824951,-10.658404350280762,3.722585678100586,0.7281174659729004,0.9661046266555786,26.25644874572754,0,0,0,0,0,-120.35066223144531,145.724609375,2.1525440216064453,-97.63184356689453,139.69740295410156,-9.549129486083984,close,4,2025-11-16T21:41:17.220549,my_hand_data\videos\close_seq4_20251116_214116_110468.avi,89.71793130985836,360,90,HIGH,VIDEO_RECORDING,2025-11-16T21:41:20.202094
2025-11-16 21:41:17.224574,100,2952,HandType.Left,0.6635169982910156,-139.64804077148438,192.54908752441406,5.106969833374023,-0.2195901721715927,-0.9755392670631409,0.010164473205804825,1.582729458808899,-19.48386001586914,-1.4223226308822632,0.7396101951599121,1.0,25.025127410888672,0,0,0,0,0,-120.4650650024414,145.2235870361328,2.094245433807373,-98.90583801269531,139.45167541503906,-9.225725173950195,close,4,2025-11-16T21:41:17.224574,my_hand_data\videos\close_seq4_20251116_214116_110468.avi,89.71793130985836,360,90,HIGH,VIDEO_RECORDING,2025-11-16T21:41:20.202094
2025-11-16 21:41:17.240685,101,2952,HandType.Left,0.6637577414512634,-139.6889190673828,192.52236938476562,4.963919162750244,-0.22247573733329773,-0.9749027490615845,0.008314377628266811,-3.5754554271698,-2.3376951217651367,-12.512086868286133,0.7587228417396545,1.0,23.471826553344727,0,0,0,0,0,-120.48442077636719,144.8291015625,1.9985251426696777,-100.33918762207031,139.40867614746094,-8.758573532104492,close,4,2025-11-16T21:41:17.240685,my_hand_data\videos\close_seq4_20251116_214116_110468.avi,89.71793130985836,360,90,HIGH,VIDEO_RECORDING,2025-11-16T21:41:20.202094
2025-11-16 21:41:17.244708,102,2952,HandType.Left,0.6641510128974915,-139.7103729248047,192.42620849609375,4.891299247741699,-0.22537603974342346,-0.9742409586906433,0.0077616386115550995,-1.9553064107894897,-8.761035919189453,-6.616235256195068,0.7698978185653687,1.0,22.428442001342773,0,0,0,0,0,-120.53388214111328,144.74546813964844,1.8525445461273193,-101.37615966796875,139.32919311523438,-8.476088523864746,close,4,2025-11-16T21:41:17.244708,my_hand_data\videos\close_seq4_20251116_214116_110468.avi,89.71793130985836,360,90,HIGH,VIDEO_RECORDING,2025-11-16T21:41:20.202094
2025-11-16 21:41:17.260802,103,2952,HandType.Left,0.6633857488632202,-139.73390197753906,192.32725524902344,4.880486011505127,-0.229742631316185,-0.9732319116592407,0.006165417842566967,-2.125612735748291,-8.937543869018555,-0.9767152070999146,0.7787283062934875,1.0,21.672414779663086,0,0,0,0,0,-120.57608032226562,144.67897033691406,1.6731228828430176,-102.18742370605469,139.23922729492188,-8.424403190612793,close,4,2025-11-16T21:41:17.260802,my_hand_data\videos\close_seq4_20251116_214116_110468.avi,89.71793130985836,360,90,HIGH,VIDEO_RECORDING,2025-11-16T21:41:20.202094
2025-11-16 21:41:17.266840,104,2952,HandType.Left,0.6628888845443726,-139.7921142578125,192.3978271484375,4.8609700202941895,-0.23304198682308197,-0.9724506735801697,0.005574045702815056,-5.1529860496521,6.246860027313232,-1.7277092933654785,0.783660888671875,1.0,20.884645462036133,0,0,0,0,0,-120.66949462890625,144.75669860839844,1.2978166341781616,-102.96837615966797,139.2704620361328,-8.33234691619873,close,4,2025-11-16T21:41:17.266840,my_hand_data\videos\close_seq4_20251116_214116_110468.avi,89.71793130985836,360,90,HIGH,VIDEO_RECORDING,2025-11-16T21:41:20.202094
2025-11-16 21:41:17.282936,105,2952,HandType.Left,0.6628888845443726,-139.7921142578125,192.3978271484375,4.8609700202941895,-0.23304198682308197,-0.9724506735801697,0.005574045702815056,-5.1529860496521,6.246860027313232,-1.7277092933654785,0.783660888671875,1.0,20.884645462036133,0,0,0,0,0,-120.66949462890625,144.75669860839844,1.2978166341781616,-102.96837615966797,139.2704620361328,-8.33234691619873,close,4,2025-11-16T21:41:17.282936,my_hand_data\videos\close_seq4_20251116_214116_110468.avi,89.71793130985836,360,90,HIGH,VIDEO_RECORDING,2025-11-16T21:41:20.202094
2025-11-16 21:41:17.292999,106,2952,HandType.Left,0.6628888845443726,-139.7921142578125,192.3978271484375,4.8609700202941895,-0.23304198682308197,-0.9724506735801697,0.005574045702815056,-5.1529860496521,6.246860027313232,-1.7277092933654785,0.783660888671875,1.0,20.884645462036133,0,0,0,0,0,-120.66949462890625,144.75669860839844,1.2978166341781616,-102.96837615966797,139.2704620361328,-8.33234691619873,close,4,2025-11-16T21:41:17.292999,my_hand_data\videos\close_seq4_20251116_214116_110468.avi,89.71793130985836,360,90,HIGH,VIDEO_RECORDING,2025-11-16T21:41:20.202094
2025-11-16 21:41:17.305071,107,2952,HandType.Left,0.6628888845443726,-139.7921142578125,192.3978271484375,4.8609700202941895,-0.23304198682308197,-0.9724506735801697,0.005574045702815056,-5.1529860496521,6.246860027313232,-1.7277092933654785,0.783660888671875,1.0,20.884645462036133,0,0,0,0,0,-120.66949462890625,144.75669860839844,1.2978166341781616,-102.96837615966797,139.2704620361328,-8.33234691619873,close,4,2025-11-16T21:41:17.305071,my_hand_data\videos\close_seq4_20251116_214116_110468.avi,89.71793130985836,360,90,HIGH,VIDEO_RECORDING,2025-11-16T21:41:20.202094
2025-11-16 21:41:17.315129,108,2952,HandType.Left,0.6628888845443726,-139.7921142578125,192.3978271484375,4.8609700202941895,-0.23304198682308197,-0.9724506735801697,0.005574045702815056,-5.1529860496521,6.246860027313232,-1.7277092933654785,0.783660888671875,1.0,20.884645462036133,0,0,0,0,0,-120.66949462890625,144.75669860839844,1.2978166341781616,-102.96837615966797,139.2704620361328,-8.33234691619873,close,4,2025-11-16T21:41:17.315129,my_hand_data\videos\close_seq4_20251116_214116_110468.avi,89.71793130985836,360,90,HIGH,VIDEO_RECORDING,2025-11-16T21:41:20.202094
2025-11-16 21:41:17.323184,109,2952,HandType.Left,0.6628888845443726,-139.7921142578125,192.3978271484375,4.8609700202941895,-0.23304198682308197,-0.9724506735801697,0.005574045702815056,-5.1529860496521,6.246860027313232,-1.7277092933654785,0.783660888671875,1.0,20.884645462036133,0,0,0,0,0,-120.66949462890625,144.75669860839844,1.2978166341781616,-102.96837615966797,139.2704620361328,-8.33234691619873,close,4,2025-11-16T21:41:17.323184,my_hand_data\videos\close_seq4_20251116_214116_110468.avi,89.71793130985836,360,90,HIGH,VIDEO_RECORDING,2025-11-16T21:41:20.202094
2025-11-16 21:41:17.341792,110,2952,HandType.Left,0.6628888845443726,-139.7921142578125,192.3978271484375,4.8609700202941895,-0.23304198682308197,-0.9724506735801697,0.005574045702815056,-5.1529860496521,6.246860027313232,-1.7277092933654785,0.783660888671875,1.0,20.884645462036133,0,0,0,0,0,-120.66949462890625,144.75669860839844,1.2978166341781616,-102.96837615966797,139.2704620361328,-8.33234691619873,close,4,2025-11-16T21:41:17.341792,my_hand_data\videos\close_seq4_20251116_214116_110468.avi,89.71793130985836,360,90,HIGH,VIDEO_RECORDING,2025-11-16T21:41:20.202094
2025-11-16 21:41:17.345819,111,2952,HandType.Left,0.6628888845443726,-139.7921142578125,192.3978271484375,4.8609700202941895,-0.23304198682308197,-0.9724506735801697,0.005574045702815056,-5.1529860496521,6.246860027313232,-1.7277092933654785,0.783660888671875,1.0,20.884645462036133,0,0,0,0,0,-120.66949462890625,144.75669860839844,1.2978166341781616,-102.96837615966797,139.2704620361328,-8.33234691619873,close,4,2025-11-16T21:41:17.345819,my_hand_data\videos\close_seq4_20251116_214116_110468.avi,89.71793130985836,360,90,HIGH,VIDEO_RECORDING,2025-11-16T21:41:20.202094
2025-11-16 21:41:17.361916,112,2952,HandType.Left,0.6628888845443726,-139.7921142578125,192.3978271484375,4.8609700202941895,-0.23304198682308197,-0.9724506735801697,0.005574045702815056,-5.1529860496521,6.246860027313232,-1.7277092933654785,0.783660888671875,1.0,20.884645462036133,0,0,0,0,0,-120.66949462890625,144.75669860839844,1.2978166341781616,-102.96837615966797,139.2704620361328,-8.33234691619873,close,4,2025-11-16T21:41:17.361916,my_hand_data\videos\close_seq4_20251116_214116_110468.avi,89.71793130985836,360,90,HIGH,VIDEO_RECORDING,2025-11-16T21:41:20.202094
2025-11-16 21:41:17.371975,113,2952,HandType.Left,0.6628888845443726,-139.7921142578125,192.3978271484375,4.8609700202941895,-0.23304198682308197,-0.9724506735801697,0.005574045702815056,-5.1529860496521,6.246860027313232,-1.7277092933654785,0.783660888671875,1.0,20.884645462036133,0,0,0,0,0,-120.66949462890625,144.75669860839844,1.2978166341781616,-102.96837615966797,139.2704620361328,-8.33234691619873,close,4,2025-11-16T21:41:17.371975,my_hand_data\videos\close_seq4_20251116_214116_110468.avi,89.71793130985836,360,90,HIGH,VIDEO_RECORDING,2025-11-16T21:41:20.202094
2025-11-16 21:41:17.382036,114,2952,HandType.Left,0.6628888845443726,-139.7921142578125,192.3978271484375,4.8609700202941895,-0.23304198682308197,-0.9724506735801697,0.005574045702815056,-5.1529860496521,6.246860027313232,-1.7277092933654785,0.783660888671875,1.0,20.884645462036133,0,0,0,0,0,-120.66949462890625,144.75669860839844,1.2978166341781616,-102.96837615966797,139.2704620361328,-8.33234691619873,close,4,2025-11-16T21:41:17.382036,my_hand_data\videos\close_seq4_20251116_214116_110468.avi,89.71793130985836,360,90,HIGH,VIDEO_RECORDING,2025-11-16T21:41:20.202094
2025-11-16 21:41:17.392093,115,2952,HandType.Left,0.6628888845443726,-139.7921142578125,192.3978271484375,4.8609700202941895,-0.23304198682308197,-0.9724506735801697,0.005574045702815056,-5.1529860496521,6.246860027313232,-1.7277092933654785,0.783660888671875,1.0,20.884645462036133,0,0,0,0,0,-120.66949462890625,144.75669860839844,1.2978166341781616,-102.96837615966797,139.2704620361328,-8.33234691619873,close,4,2025-11-16T21:41:17.392093,my_hand_data\videos\close_seq4_20251116_214116_110468.avi,89.71793130985836,360,90,HIGH,VIDEO_RECORDING,2025-11-16T21:41:20.202094
2025-11-16 21:41:17.402159,116,2952,HandType.Left,0.6628888845443726,-139.7921142578125,192.3978271484375,4.8609700202941895,-0.23304198682308197,-0.9724506735801697,0.005574045702815056,-5.1529860496521,6.246860027313232,-1.7277092933654785,0.783660888671875,1.0,20.884645462036133,0,0,0,0,0,-120.66949462890625,144.75669860839844,1.2978166341781616,-102.96837615966797,139.2704620361328,-8.33234691619873,close,4,2025-11-16T21:41:17.402159,my_hand_data\videos\close_seq4_20251116_214116_110468.avi,89.71793130985836,360,90,HIGH,VIDEO_RECORDING,2025-11-16T21:41:20.202094
2025-11-16 21:41:17.412216,117,2952,HandType.Left,0.6628888845443726,-139.7921142578125,192.3978271484375,4.8609700202941895,-0.23304198682308197,-0.9724506735801697,0.005574045702815056,-5.1529860496521,6.246860027313232,-1.7277092933654785,0.783660888671875,1.0,20.884645462036133,0,0,0,0,0,-120.66949462890625,144.75669860839844,1.2978166341781616,-102.96837615966797,139.2704620361328,-8.33234691619873,close,4,2025-11-16T21:41:17.412216,my_hand_data\videos\close_seq4_20251116_214116_110468.avi,89.71793130985836,360,90,HIGH,VIDEO_RECORDING,2025-11-16T21:41:20.202094
2025-11-16 21:41:17.424288,118,2952,HandType.Left,0.6628888845443726,-139.7921142578125,192.3978271484375,4.8609700202941895,-0.23304198682308197,-0.9724506735801697,0.005574045702815056,-5.1529860496521,6.246860027313232,-1.7277092933654785,0.783660888671875,1.0,20.884645462036133,0,0,0,0,0,-120.66949462890625,144.75669860839844,1.2978166341781616,-102.96837615966797,139.2704620361328,-8.33234691619873,close,4,2025-11-16T21:41:17.424288,my_hand_data\videos\close_seq4_20251116_214116_110468.avi,89.71793130985836,360,90,HIGH,VIDEO_RECORDING,2025-11-16T21:41:20.202094
2025-11-16 21:41:17.439893,119,2952,HandType.Left,0.6628888845443726,-139.7921142578125,192.3978271484375,4.8609700202941895,-0.23304198682308197,-0.9724506735801697,0.005574045702815056,-5.1529860496521,6.246860027313232,-1.7277092933654785,0.783660888671875,1.0,20.884645462036133,0,0,0,0,0,-120.66949462890625,144.75669860839844,1.2978166341781616,-102.96837615966797,139.2704620361328,-8.33234691619873,close,4,2025-11-16T21:41:17.439893,my_hand_data\videos\close_seq4_20251116_214116_110468.avi,89.71793130985836,360,90,HIGH,VIDEO_RECORDING,2025-11-16T21:41:20.202094
2025-11-16 21:41:17.443916,120,2952,HandType.Left,0.6628888845443726,-139.7921142578125,192.3978271484375,4.8609700202941895,-0.23304198682308197,-0.9724506735801697,0.005574045702815056,-5.1529860496521,6.246860027313232,-1.7277092933654785,0.783660888671875,1.0,20.884645462036133,0,0,0,0,0,-120.66949462890625,144.75669860839844,1.2978166341781616,-102.96837615966797,139.2704620361328,-8.33234691619873,close,4,2025-11-16T21:41:17.443916,my_hand_data\videos\close_seq4_20251116_214116_110468.avi,89.71793130985836,360,90,HIGH,VIDEO_RECORDING,2025-11-16T21:41:20.202094
2025-11-16 21:41:17.458012,121,2952,HandType.Left,0.6628888845443726,-139.7921142578125,192.3978271484375,4.8609700202941895,-0.23304198682308197,-0.9724506735801697,0.005574045702815056,-5.1529860496521,6.246860027313232,-1.7277092933654785,0.783660888671875,1.0,20.884645462036133,0,0,0,0,0,-120.66949462890625,144.75669860839844,1.2978166341781616,-102.96837615966797,139.2704620361328,-8.33234691619873,close,4,2025-11-16T21:41:17.458012,my_hand_data\videos\close_seq4_20251116_214116_110468.avi,89.71793130985836,360,90,HIGH,VIDEO_RECORDING,2025-11-16T21:41:20.202094
2025-11-16 21:41:17.477716,122,2952,HandType.Left,0.6523647904396057,-140.54620361328125,191.9622039794922,5.488997936248779,-0.27914291620254517,-0.9602375626564026,0.004796839319169521,-4.747374534606934,-7.5745744705200195,19.302410125732422,0.9247378706932068,1.0,3.930584192276001,0,0,0,0,0,-123.8655014038086,144.31654357910156,0.023004598915576935,-121.84581756591797,141.44053649902344,-1.7373794317245483,close,4,2025-11-16T21:41:17.477716,my_hand_data\videos\close_seq4_20251116_214116_110468.avi,89.71793130985836,360,90,HIGH,VIDEO_RECORDING,2025-11-16T21:41:20.202094
2025-11-16 21:41:17.481741,123,2952,HandType.Left,0.6524513363838196,-140.63967895507812,191.8607940673828,5.709005832672119,-0.278423547744751,-0.9604377746582031,0.006292263511568308,-8.332330703735352,-9.0399169921875,19.613788604736328,0.9285528063774109,1.0,3.7771873474121094,0,0,0,0,0,-123.87300872802734,144.2976837158203,0.35774800181388855,-122.00011444091797,141.45437622070312,-1.2777987718582153,close,4,2025-11-16T21:41:17.481741,my_hand_data\videos\close_seq4_20251116_214116_110468.avi,89.71793130985836,360,90,HIGH,VIDEO_RECORDING,2025-11-16T21:41:20.202094
2025-11-16 21:41:17.496063,124,2952,HandType.Left,0.6529818773269653,-140.82249450683594,191.8200225830078,5.911976337432861,-0.27687519788742065,-0.9608699083328247,0.008313513360917568,-16.025171279907227,-3.574028730392456,17.791940689086914,0.9346455931663513,1.0,3.747770071029663,0,0,0,0,0,-123.97840881347656,144.41615295410156,0.7859897017478943,-122.24845886230469,141.4950408935547,-0.8015111088752747,close,4,2025-11-16T21:41:17.496063,my_hand_data\videos\close_seq4_20251116_214116_110468.avi,89.71793130985836,360,90,HIGH,VIDEO_RECORDING,2025-11-16T21:41:20.202094
2025-11-16 21:41:17.500092,125,2952,HandType.Left,0.6526405215263367,-140.9960479736328,191.83663940429688,6.096272945404053,-0.2755242884159088,-0.961236834526062,0.010491575114428997,-16.009309768676758,1.5325064659118652,16.9999942779541,0.9376031756401062,1.0,3.545938014984131,0,0,0,0,0,-123.96174621582031,144.5162811279297,1.1445423364639282,-122.48297119140625,141.61624145507812,-0.26139897108078003,close,4,2025-11-16T21:41:17.500092,my_hand_data\videos\close_seq4_20251116_214116_110468.avi,89.71793130985836,360,90,HIGH,VIDEO_RECORDING,2025-11-16T21:41:20.202094
2025-11-16 21:41:17.512165,126,2952,HandType.Left,0.6515046954154968,-140.9925537109375,191.842529296875,6.1762824058532715,-0.2751794457435608,-0.9613014459609985,0.013259494677186012,0.31543904542922974,0.5327712297439575,7.238040924072266,0.9489653706550598,1.0,3.125930070877075,0,0,0,0,0,-123.89834594726562,144.53274536132812,1.520383596420288,-122.80066680908203,141.8780975341797,0.3305533826351166,close,4,2025-11-16T21:41:17.512165,my_hand_data\videos\close_seq4_20251116_214116_110468.avi,89.71793130985836,360,90,HIGH,VIDEO_RECORDING,2025-11-16T21:41:20.202094
2025-11-16 21:41:17.522227,127,2952,HandType.Left,0.6502893567085266,-140.9988555908203,191.93862915039062,6.176074028015137,-0.27519690990448,-0.9612332582473755,0.01724264584481716,-0.5787586569786072,8.826104164123535,-0.019124092534184456,0.9572209119796753,1.0,2.922137975692749,0,0,0,0,0,-123.89044189453125,144.59046936035156,1.9245240688323975,-122.89915466308594,142.15667724609375,0.6633363962173462,close,4,2025-11-16T21:41:17.522227,my_hand_data\videos\close_seq4_20251116_214116_110468.avi,89.71793130985836,360,90,HIGH,VIDEO_RECORDING,2025-11-16T21:41:20.202094
2025-11-16 21:41:17.541865,128,2952,HandType.Left,0.648050844669342,-140.97833251953125,192.02749633789062,6.189972400665283,-0.2755979001522064,-0.9610405564308167,0.021138029173016548,1.810969591140747,7.838708400726318,1.2259291410446167,0.9625186920166016,1.0,2.7073371410369873,0,0,0,0,0,-124.01431274414062,144.58616638183594,2.248436689376831,-123.11543273925781,142.36416625976562,0.9897053241729736,close,4,2025-11-16T21:41:17.541865,my_hand_data\videos\close_seq4_20251116_214116_110468.avi,89.71793130985836,360,90,HIGH,VIDEO_RECORDING,2025-11-16T21:41:20.202094
2025-11-16 21:41:17.545894,129,2952,HandType.Left,0.6467288136482239,-140.8852081298828,192.0111083984375,6.155020713806152,-0.27658143639564514,-0.9606792330741882,0.024457551538944244,8.48849105834961,-1.4937493801116943,-3.1861319541931152,0.9699171781539917,1.0,2.3968405723571777,0,0,0,0,0,-124.02010345458984,144.4552001953125,2.6304657459259033,-123.41900634765625,142.49172973632812,1.4296848773956299,close,4,2025-11-16T21:41:17.545894,my_hand_data\videos\close_seq4_20251116_214116_110468.avi,89.71793130985836,360,90,HIGH,VIDEO_RECORDING,2025-11-16T21:41:20.202094
2025-11-16 21:41:17.562003,130,2952,HandType.Left,0.6467826962471008,-140.7323455810547,191.87457275390625,6.030836582183838,-0.2761538326740265,-0.9606513381004333,0.02980060689151287,13.480752944946289,-12.039775848388672,-10.950968742370605,0.9796933531761169,1.0,1.7940785884857178,0,0,0,0,0,-123.91608428955078,144.1673126220703,3.055823564529419,-123.7260971069336,142.73187255859375,2.0615999698638916,close,4,2025-11-16T21:41:17.562003,my_hand_data\videos\close_seq4_20251116_214116_110468.avi,89.71793130985836,360,90,HIGH,VIDEO_RECORDING,2025-11-16T21:41:20.202094
2025-11-16 21:41:17.566032,131,2952,HandType.Left,0.6467826962471008,-140.7323455810547,191.87457275390625,6.030836582183838,-0.2761538326740265,-0.9606513381004333,0.02980060689151287,13.480752944946289,-12.039775848388672,-10.950968742370605,0.9796933531761169,1.0,1.7940785884857178,0,0,0,0,0,-123.91608428955078,144.1673126220703,3.055823564529419,-123.7260971069336,142.73187255859375,2.0615999698638916,close,4,2025-11-16T21:41:17.566032,my_hand_data\videos\close_seq4_20251116_214116_110468.avi,89.71793130985836,360,90,HIGH,VIDEO_RECORDING,2025-11-16T21:41:20.202094
2025-11-16 21:41:17.582141,132,2952,HandType.Left,0.6467826962471008,-140.7323455810547,191.87457275390625,6.030836582183838,-0.2761538326740265,-0.9606513381004333,0.02980060689151287,13.480752944946289,-12.039775848388672,-10.950968742370605,0.9796933531761169,1.0,1.7940785884857178,0,0,0,0,0,-123.91608428955078,144.1673126220703,3.055823564529419,-123.7260971069336,142.73187255859375,2.0615999698638916,close,4,2025-11-16T21:41:17.582141,my_hand_data\videos\close_seq4_20251116_214116_110468.avi,89.71793130985836,360,90,HIGH,VIDEO_RECORDING,2025-11-16T21:41:20.202094
2025-11-16 21:41:17.592212,133,2952,HandType.Left,0.6467826962471008,-140.7323455810547,191.87457275390625,6.030836582183838,-0.2761538326740265,-0.9606513381004333,0.02980060689151287,13.480752944946289,-12.039775848388672,-10.950968742370605,0.9796933531761169,1.0,1.7940785884857178,0,0,0,0,0,-123.91608428955078,144.1673126220703,3.055823564529419,-123.7260971069336,142.73187255859375,2.0615999698638916,close,4,2025-11-16T21:41:17.592212,my_hand_data\videos\close_seq4_20251116_214116_110468.avi,89.71793130985836,360,90,HIGH,VIDEO_RECORDING,2025-11-16T21:41:20.202094
2025-11-16 21:41:17.602283,134,2952,HandType.Left,0.6467826962471008,-140.7323455810547,191.87457275390625,6.030836582183838,-0.2761538326740265,-0.9606513381004333,0.02980060689151287,13.480752944946289,-12.039775848388672,-10.950968742370605,0.9796933531761169,1.0,1.7940785884857178,0,0,0,0,0,-123.91608428955078,144.1673126220703,3.055823564529419,-123.7260971069336,142.73187255859375,2.0615999698638916,close,4,2025-11-16T21:41:17.602283,my_hand_data\videos\close_seq4_20251116_214116_110468.avi,89.71793130985836,360,90,HIGH,VIDEO_RECORDING,2025-11-16T21:41:20.202094
2025-11-16 21:41:17.612350,135,2952,HandType.Left,0.6467826962471008,-140.7323455810547,191.87457275390625,6.030836582183838,-0.2761538326740265,-0.9606513381004333,0.02980060689151287,13.480752944946289,-12.039775848388672,-10.950968742370605,0.9796933531761169,1.0,1.7940785884857178,0,0,0,0,0,-123.91608428955078,144.1673126220703,3.055823564529419,-123.7260971069336,142.73187255859375,2.0615999698638916,close,4,2025-11-16T21:41:17.612350,my_hand_data\videos\close_seq4_20251116_214116_110468.avi,89.71793130985836,360,90,HIGH,VIDEO_RECORDING,2025-11-16T21:41:20.202094
2025-11-16 21:41:17.622422,136,2952,HandType.Left,0.6467826962471008,-140.7323455810547,191.87457275390625,6.030836582183838,-0.2761538326740265,-0.9606513381004333,0.02980060689151287,13.480752944946289,-12.039775848388672,-10.950968742370605,0.9796933531761169,1.0,1.7940785884857178,0,0,0,0,0,-123.91608428955078,144.1673126220703,3.055823564529419,-123.7260971069336,142.73187255859375,2.0615999698638916,close,4,2025-11-16T21:41:17.622422,my_hand_data\videos\close_seq4_20251116_214116_110468.avi,89.71793130985836,360,90,HIGH,VIDEO_RECORDING,2025-11-16T21:41:20.202094
2025-11-16 21:41:17.642051,137,2952,HandType.Left,0.6467826962471008,-140.7323455810547,191.87457275390625,6.030836582183838,-0.2761538326740265,-0.9606513381004333,0.02980060689151287,13.480752944946289,-12.039775848388672,-10.950968742370605,0.9796933531761169,1.0,1.7940785884857178,0,0,0,0,0,-123.91608428955078,144.1673126220703,3.055823564529419,-123.7260971069336,142.73187255859375,2.0615999698638916,close,4,2025-11-16T21:41:17.642051,my_hand_data\videos\close_seq4_20251116_214116_110468.avi,89.71793130985836,360,90,HIGH,VIDEO_RECORDING,2025-11-16T21:41:20.202094
2025-11-16 21:41:17.646075,138,2952,HandType.Left,0.6467826962471008,-140.7323455810547,191.87457275390625,6.030836582183838,-0.2761538326740265,-0.9606513381004333,0.02980060689151287,13.480752944946289,-12.039775848388672,-10.950968742370605,0.9796933531761169,1.0,1.7940785884857178,0,0,0,0,0,-123.91608428955078,144.1673126220703,3.055823564529419,-123.7260971069336,142.73187255859375,2.0615999698638916,close,4,2025-11-16T21:41:17.646075,my_hand_data\videos\close_seq4_20251116_214116_110468.avi,89.71793130985836,360,90,HIGH,VIDEO_RECORDING,2025-11-16T21:41:20.202094
2025-11-16 21:41:17.662182,139,2952,HandType.Left,0.6467826962471008,-140.7323455810547,191.87457275390625,6.030836582183838,-0.2761538326740265,-0.9606513381004333,0.02980060689151287,13.480752944946289,-12.039775848388672,-10.950968742370605,0.9796933531761169,1.0,1.7940785884857178,0,0,0,0,0,-123.91608428955078,144.1673126220703,3.055823564529419,-123.7260971069336,142.73187255859375,2.0615999698638916,close,4,2025-11-16T21:41:17.662182,my_hand_data\videos\close_seq4_20251116_214116_110468.avi,89.71793130985836,360,90,HIGH,VIDEO_RECORDING,2025-11-16T21:41:20.202094
2025-11-16 21:41:17.666207,140,2952,HandType.Left,0.6467826962471008,-140.7323455810547,191.87457275390625,6.030836582183838,-0.2761538326740265,-0.9606513381004333,0.02980060689151287,13.480752944946289,-12.039775848388672,-10.950968742370605,0.9796933531761169,1.0,1.7940785884857178,0,0,0,0,0,-123.91608428955078,144.1673126220703,3.055823564529419,-123.7260971069336,142.73187255859375,2.0615999698638916,close,4,2025-11-16T21:41:17.666207,my_hand_data\videos\close_seq4_20251116_214116_110468.avi,89.71793130985836,360,90,HIGH,VIDEO_RECORDING,2025-11-16T21:41:20.202094
2025-11-16 21:41:17.682311,141,2952,HandType.Left,0.6467826962471008,-140.7323455810547,191.87457275390625,6.030836582183838,-0.2761538326740265,-0.9606513381004333,0.02980060689151287,13.480752944946289,-12.039775848388672,-10.950968742370605,0.9796933531761169,1.0,1.7940785884857178,0,0,0,0,0,-123.91608428955078,144.1673126220703,3.055823564529419,-123.7260971069336,142.73187255859375,2.0615999698638916,close,4,2025-11-16T21:41:17.682311,my_hand_data\videos\close_seq4_20251116_214116_110468.avi,89.71793130985836,360,90,HIGH,VIDEO_RECORDING,2025-11-16T21:41:20.202094
2025-11-16 21:41:17.694398,142,2952,HandType.Left,0.6467826962471008,-140.7323455810547,191.87457275390625,6.030836582183838,-0.2761538326740265,-0.9606513381004333,0.02980060689151287,13.480752944946289,-12.039775848388672,-10.950968742370605,0.9796933531761169,1.0,1.7940785884857178,0,0,0,0,0,-123.91608428955078,144.1673126220703,3.055823564529419,-123.7260971069336,142.73187255859375,2.0615999698638916,close,4,2025-11-16T21:41:17.694398,my_hand_data\videos\close_seq4_20251116_214116_110468.avi,89.71793130985836,360,90,HIGH,VIDEO_RECORDING,2025-11-16T21:41:20.202094
2025-11-16 21:41:17.704463,143,2952,HandType.Left,0.6467826962471008,-140.7323455810547,191.87457275390625,6.030836582183838,-0.2761538326740265,-0.9606513381004333,0.02980060689151287,13.480752944946289,-12.039775848388672,-10.950968742370605,0.9796933531761169,1.0,1.7940785884857178,0,0,0,0,0,-123.91608428955078,144.1673126220703,3.055823564529419,-123.7260971069336,142.73187255859375,2.0615999698638916,close,4,2025-11-16T21:41:17.704463,my_hand_data\videos\close_seq4_20251116_214116_110468.avi,89.71793130985836,360,90,HIGH,VIDEO_RECORDING,2025-11-16T21:41:20.202094
2025-11-16 21:41:17.712511,144,2952,HandType.Left,0.6414054036140442,-140.91795349121094,194.2784881591797,6.463864803314209,-0.26601552963256836,-0.9610451459884644,0.07501942664384842,-2.34488844871521,26.554244995117188,6.191614151000977,1.0,1.0,2.189725160598755,0,0,0,0,0,-122.62103271484375,149.5800018310547,6.047017574310303,-126.66466522216797,146.79998779296875,7.678099155426025,close,4,2025-11-16T21:41:17.712511,my_hand_data\videos\close_seq4_20251116_214116_110468.avi,89.71793130985836,360,90,HIGH,VIDEO_RECORDING,2025-11-16T21:41:20.202094
2025-11-16 21:41:17.732305,145,2952,HandType.Left,0.6469290852546692,-140.61700439453125,194.9352264404297,6.468062877655029,-0.25625598430633545,-0.9645984172821045,0.06231173500418663,16.360977172851562,9.928374290466309,-5.37061882019043,1.0,1.0,2.356471061706543,0,0,0,0,0,-121.52001190185547,150.4364776611328,6.290597915649414,-126.27780151367188,148.4794158935547,7.267980098724365,close,4,2025-11-16T21:41:17.732305,my_hand_data\videos\close_seq4_20251116_214116_110468.avi,89.71793130985836,360,90,HIGH,VIDEO_RECORDING,2025-11-16T21:41:20.202094
2025-11-16 21:41:17.738351,146,2952,HandType.Left,0.6469290852546692,-140.61700439453125,194.9352264404297,6.468062877655029,-0.25625598430633545,-0.9645984172821045,0.06231173500418663,16.360977172851562,9.928374290466309,-5.37061882019043,1.0,1.0,2.356471061706543,0,0,0,0,0,-121.52001190185547,150.4364776611328,6.290597915649414,-126.27780151367188,148.4794158935547,7.267980098724365,close,4,2025-11-16T21:41:17.738351,my_hand_data\videos\close_seq4_20251116_214116_110468.avi,89.71793130985836,360,90,HIGH,VIDEO_RECORDING,2025-11-16T21:41:20.202094
2025-11-16 21:41:17.744398,147,2952,HandType.Left,0.6481728553771973,-140.40846252441406,195.09295654296875,6.396420955657959,-0.2530314326286316,-0.9656226634979248,0.05956461280584335,18.852169036865234,14.258251190185547,-6.476428985595703,1.0,1.0,2.3956351280212402,0,0,0,0,0,-121.22025299072266,150.4868927001953,6.369373798370361,-126.25508117675781,149.00189208984375,7.237889289855957,close,4,2025-11-16T21:41:17.744398,my_hand_data\videos\close_seq4_20251116_214116_110468.avi,89.71793130985836,360,90,HIGH,VIDEO_RECORDING,2025-11-16T21:41:20.202094
2025-11-16 21:41:17.762542,148,2952,HandType.Left,0.6507682800292969,-140.14907836914062,195.21359252929688,6.287158966064453,-0.25028473138809204,-0.966562807559967,0.05580264702439308,23.361591339111328,10.865571975708008,-9.840737342834473,1.0,1.0,2.4472146034240723,0,0,0,0,0,-120.9021224975586,150.5537109375,6.3299641609191895,-126.25312805175781,149.615478515625,7.219321250915527,close,4,2025-11-16T21:41:17.762542,my_hand_data\videos\close_seq4_20251116_214116_110468.avi,89.71793130985836,360,90,HIGH,VIDEO_RECORDING,2025-11-16T21:41:20.202094
2025-11-16 21:41:17.766571,149,2952,HandType.Left,0.6529189944267273,-139.90965270996094,195.40078735351562,6.221761703491211,-0.2484288066625595,-0.9672208428382874,0.05260181054472923,20.852230072021484,16.303436279296875,-5.695657253265381,1.0,1.0,2.626511812210083,0,0,0,0,0,-120.65628051757812,150.60133361816406,6.39030122756958,-126.23307037353516,150.2102813720703,7.210223197937012,close,4,2025-11-16T21:41:17.766571,my_hand_data\videos\close_seq4_20251116_214116_110468.avi,89.71793130985836,360,90,HIGH,VIDEO_RECORDING,2025-11-16T21:41:20.202094
2025-11-16 21:41:17.782689,150,2952,HandType.Left,0.6529189944267273,-139.90965270996094,195.40078735351562,6.221761703491211,-0.2484288066625595,-0.9672208428382874,0.05260181054472923,20.852230072021484,16.303436279296875,-5.695657253265381,1.0,1.0,2.626511812210083,0,0,0,0,0,-120.65628051757812,150.60133361816406,6.39030122756958,-126.23307037353516,150.2102813720703,7.210223197937012,close,4,2025-11-16T21:41:17.782689,my_hand_data\videos\close_seq4_20251116_214116_110468.avi,89.71793130985836,360,90,HIGH,VIDEO_RECORDING,2025-11-16T21:41:20.202094
2025-11-16 21:41:17.792770,151,2952,HandType.Left,0.6529189944267273,-139.90965270996094,195.40078735351562,6.221761703491211,-0.2484288066625595,-0.9672208428382874,0.05260181054472923,20.852230072021484,16.303436279296875,-5.695657253265381,1.0,1.0,2.626511812210083,0,0,0,0,0,-120.65628051757812,150.60133361816406,6.39030122756958,-126.23307037353516,150.2102813720703,7.210223197937012,close,4,2025-11-16T21:41:17.792770,my_hand_data\videos\close_seq4_20251116_214116_110468.avi,89.71793130985836,360,90,HIGH,VIDEO_RECORDING,2025-11-16T21:41:20.202094
2025-11-16 21:41:17.802840,152,2952,HandType.Left,0.6529189944267273,-139.90965270996094,195.40078735351562,6.221761703491211,-0.2484288066625595,-0.9672208428382874,0.05260181054472923,20.852230072021484,16.303436279296875,-5.695657253265381,1.0,1.0,2.626511812210083,0,0,0,0,0,-120.65628051757812,150.60133361816406,6.39030122756958,-126.23307037353516,150.2102813720703,7.210223197937012,close,4,2025-11-16T21:41:17.802840,my_hand_data\videos\close_seq4_20251116_214116_110468.avi,89.71793130985836,360,90,HIGH,VIDEO_RECORDING,2025-11-16T21:41:20.202094
2025-11-16 21:41:17.812916,153,2952,HandType.Left,0.6529189944267273,-139.90965270996094,195.40078735351562,6.221761703491211,-0.2484288066625595,-0.9672208428382874,0.05260181054472923,20.852230072021484,16.303436279296875,-5.695657253265381,1.0,1.0,2.626511812210083,0,0,0,0,0,-120.65628051757812,150.60133361816406,6.39030122756958,-126.23307037353516,150.2102813720703,7.210223197937012,close,4,2025-11-16T21:41:17.812916,my_hand_data\videos\close_seq4_20251116_214116_110468.avi,89.71793130985836,360,90,HIGH,VIDEO_RECORDING,2025-11-16T21:41:20.202094
2025-11-16 21:41:17.822999,154,2952,HandType.Left,0.6529189944267273,-139.90965270996094,195.40078735351562,6.221761703491211,-0.2484288066625595,-0.9672208428382874,0.05260181054472923,20.852230072021484,16.303436279296875,-5.695657253265381,1.0,1.0,2.626511812210083,0,0,0,0,0,-120.65628051757812,150.60133361816406,6.39030122756958,-126.23307037353516,150.2102813720703,7.210223197937012,close,4,2025-11-16T21:41:17.822999,my_hand_data\videos\close_seq4_20251116_214116_110468.avi,89.71793130985836,360,90,HIGH,VIDEO_RECORDING,2025-11-16T21:41:20.202094
2025-11-16 21:41:17.842658,155,2952,HandType.Left,0.6529189944267273,-139.90965270996094,195.40078735351562,6.221761703491211,-0.2484288066625595,-0.9672208428382874,0.05260181054472923,20.852230072021484,16.303436279296875,-5.695657253265381,1.0,1.0,2.626511812210083,0,0,0,0,0,-120.65628051757812,150.60133361816406,6.39030122756958,-126.23307037353516,150.2102813720703,7.210223197937012,close,4,2025-11-16T21:41:17.842658,my_hand_data\videos\close_seq4_20251116_214116_110468.avi,89.71793130985836,360,90,HIGH,VIDEO_RECORDING,2025-11-16T21:41:20.202094
2025-11-16 21:41:17.846687,156,2952,HandType.Left,0.6529189944267273,-139.90965270996094,195.40078735351562,6.221761703491211,-0.2484288066625595,-0.9672208428382874,0.05260181054472923,20.852230072021484,16.303436279296875,-5.695657253265381,1.0,1.0,2.626511812210083,0,0,0,0,0,-120.65628051757812,150.60133361816406,6.39030122756958,-126.23307037353516,150.2102813720703,7.210223197937012,close,4,2025-11-16T21:41:17.846687,my_hand_data\videos\close_seq4_20251116_214116_110468.avi,89.71793130985836,360,90,HIGH,VIDEO_RECORDING,2025-11-16T21:41:20.202094
2025-11-16 21:41:17.862794,157,2952,HandType.Left,0.6529189944267273,-139.90965270996094,195.40078735351562,6.221761703491211,-0.2484288066625595,-0.9672208428382874,0.05260181054472923,20.852230072021484,16.303436279296875,-5.695657253265381,1.0,1.0,2.626511812210083,0,0,0,0,0,-120.65628051757812,150.60133361816406,6.39030122756958,-126.23307037353516,150.2102813720703,7.210223197937012,close,4,2025-11-16T21:41:17.862794,my_hand_data\videos\close_seq4_20251116_214116_110468.avi,89.71793130985836,360,90,HIGH,VIDEO_RECORDING,2025-11-16T21:41:20.202094
2025-11-16 21:41:17.868846,158,2952,HandType.Left,0.6529189944267273,-139.90965270996094,195.40078735351562,6.221761703491211,-0.2484288066625595,-0.9672208428382874,0.05260181054472923,20.852230072021484,16.303436279296875,-5.695657253265381,1.0,1.0,2.626511812210083,0,0,0,0,0,-120.65628051757812,150.60133361816406,6.39030122756958,-126.23307037353516,150.2102813720703,7.210223197937012,close,4,2025-11-16T21:41:17.868846,my_hand_data\videos\close_seq4_20251116_214116_110468.avi,89.71793130985836,360,90,HIGH,VIDEO_RECORDING,2025-11-16T21:41:20.202094
2025-11-16 21:41:17.882965,159,2952,HandType.Left,0.6529189944267273,-139.90965270996094,195.40078735351562,6.221761703491211,-0.2484288066625595,-0.9672208428382874,0.05260181054472923,20.852230072021484,16.303436279296875,-5.695657253265381,1.0,1.0,2.626511812210083,0,0,0,0,0,-120.65628051757812,150.60133361816406,6.39030122756958,-126.23307037353516,150.2102813720703,7.210223197937012,close,4,2025-11-16T21:41:17.882965,my_hand_data\videos\close_seq4_20251116_214116_110468.avi,89.71793130985836,360,90,HIGH,VIDEO_RECORDING,2025-11-16T21:41:20.202094
2025-11-16 21:41:17.889013,160,2952,HandType.Left,0.6529189944267273,-139.90965270996094,195.40078735351562,6.221761703491211,-0.2484288066625595,-0.9672208428382874,0.05260181054472923,20.852230072021484,16.303436279296875,-5.695657253265381,1.0,1.0,2.626511812210083,0,0,0,0,0,-120.65628051757812,150.60133361816406,6.39030122756958,-126.23307037353516,150.2102813720703,7.210223197937012,close,4,2025-11-16T21:41:17.889013,my_hand_data\videos\close_seq4_20251116_214116_110468.avi,89.71793130985836,360,90,HIGH,VIDEO_RECORDING,2025-11-16T21:41:20.202094
2025-11-16 21:41:17.903088,161,2952,HandType.Left,0.6895485520362854,-136.50938415527344,197.01742553710938,5.695995807647705,-0.1949606090784073,-0.9807589650154114,0.010109570808708668,37.94575500488281,12.15742301940918,-5.385738849639893,1.0,1.0,5.0819196701049805,0,0,0,0,0,-118.08032989501953,151.02999877929688,3.866255283355713,-126.16878509521484,157.50274658203125,8.807945251464844,close,4,2025-11-16T21:41:17.903088,my_hand_data\videos\close_seq4_20251116_214116_110468.avi,89.71793130985836,360,90,HIGH,VIDEO_RECORDING,2025-11-16T21:41:20.202094
2025-11-16 21:41:17.913139,162,2952,HandType.Left,0.6895485520362854,-136.50938415527344,197.01742553710938,5.695995807647705,-0.1949606090784073,-0.9807589650154114,0.010109570808708668,37.94575500488281,12.15742301940918,-5.385738849639893,1.0,1.0,5.0819196701049805,0,0,0,0,0,-118.08032989501953,151.02999877929688,3.866255283355713,-126.16878509521484,157.50274658203125,8.807945251464844,close,4,2025-11-16T21:41:17.913139,my_hand_data\videos\close_seq4_20251116_214116_110468.avi,89.71793130985836,360,90,HIGH,VIDEO_RECORDING,2025-11-16T21:41:20.202094
2025-11-16 21:41:17.925376,163,2952,HandType.Left,0.6952704787254333,-135.81884765625,197.68551635742188,5.637458801269531,-0.18904328346252441,-0.981964111328125,0.003024482633918524,28.548097610473633,36.915733337402344,-2.6671950817108154,1.0,1.0,5.585774898529053,0,0,0,0,0,-117.70112609863281,151.1136474609375,3.639124870300293,-125.61619567871094,158.9251251220703,9.23356819152832,close,4,2025-11-16T21:41:17.925376,my_hand_data\videos\close_seq4_20251116_214116_110468.avi,89.71793130985836,360,90,HIGH,VIDEO_RECORDING,2025-11-16T21:41:20.202094
2025-11-16 21:41:17.943018,164,2952,HandType.Left,0.6952704787254333,-135.81884765625,197.68551635742188,5.637458801269531,-0.18904328346252441,-0.981964111328125,0.003024482633918524,28.548097610473633,36.915733337402344,-2.6671950817108154,1.0,1.0,5.585774898529053,0,0,0,0,0,-117.70112609863281,151.1136474609375,3.639124870300293,-125.61619567871094,158.9251251220703,9.23356819152832,close,4,2025-11-16T21:41:17.943018,my_hand_data\videos\close_seq4_20251116_214116_110468.avi,89.71793130985836,360,90,HIGH,VIDEO_RECORDING,2025-11-16T21:41:20.202094
2025-11-16 21:41:17.947050,165,2952,HandType.Left,0.6952704787254333,-135.81884765625,197.68551635742188,5.637458801269531,-0.18904328346252441,-0.981964111328125,0.003024482633918524,28.548097610473633,36.915733337402344,-2.6671950817108154,1.0,1.0,5.585774898529053,0,0,0,0,0,-117.70112609863281,151.1136474609375,3.639124870300293,-125.61619567871094,158.9251251220703,9.23356819152832,close,4,2025-11-16T21:41:17.947050,my_hand_data\videos\close_seq4_20251116_214116_110468.avi,89.71793130985836,360,90,HIGH,VIDEO_RECORDING,2025-11-16T21:41:20.202094
2025-11-16 21:41:17.963159,166,2952,HandType.Left,0.6952704787254333,-135.81884765625,197.68551635742188,5.637458801269531,-0.18904328346252441,-0.981964111328125,0.003024482633918524,28.548097610473633,36.915733337402344,-2.6671950817108154,1.0,1.0,5.585774898529053,0,0,0,0,0,-117.70112609863281,151.1136474609375,3.639124870300293,-125.61619567871094,158.9251251220703,9.23356819152832,close,4,2025-11-16T21:41:17.963159,my_hand_data\videos\close_seq4_20251116_214116_110468.avi,89.71793130985836,360,90,HIGH,VIDEO_RECORDING,2025-11-16T21:41:20.202094
2025-11-16 21:41:17.967181,167,2952,HandType.Left,0.6952704787254333,-135.81884765625,197.68551635742188,5.637458801269531,-0.18904328346252441,-0.981964111328125,0.003024482633918524,28.548097610473633,36.915733337402344,-2.6671950817108154,1.0,1.0,5.585774898529053,0,0,0,0,0,-117.70112609863281,151.1136474609375,3.639124870300293,-125.61619567871094,158.9251251220703,9.23356819152832,close,4,2025-11-16T21:41:17.967181,my_hand_data\videos\close_seq4_20251116_214116_110468.avi,89.71793130985836,360,90,HIGH,VIDEO_RECORDING,2025-11-16T21:41:20.202094
2025-11-16 21:41:17.985326,168,2952,HandType.Left,0.6952704787254333,-135.81884765625,197.68551635742188,5.637458801269531,-0.18904328346252441,-0.981964111328125,0.003024482633918524,28.548097610473633,36.915733337402344,-2.6671950817108154,1.0,1.0,5.585774898529053,0,0,0,0,0,-117.70112609863281,151.1136474609375,3.639124870300293,-125.61619567871094,158.9251251220703,9.23356819152832,close,4,2025-11-16T21:41:17.985326,my_hand_data\videos\close_seq4_20251116_214116_110468.avi,89.71793130985836,360,90,HIGH,VIDEO_RECORDING,2025-11-16T21:41:20.202094
2025-11-16 21:41:17.989355,169,2952,HandType.Left,0.6952704787254333,-135.81884765625,197.68551635742188,5.637458801269531,-0.18904328346252441,-0.981964111328125,0.003024482633918524,28.548097610473633,36.915733337402344,-2.6671950817108154,1.0,1.0,5.585774898529053,0,0,0,0,0,-117.70112609863281,151.1136474609375,3.639124870300293,-125.61619567871094,158.9251251220703,9.23356819152832,close,4,2025-11-16T21:41:17.989355,my_hand_data\videos\close_seq4_20251116_214116_110468.avi,89.71793130985836,360,90,HIGH,VIDEO_RECORDING,2025-11-16T21:41:20.202094
2025-11-16 21:41:18.003453,170,2952,HandType.Left,0.6952704787254333,-135.81884765625,197.68551635742188,5.637458801269531,-0.18904328346252441,-0.981964111328125,0.003024482633918524,28.548097610473633,36.915733337402344,-2.6671950817108154,1.0,1.0,5.585774898529053,0,0,0,0,0,-117.70112609863281,151.1136474609375,3.639124870300293,-125.61619567871094,158.9251251220703,9.23356819152832,close,4,2025-11-16T21:41:18.003453,my_hand_data\videos\close_seq4_20251116_214116_110468.avi,89.71793130985836,360,90,HIGH,VIDEO_RECORDING,2025-11-16T21:41:20.202094
2025-11-16 21:41:18.013545,171,2952,HandType.Left,0.6952704787254333,-135.81884765625,197.68551635742188,5.637458801269531,-0.18904328346252441,-0.981964111328125,0.003024482633918524,28.548097610473633,36.915733337402344,-2.6671950817108154,1.0,1.0,5.585774898529053,0,0,0,0,0,-117.70112609863281,151.1136474609375,3.639124870300293,-125.61619567871094,158.9251251220703,9.23356819152832,close,4,2025-11-16T21:41:18.013545,my_hand_data\videos\close_seq4_20251116_214116_110468.avi,89.71793130985836,360,90,HIGH,VIDEO_RECORDING,2025-11-16T21:41:20.202094
2025-11-16 21:41:18.023875,172,2952,HandType.Left,0.6952704787254333,-135.81884765625,197.68551635742188,5.637458801269531,-0.18904328346252441,-0.981964111328125,0.003024482633918524,28.548097610473633,36.915733337402344,-2.6671950817108154,1.0,1.0,5.585774898529053,0,0,0,0,0,-117.70112609863281,151.1136474609375,3.639124870300293,-125.61619567871094,158.9251251220703,9.23356819152832,close,4,2025-11-16T21:41:18.023875,my_hand_data\videos\close_seq4_20251116_214116_110468.avi,89.71793130985836,360,90,HIGH,VIDEO_RECORDING,2025-11-16T21:41:20.202094
2025-11-16 21:41:18.035975,173,2952,HandType.Left,0.6952704787254333,-135.81884765625,197.68551635742188,5.637458801269531,-0.18904328346252441,-0.981964111328125,0.003024482633918524,28.548097610473633,36.915733337402344,-2.6671950817108154,1.0,1.0,5.585774898529053,0,0,0,0,0,-117.70112609863281,151.1136474609375,3.639124870300293,-125.61619567871094,158.9251251220703,9.23356819152832,close,4,2025-11-16T21:41:18.035975,my_hand_data\videos\close_seq4_20251116_214116_110468.avi,89.71793130985836,360,90,HIGH,VIDEO_RECORDING,2025-11-16T21:41:20.202094
2025-11-16 21:41:18.048062,174,2952,HandType.Left,0.6952704787254333,-135.81884765625,197.68551635742188,5.637458801269531,-0.18904328346252441,-0.981964111328125,0.003024482633918524,28.548097610473633,36.915733337402344,-2.6671950817108154,1.0,1.0,5.585774898529053,0,0,0,0,0,-117.70112609863281,151.1136474609375,3.639124870300293,-125.61619567871094,158.9251251220703,9.23356819152832,close,4,2025-11-16T21:41:18.048062,my_hand_data\videos\close_seq4_20251116_214116_110468.avi,89.71793130985836,360,90,HIGH,VIDEO_RECORDING,2025-11-16T21:41:20.202094
2025-11-16 21:41:18.060148,175,2952,HandType.Left,0.6952704787254333,-135.81884765625,197.68551635742188,5.637458801269531,-0.18904328346252441,-0.981964111328125,0.003024482633918524,28.548097610473633,36.915733337402344,-2.6671950817108154,1.0,1.0,5.585774898529053,0,0,0,0,0,-117.70112609863281,151.1136474609375,3.639124870300293,-125.61619567871094,158.9251251220703,9.23356819152832,close,4,2025-11-16T21:41:18.060148,my_hand_data\videos\close_seq4_20251116_214116_110468.avi,89.71793130985836,360,90,HIGH,VIDEO_RECORDING,2025-11-16T21:41:20.202094
2025-11-16 21:41:18.068209,176,2952,HandType.Left,0.6952704787254333,-135.81884765625,197.68551635742188,5.637458801269531,-0.18904328346252441,-0.981964111328125,0.003024482633918524,28.548097610473633,36.915733337402344,-2.6671950817108154,1.0,1.0,5.585774898529053,0,0,0,0,0,-117.70112609863281,151.1136474609375,3.639124870300293,-125.61619567871094,158.9251251220703,9.23356819152832,close,4,2025-11-16T21:41:18.068209,my_hand_data\videos\close_seq4_20251116_214116_110468.avi,89.71793130985836,360,90,HIGH,VIDEO_RECORDING,2025-11-16T21:41:20.202094
2025-11-16 21:41:18.084316,177,2952,HandType.Left,0.6952704787254333,-135.81884765625,197.68551635742188,5.637458801269531,-0.18904328346252441,-0.981964111328125,0.003024482633918524,28.548097610473633,36.915733337402344,-2.6671950817108154,1.0,1.0,5.585774898529053,0,0,0,0,0,-117.70112609863281,151.1136474609375,3.639124870300293,-125.61619567871094,158.9251251220703,9.23356819152832,close,4,2025-11-16T21:41:18.084316,my_hand_data\videos\close_seq4_20251116_214116_110468.avi,89.71793130985836,360,90,HIGH,VIDEO_RECORDING,2025-11-16T21:41:20.202094
2025-11-16 21:41:18.088334,178,2952,HandType.Left,0.6952704787254333,-135.81884765625,197.68551635742188,5.637458801269531,-0.18904328346252441,-0.981964111328125,0.003024482633918524,28.548097610473633,36.915733337402344,-2.6671950817108154,1.0,1.0,5.585774898529053,0,0,0,0,0,-117.70112609863281,151.1136474609375,3.639124870300293,-125.61619567871094,158.9251251220703,9.23356819152832,close,4,2025-11-16T21:41:18.088334,my_hand_data\videos\close_seq4_20251116_214116_110468.avi,89.71793130985836,360,90,HIGH,VIDEO_RECORDING,2025-11-16T21:41:20.202094
2025-11-16 21:41:18.104420,179,2952,HandType.Left,0.6952704787254333,-135.81884765625,197.68551635742188,5.637458801269531,-0.18904328346252441,-0.981964111328125,0.003024482633918524,28.548097610473633,36.915733337402344,-2.6671950817108154,1.0,1.0,5.585774898529053,0,0,0,0,0,-117.70112609863281,151.1136474609375,3.639124870300293,-125.61619567871094,158.9251251220703,9.23356819152832,close,4,2025-11-16T21:41:18.104420,my_hand_data\videos\close_seq4_20251116_214116_110468.avi,89.71793130985836,360,90,HIGH,VIDEO_RECORDING,2025-11-16T21:41:20.202094
2025-11-16 21:41:18.114729,180,2952,HandType.Left,0.6952704787254333,-135.81884765625,197.68551635742188,5.637458801269531,-0.18904328346252441,-0.981964111328125,0.003024482633918524,28.548097610473633,36.915733337402344,-2.6671950817108154,1.0,1.0,5.585774898529053,0,0,0,0,0,-117.70112609863281,151.1136474609375,3.639124870300293,-125.61619567871094,158.9251251220703,9.23356819152832,close,4,2025-11-16T21:41:18.114729,my_hand_data\videos\close_seq4_20251116_214116_110468.avi,89.71793130985836,360,90,HIGH,VIDEO_RECORDING,2025-11-16T21:41:20.202094
2025-11-16 21:41:18.124797,181,2952,HandType.Left,0.6952704787254333,-135.81884765625,197.68551635742188,5.637458801269531,-0.18904328346252441,-0.981964111328125,0.003024482633918524,28.548097610473633,36.915733337402344,-2.6671950817108154,1.0,1.0,5.585774898529053,0,0,0,0,0,-117.70112609863281,151.1136474609375,3.639124870300293,-125.61619567871094,158.9251251220703,9.23356819152832,close,4,2025-11-16T21:41:18.124797,my_hand_data\videos\close_seq4_20251116_214116_110468.avi,89.71793130985836,360,90,HIGH,VIDEO_RECORDING,2025-11-16T21:41:20.202094
2025-11-16 21:41:18.136890,182,2952,HandType.Left,0.6952704787254333,-135.81884765625,197.68551635742188,5.637458801269531,-0.18904328346252441,-0.981964111328125,0.003024482633918524,28.548097610473633,36.915733337402344,-2.6671950817108154,1.0,1.0,5.585774898529053,0,0,0,0,0,-117.70112609863281,151.1136474609375,3.639124870300293,-125.61619567871094,158.9251251220703,9.23356819152832,close,4,2025-11-16T21:41:18.136890,my_hand_data\videos\close_seq4_20251116_214116_110468.avi,89.71793130985836,360,90,HIGH,VIDEO_RECORDING,2025-11-16T21:41:20.202094
2025-11-16 21:41:18.155020,183,2952,HandType.Left,0.6952704787254333,-135.81884765625,197.68551635742188,5.637458801269531,-0.18904328346252441,-0.981964111328125,0.003024482633918524,28.548097610473633,36.915733337402344,-2.6671950817108154,1.0,1.0,5.585774898529053,0,0,0,0,0,-117.70112609863281,151.1136474609375,3.639124870300293,-125.61619567871094,158.9251251220703,9.23356819152832,close,4,2025-11-16T21:41:18.155020,my_hand_data\videos\close_seq4_20251116_214116_110468.avi,89.71793130985836,360,90,HIGH,VIDEO_RECORDING,2025-11-16T21:41:20.202094
2025-11-16 21:41:18.159050,184,2952,HandType.Left,0.6952704787254333,-135.81884765625,197.68551635742188,5.637458801269531,-0.18904328346252441,-0.981964111328125,0.003024482633918524,28.548097610473633,36.915733337402344,-2.6671950817108154,1.0,1.0,5.585774898529053,0,0,0,0,0,-117.70112609863281,151.1136474609375,3.639124870300293,-125.61619567871094,158.9251251220703,9.23356819152832,close,4,2025-11-16T21:41:18.159050,my_hand_data\videos\close_seq4_20251116_214116_110468.avi,89.71793130985836,360,90,HIGH,VIDEO_RECORDING,2025-11-16T21:41:20.202094
2025-11-16 21:41:18.167107,185,2952,HandType.Left,0.6952704787254333,-135.81884765625,197.68551635742188,5.637458801269531,-0.18904328346252441,-0.981964111328125,0.003024482633918524,28.548097610473633,36.915733337402344,-2.6671950817108154,1.0,1.0,5.585774898529053,0,0,0,0,0,-117.70112609863281,151.1136474609375,3.639124870300293,-125.61619567871094,158.9251251220703,9.23356819152832,close,4,2025-11-16T21:41:18.167107,my_hand_data\videos\close_seq4_20251116_214116_110468.avi,89.71793130985836,360,90,HIGH,VIDEO_RECORDING,2025-11-16T21:41:20.202094
2025-11-16 21:41:18.185238,186,2952,HandType.Left,0.6952704787254333,-135.81884765625,197.68551635742188,5.637458801269531,-0.18904328346252441,-0.981964111328125,0.003024482633918524,28.548097610473633,36.915733337402344,-2.6671950817108154,1.0,1.0,5.585774898529053,0,0,0,0,0,-117.70112609863281,151.1136474609375,3.639124870300293,-125.61619567871094,158.9251251220703,9.23356819152832,close,4,2025-11-16T21:41:18.185238,my_hand_data\videos\close_seq4_20251116_214116_110468.avi,89.71793130985836,360,90,HIGH,VIDEO_RECORDING,2025-11-16T21:41:20.202094
2025-11-16 21:41:18.189270,187,2952,HandType.Left,0.6952704787254333,-135.81884765625,197.68551635742188,5.637458801269531,-0.18904328346252441,-0.981964111328125,0.003024482633918524,28.548097610473633,36.915733337402344,-2.6671950817108154,1.0,1.0,5.585774898529053,0,0,0,0,0,-117.70112609863281,151.1136474609375,3.639124870300293,-125.61619567871094,158.9251251220703,9.23356819152832,close,4,2025-11-16T21:41:18.189270,my_hand_data\videos\close_seq4_20251116_214116_110468.avi,89.71793130985836,360,90,HIGH,VIDEO_RECORDING,2025-11-16T21:41:20.202094
2025-11-16 21:41:18.205388,188,2952,HandType.Left,0.6952704787254333,-135.81884765625,197.68551635742188,5.637458801269531,-0.18904328346252441,-0.981964111328125,0.003024482633918524,28.548097610473633,36.915733337402344,-2.6671950817108154,1.0,1.0,5.585774898529053,0,0,0,0,0,-117.70112609863281,151.1136474609375,3.639124870300293,-125.61619567871094,158.9251251220703,9.23356819152832,close,4,2025-11-16T21:41:18.205388,my_hand_data\videos\close_seq4_20251116_214116_110468.avi,89.71793130985836,360,90,HIGH,VIDEO_RECORDING,2025-11-16T21:41:20.202094
2025-11-16 21:41:18.211441,189,2952,HandType.Left,0.7116870284080505,-132.98663330078125,200.294921875,8.174088478088379,-0.12005295604467392,-0.9902858138084412,-0.07015176117420197,0.1690680831670761,-4.439875602722168,-1.1963777542114258,1.0,1.0,3.183828115463257,0,0,0,0,0,-113.34825897216797,162.17129516601562,-3.107687473297119,-118.48332977294922,164.0868682861328,11.17727279663086,close,4,2025-11-16T21:41:18.211441,my_hand_data\videos\close_seq4_20251116_214116_110468.avi,89.71793130985836,360,90,HIGH,VIDEO_RECORDING,2025-11-16T21:41:20.202094
2025-11-16 21:41:18.225551,190,2952,HandType.Left,0.7111008763313293,-133.05455017089844,200.0998992919922,8.028057098388672,-0.12169545888900757,-0.9898515939712524,-0.07337560504674911,-1.5911821126937866,-6.758967399597168,-4.119307994842529,1.0,1.0,3.5808658599853516,0,0,0,0,0,-113.27384948730469,162.43136596679688,-3.3972599506378174,-118.4974136352539,163.8414306640625,10.96780776977539,close,4,2025-11-16T21:41:18.225551,my_hand_data\videos\close_seq4_20251116_214116_110468.avi,89.71793130985836,360,90,HIGH,VIDEO_RECORDING,2025-11-16T21:41:20.202094
2025-11-16 21:41:18.235120,191,2952,HandType.Left,0.7111006379127502,-133.07716369628906,200.0094757080078,7.975852012634277,-0.12183482199907303,-0.9898098111152649,-0.07370752841234207,-2.020507574081421,-8.077492713928223,-4.663667678833008,1.0,1.0,3.695096492767334,0,0,0,0,0,-113.28395080566406,162.45809936523438,-3.4845798015594482,-118.515625,163.7509307861328,10.920149803161621,close,4,2025-11-16T21:41:18.235120,my_hand_data\videos\close_seq4_20251116_214116_110468.avi,89.71793130985836,360,90,HIGH,VIDEO_RECORDING,2025-11-16T21:41:20.202094
2025-11-16 21:41:18.245187,192,2952,HandType.Left,0.7111006379127502,-133.07716369628906,200.0094757080078,7.975852012634277,-0.12183482199907303,-0.9898098111152649,-0.07370752841234207,-2.020507574081421,-8.077492713928223,-4.663667678833008,1.0,1.0,3.695096492767334,0,0,0,0,0,-113.28395080566406,162.45809936523438,-3.4845798015594482,-118.515625,163.7509307861328,10.920149803161621,close,4,2025-11-16T21:41:18.245187,my_hand_data\videos\close_seq4_20251116_214116_110468.avi,89.71793130985836,360,90,HIGH,VIDEO_RECORDING,2025-11-16T21:41:20.202094
2025-11-16 21:41:18.265320,193,2952,HandType.Left,0.7111006379127502,-133.07716369628906,200.0094757080078,7.975852012634277,-0.12183482199907303,-0.9898098111152649,-0.07370752841234207,-2.020507574081421,-8.077492713928223,-4.663667678833008,1.0,1.0,3.695096492767334,0,0,0,0,0,-113.28395080566406,162.45809936523438,-3.4845798015594482,-118.515625,163.7509307861328,10.920149803161621,close,4,2025-11-16T21:41:18.265320,my_hand_data\videos\close_seq4_20251116_214116_110468.avi,89.71793130985836,360,90,HIGH,VIDEO_RECORDING,2025-11-16T21:41:20.202094
2025-11-16 21:41:18.269344,194,2952,HandType.Left,0.7111006379127502,-133.07716369628906,200.0094757080078,7.975852012634277,-0.12183482199907303,-0.9898098111152649,-0.07370752841234207,-2.020507574081421,-8.077492713928223,-4.663667678833008,1.0,1.0,3.695096492767334,0,0,0,0,0,-113.28395080566406,162.45809936523438,-3.4845798015594482,-118.515625,163.7509307861328,10.920149803161621,close,4,2025-11-16T21:41:18.269344,my_hand_data\videos\close_seq4_20251116_214116_110468.avi,89.71793130985836,360,90,HIGH,VIDEO_RECORDING,2025-11-16T21:41:20.202094
2025-11-16 21:41:18.285448,195,2952,HandType.Left,0.7111006379127502,-133.07716369628906,200.0094757080078,7.975852012634277,-0.12183482199907303,-0.9898098111152649,-0.07370752841234207,-2.020507574081421,-8.077492713928223,-4.663667678833008,1.0,1.0,3.695096492767334,0,0,0,0,0,-113.28395080566406,162.45809936523438,-3.4845798015594482,-118.515625,163.7509307861328,10.920149803161621,close,4,2025-11-16T21:41:18.285448,my_hand_data\videos\close_seq4_20251116_214116_110468.avi,89.71793130985836,360,90,HIGH,VIDEO_RECORDING,2025-11-16T21:41:20.202094
2025-11-16 21:41:18.289478,196,2952,HandType.Left,0.7111006379127502,-133.07716369628906,200.0094757080078,7.975852012634277,-0.12183482199907303,-0.9898098111152649,-0.07370752841234207,-2.020507574081421,-8.077492713928223,-4.663667678833008,1.0,1.0,3.695096492767334,0,0,0,0,0,-113.28395080566406,162.45809936523438,-3.4845798015594482,-118.515625,163.7509307861328,10.920149803161621,close,4,2025-11-16T21:41:18.289478,my_hand_data\videos\close_seq4_20251116_214116_110468.avi,89.71793130985836,360,90,HIGH,VIDEO_RECORDING,2025-11-16T21:41:20.202094
2025-11-16 21:41:18.305588,197,2952,HandType.Left,0.7111006379127502,-133.07716369628906,200.0094757080078,7.975852012634277,-0.12183482199907303,-0.9898098111152649,-0.07370752841234207,-2.020507574081421,-8.077492713928223,-4.663667678833008,1.0,1.0,3.695096492767334,0,0,0,0,0,-113.28395080566406,162.45809936523438,-3.4845798015594482,-118.515625,163.7509307861328,10.920149803161621,close,4,2025-11-16T21:41:18.305588,my_hand_data\videos\close_seq4_20251116_214116_110468.avi,89.71793130985836,360,90,HIGH,VIDEO_RECORDING,2025-11-16T21:41:20.202094
2025-11-16 21:41:18.315655,198,2952,HandType.Left,0.7111006379127502,-133.07716369628906,200.0094757080078,7.975852012634277,-0.12183482199907303,-0.9898098111152649,-0.07370752841234207,-2.020507574081421,-8.077492713928223,-4.663667678833008,1.0,1.0,3.695096492767334,0,0,0,0,0,-113.28395080566406,162.45809936523438,-3.4845798015594482,-118.515625,163.7509307861328,10.920149803161621,close,4,2025-11-16T21:41:18.315655,my_hand_data\videos\close_seq4_20251116_214116_110468.avi,89.71793130985836,360,90,HIGH,VIDEO_RECORDING,2025-11-16T21:41:20.202094
2025-11-16 21:41:18.327738,199,2952,HandType.Left,0.7111006379127502,-133.07716369628906,200.0094757080078,7.975852012634277,-0.12183482199907303,-0.9898098111152649,-0.07370752841234207,-2.020507574081421,-8.077492713928223,-4.663667678833008,1.0,1.0,3.695096492767334,0,0,0,0,0,-113.28395080566406,162.45809936523438,-3.4845798015594482,-118.515625,163.7509307861328,10.920149803161621,close,4,2025-11-16T21:41:18.327738,my_hand_data\videos\close_seq4_20251116_214116_110468.avi,89.71793130985836,360,90,HIGH,VIDEO_RECORDING,2025-11-16T21:41:20.202094
2025-11-16 21:41:18.333275,200,2952,HandType.Left,0.7111006379127502,-133.07716369628906,200.0094757080078,7.975852012634277,-0.12183482199907303,-0.9898098111152649,-0.07370752841234207,-2.020507574081421,-8.077492713928223,-4.663667678833008,1.0,1.0,3.695096492767334,0,0,0,0,0,-113.28395080566406,162.45809936523438,-3.4845798015594482,-118.515625,163.7509307861328,10.920149803161621,close,4,2025-11-16T21:41:18.333275,my_hand_data\videos\close_seq4_20251116_214116_110468.avi,89.71793130985836,360,90,HIGH,VIDEO_RECORDING,2025-11-16T21:41:20.202094
2025-11-16 21:41:18.345357,201,2952,HandType.Left,0.7111006379127502,-133.07716369628906,200.0094757080078,7.975852012634277,-0.12183482199907303,-0.9898098111152649,-0.07370752841234207,-2.020507574081421,-8.077492713928223,-4.663667678833008,1.0,1.0,3.695096492767334,0,0,0,0,0,-113.28395080566406,162.45809936523438,-3.4845798015594482,-118.515625,163.7509307861328,10.920149803161621,close,4,2025-11-16T21:41:18.345357,my_hand_data\videos\close_seq4_20251116_214116_110468.avi,89.71793130985836,360,90,HIGH,VIDEO_RECORDING,2025-11-16T21:41:20.202094
2025-11-16 21:41:18.365509,202,2952,HandType.Left,0.7111006379127502,-133.07716369628906,200.0094757080078,7.975852012634277,-0.12183482199907303,-0.9898098111152649,-0.07370752841234207,-2.020507574081421,-8.077492713928223,-4.663667678833008,1.0,1.0,3.695096492767334,0,0,0,0,0,-113.28395080566406,162.45809936523438,-3.4845798015594482,-118.515625,163.7509307861328,10.920149803161621,close,4,2025-11-16T21:41:18.365509,my_hand_data\videos\close_seq4_20251116_214116_110468.avi,89.71793130985836,360,90,HIGH,VIDEO_RECORDING,2025-11-16T21:41:20.202094
2025-11-16 21:41:18.369539,203,2952,HandType.Left,0.7111006379127502,-133.07716369628906,200.0094757080078,7.975852012634277,-0.12183482199907303,-0.9898098111152649,-0.07370752841234207,-2.020507574081421,-8.077492713928223,-4.663667678833008,1.0,1.0,3.695096492767334,0,0,0,0,0,-113.28395080566406,162.45809936523438,-3.4845798015594482,-118.515625,163.7509307861328,10.920149803161621,close,4,2025-11-16T21:41:18.369539,my_hand_data\videos\close_seq4_20251116_214116_110468.avi,89.71793130985836,360,90,HIGH,VIDEO_RECORDING,2025-11-16T21:41:20.202094
2025-11-16 21:41:18.385646,204,2952,HandType.Left,0.7111006379127502,-133.07716369628906,200.0094757080078,7.975852012634277,-0.12183482199907303,-0.9898098111152649,-0.07370752841234207,-2.020507574081421,-8.077492713928223,-4.663667678833008,1.0,1.0,3.695096492767334,0,0,0,0,0,-113.28395080566406,162.45809936523438,-3.4845798015594482,-118.515625,163.7509307861328,10.920149803161621,close,4,2025-11-16T21:41:18.385646,my_hand_data\videos\close_seq4_20251116_214116_110468.avi,89.71793130985836,360,90,HIGH,VIDEO_RECORDING,2025-11-16T21:41:20.202094
2025-11-16 21:41:18.389673,205,2952,HandType.Left,0.7111006379127502,-133.07716369628906,200.0094757080078,7.975852012634277,-0.12183482199907303,-0.9898098111152649,-0.07370752841234207,-2.020507574081421,-8.077492713928223,-4.663667678833008,1.0,1.0,3.695096492767334,0,0,0,0,0,-113.28395080566406,162.45809936523438,-3.4845798015594482,-118.515625,163.7509307861328,10.920149803161621,close,4,2025-11-16T21:41:18.389673,my_hand_data\videos\close_seq4_20251116_214116_110468.avi,89.71793130985836,360,90,HIGH,VIDEO_RECORDING,2025-11-16T21:41:20.202094
2025-11-16 21:41:18.405777,206,2952,HandType.Left,0.7111006379127502,-133.07716369628906,200.0094757080078,7.975852012634277,-0.12183482199907303,-0.9898098111152649,-0.07370752841234207,-2.020507574081421,-8.077492713928223,-4.663667678833008,1.0,1.0,3.695096492767334,0,0,0,0,0,-113.28395080566406,162.45809936523438,-3.4845798015594482,-118.515625,163.7509307861328,10.920149803161621,close,4,2025-11-16T21:41:18.405777,my_hand_data\videos\close_seq4_20251116_214116_110468.avi,89.71793130985836,360,90,HIGH,VIDEO_RECORDING,2025-11-16T21:41:20.202094
2025-11-16 21:41:18.409804,207,2952,HandType.Left,0.7111006379127502,-133.07716369628906,200.0094757080078,7.975852012634277,-0.12183482199907303,-0.9898098111152649,-0.07370752841234207,-2.020507574081421,-8.077492713928223,-4.663667678833008,1.0,1.0,3.695096492767334,0,0,0,0,0,-113.28395080566406,162.45809936523438,-3.4845798015594482,-118.515625,163.7509307861328,10.920149803161621,close,4,2025-11-16T21:41:18.409804,my_hand_data\videos\close_seq4_20251116_214116_110468.avi,89.71793130985836,360,90,HIGH,VIDEO_RECORDING,2025-11-16T21:41:20.202094
2025-11-16 21:41:18.425905,208,2952,HandType.Left,0.7111006379127502,-133.07716369628906,200.0094757080078,7.975852012634277,-0.12183482199907303,-0.9898098111152649,-0.07370752841234207,-2.020507574081421,-8.077492713928223,-4.663667678833008,1.0,1.0,3.695096492767334,0,0,0,0,0,-113.28395080566406,162.45809936523438,-3.4845798015594482,-118.515625,163.7509307861328,10.920149803161621,close,4,2025-11-16T21:41:18.425905,my_hand_data\videos\close_seq4_20251116_214116_110468.avi,89.71793130985836,360,90,HIGH,VIDEO_RECORDING,2025-11-16T21:41:20.202094
2025-11-16 21:41:18.435471,209,2952,HandType.Left,0.7111006379127502,-133.07716369628906,200.0094757080078,7.975852012634277,-0.12183482199907303,-0.9898098111152649,-0.07370752841234207,-2.020507574081421,-8.077492713928223,-4.663667678833008,1.0,1.0,3.695096492767334,0,0,0,0,0,-113.28395080566406,162.45809936523438,-3.4845798015594482,-118.515625,163.7509307861328,10.920149803161621,close,4,2025-11-16T21:41:18.435471,my_hand_data\videos\close_seq4_20251116_214116_110468.avi,89.71793130985836,360,90,HIGH,VIDEO_RECORDING,2025-11-16T21:41:20.202094
2025-11-16 21:41:18.445536,210,2952,HandType.Left,0.7111006379127502,-133.07716369628906,200.0094757080078,7.975852012634277,-0.12183482199907303,-0.9898098111152649,-0.07370752841234207,-2.020507574081421,-8.077492713928223,-4.663667678833008,1.0,1.0,3.695096492767334,0,0,0,0,0,-113.28395080566406,162.45809936523438,-3.4845798015594482,-118.515625,163.7509307861328,10.920149803161621,close,4,2025-11-16T21:41:18.445536,my_hand_data\videos\close_seq4_20251116_214116_110468.avi,89.71793130985836,360,90,HIGH,VIDEO_RECORDING,2025-11-16T21:41:20.202094
2025-11-16 21:41:18.455604,211,2952,HandType.Left,0.7111006379127502,-133.07716369628906,200.0094757080078,7.975852012634277,-0.12183482199907303,-0.9898098111152649,-0.07370752841234207,-2.020507574081421,-8.077492713928223,-4.663667678833008,1.0,1.0,3.695096492767334,0,0,0,0,0,-113.28395080566406,162.45809936523438,-3.4845798015594482,-118.515625,163.7509307861328,10.920149803161621,close,4,2025-11-16T21:41:18.455604,my_hand_data\videos\close_seq4_20251116_214116_110468.avi,89.71793130985836,360,90,HIGH,VIDEO_RECORDING,2025-11-16T21:41:20.202094
2025-11-16 21:41:18.466057,212,2952,HandType.Left,0.7111006379127502,-133.07716369628906,200.0094757080078,7.975852012634277,-0.12183482199907303,-0.9898098111152649,-0.07370752841234207,-2.020507574081421,-8.077492713928223,-4.663667678833008,1.0,1.0,3.695096492767334,0,0,0,0,0,-113.28395080566406,162.45809936523438,-3.4845798015594482,-118.515625,163.7509307861328,10.920149803161621,close,4,2025-11-16T21:41:18.466057,my_hand_data\videos\close_seq4_20251116_214116_110468.avi,89.71793130985836,360,90,HIGH,VIDEO_RECORDING,2025-11-16T21:41:20.202094
2025-11-16 21:41:18.486185,213,2952,HandType.Left,0.7111006379127502,-133.07716369628906,200.0094757080078,7.975852012634277,-0.12183482199907303,-0.9898098111152649,-0.07370752841234207,-2.020507574081421,-8.077492713928223,-4.663667678833008,1.0,1.0,3.695096492767334,0,0,0,0,0,-113.28395080566406,162.45809936523438,-3.4845798015594482,-118.515625,163.7509307861328,10.920149803161621,close,4,2025-11-16T21:41:18.486185,my_hand_data\videos\close_seq4_20251116_214116_110468.avi,89.71793130985836,360,90,HIGH,VIDEO_RECORDING,2025-11-16T21:41:20.202094
2025-11-16 21:41:18.490213,214,2952,HandType.Left,0.7111006379127502,-133.07716369628906,200.0094757080078,7.975852012634277,-0.12183482199907303,-0.9898098111152649,-0.07370752841234207,-2.020507574081421,-8.077492713928223,-4.663667678833008,1.0,1.0,3.695096492767334,0,0,0,0,0,-113.28395080566406,162.45809936523438,-3.4845798015594482,-118.515625,163.7509307861328,10.920149803161621,close,4,2025-11-16T21:41:18.490213,my_hand_data\videos\close_seq4_20251116_214116_110468.avi,89.71793130985836,360,90,HIGH,VIDEO_RECORDING,2025-11-16T21:41:20.202094
2025-11-16 21:41:18.506328,215,2952,HandType.Left,0.7078538537025452,-133.88131713867188,200.37107849121094,8.846012115478516,-0.12094400823116302,-0.9902596473693848,-0.06898138672113419,-8.566513061523438,-2.3087515830993652,3.5588247776031494,1.0,1.0,4.891068935394287,0,0,0,0,0,-113.20796966552734,164.591552734375,-2.6324753761291504,-119.9056396484375,164.3697967529297,12.185079574584961,close,4,2025-11-16T21:41:18.506328,my_hand_data\videos\close_seq4_20251116_214116_110468.avi,89.71793130985836,360,90,HIGH,VIDEO_RECORDING,2025-11-16T21:41:20.202094
2025-11-16 21:41:18.510360,216,2952,HandType.Left,0.7078538537025452,-133.88131713867188,200.37107849121094,8.846012115478516,-0.12094400823116302,-0.9902596473693848,-0.06898138672113419,-8.566513061523438,-2.3087515830993652,3.5588247776031494,1.0,1.0,4.891068935394287,0,0,0,0,0,-113.20796966552734,164.591552734375,-2.6324753761291504,-119.9056396484375,164.3697967529297,12.185079574584961,close,4,2025-11-16T21:41:18.510360,my_hand_data\videos\close_seq4_20251116_214116_110468.avi,89.71793130985836,360,90,HIGH,VIDEO_RECORDING,2025-11-16T21:41:20.202094
2025-11-16 21:41:18.526885,217,2952,HandType.Left,0.7073853015899658,-134.10479736328125,200.27664184570312,8.864395141601562,-0.12215885519981384,-0.9900696277618408,-0.06956569850444794,-9.837373733520508,-4.968061447143555,0.9891505241394043,1.0,1.0,4.855434417724609,0,0,0,0,0,-113.56626892089844,164.44203186035156,-2.60937762260437,-120.15028381347656,164.26329040527344,12.158990859985352,close,4,2025-11-16T21:41:18.526885,my_hand_data\videos\close_seq4_20251116_214116_110468.avi,89.71793130985836,360,90,HIGH,VIDEO_RECORDING,2025-11-16T21:41:20.202094
2025-11-16 21:41:18.533642,218,2952,HandType.Left,0.7075775265693665,-134.24253845214844,200.17684936523438,8.879459381103516,-0.12248075008392334,-0.9900407195091248,-0.06941083073616028,-12.190329551696777,-8.8329496383667,1.33324134349823,1.0,1.0,4.833425045013428,0,0,0,0,0,-113.73783111572266,164.30686950683594,-2.5844388008117676,-120.28494262695312,164.14430236816406,12.153324127197266,close,4,2025-11-16T21:41:18.533642,my_hand_data\videos\close_seq4_20251116_214116_110468.avi,89.71793130985836,360,90,HIGH,VIDEO_RECORDING,2025-11-16T21:41:20.202094
2025-11-16 21:41:18.547283,219,2952,HandType.Left,0.7076478004455566,-134.39886474609375,200.09144592285156,8.904580116271973,-0.12268441170454025,-0.9900122284889221,-0.06945719569921494,-13.916906356811523,-7.602981090545654,2.2363574504852295,1.0,1.0,4.82762336730957,0,0,0,0,0,-113.93476104736328,164.20713806152344,-2.560776710510254,-120.42919158935547,164.04808044433594,12.160819053649902,close,4,2025-11-16T21:41:18.547283,my_hand_data\videos\close_seq4_20251116_214116_110468.avi,89.71793130985836,360,90,HIGH,VIDEO_RECORDING,2025-11-16T21:41:20.202094
2025-11-16 21:41:18.557339,220,2952,HandType.Left,0.7077688574790955,-134.56275939941406,200.00149536132812,8.91192626953125,-0.12278663367033005,-0.9899927973747253,-0.06955353170633316,-15.161778450012207,-8.321246147155762,0.6796272397041321,1.0,1.0,4.837479591369629,0,0,0,0,0,-114.10454559326172,164.1152801513672,-2.5755417346954346,-120.56683349609375,163.94247436523438,12.148953437805176,close,4,2025-11-16T21:41:18.557339,my_hand_data\videos\close_seq4_20251116_214116_110468.avi,89.71793130985836,360,90,HIGH,VIDEO_RECORDING,2025-11-16T21:41:20.202094
2025-11-16 21:41:18.567394,221,2952,HandType.Left,0.708059549331665,-134.7238006591797,199.913818359375,8.905353546142578,-0.1229407787322998,-0.989960253238678,-0.06974460929632187,-14.294466972351074,-7.782258987426758,-0.5834362506866455,1.0,1.0,4.866250991821289,0,0,0,0,0,-114.27467346191406,164.03759765625,-2.600674629211426,-120.6951904296875,163.82139587402344,12.118620872497559,close,4,2025-11-16T21:41:18.567394,my_hand_data\videos\close_seq4_20251116_214116_110468.avi,89.71793130985836,360,90,HIGH,VIDEO_RECORDING,2025-11-16T21:41:20.202094
2025-11-16 21:41:18.577729,222,2952,HandType.Left,0.7077454924583435,-134.88702392578125,199.80978393554688,8.888541221618652,-0.12317588925361633,-0.9899303317070007,-0.06975385546684265,-14.832559585571289,-9.453248023986816,-1.5276355743408203,1.0,1.0,4.902834415435791,0,0,0,0,0,-114.44064331054688,163.95431518554688,-2.622666835784912,-120.80493927001953,163.69590759277344,12.091188430786133,close,4,2025-11-16T21:41:18.577729,my_hand_data\videos\close_seq4_20251116_214116_110468.avi,89.71793130985836,360,90,HIGH,VIDEO_RECORDING,2025-11-16T21:41:20.202094
2025-11-16 21:41:18.597905,223,2952,HandType.Left,0.7077667713165283,-135.0609588623047,199.72666931152344,8.862838745117188,-0.12324392795562744,-0.9899130463600159,-0.06987874954938889,-15.846035957336426,-7.572839736938477,-2.341728925704956,1.0,1.0,4.9692301750183105,0,0,0,0,0,-114.59532165527344,163.91685485839844,-2.659982919692993,-120.89904022216797,163.57794189453125,12.057713508605957,close,4,2025-11-16T21:41:18.597905,my_hand_data\videos\close_seq4_20251116_214116_110468.avi,89.71793130985836,360,90,HIGH,VIDEO_RECORDING,2025-11-16T21:41:20.202094
2025-11-16 21:41:18.603953,224,2952,HandType.Left,0.7074236869812012,-135.2252960205078,199.62026977539062,8.845767974853516,-0.1233942061662674,-0.989895761013031,-0.06985868513584137,-14.32720947265625,-9.275575637817383,-1.4881876707077026,1.0,1.0,5.027341842651367,0,0,0,0,0,-114.73555755615234,163.85955810546875,-2.684077262878418,-121.02580261230469,163.43504333496094,12.018216133117676,close,4,2025-11-16T21:41:18.603953,my_hand_data\videos\close_seq4_20251116_214116_110468.avi,89.71793130985836,360,90,HIGH,VIDEO_RECORDING,2025-11-16T21:41:20.202094
2025-11-16 21:41:18.618069,225,2952,HandType.Left,0.707198441028595,-135.37493896484375,199.51156616210938,8.830944061279297,-0.12356483191251755,-0.9898753762245178,-0.06984568387269974,-13.621444702148438,-9.895171165466309,-1.3494668006896973,1.0,1.0,5.099146366119385,0,0,0,0,0,-114.84305572509766,163.80545043945312,-2.715855836868286,-121.13677215576172,163.290771484375,11.99931812286377,close,4,2025-11-16T21:41:18.618069,my_hand_data\videos\close_seq4_20251116_214116_110468.avi,89.71793130985836,360,90,HIGH,VIDEO_RECORDING,2025-11-16T21:41:20.202094
2025-11-16 21:41:18.624115,226,2952,HandType.Left,0.7068716287612915,-135.52215576171875,199.37600708007812,8.824334144592285,-0.12373509258031845,-0.989856481552124,-0.0698128342628479,-13.58311939239502,-12.506354331970215,-0.6097846031188965,1.0,1.0,5.142858505249023,0,0,0,0,0,-114.97441864013672,163.69456481933594,-2.7462635040283203,-121.28614807128906,163.1335906982422,11.992247581481934,close,4,2025-11-16T21:41:18.624115,my_hand_data\videos\close_seq4_20251116_214116_110468.avi,89.71793130985836,360,90,HIGH,VIDEO_RECORDING,2025-11-16T21:41:20.202094
2025-11-16 21:41:18.637710,227,2952,HandType.Left,0.7064539790153503,-135.6636962890625,199.1992645263672,8.817863464355469,-0.12378951907157898,-0.9898629784584045,-0.06962321698665619,-12.731781959533691,-15.898970603942871,-0.5821079015731812,1.0,1.0,5.184447288513184,0,0,0,0,0,-115.10448455810547,163.54541015625,-2.7827610969543457,-121.43550872802734,162.9482879638672,11.988555908203125,close,4,2025-11-16T21:41:18.637710,my_hand_data\videos\close_seq4_20251116_214116_110468.avi,89.71793130985836,360,90,HIGH,VIDEO_RECORDING,2025-11-16T21:41:20.202094
2025-11-16 21:41:18.643742,228,2952,HandType.Left,0.7060526609420776,-135.7900848388672,198.98089599609375,8.80936336517334,-0.12368234246969223,-0.9899061918258667,-0.06919827312231064,-11.394553184509277,-19.68670654296875,-0.7662957310676575,1.0,1.0,5.245996952056885,0,0,0,0,0,-115.19990539550781,163.37535095214844,-2.812981605529785,-121.5700912475586,162.72303771972656,12.003501892089844,close,4,2025-11-16T21:41:18.643742,my_hand_data\videos\close_seq4_20251116_214116_110468.avi,89.71793130985836,360,90,HIGH,VIDEO_RECORDING,2025-11-16T21:41:20.202094
2025-11-16 21:41:18.657942,229,2952,HandType.Left,0.7060526609420776,-135.7900848388672,198.98089599609375,8.80936336517334,-0.12368234246969223,-0.9899061918258667,-0.06919827312231064,-11.394553184509277,-19.68670654296875,-0.7662957310676575,1.0,1.0,5.245996952056885,0,0,0,0,0,-115.19990539550781,163.37535095214844,-2.812981605529785,-121.5700912475586,162.72303771972656,12.003501892089844,close,4,2025-11-16T21:41:18.657942,my_hand_data\videos\close_seq4_20251116_214116_110468.avi,89.71793130985836,360,90,HIGH,VIDEO_RECORDING,2025-11-16T21:41:20.202094
2025-11-16 21:41:18.667988,230,2952,HandType.Left,0.7057457566261292,-135.9788818359375,198.52235412597656,8.806734085083008,-0.12411333620548248,-0.9899654984474182,-0.06755877286195755,-7.395325660705566,-20.98208999633789,-1.562168836593628,1.0,1.0,5.368799686431885,0,0,0,0,0,-115.3221206665039,163.014892578125,-2.8445115089416504,-121.71722412109375,162.20558166503906,11.978431701660156,close,4,2025-11-16T21:41:18.667988,my_hand_data\videos\close_seq4_20251116_214116_110468.avi,89.71793130985836,360,90,HIGH,VIDEO_RECORDING,2025-11-16T21:41:20.202094
2025-11-16 21:41:18.678035,231,2952,HandType.Left,0.7055601477622986,-136.04063415527344,198.2933349609375,8.807000160217285,-0.1242266297340393,-0.9900078773498535,-0.06672461330890656,-5.380706787109375,-19.955184936523438,0.023191731423139572,1.0,1.0,5.43433141708374,0,0,0,0,0,-115.371826171875,162.8346405029297,-2.8536179065704346,-121.75532531738281,161.95176696777344,11.983255386352539,close,4,2025-11-16T21:41:18.678035,my_hand_data\videos\close_seq4_20251116_214116_110468.avi,89.71793130985836,360,90,HIGH,VIDEO_RECORDING,2025-11-16T21:41:20.202094
2025-11-16 21:41:18.698418,232,2952,HandType.Left,0.7052345871925354,-136.20086669921875,197.86749267578125,8.808270454406738,-0.12454225867986679,-0.9900799989700317,-0.0650448203086853,-7.281867027282715,-19.49837303161621,1.6428576707839966,1.0,1.0,5.567093372344971,0,0,0,0,0,-115.44657897949219,162.52345275878906,-2.844618558883667,-121.91026306152344,161.46266174316406,12.024529457092285,close,4,2025-11-16T21:41:18.698418,my_hand_data\videos\close_seq4_20251116_214116_110468.avi,89.71793130985836,360,90,HIGH,VIDEO_RECORDING,2025-11-16T21:41:20.202094
2025-11-16 21:41:18.704447,233,2952,HandType.Left,0.7052345871925354,-136.20086669921875,197.86749267578125,8.808270454406738,-0.12454225867986679,-0.9900799989700317,-0.0650448203086853,-7.281867027282715,-19.49837303161621,1.6428576707839966,1.0,1.0,5.567093372344971,0,0,0,0,0,-115.44657897949219,162.52345275878906,-2.844618558883667,-121.91026306152344,161.46266174316406,12.024529457092285,close,4,2025-11-16T21:41:18.704447,my_hand_data\videos\close_seq4_20251116_214116_110468.avi,89.71793130985836,360,90,HIGH,VIDEO_RECORDING,2025-11-16T21:41:20.202094
2025-11-16 21:41:18.718529,234,2952,HandType.Left,0.7056336998939514,-136.28768920898438,197.6775360107422,8.861490249633789,-0.1245574951171875,-0.990078330039978,-0.06504125893115997,-7.681150913238525,-16.804216384887695,4.7080230712890625,1.0,1.0,5.6177167892456055,0,0,0,0,0,-115.52186584472656,162.38552856445312,-2.796687126159668,-121.98210144042969,161.25440979003906,12.084707260131836,close,4,2025-11-16T21:41:18.718529,my_hand_data\videos\close_seq4_20251116_214116_110468.avi,89.71793130985836,360,90,HIGH,VIDEO_RECORDING,2025-11-16T21:41:20.202094
2025-11-16 21:41:18.722553,235,2952,HandType.Left,0.7056789398193359,-136.36705017089844,197.47540283203125,8.91023063659668,-0.12425729632377625,-0.9901208877563477,-0.06496751308441162,-7.207821369171143,-18.3592586517334,4.427000522613525,1.0,1.0,5.634493827819824,0,0,0,0,0,-115.60860443115234,162.19700622558594,-2.748652458190918,-122.04988861083984,161.04910278320312,12.142250061035156,close,4,2025-11-16T21:41:18.722553,my_hand_data\videos\close_seq4_20251116_214116_110468.avi,89.71793130985836,360,90,HIGH,VIDEO_RECORDING,2025-11-16T21:41:20.202094
2025-11-16 21:41:18.738665,236,2952,HandType.Left,0.7056598663330078,-136.42282104492188,197.2578125,8.950019836425781,-0.12346773594617844,-0.9902529120445251,-0.06445883959531784,-5.091493129730225,-19.86577606201172,3.6326904296875,1.0,1.0,5.646636486053467,0,0,0,0,0,-115.67976379394531,161.9774169921875,-2.72302508354187,-122.09959411621094,160.82669067382812,12.196773529052734,close,4,2025-11-16T21:41:18.738665,my_hand_data\videos\close_seq4_20251116_214116_110468.avi,89.71793130985836,360,90,HIGH,VIDEO_RECORDING,2025-11-16T21:41:20.202094
2025-11-16 21:41:18.748724,237,2952,HandType.Left,0.7053065896034241,-136.54444885253906,197.0975799560547,9.001131057739258,-0.12346794456243515,-0.9902727603912354,-0.06415220350027084,-11.055888175964355,-14.566278457641602,4.646077632904053,1.0,1.0,5.716562271118164,0,0,0,0,0,-115.79239654541016,161.8621063232422,-2.716738700866699,-122.19203186035156,160.6391143798828,12.251191139221191,close,4,2025-11-16T21:41:18.748724,my_hand_data\videos\close_seq4_20251116_214116_110468.avi,89.71793130985836,360,90,HIGH,VIDEO_RECORDING,2025-11-16T21:41:20.202094
2025-11-16 21:41:18.758784,238,2952,HandType.Left,0.7053065896034241,-136.54444885253906,197.0975799560547,9.001131057739258,-0.12346794456243515,-0.9902727603912354,-0.06415220350027084,-11.055888175964355,-14.566278457641602,4.646077632904053,1.0,1.0,5.716562271118164,0,0,0,0,0,-115.79239654541016,161.8621063232422,-2.716738700866699,-122.19203186035156,160.6391143798828,12.251191139221191,close,4,2025-11-16T21:41:18.758784,my_hand_data\videos\close_seq4_20251116_214116_110468.avi,89.71793130985836,360,90,HIGH,VIDEO_RECORDING,2025-11-16T21:41:20.202094
2025-11-16 21:41:18.770859,239,2952,HandType.Left,0.7053065896034241,-136.54444885253906,197.0975799560547,9.001131057739258,-0.12346794456243515,-0.9902727603912354,-0.06415220350027084,-11.055888175964355,-14.566278457641602,4.646077632904053,1.0,1.0,5.716562271118164,0,0,0,0,0,-115.79239654541016,161.8621063232422,-2.716738700866699,-122.19203186035156,160.6391143798828,12.251191139221191,close,4,2025-11-16T21:41:18.770859,my_hand_data\videos\close_seq4_20251116_214116_110468.avi,89.71793130985836,360,90,HIGH,VIDEO_RECORDING,2025-11-16T21:41:20.202094
2025-11-16 21:41:18.778907,240,2952,HandType.Left,0.7053065896034241,-136.54444885253906,197.0975799560547,9.001131057739258,-0.12346794456243515,-0.9902727603912354,-0.06415220350027084,-11.055888175964355,-14.566278457641602,4.646077632904053,1.0,1.0,5.716562271118164,0,0,0,0,0,-115.79239654541016,161.8621063232422,-2.716738700866699,-122.19203186035156,160.6391143798828,12.251191139221191,close,4,2025-11-16T21:41:18.778907,my_hand_data\videos\close_seq4_20251116_214116_110468.avi,89.71793130985836,360,90,HIGH,VIDEO_RECORDING,2025-11-16T21:41:20.202094
2025-11-16 21:41:18.799006,241,2952,HandType.Left,0.7053065896034241,-136.54444885253906,197.0975799560547,9.001131057739258,-0.12346794456243515,-0.9902727603912354,-0.06415220350027084,-11.055888175964355,-14.566278457641602,4.646077632904053,1.0,1.0,5.716562271118164,0,0,0,0,0,-115.79239654541016,161.8621063232422,-2.716738700866699,-122.19203186035156,160.6391143798828,12.251191139221191,close,4,2025-11-16T21:41:18.799006,my_hand_data\videos\close_seq4_20251116_214116_110468.avi,89.71793130985836,360,90,HIGH,VIDEO_RECORDING,2025-11-16T21:41:20.202094
2025-11-16 21:41:18.803036,242,2952,HandType.Left,0.7053065896034241,-136.54444885253906,197.0975799560547,9.001131057739258,-0.12346794456243515,-0.9902727603912354,-0.06415220350027084,-11.055888175964355,-14.566278457641602,4.646077632904053,1.0,1.0,5.716562271118164,0,0,0,0,0,-115.79239654541016,161.8621063232422,-2.716738700866699,-122.19203186035156,160.6391143798828,12.251191139221191,close,4,2025-11-16T21:41:18.803036,my_hand_data\videos\close_seq4_20251116_214116_110468.avi,89.71793130985836,360,90,HIGH,VIDEO_RECORDING,2025-11-16T21:41:20.202094
2025-11-16 21:41:18.819124,243,2952,HandType.Left,0.7053065896034241,-136.54444885253906,197.0975799560547,9.001131057739258,-0.12346794456243515,-0.9902727603912354,-0.06415220350027084,-11.055888175964355,-14.566278457641602,4.646077632904053,1.0,1.0,5.716562271118164,0,0,0,0,0,-115.79239654541016,161.8621063232422,-2.716738700866699,-122.19203186035156,160.6391143798828,12.251191139221191,close,4,2025-11-16T21:41:18.819124,my_hand_data\videos\close_seq4_20251116_214116_110468.avi,89.71793130985836,360,90,HIGH,VIDEO_RECORDING,2025-11-16T21:41:20.202094
2025-11-16 21:41:18.823144,244,2952,HandType.Left,0.7053065896034241,-136.54444885253906,197.0975799560547,9.001131057739258,-0.12346794456243515,-0.9902727603912354,-0.06415220350027084,-11.055888175964355,-14.566278457641602,4.646077632904053,1.0,1.0,5.716562271118164,0,0,0,0,0,-115.79239654541016,161.8621063232422,-2.716738700866699,-122.19203186035156,160.6391143798828,12.251191139221191,close,4,2025-11-16T21:41:18.823144,my_hand_data\videos\close_seq4_20251116_214116_110468.avi,89.71793130985836,360,90,HIGH,VIDEO_RECORDING,2025-11-16T21:41:20.202094
2025-11-16 21:41:18.839498,245,2952,HandType.Left,0.7053065896034241,-136.54444885253906,197.0975799560547,9.001131057739258,-0.12346794456243515,-0.9902727603912354,-0.06415220350027084,-11.055888175964355,-14.566278457641602,4.646077632904053,1.0,1.0,5.716562271118164,0,0,0,0,0,-115.79239654541016,161.8621063232422,-2.716738700866699,-122.19203186035156,160.6391143798828,12.251191139221191,close,4,2025-11-16T21:41:18.839498,my_hand_data\videos\close_seq4_20251116_214116_110468.avi,89.71793130985836,360,90,HIGH,VIDEO_RECORDING,2025-11-16T21:41:20.202094
2025-11-16 21:41:18.849553,246,2952,HandType.Left,0.7045368552207947,-137.11570739746094,196.48451232910156,8.918350219726562,-0.1227179765701294,-0.9904064536094666,-0.06352489441633224,-4.823225021362305,-0.9204707741737366,-1.4474027156829834,1.0,1.0,5.829944610595703,0,0,0,0,0,-116.29434204101562,161.40223693847656,-2.8926682472229004,-122.65387725830078,160.06573486328125,12.186738014221191,close,4,2025-11-16T21:41:18.849553,my_hand_data\videos\close_seq4_20251116_214116_110468.avi,89.71793130985836,360,90,HIGH,VIDEO_RECORDING,2025-11-16T21:41:20.202094
2025-11-16 21:41:18.859601,247,2952,HandType.Left,0.7048460245132446,-137.19956970214844,196.51202392578125,8.895424842834473,-0.1222810223698616,-0.990460991859436,-0.06351637840270996,-7.485782146453857,2.4555768966674805,-2.0462913513183594,1.0,1.0,5.796261787414551,0,0,0,0,0,-116.38922119140625,161.41050720214844,-2.9195966720581055,-122.73265838623047,160.1184844970703,12.162830352783203,close,4,2025-11-16T21:41:18.859601,my_hand_data\videos\close_seq4_20251116_214116_110468.avi,89.71793130985836,360,90,HIGH,VIDEO_RECORDING,2025-11-16T21:41:20.202094
2025-11-16 21:41:18.869655,248,2952,HandType.Left,0.7053054571151733,-137.25437927246094,196.5293426513672,8.85987377166748,-0.12182138115167618,-0.9905238747596741,-0.06341928243637085,-4.991239547729492,1.5777616500854492,-3.238121509552002,1.0,1.0,5.766397953033447,0,0,0,0,0,-116.4656753540039,161.41317749023438,-2.949103832244873,-122.7888412475586,160.17356872558594,12.138124465942383,close,4,2025-11-16T21:41:18.869655,my_hand_data\videos\close_seq4_20251116_214116_110468.avi,89.71793130985836,360,90,HIGH,VIDEO_RECORDING,2025-11-16T21:41:20.202094
2025-11-16 21:41:18.879707,249,2952,HandType.Left,0.7053015828132629,-137.2994842529297,196.56932067871094,8.837691307067871,-0.12122072279453278,-0.9905955791473389,-0.06344994902610779,-3.9611682891845703,3.510615825653076,-1.9480643272399902,1.0,1.0,5.724946022033691,0,0,0,0,0,-116.52521514892578,161.43310546875,-2.965820074081421,-122.85177612304688,160.25357055664062,12.1294527053833,close,4,2025-11-16T21:41:18.879707,my_hand_data\videos\close_seq4_20251116_214116_110468.avi,89.71793130985836,360,90,HIGH,VIDEO_RECORDING,2025-11-16T21:41:20.202094
2025-11-16 21:41:18.889760,250,2952,HandType.Left,0.7053001523017883,-137.3509979248047,196.63119506835938,8.81415843963623,-0.12094774097204208,-0.9906328320503235,-0.06338974833488464,-4.663240909576416,5.600917816162109,-2.130052328109741,1.0,1.0,5.704643249511719,0,0,0,0,0,-116.56367492675781,161.50225830078125,-2.973928213119507,-122.947021484375,160.3562469482422,12.148298263549805,close,4,2025-11-16T21:41:18.889760,my_hand_data\videos\close_seq4_20251116_214116_110468.avi,89.71793130985836,360,90,HIGH,VIDEO_RECORDING,2025-11-16T21:41:20.202094
2025-11-16 21:41:18.909861,251,2952,HandType.Left,0.7052701115608215,-137.41648864746094,196.7249755859375,8.791659355163574,-0.1210993304848671,-0.9906088709831238,-0.06347457319498062,-5.889625549316406,8.432997703552246,-2.0231168270111084,1.0,1.0,5.69054651260376,0,0,0,0,0,-116.62264251708984,161.60006713867188,-2.9901089668273926,-123.05760192871094,160.46742248535156,12.144135475158691,close,4,2025-11-16T21:41:18.909861,my_hand_data\videos\close_seq4_20251116_214116_110468.avi,89.71793130985836,360,90,HIGH,VIDEO_RECORDING,2025-11-16T21:41:20.202094
2025-11-16 21:41:18.914836,252,2952,HandType.Left,0.7055575251579285,-137.45928955078125,196.7974853515625,8.785436630249023,-0.12082070857286453,-0.9906395077705383,-0.06352771818637848,-3.995422601699829,6.769308567047119,-0.5810109376907349,1.0,1.0,5.704058647155762,0,0,0,0,0,-116.63619995117188,161.70535278320312,-2.9943277835845947,-123.13078308105469,160.5513916015625,12.159294128417969,close,4,2025-11-16T21:41:18.914836,my_hand_data\videos\close_seq4_20251116_214116_110468.avi,89.71793130985836,360,90,HIGH,VIDEO_RECORDING,2025-11-16T21:41:20.202094
2025-11-16 21:41:18.929900,253,2952,HandType.Left,0.7055624127388,-137.48240661621094,196.86929321289062,8.795673370361328,-0.12049771845340729,-0.9906876087188721,-0.06339014321565628,-2.0743818283081055,6.445328712463379,0.9189104437828064,1.0,1.0,5.704023361206055,0,0,0,0,0,-116.66112518310547,161.78199768066406,-2.9840757846832275,-123.17195129394531,160.63087463378906,12.182730674743652,close,4,2025-11-16T21:41:18.929900,my_hand_data\videos\close_seq4_20251116_214116_110468.avi,89.71793130985836,360,90,HIGH,VIDEO_RECORDING,2025-11-16T21:41:20.202094
2025-11-16 21:41:18.933931,254,2952,HandType.Left,0.7059817314147949,-137.50018310546875,196.92782592773438,8.821528434753418,-0.11978534609079361,-0.990799069404602,-0.06299716234207153,-1.6264750957489014,5.355813503265381,2.3653016090393066,1.0,1.0,5.684163570404053,0,0,0,0,0,-116.68863677978516,161.82192993164062,-2.956024408340454,-123.19366455078125,160.703125,12.22231674194336,close,4,2025-11-16T21:41:18.933931,my_hand_data\videos\close_seq4_20251116_214116_110468.avi,89.71793130985836,360,90,HIGH,VIDEO_RECORDING,2025-11-16T21:41:20.202094
2025-11-16 21:41:18.952007,255,2952,HandType.Left,0.7060898542404175,-137.5391082763672,196.98333740234375,8.837505340576172,-0.11909439414739609,-0.9909119606018066,-0.06253013759851456,-3.447533369064331,4.916205406188965,1.4150184392929077,1.0,1.0,5.683511257171631,0,0,0,0,0,-116.73451232910156,161.87884521484375,-2.9601967334747314,-123.22943878173828,160.7760772705078,12.252394676208496,close,4,2025-11-16T21:41:18.952007,my_hand_data\videos\close_seq4_20251116_214116_110468.avi,89.71793130985836,360,90,HIGH,VIDEO_RECORDING,2025-11-16T21:41:20.202094
2025-11-16 21:41:18.960036,256,2952,HandType.Left,0.7058889865875244,-137.5860595703125,197.0102996826172,8.865275382995605,-0.11878234148025513,-0.9909670352935791,-0.06225038319826126,-4.169909477233887,2.393354654312134,2.4660797119140625,1.0,1.0,5.714759826660156,0,0,0,0,0,-116.772216796875,161.94520568847656,-2.957409143447876,-123.27909088134766,160.81906127929688,12.28944206237793,close,4,2025-11-16T21:41:18.960036,my_hand_data\videos\close_seq4_20251116_214116_110468.avi,89.71793130985836,360,90,HIGH,VIDEO_RECORDING,2025-11-16T21:41:20.202094
2025-11-16 21:41:18.970093,257,2952,HandType.Left,0.7055937051773071,-137.59683227539062,197.0019989013672,8.88924503326416,-0.11885000020265579,-0.9909787178039551,-0.06193389743566513,-0.9686168432235718,-0.7457572817802429,2.1553690433502197,1.0,1.0,5.742314338684082,0,0,0,0,0,-116.77371978759766,161.97642517089844,-2.9410040378570557,-123.31269073486328,160.8280029296875,12.328861236572266,close,4,2025-11-16T21:41:18.970093,my_hand_data\videos\close_seq4_20251116_214116_110468.avi,89.71793130985836,360,90,HIGH,VIDEO_RECORDING,2025-11-16T21:41:20.202094
2025-11-16 21:41:18.981640,258,2952,HandType.Left,0.7056726217269897,-137.621826171875,196.9644775390625,8.926851272583008,-0.11879431456327438,-0.9909972548484802,-0.06174401193857193,-2.226944923400879,-3.3428924083709717,3.3504674434661865,1.0,1.0,5.751311302185059,0,0,0,0,0,-116.78089141845703,161.96810913085938,-2.891191244125366,-123.34168243408203,160.8043212890625,12.373396873474121,close,4,2025-11-16T21:41:18.981640,my_hand_data\videos\close_seq4_20251116_214116_110468.avi,89.71793130985836,360,90,HIGH,VIDEO_RECORDING,2025-11-16T21:41:20.202094
2025-11-16 21:41:18.990238,259,2952,HandType.Left,0.7057981491088867,-137.62184143066406,196.8990936279297,8.9663667678833,-0.11870814859867096,-0.9910157322883606,-0.061612971127033234,-0.0014902279945090413,-5.925321102142334,3.581263303756714,1.0,1.0,5.7771100997924805,0,0,0,0,0,-116.75221252441406,161.94752502441406,-2.849208116531372,-123.36207580566406,160.74964904785156,12.430207252502441,close,4,2025-11-16T21:41:18.990238,my_hand_data\videos\close_seq4_20251116_214116_110468.avi,89.71793130985836,360,90,HIGH,VIDEO_RECORDING,2025-11-16T21:41:20.202094
2025-11-16 21:41:19.000615,260,2952,HandType.Left,0.705842912197113,-137.5946807861328,196.82029724121094,8.974245071411133,-0.11828914284706116,-0.9910833239555359,-0.06133141741156578,2.419560670852661,-7.017600059509277,0.7016640305519104,1.0,1.0,5.773108005523682,0,0,0,0,0,-116.68141174316406,161.88514709472656,-2.8205764293670654,-123.35572052001953,160.692138671875,12.476160049438477,close,4,2025-11-16T21:41:19.000615,my_hand_data\videos\close_seq4_20251116_214116_110468.avi,89.71793130985836,360,90,HIGH,VIDEO_RECORDING,2025-11-16T21:41:20.202094
2025-11-16 21:41:19.020722,261,2952,HandType.Left,0.7063978314399719,-137.58505249023438,196.74232482910156,8.964781761169434,-0.11777867376804352,-0.9911395311355591,-0.06140504032373428,0.868766725063324,-7.03452730178833,-0.8536468744277954,1.0,1.0,5.762235164642334,0,0,0,0,0,-116.60309600830078,161.85325622558594,-2.8084375858306885,-123.36732482910156,160.64959716796875,12.473531723022461,close,4,2025-11-16T21:41:19.020722,my_hand_data\videos\close_seq4_20251116_214116_110468.avi,89.71793130985836,360,90,HIGH,VIDEO_RECORDING,2025-11-16T21:41:20.202094
2025-11-16 21:41:19.024747,262,2952,HandType.Left,0.7067859768867493,-137.59324645996094,196.66610717773438,8.97758960723877,-0.1169750913977623,-0.991239070892334,-0.06133463233709335,-0.7600282430648804,-7.071249008178711,1.1884043216705322,1.0,1.0,5.778404235839844,0,0,0,0,0,-116.57736206054688,161.83518981933594,-2.7840137481689453,-123.37100982666016,160.59376525878906,12.48498249053955,close,4,2025-11-16T21:41:19.024747,my_hand_data\videos\close_seq4_20251116_214116_110468.avi,89.71793130985836,360,90,HIGH,VIDEO_RECORDING,2025-11-16T21:41:20.202094
2025-11-16 21:41:19.040878,263,2952,HandType.Left,0.7069489359855652,-137.5790252685547,196.57540893554688,8.99450397491455,-0.11637302488088608,-0.9913272261619568,-0.061054956167936325,1.2498066425323486,-7.973489284515381,1.4870340824127197,1.0,1.0,5.793716907501221,0,0,0,0,0,-116.54341888427734,161.78268432617188,-2.754889488220215,-123.35626220703125,160.53367614746094,12.532432556152344,close,4,2025-11-16T21:41:19.040878,my_hand_data\videos\close_seq4_20251116_214116_110468.avi,89.71793130985836,360,90,HIGH,VIDEO_RECORDING,2025-11-16T21:41:20.202094
2025-11-16 21:41:19.046927,264,2952,HandType.Left,0.7071084976196289,-137.55392456054688,196.50306701660156,9.047613143920898,-0.11554621160030365,-0.9914363026618958,-0.060853127390146255,2.2371790409088135,-6.448718070983887,4.7342963218688965,1.0,1.0,5.813669681549072,0,0,0,0,0,-116.47534942626953,161.75706481933594,-2.696282148361206,-123.2972412109375,160.4759521484375,12.595280647277832,close,4,2025-11-16T21:41:19.046927,my_hand_data\videos\close_seq4_20251116_214116_110468.avi,89.71793130985836,360,90,HIGH,VIDEO_RECORDING,2025-11-16T21:41:20.202094
2025-11-16 21:41:19.061051,265,2952,HandType.Left,0.7071084976196289,-137.55392456054688,196.50306701660156,9.047613143920898,-0.11554621160030365,-0.9914363026618958,-0.060853127390146255,2.2371790409088135,-6.448718070983887,4.7342963218688965,1.0,1.0,5.813669681549072,0,0,0,0,0,-116.47534942626953,161.75706481933594,-2.696282148361206,-123.2972412109375,160.4759521484375,12.595280647277832,close,4,2025-11-16T21:41:19.061051,my_hand_data\videos\close_seq4_20251116_214116_110468.avi,89.71793130985836,360,90,HIGH,VIDEO_RECORDING,2025-11-16T21:41:20.202094
2025-11-16 21:41:19.067090,266,2952,HandType.Left,0.7071383595466614,-137.49005126953125,196.45785522460938,9.109724998474121,-0.1147838607430458,-0.9915410280227661,-0.06058884039521217,5.681904315948486,-4.0221028327941895,5.525043487548828,1.0,1.0,5.839521884918213,0,0,0,0,0,-116.36018371582031,161.75888061523438,-2.6232144832611084,-123.19859313964844,160.43692016601562,12.66222095489502,close,4,2025-11-16T21:41:19.067090,my_hand_data\videos\close_seq4_20251116_214116_110468.avi,89.71793130985836,360,90,HIGH,VIDEO_RECORDING,2025-11-16T21:41:20.202094
2025-11-16 21:41:19.081173,267,2952,HandType.Left,0.7066746354103088,-137.3350372314453,196.43016052246094,9.226572036743164,-0.11446496099233627,-0.9915825724601746,-0.06051284074783325,7.991334438323975,-1.8426178693771362,5.483880996704102,1.0,1.0,5.869678974151611,0,0,0,0,0,-116.22985076904297,161.76226806640625,-2.537693738937378,-123.01424407958984,160.43629455566406,12.774199485778809,close,4,2025-11-16T21:41:19.081173,my_hand_data\videos\close_seq4_20251116_214116_110468.avi,89.71793130985836,360,90,HIGH,VIDEO_RECORDING,2025-11-16T21:41:20.202094
2025-11-16 21:41:19.091243,268,2952,HandType.Left,0.7065684795379639,-137.25155639648438,196.42559814453125,9.294304847717285,-0.11452332884073257,-0.9915634989738464,-0.06071415916085243,7.622503757476807,-0.41662368178367615,6.184582710266113,1.0,1.0,5.888411521911621,0,0,0,0,0,-116.16300964355469,161.7829132080078,-2.47743821144104,-122.93272399902344,160.43600463867188,12.834359169006348,close,4,2025-11-16T21:41:19.091243,my_hand_data\videos\close_seq4_20251116_214116_110468.avi,89.71793130985836,360,90,HIGH,VIDEO_RECORDING,2025-11-16T21:41:20.202094
2025-11-16 21:41:19.101307,269,2952,HandType.Left,0.7065684795379639,-137.25155639648438,196.42559814453125,9.294304847717285,-0.11452332884073257,-0.9915634989738464,-0.06071415916085243,7.622503757476807,-0.41662368178367615,6.184582710266113,1.0,1.0,5.888411521911621,0,0,0,0,0,-116.16300964355469,161.7829132080078,-2.47743821144104,-122.93272399902344,160.43600463867188,12.834359169006348,close,4,2025-11-16T21:41:19.101307,my_hand_data\videos\close_seq4_20251116_214116_110468.avi,89.71793130985836,360,90,HIGH,VIDEO_RECORDING,2025-11-16T21:41:20.202094
2025-11-16 21:41:19.121729,270,2952,HandType.Left,0.7063210010528564,-137.10292053222656,196.59190368652344,9.391831398010254,-0.11362642794847488,-0.9916604161262512,-0.06081691011786461,3.596425771713257,8.169909477233887,2.7266030311584473,1.0,1.0,5.866955757141113,0,0,0,0,0,-115.99886322021484,161.97341918945312,-2.3605189323425293,-122.7890853881836,160.65081787109375,12.940545082092285,close,4,2025-11-16T21:41:19.121729,my_hand_data\videos\close_seq4_20251116_214116_110468.avi,89.71793130985836,360,90,HIGH,VIDEO_RECORDING,2025-11-16T21:41:20.202094
2025-11-16 21:41:19.127779,271,2952,HandType.Left,0.7063210010528564,-137.10292053222656,196.59190368652344,9.391831398010254,-0.11362642794847488,-0.9916604161262512,-0.06081691011786461,3.596425771713257,8.169909477233887,2.7266030311584473,1.0,1.0,5.866955757141113,0,0,0,0,0,-115.99886322021484,161.97341918945312,-2.3605189323425293,-122.7890853881836,160.65081787109375,12.940545082092285,close,4,2025-11-16T21:41:19.127779,my_hand_data\videos\close_seq4_20251116_214116_110468.avi,89.71793130985836,360,90,HIGH,VIDEO_RECORDING,2025-11-16T21:41:20.202094
2025-11-16 21:41:19.133972,272,2952,HandType.Left,0.706267237663269,-137.05331420898438,196.7062225341797,9.410663604736328,-0.11362447589635849,-0.9916316270828247,-0.06128763034939766,4.547314167022705,10.47702693939209,1.7259745597839355,1.0,1.0,5.860230445861816,0,0,0,0,0,-115.95032501220703,162.08901977539062,-2.3477814197540283,-122.74436950683594,160.77850341796875,12.955769538879395,close,4,2025-11-16T21:41:19.133972,my_hand_data\videos\close_seq4_20251116_214116_110468.avi,89.71793130985836,360,90,HIGH,VIDEO_RECORDING,2025-11-16T21:41:20.202094
2025-11-16 21:41:19.152020,273,2952,HandType.Left,0.7061408162117004,-137.01641845703125,196.83494567871094,9.43698501586914,-0.11381889879703522,-0.991585910320282,-0.061665382236242294,3.293001651763916,11.48868179321289,2.349052906036377,1.0,1.0,5.868009567260742,0,0,0,0,0,-115.91446685791016,162.2291259765625,-2.3329341411590576,-122.72179412841797,160.90975952148438,12.97619342803955,close,4,2025-11-16T21:41:19.152020,my_hand_data\videos\close_seq4_20251116_214116_110468.avi,89.71793130985836,360,90,HIGH,VIDEO_RECORDING,2025-11-16T21:41:20.202094
2025-11-16 21:41:19.154030,274,2952,HandType.Left,0.7061254382133484,-136.9868927001953,196.94790649414062,9.445359230041504,-0.11383357644081116,-0.9915832281112671,-0.06168182194232941,2.652902841567993,10.15245532989502,0.7526655197143555,1.0,1.0,5.872020244598389,0,0,0,0,0,-115.88530731201172,162.3505401611328,-2.327101230621338,-122.69978332519531,161.02638244628906,12.980169296264648,close,4,2025-11-16T21:41:19.154030,my_hand_data\videos\close_seq4_20251116_214116_110468.avi,89.71793130985836,360,90,HIGH,VIDEO_RECORDING,2025-11-16T21:41:20.202094
2025-11-16 21:41:19.172299,275,2952,HandType.Left,0.7062719464302063,-136.98548889160156,197.05850219726562,9.43770694732666,-0.11383582651615143,-0.9915863871574402,-0.061626844108104706,0.12691272795200348,9.98366641998291,-0.690726101398468,1.0,1.0,5.878314018249512,0,0,0,0,0,-115.88379669189453,162.4669952392578,-2.3384010791778564,-122.70128631591797,161.14083862304688,12.97704792022705,close,4,2025-11-16T21:41:19.172299,my_hand_data\videos\close_seq4_20251116_214116_110468.avi,89.71793130985836,360,90,HIGH,VIDEO_RECORDING,2025-11-16T21:41:20.202094
2025-11-16 21:41:19.176910,276,2952,HandType.Left,0.706303060054779,-136.97894287109375,197.13314819335938,9.421707153320312,-0.11384227871894836,-0.9915883541107178,-0.061583153903484344,0.5889133214950562,6.7104620933532715,-1.438321590423584,1.0,1.0,5.8959736824035645,0,0,0,0,0,-115.8819351196289,162.55763244628906,-2.364210844039917,-122.69908142089844,161.21974182128906,12.965960502624512,close,4,2025-11-16T21:41:19.176910,my_hand_data\videos\close_seq4_20251116_214116_110468.avi,89.71793130985836,360,90,HIGH,VIDEO_RECORDING,2025-11-16T21:41:20.202094
2025-11-16 21:41:19.192692,277,2952,HandType.Left,0.7063454985618591,-136.97250366210938,197.17709350585938,9.411857604980469,-0.11343391984701157,-0.9916595816612244,-0.06118866801261902,0.5816863179206848,3.9715232849121094,-0.8901139497756958,1.0,1.0,5.912464141845703,0,0,0,0,0,-115.910400390625,162.5961456298828,-2.3790857791900635,-122.69706726074219,161.27735900878906,13.002429008483887,close,4,2025-11-16T21:41:19.192692,my_hand_data\videos\close_seq4_20251116_214116_110468.avi,89.71793130985836,360,90,HIGH,VIDEO_RECORDING,2025-11-16T21:41:20.202094
2025-11-16 21:41:19.202819,278,2952,HandType.Left,0.7062763571739197,-136.9617156982422,197.20896911621094,9.403080940246582,-0.11319474875926971,-0.9917112588882446,-0.06079244986176491,0.9880459308624268,2.919142723083496,-0.8040311932563782,1.0,1.0,5.9224090576171875,0,0,0,0,0,-115.93048858642578,162.6202850341797,-2.395185708999634,-122.68458557128906,161.32327270507812,13.020894050598145,close,4,2025-11-16T21:41:19.202819,my_hand_data\videos\close_seq4_20251116_214116_110468.avi,89.71793130985836,360,90,HIGH,VIDEO_RECORDING,2025-11-16T21:41:20.202094
2025-11-16 21:41:19.212870,279,2952,HandType.Left,0.7062028050422668,-136.98321533203125,197.24647521972656,9.382221221923828,-0.11333631724119186,-0.991721510887146,-0.06035970151424408,-1.9096506834030151,3.3328609466552734,-1.8532668352127075,1.0,1.0,5.929816246032715,0,0,0,0,0,-115.96473693847656,162.6565704345703,-2.4067461490631104,-122.70769500732422,161.36483764648438,13.019510269165039,close,4,2025-11-16T21:41:19.212870,my_hand_data\videos\close_seq4_20251116_214116_110468.avi,89.71793130985836,360,90,HIGH,VIDEO_RECORDING,2025-11-16T21:41:20.202094
2025-11-16 21:41:19.222995,280,2952,HandType.Left,0.7062323093414307,-136.97836303710938,197.22879028320312,9.375175476074219,-0.11358661949634552,-0.9917139410972595,-0.06001293659210205,0.43239912390708923,-1.578601598739624,-0.6288283467292786,1.0,1.0,5.949059963226318,0,0,0,0,0,-115.98616027832031,162.6442108154297,-2.4108457565307617,-122.6950454711914,161.3441162109375,13.014524459838867,close,4,2025-11-16T21:41:19.222995,my_hand_data\videos\close_seq4_20251116_214116_110468.avi,89.71793130985836,360,90,HIGH,VIDEO_RECORDING,2025-11-16T21:41:20.202094
2025-11-16 21:41:19.242958,281,2952,HandType.Left,0.7062610387802124,-136.95816040039062,197.19631958007812,9.36706829071045,-0.11383578181266785,-0.9917036294937134,-0.0597105547785759,1.6412365436553955,-2.637312173843384,-0.6582866907119751,1.0,1.0,5.965156555175781,0,0,0,0,0,-115.9962158203125,162.61390686035156,-2.4185469150543213,-122.6712875366211,161.30992126464844,13.006744384765625,close,4,2025-11-16T21:41:19.242958,my_hand_data\videos\close_seq4_20251116_214116_110468.avi,89.71793130985836,360,90,HIGH,VIDEO_RECORDING,2025-11-16T21:41:20.202094
2025-11-16 21:41:19.246443,282,2952,HandType.Left,0.7064291834831238,-136.95367431640625,197.17420959472656,9.369088172912598,-0.114405058324337,-0.9916152358055115,-0.06008921191096306,0.449435293674469,-2.21410870552063,0.20230381190776825,1.0,1.0,5.967878341674805,0,0,0,0,0,-116.02989959716797,162.5947723388672,-2.4264919757843018,-122.66654968261719,161.28564453125,12.972395896911621,close,4,2025-11-16T21:41:19.246443,my_hand_data\videos\close_seq4_20251116_214116_110468.avi,89.71793130985836,360,90,HIGH,VIDEO_RECORDING,2025-11-16T21:41:20.202094
2025-11-16 21:41:19.263861,283,2952,HandType.Left,0.7064270973205566,-136.9600830078125,197.1204833984375,9.386466979980469,-0.1147817000746727,-0.9915651679039001,-0.06019734591245651,-0.5751095414161682,-4.818618297576904,1.5587600469589233,1.0,1.0,5.962985992431641,0,0,0,0,0,-116.06341552734375,162.5320281982422,-2.4098241329193115,-122.69988250732422,161.23008728027344,12.989856719970703,close,4,2025-11-16T21:41:19.263861,my_hand_data\videos\close_seq4_20251116_214116_110468.avi,89.71793130985836,360,90,HIGH,VIDEO_RECORDING,2025-11-16T21:41:20.202094
2025-11-16 21:41:19.269005,284,2952,HandType.Left,0.7066147923469543,-136.96664428710938,197.07888793945312,9.41104793548584,-0.1148362010717392,-0.9915584325790405,-0.060203876346349716,-0.5968073606491089,-3.78802490234375,2.2379543781280518,1.0,1.0,5.966468811035156,0,0,0,0,0,-116.07209777832031,162.49256896972656,-2.3889951705932617,-122.71772766113281,161.19004821777344,13.023388862609863,close,4,2025-11-16T21:41:19.269005,my_hand_data\videos\close_seq4_20251116_214116_110468.avi,89.71793130985836,360,90,HIGH,VIDEO_RECORDING,2025-11-16T21:41:20.202094
2025-11-16 21:41:19.284066,285,2952,HandType.Left,0.706679105758667,-136.9776153564453,197.04371643066406,9.439703941345215,-0.11493660509586334,-0.9915522336959839,-0.06011468917131424,-0.9684495329856873,-3.103604555130005,2.5292105674743652,1.0,1.0,5.966552734375,0,0,0,0,0,-116.0725326538086,162.4668731689453,-2.3429384231567383,-122.75416564941406,161.158447265625,13.073720932006836,close,4,2025-11-16T21:41:19.284066,my_hand_data\videos\close_seq4_20251116_214116_110468.avi,89.71793130985836,360,90,HIGH,VIDEO_RECORDING,2025-11-16T21:41:20.202094
2025-11-16 21:41:19.294476,286,2952,HandType.Left,0.7066954970359802,-136.98976135253906,197.0106201171875,9.459249496459961,-0.11519445478916168,-0.9915186762809753,-0.06017464026808739,-1.1106582880020142,-3.026726484298706,1.7872179746627808,1.0,1.0,5.9723944664001465,0,0,0,0,0,-116.07260131835938,162.44920349121094,-2.307709217071533,-122.77460479736328,161.12542724609375,13.099371910095215,close,4,2025-11-16T21:41:19.294476,my_hand_data\videos\close_seq4_20251116_214116_110468.avi,89.71793130985836,360,90,HIGH,VIDEO_RECORDING,2025-11-16T21:41:20.202094
2025-11-16 21:41:19.298578,287,2952,HandType.Left,0.7066954970359802,-136.98976135253906,197.0106201171875,9.459249496459961,-0.11519445478916168,-0.9915186762809753,-0.06017464026808739,-1.1106582880020142,-3.026726484298706,1.7872179746627808,1.0,1.0,5.9723944664001465,0,0,0,0,0,-116.07260131835938,162.44920349121094,-2.307709217071533,-122.77460479736328,161.12542724609375,13.099371910095215,close,4,2025-11-16T21:41:19.298578,my_hand_data\videos\close_seq4_20251116_214116_110468.avi,89.71793130985836,360,90,HIGH,VIDEO_RECORDING,2025-11-16T21:41:20.202094
2025-11-16 21:41:19.314543,288,2952,HandType.Left,0.7063611745834351,-137.02297973632812,196.89569091796875,9.468550682067871,-0.11531709879636765,-0.9915401339530945,-0.059582844376564026,-1.3588072061538696,-5.746264457702637,0.4754396975040436,1.0,1.0,5.963461875915527,0,0,0,0,0,-116.10111236572266,162.3257598876953,-2.2635719776153564,-122.80322265625,161.0035858154297,13.113391876220703,close,4,2025-11-16T21:41:19.314543,my_hand_data\videos\close_seq4_20251116_214116_110468.avi,89.71793130985836,360,90,HIGH,VIDEO_RECORDING,2025-11-16T21:41:20.202094
2025-11-16 21:41:19.324761,289,2952,HandType.Left,0.7063077092170715,-137.03323364257812,196.83631896972656,9.474664688110352,-0.11575046181678772,-0.991477906703949,-0.05977762117981911,-0.9386638402938843,-5.435251235961914,0.5597338080406189,1.0,1.0,5.965024948120117,0,0,0,0,0,-116.11141204833984,162.2750701904297,-2.250060558319092,-122.8276596069336,160.93984985351562,13.110800743103027,close,4,2025-11-16T21:41:19.324761,my_hand_data\videos\close_seq4_20251116_214116_110468.avi,89.71793130985836,360,90,HIGH,VIDEO_RECORDING,2025-11-16T21:41:20.202094
2025-11-16 21:41:19.334267,290,2952,HandType.Left,0.7060860395431519,-137.04928588867188,196.7711944580078,9.485618591308594,-0.11599791049957275,-0.9914443492889404,-0.05985504388809204,-1.4337459802627563,-5.81326150894165,0.9776511788368225,1.0,1.0,5.988056182861328,0,0,0,0,0,-116.12455749511719,162.23226928710938,-2.246830701828003,-122.8476791381836,160.8627166748047,13.108184814453125,close,4,2025-11-16T21:41:19.334267,my_hand_data\videos\close_seq4_20251116_214116_110468.avi,89.71793130985836,360,90,HIGH,VIDEO_RECORDING,2025-11-16T21:41:20.202094
2025-11-16 21:41:19.345098,291,2952,HandType.Left,0.7057629823684692,-137.05987548828125,196.73419189453125,9.490222930908203,-0.11622437089681625,-0.9914090633392334,-0.059999510645866394,-0.9393675923347473,-3.283048629760742,0.40858033299446106,1.0,1.0,5.998310089111328,0,0,0,0,0,-116.14366149902344,162.19786071777344,-2.2552852630615234,-122.86495971679688,160.81776428222656,13.102812767028809,close,4,2025-11-16T21:41:19.345098,my_hand_data\videos\close_seq4_20251116_214116_110468.avi,89.71793130985836,360,90,HIGH,VIDEO_RECORDING,2025-11-16T21:41:20.202094
2025-11-16 21:41:19.364283,292,2952,HandType.Left,0.7057262063026428,-137.0902099609375,196.6925811767578,9.49650764465332,-0.11643877625465393,-0.9913779497146606,-0.06009848415851593,-2.711832284927368,-3.7205522060394287,0.5619437098503113,1.0,1.0,5.99555778503418,0,0,0,0,0,-116.18191528320312,162.15354919433594,-2.249755859375,-122.91033935546875,160.76890563964844,13.097570419311523,close,4,2025-11-16T21:41:19.364283,my_hand_data\videos\close_seq4_20251116_214116_110468.avi,89.71793130985836,360,90,HIGH,VIDEO_RECORDING,2025-11-16T21:41:20.202094
2025-11-16 21:41:19.369199,293,2952,HandType.Left,0.705651044845581,-137.13858032226562,196.67916870117188,9.507101058959961,-0.1168329268693924,-0.9913081526756287,-0.06048271432518959,-4.369516372680664,-1.2116422653198242,0.9569553732872009,1.0,1.0,5.992199420928955,0,0,0,0,0,-116.24066162109375,162.1395721435547,-2.240936279296875,-122.962890625,160.74549865722656,13.085466384887695,close,4,2025-11-16T21:41:19.369199,my_hand_data\videos\close_seq4_20251116_214116_110468.avi,89.71793130985836,360,90,HIGH,VIDEO_RECORDING,2025-11-16T21:41:20.202094
2025-11-16 21:41:19.384114,294,2952,HandType.Left,0.7057607173919678,-137.17880249023438,196.62893676757812,9.515401840209961,-0.11699416488409042,-0.991285502910614,-0.06054261326789856,-3.6263203620910645,-4.5284013748168945,0.7483135461807251,1.0,1.0,5.9850616455078125,0,0,0,0,0,-116.28143310546875,162.08834838867188,-2.225816249847412,-123.01587677001953,160.6944122314453,13.08879280090332,close,4,2025-11-16T21:41:19.384114,my_hand_data\videos\close_seq4_20251116_214116_110468.avi,89.71793130985836,360,90,HIGH,VIDEO_RECORDING,2025-11-16T21:41:20.202094
2025-11-16 21:41:19.384114,295,2952,HandType.Left,0.7057426571846008,-137.21237182617188,196.57972717285156,9.507200241088867,-0.11698667705059052,-0.9912991523742676,-0.060333795845508575,-3.10543155670166,-4.551753997802734,-0.7587956786155701,1.0,1.0,5.995483875274658,0,0,0,0,0,-116.3307876586914,162.0441131591797,-2.2388827800750732,-123.0535659790039,160.64588928222656,13.082655906677246,close,4,2025-11-16T21:41:19.384114,my_hand_data\videos\close_seq4_20251116_214116_110468.avi,89.71793130985836,360,90,HIGH,VIDEO_RECORDING,2025-11-16T21:41:20.202094
2025-11-16 21:41:19.404675,296,2952,HandType.Left,0.7057504057884216,-137.2420196533203,196.510986328125,9.513278007507324,-0.11703411489725113,-0.9912967681884766,-0.0602809302508831,-2.588239908218384,-6.002269268035889,0.5306810140609741,1.0,1.0,6.010890007019043,0,0,0,0,0,-116.37313079833984,161.9872283935547,-2.242631196975708,-123.07359313964844,160.5783233642578,13.088207244873047,close,4,2025-11-16T21:41:19.404675,my_hand_data\videos\close_seq4_20251116_214116_110468.avi,89.71793130985836,360,90,HIGH,VIDEO_RECORDING,2025-11-16T21:41:20.202094
2025-11-16 21:41:19.415098,297,2952,HandType.Left,0.7057666182518005,-137.27310180664062,196.4512939453125,9.52768611907959,-0.1167597621679306,-0.9913372993469238,-0.060146257281303406,-2.8077921867370605,-5.389682292938232,1.3009765148162842,1.0,1.0,6.004297256469727,0,0,0,0,0,-116.40825653076172,161.9335174560547,-2.2297418117523193,-123.11041259765625,160.54147338867188,13.114901542663574,close,4,2025-11-16T21:41:19.415098,my_hand_data\videos\close_seq4_20251116_214116_110468.avi,89.71793130985836,360,90,HIGH,VIDEO_RECORDING,2025-11-16T21:41:20.202094
2025-11-16 21:41:19.425008,298,2952,HandType.Left,0.7064439058303833,-137.29600524902344,196.37542724609375,9.541439056396484,-0.11644858866930008,-0.9913837313652039,-0.05998334288597107,-2.059476375579834,-6.825299263000488,1.2371097803115845,1.0,1.0,5.993389129638672,0,0,0,0,0,-116.4344482421875,161.85540771484375,-2.2111051082611084,-123.14266967773438,160.4795684814453,13.144295692443848,close,4,2025-11-16T21:41:19.425008,my_hand_data\videos\close_seq4_20251116_214116_110468.avi,89.71793130985836,360,90,HIGH,VIDEO_RECORDING,2025-11-16T21:41:20.202094
2025-11-16 21:41:19.435245,299,2952,HandType.Left,0.7062711119651794,-137.2965545654297,196.27659606933594,9.541499137878418,-0.11632082611322403,-0.991410493850708,-0.059789109975099564,-0.04895402118563652,-8.845381736755371,0.005357485730201006,1.0,1.0,6.015696048736572,0,0,0,0,0,-116.43148803710938,161.7891387939453,-2.212939739227295,-123.14727783203125,160.3870086669922,13.148603439331055,close,4,2025-11-16T21:41:19.435245,my_hand_data\videos\close_seq4_20251116_214116_110468.avi,89.71793130985836,360,90,HIGH,VIDEO_RECORDING,2025-11-16T21:41:20.202094
2025-11-16 21:41:19.449333,300,2952,HandType.Left,0.7058184146881104,-137.28184509277344,196.23243713378906,9.539145469665527,-0.11654556542634964,-0.9913846254348755,-0.059780303388834,1.3500174283981323,-4.05474853515625,-0.21615731716156006,1.0,1.0,6.025308609008789,0,0,0,0,0,-116.40125274658203,161.76327514648438,-2.205237865447998,-123.12946319580078,160.34144592285156,13.146233558654785,close,4,2025-11-16T21:41:19.449333,my_hand_data\videos\close_seq4_20251116_214116_110468.avi,89.71793130985836,360,90,HIGH,VIDEO_RECORDING,2025-11-16T21:41:20.202094
2025-11-16 21:41:19.455195,301,2952,HandType.Left,0.7057490944862366,-137.27859497070312,196.232177734375,9.539724349975586,-0.11705631017684937,-0.9913209676742554,-0.059838052839040756,0.289995014667511,-0.023669466376304626,0.05172353610396385,1.0,1.0,6.0363945960998535,0,0,0,0,0,-116.38064575195312,161.777587890625,-2.202587127685547,-123.12810516357422,160.33120727539062,13.144787788391113,close,4,2025-11-16T21:41:19.455195,my_hand_data\videos\close_seq4_20251116_214116_110468.avi,89.71793130985836,360,90,HIGH,VIDEO_RECORDING,2025-11-16T21:41:20.202094
2025-11-16 21:41:19.475437,302,2952,HandType.Left,0.7052377462387085,-137.30438232421875,196.26011657714844,9.550265312194824,-0.11729040741920471,-0.9913041591644287,-0.059657514095306396,-2.3302924633026123,2.5251829624176025,0.9526044726371765,1.0,1.0,6.0778045654296875,0,0,0,0,0,-116.36434173583984,161.8556365966797,-2.187948703765869,-123.12989807128906,160.34535217285156,13.149550437927246,close,4,2025-11-16T21:41:19.475437,my_hand_data\videos\close_seq4_20251116_214116_110468.avi,89.71793130985836,360,90,HIGH,VIDEO_RECORDING,2025-11-16T21:41:20.202094
2025-11-16 21:41:19.478972,303,2952,HandType.Left,0.7050895690917969,-137.3047332763672,196.2758026123047,9.56513500213623,-0.11761142313480377,-0.9912737011909485,-0.059531453996896744,-0.03158154338598251,1.405977487564087,1.332637906074524,1.0,1.0,6.1045241355896,0,0,0,0,0,-116.33584594726562,161.9122314453125,-2.1591055393218994,-123.12776947021484,160.36181640625,13.170061111450195,close,4,2025-11-16T21:41:19.478972,my_hand_data\videos\close_seq4_20251116_214116_110468.avi,89.71793130985836,360,90,HIGH,VIDEO_RECORDING,2025-11-16T21:41:20.202094
2025-11-16 21:41:19.495732,304,2952,HandType.Left,0.7050544023513794,-137.30557250976562,196.27264404296875,9.604223251342773,-0.11772659420967102,-0.9912591576576233,-0.05954594910144806,-0.07457880675792694,-0.281512051820755,3.4844789505004883,1.0,1.0,6.105774402618408,0,0,0,0,0,-116.29698944091797,161.9379119873047,-2.082103967666626,-123.12859344482422,160.3470916748047,13.193258285522461,close,4,2025-11-16T21:41:19.495732,my_hand_data\videos\close_seq4_20251116_214116_110468.avi,89.71793130985836,360,90,HIGH,VIDEO_RECORDING,2025-11-16T21:41:20.202094
2025-11-16 21:41:19.498329,305,2952,HandType.Left,0.7053337693214417,-137.29368591308594,196.2309112548828,9.631085395812988,-0.11750870198011398,-0.9912926554679871,-0.0594182088971138,1.0900826454162598,-3.82672119140625,2.463475227355957,1.0,1.0,6.129418849945068,0,0,0,0,0,-116.25521850585938,161.94537353515625,-2.0244531631469727,-123.11808776855469,160.31005859375,13.22646427154541,close,4,2025-11-16T21:41:19.498329,my_hand_data\videos\close_seq4_20251116_214116_110468.avi,89.71793130985836,360,90,HIGH,VIDEO_RECORDING,2025-11-16T21:41:20.202094
2025-11-16 21:41:19.515660,306,2952,HandType.Left,0.7052682638168335,-137.30126953125,196.1880645751953,9.678582191467285,-0.11726294457912445,-0.9913408756256104,-0.059099290519952774,-0.6616247892379761,-3.7426564693450928,4.148533821105957,1.0,1.0,6.157556533813477,0,0,0,0,0,-116.23912811279297,161.94668579101562,-1.9392156600952148,-123.12491607666016,160.26947021484375,13.298310279846191,close,4,2025-11-16T21:41:19.515660,my_hand_data\videos\close_seq4_20251116_214116_110468.avi,89.71793130985836,360,90,HIGH,VIDEO_RECORDING,2025-11-16T21:41:20.202094
2025-11-16 21:41:19.521238,307,2952,HandType.Left,0.7052693963050842,-137.28976440429688,196.10501098632812,9.73135757446289,-0.11669210344552994,-0.9914621710777283,-0.05818680673837662,1.0702016353607178,-7.735913276672363,4.915320873260498,1.0,1.0,6.2112579345703125,0,0,0,0,0,-116.23381042480469,161.90447998046875,-1.8713586330413818,-123.11441040039062,160.2001495361328,13.405409812927246,close,4,2025-11-16T21:41:19.521238,my_hand_data\videos\close_seq4_20251116_214116_110468.avi,89.71793130985836,360,90,HIGH,VIDEO_RECORDING,2025-11-16T21:41:20.202094
2025-11-16 21:41:19.535172,308,2952,HandType.Left,0.7052596807479858,-137.30377197265625,196.08302307128906,9.795347213745117,-0.11615238338708878,-0.9915634989738464,-0.0575360506772995,-1.2529449462890625,-1.967185139656067,5.725649356842041,1.0,1.0,6.2740302085876465,0,0,0,0,0,-116.24288940429688,161.9473419189453,-1.8110666275024414,-123.11930084228516,160.1876678466797,13.49660587310791,close,4,2025-11-16T21:41:19.535172,my_hand_data\videos\close_seq4_20251116_214116_110468.avi,89.71793130985836,360,90,HIGH,VIDEO_RECORDING,2025-11-16T21:41:20.202094
2025-11-16 21:41:19.545188,309,2952,HandType.Left,0.7052596807479858,-137.30377197265625,196.08302307128906,9.795347213745117,-0.11615238338708878,-0.9915634989738464,-0.0575360506772995,-1.2529449462890625,-1.967185139656067,5.725649356842041,1.0,1.0,6.2740302085876465,0,0,0,0,0,-116.24288940429688,161.9473419189453,-1.8110666275024414,-123.11930084228516,160.1876678466797,13.49660587310791,close,4,2025-11-16T21:41:19.545188,my_hand_data\videos\close_seq4_20251116_214116_110468.avi,89.71793130985836,360,90,HIGH,VIDEO_RECORDING,2025-11-16T21:41:20.202094
2025-11-16 21:41:19.555988,310,2952,HandType.Left,0.7050012946128845,-137.28231811523438,196.0535430908203,9.849743843078613,-0.11540229618549347,-0.9917072057723999,-0.05656048282980919,2.0995302200317383,-1.7892541885375977,1.4195530414581299,1.0,1.0,6.319781303405762,0,0,0,0,0,-116.2126235961914,161.99427795410156,-1.7255908250808716,-123.11334991455078,160.18759155273438,13.57835865020752,close,4,2025-11-16T21:41:19.555988,my_hand_data\videos\close_seq4_20251116_214116_110468.avi,89.71793130985836,360,90,HIGH,VIDEO_RECORDING,2025-11-16T21:41:20.202094
2025-11-16 21:41:19.576840,311,2952,HandType.Left,0.7049403190612793,-137.2675323486328,196.03941345214844,9.846502304077148,-0.1145980954170227,-0.9918659925460815,-0.05539941415190697,1.3565647602081299,-1.296101689338684,-0.2973140776157379,1.0,1.0,6.3217902183532715,0,0,0,0,0,-116.19923400878906,161.98223876953125,-1.7159991264343262,-123.10530090332031,160.20089721679688,13.608346939086914,close,4,2025-11-16T21:41:19.576840,my_hand_data\videos\close_seq4_20251116_214116_110468.avi,89.71793130985836,360,90,HIGH,VIDEO_RECORDING,2025-11-16T21:41:20.202094
2025-11-16 21:41:19.580951,312,2952,HandType.Left,0.705154299736023,-137.22103881835938,196.02658081054688,9.827685356140137,-0.11400114744901657,-0.9919883012771606,-0.05443350970745087,4.096693515777588,-1.1307426691055298,-1.6582026481628418,1.0,1.0,6.326666831970215,0,0,0,0,0,-116.1416244506836,161.97251892089844,-1.7281900644302368,-123.06356811523438,160.20111083984375,13.612799644470215,close,4,2025-11-16T21:41:19.580951,my_hand_data\videos\close_seq4_20251116_214116_110468.avi,89.71793130985836,360,90,HIGH,VIDEO_RECORDING,2025-11-16T21:41:20.202094
2025-11-16 21:41:19.597073,313,2952,HandType.Left,0.7050854563713074,-137.18478393554688,196.05038452148438,9.79143238067627,-0.1136743351817131,-0.9920680522918701,-0.05365760251879692,3.243983268737793,2.128638744354248,-3.2429964542388916,1.0,1.0,6.333791732788086,0,0,0,0,0,-116.11492156982422,161.9923095703125,-1.7719520330429077,-123.03189849853516,160.2305908203125,13.588473320007324,close,4,2025-11-16T21:41:19.597073,my_hand_data\videos\close_seq4_20251116_214116_110468.avi,89.71793130985836,360,90,HIGH,VIDEO_RECORDING,2025-11-16T21:41:20.202094
2025-11-16 21:41:19.600286,314,2952,HandType.Left,0.7052969336509705,-137.15208435058594,196.06231689453125,9.74023151397705,-0.11304284632205963,-0.9921854734420776,-0.05281384661793709,2.9457271099090576,1.0757311582565308,-4.612606525421143,1.0,1.0,6.350703716278076,0,0,0,0,0,-116.06231689453125,162.01600646972656,-1.8234531879425049,-123.00850677490234,160.2605438232422,13.574217796325684,close,4,2025-11-16T21:41:19.600286,my_hand_data\videos\close_seq4_20251116_214116_110468.avi,89.71793130985836,360,90,HIGH,VIDEO_RECORDING,2025-11-16T21:41:20.202094
2025-11-16 21:41:19.618040,315,2952,HandType.Left,0.7051646709442139,-137.13888549804688,196.09107971191406,9.693048477172852,-0.11292235553264618,-0.9922298789024353,-0.052233755588531494,1.1802923679351807,2.572026252746582,-4.22072172164917,1.0,1.0,6.345848083496094,0,0,0,0,0,-116.03303527832031,162.04664611816406,-1.8467121124267578,-123.023193359375,160.3046417236328,13.563693046569824,close,4,2025-11-16T21:41:19.618040,my_hand_data\videos\close_seq4_20251116_214116_110468.avi,89.71793130985836,360,90,HIGH,VIDEO_RECORDING,2025-11-16T21:41:20.202094
2025-11-16 21:41:19.622721,316,2952,HandType.Left,0.7051147818565369,-137.11651611328125,196.11822509765625,9.63793659210205,-0.11291349679231644,-0.9922415614128113,-0.05203143507242203,2.0524706840515137,2.4911186695098877,-5.057534694671631,1.0,1.0,6.320491790771484,0,0,0,0,0,-116.00712585449219,162.07095336914062,-1.8670400381088257,-123.01187896728516,160.3533477783203,13.515884399414062,close,4,2025-11-16T21:41:19.622721,my_hand_data\videos\close_seq4_20251116_214116_110468.avi,89.71793130985836,360,90,HIGH,VIDEO_RECORDING,2025-11-16T21:41:20.202094
2025-11-16 21:41:19.638969,317,2952,HandType.Left,0.7049363851547241,-137.0832977294922,196.12704467773438,9.581696510314941,-0.11303656548261642,-0.9922465682029724,-0.051667001098394394,2.9672389030456543,0.7888041734695435,-5.022764205932617,1.0,1.0,6.295240879058838,0,0,0,0,0,-115.97664642333984,162.0643310546875,-1.8930435180664062,-123.00125885009766,160.38487243652344,13.492652893066406,close,4,2025-11-16T21:41:19.638969,my_hand_data\videos\close_seq4_20251116_214116_110468.avi,89.71793130985836,360,90,HIGH,VIDEO_RECORDING,2025-11-16T21:41:20.202094
2025-11-16 21:41:19.642994,318,2952,HandType.Left,0.7049139142036438,-137.06211853027344,196.1356658935547,9.541423797607422,-0.11324251443147659,-0.9922310709953308,-0.05151372030377388,1.9232920408248901,0.78250652551651,-3.6578502655029297,1.0,1.0,6.268949031829834,0,0,0,0,0,-115.97108459472656,162.04261779785156,-1.9274624586105347,-122.9944076538086,160.4127960205078,13.473102569580078,close,4,2025-11-16T21:41:19.642994,my_hand_data\videos\close_seq4_20251116_214116_110468.avi,89.71793130985836,360,90,HIGH,VIDEO_RECORDING,2025-11-16T21:41:20.202094
2025-11-16 21:41:19.659819,319,2952,HandType.Left,0.7050902843475342,-137.04844665527344,196.13267517089844,9.485833168029785,-0.11284618079662323,-0.9923101663589478,-0.05085538700222969,1.21877920627594,-0.26675480604171753,-4.953269958496094,1.0,1.0,6.244444370269775,0,0,0,0,0,-115.98075866699219,162.00994873046875,-1.9757579565048218,-122.99667358398438,160.44998168945312,13.466618537902832,close,4,2025-11-16T21:41:19.659819,my_hand_data\videos\close_seq4_20251116_214116_110468.avi,89.71793130985836,360,90,HIGH,VIDEO_RECORDING,2025-11-16T21:41:20.202094
2025-11-16 21:41:19.670113,320,2952,HandType.Left,0.7052835822105408,-137.0779266357422,196.14947509765625,9.44982624053955,-0.11261525750160217,-0.9923650026321411,-0.05029434710741043,-2.6572117805480957,1.5140684843063354,-3.244178056716919,1.0,1.0,6.241715431213379,0,0,0,0,0,-115.9986572265625,162.03787231445312,-1.9960376024246216,-123.0326156616211,160.48605346679688,13.455525398254395,close,4,2025-11-16T21:41:19.670113,my_hand_data\videos\close_seq4_20251116_214116_110468.avi,89.71793130985836,360,90,HIGH,VIDEO_RECORDING,2025-11-16T21:41:20.202094
2025-11-16 21:41:19.680137,321,2952,HandType.Left,0.705173134803772,-137.1116943359375,196.17762756347656,9.419921875,-0.11241939663887024,-0.9924308657646179,-0.04942486435174942,-3.0360655784606934,2.5314712524414062,-2.6896839141845703,1.0,1.0,6.300617694854736,0,0,0,0,0,-116.03291320800781,162.12242126464844,-2.027827262878418,-123.06464385986328,160.52066040039062,13.44750690460205,close,4,2025-11-16T21:41:19.680137,my_hand_data\videos\close_seq4_20251116_214116_110468.avi,89.71793130985836,360,90,HIGH,VIDEO_RECORDING,2025-11-16T21:41:20.202094
2025-11-16 21:41:19.690631,322,2952,HandType.Left,0.705280065536499,-137.1404571533203,196.21221923828125,9.382068634033203,-0.11189088225364685,-0.992525041103363,-0.048729073256254196,-2.633601188659668,3.166508674621582,-3.465156316757202,1.0,1.0,6.321869850158691,0,0,0,0,0,-116.03813171386719,162.18739318847656,-2.070821762084961,-123.07530975341797,160.56417846679688,13.415053367614746,close,4,2025-11-16T21:41:19.690631,my_hand_data\videos\close_seq4_20251116_214116_110468.avi,89.71793130985836,360,90,HIGH,VIDEO_RECORDING,2025-11-16T21:41:20.202094
2025-11-16 21:41:19.700860,323,2952,HandType.Left,0.7053598761558533,-137.12985229492188,196.21282958984375,9.347500801086426,-0.11135607212781906,-0.9926401376724243,-0.04759659245610237,0.9536820650100708,0.05572479963302612,-3.107813596725464,1.0,1.0,6.330582618713379,0,0,0,0,0,-116.03858947753906,162.18215942382812,-2.1020126342773438,-123.07398986816406,160.58859252929688,13.442317008972168,close,4,2025-11-16T21:41:19.700860,my_hand_data\videos\close_seq4_20251116_214116_110468.avi,89.71793130985836,360,90,HIGH,VIDEO_RECORDING,2025-11-16T21:41:20.202094
2025-11-16 21:41:19.720709,324,2952,HandType.Left,0.7059652209281921,-137.13963317871094,196.2517852783203,9.31865406036377,-0.11036790907382965,-0.9927876591682434,-0.0468142144382,-0.8474767208099365,3.3716533184051514,-2.4972786903381348,1.0,1.0,6.325095176696777,0,0,0,0,0,-116.0252914428711,162.23867797851562,-2.104039192199707,-123.08792114257812,160.65492248535156,13.444395065307617,close,4,2025-11-16T21:41:19.720709,my_hand_data\videos\close_seq4_20251116_214116_110468.avi,89.71793130985836,360,90,HIGH,VIDEO_RECORDING,2025-11-16T21:41:20.202094
2025-11-16 21:41:19.725933,325,2952,HandType.Left,0.7062405943870544,-137.12033081054688,196.2707061767578,9.286478042602539,-0.109780453145504,-0.9928911924362183,-0.045992735773324966,1.7539746761322021,1.7188881635665894,-2.923038959503174,1.0,1.0,6.329141139984131,0,0,0,0,0,-116.00557708740234,162.27024841308594,-2.102684259414673,-123.08858489990234,160.70472717285156,13.472517013549805,close,4,2025-11-16T21:41:19.725933,my_hand_data\videos\close_seq4_20251116_214116_110468.avi,89.71793130985836,360,90,HIGH,VIDEO_RECORDING,2025-11-16T21:41:20.202094
2025-11-16 21:41:19.741527,326,2952,HandType.Left,0.7062562704086304,-137.11660766601562,196.32327270507812,9.256155967712402,-0.10952893644571304,-0.9929355978965759,-0.04563286900520325,0.3336886465549469,4.717113971710205,-2.7206454277038574,1.0,1.0,6.335168361663818,0,0,0,0,0,-116.01183319091797,162.3395538330078,-2.1278810501098633,-123.10523986816406,160.78594970703125,13.467449188232422,close,4,2025-11-16T21:41:19.741527,my_hand_data\videos\close_seq4_20251116_214116_110468.avi,89.71793130985836,360,90,HIGH,VIDEO_RECORDING,2025-11-16T21:41:20.202094
2025-11-16 21:41:19.746738,327,2952,HandType.Left,0.7063023447990417,-137.1450958251953,196.3866729736328,9.249521255493164,-0.10929050296545029,-0.9929791688919067,-0.045253969728946686,-2.6205763816833496,5.833266258239746,-0.6104769110679626,1.0,1.0,6.329818248748779,0,0,0,0,0,-116.02641296386719,162.4170684814453,-2.1012165546417236,-123.1416015625,160.8622589111328,13.483430862426758,close,4,2025-11-16T21:41:19.746738,my_hand_data\videos\close_seq4_20251116_214116_110468.avi,89.71793130985836,360,90,HIGH,VIDEO_RECORDING,2025-11-16T21:41:20.202094
2025-11-16 21:41:19.761527,328,2952,HandType.Left,0.7064718008041382,-137.16505432128906,196.4705047607422,9.238067626953125,-0.10918253660202026,-0.9929974675178528,-0.045113589614629745,-1.7907642126083374,7.5210065841674805,-1.027556300163269,1.0,1.0,6.335756301879883,0,0,0,0,0,-116.04964447021484,162.52073669433594,-2.1085963249206543,-123.1881103515625,160.96487426757812,13.493668556213379,close,4,2025-11-16T21:41:19.761527,my_hand_data\videos\close_seq4_20251116_214116_110468.avi,89.71793130985836,360,90,HIGH,VIDEO_RECORDING,2025-11-16T21:41:20.202094
2025-11-16 21:41:19.767785,329,2952,HandType.Left,0.7065747976303101,-137.18344116210938,196.5573272705078,9.231697082519531,-0.10905507951974869,-0.9930196404457092,-0.044932663440704346,-1.6926732063293457,7.992580413818359,-0.586388111114502,1.0,1.0,6.354895114898682,0,0,0,0,0,-116.07438659667969,162.62826538085938,-2.1135127544403076,-123.20561218261719,161.06236267089844,13.50720500946045,close,4,2025-11-16T21:41:19.767785,my_hand_data\videos\close_seq4_20251116_214116_110468.avi,89.71793130985836,360,90,HIGH,VIDEO_RECORDING,2025-11-16T21:41:20.202094
2025-11-16 21:41:19.786741,330,2952,HandType.Left,0.7064763903617859,-137.18310546875,196.64364624023438,9.238893508911133,-0.10903004556894302,-0.9930267930030823,-0.044835302978754044,0.02947906032204628,7.663341522216797,0.6388416886329651,1.0,1.0,6.377275466918945,0,0,0,0,0,-116.07598876953125,162.7448272705078,-2.1122043132781982,-123.211669921875,161.16851806640625,13.532896995544434,close,4,2025-11-16T21:41:19.786741,my_hand_data\videos\close_seq4_20251116_214116_110468.avi,89.71793130985836,360,90,HIGH,VIDEO_RECORDING,2025-11-16T21:41:20.202094
2025-11-16 21:41:19.788409,331,2952,HandType.Left,0.7065224051475525,-137.17227172851562,196.72128295898438,9.23808479309082,-0.10892529040575027,-0.993041455745697,-0.04476577043533325,0.9575465321540833,6.862501621246338,-0.07143911719322205,1.0,1.0,6.411479473114014,0,0,0,0,0,-116.07435607910156,162.85940551757812,-2.138251543045044,-123.20558166503906,161.25880432128906,13.538507461547852,close,4,2025-11-16T21:41:19.788409,my_hand_data\videos\close_seq4_20251116_214116_110468.avi,89.71793130985836,360,90,HIGH,VIDEO_RECORDING,2025-11-16T21:41:20.202094
2025-11-16 21:41:19.802173,332,2952,HandType.Left,0.7067767381668091,-137.17156982421875,196.7921600341797,9.230831146240234,-0.10876493155956268,-0.9930627942085266,-0.04468243569135666,0.0638062134385109,6.4125237464904785,-0.6563034653663635,1.0,1.0,6.436834812164307,0,0,0,0,0,-116.08679962158203,162.95721435546875,-2.171481132507324,-123.2091293334961,161.34927368164062,13.542010307312012,close,4,2025-11-16T21:41:19.802173,my_hand_data\videos\close_seq4_20251116_214116_110468.avi,89.71793130985836,360,90,HIGH,VIDEO_RECORDING,2025-11-16T21:41:20.202094
2025-11-16 21:41:19.818108,333,2952,HandType.Left,0.7062820196151733,-137.212890625,196.89044189453125,9.230765342712402,-0.10894963890314102,-0.993049144744873,-0.04453488811850548,-3.794952630996704,9.02747917175293,-0.006004203576594591,1.0,1.0,6.464630126953125,0,0,0,0,0,-116.15618896484375,163.06961059570312,-2.2110435962677,-123.2447509765625,161.4551544189453,13.542433738708496,close,4,2025-11-16T21:41:19.818108,my_hand_data\videos\close_seq4_20251116_214116_110468.avi,89.71793130985836,360,90,HIGH,VIDEO_RECORDING,2025-11-16T21:41:20.202094
2025-11-16 21:41:19.823226,334,2952,HandType.Left,0.7062053084373474,-137.29373168945312,196.97067260742188,9.206683158874512,-0.10951923578977585,-0.9929973483085632,-0.04429236054420471,-7.194223880767822,7.1394453048706055,-2.143115282058716,1.0,1.0,6.505266189575195,0,0,0,0,0,-116.23737335205078,163.1909942626953,-2.252103805541992,-123.31977844238281,161.53541564941406,13.514883041381836,close,4,2025-11-16T21:41:19.823226,my_hand_data\videos\close_seq4_20251116_214116_110468.avi,89.71793130985836,360,90,HIGH,VIDEO_RECORDING,2025-11-16T21:41:20.202094
2025-11-16 21:41:19.834109,335,2952,HandType.Left,0.7060218453407288,-137.3683319091797,197.03997802734375,9.161582946777344,-0.1097511574625969,-0.9929966330528259,-0.04373021796345711,-6.647396087646484,6.175491809844971,-4.018596649169922,1.0,1.0,6.526485443115234,0,0,0,0,0,-116.33732604980469,163.26991271972656,-2.309138774871826,-123.38442993164062,161.61361694335938,13.472898483276367,close,4,2025-11-16T21:41:19.834109,my_hand_data\videos\close_seq4_20251116_214116_110468.avi,89.71793130985836,360,90,HIGH,VIDEO_RECORDING,2025-11-16T21:41:20.202094
2025-11-16 21:41:19.849805,336,2952,HandType.Left,0.7061932682991028,-137.4569549560547,197.11097717285156,9.097371101379395,-0.1099294126033783,-0.9929909706115723,-0.043410129845142365,-7.937839984893799,6.359394073486328,-5.751641273498535,1.0,1.0,6.5222625732421875,0,0,0,0,0,-116.43952941894531,163.3340301513672,-2.3737754821777344,-123.47240447998047,161.70423889160156,13.422257423400879,close,4,2025-11-16T21:41:19.849805,my_hand_data\videos\close_seq4_20251116_214116_110468.avi,89.71793130985836,360,90,HIGH,VIDEO_RECORDING,2025-11-16T21:41:20.202094
2025-11-16 21:41:19.855385,337,2952,HandType.Left,0.7065558433532715,-137.545166015625,197.18624877929688,9.033843040466309,-0.10998621582984924,-0.9929906725883484,-0.0432729534804821,-8.027200698852539,6.848907947540283,-5.780548572540283,1.0,1.0,6.515690326690674,0,0,0,0,0,-116.5520248413086,163.3970947265625,-2.445694923400879,-123.5562973022461,161.79205322265625,13.362817764282227,close,4,2025-11-16T21:41:19.855385,my_hand_data\videos\close_seq4_20251116_214116_110468.avi,89.71793130985836,360,90,HIGH,VIDEO_RECORDING,2025-11-16T21:41:20.202094
2025-11-16 21:41:19.881352,338,2952,HandType.Left,0.7064740061759949,-137.69070434570312,197.25636291503906,8.889667510986328,-0.11029768735170364,-0.9929785132408142,-0.04275626689195633,-6.265396595001221,1.4377529621124268,-6.341881275177002,1.0,1.0,6.510257720947266,0,0,0,0,0,-116.7339096069336,163.44100952148438,-2.6034834384918213,-123.69129943847656,161.86476135253906,13.214542388916016,close,4,2025-11-16T21:41:19.881352,my_hand_data\videos\close_seq4_20251116_214116_110468.avi,89.71793130985836,360,90,HIGH,VIDEO_RECORDING,2025-11-16T21:41:20.202094
2025-11-16 21:41:19.886348,339,2952,HandType.Left,0.7064740061759949,-137.69070434570312,197.25636291503906,8.889667510986328,-0.11029768735170364,-0.9929785132408142,-0.04275626689195633,-6.265396595001221,1.4377529621124268,-6.341881275177002,1.0,1.0,6.510257720947266,0,0,0,0,0,-116.7339096069336,163.44100952148438,-2.6034834384918213,-123.69129943847656,161.86476135253906,13.214542388916016,close,4,2025-11-16T21:41:19.886348,my_hand_data\videos\close_seq4_20251116_214116_110468.avi,89.71793130985836,360,90,HIGH,VIDEO_RECORDING,2025-11-16T21:41:20.202094
2025-11-16 21:41:19.890481,340,2952,HandType.Left,0.7060239315032959,-137.75375366210938,197.26492309570312,8.835419654846191,-0.11062036454677582,-0.9929470419883728,-0.04265328496694565,-5.646973133087158,0.7661272287368774,-4.857884883880615,1.0,1.0,6.508446216583252,0,0,0,0,0,-116.81592559814453,163.44122314453125,-2.660607099533081,-123.75230407714844,161.87045288085938,13.155961990356445,close,4,2025-11-16T21:41:19.890481,my_hand_data\videos\close_seq4_20251116_214116_110468.avi,89.71793130985836,360,90,HIGH,VIDEO_RECORDING,2025-11-16T21:41:20.202094
2025-11-16 21:41:19.912212,341,2952,HandType.Left,0.7061407566070557,-137.84017944335938,197.2187042236328,8.758782386779785,-0.110582135617733,-0.9929623007774353,-0.042396653443574905,-3.857065200805664,-3.0957376956939697,-2.7269530296325684,1.0,1.0,6.506163597106934,0,0,0,0,0,-116.93083190917969,163.37120056152344,-2.740598201751709,-123.81706237792969,161.8153533935547,13.076241493225098,close,4,2025-11-16T21:41:19.912212,my_hand_data\videos\close_seq4_20251116_214116_110468.avi,89.71793130985836,360,90,HIGH,VIDEO_RECORDING,2025-11-16T21:41:20.202094
2025-11-16 21:41:19.914310,342,2952,HandType.Left,0.7061407566070557,-137.84017944335938,197.2187042236328,8.758782386779785,-0.110582135617733,-0.9929623007774353,-0.042396653443574905,-3.857065200805664,-3.0957376956939697,-2.7269530296325684,1.0,1.0,6.506163597106934,0,0,0,0,0,-116.93083190917969,163.37120056152344,-2.740598201751709,-123.81706237792969,161.8153533935547,13.076241493225098,close,4,2025-11-16T21:41:19.914310,my_hand_data\videos\close_seq4_20251116_214116_110468.avi,89.71793130985836,360,90,HIGH,VIDEO_RECORDING,2025-11-16T21:41:20.202094
2025-11-16 21:41:19.927869,343,2952,HandType.Left,0.7065314054489136,-137.86415100097656,197.1470489501953,8.715046882629395,-0.11031429469585419,-0.9930115938186646,-0.041936829686164856,-2.1310207843780518,-6.368407726287842,-3.887261390686035,1.0,1.0,6.498517036437988,0,0,0,0,0,-116.97623443603516,163.2788848876953,-2.780710458755493,-123.8399658203125,161.7420196533203,13.041475296020508,close,4,2025-11-16T21:41:19.927869,my_hand_data\videos\close_seq4_20251116_214116_110468.avi,89.71793130985836,360,90,HIGH,VIDEO_RECORDING,2025-11-16T21:41:20.202094
2025-11-16 21:41:19.943667,344,2952,HandType.Left,0.7070977091789246,-137.96168518066406,196.9830322265625,8.61922836303711,-0.11038178205490112,-0.9930019974708557,-0.04198652505874634,-6.577202320098877,-6.202535629272461,-3.963615894317627,1.0,1.0,6.478822708129883,0,0,0,0,0,-117.0904312133789,163.1183624267578,-2.8720180988311768,-123.98746490478516,161.58636474609375,12.926880836486816,close,4,2025-11-16T21:41:19.943667,my_hand_data\videos\close_seq4_20251116_214116_110468.avi,89.71793130985836,360,90,HIGH,VIDEO_RECORDING,2025-11-16T21:41:20.202094
2025-11-16 21:41:19.949027,345,2952,HandType.Left,0.7070977091789246,-137.96168518066406,196.9830322265625,8.61922836303711,-0.11038178205490112,-0.9930019974708557,-0.04198652505874634,-6.577202320098877,-6.202535629272461,-3.963615894317627,1.0,1.0,6.478822708129883,0,0,0,0,0,-117.0904312133789,163.1183624267578,-2.8720180988311768,-123.98746490478516,161.58636474609375,12.926880836486816,close,4,2025-11-16T21:41:19.949027,my_hand_data\videos\close_seq4_20251116_214116_110468.avi,89.71793130985836,360,90,HIGH,VIDEO_RECORDING,2025-11-16T21:41:20.202094
2025-11-16 21:41:19.959317,346,2952,HandType.Left,0.7069507837295532,-138.06202697753906,196.91844177246094,8.585770606994629,-0.11032136529684067,-0.9930122494697571,-0.041903287172317505,-8.96096134185791,-5.767804145812988,-2.988086462020874,1.0,1.0,6.465293884277344,0,0,0,0,0,-117.1865005493164,163.0481414794922,-2.890030860900879,-124.0950698852539,161.52200317382812,12.902079582214355,close,4,2025-11-16T21:41:19.959317,my_hand_data\videos\close_seq4_20251116_214116_110468.avi,89.71793130985836,360,90,HIGH,VIDEO_RECORDING,2025-11-16T21:41:20.202094
2025-11-16 21:41:19.974469,347,2952,HandType.Left,0.7068983316421509,-138.15921020507812,196.7992706298828,8.571252822875977,-0.11009541153907776,-0.9930452108383179,-0.04171572998166084,-8.603160858154297,-10.549660682678223,-1.2850948572158813,1.0,1.0,6.4609150886535645,0,0,0,0,0,-117.2804946899414,162.92730712890625,-2.896533250808716,-124.19410705566406,161.4091339111328,12.902767181396484,close,4,2025-11-16T21:41:19.974469,my_hand_data\videos\close_seq4_20251116_214116_110468.avi,89.71793130985836,360,90,HIGH,VIDEO_RECORDING,2025-11-16T21:41:20.202094
2025-11-16 21:41:19.976486,348,2952,HandType.Left,0.706842839717865,-138.2525634765625,196.67198181152344,8.557491302490234,-0.11021655052900314,-0.9930285811424255,-0.04179125651717186,-8.661148071289062,-11.810168266296387,-1.2769547700881958,1.0,1.0,6.453026294708252,0,0,0,0,0,-117.37232971191406,162.7959747314453,-2.9042744636535645,-124.27587890625,161.27780151367188,12.880075454711914,close,4,2025-11-16T21:41:19.976486,my_hand_data\videos\close_seq4_20251116_214116_110468.avi,89.71793130985836,360,90,HIGH,VIDEO_RECORDING,2025-11-16T21:41:20.202094
2025-11-16 21:41:19.990527,349,2952,HandType.Left,0.7070936560630798,-138.3455047607422,196.5238494873047,8.542160987854004,-0.11024981737136841,-0.9930234551429749,-0.04182538390159607,-8.22911548614502,-13.115715026855469,-1.357261300086975,1.0,1.0,6.442808151245117,0,0,0,0,0,-117.44136047363281,162.65237426757812,-2.9025673866271973,-124.35797882080078,161.12399291992188,12.858796119689941,close,4,2025-11-16T21:41:19.990527,my_hand_data\videos\close_seq4_20251116_214116_110468.avi,89.71793130985836,360,90,HIGH,VIDEO_RECORDING,2025-11-16T21:41:20.202094
2025-11-16 21:41:20.006428,350,2952,HandType.Left,0.7071515917778015,-138.39337158203125,196.3487091064453,8.502877235412598,-0.11006328463554382,-0.9930499196052551,-0.041688721626996994,-4.326324462890625,-15.826662063598633,-3.5499982833862305,1.0,1.0,6.449585914611816,0,0,0,0,0,-117.46653747558594,162.5001220703125,-2.9256176948547363,-124.39521026611328,160.9489288330078,12.817841529846191,close,4,2025-11-16T21:41:20.006428,my_hand_data\videos\close_seq4_20251116_214116_110468.avi,89.71793130985836,360,90,HIGH,VIDEO_RECORDING,2025-11-16T21:41:20.202094
2025-11-16 21:41:20.011430,351,2952,HandType.Left,0.7068847417831421,-138.42568969726562,196.1674041748047,8.463277816772461,-0.1098342165350914,-0.9930935502052307,-0.041251253336668015,-2.8910155296325684,-16.224977493286133,-3.543818950653076,1.0,1.0,6.447209358215332,0,0,0,0,0,-117.48439025878906,162.32281494140625,-2.9359543323516846,-124.39373016357422,160.76173400878906,12.777953147888184,close,4,2025-11-16T21:41:20.011430,my_hand_data\videos\close_seq4_20251116_214116_110468.avi,89.71793130985836,360,90,HIGH,VIDEO_RECORDING,2025-11-16T21:41:20.202094
2025-11-16 21:41:20.022483,352,2952,HandType.Left,0.7065805196762085,-138.4454803466797,196.03140258789062,8.40929126739502,-0.10933435708284378,-0.9931842684745789,-0.04038506746292114,-1.7956804037094116,-12.339280128479004,-4.897642612457275,1.0,1.0,6.461613178253174,0,0,0,0,0,-117.49784851074219,162.19776916503906,-2.9764018058776855,-124.36894989013672,160.61563110351562,12.717460632324219,close,4,2025-11-16T21:41:20.022483,my_hand_data\videos\close_seq4_20251116_214116_110468.avi,89.71793130985836,360,90,HIGH,VIDEO_RECORDING,2025-11-16T21:41:20.202094
2025-11-16 21:41:20.037855,353,2952,HandType.Left,0.7066289186477661,-138.42640686035156,195.8844757080078,8.36198902130127,-0.10909765213727951,-0.9932189583778381,-0.040171463042497635,1.7017472982406616,-13.11252498626709,-4.221969127655029,1.0,1.0,6.480118751525879,0,0,0,0,0,-117.47390747070312,162.080078125,-3.021179676055908,-124.3449478149414,160.46298217773438,12.664531707763672,close,4,2025-11-16T21:41:20.037855,my_hand_data\videos\close_seq4_20251116_214116_110468.avi,89.71793130985836,360,90,HIGH,VIDEO_RECORDING,2025-11-16T21:41:20.202094
2025-11-16 21:41:20.040389,354,2952,HandType.Left,0.7066149115562439,-138.40927124023438,195.79283142089844,8.323922157287598,-0.10896141082048416,-0.9932416677474976,-0.03998013585805893,1.5294631719589233,-8.181550979614258,-3.3978636264801025,1.0,1.0,6.496363639831543,0,0,0,0,0,-117.42713928222656,162.02098083496094,-3.043870449066162,-124.34117889404297,160.36337280273438,12.632604598999023,close,4,2025-11-16T21:41:20.040389,my_hand_data\videos\close_seq4_20251116_214116_110468.avi,89.71793130985836,360,90,HIGH,VIDEO_RECORDING,2025-11-16T21:41:20.202094
2025-11-16 21:41:20.069587,355,2952,HandType.Left,0.7068252563476562,-138.3655242919922,195.64451599121094,8.313322067260742,-0.10891541838645935,-0.9932249188423157,-0.040517278015613556,-0.08329550176858902,-4.125201225280762,0.11979322880506516,1.0,1.0,6.4806718826293945,0,0,0,0,0,-117.38938903808594,161.8845977783203,-3.035311698913574,-124.34221649169922,160.20985412597656,12.612410545349121,close,4,2025-11-16T21:41:20.069587,my_hand_data\videos\close_seq4_20251116_214116_110468.avi,89.71793130985836,360,90,HIGH,VIDEO_RECORDING,2025-11-16T21:41:20.202094
2025-11-16 21:41:20.074432,356,2952,HandType.Left,0.7068252563476562,-138.3655242919922,195.64451599121094,8.313322067260742,-0.10891541838645935,-0.9932249188423157,-0.040517278015613556,-0.08329550176858902,-4.125201225280762,0.11979322880506516,1.0,1.0,6.4806718826293945,0,0,0,0,0,-117.38938903808594,161.8845977783203,-3.035311698913574,-124.34221649169922,160.20985412597656,12.612410545349121,close,4,2025-11-16T21:41:20.074432,my_hand_data\videos\close_seq4_20251116_214116_110468.avi,89.71793130985836,360,90,HIGH,VIDEO_RECORDING,2025-11-16T21:41:20.202094
2025-11-16 21:41:20.079233,357,2952,HandType.Left,0.7070099711418152,-138.38951110839844,195.65660095214844,8.304227828979492,-0.10860397666692734,-0.9932440519332886,-0.040883686393499374,-2.1934587955474854,1.1047152280807495,-0.8311874270439148,1.0,1.0,6.507272720336914,0,0,0,0,0,-117.40196228027344,161.95623779296875,-3.044353723526001,-124.37284088134766,160.2244110107422,12.59531307220459,close,4,2025-11-16T21:41:20.079233,my_hand_data\videos\close_seq4_20251116_214116_110468.avi,89.71793130985836,360,90,HIGH,VIDEO_RECORDING,2025-11-16T21:41:20.202094
2025-11-16 21:41:20.100668,358,2952,HandType.Left,0.7074099779129028,-138.3882293701172,195.69117736816406,8.293747901916504,-0.10805624723434448,-0.9933029413223267,-0.04090393707156181,1.4010835886001587,0.8658208847045898,-0.751261293888092,1.0,1.0,6.595898628234863,0,0,0,0,0,-117.39684295654297,162.0847625732422,-3.09316349029541,-124.35515594482422,160.2596435546875,12.587374687194824,close,4,2025-11-16T21:41:20.100668,my_hand_data\videos\close_seq4_20251116_214116_110468.avi,89.71793130985836,360,90,HIGH,VIDEO_RECORDING,2025-11-16T21:41:20.202094
2025-11-16 21:41:20.104884,359,2952,HandType.Left,0.7074099779129028,-138.3882293701172,195.69117736816406,8.293747901916504,-0.10805624723434448,-0.9933029413223267,-0.04090393707156181,1.4010835886001587,0.8658208847045898,-0.751261293888092,1.0,1.0,6.595898628234863,0,0,0,0,0,-117.39684295654297,162.0847625732422,-3.09316349029541,-124.35515594482422,160.2596435546875,12.587374687194824,close,4,2025-11-16T21:41:20.104884,my_hand_data\videos\close_seq4_20251116_214116_110468.avi,89.71793130985836,360,90,HIGH,VIDEO_RECORDING,2025-11-16T21:41:20.202094
2025-11-16 21:41:20.116091,360,2952,HandType.Left,0.707410454750061,-138.35369873046875,195.70619201660156,8.295697212219238,-0.10799557715654373,-0.9933052062988281,-0.04100942984223366,3.130310535430908,1.361471176147461,0.17668314278125763,1.0,1.0,6.640371322631836,0,0,0,0,0,-117.37002563476562,162.14300537109375,-3.1160991191864014,-124.32937622070312,160.2797088623047,12.594441413879395,close,4,2025-11-16T21:41:20.116091,my_hand_data\videos\close_seq4_20251116_214116_110468.avi,89.71793130985836,360,90,HIGH,VIDEO_RECORDING,2025-11-16T21:41:20.202094
