timestamp,frame_id,hand_id,hand_type,confidence,palm_x,palm_y,palm_z,palm_normal_x,palm_normal_y,palm_normal_z,palm_velocity_x,palm_velocity_y,palm_velocity_z,grab_strength,pinch_strength,pinch_distance,thumb_extended,index_extended,middle_extended,ring_extended,pinky_extended,thumb_tip_x,thumb_tip_y,thumb_tip_z,index_tip_x,index_tip_y,index_tip_z,gesture_type,sequence_id,recording_timestamp,video_file_path,performance_actual_fps,performance_total_frames,performance_target_fps,performance_quality,performance_mode,video_recording_time
2025-11-18 12:06:39.525130,1,264,HandType.Left,0.637588381767273,-138.88165283203125,127.59571075439453,76.19688415527344,0.6301894783973694,-0.2062736302614212,0.7485401630401611,-11.777047157287598,-9.509218215942383,0.22167284786701202,0.0,0.0,51.16611099243164,1,1,1,1,1,-97.87800598144531,172.3079376220703,98.67855834960938,-68.84568786621094,154.73558044433594,53.69839859008789,grab,43,2025-11-18T12:06:39.525130,my_hand_data\videos\grab_seq43_20251118_120639_492864.avi,89.48469789295903,360,90,HIGH,VIDEO_RECORDING,2025-11-18T12:06:43.630364
2025-11-18 12:06:39.525130,2,264,HandType.Left,0.637588381767273,-138.88165283203125,127.59571075439453,76.19688415527344,0.6301894783973694,-0.2062736302614212,0.7485401630401611,-11.777047157287598,-9.509218215942383,0.22167284786701202,0.0,0.0,51.16611099243164,1,1,1,1,1,-97.87800598144531,172.3079376220703,98.67855834960938,-68.84568786621094,154.73558044433594,53.69839859008789,grab,43,2025-11-18T12:06:39.525130,my_hand_data\videos\grab_seq43_20251118_120639_492864.avi,89.48469789295903,360,90,HIGH,VIDEO_RECORDING,2025-11-18T12:06:43.630364
2025-11-18 12:06:39.525130,3,264,HandType.Left,0.6380793452262878,-139.0319366455078,127.56478881835938,76.17574310302734,0.6317810416221619,-0.2052817940711975,0.747470498085022,-13.75166130065918,-2.8291478157043457,-1.9343793392181396,0.0,0.0,51.34845733642578,1,1,1,1,1,-97.92160034179688,172.28749084472656,98.60406494140625,-69.16154479980469,154.71861267089844,53.23615646362305,grab,43,2025-11-18T12:06:39.525130,my_hand_data\videos\grab_seq43_20251118_120639_492864.avi,89.48469789295903,360,90,HIGH,VIDEO_RECORDING,2025-11-18T12:06:43.630364
2025-11-18 12:06:39.556792,4,264,HandType.Left,0.6379455924034119,-139.2265625,127.51741790771484,76.17378997802734,0.6334558725357056,-0.20395775139331818,0.7464146614074707,-17.42835807800293,-4.241969108581543,-0.17519237101078033,0.0,0.0,51.52496337890625,1,1,1,1,1,-98.00904846191406,172.30088806152344,98.56108093261719,-69.43946838378906,154.67703247070312,52.894248962402344,grab,43,2025-11-18T12:06:39.556792,my_hand_data\videos\grab_seq43_20251118_120639_492864.avi,89.48469789295903,360,90,HIGH,VIDEO_RECORDING,2025-11-18T12:06:43.630364
2025-11-18 12:06:39.559330,5,264,HandType.Left,0.638167142868042,-139.42745971679688,127.48426055908203,76.15116119384766,0.6349575519561768,-0.20263636112213135,0.7454980611801147,-18.59493637084961,-3.0695996284484863,-2.0946178436279297,0.0,0.0,51.716434478759766,1,1,1,1,1,-98.14138793945312,172.30287170410156,98.51579284667969,-69.71772003173828,154.64230346679688,52.53346252441406,grab,43,2025-11-18T12:06:39.559330,my_hand_data\videos\grab_seq43_20251118_120639_492864.avi,89.48469789295903,360,90,HIGH,VIDEO_RECORDING,2025-11-18T12:06:43.630364
2025-11-18 12:06:39.572603,6,264,HandType.Left,0.6385939121246338,-139.5543670654297,127.44009399414062,76.12409210205078,0.636505126953125,-0.20115938782691956,0.7445778250694275,-11.144757270812988,-3.878443956375122,-2.3772566318511963,0.0,0.0,51.863189697265625,1,1,1,1,1,-98.19200897216797,172.2716522216797,98.42169952392578,-69.91949462890625,154.55984497070312,52.21179962158203,grab,43,2025-11-18T12:06:39.572603,my_hand_data\videos\grab_seq43_20251118_120639_492864.avi,89.48469789295903,360,90,HIGH,VIDEO_RECORDING,2025-11-18T12:06:43.630364
2025-11-18 12:06:39.572603,7,264,HandType.Left,0.6385939121246338,-139.5543670654297,127.44009399414062,76.12409210205078,0.636505126953125,-0.20115938782691956,0.7445778250694275,-11.144757270812988,-3.878443956375122,-2.3772566318511963,0.0,0.0,51.863189697265625,1,1,1,1,1,-98.19200897216797,172.2716522216797,98.42169952392578,-69.91949462890625,154.55984497070312,52.21179962158203,grab,43,2025-11-18T12:06:39.572603,my_hand_data\videos\grab_seq43_20251118_120639_492864.avi,89.48469789295903,360,90,HIGH,VIDEO_RECORDING,2025-11-18T12:06:43.630364
2025-11-18 12:06:39.604944,8,264,HandType.Left,0.6376714706420898,-139.91476440429688,127.31158447265625,76.12556457519531,0.6393426060676575,-0.19918935000896454,0.742673933506012,-17.45723533630371,-5.594754219055176,0.3569100797176361,0.0,0.0,52.37779998779297,1,1,1,1,1,-98.40140533447266,172.26187133789062,98.31815338134766,-70.4554214477539,154.30352783203125,51.34062576293945,grab,43,2025-11-18T12:06:39.604944,my_hand_data\videos\grab_seq43_20251118_120639_492864.avi,89.48469789295903,360,90,HIGH,VIDEO_RECORDING,2025-11-18T12:06:43.630364
2025-11-18 12:06:39.613978,9,264,HandType.Left,0.6373240351676941,-140.3008270263672,126.97461700439453,76.0949478149414,0.6425171494483948,-0.19710183143615723,0.7404881119728088,-18.422744750976562,-16.887279510498047,-0.16418452560901642,0.0,0.0,52.7791633605957,1,1,1,1,1,-98.62788391113281,172.15650939941406,98.26074981689453,-71.0168228149414,153.9948272705078,50.69240188598633,grab,43,2025-11-18T12:06:39.613978,my_hand_data\videos\grab_seq43_20251118_120639_492864.avi,89.48469789295903,360,90,HIGH,VIDEO_RECORDING,2025-11-18T12:06:43.630364
2025-11-18 12:06:39.621079,10,264,HandType.Left,0.6373240351676941,-140.3008270263672,126.97461700439453,76.0949478149414,0.6425171494483948,-0.19710183143615723,0.7404881119728088,-18.422744750976562,-16.887279510498047,-0.16418452560901642,0.0,0.0,52.7791633605957,1,1,1,1,1,-98.62788391113281,172.15650939941406,98.26074981689453,-71.0168228149414,153.9948272705078,50.69240188598633,grab,43,2025-11-18T12:06:39.621079,my_hand_data\videos\grab_seq43_20251118_120639_492864.avi,89.48469789295903,360,90,HIGH,VIDEO_RECORDING,2025-11-18T12:06:43.630364
2025-11-18 12:06:39.636942,11,264,HandType.Left,0.6381663084030151,-140.71311950683594,126.7591323852539,76.1474380493164,0.6460562944412231,-0.19827556610107422,0.737087607383728,-20.556575775146484,-8.558503150939941,2.9543635845184326,0.0,0.0,52.88677978515625,1,1,1,1,1,-98.76729583740234,172.14324951171875,98.20851135253906,-71.59696960449219,153.67886352539062,49.862693786621094,grab,43,2025-11-18T12:06:39.636942,my_hand_data\videos\grab_seq43_20251118_120639_492864.avi,89.48469789295903,360,90,HIGH,VIDEO_RECORDING,2025-11-18T12:06:43.630364
2025-11-18 12:06:39.640958,12,264,HandType.Left,0.6381663084030151,-140.71311950683594,126.7591323852539,76.1474380493164,0.6460562944412231,-0.19827556610107422,0.737087607383728,-20.556575775146484,-8.558503150939941,2.9543635845184326,0.0,0.0,52.88677978515625,1,1,1,1,1,-98.76729583740234,172.14324951171875,98.20851135253906,-71.59696960449219,153.67886352539062,49.862693786621094,grab,43,2025-11-18T12:06:39.640958,my_hand_data\videos\grab_seq43_20251118_120639_492864.avi,89.48469789295903,360,90,HIGH,VIDEO_RECORDING,2025-11-18T12:06:43.630364
2025-11-18 12:06:39.653031,13,264,HandType.Left,0.6383368968963623,-140.98194885253906,126.6313247680664,76.21208190917969,0.6477128863334656,-0.19919760525226593,0.7353830933570862,-24.18018913269043,-11.495152473449707,5.814018726348877,0.0,0.0,53.0436897277832,1,1,1,1,1,-98.8550796508789,172.09278869628906,98.26594543457031,-71.92945098876953,153.31756591796875,49.609622955322266,grab,43,2025-11-18T12:06:39.653031,my_hand_data\videos\grab_seq43_20251118_120639_492864.avi,89.48469789295903,360,90,HIGH,VIDEO_RECORDING,2025-11-18T12:06:43.630364
2025-11-18 12:06:39.659622,14,264,HandType.Left,0.6384415626525879,-141.33888244628906,126.54878997802734,76.28600311279297,0.6495808959007263,-0.19989633560180664,0.7335435748100281,-32.324867248535156,-7.475263595581055,6.6947784423828125,0.0,0.0,53.124942779541016,1,1,1,1,1,-98.98949432373047,172.0394744873047,98.35995483398438,-72.35591888427734,153.03480529785156,49.60369873046875,grab,43,2025-11-18T12:06:39.659622,my_hand_data\videos\grab_seq43_20251118_120639_492864.avi,89.48469789295903,360,90,HIGH,VIDEO_RECORDING,2025-11-18T12:06:43.630364
2025-11-18 12:06:39.685424,15,264,HandType.Left,0.6386997103691101,-142.00881958007812,126.3517074584961,76.2873764038086,0.6545292735099792,-0.20017306506633759,0.729055643081665,-23.616294860839844,-8.545022964477539,-3.667036294937134,0.0,0.0,53.227073669433594,1,1,1,1,1,-99.05953216552734,171.6890869140625,98.41211700439453,-73.11341857910156,152.3597869873047,49.61100769042969,grab,43,2025-11-18T12:06:39.685424,my_hand_data\videos\grab_seq43_20251118_120639_492864.avi,89.48469789295903,360,90,HIGH,VIDEO_RECORDING,2025-11-18T12:06:43.630364
2025-11-18 12:06:39.685424,16,264,HandType.Left,0.6383404731750488,-142.1333770751953,126.2867202758789,76.20332336425781,0.6569305658340454,-0.2010238617658615,0.7266578674316406,-11.06281566619873,-5.771816730499268,-7.4659881591796875,0.0,0.0,53.26958084106445,1,1,1,1,1,-99.01597595214844,171.55715942382812,98.34051513671875,-73.26438903808594,152.02699279785156,49.615413665771484,grab,43,2025-11-18T12:06:39.685424,my_hand_data\videos\grab_seq43_20251118_120639_492864.avi,89.48469789295903,360,90,HIGH,VIDEO_RECORDING,2025-11-18T12:06:43.630364
2025-11-18 12:06:39.685424,17,264,HandType.Left,0.6383404731750488,-142.1333770751953,126.2867202758789,76.20332336425781,0.6569305658340454,-0.2010238617658615,0.7266578674316406,-11.06281566619873,-5.771816730499268,-7.4659881591796875,0.0,0.0,53.26958084106445,1,1,1,1,1,-99.01597595214844,171.55715942382812,98.34051513671875,-73.26438903808594,152.02699279785156,49.615413665771484,grab,43,2025-11-18T12:06:39.685424,my_hand_data\videos\grab_seq43_20251118_120639_492864.avi,89.48469789295903,360,90,HIGH,VIDEO_RECORDING,2025-11-18T12:06:43.630364
2025-11-18 12:06:39.717316,18,264,HandType.Left,0.6380822658538818,-142.2396240234375,126.19078063964844,75.8709716796875,0.6617307066917419,-0.20056644082069397,0.7224164605140686,-0.3890681564807892,-5.962369918823242,-15.645767211914062,0.0,0.0,52.211124420166016,1,1,1,1,1,-98.76056671142578,171.1488494873047,98.00463104248047,-73.49537658691406,151.43431091308594,49.571346282958984,grab,43,2025-11-18T12:06:39.717316,my_hand_data\videos\grab_seq43_20251118_120639_492864.avi,89.48469789295903,360,90,HIGH,VIDEO_RECORDING,2025-11-18T12:06:43.630364
2025-11-18 12:06:39.717316,19,264,HandType.Left,0.6380822658538818,-142.2396240234375,126.19078063964844,75.8709716796875,0.6617307066917419,-0.20056644082069397,0.7224164605140686,-0.3890681564807892,-5.962369918823242,-15.645767211914062,0.0,0.0,52.211124420166016,1,1,1,1,1,-98.76056671142578,171.1488494873047,98.00463104248047,-73.49537658691406,151.43431091308594,49.571346282958984,grab,43,2025-11-18T12:06:39.717316,my_hand_data\videos\grab_seq43_20251118_120639_492864.avi,89.48469789295903,360,90,HIGH,VIDEO_RECORDING,2025-11-18T12:06:43.630364
2025-11-18 12:06:39.717316,20,264,HandType.Left,0.6389455199241638,-142.23681640625,126.0801773071289,75.72203826904297,0.6634442210197449,-0.20076583325862885,0.7207876443862915,0.23891565203666687,-9.4537935256958,-12.730292320251465,0.0,0.0,53.450252532958984,1,1,1,1,1,-98.61714935302734,170.9788055419922,97.8378677368164,-73.57291412353516,151.14781188964844,49.45901107788086,grab,43,2025-11-18T12:06:39.717316,my_hand_data\videos\grab_seq43_20251118_120639_492864.avi,89.48469789295903,360,90,HIGH,VIDEO_RECORDING,2025-11-18T12:06:43.630364
2025-11-18 12:06:39.748977,21,264,HandType.Left,0.6395037174224854,-142.22085571289062,125.84947204589844,75.43775939941406,0.6660341620445251,-0.20033057034015656,0.7185166478157043,0.9448067545890808,-11.797988891601562,-12.073348999023438,0.0,0.0,53.49964904785156,1,1,1,1,1,-98.43643951416016,170.71234130859375,97.55097961425781,-73.6989517211914,150.67462158203125,49.22882080078125,grab,43,2025-11-18T12:06:39.748977,my_hand_data\videos\grab_seq43_20251118_120639_492864.avi,89.48469789295903,360,90,HIGH,VIDEO_RECORDING,2025-11-18T12:06:43.630364
2025-11-18 12:06:39.748977,22,264,HandType.Left,0.6395037174224854,-142.22085571289062,125.84947204589844,75.43775939941406,0.6660341620445251,-0.20033057034015656,0.7185166478157043,0.9448067545890808,-11.797988891601562,-12.073348999023438,0.0,0.0,53.49964904785156,1,1,1,1,1,-98.43643951416016,170.71234130859375,97.55097961425781,-73.6989517211914,150.67462158203125,49.22882080078125,grab,43,2025-11-18T12:06:39.748977,my_hand_data\videos\grab_seq43_20251118_120639_492864.avi,89.48469789295903,360,90,HIGH,VIDEO_RECORDING,2025-11-18T12:06:43.630364
2025-11-18 12:06:39.764937,23,264,HandType.Left,0.6395400166511536,-142.2119903564453,125.7826156616211,75.34712219238281,0.6668314933776855,-0.20046602189540863,0.7177388668060303,0.7970627546310425,-6.004205226898193,-8.139241218566895,0.0,0.0,53.5161247253418,1,1,1,1,1,-98.39115142822266,170.63287353515625,97.4659194946289,-73.71488952636719,150.50552368164062,49.18339920043945,grab,43,2025-11-18T12:06:39.764937,my_hand_data\videos\grab_seq43_20251118_120639_492864.avi,89.48469789295903,360,90,HIGH,VIDEO_RECORDING,2025-11-18T12:06:43.630364
2025-11-18 12:06:39.780815,24,264,HandType.Left,0.6397589445114136,-142.1389923095703,125.71691131591797,75.23739624023438,0.667458176612854,-0.20050722360610962,0.7171446681022644,6.567042827606201,-5.911365985870361,-9.871935844421387,0.0,0.0,53.52767562866211,1,1,1,1,1,-98.28275299072266,170.55723571777344,97.3619384765625,-73.65848541259766,150.34225463867188,49.12982940673828,grab,43,2025-11-18T12:06:39.780815,my_hand_data\videos\grab_seq43_20251118_120639_492864.avi,89.48469789295903,360,90,HIGH,VIDEO_RECORDING,2025-11-18T12:06:43.630364
2025-11-18 12:06:39.780815,25,264,HandType.Left,0.6399512887001038,-142.10890197753906,125.66761016845703,75.14790344238281,0.667919933795929,-0.200490802526474,0.7167192101478577,2.716123580932617,-4.450286865234375,-8.078644752502441,0.0,0.0,53.52110290527344,1,1,1,1,1,-98.22288513183594,170.48272705078125,97.27586364746094,-73.64138793945312,150.22308349609375,49.109519958496094,grab,43,2025-11-18T12:06:39.780815,my_hand_data\videos\grab_seq43_20251118_120639_492864.avi,89.48469789295903,360,90,HIGH,VIDEO_RECORDING,2025-11-18T12:06:43.630364
2025-11-18 12:06:39.780815,26,264,HandType.Left,0.6402958035469055,-142.05384826660156,125.6141586303711,75.0408935546875,0.6683882474899292,-0.2004770040512085,0.716286301612854,4.794896125793457,-4.654916286468506,-9.319602012634277,0.0,0.0,53.51059341430664,1,1,1,1,1,-98.14557647705078,170.41561889648438,97.1875228881836,-73.61099243164062,150.12570190429688,49.09584045410156,grab,43,2025-11-18T12:06:39.780815,my_hand_data\videos\grab_seq43_20251118_120639_492864.avi,89.48469789295903,360,90,HIGH,VIDEO_RECORDING,2025-11-18T12:06:43.630364
2025-11-18 12:06:39.812712,27,264,HandType.Left,0.64065021276474,-142.0032958984375,125.57169342041016,74.9711685180664,0.668748676776886,-0.20049472153186798,0.7159448862075806,4.54442834854126,-3.817497491836548,-6.268265724182129,0.0,0.0,53.529327392578125,1,1,1,1,1,-98.08419799804688,170.36978149414062,97.13763427734375,-73.59423065185547,150.0277557373047,49.054168701171875,grab,43,2025-11-18T12:06:39.812712,my_hand_data\videos\grab_seq43_20251118_120639_492864.avi,89.48469789295903,360,90,HIGH,VIDEO_RECORDING,2025-11-18T12:06:43.630364
2025-11-18 12:06:39.812712,28,264,HandType.Left,0.640690803527832,-141.93873596191406,125.52157592773438,74.91480255126953,0.6690917611122131,-0.2005707174539566,0.7156029939651489,6.033839225769043,-4.684241771697998,-5.2674407958984375,0.0,0.0,53.56783676147461,1,1,1,1,1,-97.98686218261719,170.3181915283203,97.09918212890625,-73.56781768798828,149.90481567382812,48.99516677856445,grab,43,2025-11-18T12:06:39.812712,my_hand_data\videos\grab_seq43_20251118_120639_492864.avi,89.48469789295903,360,90,HIGH,VIDEO_RECORDING,2025-11-18T12:06:43.630364
2025-11-18 12:06:39.828610,29,264,HandType.Left,0.6408622860908508,-141.8450469970703,125.52337646484375,74.87855529785156,0.6692667007446289,-0.20116059482097626,0.7152736783027649,8.321696281433105,0.16017790138721466,-3.219369411468506,0.0,0.0,53.612884521484375,1,1,1,1,1,-97.851806640625,170.24224853515625,97.07056427001953,-73.51876831054688,149.77320861816406,48.90261459350586,grab,43,2025-11-18T12:06:39.828610,my_hand_data\videos\grab_seq43_20251118_120639_492864.avi,89.48469789295903,360,90,HIGH,VIDEO_RECORDING,2025-11-18T12:06:43.630364
2025-11-18 12:06:39.844514,30,264,HandType.Left,0.6416986584663391,-141.78744506835938,125.59121704101562,74.86115264892578,0.6695045232772827,-0.20190656185150146,0.7148408889770508,5.285139560699463,6.225198745727539,-1.5970484018325806,0.0,0.0,53.64067459106445,1,1,1,1,1,-97.69718170166016,170.20037841796875,97.06595611572266,-73.49758911132812,149.7387237548828,48.81248474121094,grab,43,2025-11-18T12:06:39.844514,my_hand_data\videos\grab_seq43_20251118_120639_492864.avi,89.48469789295903,360,90,HIGH,VIDEO_RECORDING,2025-11-18T12:06:43.630364
2025-11-18 12:06:39.844514,31,264,HandType.Left,0.6430913209915161,-141.7580108642578,125.66031646728516,74.8494873046875,0.669758677482605,-0.20244596898555756,0.7144500613212585,2.5944769382476807,6.0928053855896,-1.0288888216018677,0.0,0.0,53.686527252197266,1,1,1,1,1,-97.49626922607422,170.12350463867188,97.09844207763672,-73.50336456298828,149.69921875,48.713443756103516,grab,43,2025-11-18T12:06:39.844514,my_hand_data\videos\grab_seq43_20251118_120639_492864.avi,89.48469789295903,360,90,HIGH,VIDEO_RECORDING,2025-11-18T12:06:43.630364
2025-11-18 12:06:39.875906,32,264,HandType.Left,0.64668869972229,-141.7788543701172,125.70923614501953,74.83216094970703,0.6700955629348755,-0.20377129316329956,0.7137570977210999,-4.688202381134033,-1.0965369939804077,-0.7453896999359131,0.0,0.0,53.91560363769531,1,1,1,1,1,-96.7835922241211,169.62718200683594,97.40184020996094,-73.55931854248047,149.53009033203125,48.38336944580078,grab,43,2025-11-18T12:06:39.875906,my_hand_data\videos\grab_seq43_20251118_120639_492864.avi,89.48469789295903,360,90,HIGH,VIDEO_RECORDING,2025-11-18T12:06:43.630364
2025-11-18 12:06:39.875906,33,264,HandType.Left,0.6480443477630615,-141.8946075439453,125.61627960205078,74.79586029052734,0.6702947616577148,-0.20365527272224426,0.713603138923645,-10.308138847351074,-8.277670860290527,-3.232558012008667,0.0,0.0,51.071475982666016,1,1,1,1,1,-96.45870208740234,169.20957946777344,97.82324981689453,-73.67914581298828,149.41549682617188,48.26008987426758,grab,43,2025-11-18T12:06:39.875906,my_hand_data\videos\grab_seq43_20251118_120639_492864.avi,89.48469789295903,360,90,HIGH,VIDEO_RECORDING,2025-11-18T12:06:43.630364
2025-11-18 12:06:39.875906,34,264,HandType.Left,0.6480443477630615,-141.8946075439453,125.61627960205078,74.79586029052734,0.6702947616577148,-0.20365527272224426,0.713603138923645,-10.308138847351074,-8.277670860290527,-3.232558012008667,0.0,0.0,51.071475982666016,1,1,1,1,1,-96.45870208740234,169.20957946777344,97.82324981689453,-73.67914581298828,149.41549682617188,48.26008987426758,grab,43,2025-11-18T12:06:39.875906,my_hand_data\videos\grab_seq43_20251118_120639_492864.avi,89.48469789295903,360,90,HIGH,VIDEO_RECORDING,2025-11-18T12:06:43.630364
2025-11-18 12:06:39.907750,35,264,HandType.Left,0.6552689075469971,-142.6475372314453,125.55486297607422,74.97457122802734,0.6701914668083191,-0.2005399763584137,0.7145817875862122,-34.27046585083008,-6.855459213256836,13.582108497619629,0.0,0.0,55.349788665771484,1,1,1,1,1,-96.12117767333984,168.46156311035156,100.09773254394531,-74.33349609375,149.39927673339844,48.423431396484375,grab,43,2025-11-18T12:06:39.907750,my_hand_data\videos\grab_seq43_20251118_120639_492864.avi,89.48469789295903,360,90,HIGH,VIDEO_RECORDING,2025-11-18T12:06:43.630364
2025-11-18 12:06:39.907750,36,264,HandType.Left,0.6552689075469971,-142.6475372314453,125.55486297607422,74.97457122802734,0.6701914668083191,-0.2005399763584137,0.7145817875862122,-34.27046585083008,-6.855459213256836,13.582108497619629,0.0,0.0,55.349788665771484,1,1,1,1,1,-96.12117767333984,168.46156311035156,100.09773254394531,-74.33349609375,149.39927673339844,48.423431396484375,grab,43,2025-11-18T12:06:39.907750,my_hand_data\videos\grab_seq43_20251118_120639_492864.avi,89.48469789295903,360,90,HIGH,VIDEO_RECORDING,2025-11-18T12:06:43.630364
2025-11-18 12:06:39.907750,37,264,HandType.Left,0.6586159467697144,-142.75369262695312,125.74927520751953,75.0305404663086,0.6699463129043579,-0.19889679551124573,0.7152705788612366,-9.443607330322266,17.29486846923828,4.978801250457764,0.0,0.0,56.160972595214844,1,1,1,1,1,-95.73151397705078,168.2792510986328,101.37711334228516,-74.38359069824219,149.7002410888672,48.71955871582031,grab,43,2025-11-18T12:06:39.907750,my_hand_data\videos\grab_seq43_20251118_120639_492864.avi,89.48469789295903,360,90,HIGH,VIDEO_RECORDING,2025-11-18T12:06:43.630364
2025-11-18 12:06:39.939457,38,264,HandType.Left,0.6633012890815735,-142.29495239257812,125.9674072265625,75.15215301513672,0.6673407554626465,-0.1945294886827469,0.7188981771469116,22.11319923400879,5.8214898109436035,6.55443000793457,0.0,0.0,57.71604537963867,1,1,1,1,1,-94.83796691894531,167.362060546875,104.09736633300781,-73.81028747558594,150.139404296875,49.53595733642578,grab,43,2025-11-18T12:06:39.939457,my_hand_data\videos\grab_seq43_20251118_120639_492864.avi,89.48469789295903,360,90,HIGH,VIDEO_RECORDING,2025-11-18T12:06:43.630364
2025-11-18 12:06:39.943482,39,264,HandType.Left,0.6633012890815735,-142.29495239257812,125.9674072265625,75.15215301513672,0.6673407554626465,-0.1945294886827469,0.7188981771469116,22.11319923400879,5.8214898109436035,6.55443000793457,0.0,0.0,57.71604537963867,1,1,1,1,1,-94.83796691894531,167.362060546875,104.09736633300781,-73.81028747558594,150.139404296875,49.53595733642578,grab,43,2025-11-18T12:06:39.943482,my_hand_data\videos\grab_seq43_20251118_120639_492864.avi,89.48469789295903,360,90,HIGH,VIDEO_RECORDING,2025-11-18T12:06:43.630364
2025-11-18 12:06:39.943482,40,264,HandType.Left,0.665248692035675,-142.11737060546875,126.16117095947266,75.25305938720703,0.6655765771865845,-0.19191905856132507,0.7212315201759338,15.354952812194824,16.75374412536621,8.725275993347168,0.0,0.0,58.62134552001953,1,1,1,1,1,-94.6273193359375,167.21356201171875,105.6471176147461,-73.5060806274414,150.36126708984375,50.27531051635742,grab,43,2025-11-18T12:06:39.943482,my_hand_data\videos\grab_seq43_20251118_120639_492864.avi,89.48469789295903,360,90,HIGH,VIDEO_RECORDING,2025-11-18T12:06:43.630364
2025-11-18 12:06:39.971507,41,264,HandType.Left,0.6676993370056152,-141.55210876464844,126.95020294189453,75.38612365722656,0.6619498133659363,-0.19083966314792633,0.7248466610908508,24.740814208984375,41.9265022277832,7.319441318511963,0.0,0.0,60.910438537597656,1,1,1,1,1,-94.01610565185547,166.89553833007812,109.69702911376953,-72.72257995605469,151.11903381347656,52.1847038269043,grab,43,2025-11-18T12:06:39.971507,my_hand_data\videos\grab_seq43_20251118_120639_492864.avi,89.48469789295903,360,90,HIGH,VIDEO_RECORDING,2025-11-18T12:06:43.630364
2025-11-18 12:06:39.971507,42,264,HandType.Left,0.6676993370056152,-141.55210876464844,126.95020294189453,75.38612365722656,0.6619498133659363,-0.19083966314792633,0.7248466610908508,24.740814208984375,41.9265022277832,7.319441318511963,0.0,0.0,60.910438537597656,1,1,1,1,1,-94.01610565185547,166.89553833007812,109.69702911376953,-72.72257995605469,151.11903381347656,52.1847038269043,grab,43,2025-11-18T12:06:39.971507,my_hand_data\videos\grab_seq43_20251118_120639_492864.avi,89.48469789295903,360,90,HIGH,VIDEO_RECORDING,2025-11-18T12:06:43.630364
2025-11-18 12:06:39.971507,43,264,HandType.Left,0.6697591543197632,-141.25546264648438,127.50898742675781,75.37150573730469,0.6598271131515503,-0.19125980138778687,0.7266690135002136,27.744569778442383,52.26161193847656,-1.3671339750289917,0.0,0.0,62.41350173950195,1,1,1,1,1,-93.77780151367188,166.4700469970703,112.50863647460938,-72.24671936035156,151.63528442382812,53.874855041503906,grab,43,2025-11-18T12:06:39.971507,my_hand_data\videos\grab_seq43_20251118_120639_492864.avi,89.48469789295903,360,90,HIGH,VIDEO_RECORDING,2025-11-18T12:06:43.630364
2025-11-18 12:06:40.003602,44,264,HandType.Left,0.673971951007843,-141.0177001953125,127.97242736816406,75.34506225585938,0.6576172709465027,-0.19264815747737885,0.7283036708831787,21.532957077026367,41.970645904541016,-2.39505672454834,0.0,0.0,64.12926483154297,1,1,1,1,1,-93.52930450439453,165.67984008789062,115.49578857421875,-71.88317108154297,152.028076171875,55.482688903808594,grab,43,2025-11-18T12:06:40.003602,my_hand_data\videos\grab_seq43_20251118_120639_492864.avi,89.48469789295903,360,90,HIGH,VIDEO_RECORDING,2025-11-18T12:06:43.630364
2025-11-18 12:06:40.003602,45,264,HandType.Left,0.6773250102996826,-140.77398681640625,128.22634887695312,75.30091094970703,0.6553605198860168,-0.19300223886966705,0.7302415370941162,22.023693084716797,22.94612693786621,-3.9901065826416016,0.0,0.0,65.73392486572266,1,1,1,1,1,-92.80986785888672,163.99183654785156,118.36882019042969,-71.61559295654297,152.24954223632812,56.24686050415039,grab,43,2025-11-18T12:06:40.003602,my_hand_data\videos\grab_seq43_20251118_120639_492864.avi,89.48469789295903,360,90,HIGH,VIDEO_RECORDING,2025-11-18T12:06:43.630364
2025-11-18 12:06:40.003602,46,264,HandType.Left,0.6758947968482971,-140.3727264404297,128.24002075195312,75.16923522949219,0.6532176733016968,-0.19345401227474213,0.732039749622345,35.673744201660156,1.2161552906036377,-11.706615447998047,0.0,0.0,67.87806701660156,0,1,1,1,1,-91.87063598632812,161.98509216308594,121.55313873291016,-71.19297790527344,152.11961364746094,56.295692443847656,grab,43,2025-11-18T12:06:40.003602,my_hand_data\videos\grab_seq43_20251118_120639_492864.avi,89.48469789295903,360,90,HIGH,VIDEO_RECORDING,2025-11-18T12:06:43.630364
2025-11-18 12:06:40.035438,47,264,HandType.Left,0.6694218516349792,-139.2633514404297,127.99761962890625,74.84710693359375,0.6490407586097717,-0.20248660445213318,0.7333111763000488,55.94584274291992,-16.3214111328125,-17.899765014648438,0.0,0.0,70.8293228149414,0,1,1,1,1,-90.25624084472656,157.6824493408203,125.86721801757812,-70.0686264038086,152.16726684570312,56.311092376708984,grab,43,2025-11-18T12:06:40.035438,my_hand_data\videos\grab_seq43_20251118_120639_492864.avi,89.48469789295903,360,90,HIGH,VIDEO_RECORDING,2025-11-18T12:06:43.630364
2025-11-18 12:06:40.035438,48,264,HandType.Left,0.6694218516349792,-139.2633514404297,127.99761962890625,74.84710693359375,0.6490407586097717,-0.20248660445213318,0.7333111763000488,55.94584274291992,-16.3214111328125,-17.899765014648438,0.0,0.0,70.8293228149414,0,1,1,1,1,-90.25624084472656,157.6824493408203,125.86721801757812,-70.0686264038086,152.16726684570312,56.311092376708984,grab,43,2025-11-18T12:06:40.035438,my_hand_data\videos\grab_seq43_20251118_120639_492864.avi,89.48469789295903,360,90,HIGH,VIDEO_RECORDING,2025-11-18T12:06:43.630364
2025-11-18 12:06:40.051190,49,264,HandType.Left,0.6665101051330566,-138.61822509765625,127.78070068359375,74.69070434570312,0.6480416655540466,-0.2049683779478073,0.7335053086280823,58.01544189453125,-19.507143020629883,-14.065214157104492,0.0,0.0,71.33446502685547,0,1,1,1,1,-89.13111877441406,153.92843627929688,126.86355590820312,-69.43621063232422,152.27865600585938,56.45001983642578,grab,43,2025-11-18T12:06:40.051190,my_hand_data\videos\grab_seq43_20251118_120639_492864.avi,89.48469789295903,360,90,HIGH,VIDEO_RECORDING,2025-11-18T12:06:43.630364
2025-11-18 12:06:40.066947,50,264,HandType.Left,0.6651502251625061,-138.02157592773438,127.69194793701172,74.64305877685547,0.6482223868370056,-0.21044430136680603,0.7317929863929749,54.378517150878906,-8.089176177978516,-4.342370986938477,0.0,0.0,72.06256103515625,0,1,1,1,1,-87.0168685913086,150.23489379882812,127.77057647705078,-68.83242797851562,152.35406494140625,56.38794708251953,grab,43,2025-11-18T12:06:40.066947,my_hand_data\videos\grab_seq43_20251118_120639_492864.avi,89.48469789295903,360,90,HIGH,VIDEO_RECORDING,2025-11-18T12:06:43.630364
2025-11-18 12:06:40.066947,51,264,HandType.Left,0.6651083827018738,-137.55642700195312,127.62545013427734,74.44053649902344,0.6488302946090698,-0.2109707146883011,0.7311022877693176,40.35696792602539,-5.769611358642578,-17.57089614868164,0.0,0.0,72.75304412841797,0,1,1,1,1,-86.29773712158203,145.3406982421875,128.3097686767578,-68.39369201660156,152.77410888671875,56.20187759399414,grab,43,2025-11-18T12:06:40.066947,my_hand_data\videos\grab_seq43_20251118_120639_492864.avi,89.48469789295903,360,90,HIGH,VIDEO_RECORDING,2025-11-18T12:06:43.630364
2025-11-18 12:06:40.082782,52,264,HandType.Left,0.6683242917060852,-137.15478515625,127.49932861328125,74.18092346191406,0.6491814255714417,-0.2114233672618866,0.7306597232818604,36.60879135131836,-11.49581527709961,-23.663049697875977,0.0,0.0,73.37287902832031,0,1,1,1,1,-85.08687591552734,140.0873260498047,128.2287139892578,-68.01447296142578,153.0019989013672,55.821678161621094,grab,43,2025-11-18T12:06:40.082782,my_hand_data\videos\grab_seq43_20251118_120639_492864.avi,89.48469789295903,360,90,HIGH,VIDEO_RECORDING,2025-11-18T12:06:43.630364
2025-11-18 12:06:40.098895,53,264,HandType.Left,0.6730408072471619,-136.794189453125,127.27835083007812,73.922119140625,0.6500464677810669,-0.21343006193637848,0.7293059825897217,32.43903732299805,-19.879371643066406,-23.28268814086914,0.0,0.0,73.7153091430664,0,1,1,1,1,-84.2884750366211,136.2672882080078,128.05372619628906,-67.66896057128906,153.0381622314453,55.10247802734375,grab,43,2025-11-18T12:06:40.098895,my_hand_data\videos\grab_seq43_20251118_120639_492864.avi,89.48469789295903,360,90,HIGH,VIDEO_RECORDING,2025-11-18T12:06:43.630364
2025-11-18 12:06:40.102959,54,264,HandType.Left,0.6763421893119812,-136.4284210205078,127.0785140991211,73.67537689208984,0.6512488126754761,-0.21685080230236053,0.7272212505340576,33.31827163696289,-18.20295524597168,-22.476181030273438,0.0,0.0,74.08299255371094,0,1,1,1,1,-83.80180358886719,134.1359405517578,128.03224182128906,-67.33550262451172,153.10365295410156,54.482608795166016,grab,43,2025-11-18T12:06:40.102959,my_hand_data\videos\grab_seq43_20251118_120639_492864.avi,89.48469789295903,360,90,HIGH,VIDEO_RECORDING,2025-11-18T12:06:43.630364
2025-11-18 12:06:40.130396,55,264,HandType.Left,0.6811437606811523,-135.73602294921875,126.86546325683594,73.16592407226562,0.6540014147758484,-0.22091621160507202,0.723517894744873,28.812211990356445,-8.237733840942383,-22.88593101501465,0.0,0.0,74.58080291748047,0,1,1,1,1,-83.31559753417969,130.79635620117188,127.5861587524414,-66.6484375,153.4768829345703,53.845584869384766,grab,43,2025-11-18T12:06:40.130396,my_hand_data\videos\grab_seq43_20251118_120639_492864.avi,89.48469789295903,360,90,HIGH,VIDEO_RECORDING,2025-11-18T12:06:43.630364
2025-11-18 12:06:40.130396,56,264,HandType.Left,0.6811437606811523,-135.73602294921875,126.86546325683594,73.16592407226562,0.6540014147758484,-0.22091621160507202,0.723517894744873,28.812211990356445,-8.237733840942383,-22.88593101501465,0.0,0.0,74.58080291748047,0,1,1,1,1,-83.31559753417969,130.79635620117188,127.5861587524414,-66.6484375,153.4768829345703,53.845584869384766,grab,43,2025-11-18T12:06:40.130396,my_hand_data\videos\grab_seq43_20251118_120639_492864.avi,89.48469789295903,360,90,HIGH,VIDEO_RECORDING,2025-11-18T12:06:43.630364
2025-11-18 12:06:40.130396,57,264,HandType.Left,0.6820892691612244,-135.4314727783203,126.73846435546875,72.9738540649414,0.6552100777626038,-0.22195284068584442,0.7221057415008545,27.345712661743164,-11.403549194335938,-17.24616050720215,0.0,0.0,74.7226333618164,0,1,1,1,1,-83.1060791015625,129.5825653076172,127.38452911376953,-66.34294128417969,153.62106323242188,53.877891540527344,grab,43,2025-11-18T12:06:40.130396,my_hand_data\videos\grab_seq43_20251118_120639_492864.avi,89.48469789295903,360,90,HIGH,VIDEO_RECORDING,2025-11-18T12:06:43.630364
2025-11-18 12:06:40.161885,58,264,HandType.Left,0.682766318321228,-134.9368133544922,126.3421401977539,72.654052734375,0.6573345065116882,-0.2232014387845993,0.7197864055633545,20.69500732421875,-19.07246971130371,-13.75539493560791,0.0,0.0,74.84013366699219,0,1,1,1,1,-82.77101135253906,127.35676574707031,126.86215209960938,-65.84758758544922,153.69400024414062,54.05249786376953,grab,43,2025-11-18T12:06:40.161885,my_hand_data\videos\grab_seq43_20251118_120639_492864.avi,89.48469789295903,360,90,HIGH,VIDEO_RECORDING,2025-11-18T12:06:43.630364
2025-11-18 12:06:40.161885,59,264,HandType.Left,0.682766318321228,-134.9368133544922,126.3421401977539,72.654052734375,0.6573345065116882,-0.2232014387845993,0.7197864055633545,20.69500732421875,-19.07246971130371,-13.75539493560791,0.0,0.0,74.84013366699219,0,1,1,1,1,-82.77101135253906,127.35676574707031,126.86215209960938,-65.84758758544922,153.69400024414062,54.05249786376953,grab,43,2025-11-18T12:06:40.161885,my_hand_data\videos\grab_seq43_20251118_120639_492864.avi,89.48469789295903,360,90,HIGH,VIDEO_RECORDING,2025-11-18T12:06:43.630364
2025-11-18 12:06:40.161885,60,264,HandType.Left,0.6829479336738586,-134.7811737060547,126.19292449951172,72.53843688964844,0.6582984328269958,-0.22407320141792297,0.7186337113380432,14.016397476196289,-13.438077926635742,-10.412337303161621,0.0,0.0,74.82917785644531,0,1,1,1,1,-82.65840148925781,126.49298095703125,126.60073852539062,-65.6866226196289,153.69546508789062,54.057315826416016,grab,43,2025-11-18T12:06:40.161885,my_hand_data\videos\grab_seq43_20251118_120639_492864.avi,89.48469789295903,360,90,HIGH,VIDEO_RECORDING,2025-11-18T12:06:43.630364
2025-11-18 12:06:40.193740,61,264,HandType.Left,0.6835092306137085,-134.6183319091797,125.98384857177734,72.4403305053711,0.6603698134422302,-0.22566138207912445,0.7162322402000427,5.878997802734375,-8.888467788696289,-3.3563733100891113,0.0,0.0,74.72793579101562,0,1,1,1,1,-82.52754211425781,125.04571533203125,126.0772476196289,-65.5086669921875,153.6474609375,54.02712631225586,grab,43,2025-11-18T12:06:40.193740,my_hand_data\videos\grab_seq43_20251118_120639_492864.avi,89.48469789295903,360,90,HIGH,VIDEO_RECORDING,2025-11-18T12:06:43.630364
2025-11-18 12:06:40.193740,62,264,HandType.Left,0.6835092306137085,-134.6183319091797,125.98384857177734,72.4403305053711,0.6603698134422302,-0.22566138207912445,0.7162322402000427,5.878997802734375,-8.888467788696289,-3.3563733100891113,0.0,0.0,74.72793579101562,0,1,1,1,1,-82.52754211425781,125.04571533203125,126.0772476196289,-65.5086669921875,153.6474609375,54.02712631225586,grab,43,2025-11-18T12:06:40.193740,my_hand_data\videos\grab_seq43_20251118_120639_492864.avi,89.48469789295903,360,90,HIGH,VIDEO_RECORDING,2025-11-18T12:06:43.630364
2025-11-18 12:06:40.193740,63,264,HandType.Left,0.6837947964668274,-134.55860900878906,125.88697052001953,72.42942810058594,0.6612743139266968,-0.22647258639335632,0.7151408791542053,5.573624134063721,-9.03954029083252,-1.0171164274215698,0.0,0.0,74.69656372070312,0,1,1,1,1,-82.45997619628906,124.58563232421875,125.93019104003906,-65.44461822509766,153.6068572998047,53.99603271484375,grab,43,2025-11-18T12:06:40.193740,my_hand_data\videos\grab_seq43_20251118_120639_492864.avi,89.48469789295903,360,90,HIGH,VIDEO_RECORDING,2025-11-18T12:06:43.630364
2025-11-18 12:06:40.225428,64,264,HandType.Left,0.6838667392730713,-134.4076690673828,125.63497161865234,72.40338134765625,0.6632552742958069,-0.22718270123004913,0.7130781412124634,6.343338489532471,-12.077792167663574,-0.5634803771972656,0.0,0.0,74.67390441894531,0,1,1,1,1,-82.2764663696289,123.82366180419922,125.7112045288086,-65.29519653320312,153.51658630371094,53.77408218383789,grab,43,2025-11-18T12:06:40.225428,my_hand_data\videos\grab_seq43_20251118_120639_492864.avi,89.48469789295903,360,90,HIGH,VIDEO_RECORDING,2025-11-18T12:06:43.630364
2025-11-18 12:06:40.228203,65,264,HandType.Left,0.6838667392730713,-134.4076690673828,125.63497161865234,72.40338134765625,0.6632552742958069,-0.22718270123004913,0.7130781412124634,6.343338489532471,-12.077792167663574,-0.5634803771972656,0.0,0.0,74.67390441894531,0,1,1,1,1,-82.2764663696289,123.82366180419922,125.7112045288086,-65.29519653320312,153.51658630371094,53.77408218383789,grab,43,2025-11-18T12:06:40.228203,my_hand_data\videos\grab_seq43_20251118_120639_492864.avi,89.48469789295903,360,90,HIGH,VIDEO_RECORDING,2025-11-18T12:06:43.630364
2025-11-18 12:06:40.241069,66,264,HandType.Left,0.6845249533653259,-134.35169982910156,125.54261779785156,72.40020751953125,0.6645150780677795,-0.22759117186069489,0.7117738127708435,4.975208759307861,-8.210260391235352,-0.2824203073978424,0.0,0.0,74.6681137084961,0,1,1,1,1,-82.15486907958984,123.51232147216797,125.63594818115234,-65.23052215576172,153.4736328125,53.69635772705078,grab,43,2025-11-18T12:06:40.241069,my_hand_data\videos\grab_seq43_20251118_120639_492864.avi,89.48469789295903,360,90,HIGH,VIDEO_RECORDING,2025-11-18T12:06:43.630364
2025-11-18 12:06:40.256871,67,264,HandType.Left,0.6846790313720703,-134.2603302001953,125.44648742675781,72.37390899658203,0.6655059456825256,-0.22788166999816895,0.7107543349266052,8.351481437683105,-8.785591125488281,-2.403731346130371,0.0,0.0,74.67657470703125,0,1,1,1,1,-82.01891326904297,123.22756958007812,125.56800079345703,-65.13507843017578,153.418212890625,53.621002197265625,grab,43,2025-11-18T12:06:40.256871,my_hand_data\videos\grab_seq43_20251118_120639_492864.avi,89.48469789295903,360,90,HIGH,VIDEO_RECORDING,2025-11-18T12:06:43.630364
2025-11-18 12:06:40.260796,68,264,HandType.Left,0.6851954460144043,-134.16607666015625,125.36397552490234,72.3332748413086,0.6666256189346313,-0.22773566842079163,0.7097511887550354,8.287749290466309,-7.2558417320251465,-3.5731608867645264,0.0,0.0,74.6953353881836,0,1,1,1,1,-81.86709594726562,123.00589752197266,125.53441619873047,-65.02783203125,153.38845825195312,53.54912185668945,grab,43,2025-11-18T12:06:40.260796,my_hand_data\videos\grab_seq43_20251118_120639_492864.avi,89.48469789295903,360,90,HIGH,VIDEO_RECORDING,2025-11-18T12:06:43.630364
2025-11-18 12:06:40.272887,69,264,HandType.Left,0.6852961182594299,-134.09188842773438,125.34210205078125,72.31410217285156,0.6678305268287659,-0.22818458080291748,0.7084731459617615,6.733540058135986,-1.9852733612060547,-1.7401288747787476,0.0,0.0,74.72913360595703,0,1,1,1,1,-81.74273681640625,122.82354736328125,125.50690460205078,-64.92589569091797,153.36717224121094,53.45349884033203,grab,43,2025-11-18T12:06:40.272887,my_hand_data\videos\grab_seq43_20251118_120639_492864.avi,89.48469789295903,360,90,HIGH,VIDEO_RECORDING,2025-11-18T12:06:43.630364
2025-11-18 12:06:40.288301,70,264,HandType.Left,0.6852015852928162,-134.05296325683594,125.36504364013672,72.33800506591797,0.6689609289169312,-0.22866444289684296,0.7072508931159973,3.5329182147979736,2.0822887420654297,2.169220209121704,0.0,0.0,74.7655258178711,0,1,1,1,1,-81.64131164550781,122.63031768798828,125.53074645996094,-64.852294921875,153.39927673339844,53.39360809326172,grab,43,2025-11-18T12:06:40.288301,my_hand_data\videos\grab_seq43_20251118_120639_492864.avi,89.48469789295903,360,90,HIGH,VIDEO_RECORDING,2025-11-18T12:06:43.630364
2025-11-18 12:06:40.288301,71,264,HandType.Left,0.6854197382926941,-133.9976043701172,125.38326263427734,72.36162567138672,0.6701038479804993,-0.22885087132453918,0.7061077356338501,5.015575885772705,1.6501262187957764,2.1397244930267334,0.0,0.0,74.77418518066406,0,1,1,1,1,-81.53675842285156,122.42294311523438,125.51994323730469,-64.74064636230469,153.4138946533203,53.419464111328125,grab,43,2025-11-18T12:06:40.288301,my_hand_data\videos\grab_seq43_20251118_120639_492864.avi,89.48469789295903,360,90,HIGH,VIDEO_RECORDING,2025-11-18T12:06:43.630364
2025-11-18 12:06:40.304868,72,264,HandType.Left,0.685657262802124,-133.93783569335938,125.42961883544922,72.3643569946289,0.6711385250091553,-0.22908586263656616,0.7050480246543884,5.318326473236084,4.125521183013916,0.24315696954727173,0.0,0.0,74.77677154541016,0,1,1,1,1,-81.43850708007812,122.19693756103516,125.48130798339844,-64.6438980102539,153.4692840576172,53.45094299316406,grab,43,2025-11-18T12:06:40.304868,my_hand_data\videos\grab_seq43_20251118_120639_492864.avi,89.48469789295903,360,90,HIGH,VIDEO_RECORDING,2025-11-18T12:06:43.630364
2025-11-18 12:06:40.319966,73,264,HandType.Left,0.6859498620033264,-133.8306884765625,125.47315979003906,72.34982299804688,0.6720765829086304,-0.22918744385242462,0.7041208744049072,9.630473136901855,3.9130232334136963,-1.3058828115463257,0.0,0.0,74.77068328857422,0,1,1,1,1,-81.32315063476562,121.95246887207031,125.41461181640625,-64.50703430175781,153.57473754882812,53.555694580078125,grab,43,2025-11-18T12:06:40.319966,my_hand_data\videos\grab_seq43_20251118_120639_492864.avi,89.48469789295903,360,90,HIGH,VIDEO_RECORDING,2025-11-18T12:06:43.630364
2025-11-18 12:06:40.336191,74,264,HandType.Left,0.687229573726654,-133.7034149169922,125.546142578125,72.31351470947266,0.6730613112449646,-0.22950439155101776,0.7030762434005737,11.455118179321289,6.569173812866211,-3.268418550491333,0.0,0.0,74.73167419433594,0,1,1,1,1,-81.17787170410156,121.71927642822266,125.35206604003906,-64.30902862548828,153.80177307128906,53.86517333984375,grab,43,2025-11-18T12:06:40.336191,my_hand_data\videos\grab_seq43_20251118_120639_492864.avi,89.48469789295903,360,90,HIGH,VIDEO_RECORDING,2025-11-18T12:06:43.630364
2025-11-18 12:06:40.336191,75,264,HandType.Left,0.6880239248275757,-133.52398681640625,125.63919830322266,72.28643798828125,0.6739975810050964,-0.2304215431213379,0.7018783092498779,16.429967880249023,8.520938873291016,-2.4792349338531494,0.0,0.0,74.70178985595703,0,1,1,1,1,-80.99523162841797,121.52533721923828,125.36180114746094,-64.03568267822266,153.9743194580078,54.30002975463867,grab,43,2025-11-18T12:06:40.336191,my_hand_data\videos\grab_seq43_20251118_120639_492864.avi,89.48469789295903,360,90,HIGH,VIDEO_RECORDING,2025-11-18T12:06:43.630364
2025-11-18 12:06:40.352237,76,264,HandType.Left,0.6883407831192017,-133.2900848388672,125.72008514404297,72.28178405761719,0.6748538613319397,-0.23147858679294586,0.7007067203521729,20.806537628173828,7.195120334625244,-0.4138150215148926,0.0,0.0,74.66466522216797,0,1,1,1,1,-80.77286529541016,121.299072265625,125.41033172607422,-63.68906784057617,154.2204132080078,54.85586929321289,grab,43,2025-11-18T12:06:40.352237,my_hand_data\videos\grab_seq43_20251118_120639_492864.avi,89.48469789295903,360,90,HIGH,VIDEO_RECORDING,2025-11-18T12:06:43.630364
2025-11-18 12:06:40.368410,77,264,HandType.Left,0.68876713514328,-132.56040954589844,125.74385070800781,72.13526153564453,0.6758142709732056,-0.23437531292438507,0.698815643787384,36.43315887451172,0.42475107312202454,-8.034592628479004,0.0,0.0,74.67739868164062,0,1,1,1,1,-80.27149200439453,120.7271957397461,125.53186798095703,-62.81410217285156,154.669677734375,56.104862213134766,grab,43,2025-11-18T12:06:40.368410,my_hand_data\videos\grab_seq43_20251118_120639_492864.avi,89.48469789295903,360,90,HIGH,VIDEO_RECORDING,2025-11-18T12:06:43.630364
2025-11-18 12:06:40.368410,78,264,HandType.Left,0.68876713514328,-132.56040954589844,125.74385070800781,72.13526153564453,0.6758142709732056,-0.23437531292438507,0.698815643787384,36.43315887451172,0.42475107312202454,-8.034592628479004,0.0,0.0,74.67739868164062,0,1,1,1,1,-80.27149200439453,120.7271957397461,125.53186798095703,-62.81410217285156,154.669677734375,56.104862213134766,grab,43,2025-11-18T12:06:40.368410,my_hand_data\videos\grab_seq43_20251118_120639_492864.avi,89.48469789295903,360,90,HIGH,VIDEO_RECORDING,2025-11-18T12:06:43.630364
2025-11-18 12:06:40.383873,79,264,HandType.Left,0.6890015602111816,-132.11468505859375,125.70963287353516,72.01405334472656,0.6761438846588135,-0.2367745339870453,0.6976870894432068,40.561222076416016,-3.1143076419830322,-11.029755592346191,0.0,0.0,74.71302795410156,0,1,1,1,1,-79.9597396850586,120.3194808959961,125.54021453857422,-62.31392288208008,154.79856872558594,56.78582000732422,grab,43,2025-11-18T12:06:40.383873,my_hand_data\videos\grab_seq43_20251118_120639_492864.avi,89.48469789295903,360,90,HIGH,VIDEO_RECORDING,2025-11-18T12:06:43.630364
2025-11-18 12:06:40.399777,80,264,HandType.Left,0.6899224519729614,-131.66583251953125,125.63652801513672,71.87406921386719,0.6765488386154175,-0.23972684144973755,0.6962849497795105,40.34559631347656,-6.571359157562256,-12.583206176757812,0.0,0.0,74.7811050415039,0,1,1,1,1,-79.62281799316406,120.0079116821289,125.59461975097656,-61.79133224487305,154.79129028320312,57.31681442260742,grab,43,2025-11-18T12:06:40.399777,my_hand_data\videos\grab_seq43_20251118_120639_492864.avi,89.48469789295903,360,90,HIGH,VIDEO_RECORDING,2025-11-18T12:06:43.630364
2025-11-18 12:06:40.399777,81,264,HandType.Left,0.6908501982688904,-131.15792846679688,125.55631256103516,71.71224975585938,0.6767053008079529,-0.24387599527835846,0.6946901679039001,45.55546951293945,-7.194866180419922,-14.514416694641113,0.0,0.0,74.77076721191406,0,1,1,1,1,-79.22147369384766,119.621337890625,125.49042510986328,-61.179481506347656,154.80517578125,57.887359619140625,grab,43,2025-11-18T12:06:40.399777,my_hand_data\videos\grab_seq43_20251118_120639_492864.avi,89.48469789295903,360,90,HIGH,VIDEO_RECORDING,2025-11-18T12:06:43.630364
2025-11-18 12:06:40.415748,82,264,HandType.Left,0.6909329891204834,-130.74354553222656,125.50580596923828,71.57710266113281,0.67685866355896,-0.24703630805015564,0.6934229731559753,36.12560272216797,-4.402666091918945,-11.781312942504883,0.0,0.0,74.69688415527344,0,1,1,1,1,-78.88153839111328,119.35982513427734,125.35110473632812,-60.669189453125,154.91900634765625,58.44137954711914,grab,43,2025-11-18T12:06:40.415748,my_hand_data\videos\grab_seq43_20251118_120639_492864.avi,89.48469789295903,360,90,HIGH,VIDEO_RECORDING,2025-11-18T12:06:43.630364
2025-11-18 12:06:40.431571,83,264,HandType.Left,0.6917445659637451,-130.2752685546875,125.44488525390625,71.42725372314453,0.6769165992736816,-0.24967819452285767,0.6924194693565369,42.77629470825195,-5.565101146697998,-13.688508987426758,0.0,0.0,74.7773666381836,0,1,1,1,1,-78.48580932617188,119.14627838134766,125.34734344482422,-60.15581512451172,154.94570922851562,58.86406707763672,grab,43,2025-11-18T12:06:40.431571,my_hand_data\videos\grab_seq43_20251118_120639_492864.avi,89.48469789295903,360,90,HIGH,VIDEO_RECORDING,2025-11-18T12:06:43.630364
2025-11-18 12:06:40.435023,84,264,HandType.Left,0.6921755075454712,-129.92556762695312,125.41493225097656,71.34477233886719,0.6770156621932983,-0.25235307216644287,0.6913520693778992,31.458663940429688,-2.694392681121826,-7.420222282409668,0.0,0.0,74.77719116210938,0,1,1,1,1,-78.22419738769531,119.00956726074219,125.32862854003906,-59.75490951538086,154.94358825683594,59.496849060058594,grab,43,2025-11-18T12:06:40.435023,my_hand_data\videos\grab_seq43_20251118_120639_492864.avi,89.48469789295903,360,90,HIGH,VIDEO_RECORDING,2025-11-18T12:06:43.630364
2025-11-18 12:06:40.463496,85,264,HandType.Left,0.6915756464004517,-129.44088745117188,125.28466033935547,71.2646484375,0.6774659752845764,-0.2580004334449768,0.6888219118118286,18.6993465423584,-4.799144268035889,-1.7388592958450317,0.0,0.0,74.63745880126953,0,1,1,1,1,-77.7658462524414,118.89640808105469,125.40274810791016,-59.19084548950195,154.77957153320312,61.072479248046875,grab,43,2025-11-18T12:06:40.463496,my_hand_data\videos\grab_seq43_20251118_120639_492864.avi,89.48469789295903,360,90,HIGH,VIDEO_RECORDING,2025-11-18T12:06:43.630364
2025-11-18 12:06:40.467203,86,264,HandType.Left,0.6906934380531311,-129.19329833984375,125.26546478271484,71.20976257324219,0.6780886054039001,-0.26015225052833557,0.6873984336853027,22.289134979248047,-1.728496789932251,-4.941405296325684,0.0,0.0,74.51300811767578,0,1,1,1,1,-77.54029846191406,118.86898803710938,125.40304565429688,-58.93277359008789,154.75160217285156,62.0175666809082,grab,43,2025-11-18T12:06:40.467203,my_hand_data\videos\grab_seq43_20251118_120639_492864.avi,89.48469789295903,360,90,HIGH,VIDEO_RECORDING,2025-11-18T12:06:43.630364
2025-11-18 12:06:40.467203,87,264,HandType.Left,0.6906934380531311,-129.19329833984375,125.26546478271484,71.20976257324219,0.6780886054039001,-0.26015225052833557,0.6873984336853027,22.289134979248047,-1.728496789932251,-4.941405296325684,0.0,0.0,74.51300811767578,0,1,1,1,1,-77.54029846191406,118.86898803710938,125.40304565429688,-58.93277359008789,154.75160217285156,62.0175666809082,grab,43,2025-11-18T12:06:40.467203,my_hand_data\videos\grab_seq43_20251118_120639_492864.avi,89.48469789295903,360,90,HIGH,VIDEO_RECORDING,2025-11-18T12:06:43.630364
2025-11-18 12:06:40.495262,88,264,HandType.Left,0.6885786056518555,-128.81332397460938,125.32551574707031,71.17768859863281,0.6804953217506409,-0.2622920572757721,0.6841995120048523,17.40654945373535,3.2403171062469482,-1.1095465421676636,0.0,0.0,73.4559555053711,0,1,1,1,1,-77.15141296386719,118.8663101196289,125.45821380615234,-58.53927230834961,155.3736114501953,64.21624755859375,grab,43,2025-11-18T12:06:40.495262,my_hand_data\videos\grab_seq43_20251118_120639_492864.avi,89.48469789295903,360,90,HIGH,VIDEO_RECORDING,2025-11-18T12:06:43.630364
2025-11-18 12:06:40.497273,89,264,HandType.Left,0.6885786056518555,-128.81332397460938,125.32551574707031,71.17768859863281,0.6804953217506409,-0.2622920572757721,0.6841995120048523,17.40654945373535,3.2403171062469482,-1.1095465421676636,0.0,0.0,73.4559555053711,0,1,1,1,1,-77.15141296386719,118.8663101196289,125.45821380615234,-58.53927230834961,155.3736114501953,64.21624755859375,grab,43,2025-11-18T12:06:40.497273,my_hand_data\videos\grab_seq43_20251118_120639_492864.avi,89.48469789295903,360,90,HIGH,VIDEO_RECORDING,2025-11-18T12:06:43.630364
2025-11-18 12:06:40.501507,90,264,HandType.Left,0.6875017881393433,-128.7238006591797,125.36788177490234,71.27246856689453,0.6820428371429443,-0.26378172636032104,0.6820827126502991,8.092596054077148,3.8308868408203125,8.568830490112305,0.0,0.0,72.84821319580078,0,1,1,1,1,-77.00981903076172,118.88330841064453,125.54216003417969,-58.49155044555664,155.6474609375,65.19181823730469,grab,43,2025-11-18T12:06:40.501507,my_hand_data\videos\grab_seq43_20251118_120639_492864.avi,89.48469789295903,360,90,HIGH,VIDEO_RECORDING,2025-11-18T12:06:43.630364
2025-11-18 12:06:40.527009,91,264,HandType.Left,0.6884182095527649,-128.448486328125,125.4114761352539,71.45906066894531,0.6855395436286926,-0.26624712347984314,0.677604615688324,13.893026351928711,-0.837081789970398,5.940068244934082,0.00979522243142128,0.0,72.01935577392578,0,1,1,1,1,-76.61726379394531,118.65929412841797,125.46570587158203,-58.30264663696289,155.8960723876953,66.42931365966797,grab,43,2025-11-18T12:06:40.527009,my_hand_data\videos\grab_seq43_20251118_120639_492864.avi,89.48469789295903,360,90,HIGH,VIDEO_RECORDING,2025-11-18T12:06:43.630364
2025-11-18 12:06:40.527009,92,264,HandType.Left,0.6884182095527649,-128.448486328125,125.4114761352539,71.45906066894531,0.6855395436286926,-0.26624712347984314,0.677604615688324,13.893026351928711,-0.837081789970398,5.940068244934082,0.00979522243142128,0.0,72.01935577392578,0,1,1,1,1,-76.61726379394531,118.65929412841797,125.46570587158203,-58.30264663696289,155.8960723876953,66.42931365966797,grab,43,2025-11-18T12:06:40.527009,my_hand_data\videos\grab_seq43_20251118_120639_492864.avi,89.48469789295903,360,90,HIGH,VIDEO_RECORDING,2025-11-18T12:06:43.630364
2025-11-18 12:06:40.542925,93,264,HandType.Left,0.6896411180496216,-128.2445068359375,125.35095977783203,71.5189208984375,0.6872296333312988,-0.2679755389690399,0.6752070784568787,18.88763999938965,-5.603905200958252,5.542765140533447,0.014585196040570736,0.0,71.75423431396484,0,1,1,1,1,-76.34347534179688,118.37767028808594,125.29951477050781,-58.170536041259766,155.7472686767578,66.6463851928711,grab,43,2025-11-18T12:06:40.542925,my_hand_data\videos\grab_seq43_20251118_120639_492864.avi,89.48469789295903,360,90,HIGH,VIDEO_RECORDING,2025-11-18T12:06:43.630364
2025-11-18 12:06:40.558808,94,264,HandType.Left,0.6940483450889587,-127.58153533935547,125.18822479248047,71.59063720703125,0.6909798383712769,-0.2739013731479645,0.6689729690551758,27.965269088745117,-8.25023078918457,4.738117218017578,0.026331741362810135,0.0,71.27967071533203,0,1,1,1,1,-75.47616577148438,117.84896087646484,125.16450500488281,-57.739234924316406,154.7439727783203,66.6938705444336,grab,43,2025-11-18T12:06:40.558808,my_hand_data\videos\grab_seq43_20251118_120639_492864.avi,89.48469789295903,360,90,HIGH,VIDEO_RECORDING,2025-11-18T12:06:43.630364
2025-11-18 12:06:40.561620,95,264,HandType.Left,0.6940483450889587,-127.58153533935547,125.18822479248047,71.59063720703125,0.6909798383712769,-0.2739013731479645,0.6689729690551758,27.965269088745117,-8.25023078918457,4.738117218017578,0.026331741362810135,0.0,71.27967071533203,0,1,1,1,1,-75.47616577148438,117.84896087646484,125.16450500488281,-57.739234924316406,154.7439727783203,66.6938705444336,grab,43,2025-11-18T12:06:40.561620,my_hand_data\videos\grab_seq43_20251118_120639_492864.avi,89.48469789295903,360,90,HIGH,VIDEO_RECORDING,2025-11-18T12:06:43.630364
2025-11-18 12:06:40.574708,96,264,HandType.Left,0.6957995295524597,-127.23873901367188,125.04786682128906,71.66677856445312,0.6925134062767029,-0.27648216485977173,0.6663203835487366,31.188308715820312,-12.770346641540527,6.927148342132568,0.03079267404973507,0.0,71.15188598632812,0,1,1,1,1,-75.08895874023438,117.56304931640625,125.16120147705078,-57.485103607177734,154.12185668945312,66.62751770019531,grab,43,2025-11-18T12:06:40.574708,my_hand_data\videos\grab_seq43_20251118_120639_492864.avi,89.48469789295903,360,90,HIGH,VIDEO_RECORDING,2025-11-18T12:06:43.630364
2025-11-18 12:06:40.590604,97,264,HandType.Left,0.6968422532081604,-126.44361877441406,124.80851745605469,71.7686767578125,0.6945410370826721,-0.2810726463794708,0.662277102470398,35.43440246582031,-10.483428955078125,4.107418537139893,0.038544829934835434,0.0,70.81574249267578,0,1,1,1,1,-74.25971984863281,117.06242370605469,125.01055145263672,-56.90939712524414,153.04266357421875,66.5280532836914,grab,43,2025-11-18T12:06:40.590604,my_hand_data\videos\grab_seq43_20251118_120639_492864.avi,89.48469789295903,360,90,HIGH,VIDEO_RECORDING,2025-11-18T12:06:43.630364
2025-11-18 12:06:40.590604,98,264,HandType.Left,0.6968422532081604,-126.44361877441406,124.80851745605469,71.7686767578125,0.6945410370826721,-0.2810726463794708,0.662277102470398,35.43440246582031,-10.483428955078125,4.107418537139893,0.038544829934835434,0.0,70.81574249267578,0,1,1,1,1,-74.25971984863281,117.06242370605469,125.01055145263672,-56.90939712524414,153.04266357421875,66.5280532836914,grab,43,2025-11-18T12:06:40.590604,my_hand_data\videos\grab_seq43_20251118_120639_492864.avi,89.48469789295903,360,90,HIGH,VIDEO_RECORDING,2025-11-18T12:06:43.630364
2025-11-18 12:06:40.606381,99,264,HandType.Left,0.6987485289573669,-126.0875244140625,124.71314239501953,71.8219985961914,0.6954135298728943,-0.28297582268714905,0.6605488061904907,32.41297149658203,-8.681711196899414,4.853997707366943,0.042236004024744034,0.0,70.49513244628906,0,0,1,1,1,-73.8812255859375,116.80935668945312,124.83523559570312,-56.658329010009766,152.50430297851562,66.53595733642578,grab,43,2025-11-18T12:06:40.606381,my_hand_data\videos\grab_seq43_20251118_120639_492864.avi,89.48469789295903,360,90,HIGH,VIDEO_RECORDING,2025-11-18T12:06:43.630364
2025-11-18 12:06:40.622366,100,264,HandType.Left,0.7005942463874817,-125.79126739501953,124.62876892089844,71.85099029541016,0.6964187622070312,-0.28418487310409546,0.6589688062667847,26.993799209594727,-7.687902450561523,2.6414895057678223,0.045561157166957855,0.0,70.256591796875,0,0,1,1,1,-73.53895568847656,116.68965911865234,124.74978637695312,-56.50878143310547,152.03199768066406,66.4670181274414,grab,43,2025-11-18T12:06:40.622366,my_hand_data\videos\grab_seq43_20251118_120639_492864.avi,89.48469789295903,360,90,HIGH,VIDEO_RECORDING,2025-11-18T12:06:43.630364
2025-11-18 12:06:40.622366,101,264,HandType.Left,0.701555609703064,-125.53469848632812,124.5408935546875,71.86468505859375,0.6974716782569885,-0.2848992943763733,0.6575451493263245,22.659177780151367,-7.760311603546143,1.2096400260925293,0.048927195370197296,0.0,70.05817413330078,0,0,1,1,1,-73.2220458984375,116.56111907958984,124.62802124023438,-56.32992935180664,151.659423828125,66.39647674560547,grab,43,2025-11-18T12:06:40.622366,my_hand_data\videos\grab_seq43_20251118_120639_492864.avi,89.48469789295903,360,90,HIGH,VIDEO_RECORDING,2025-11-18T12:06:43.630364
2025-11-18 12:06:40.638181,102,264,HandType.Left,0.7023119330406189,-125.35160827636719,124.47343444824219,71.88296508789062,0.6985400319099426,-0.2856312096118927,0.6560919284820557,16.194040298461914,-5.966862201690674,1.6167291402816772,0.054775580763816833,0.0,69.8734130859375,0,0,1,1,1,-72.96522521972656,116.4967269897461,124.5802230834961,-56.22397994995117,151.37451171875,66.39461517333984,grab,43,2025-11-18T12:06:40.638181,my_hand_data\videos\grab_seq43_20251118_120639_492864.avi,89.48469789295903,360,90,HIGH,VIDEO_RECORDING,2025-11-18T12:06:43.630364
2025-11-18 12:06:40.654342,103,264,HandType.Left,0.7024925947189331,-125.19227600097656,124.35337829589844,71.85276794433594,0.6996810436248779,-0.28551799058914185,0.6549243330955505,15.179243087768555,-11.437105178833008,-2.876878023147583,0.05844803899526596,0.0,69.68463897705078,0,0,1,1,1,-72.7134017944336,116.46697235107422,124.48091888427734,-56.1949462890625,151.1035919189453,66.31396484375,grab,43,2025-11-18T12:06:40.654342,my_hand_data\videos\grab_seq43_20251118_120639_492864.avi,89.48469789295903,360,90,HIGH,VIDEO_RECORDING,2025-11-18T12:06:43.630364
2025-11-18 12:06:40.670190,104,264,HandType.Left,0.7026740908622742,-124.92012786865234,124.11404418945312,71.75223541259766,0.7019700407981873,-0.2854987680912018,0.6524787545204163,13.716568946838379,-12.554479598999023,-4.518738269805908,0.06670504808425903,0.0,69.0671157836914,0,0,1,1,1,-72.2787857055664,116.69588470458984,124.09402465820312,-56.172325134277344,150.5359649658203,66.07939147949219,grab,43,2025-11-18T12:06:40.670190,my_hand_data\videos\grab_seq43_20251118_120639_492864.avi,89.48469789295903,360,90,HIGH,VIDEO_RECORDING,2025-11-18T12:06:43.630364
2025-11-18 12:06:40.670190,105,264,HandType.Left,0.7026740908622742,-124.92012786865234,124.11404418945312,71.75223541259766,0.7019700407981873,-0.2854987680912018,0.6524787545204163,13.716568946838379,-12.554479598999023,-4.518738269805908,0.06670504808425903,0.0,69.0671157836914,0,0,1,1,1,-72.2787857055664,116.69588470458984,124.09402465820312,-56.172325134277344,150.5359649658203,66.07939147949219,grab,43,2025-11-18T12:06:40.670190,my_hand_data\videos\grab_seq43_20251118_120639_492864.avi,89.48469789295903,360,90,HIGH,VIDEO_RECORDING,2025-11-18T12:06:43.630364
2025-11-18 12:06:40.686388,106,264,HandType.Left,0.7025576829910278,-124.83152770996094,123.96321868896484,71.70597076416016,0.7031772136688232,-0.28487125039100647,0.651452362537384,8.076740264892578,-13.749246597290039,-4.217153072357178,0.0684417188167572,0.0,68.78031158447266,0,0,1,1,1,-72.07777404785156,116.90147399902344,123.90802001953125,-56.180728912353516,150.28515625,65.91194152832031,grab,43,2025-11-18T12:06:40.686388,my_hand_data\videos\grab_seq43_20251118_120639_492864.avi,89.48469789295903,360,90,HIGH,VIDEO_RECORDING,2025-11-18T12:06:43.630364
2025-11-18 12:06:40.702203,107,264,HandType.Left,0.7027286887168884,-124.72944641113281,123.86922454833984,71.64225769042969,0.704681396484375,-0.2840556502342224,0.6501819491386414,9.271549224853516,-8.536921501159668,-5.786921501159668,0.06748677790164948,0.0,68.48809814453125,0,0,1,1,1,-71.8548812866211,117.18208312988281,123.75817108154297,-56.20432662963867,150.1085205078125,65.77947235107422,grab,43,2025-11-18T12:06:40.702203,my_hand_data\videos\grab_seq43_20251118_120639_492864.avi,89.48469789295903,360,90,HIGH,VIDEO_RECORDING,2025-11-18T12:06:43.630364
2025-11-18 12:06:40.702203,108,264,HandType.Left,0.7027917504310608,-124.67272186279297,123.79229736328125,71.59690856933594,0.7060455083847046,-0.2831469774246216,0.6490974426269531,5.137260913848877,-6.9669389724731445,-4.106667995452881,0.06849731504917145,0.0,68.19125366210938,0,0,0,1,1,-71.6707992553711,117.5042495727539,123.6010971069336,-56.209808349609375,149.9667510986328,65.65982818603516,grab,43,2025-11-18T12:06:40.702203,my_hand_data\videos\grab_seq43_20251118_120639_492864.avi,89.48469789295903,360,90,HIGH,VIDEO_RECORDING,2025-11-18T12:06:43.630364
2025-11-18 12:06:40.717947,109,264,HandType.Left,0.7022486925125122,-124.68451690673828,123.76741790771484,71.57281494140625,0.7077440023422241,-0.28187620639801025,0.647799551486969,-1.042002558708191,-2.198585271835327,-2.1295323371887207,0.06804400682449341,0.0,67.83324432373047,0,0,0,1,1,-71.53839111328125,117.73674774169922,123.3956527709961,-56.271270751953125,149.88772583007812,65.64984130859375,grab,43,2025-11-18T12:06:40.717947,my_hand_data\videos\grab_seq43_20251118_120639_492864.avi,89.48469789295903,360,90,HIGH,VIDEO_RECORDING,2025-11-18T12:06:43.630364
2025-11-18 12:06:40.733732,110,264,HandType.Left,0.7027608752250671,-124.78347778320312,123.74748229980469,71.55487060546875,0.7094388008117676,-0.2798330783843994,0.6468307375907898,-8.830461502075195,-1.7789170742034912,-1.6010324954986572,0.06874720752239227,0.0,67.27157592773438,0,0,0,1,1,-71.45947265625,117.97022247314453,123.13882446289062,-56.401588439941406,149.79563903808594,65.81633758544922,grab,43,2025-11-18T12:06:40.733732,my_hand_data\videos\grab_seq43_20251118_120639_492864.avi,89.48469789295903,360,90,HIGH,VIDEO_RECORDING,2025-11-18T12:06:43.630364
2025-11-18 12:06:40.733732,111,264,HandType.Left,0.7034493088722229,-124.93204498291016,123.74190521240234,71.5422134399414,0.7113990783691406,-0.2777023911476135,0.6455948352813721,-13.314549446105957,-0.4993077516555786,-1.134291172027588,0.07036823034286499,0.0,66.57173156738281,0,0,0,1,1,-71.43903350830078,118.31159210205078,122.90516662597656,-56.568511962890625,149.69085693359375,66.10723876953125,grab,43,2025-11-18T12:06:40.733732,my_hand_data\videos\grab_seq43_20251118_120639_492864.avi,89.48469789295903,360,90,HIGH,VIDEO_RECORDING,2025-11-18T12:06:43.630364
2025-11-18 12:06:40.749917,112,264,HandType.Left,0.7047037482261658,-125.04791259765625,123.75389099121094,71.521484375,0.713379979133606,-0.27515876293182373,0.6444972157478333,-10.791982650756836,1.1163054704666138,-1.9303946495056152,0.07174277305603027,0.0,65.97248077392578,0,0,0,1,1,-71.38788604736328,118.62085723876953,122.74895477294922,-56.70611572265625,149.6244659423828,66.3965835571289,grab,43,2025-11-18T12:06:40.749917,my_hand_data\videos\grab_seq43_20251118_120639_492864.avi,89.48469789295903,360,90,HIGH,VIDEO_RECORDING,2025-11-18T12:06:43.630364
2025-11-18 12:06:40.765646,113,264,HandType.Left,0.7047134637832642,-125.18712615966797,123.74785614013672,71.50743865966797,0.7149736285209656,-0.27301985025405884,0.6436403393745422,-12.611114501953125,-0.5469527840614319,-1.2723621129989624,0.0728689581155777,0.0,65.39114379882812,0,0,0,1,1,-71.3811264038086,118.91024780273438,122.54617309570312,-56.85981369018555,149.5789337158203,66.64836883544922,grab,43,2025-11-18T12:06:40.765646,my_hand_data\videos\grab_seq43_20251118_120639_492864.avi,89.48469789295903,360,90,HIGH,VIDEO_RECORDING,2025-11-18T12:06:43.630364
2025-11-18 12:06:40.765646,114,264,HandType.Left,0.7049148678779602,-125.26570892333984,123.7327651977539,71.47339630126953,0.7168303728103638,-0.2696000039577484,0.6430163383483887,-6.927443027496338,-1.330527901649475,-3.001138925552368,0.07508418709039688,0.0,64.82015991210938,0,0,0,1,1,-71.19682312011719,119.13077545166016,122.38253021240234,-56.99995040893555,149.5638885498047,66.93951416015625,grab,43,2025-11-18T12:06:40.765646,my_hand_data\videos\grab_seq43_20251118_120639_492864.avi,89.48469789295903,360,90,HIGH,VIDEO_RECORDING,2025-11-18T12:06:43.630364
2025-11-18 12:06:40.797262,115,264,HandType.Left,0.7057611346244812,-125.3564224243164,123.74932861328125,71.39405822753906,0.7198718190193176,-0.26335105299949646,0.6422077417373657,-3.8404393196105957,1.3783711194992065,-3.2174081802368164,0.07795420289039612,0.0,64.10028076171875,0,0,0,1,1,-70.98931884765625,119.76106262207031,122.15746307373047,-57.236061096191406,149.74058532714844,67.19454956054688,grab,43,2025-11-18T12:06:40.797262,my_hand_data\videos\grab_seq43_20251118_120639_492864.avi,89.48469789295903,360,90,HIGH,VIDEO_RECORDING,2025-11-18T12:06:43.630364
2025-11-18 12:06:40.797262,116,264,HandType.Left,0.7057455778121948,-125.46550750732422,123.77947235107422,71.3872299194336,0.7212892174720764,-0.26048603653907776,0.6417856812477112,-9.504100799560547,2.6260268688201904,-0.594556450843811,0.07762926071882248,0.0,63.79295349121094,0,0,0,1,1,-70.9095458984375,119.95478057861328,121.95952606201172,-57.414451599121094,149.87986755371094,67.26114654541016,grab,43,2025-11-18T12:06:40.797262,my_hand_data\videos\grab_seq43_20251118_120639_492864.avi,89.48469789295903,360,90,HIGH,VIDEO_RECORDING,2025-11-18T12:06:43.630364
2025-11-18 12:06:40.797262,117,264,HandType.Left,0.7057455778121948,-125.46550750732422,123.77947235107422,71.3872299194336,0.7212892174720764,-0.26048603653907776,0.6417856812477112,-9.504100799560547,2.6260268688201904,-0.594556450843811,0.07762926071882248,0.0,63.79295349121094,0,0,0,1,1,-70.9095458984375,119.95478057861328,121.95952606201172,-57.414451599121094,149.87986755371094,67.26114654541016,grab,43,2025-11-18T12:06:40.797262,my_hand_data\videos\grab_seq43_20251118_120639_492864.avi,89.48469789295903,360,90,HIGH,VIDEO_RECORDING,2025-11-18T12:06:43.630364
2025-11-18 12:06:40.828929,118,264,HandType.Left,0.7057350873947144,-125.59851837158203,123.80130767822266,71.3078384399414,0.7234519124031067,-0.2565772831439972,0.6409254670143127,-7.015578746795654,2.598487615585327,-3.3105432987213135,0.07806208729743958,0.0,63.299591064453125,0,0,0,1,1,-70.8167495727539,120.15069580078125,121.45942687988281,-57.68199157714844,150.1393585205078,67.28382110595703,grab,43,2025-11-18T12:06:40.828929,my_hand_data\videos\grab_seq43_20251118_120639_492864.avi,89.48469789295903,360,90,HIGH,VIDEO_RECORDING,2025-11-18T12:06:43.630364
2025-11-18 12:06:40.828929,119,264,HandType.Left,0.7057350873947144,-125.59851837158203,123.80130767822266,71.3078384399414,0.7234519124031067,-0.2565772831439972,0.6409254670143127,-7.015578746795654,2.598487615585327,-3.3105432987213135,0.07806208729743958,0.0,63.299591064453125,0,0,0,1,1,-70.8167495727539,120.15069580078125,121.45942687988281,-57.68199157714844,150.1393585205078,67.28382110595703,grab,43,2025-11-18T12:06:40.828929,my_hand_data\videos\grab_seq43_20251118_120639_492864.avi,89.48469789295903,360,90,HIGH,VIDEO_RECORDING,2025-11-18T12:06:43.630364
2025-11-18 12:06:40.828929,120,264,HandType.Left,0.7059817314147949,-125.65520477294922,123.79969024658203,71.26580047607422,0.7245226502418518,-0.2548447549343109,0.6404069662094116,-5.056389808654785,-0.14375358819961548,-3.7502713203430176,0.07839298993349075,0.0,63.06698226928711,0,0,0,1,1,-70.77127838134766,120.19198608398438,121.18878936767578,-57.81855392456055,150.22943115234375,67.26826477050781,grab,43,2025-11-18T12:06:40.828929,my_hand_data\videos\grab_seq43_20251118_120639_492864.avi,89.48469789295903,360,90,HIGH,VIDEO_RECORDING,2025-11-18T12:06:43.630364
2025-11-18 12:06:40.845876,121,264,HandType.Left,0.7054385542869568,-125.72725677490234,123.82305145263672,71.24395751953125,0.7257684469223022,-0.2530573010444641,0.6397047638893127,-6.612485408782959,2.1439709663391113,-2.0044944286346436,0.07851660251617432,0.0,62.85939407348633,0,0,0,1,1,-70.67322540283203,120.26907348632812,120.98835754394531,-57.969539642333984,150.3436279296875,67.27205657958984,grab,43,2025-11-18T12:06:40.845876,my_hand_data\videos\grab_seq43_20251118_120639_492864.avi,89.48469789295903,360,90,HIGH,VIDEO_RECORDING,2025-11-18T12:06:43.630364
2025-11-18 12:06:40.860681,122,264,HandType.Left,0.7054892182350159,-125.77655029296875,123.84856414794922,71.21504974365234,0.7269390821456909,-0.25180572271347046,0.6388688683509827,-4.3294172286987305,2.240539312362671,-2.538884162902832,0.07796119898557663,0.0,62.667537689208984,0,0,0,1,1,-70.58668518066406,120.3402099609375,120.80785369873047,-58.076656341552734,150.44261169433594,67.28622436523438,grab,43,2025-11-18T12:06:40.860681,my_hand_data\videos\grab_seq43_20251118_120639_492864.avi,89.48469789295903,360,90,HIGH,VIDEO_RECORDING,2025-11-18T12:06:43.630364
2025-11-18 12:06:40.876499,123,264,HandType.Left,0.7054368853569031,-125.86441040039062,123.90143585205078,71.2419662475586,0.7280668616294861,-0.2509949505329132,0.6379029750823975,-8.044730186462402,4.841015338897705,2.4641518592834473,0.08053640276193619,0.0,62.281639099121094,0,0,0,1,1,-70.60891723632812,120.47599029541016,120.62923431396484,-58.209964752197266,150.5028533935547,67.49114990234375,grab,43,2025-11-18T12:06:40.876499,my_hand_data\videos\grab_seq43_20251118_120639_492864.avi,89.48469789295903,360,90,HIGH,VIDEO_RECORDING,2025-11-18T12:06:43.630364
2025-11-18 12:06:40.876499,124,264,HandType.Left,0.7047513127326965,-125.97905731201172,123.9799575805664,71.29530334472656,0.7292650938034058,-0.25048619508743286,0.6367331147193909,-10.061224937438965,6.890883445739746,4.68126106262207,0.08971770852804184,0.0,61.741432189941406,0,0,0,1,1,-70.66060638427734,120.59593200683594,120.51200866699219,-58.326759338378906,150.6292266845703,67.99646759033203,grab,43,2025-11-18T12:06:40.876499,my_hand_data\videos\grab_seq43_20251118_120639_492864.avi,89.48469789295903,360,90,HIGH,VIDEO_RECORDING,2025-11-18T12:06:43.630364
2025-11-18 12:06:40.908295,125,264,HandType.Left,0.6999586820602417,-126.5611343383789,124.1297836303711,71.61873626708984,0.731826901435852,-0.24797376990318298,0.6347742676734924,-26.7364444732666,6.000903129577637,16.503755569458008,0.11925951391458511,0.0,59.56305694580078,0,0,0,1,1,-70.9795913696289,121.24333953857422,120.58393096923828,-58.838077545166016,150.98385620117188,70.42575073242188,grab,43,2025-11-18T12:06:40.908295,my_hand_data\videos\grab_seq43_20251118_120639_492864.avi,89.48469789295903,360,90,HIGH,VIDEO_RECORDING,2025-11-18T12:06:43.630364
2025-11-18 12:06:40.908295,126,264,HandType.Left,0.6999586820602417,-126.5611343383789,124.1297836303711,71.61873626708984,0.731826901435852,-0.24797376990318298,0.6347742676734924,-26.7364444732666,6.000903129577637,16.503755569458008,0.11925951391458511,0.0,59.56305694580078,0,0,0,1,1,-70.9795913696289,121.24333953857422,120.58393096923828,-58.838077545166016,150.98385620117188,70.42575073242188,grab,43,2025-11-18T12:06:40.908295,my_hand_data\videos\grab_seq43_20251118_120639_492864.avi,89.48469789295903,360,90,HIGH,VIDEO_RECORDING,2025-11-18T12:06:43.630364
2025-11-18 12:06:40.908295,127,264,HandType.Left,0.6988140940666199,-126.74031066894531,124.24032592773438,71.84722137451172,0.7325770258903503,-0.24799874424934387,0.6338986754417419,-16.05207633972168,9.903653144836426,20.469768524169922,0.13478653132915497,0.0,58.56694412231445,0,0,0,1,1,-70.98495483398438,121.60049438476562,120.53179931640625,-58.98883819580078,150.95687866210938,71.29377746582031,grab,43,2025-11-18T12:06:40.908295,my_hand_data\videos\grab_seq43_20251118_120639_492864.avi,89.48469789295903,360,90,HIGH,VIDEO_RECORDING,2025-11-18T12:06:43.630364
2025-11-18 12:06:40.940024,128,264,HandType.Left,0.6977221965789795,-126.86788177490234,124.70421600341797,72.29396057128906,0.7337555885314941,-0.2501330077648163,0.6316931247711182,-1.9309872388839722,22.760652542114258,19.80535316467285,0.15975752472877502,0.0,57.46099090576172,0,0,0,1,1,-71.00309753417969,122.845947265625,120.78779602050781,-59.07839584350586,151.03578186035156,72.15755462646484,grab,43,2025-11-18T12:06:40.940024,my_hand_data\videos\grab_seq43_20251118_120639_492864.avi,89.48469789295903,360,90,HIGH,VIDEO_RECORDING,2025-11-18T12:06:43.630364
2025-11-18 12:06:40.940024,129,264,HandType.Left,0.6977221965789795,-126.86788177490234,124.70421600341797,72.29396057128906,0.7337555885314941,-0.2501330077648163,0.6316931247711182,-1.9309872388839722,22.760652542114258,19.80535316467285,0.15975752472877502,0.0,57.46099090576172,0,0,0,1,1,-71.00309753417969,122.845947265625,120.78779602050781,-59.07839584350586,151.03578186035156,72.15755462646484,grab,43,2025-11-18T12:06:40.940024,my_hand_data\videos\grab_seq43_20251118_120639_492864.avi,89.48469789295903,360,90,HIGH,VIDEO_RECORDING,2025-11-18T12:06:43.630364
2025-11-18 12:06:40.940024,130,264,HandType.Left,0.6977464556694031,-126.78167724609375,124.9219741821289,72.44149780273438,0.7340631484985352,-0.2511240243911743,0.630942165851593,7.819387912750244,19.753646850585938,13.382928848266602,0.16600415110588074,0.0,57.134315490722656,0,0,0,1,1,-70.97132873535156,123.20968627929688,120.70021057128906,-58.9868049621582,151.1912078857422,72.3500747680664,grab,43,2025-11-18T12:06:40.940024,my_hand_data\videos\grab_seq43_20251118_120639_492864.avi,89.48469789295903,360,90,HIGH,VIDEO_RECORDING,2025-11-18T12:06:43.630364
2025-11-18 12:06:40.972025,131,264,HandType.Left,0.7004501223564148,-126.4727783203125,125.51139068603516,72.63349914550781,0.735885739326477,-0.25685542821884155,0.6264961957931519,17.49557113647461,25.138595581054688,6.375159740447998,0.17678740620613098,0.0,56.84812545776367,0,0,0,1,1,-70.7653579711914,123.70911407470703,120.45037078857422,-58.670894622802734,151.64395141601562,72.43914031982422,grab,43,2025-11-18T12:06:40.972025,my_hand_data\videos\grab_seq43_20251118_120639_492864.avi,89.48469789295903,360,90,HIGH,VIDEO_RECORDING,2025-11-18T12:06:43.630364
2025-11-18 12:06:40.975664,132,264,HandType.Left,0.7004501223564148,-126.4727783203125,125.51139068603516,72.63349914550781,0.735885739326477,-0.25685542821884155,0.6264961957931519,17.49557113647461,25.138595581054688,6.375159740447998,0.17678740620613098,0.0,56.84812545776367,0,0,0,1,1,-70.7653579711914,123.70911407470703,120.45037078857422,-58.670894622802734,151.64395141601562,72.43914031982422,grab,43,2025-11-18T12:06:40.975664,my_hand_data\videos\grab_seq43_20251118_120639_492864.avi,89.48469789295903,360,90,HIGH,VIDEO_RECORDING,2025-11-18T12:06:43.630364
2025-11-18 12:06:40.982581,133,264,HandType.Left,0.7016297578811646,-126.2801284790039,125.7899398803711,72.67636108398438,0.7369480133056641,-0.26126211881637573,0.6234177350997925,17.199663162231445,24.868694305419922,3.8268420696258545,0.18114492297172546,0.0,56.777557373046875,0,0,0,1,1,-70.63358306884766,123.81507873535156,120.28597259521484,-58.48905563354492,151.74314880371094,72.36703491210938,grab,43,2025-11-18T12:06:40.982581,my_hand_data\videos\grab_seq43_20251118_120639_492864.avi,89.48469789295903,360,90,HIGH,VIDEO_RECORDING,2025-11-18T12:06:43.630364
2025-11-18 12:06:41.004101,134,264,HandType.Left,0.7024315595626831,-125.90584564208984,126.27095031738281,72.79044342041016,0.7395537495613098,-0.27144116163253784,0.6159383058547974,15.092474937438965,24.332399368286133,6.111661434173584,0.19303099811077118,0.0,56.96225357055664,0,0,0,1,1,-70.40445709228516,124.23402404785156,120.14008331298828,-58.26643753051758,151.81837463378906,71.80303192138672,grab,43,2025-11-18T12:06:41.004101,my_hand_data\videos\grab_seq43_20251118_120639_492864.avi,89.48469789295903,360,90,HIGH,VIDEO_RECORDING,2025-11-18T12:06:43.630364
2025-11-18 12:06:41.009188,135,264,HandType.Left,0.7024315595626831,-125.90584564208984,126.27095031738281,72.79044342041016,0.7395537495613098,-0.27144116163253784,0.6159383058547974,15.092474937438965,24.332399368286133,6.111661434173584,0.19303099811077118,0.0,56.96225357055664,0,0,0,1,1,-70.40445709228516,124.23402404785156,120.14008331298828,-58.26643753051758,151.81837463378906,71.80303192138672,grab,43,2025-11-18T12:06:41.009188,my_hand_data\videos\grab_seq43_20251118_120639_492864.avi,89.48469789295903,360,90,HIGH,VIDEO_RECORDING,2025-11-18T12:06:43.630364
2025-11-18 12:06:41.010738,136,264,HandType.Left,0.7039987444877625,-125.69988250732422,126.4632568359375,72.72953033447266,0.7413527965545654,-0.2752550542354584,0.6120707988739014,18.473684310913086,17.248624801635742,-5.464137077331543,0.19819919764995575,0.0,56.90266036987305,0,0,0,1,1,-70.3351058959961,124.49263763427734,119.9599838256836,-58.18489074707031,151.83103942871094,71.55650329589844,grab,43,2025-11-18T12:06:41.010738,my_hand_data\videos\grab_seq43_20251118_120639_492864.avi,89.48469789295903,360,90,HIGH,VIDEO_RECORDING,2025-11-18T12:06:43.630364
2025-11-18 12:06:41.036139,137,264,HandType.Left,0.7053976655006409,-125.52740478515625,126.71302032470703,72.66584014892578,0.7431427836418152,-0.278522789478302,0.6084109544754028,15.518379211425781,22.472885131835938,-5.730321884155273,0.20711562037467957,0.0,56.853702545166016,0,0,0,1,1,-70.26499938964844,124.8279037475586,119.81956481933594,-58.204227447509766,151.77581787109375,71.23262023925781,grab,43,2025-11-18T12:06:41.036139,my_hand_data\videos\grab_seq43_20251118_120639_492864.avi,89.48469789295903,360,90,HIGH,VIDEO_RECORDING,2025-11-18T12:06:43.630364
2025-11-18 12:06:41.040166,138,264,HandType.Left,0.7067244052886963,-125.36210632324219,126.89102172851562,72.62562561035156,0.7443670034408569,-0.28175419569015503,0.6054191589355469,14.934946060180664,16.08298110961914,-3.633635997772217,0.22049866616725922,0.0,56.77972412109375,0,0,0,1,1,-70.30501556396484,125.19522094726562,119.73737335205078,-58.31514358520508,151.5301055908203,70.88397979736328,grab,43,2025-11-18T12:06:41.040166,my_hand_data\videos\grab_seq43_20251118_120639_492864.avi,89.48469789295903,360,90,HIGH,VIDEO_RECORDING,2025-11-18T12:06:43.630364
2025-11-18 12:06:41.042175,139,264,HandType.Left,0.7077533006668091,-125.15573120117188,127.10115051269531,72.54661560058594,0.7454128265380859,-0.28409096598625183,0.6030356884002686,18.594375610351562,18.93216323852539,-7.118775367736816,0.2324468046426773,0.0,56.70107650756836,0,0,0,1,0,-70.19754791259766,125.4250259399414,119.5863037109375,-58.409175872802734,151.42431640625,70.59565734863281,grab,43,2025-11-18T12:06:41.042175,my_hand_data\videos\grab_seq43_20251118_120639_492864.avi,89.48469789295903,360,90,HIGH,VIDEO_RECORDING,2025-11-18T12:06:43.630364
2025-11-18 12:06:41.067818,140,264,HandType.Left,0.7087095379829407,-124.97190856933594,127.31866455078125,72.48654174804688,0.7459579706192017,-0.2853178083896637,0.6017810702323914,16.5616455078125,19.59745216369629,-5.411927700042725,0.24329619109630585,0.0,56.52758026123047,0,0,0,1,0,-70.12846374511719,125.71000671386719,119.46904754638672,-58.54427719116211,151.35240173339844,70.44210052490234,grab,43,2025-11-18T12:06:41.067818,my_hand_data\videos\grab_seq43_20251118_120639_492864.avi,89.48469789295903,360,90,HIGH,VIDEO_RECORDING,2025-11-18T12:06:43.630364
2025-11-18 12:06:41.067818,141,264,HandType.Left,0.7096781730651855,-124.86792755126953,127.52456665039062,72.47943878173828,0.7464473843574524,-0.28705987334251404,0.6003440022468567,9.267576217651367,18.35148811340332,-0.6330920457839966,0.25112631916999817,0.0,56.39204406738281,0,0,0,1,0,-70.0804214477539,126.02360534667969,119.38259887695312,-58.58021926879883,151.3214111328125,70.3129653930664,grab,43,2025-11-18T12:06:41.067818,my_hand_data\videos\grab_seq43_20251118_120639_492864.avi,89.48469789295903,360,90,HIGH,VIDEO_RECORDING,2025-11-18T12:06:43.630364
2025-11-18 12:06:41.083642,142,264,HandType.Left,0.7100961208343506,-124.78002166748047,127.74366760253906,72.47486877441406,0.7465690970420837,-0.28907203674316406,0.5992261171340942,7.687060356140137,19.158803939819336,-0.40014398097991943,0.25702324509620667,0.0,56.3434944152832,0,0,0,1,0,-70.03482055664062,126.33073425292969,119.35478973388672,-58.56694412231445,151.32017517089844,70.17547607421875,grab,43,2025-11-18T12:06:41.083642,my_hand_data\videos\grab_seq43_20251118_120639_492864.avi,89.48469789295903,360,90,HIGH,VIDEO_RECORDING,2025-11-18T12:06:43.630364
2025-11-18 12:06:41.099355,143,264,HandType.Left,0.7105254530906677,-124.7346420288086,127.96243286132812,72.48497772216797,0.7466363310813904,-0.2915862500667572,0.5979228019714355,4.143369197845459,19.974702835083008,0.9236242771148682,0.26302051544189453,0.0,56.21739196777344,0,0,0,1,0,-70.02342987060547,126.53644561767578,119.31266021728516,-58.60733413696289,151.2445831298828,70.12347412109375,grab,43,2025-11-18T12:06:41.099355,my_hand_data\videos\grab_seq43_20251118_120639_492864.avi,89.48469789295903,360,90,HIGH,VIDEO_RECORDING,2025-11-18T12:06:43.630364
2025-11-18 12:06:41.099355,144,264,HandType.Left,0.7107346653938293,-124.6849136352539,128.10899353027344,72.5320816040039,0.7465938329696655,-0.29402509331703186,0.5967804193496704,4.450012683868408,13.11471176147461,4.214722156524658,0.26657038927078247,0.0,56.00171661376953,0,0,0,1,0,-70.13784790039062,126.65570068359375,119.29196166992188,-58.676429748535156,150.97576904296875,70.16597747802734,grab,43,2025-11-18T12:06:41.099355,my_hand_data\videos\grab_seq43_20251118_120639_492864.avi,89.48469789295903,360,90,HIGH,VIDEO_RECORDING,2025-11-18T12:06:43.630364
2025-11-18 12:06:41.130943,145,264,HandType.Left,0.7110891938209534,-124.4657974243164,128.50006103515625,72.62751007080078,0.7452794909477234,-0.3014061748981476,0.5947375893592834,11.981201171875,20.534334182739258,5.711008548736572,0.27822741866111755,0.02363903447985649,55.017154693603516,0,0,0,1,0,-70.17544555664062,126.58052062988281,119.32742309570312,-58.601951599121094,150.2224578857422,71.01593017578125,grab,43,2025-11-18T12:06:41.130943,my_hand_data\videos\grab_seq43_20251118_120639_492864.avi,89.48469789295903,360,90,HIGH,VIDEO_RECORDING,2025-11-18T12:06:43.630364
2025-11-18 12:06:41.138126,146,264,HandType.Left,0.7113059163093567,-124.27543640136719,128.62289428710938,72.70356750488281,0.7439457178115845,-0.3057849109172821,0.5941720008850098,16.88176727294922,10.893329620361328,6.745075225830078,0.28340521454811096,0.03611183539032936,54.58305358886719,0,0,0,1,0,-70.08130645751953,126.61072540283203,119.53125762939453,-58.44975280761719,149.7168426513672,71.4675064086914,grab,43,2025-11-18T12:06:41.138126,my_hand_data\videos\grab_seq43_20251118_120639_492864.avi,89.48469789295903,360,90,HIGH,VIDEO_RECORDING,2025-11-18T12:06:43.630364
2025-11-18 12:06:41.140136,147,264,HandType.Left,0.7113059163093567,-124.27543640136719,128.62289428710938,72.70356750488281,0.7439457178115845,-0.3057849109172821,0.5941720008850098,16.88176727294922,10.893329620361328,6.745075225830078,0.28340521454811096,0.03611183539032936,54.58305358886719,0,0,0,1,0,-70.08130645751953,126.61072540283203,119.53125762939453,-58.44975280761719,149.7168426513672,71.4675064086914,grab,43,2025-11-18T12:06:41.140136,my_hand_data\videos\grab_seq43_20251118_120639_492864.avi,89.48469789295903,360,90,HIGH,VIDEO_RECORDING,2025-11-18T12:06:43.630364
2025-11-18 12:06:41.148729,148,264,HandType.Left,0.7113059163093567,-124.27543640136719,128.62289428710938,72.70356750488281,0.7439457178115845,-0.3057849109172821,0.5941720008850098,16.88176727294922,10.893329620361328,6.745075225830078,0.28340521454811096,0.03611183539032936,54.58305358886719,0,0,0,1,0,-70.08130645751953,126.61072540283203,119.53125762939453,-58.44975280761719,149.7168426513672,71.4675064086914,grab,43,2025-11-18T12:06:41.148729,my_hand_data\videos\grab_seq43_20251118_120639_492864.avi,89.48469789295903,360,90,HIGH,VIDEO_RECORDING,2025-11-18T12:06:43.630364
2025-11-18 12:06:41.162307,149,264,HandType.Left,0.7112259864807129,-123.90678405761719,128.93588256835938,73.00349426269531,0.7401577234268188,-0.31448790431022644,0.5943600535392761,12.21717357635498,17.807615280151367,17.68964958190918,0.2885691821575165,0.05205971747636795,54.03795623779297,0,0,0,1,0,-69.92833709716797,126.68907928466797,120.08059692382812,-58.15003204345703,148.9954833984375,72.29151153564453,grab,43,2025-11-18T12:06:41.162307,my_hand_data\videos\grab_seq43_20251118_120639_492864.avi,89.48469789295903,360,90,HIGH,VIDEO_RECORDING,2025-11-18T12:06:43.630364
2025-11-18 12:06:41.178216,150,264,HandType.Left,0.7113425731658936,-123.82357788085938,129.1074676513672,73.21480560302734,0.7384568452835083,-0.3183879852294922,0.5943993926048279,7.40310001373291,15.265836715698242,18.799901962280273,0.28964078426361084,0.05460464209318161,53.9559326171875,0,0,0,1,0,-69.89280700683594,126.75587463378906,120.37557220458984,-58.076576232910156,148.8009490966797,72.56726837158203,grab,43,2025-11-18T12:06:41.178216,my_hand_data\videos\grab_seq43_20251118_120639_492864.avi,89.48469789295903,360,90,HIGH,VIDEO_RECORDING,2025-11-18T12:06:43.630364
2025-11-18 12:06:41.178216,151,264,HandType.Left,0.7113523483276367,-123.71633911132812,129.2440948486328,73.39832305908203,0.7371329069137573,-0.32191959023475647,0.5941404104232788,9.412903785705566,11.993515014648438,16.109485626220703,0.28941911458969116,0.053107745945453644,54.01082229614258,0,0,0,1,0,-69.79121398925781,126.80713653564453,120.66716003417969,-57.95294189453125,148.71109008789062,72.73761749267578,grab,43,2025-11-18T12:06:41.178216,my_hand_data\videos\grab_seq43_20251118_120639_492864.avi,89.48469789295903,360,90,HIGH,VIDEO_RECORDING,2025-11-18T12:06:43.630364
2025-11-18 12:06:41.194265,152,264,HandType.Left,0.711156964302063,-123.64344787597656,129.327392578125,73.56320190429688,0.7363428473472595,-0.3244292140007019,0.5937549471855164,6.694494724273682,7.6492109298706055,15.141801834106445,0.29077455401420593,0.0495724081993103,54.13213348388672,0,0,0,1,0,-69.66058349609375,126.84138488769531,120.9393310546875,-57.87638473510742,148.6668243408203,72.82415008544922,grab,43,2025-11-18T12:06:41.194265,my_hand_data\videos\grab_seq43_20251118_120639_492864.avi,89.48469789295903,360,90,HIGH,VIDEO_RECORDING,2025-11-18T12:06:43.630364
2025-11-18 12:06:41.210260,153,264,HandType.Left,0.7113047242164612,-123.58050537109375,129.42831420898438,73.70140838623047,0.7356483340263367,-0.3273578882217407,0.5930078625679016,5.6461052894592285,9.05408000946045,12.398601531982422,0.2926223874092102,0.04956978186964989,54.130760192871094,0,0,0,1,0,-69.53771209716797,126.91372680664062,121.12886047363281,-57.83821487426758,148.497314453125,72.88562774658203,grab,43,2025-11-18T12:06:41.210260,my_hand_data\videos\grab_seq43_20251118_120639_492864.avi,89.48469789295903,360,90,HIGH,VIDEO_RECORDING,2025-11-18T12:06:43.630364
2025-11-18 12:06:41.217522,154,264,HandType.Left,0.711898684501648,-123.5242919921875,129.5088653564453,73.77745056152344,0.7351465225219727,-0.33007800579071045,0.5921217203140259,4.976907730102539,7.131208419799805,6.731359958648682,0.29846879839897156,0.05303872004151344,54.00569534301758,0,0,0,1,0,-69.49801635742188,127.03202819824219,121.23739624023438,-57.86687088012695,148.24179077148438,72.95201873779297,grab,43,2025-11-18T12:06:41.217522,my_hand_data\videos\grab_seq43_20251118_120639_492864.avi,89.48469789295903,360,90,HIGH,VIDEO_RECORDING,2025-11-18T12:06:43.630364
2025-11-18 12:06:41.241940,155,264,HandType.Left,0.7143225073814392,-123.57636260986328,129.56956481933594,73.91413879394531,0.7346261739730835,-0.33318889141082764,0.5910241603851318,-2.0204827785491943,1.8817918300628662,5.1003570556640625,0.31113100051879883,0.08233281970024109,52.96644973754883,0,0,0,1,0,-69.65192413330078,127.36253356933594,121.33683013916016,-58.29339599609375,147.5518341064453,73.7046890258789,grab,43,2025-11-18T12:06:41.241940,my_hand_data\videos\grab_seq43_20251118_120639_492864.avi,89.48469789295903,360,90,HIGH,VIDEO_RECORDING,2025-11-18T12:06:43.630364
2025-11-18 12:06:41.244272,156,264,HandType.Left,0.7145139575004578,-123.56548309326172,129.58578491210938,73.96528625488281,0.734350323677063,-0.3345443606376648,0.5906010866165161,0.9690333008766174,1.4440624713897705,4.553731441497803,0.31514498591423035,0.09811427444219589,52.40690612792969,0,0,0,1,0,-69.67096710205078,127.42549133300781,121.36219787597656,-58.491939544677734,147.22933959960938,74.14651489257812,grab,43,2025-11-18T12:06:41.244272,my_hand_data\videos\grab_seq43_20251118_120639_492864.avi,89.48469789295903,360,90,HIGH,VIDEO_RECORDING,2025-11-18T12:06:43.630364
2025-11-18 12:06:41.244272,157,264,HandType.Left,0.7145139575004578,-123.56548309326172,129.58578491210938,73.96528625488281,0.734350323677063,-0.3345443606376648,0.5906010866165161,0.9690333008766174,1.4440624713897705,4.553731441497803,0.31514498591423035,0.09811427444219589,52.40690612792969,0,0,0,1,0,-69.67096710205078,127.42549133300781,121.36219787597656,-58.491939544677734,147.22933959960938,74.14651489257812,grab,43,2025-11-18T12:06:41.244272,my_hand_data\videos\grab_seq43_20251118_120639_492864.avi,89.48469789295903,360,90,HIGH,VIDEO_RECORDING,2025-11-18T12:06:43.630364
2025-11-18 12:06:41.257965,158,264,HandType.Left,0.7149047255516052,-123.56202697753906,129.6282958984375,74.0211410522461,0.7341626882553101,-0.33572521805763245,0.5901641845703125,0.31251394748687744,3.8496344089508057,5.058095455169678,0.31991228461265564,0.11111827939748764,51.94669723510742,0,0,0,1,0,-69.68531036376953,127.51415252685547,121.41293334960938,-58.68955612182617,147.0084686279297,74.53517150878906,grab,43,2025-11-18T12:06:41.257965,my_hand_data\videos\grab_seq43_20251118_120639_492864.avi,89.48469789295903,360,90,HIGH,VIDEO_RECORDING,2025-11-18T12:06:43.630364
2025-11-18 12:06:41.273878,159,264,HandType.Left,0.7151121497154236,-123.55366516113281,129.68734741210938,74.07506561279297,0.7340044975280762,-0.33666616678237915,0.5898247957229614,0.7213187217712402,5.091492652893066,4.648810386657715,0.3234335780143738,0.12270861864089966,51.537696838378906,0,0,0,1,0,-69.68194580078125,127.64418029785156,121.45572662353516,-58.82579040527344,146.87527465820312,74.8891830444336,grab,43,2025-11-18T12:06:41.273878,my_hand_data\videos\grab_seq43_20251118_120639_492864.avi,89.48469789295903,360,90,HIGH,VIDEO_RECORDING,2025-11-18T12:06:43.630364
2025-11-18 12:06:41.289943,160,264,HandType.Left,0.7153050899505615,-123.56108093261719,129.7661590576172,74.13872528076172,0.7338752746582031,-0.3373740315437317,0.5895810723304749,-0.6753323674201965,7.174229621887207,5.79487943649292,0.32561567425727844,0.13137920200824738,51.23289489746094,0,0,0,1,0,-69.68065643310547,127.89907836914062,121.53314208984375,-58.942562103271484,146.77224731445312,75.12940979003906,grab,43,2025-11-18T12:06:41.289943,my_hand_data\videos\grab_seq43_20251118_120639_492864.avi,89.48469789295903,360,90,HIGH,VIDEO_RECORDING,2025-11-18T12:06:43.630364
2025-11-18 12:06:41.289943,161,264,HandType.Left,0.715411901473999,-123.55033111572266,129.8373565673828,74.21508026123047,0.733778715133667,-0.3379136323928833,0.5893921852111816,0.9754796028137207,6.459786891937256,6.928698539733887,0.3267638683319092,0.13872168958187103,50.973350524902344,0,0,0,1,0,-69.64618682861328,128.15185546875,121.62120819091797,-58.993988037109375,146.7293243408203,75.36441802978516,grab,43,2025-11-18T12:06:41.289943,my_hand_data\videos\grab_seq43_20251118_120639_492864.avi,89.48469789295903,360,90,HIGH,VIDEO_RECORDING,2025-11-18T12:06:43.630364
2025-11-18 12:06:41.305881,162,264,HandType.Left,0.7157440781593323,-123.58332824707031,129.9247589111328,74.28716278076172,0.7337953448295593,-0.3382123112678528,0.5892001390457153,-2.976987361907959,7.8866682052612305,6.504190444946289,0.32832014560699463,0.14531178772449493,50.740447998046875,0,0,0,1,0,-69.64543151855469,128.53677368164062,121.7400894165039,-59.102333068847656,146.7437286376953,75.56712341308594,grab,43,2025-11-18T12:06:41.305881,my_hand_data\videos\grab_seq43_20251118_120639_492864.avi,89.48469789295903,360,90,HIGH,VIDEO_RECORDING,2025-11-18T12:06:43.630364
2025-11-18 12:06:41.321795,163,264,HandType.Left,0.7158965468406677,-123.58486938476562,130.01165771484375,74.33673858642578,0.7338458895683289,-0.3385217487812042,0.5889594554901123,-0.14111070334911346,7.93123197555542,4.523987770080566,0.33026739954948425,0.15459385514259338,50.41337585449219,0,0,0,1,0,-69.59693908691406,128.91017150878906,121.79560852050781,-59.183956146240234,146.71554565429688,75.79509735107422,grab,43,2025-11-18T12:06:41.321795,my_hand_data\videos\grab_seq43_20251118_120639_492864.avi,89.48469789295903,360,90,HIGH,VIDEO_RECORDING,2025-11-18T12:06:43.630364
2025-11-18 12:06:41.321795,164,264,HandType.Left,0.7158965468406677,-123.58486938476562,130.01165771484375,74.33673858642578,0.7338458895683289,-0.3385217487812042,0.5889594554901123,-0.14111070334911346,7.93123197555542,4.523987770080566,0.33026739954948425,0.15459385514259338,50.41337585449219,0,0,0,1,0,-69.59693908691406,128.91017150878906,121.79560852050781,-59.183956146240234,146.71554565429688,75.79509735107422,grab,43,2025-11-18T12:06:41.321795,my_hand_data\videos\grab_seq43_20251118_120639_492864.avi,89.48469789295903,360,90,HIGH,VIDEO_RECORDING,2025-11-18T12:06:43.630364
2025-11-18 12:06:41.353602,165,264,HandType.Left,0.717099130153656,-123.71605682373047,130.26698303222656,74.32935333251953,0.7348401546478271,-0.3375777006149292,0.5882611870765686,-3.570364475250244,7.726355075836182,-3.2429826259613037,0.3349166512489319,0.17598818242549896,49.6594123840332,0,0,0,1,0,-69.23654174804688,130.13568115234375,121.90532684326172,-59.51213836669922,146.81021118164062,76.15105438232422,grab,43,2025-11-18T12:06:41.353602,my_hand_data\videos\grab_seq43_20251118_120639_492864.avi,89.48469789295903,360,90,HIGH,VIDEO_RECORDING,2025-11-18T12:06:43.630364
2025-11-18 12:06:41.353602,166,264,HandType.Left,0.717099130153656,-123.71605682373047,130.26698303222656,74.32935333251953,0.7348401546478271,-0.3375777006149292,0.5882611870765686,-3.570364475250244,7.726355075836182,-3.2429826259613037,0.3349166512489319,0.17598818242549896,49.6594123840332,0,0,0,1,0,-69.23654174804688,130.13568115234375,121.90532684326172,-59.51213836669922,146.81021118164062,76.15105438232422,grab,43,2025-11-18T12:06:41.353602,my_hand_data\videos\grab_seq43_20251118_120639_492864.avi,89.48469789295903,360,90,HIGH,VIDEO_RECORDING,2025-11-18T12:06:43.630364
2025-11-18 12:06:41.362656,167,264,HandType.Left,0.7174924612045288,-123.73774719238281,130.36448669433594,74.23945617675781,0.7356215119361877,-0.3370514512062073,0.587585985660553,-1.8997424840927124,8.540425300598145,-7.8733439445495605,0.33554038405418396,0.18047846853733063,49.50175094604492,0,0,0,1,0,-68.99736785888672,130.439453125,121.83000946044922,-59.59003448486328,146.88446044921875,76.09722900390625,grab,43,2025-11-18T12:06:41.362656,my_hand_data\videos\grab_seq43_20251118_120639_492864.avi,89.48469789295903,360,90,HIGH,VIDEO_RECORDING,2025-11-18T12:06:43.630364
2025-11-18 12:06:41.372046,168,264,HandType.Left,0.7181079387664795,-123.81082916259766,130.46458435058594,74.14350128173828,0.7363743782043457,-0.33646348118782043,0.5869796276092529,-6.641088485717773,9.095619201660156,-8.719676971435547,0.33770057559013367,0.18524961173534393,49.33271789550781,0,0,0,1,0,-68.90572357177734,130.80157470703125,121.73275756835938,-59.69515609741211,146.9739990234375,76.04539489746094,grab,43,2025-11-18T12:06:41.372046,my_hand_data\videos\grab_seq43_20251118_120639_492864.avi,89.48469789295903,360,90,HIGH,VIDEO_RECORDING,2025-11-18T12:06:43.630364
2025-11-18 12:06:41.384900,169,264,HandType.Left,0.7185555100440979,-123.90973663330078,130.5553436279297,74.05928039550781,0.7369672656059265,-0.33567094802856445,0.5866892337799072,-8.832756996154785,8.104880332946777,-7.520643711090088,0.3397400379180908,0.18943984806537628,49.185604095458984,0,0,0,1,0,-68.90543365478516,131.02890014648438,121.62635803222656,-59.82797622680664,147.0557861328125,76.0197525024414,grab,43,2025-11-18T12:06:41.384900,my_hand_data\videos\grab_seq43_20251118_120639_492864.avi,89.48469789295903,360,90,HIGH,VIDEO_RECORDING,2025-11-18T12:06:43.630364
2025-11-18 12:06:41.401072,170,264,HandType.Left,0.7185856699943542,-124.04118347167969,130.62864685058594,73.98152923583984,0.7375363707542419,-0.33472299575805664,0.5865156650543213,-12.341946601867676,6.883213043212891,-7.300546169281006,0.341280460357666,0.19305554032325745,49.058868408203125,0,0,0,1,0,-69.0116958618164,131.18865966796875,121.50857543945312,-60.0085563659668,147.13902282714844,75.99701690673828,grab,43,2025-11-18T12:06:41.401072,my_hand_data\videos\grab_seq43_20251118_120639_492864.avi,89.48469789295903,360,90,HIGH,VIDEO_RECORDING,2025-11-18T12:06:43.630364
2025-11-18 12:06:41.401072,171,264,HandType.Left,0.7182060480117798,-124.21723175048828,130.68881225585938,73.92500305175781,0.7380218505859375,-0.3336632549762726,0.5865088105201721,-15.68642520904541,5.360433578491211,-5.037263870239258,0.34250161051750183,0.19569316506385803,48.96654510498047,0,0,0,1,0,-69.20197296142578,131.3120880126953,121.42351531982422,-60.232444763183594,147.2425537109375,75.99785614013672,grab,43,2025-11-18T12:06:41.401072,my_hand_data\videos\grab_seq43_20251118_120639_492864.avi,89.48469789295903,360,90,HIGH,VIDEO_RECORDING,2025-11-18T12:06:43.630364
2025-11-18 12:06:41.416863,172,264,HandType.Left,0.7174742817878723,-124.38206481933594,130.6935577392578,73.8812026977539,0.738422155380249,-0.332441121339798,0.5866989493370056,-14.813952445983887,0.426429808139801,-3.935866594314575,0.34407973289489746,0.19719599187374115,48.91400909423828,0,0,0,1,0,-69.4029312133789,131.39041137695312,121.35082244873047,-60.42270278930664,147.35665893554688,75.99649810791016,grab,43,2025-11-18T12:06:41.416863,my_hand_data\videos\grab_seq43_20251118_120639_492864.avi,89.48469789295903,360,90,HIGH,VIDEO_RECORDING,2025-11-18T12:06:43.630364
2025-11-18 12:06:41.432979,173,264,HandType.Left,0.7165415287017822,-124.4999771118164,130.65419006347656,73.85529327392578,0.7386451959609985,-0.33138734102249146,0.5870142579078674,-10.571520805358887,-3.528656244277954,-2.3230228424072266,0.3435131311416626,0.19873914122581482,48.859683990478516,0,0,0,1,0,-69.59156036376953,131.4202117919922,121.27091217041016,-60.5634880065918,147.42320251464844,75.99766540527344,grab,43,2025-11-18T12:06:41.432979,my_hand_data\videos\grab_seq43_20251118_120639_492864.avi,89.48469789295903,360,90,HIGH,VIDEO_RECORDING,2025-11-18T12:06:43.630364
2025-11-18 12:06:41.438303,174,264,HandType.Left,0.7158252596855164,-124.6025161743164,130.6270294189453,73.85694122314453,0.7387688159942627,-0.33074110746383667,0.5872230529785156,-9.339695930480957,-2.4737536907196045,0.1498996615409851,0.3428491950035095,0.19891457259655,48.854034423828125,0,0,0,1,0,-69.75939178466797,131.45748901367188,121.22343444824219,-60.66914749145508,147.48252868652344,75.97653198242188,grab,43,2025-11-18T12:06:41.438303,my_hand_data\videos\grab_seq43_20251118_120639_492864.avi,89.48469789295903,360,90,HIGH,VIDEO_RECORDING,2025-11-18T12:06:43.630364
2025-11-18 12:06:41.448764,175,264,HandType.Left,0.7153733372688293,-124.65345764160156,130.59674072265625,73.85823822021484,0.7387598752975464,-0.3304564654827118,0.5873945355415344,-4.618769645690918,-2.7462069988250732,0.11793428659439087,0.34213462471961975,0.19768241047859192,48.89867401123047,0,0,0,1,0,-69.89688873291016,131.45449829101562,121.13247680664062,-60.72055435180664,147.548828125,75.87932586669922,grab,43,2025-11-18T12:06:41.448764,my_hand_data\videos\grab_seq43_20251118_120639_492864.avi,89.48469789295903,360,90,HIGH,VIDEO_RECORDING,2025-11-18T12:06:43.630364
2025-11-18 12:06:41.464576,176,264,HandType.Left,0.7150962352752686,-124.68609619140625,130.5447540283203,73.83423614501953,0.738865852355957,-0.3298259675502777,0.5876155495643616,-2.8514866828918457,-4.542675971984863,-2.097222089767456,0.34152764081954956,0.19704470038414001,48.92051696777344,0,0,0,1,0,-69.99694061279297,131.40032958984375,120.96715545654297,-60.768455505371094,147.5949249267578,75.73677825927734,grab,43,2025-11-18T12:06:41.464576,my_hand_data\videos\grab_seq43_20251118_120639_492864.avi,89.48469789295903,360,90,HIGH,VIDEO_RECORDING,2025-11-18T12:06:43.630364
2025-11-18 12:06:41.480037,177,264,HandType.Left,0.7149426937103271,-124.74347686767578,130.53904724121094,73.73741912841797,0.739116907119751,-0.3283118009567261,0.5881475210189819,-1.8451238870620728,-0.18788328766822815,-5.486590385437012,0.3402509391307831,0.19511139392852783,48.98828125,0,0,0,1,0,-70.1946029663086,131.4488067626953,120.69600677490234,-60.87343978881836,147.79043579101562,75.46417236328125,grab,43,2025-11-18T12:06:41.480037,my_hand_data\videos\grab_seq43_20251118_120639_492864.avi,89.48469789295903,360,90,HIGH,VIDEO_RECORDING,2025-11-18T12:06:43.630364
2025-11-18 12:06:41.486839,178,264,HandType.Left,0.7149426937103271,-124.74347686767578,130.53904724121094,73.73741912841797,0.739116907119751,-0.3283118009567261,0.5881475210189819,-1.8451238870620728,-0.18788328766822815,-5.486590385437012,0.3402509391307831,0.19511139392852783,48.98828125,0,0,0,1,0,-70.1946029663086,131.4488067626953,120.69600677490234,-60.87343978881836,147.79043579101562,75.46417236328125,grab,43,2025-11-18T12:06:41.486839,my_hand_data\videos\grab_seq43_20251118_120639_492864.avi,89.48469789295903,360,90,HIGH,VIDEO_RECORDING,2025-11-18T12:06:43.630364
2025-11-18 12:06:41.496059,179,264,HandType.Left,0.714991569519043,-124.74522399902344,130.57708740234375,73.66419982910156,0.7392590641975403,-0.32777470350265503,0.5882684588432312,-0.15269170701503754,3.327343463897705,-6.403913497924805,0.33950158953666687,0.19416174292564392,49.02220153808594,0,0,0,1,0,-70.22323608398438,131.51138305664062,120.55467224121094,-60.89640426635742,147.90509033203125,75.30610656738281,grab,43,2025-11-18T12:06:41.496059,my_hand_data\videos\grab_seq43_20251118_120639_492864.avi,89.48469789295903,360,90,HIGH,VIDEO_RECORDING,2025-11-18T12:06:43.630364
2025-11-18 12:06:41.511835,180,264,HandType.Left,0.7150058746337891,-124.73171997070312,130.60940551757812,73.60504150390625,0.73941969871521,-0.32731425762176514,0.5883228778839111,1.243356466293335,2.9766299724578857,-5.449343204498291,0.3381461799144745,0.1931343376636505,49.058319091796875,0,0,0,1,0,-70.20465850830078,131.5515594482422,120.39613342285156,-60.88394546508789,148.0124053955078,75.13153839111328,grab,43,2025-11-18T12:06:41.511835,my_hand_data\videos\grab_seq43_20251118_120639_492864.avi,89.48469789295903,360,90,HIGH,VIDEO_RECORDING,2025-11-18T12:06:43.630364
2025-11-18 12:06:41.523896,181,264,HandType.Left,0.7149456739425659,-124.63035583496094,130.69435119628906,73.47168731689453,0.740258514881134,-0.3259439170360565,0.5880288481712341,6.6173577308654785,3.5829436779022217,-5.955061912536621,0.3351198136806488,0.18424487113952637,49.369014739990234,0,0,0,1,0,-70.03629302978516,131.69393920898438,120.00665283203125,-60.77108383178711,148.4041290283203,74.48495483398438,grab,43,2025-11-18T12:06:41.523896,my_hand_data\videos\grab_seq43_20251118_120639_492864.avi,89.48469789295903,360,90,HIGH,VIDEO_RECORDING,2025-11-18T12:06:43.630364
2025-11-18 12:06:41.527920,182,264,HandType.Left,0.7149456739425659,-124.63035583496094,130.69435119628906,73.47168731689453,0.740258514881134,-0.3259439170360565,0.5880288481712341,6.6173577308654785,3.5829436779022217,-5.955061912536621,0.3351198136806488,0.18424487113952637,49.369014739990234,0,0,0,1,0,-70.03629302978516,131.69393920898438,120.00665283203125,-60.77108383178711,148.4041290283203,74.48495483398438,grab,43,2025-11-18T12:06:41.527920,my_hand_data\videos\grab_seq43_20251118_120639_492864.avi,89.48469789295903,360,90,HIGH,VIDEO_RECORDING,2025-11-18T12:06:43.630364
2025-11-18 12:06:41.543888,183,264,HandType.Left,0.7149430513381958,-124.55204010009766,130.79078674316406,73.41858673095703,0.7407265901565552,-0.32565465569496155,0.587599515914917,6.9277849197387695,8.529187202453613,-4.697493076324463,0.33392611145973206,0.18003712594509125,49.51706314086914,0,0,0,1,0,-69.94032287597656,131.80364990234375,119.7976303100586,-60.6732063293457,148.64195251464844,74.1628646850586,grab,43,2025-11-18T12:06:41.543888,my_hand_data\videos\grab_seq43_20251118_120639_492864.avi,89.48469789295903,360,90,HIGH,VIDEO_RECORDING,2025-11-18T12:06:43.630364
2025-11-18 12:06:41.543888,184,264,HandType.Left,0.7147086262702942,-124.44241333007812,130.8980712890625,73.36714935302734,0.7412523031234741,-0.3252467215061188,0.5871623158454895,9.839456558227539,9.630475997924805,-4.616942405700684,0.3339458107948303,0.17841649055480957,49.573944091796875,0,0,0,1,0,-69.8167495727539,131.89073181152344,119.56648254394531,-60.557098388671875,148.88540649414062,73.9264144897461,grab,43,2025-11-18T12:06:41.543888,my_hand_data\videos\grab_seq43_20251118_120639_492864.avi,89.48469789295903,360,90,HIGH,VIDEO_RECORDING,2025-11-18T12:06:43.630364
2025-11-18 12:06:41.575791,185,264,HandType.Left,0.7145223617553711,-124.18323516845703,131.23095703125,73.28982543945312,0.7420564293861389,-0.3250291645526886,0.5862663984298706,13.030915260314941,17.395288467407227,-3.1073107719421387,0.33535733819007874,0.18088161945343018,49.49150466918945,0,0,0,1,0,-69.48908233642578,132.10787963867188,119.14662170410156,-60.31449890136719,149.32052612304688,73.6607894897461,grab,43,2025-11-18T12:06:41.575791,my_hand_data\videos\grab_seq43_20251118_120639_492864.avi,89.48469789295903,360,90,HIGH,VIDEO_RECORDING,2025-11-18T12:06:43.630364
2025-11-18 12:06:41.575791,186,264,HandType.Left,0.7144361734390259,-124.05437469482422,131.42051696777344,73.28569030761719,0.7423242926597595,-0.32508179545402527,0.5858979821205139,11.285972595214844,16.602399826049805,-0.36232027411460876,0.33652591705322266,0.18579335510730743,49.32075881958008,0,0,0,1,0,-69.31459045410156,132.2303924560547,118.92124938964844,-60.20063018798828,149.5192108154297,73.63803100585938,grab,43,2025-11-18T12:06:41.575791,my_hand_data\videos\grab_seq43_20251118_120639_492864.avi,89.48469789295903,360,90,HIGH,VIDEO_RECORDING,2025-11-18T12:06:43.630364
2025-11-18 12:06:41.575791,187,264,HandType.Left,0.7144361734390259,-124.05437469482422,131.42051696777344,73.28569030761719,0.7423242926597595,-0.32508179545402527,0.5858979821205139,11.285972595214844,16.602399826049805,-0.36232027411460876,0.33652591705322266,0.18579335510730743,49.32075881958008,0,0,0,1,0,-69.31459045410156,132.2303924560547,118.92124938964844,-60.20063018798828,149.5192108154297,73.63803100585938,grab,43,2025-11-18T12:06:41.575791,my_hand_data\videos\grab_seq43_20251118_120639_492864.avi,89.48469789295903,360,90,HIGH,VIDEO_RECORDING,2025-11-18T12:06:43.630364
2025-11-18 12:06:41.607687,188,264,HandType.Left,0.7136600613594055,-123.6839370727539,131.66009521484375,73.28939819335938,0.742656409740448,-0.3249596953392029,0.585544764995575,18.19876480102539,8.527824401855469,0.6845502853393555,0.3384334444999695,0.19253215193748474,49.09029769897461,0,0,0,1,0,-68.9017562866211,132.46469116210938,118.68989562988281,-59.901512145996094,149.78729248046875,73.64791107177734,grab,43,2025-11-18T12:06:41.607687,my_hand_data\videos\grab_seq43_20251118_120639_492864.avi,89.48469789295903,360,90,HIGH,VIDEO_RECORDING,2025-11-18T12:06:43.630364
2025-11-18 12:06:41.614108,189,264,HandType.Left,0.7127731442451477,-123.47273254394531,131.7998809814453,73.30990600585938,0.7428610324859619,-0.3249281346797943,0.5853026509284973,19.118473052978516,12.653130531311035,1.8563423156738281,0.33974191546440125,0.1966119408607483,48.95120620727539,0,0,0,1,0,-68.66152954101562,132.6435546875,118.6098403930664,-59.73728561401367,149.94186401367188,73.69495391845703,grab,43,2025-11-18T12:06:41.614108,my_hand_data\videos\grab_seq43_20251118_120639_492864.avi,89.48469789295903,360,90,HIGH,VIDEO_RECORDING,2025-11-18T12:06:43.630364
2025-11-18 12:06:41.616115,190,264,HandType.Left,0.7127731442451477,-123.47273254394531,131.7998809814453,73.30990600585938,0.7428610324859619,-0.3249281346797943,0.5853026509284973,19.118473052978516,12.653130531311035,1.8563423156738281,0.33974191546440125,0.1966119408607483,48.95120620727539,0,0,0,1,0,-68.66152954101562,132.6435546875,118.6098403930664,-59.73728561401367,149.94186401367188,73.69495391845703,grab,43,2025-11-18T12:06:41.616115,my_hand_data\videos\grab_seq43_20251118_120639_492864.avi,89.48469789295903,360,90,HIGH,VIDEO_RECORDING,2025-11-18T12:06:43.630364
2025-11-18 12:06:41.638921,191,264,HandType.Left,0.711882472038269,-123.13622283935547,132.08424377441406,73.4182357788086,0.7432077527046204,-0.32456058263778687,0.5850663781166077,13.680499076843262,14.585310935974121,5.763309001922607,0.34126946330070496,0.20276811718940735,48.73875427246094,0,0,0,1,0,-68.23140716552734,133.08042907714844,118.56714630126953,-59.435577392578125,150.26295471191406,73.8138198852539,grab,43,2025-11-18T12:06:41.638921,my_hand_data\videos\grab_seq43_20251118_120639_492864.avi,89.48469789295903,360,90,HIGH,VIDEO_RECORDING,2025-11-18T12:06:43.630364
2025-11-18 12:06:41.643738,192,264,HandType.Left,0.711882472038269,-123.13622283935547,132.08424377441406,73.4182357788086,0.7432077527046204,-0.32456058263778687,0.5850663781166077,13.680499076843262,14.585310935974121,5.763309001922607,0.34126946330070496,0.20276811718940735,48.73875427246094,0,0,0,1,0,-68.23140716552734,133.08042907714844,118.56714630126953,-59.435577392578125,150.26295471191406,73.8138198852539,grab,43,2025-11-18T12:06:41.643738,my_hand_data\videos\grab_seq43_20251118_120639_492864.avi,89.48469789295903,360,90,HIGH,VIDEO_RECORDING,2025-11-18T12:06:43.630364
2025-11-18 12:06:41.654594,193,264,HandType.Left,0.7110018730163574,-123.01107788085938,132.25502014160156,73.4843978881836,0.7434688806533813,-0.3243810832500458,0.584834098815918,11.06004810333252,15.092637062072754,5.847523212432861,0.3413645327091217,0.2030641734600067,48.730648040771484,0,0,0,1,0,-68.024169921875,133.28562927246094,118.59416961669922,-59.314510345458984,150.45970153808594,73.82957458496094,grab,43,2025-11-18T12:06:41.654594,my_hand_data\videos\grab_seq43_20251118_120639_492864.avi,89.48469789295903,360,90,HIGH,VIDEO_RECORDING,2025-11-18T12:06:43.630364
2025-11-18 12:06:41.660558,194,264,HandType.Left,0.7106298208236694,-122.939453125,132.43821716308594,73.56756591796875,0.7437354326248169,-0.3240995705127716,0.5846512913703918,6.432391166687012,16.45218849182129,7.468985557556152,0.34064990282058716,0.20245642960071564,48.75484848022461,0,0,0,1,0,-67.90228271484375,133.53854370117188,118.63159942626953,-59.24324035644531,150.67970275878906,73.81824493408203,grab,43,2025-11-18T12:06:41.660558,my_hand_data\videos\grab_seq43_20251118_120639_492864.avi,89.48469789295903,360,90,HIGH,VIDEO_RECORDING,2025-11-18T12:06:43.630364
2025-11-18 12:06:41.686189,195,264,HandType.Left,0.7099596261978149,-122.78831481933594,132.69383239746094,73.64712524414062,0.744178831577301,-0.3237681984901428,0.5842704772949219,7.0406951904296875,10.20643424987793,2.700859308242798,0.3385325074195862,0.20083457231521606,48.815040588378906,0,0,0,1,0,-67.57841491699219,134.10342407226562,118.6751708984375,-59.07612991333008,150.97756958007812,73.66536712646484,grab,43,2025-11-18T12:06:41.686189,my_hand_data\videos\grab_seq43_20251118_120639_492864.avi,89.48469789295903,360,90,HIGH,VIDEO_RECORDING,2025-11-18T12:06:43.630364
2025-11-18 12:06:41.690214,196,264,HandType.Left,0.7099596261978149,-122.78831481933594,132.69383239746094,73.64712524414062,0.744178831577301,-0.3237681984901428,0.5842704772949219,7.0406951904296875,10.20643424987793,2.700859308242798,0.3385325074195862,0.20083457231521606,48.815040588378906,0,0,0,1,0,-67.57841491699219,134.10342407226562,118.6751708984375,-59.07612991333008,150.97756958007812,73.66536712646484,grab,43,2025-11-18T12:06:41.690214,my_hand_data\videos\grab_seq43_20251118_120639_492864.avi,89.48469789295903,360,90,HIGH,VIDEO_RECORDING,2025-11-18T12:06:43.630364
2025-11-18 12:06:41.696236,197,264,HandType.Left,0.7099102735519409,-122.75450134277344,132.76531982421875,73.66424560546875,0.7443463206291199,-0.3235030770301819,0.5842040181159973,3.009133815765381,6.362729072570801,1.5233439207077026,0.33545172214508057,0.2010670155286789,48.80849075317383,0,0,0,1,0,-67.447509765625,134.46194458007812,118.67576599121094,-59.01632308959961,151.08668518066406,73.56698608398438,grab,43,2025-11-18T12:06:41.696236,my_hand_data\videos\grab_seq43_20251118_120639_492864.avi,89.48469789295903,360,90,HIGH,VIDEO_RECORDING,2025-11-18T12:06:43.630364
2025-11-18 12:06:41.718334,198,264,HandType.Left,0.7097302675247192,-122.81641387939453,132.8843231201172,73.61345672607422,0.7450915575027466,-0.32191088795661926,0.5841335654258728,-4.58876895904541,6.293667316436768,-5.138826370239258,0.3300805687904358,0.20413638651371002,48.70318603515625,0,0,0,1,0,-67.2823715209961,135.2411346435547,118.6390380859375,-59.04743957519531,151.30113220214844,73.40340423583984,grab,43,2025-11-18T12:06:41.718334,my_hand_data\videos\grab_seq43_20251118_120639_492864.avi,89.48469789295903,360,90,HIGH,VIDEO_RECORDING,2025-11-18T12:06:43.630364
2025-11-18 12:06:41.723554,199,264,HandType.Left,0.7097302675247192,-122.81641387939453,132.8843231201172,73.61345672607422,0.7450915575027466,-0.32191088795661926,0.5841335654258728,-4.58876895904541,6.293667316436768,-5.138826370239258,0.3300805687904358,0.20413638651371002,48.70318603515625,0,0,0,1,0,-67.2823715209961,135.2411346435547,118.6390380859375,-59.04743957519531,151.30113220214844,73.40340423583984,grab,43,2025-11-18T12:06:41.723554,my_hand_data\videos\grab_seq43_20251118_120639_492864.avi,89.48469789295903,360,90,HIGH,VIDEO_RECORDING,2025-11-18T12:06:43.630364
2025-11-18 12:06:41.725559,200,264,HandType.Left,0.7098143100738525,-122.90233612060547,132.96609497070312,73.51251983642578,0.7455752491950989,-0.3207029104232788,0.5841808319091797,-7.608717918395996,7.240882873535156,-8.938932418823242,0.3289734423160553,0.20613078773021698,48.63514709472656,0,0,0,1,0,-67.23356628417969,135.6300811767578,118.56118774414062,-59.126197814941406,151.4552459716797,73.29296112060547,grab,43,2025-11-18T12:06:41.725559,my_hand_data\videos\grab_seq43_20251118_120639_492864.avi,89.48469789295903,360,90,HIGH,VIDEO_RECORDING,2025-11-18T12:06:43.630364
2025-11-18 12:06:41.749868,201,264,HandType.Left,0.7100279927253723,-123.3120346069336,133.36309814453125,73.2181625366211,0.7469071745872498,-0.31842997670173645,0.5837225914001465,-22.465404510498047,20.70652961730957,-16.605188369750977,0.3275453448295593,0.20906853675842285,48.536949157714844,0,0,0,1,0,-67.40493774414062,136.8162078857422,118.40474700927734,-59.54546356201172,151.98204040527344,72.9728012084961,grab,43,2025-11-18T12:06:41.749868,my_hand_data\videos\grab_seq43_20251118_120639_492864.avi,89.48469789295903,360,90,HIGH,VIDEO_RECORDING,2025-11-18T12:06:43.630364
2025-11-18 12:06:41.749868,202,264,HandType.Left,0.7100279927253723,-123.3120346069336,133.36309814453125,73.2181625366211,0.7469071745872498,-0.31842997670173645,0.5837225914001465,-22.465404510498047,20.70652961730957,-16.605188369750977,0.3275453448295593,0.20906853675842285,48.536949157714844,0,0,0,1,0,-67.40493774414062,136.8162078857422,118.40474700927734,-59.54546356201172,151.98204040527344,72.9728012084961,grab,43,2025-11-18T12:06:41.749868,my_hand_data\videos\grab_seq43_20251118_120639_492864.avi,89.48469789295903,360,90,HIGH,VIDEO_RECORDING,2025-11-18T12:06:43.630364
2025-11-18 12:06:41.749868,203,264,HandType.Left,0.7104402780532837,-123.56694030761719,133.59568786621094,72.9841079711914,0.747714638710022,-0.3171648681163788,0.5833774209022522,-23.37689971923828,21.329727172851562,-21.46520233154297,0.3285970687866211,0.20927545428276062,48.530757904052734,0,0,0,1,0,-67.5748519897461,137.49473571777344,118.2863998413086,-59.80351638793945,152.31814575195312,72.7330551147461,grab,43,2025-11-18T12:06:41.749868,my_hand_data\videos\grab_seq43_20251118_120639_492864.avi,89.48469789295903,360,90,HIGH,VIDEO_RECORDING,2025-11-18T12:06:43.630364
2025-11-18 12:06:41.781629,204,264,HandType.Left,0.7118937373161316,-124.02379608154297,134.12611389160156,72.4417495727539,0.7492589950561523,-0.3143419623374939,0.5829237103462219,-22.65375328063965,22.8485050201416,-24.699636459350586,0.33132386207580566,0.21086648106575012,48.473182678222656,0,0,0,1,0,-67.9390640258789,138.73654174804688,117.87849426269531,-60.33696365356445,153.0872802734375,72.2066879272461,grab,43,2025-11-18T12:06:41.781629,my_hand_data\videos\grab_seq43_20251118_120639_492864.avi,89.48469789295903,360,90,HIGH,VIDEO_RECORDING,2025-11-18T12:06:43.630364
2025-11-18 12:06:41.781629,205,264,HandType.Left,0.7118937373161316,-124.02379608154297,134.12611389160156,72.4417495727539,0.7492589950561523,-0.3143419623374939,0.5829237103462219,-22.65375328063965,22.8485050201416,-24.699636459350586,0.33132386207580566,0.21086648106575012,48.473182678222656,0,0,0,1,0,-67.9390640258789,138.73654174804688,117.87849426269531,-60.33696365356445,153.0872802734375,72.2066879272461,grab,43,2025-11-18T12:06:41.781629,my_hand_data\videos\grab_seq43_20251118_120639_492864.avi,89.48469789295903,360,90,HIGH,VIDEO_RECORDING,2025-11-18T12:06:43.630364
2025-11-18 12:06:41.781629,206,264,HandType.Left,0.7127355933189392,-124.33942413330078,134.43695068359375,72.18867492675781,0.7497987747192383,-0.3130246698856354,0.582938551902771,-29.039674758911133,28.598175048828125,-23.284151077270508,0.33372244238853455,0.21356235444545746,48.37940216064453,0,0,0,1,0,-68.21971893310547,139.180908203125,117.65034484863281,-60.715965270996094,153.46502685546875,72.0408706665039,grab,43,2025-11-18T12:06:41.781629,my_hand_data\videos\grab_seq43_20251118_120639_492864.avi,89.48469789295903,360,90,HIGH,VIDEO_RECORDING,2025-11-18T12:06:43.630364
2025-11-18 12:06:41.813391,207,264,HandType.Left,0.7136906385421753,-124.70072937011719,134.74285888671875,71.9749755859375,0.7503666877746582,-0.3118227422237396,0.5828519463539124,-32.0872802734375,27.167491912841797,-18.978729248046875,0.33488214015960693,0.218161478638649,48.21793746948242,0,0,0,0,0,-68.5587158203125,139.65216064453125,117.42127227783203,-61.146339416503906,153.83236694335938,71.93558502197266,grab,43,2025-11-18T12:06:41.813391,my_hand_data\videos\grab_seq43_20251118_120639_492864.avi,89.48469789295903,360,90,HIGH,VIDEO_RECORDING,2025-11-18T12:06:43.630364
2025-11-18 12:06:41.813391,208,264,HandType.Left,0.7141091823577881,-125.05804443359375,135.08132934570312,71.76517486572266,0.7511268258094788,-0.3102312982082367,0.5827220678329468,-32.126888275146484,30.432680130004883,-18.863412857055664,0.33600059151649475,0.22253118455410004,48.06181716918945,0,0,0,0,0,-68.89434814453125,140.1736297607422,117.20565032958984,-61.587059020996094,154.2414093017578,71.83341979980469,grab,43,2025-11-18T12:06:41.813391,my_hand_data\videos\grab_seq43_20251118_120639_492864.avi,89.48469789295903,360,90,HIGH,VIDEO_RECORDING,2025-11-18T12:06:43.630364
2025-11-18 12:06:41.829331,209,264,HandType.Left,0.7147916555404663,-125.40911865234375,135.4285125732422,71.5735855102539,0.7517426609992981,-0.3089098632335663,0.5826299786567688,-30.306846618652344,29.971206665039062,-16.539419174194336,0.3377295732498169,0.22886191308498383,47.83865737915039,0,0,0,0,0,-69.25176239013672,140.7218475341797,117.01812744140625,-62.0303955078125,154.66793823242188,71.8307876586914,grab,43,2025-11-18T12:06:41.829331,my_hand_data\videos\grab_seq43_20251118_120639_492864.avi,89.48469789295903,360,90,HIGH,VIDEO_RECORDING,2025-11-18T12:06:43.630364
2025-11-18 12:06:41.845172,210,264,HandType.Left,0.7154834270477295,-125.81574249267578,135.78648376464844,71.41136932373047,0.7523177862167358,-0.3076752722263336,0.5825408697128296,-37.5908203125,33.09250259399414,-14.996150970458984,0.3393297791481018,0.23347479104995728,47.67585372924805,0,0,0,0,0,-69.67997741699219,141.2892303466797,116.86006164550781,-62.503055572509766,155.09475708007812,71.79470825195312,grab,43,2025-11-18T12:06:41.845172,my_hand_data\videos\grab_seq43_20251118_120639_492864.avi,89.48469789295903,360,90,HIGH,VIDEO_RECORDING,2025-11-18T12:06:43.630364
2025-11-18 12:06:41.845172,211,264,HandType.Left,0.7156689763069153,-126.15967559814453,136.11041259765625,71.26033020019531,0.7527924180030823,-0.30695009231567383,0.5823102593421936,-31.424253463745117,29.596755981445312,-13.799765586853027,0.33996763825416565,0.2356216311454773,47.59947967529297,0,0,0,0,0,-70.04326629638672,141.78518676757812,116.7059555053711,-62.8701057434082,155.48114013671875,71.68732452392578,grab,43,2025-11-18T12:06:41.845172,my_hand_data\videos\grab_seq43_20251118_120639_492864.avi,89.48469789295903,360,90,HIGH,VIDEO_RECORDING,2025-11-18T12:06:43.630364
2025-11-18 12:06:41.861390,212,264,HandType.Left,0.715576171875,-126.52680969238281,136.40220642089844,71.14134216308594,0.7532171607017517,-0.3058985471725464,0.5823143124580383,-32.74126052856445,26.022541046142578,-10.61223316192627,0.3380832076072693,0.23608240485191345,47.58306884765625,0,0,0,0,0,-70.42542266845703,142.20953369140625,116.57555389404297,-63.26279830932617,155.89085388183594,71.56814575195312,grab,43,2025-11-18T12:06:41.861390,my_hand_data\videos\grab_seq43_20251118_120639_492864.avi,89.48469789295903,360,90,HIGH,VIDEO_RECORDING,2025-11-18T12:06:43.630364
2025-11-18 12:06:41.877213,213,264,HandType.Left,0.7147371172904968,-126.91365814208984,136.6665802001953,71.05935668945312,0.753646731376648,-0.30467239022254944,0.5824013352394104,-35.43219757080078,24.21438217163086,-7.508965492248535,0.33354172110557556,0.23726880550384521,47.54058837890625,0,0,0,0,0,-70.83738708496094,142.56356811523438,116.42986297607422,-63.663475036621094,156.26881408691406,71.47645568847656,grab,43,2025-11-18T12:06:41.877213,my_hand_data\videos\grab_seq43_20251118_120639_492864.avi,89.48469789295903,360,90,HIGH,VIDEO_RECORDING,2025-11-18T12:06:43.630364
2025-11-18 12:06:41.877213,214,264,HandType.Left,0.7144778966903687,-127.29558563232422,136.89930725097656,71.00139617919922,0.753943681716919,-0.3037305772304535,0.5825089812278748,-34.08240509033203,20.767526626586914,-5.171993732452393,0.3296996057033539,0.23824939131736755,47.5057487487793,0,0,0,0,0,-71.2485122680664,142.90586853027344,116.32706451416016,-64.0402603149414,156.57437133789062,71.4048080444336,grab,43,2025-11-18T12:06:41.877213,my_hand_data\videos\grab_seq43_20251118_120639_492864.avi,89.48469789295903,360,90,HIGH,VIDEO_RECORDING,2025-11-18T12:06:43.630364
2025-11-18 12:06:41.893404,215,264,HandType.Left,0.7144318222999573,-127.64241790771484,137.1049041748047,70.93956756591797,0.7542169094085693,-0.30287036299705505,0.5826030969619751,-30.819229125976562,18.269634246826172,-5.4944000244140625,0.3282391130924225,0.23824173212051392,47.50339126586914,0,0,0,0,0,-71.67040252685547,143.27120971679688,116.2518539428711,-64.38888549804688,156.86570739746094,71.32144927978516,grab,43,2025-11-18T12:06:41.893404,my_hand_data\videos\grab_seq43_20251118_120639_492864.avi,89.48469789295903,360,90,HIGH,VIDEO_RECORDING,2025-11-18T12:06:43.630364
2025-11-18 12:06:41.909602,216,264,HandType.Left,0.7143890857696533,-127.9701919555664,137.28665161132812,70.90352630615234,0.7543526887893677,-0.302011102437973,0.5828732848167419,-30.164630889892578,16.726240158081055,-3.3165650367736816,0.3262345790863037,0.2382994145154953,47.499061584472656,0,0,0,0,0,-72.06845092773438,143.5542449951172,116.18912506103516,-64.71089935302734,157.1255340576172,71.26866912841797,grab,43,2025-11-18T12:06:41.909602,my_hand_data\videos\grab_seq43_20251118_120639_492864.avi,89.48469789295903,360,90,HIGH,VIDEO_RECORDING,2025-11-18T12:06:43.630364
2025-11-18 12:06:41.925697,217,264,HandType.Left,0.714531421661377,-128.4898223876953,137.71923828125,70.84793090820312,0.7545907497406006,-0.3011782467365265,0.5829960703849792,-22.433988571166992,20.661134719848633,-1.4701149463653564,0.32434728741645813,0.23944640159606934,47.453956604003906,0,0,0,1,0,-72.67520141601562,144.16604614257812,116.09976196289062,-65.21924591064453,157.6287841796875,71.2105484008789,grab,43,2025-11-18T12:06:41.925697,my_hand_data\videos\grab_seq43_20251118_120639_492864.avi,89.48469789295903,360,90,HIGH,VIDEO_RECORDING,2025-11-18T12:06:43.630364
2025-11-18 12:06:41.925697,218,264,HandType.Left,0.714531421661377,-128.4898223876953,137.71923828125,70.84793090820312,0.7545907497406006,-0.3011782467365265,0.5829960703849792,-22.433988571166992,20.661134719848633,-1.4701149463653564,0.32434728741645813,0.23944640159606934,47.453956604003906,0,0,0,1,0,-72.67520141601562,144.16604614257812,116.09976196289062,-65.21924591064453,157.6287841796875,71.2105484008789,grab,43,2025-11-18T12:06:41.925697,my_hand_data\videos\grab_seq43_20251118_120639_492864.avi,89.48469789295903,360,90,HIGH,VIDEO_RECORDING,2025-11-18T12:06:43.630364
2025-11-18 12:06:41.941457,219,264,HandType.Left,0.7145429253578186,-128.70669555664062,137.9456329345703,70.85040283203125,0.7547709345817566,-0.3009820282459259,0.5828641653060913,-19.147531509399414,19.988393783569336,0.2185204029083252,0.32333213090896606,0.2401486337184906,47.42556381225586,0,0,0,1,0,-72.92686462402344,144.4733123779297,116.0934829711914,-65.43529510498047,157.8626708984375,71.21826171875,grab,43,2025-11-18T12:06:41.941457,my_hand_data\videos\grab_seq43_20251118_120639_492864.avi,89.48469789295903,360,90,HIGH,VIDEO_RECORDING,2025-11-18T12:06:43.630364
2025-11-18 12:06:41.957191,220,264,HandType.Left,0.7147766351699829,-128.91973876953125,138.17135620117188,70.87239074707031,0.755031406879425,-0.30068695545196533,0.5826790928840637,-18.76622772216797,19.881898880004883,1.9368826150894165,0.3225787281990051,0.2398964911699295,47.43168640136719,0,0,0,1,0,-73.16712951660156,144.73765563964844,116.0963363647461,-65.65472412109375,158.12918090820312,71.2187728881836,grab,43,2025-11-18T12:06:41.957191,my_hand_data\videos\grab_seq43_20251118_120639_492864.avi,89.48469789295903,360,90,HIGH,VIDEO_RECORDING,2025-11-18T12:06:43.630364
2025-11-18 12:06:41.963883,221,264,HandType.Left,0.7148535847663879,-129.1270294189453,138.39892578125,70.91184997558594,0.7552496194839478,-0.30065885186195374,0.5824107527732849,-19.449466705322266,21.35219955444336,3.702054738998413,0.32151561975479126,0.23982040584087372,47.432559967041016,0,0,0,1,0,-73.38276672363281,144.986572265625,116.10482788085938,-65.8578109741211,158.3691864013672,71.22578430175781,grab,43,2025-11-18T12:06:41.963883,my_hand_data\videos\grab_seq43_20251118_120639_492864.avi,89.48469789295903,360,90,HIGH,VIDEO_RECORDING,2025-11-18T12:06:43.630364
2025-11-18 12:06:41.973260,222,264,HandType.Left,0.7147917747497559,-129.3546600341797,138.60556030273438,70.99180603027344,0.7554855346679688,-0.3005618453025818,0.5821548104286194,-20.37653350830078,18.498443603515625,7.157435894012451,0.32111412286758423,0.23975826799869537,47.4329833984375,0,0,0,1,0,-73.61695098876953,145.25758361816406,116.14595031738281,-66.0783462524414,158.61500549316406,71.26124572753906,grab,43,2025-11-18T12:06:41.973260,my_hand_data\videos\grab_seq43_20251118_120639_492864.avi,89.48469789295903,360,90,HIGH,VIDEO_RECORDING,2025-11-18T12:06:43.630364
2025-11-18 12:06:41.989135,223,264,HandType.Left,0.7145938277244568,-129.55975341796875,138.8198699951172,71.07511138916016,0.7556228637695312,-0.3008619248867035,0.5818214416503906,-18.668546676635742,19.50719451904297,7.583032608032227,0.319894403219223,0.23961208760738373,47.4376106262207,0,0,0,1,0,-73.81774139404297,145.50543212890625,116.17491912841797,-66.26494598388672,158.83929443359375,71.28070831298828,grab,43,2025-11-18T12:06:41.989135,my_hand_data\videos\grab_seq43_20251118_120639_492864.avi,89.48469789295903,360,90,HIGH,VIDEO_RECORDING,2025-11-18T12:06:43.630364
2025-11-18 12:06:41.989135,224,264,HandType.Left,0.71425461769104,-129.73892211914062,139.0377655029297,71.14710235595703,0.755857527256012,-0.3012629747390747,0.5813088417053223,-15.899176597595215,19.335464477539062,6.388237476348877,0.3200520873069763,0.23805610835552216,47.49220275878906,0,0,0,1,0,-73.98368072509766,145.78379821777344,116.22911834716797,-66.40918731689453,159.08145141601562,71.27014923095703,grab,43,2025-11-18T12:06:41.989135,my_hand_data\videos\grab_seq43_20251118_120639_492864.avi,89.48469789295903,360,90,HIGH,VIDEO_RECORDING,2025-11-18T12:06:43.630364
2025-11-18 12:06:42.020778,225,264,HandType.Left,0.7147738337516785,-130.06430053710938,139.3497314453125,71.3392333984375,0.7562699317932129,-0.3017314374446869,0.580528974533081,-13.786585807800293,12.781033515930176,8.898880958557129,0.3197346031665802,0.24030455946922302,47.41009521484375,0,0,0,1,0,-74.26593017578125,146.19102478027344,116.33804321289062,-66.70053100585938,159.4031219482422,71.43901824951172,grab,43,2025-11-18T12:06:42.020778,my_hand_data\videos\grab_seq43_20251118_120639_492864.avi,89.48469789295903,360,90,HIGH,VIDEO_RECORDING,2025-11-18T12:06:43.630364
2025-11-18 12:06:42.020778,226,264,HandType.Left,0.7151341438293457,-130.18370056152344,139.4279327392578,71.4148941040039,0.7564462423324585,-0.3020051419734955,0.5801568031311035,-10.89143180847168,7.13372278213501,6.901573657989502,0.32021692395210266,0.24253970384597778,47.32951736450195,0,0,0,1,0,-74.3779296875,146.34361267089844,116.37987518310547,-66.8211669921875,159.47340393066406,71.5403060913086,grab,43,2025-11-18T12:06:42.020778,my_hand_data\videos\grab_seq43_20251118_120639_492864.avi,89.48469789295903,360,90,HIGH,VIDEO_RECORDING,2025-11-18T12:06:43.630364
2025-11-18 12:06:42.030942,227,264,HandType.Left,0.7151341438293457,-130.18370056152344,139.4279327392578,71.4148941040039,0.7564462423324585,-0.3020051419734955,0.5801568031311035,-10.89143180847168,7.13372278213501,6.901573657989502,0.32021692395210266,0.24253970384597778,47.32951736450195,0,0,0,1,0,-74.3779296875,146.34361267089844,116.37987518310547,-66.8211669921875,159.47340393066406,71.5403060913086,grab,43,2025-11-18T12:06:42.030942,my_hand_data\videos\grab_seq43_20251118_120639_492864.avi,89.48469789295903,360,90,HIGH,VIDEO_RECORDING,2025-11-18T12:06:43.630364
2025-11-18 12:06:42.052724,228,264,HandType.Left,0.7161248326301575,-130.33853149414062,139.50875854492188,71.55060577392578,0.7566342949867249,-0.30284810066223145,0.5794717669487,-6.1986799240112305,2.3320865631103516,5.883274555206299,0.32264772057533264,0.2530757188796997,46.95270538330078,0,0,0,1,0,-74.51583099365234,146.56332397460938,116.46414184570312,-66.98077392578125,159.4266357421875,71.94094848632812,grab,43,2025-11-18T12:06:42.052724,my_hand_data\videos\grab_seq43_20251118_120639_492864.avi,89.48469789295903,360,90,HIGH,VIDEO_RECORDING,2025-11-18T12:06:43.630364
2025-11-18 12:06:42.052724,229,264,HandType.Left,0.7162503004074097,-130.37010192871094,139.54544067382812,71.60714721679688,0.7565768361091614,-0.30349791049957275,0.5792068243026733,-2.8239693641662598,3.2800447940826416,5.056727886199951,0.3242088258266449,0.2593577206134796,46.72670364379883,0,0,0,1,0,-74.5364990234375,146.69752502441406,116.52438354492188,-67.0214614868164,159.37181091308594,72.18172454833984,grab,43,2025-11-18T12:06:42.052724,my_hand_data\videos\grab_seq43_20251118_120639_492864.avi,89.48469789295903,360,90,HIGH,VIDEO_RECORDING,2025-11-18T12:06:43.630364
2025-11-18 12:06:42.064134,230,264,HandType.Left,0.7162503004074097,-130.37010192871094,139.54544067382812,71.60714721679688,0.7565768361091614,-0.30349791049957275,0.5792068243026733,-2.8239693641662598,3.2800447940826416,5.056727886199951,0.3242088258266449,0.2593577206134796,46.72670364379883,0,0,0,1,0,-74.5364990234375,146.69752502441406,116.52438354492188,-67.0214614868164,159.37181091308594,72.18172454833984,grab,43,2025-11-18T12:06:42.064134,my_hand_data\videos\grab_seq43_20251118_120639_492864.avi,89.48469789295903,360,90,HIGH,VIDEO_RECORDING,2025-11-18T12:06:43.630364
2025-11-18 12:06:42.069511,231,264,HandType.Left,0.7165402173995972,-130.37310791015625,139.53427124023438,71.64573669433594,0.7565305829048157,-0.303885281085968,0.5790640711784363,-0.26759105920791626,-0.9963399171829224,3.4414360523223877,0.3264883756637573,0.2671670615673065,46.447357177734375,0,0,0,0,0,-74.52616882324219,146.75767517089844,116.55859375,-67.03396606445312,159.23573303222656,72.45052337646484,grab,43,2025-11-18T12:06:42.069511,my_hand_data\videos\grab_seq43_20251118_120639_492864.avi,89.48469789295903,360,90,HIGH,VIDEO_RECORDING,2025-11-18T12:06:43.630364
2025-11-18 12:06:42.084765,232,264,HandType.Left,0.7162595987319946,-130.37855529785156,139.4905242919922,71.6867904663086,0.7564395070075989,-0.3042604625225067,0.5789860486984253,-0.4878969192504883,-3.9212257862091064,3.6804561614990234,0.3271547257900238,0.27460306882858276,46.18128204345703,0,0,0,0,0,-74.52474212646484,146.77899169921875,116.59272003173828,-67.0343017578125,159.08657836914062,72.71644592285156,grab,43,2025-11-18T12:06:42.084765,my_hand_data\videos\grab_seq43_20251118_120639_492864.avi,89.48469789295903,360,90,HIGH,VIDEO_RECORDING,2025-11-18T12:06:43.630364
2025-11-18 12:06:42.084765,233,264,HandType.Left,0.7162560820579529,-130.39208984375,139.464111328125,71.72994995117188,0.7563269138336182,-0.30493003129959106,0.5787808895111084,-1.2412149906158447,-2.421358585357666,3.9569339752197266,0.32857993245124817,0.28136515617370605,45.93974304199219,0,0,0,0,0,-74.52609252929688,146.75877380371094,116.59384155273438,-67.0584945678711,158.94876098632812,72.93494415283203,grab,43,2025-11-18T12:06:42.084765,my_hand_data\videos\grab_seq43_20251118_120639_492864.avi,89.48469789295903,360,90,HIGH,VIDEO_RECORDING,2025-11-18T12:06:43.630364
2025-11-18 12:06:42.116706,234,264,HandType.Left,0.7165183424949646,-130.55149841308594,139.37464904785156,71.8583755493164,0.7562640309333801,-0.30609455704689026,0.5782480239868164,-9.516449928283691,-4.877721786499023,6.249821662902832,0.3321893513202667,0.2955179214477539,45.43777847290039,0,0,0,0,0,-74.68009185791016,146.6943359375,116.59667205810547,-67.22871398925781,158.65707397460938,73.39989471435547,grab,43,2025-11-18T12:06:42.116706,my_hand_data\videos\grab_seq43_20251118_120639_492864.avi,89.48469789295903,360,90,HIGH,VIDEO_RECORDING,2025-11-18T12:06:43.630364
2025-11-18 12:06:42.116706,235,264,HandType.Left,0.7165183424949646,-130.55149841308594,139.37464904785156,71.8583755493164,0.7562640309333801,-0.30609455704689026,0.5782480239868164,-9.516449928283691,-4.877721786499023,6.249821662902832,0.3321893513202667,0.2955179214477539,45.43777847290039,0,0,0,0,0,-74.68009185791016,146.6943359375,116.59667205810547,-67.22871398925781,158.65707397460938,73.39989471435547,grab,43,2025-11-18T12:06:42.116706,my_hand_data\videos\grab_seq43_20251118_120639_492864.avi,89.48469789295903,360,90,HIGH,VIDEO_RECORDING,2025-11-18T12:06:43.630364
2025-11-18 12:06:42.125967,236,264,HandType.Left,0.7164688110351562,-130.6588134765625,139.3363037109375,71.93299102783203,0.7562248110771179,-0.30674564838409424,0.5779542326927185,-9.777776718139648,-3.4944159984588623,6.7993998527526855,0.3336442708969116,0.30311062932014465,45.16861343383789,0,0,0,0,0,-74.79429626464844,146.72206115722656,116.59632873535156,-67.34710693359375,158.51416015625,73.63484191894531,grab,43,2025-11-18T12:06:42.125967,my_hand_data\videos\grab_seq43_20251118_120639_492864.avi,89.48469789295903,360,90,HIGH,VIDEO_RECORDING,2025-11-18T12:06:43.630364
2025-11-18 12:06:42.148124,237,264,HandType.Left,0.7160301804542542,-130.82810974121094,139.2121124267578,72.01561737060547,0.7561632394790649,-0.3076546788215637,0.577551543712616,-7.989006042480469,-6.536502361297607,3.634150743484497,0.3358277976512909,0.3132475018501282,44.80985641479492,0,0,0,0,0,-75.00904083251953,146.75559997558594,116.59254455566406,-67.56405639648438,158.2550811767578,73.92807006835938,grab,43,2025-11-18T12:06:42.148124,my_hand_data\videos\grab_seq43_20251118_120639_492864.avi,89.48469789295903,360,90,HIGH,VIDEO_RECORDING,2025-11-18T12:06:43.630364
2025-11-18 12:06:42.148124,238,264,HandType.Left,0.7160301804542542,-130.82810974121094,139.2121124267578,72.01561737060547,0.7561632394790649,-0.3076546788215637,0.577551543712616,-7.989006042480469,-6.536502361297607,3.634150743484497,0.3358277976512909,0.3132475018501282,44.80985641479492,0,0,0,0,0,-75.00904083251953,146.75559997558594,116.59254455566406,-67.56405639648438,158.2550811767578,73.92807006835938,grab,43,2025-11-18T12:06:42.148124,my_hand_data\videos\grab_seq43_20251118_120639_492864.avi,89.48469789295903,360,90,HIGH,VIDEO_RECORDING,2025-11-18T12:06:43.630364
2025-11-18 12:06:42.148124,239,264,HandType.Left,0.7158008217811584,-130.91253662109375,139.13873291015625,72.03656768798828,0.7562010884284973,-0.3077827990055084,0.577433705329895,-7.6374101638793945,-6.63830041885376,1.8946585655212402,0.3359943628311157,0.3168223202228546,44.68354034423828,0,0,0,0,0,-75.13348388671875,146.75709533691406,116.58226013183594,-67.68982696533203,158.1592559814453,74.0240478515625,grab,43,2025-11-18T12:06:42.148124,my_hand_data\videos\grab_seq43_20251118_120639_492864.avi,89.48469789295903,360,90,HIGH,VIDEO_RECORDING,2025-11-18T12:06:43.630364
2025-11-18 12:06:42.180423,240,264,HandType.Left,0.7157329320907593,-131.1668243408203,138.95266723632812,72.07879638671875,0.7563466429710388,-0.3074954152107239,0.5773962140083313,-13.159347534179688,-9.105408668518066,1.6802208423614502,0.3355029225349426,0.32158535718917847,44.51469421386719,0,0,0,0,0,-75.4741439819336,146.76776123046875,116.58698272705078,-67.99298095703125,157.97402954101562,74.16046142578125,grab,43,2025-11-18T12:06:42.180423,my_hand_data\videos\grab_seq43_20251118_120639_492864.avi,89.48469789295903,360,90,HIGH,VIDEO_RECORDING,2025-11-18T12:06:43.630364
2025-11-18 12:06:42.180423,241,264,HandType.Left,0.7157329320907593,-131.1668243408203,138.95266723632812,72.07879638671875,0.7563466429710388,-0.3074954152107239,0.5773962140083313,-13.159347534179688,-9.105408668518066,1.6802208423614502,0.3355029225349426,0.32158535718917847,44.51469421386719,0,0,0,0,0,-75.4741439819336,146.76776123046875,116.58698272705078,-67.99298095703125,157.97402954101562,74.16046142578125,grab,43,2025-11-18T12:06:42.180423,my_hand_data\videos\grab_seq43_20251118_120639_492864.avi,89.48469789295903,360,90,HIGH,VIDEO_RECORDING,2025-11-18T12:06:43.630364
2025-11-18 12:06:42.194518,242,264,HandType.Left,0.7158607244491577,-131.28054809570312,138.8453369140625,72.0662841796875,0.7564525604248047,-0.30712902545928955,0.5774524211883545,-9.920648574829102,-9.362222671508789,-1.0911118984222412,0.33511751890182495,0.32389381527900696,44.43254852294922,0,0,0,0,0,-75.62428283691406,146.7629852294922,116.56263732910156,-68.12830352783203,157.88246154785156,74.20205688476562,grab,43,2025-11-18T12:06:42.194518,my_hand_data\videos\grab_seq43_20251118_120639_492864.avi,89.48469789295903,360,90,HIGH,VIDEO_RECORDING,2025-11-18T12:06:43.630364
2025-11-18 12:06:42.212159,243,264,HandType.Left,0.7157115340232849,-131.37643432617188,138.71885681152344,72.05078887939453,0.7565075755119324,-0.306649386882782,0.5776352286338806,-8.919562339782715,-11.76408863067627,-1.4412271976470947,0.3345392048358917,0.3259662687778473,44.35877990722656,0,0,0,0,0,-75.74858093261719,146.72320556640625,116.53731536865234,-68.2526626586914,157.79385375976562,74.24129486083984,grab,43,2025-11-18T12:06:42.212159,my_hand_data\videos\grab_seq43_20251118_120639_492864.avi,89.48469789295903,360,90,HIGH,VIDEO_RECORDING,2025-11-18T12:06:43.630364
2025-11-18 12:06:42.212159,244,264,HandType.Left,0.715286910533905,-131.48028564453125,138.6081085205078,72.03059387207031,0.7565948963165283,-0.3061778247356415,0.577771008014679,-9.276690483093262,-9.894611358642578,-1.8040738105773926,0.33386996388435364,0.32653534412384033,44.33889389038086,0,0,0,0,0,-75.88526153564453,146.67845153808594,116.50392150878906,-68.37195587158203,157.75192260742188,74.23258209228516,grab,43,2025-11-18T12:06:42.212159,my_hand_data\videos\grab_seq43_20251118_120639_492864.avi,89.48469789295903,360,90,HIGH,VIDEO_RECORDING,2025-11-18T12:06:43.630364
2025-11-18 12:06:42.228273,245,264,HandType.Left,0.715050995349884,-131.5901641845703,138.4864959716797,72.00220489501953,0.7566575407981873,-0.3055477440357208,0.5780224204063416,-10.163331031799316,-11.248137474060059,-2.626192808151245,0.332790732383728,0.3266132175922394,44.33454895019531,0,0,0,0,0,-76.02629089355469,146.67465209960938,116.47379302978516,-68.48224639892578,157.71188354492188,74.20301055908203,grab,43,2025-11-18T12:06:42.228273,my_hand_data\videos\grab_seq43_20251118_120639_492864.avi,89.48469789295903,360,90,HIGH,VIDEO_RECORDING,2025-11-18T12:06:43.630364
2025-11-18 12:06:42.244282,246,264,HandType.Left,0.7144132852554321,-131.68405151367188,138.36871337890625,71.97074890136719,0.7567722797393799,-0.3046633303165436,0.5783390402793884,-8.232441902160645,-10.327693939208984,-2.757906198501587,0.3316049575805664,0.3265589773654938,44.33426284790039,0,0,0,0,0,-76.16425323486328,146.6453857421875,116.43653869628906,-68.59598541259766,157.66961669921875,74.1669921875,grab,43,2025-11-18T12:06:42.244282,my_hand_data\videos\grab_seq43_20251118_120639_492864.avi,89.48469789295903,360,90,HIGH,VIDEO_RECORDING,2025-11-18T12:06:43.630364
2025-11-18 12:06:42.249629,247,264,HandType.Left,0.7140033841133118,-131.80133056640625,138.29588317871094,71.96566772460938,0.7569835782051086,-0.3039917051792145,0.5784158706665039,-10.533807754516602,-6.541812896728516,-0.45643144845962524,0.32977980375289917,0.32708945870399475,44.314083099365234,0,0,0,0,0,-76.3250732421875,146.62396240234375,116.38494110107422,-68.72269439697266,157.65049743652344,74.1432876586914,grab,43,2025-11-18T12:06:42.249629,my_hand_data\videos\grab_seq43_20251118_120639_492864.avi,89.48469789295903,360,90,HIGH,VIDEO_RECORDING,2025-11-18T12:06:43.630364
2025-11-18 12:06:42.260282,248,264,HandType.Left,0.7141249775886536,-131.89620971679688,138.2618408203125,71.96434020996094,0.7572863698005676,-0.30324840545654297,0.5784096717834473,-8.75687026977539,-3.140725612640381,-0.12271369248628616,0.32839062809944153,0.3264303505420685,44.335723876953125,0,0,0,0,0,-76.4459228515625,146.66134643554688,116.35118103027344,-68.82295227050781,157.6711883544922,74.086181640625,grab,43,2025-11-18T12:06:42.260282,my_hand_data\videos\grab_seq43_20251118_120639_492864.avi,89.48469789295903,360,90,HIGH,VIDEO_RECORDING,2025-11-18T12:06:43.630364
2025-11-18 12:06:42.276341,249,264,HandType.Left,0.7139759659767151,-131.9670867919922,138.23764038085938,71.95140075683594,0.7576672434806824,-0.302530437707901,0.5782868266105652,-6.333316326141357,-2.1628994941711426,-1.1561229228973389,0.32643333077430725,0.3261285424232483,44.34365463256836,0,0,0,0,0,-76.55265045166016,146.75389099121094,116.33219146728516,-68.90016174316406,157.6735382080078,74.04081726074219,grab,43,2025-11-18T12:06:42.276341,my_hand_data\videos\grab_seq43_20251118_120639_492864.avi,89.48469789295903,360,90,HIGH,VIDEO_RECORDING,2025-11-18T12:06:43.630364
2025-11-18 12:06:42.276341,250,264,HandType.Left,0.7135237455368042,-132.04800415039062,138.24905395507812,71.9729232788086,0.7579847574234009,-0.3019659221172333,0.5781657695770264,-7.081386566162109,0.9979041814804077,1.8833056688308716,0.3244176208972931,0.3252752721309662,44.37336730957031,0,0,0,0,0,-76.6580810546875,146.82028198242188,116.33773040771484,-68.9870376586914,157.71002197265625,74.01085662841797,grab,43,2025-11-18T12:06:42.276341,my_hand_data\videos\grab_seq43_20251118_120639_492864.avi,89.48469789295903,360,90,HIGH,VIDEO_RECORDING,2025-11-18T12:06:43.630364
2025-11-18 12:06:42.308233,251,264,HandType.Left,0.713070273399353,-132.29708862304688,138.388671875,72.09636688232422,0.7585081458091736,-0.3013977110385895,0.5777757167816162,-11.893028259277344,8.21802043914795,6.551522731781006,0.31908029317855835,0.32157468795776367,44.50731658935547,0,0,0,0,0,-76.92759704589844,147.05491638183594,116.39945983886719,-69.18293762207031,157.94190979003906,73.94483947753906,grab,43,2025-11-18T12:06:42.308233,my_hand_data\videos\grab_seq43_20251118_120639_492864.avi,89.48469789295903,360,90,HIGH,VIDEO_RECORDING,2025-11-18T12:06:43.630364
2025-11-18 12:06:42.312253,252,264,HandType.Left,0.713070273399353,-132.29708862304688,138.388671875,72.09636688232422,0.7585081458091736,-0.3013977110385895,0.5777757167816162,-11.893028259277344,8.21802043914795,6.551522731781006,0.31908029317855835,0.32157468795776367,44.50731658935547,0,0,0,0,0,-76.92759704589844,147.05491638183594,116.39945983886719,-69.18293762207031,157.94190979003906,73.94483947753906,grab,43,2025-11-18T12:06:42.312253,my_hand_data\videos\grab_seq43_20251118_120639_492864.avi,89.48469789295903,360,90,HIGH,VIDEO_RECORDING,2025-11-18T12:06:43.630364
2025-11-18 12:06:42.314266,253,264,HandType.Left,0.7131200432777405,-132.4289093017578,138.51708984375,72.17312622070312,0.7588140368461609,-0.3013307452201843,0.5774089097976685,-12.442011833190918,12.120590209960938,7.245052337646484,0.31607362627983093,0.3190632462501526,44.59754180908203,0,0,0,0,0,-77.0650634765625,147.2690887451172,116.44915771484375,-69.27207946777344,158.12100219726562,73.89981842041016,grab,43,2025-11-18T12:06:42.314266,my_hand_data\videos\grab_seq43_20251118_120639_492864.avi,89.48469789295903,360,90,HIGH,VIDEO_RECORDING,2025-11-18T12:06:43.630364
2025-11-18 12:06:42.324186,254,264,HandType.Left,0.7131786346435547,-132.52503967285156,138.60877990722656,72.21135711669922,0.759026288986206,-0.3009604513645172,0.5773230195045471,-8.666718482971191,8.26688003540039,3.4469711780548096,0.3134410083293915,0.3166647255420685,44.6824951171875,0,0,0,0,0,-77.16680145263672,147.42344665527344,116.466796875,-69.33863830566406,158.2745819091797,73.83467102050781,grab,43,2025-11-18T12:06:42.324186,my_hand_data\videos\grab_seq43_20251118_120639_492864.avi,89.48469789295903,360,90,HIGH,VIDEO_RECORDING,2025-11-18T12:06:43.630364
2025-11-18 12:06:42.339944,255,264,HandType.Left,0.713381826877594,-132.61480712890625,138.66433715820312,72.244873046875,0.7592880725860596,-0.3002217411994934,0.5773634314537048,-8.04699420928955,4.97992467880249,3.00398588180542,0.31174933910369873,0.31467878818511963,44.75294494628906,0,0,0,1,0,-77.25354766845703,147.52455139160156,116.44336700439453,-69.40840911865234,158.40760803222656,73.74864959716797,grab,43,2025-11-18T12:06:42.339944,my_hand_data\videos\grab_seq43_20251118_120639_492864.avi,89.48469789295903,360,90,HIGH,VIDEO_RECORDING,2025-11-18T12:06:43.630364
2025-11-18 12:06:42.355977,256,264,HandType.Left,0.7132217288017273,-132.69036865234375,138.77670288085938,72.29714965820312,0.7595577239990234,-0.2996830344200134,0.5772885680198669,-6.803128242492676,10.11769962310791,4.707470893859863,0.30984172224998474,0.31187036633491516,44.85173034667969,0,0,0,1,0,-77.33304595947266,147.69082641601562,116.47599792480469,-69.47042083740234,158.60491943359375,73.68885803222656,grab,43,2025-11-18T12:06:42.355977,my_hand_data\videos\grab_seq43_20251118_120639_492864.avi,89.48469789295903,360,90,HIGH,VIDEO_RECORDING,2025-11-18T12:06:43.630364
2025-11-18 12:06:42.360007,257,264,HandType.Left,0.7130424976348877,-132.76010131835938,138.9196319580078,72.38036346435547,0.7597189545631409,-0.2992784082889557,0.5772863626480103,-6.1146345138549805,12.533554077148438,7.297021865844727,0.30814340710639954,0.3109704256057739,44.88432312011719,0,0,0,1,0,-77.39222717285156,147.85369873046875,116.50918579101562,-69.52640533447266,158.79627990722656,73.69573974609375,grab,43,2025-11-18T12:06:42.360007,my_hand_data\videos\grab_seq43_20251118_120639_492864.avi,89.48469789295903,360,90,HIGH,VIDEO_RECORDING,2025-11-18T12:06:43.630364
2025-11-18 12:06:42.372129,258,264,HandType.Left,0.7130482792854309,-132.7830047607422,139.07192993164062,72.45061492919922,0.7598029375076294,-0.29889553785324097,0.5773742198944092,-2.1156201362609863,14.063740730285645,6.48722505569458,0.3070967197418213,0.309527188539505,44.934814453125,0,0,0,1,0,-77.43203735351562,148.05364990234375,116.57694244384766,-69.54781341552734,159.00933837890625,73.71729278564453,grab,43,2025-11-18T12:06:42.372129,my_hand_data\videos\grab_seq43_20251118_120639_492864.avi,89.48469789295903,360,90,HIGH,VIDEO_RECORDING,2025-11-18T12:06:43.630364
2025-11-18 12:06:42.388041,259,264,HandType.Left,0.7131046652793884,-132.7838134765625,139.19105529785156,72.51298522949219,0.7598946690559387,-0.298578143119812,0.5774176716804504,-0.07351019233465195,10.825934410095215,5.667809963226318,0.30595487356185913,0.3093140721321106,44.94127655029297,0,0,0,1,0,-77.46044921875,148.23751831054688,116.63311767578125,-69.55091857910156,159.15003967285156,73.76034545898438,grab,43,2025-11-18T12:06:42.388041,my_hand_data\videos\grab_seq43_20251118_120639_492864.avi,89.48469789295903,360,90,HIGH,VIDEO_RECORDING,2025-11-18T12:06:43.630364
2025-11-18 12:06:42.404290,260,264,HandType.Left,0.7137860655784607,-132.80233764648438,139.3953399658203,72.65816497802734,0.7600387334823608,-0.2981294095516205,0.577459990978241,-1.2570825815200806,10.337044715881348,5.626131057739258,0.3065510094165802,0.3084700107574463,44.96902847290039,0,0,0,1,0,-77.5249252319336,148.6327362060547,116.75784301757812,-69.5703353881836,159.39431762695312,73.8261947631836,grab,43,2025-11-18T12:06:42.404290,my_hand_data\videos\grab_seq43_20251118_120639_492864.avi,89.48469789295903,360,90,HIGH,VIDEO_RECORDING,2025-11-18T12:06:43.630364
2025-11-18 12:06:42.406310,261,264,HandType.Left,0.7137860655784607,-132.80233764648438,139.3953399658203,72.65816497802734,0.7600387334823608,-0.2981294095516205,0.577459990978241,-1.2570825815200806,10.337044715881348,5.626131057739258,0.3065510094165802,0.3084700107574463,44.96902847290039,0,0,0,1,0,-77.5249252319336,148.6327362060547,116.75784301757812,-69.5703353881836,159.39431762695312,73.8261947631836,grab,43,2025-11-18T12:06:42.406310,my_hand_data\videos\grab_seq43_20251118_120639_492864.avi,89.48469789295903,360,90,HIGH,VIDEO_RECORDING,2025-11-18T12:06:43.630364
2025-11-18 12:06:42.420324,262,264,HandType.Left,0.7139021754264832,-132.8511505126953,139.53163146972656,72.74028778076172,0.7602134943008423,-0.297749787569046,0.5774257183074951,-4.202005386352539,11.7341890335083,7.0700836181640625,0.30632829666137695,0.30852043628692627,44.96642303466797,0,0,0,1,0,-77.58460998535156,148.877197265625,116.82776641845703,-69.61746978759766,159.56455993652344,73.88263702392578,grab,43,2025-11-18T12:06:42.420324,my_hand_data\videos\grab_seq43_20251118_120639_492864.avi,89.48469789295903,360,90,HIGH,VIDEO_RECORDING,2025-11-18T12:06:43.630364
2025-11-18 12:06:42.436358,263,264,HandType.Left,0.7144040465354919,-132.95164489746094,139.77444458007812,72.87683868408203,0.7605193257331848,-0.2972347140312195,0.5772883892059326,-4.0424485206604,10.02557373046875,5.4395856857299805,0.3051415681838989,0.30926960706710815,44.939640045166016,0,0,0,1,0,-77.66108703613281,149.26223754882812,116.88076782226562,-69.7143325805664,159.8576202392578,73.93710327148438,grab,43,2025-11-18T12:06:42.436358,my_hand_data\videos\grab_seq43_20251118_120639_492864.avi,89.48469789295903,360,90,HIGH,VIDEO_RECORDING,2025-11-18T12:06:43.630364
2025-11-18 12:06:42.436358,264,264,HandType.Left,0.7144040465354919,-132.95164489746094,139.77444458007812,72.87683868408203,0.7605193257331848,-0.2972347140312195,0.5772883892059326,-4.0424485206604,10.02557373046875,5.4395856857299805,0.3051415681838989,0.30926960706710815,44.939640045166016,0,0,0,1,0,-77.66108703613281,149.26223754882812,116.88076782226562,-69.7143325805664,159.8576202392578,73.93710327148438,grab,43,2025-11-18T12:06:42.436358,my_hand_data\videos\grab_seq43_20251118_120639_492864.avi,89.48469789295903,360,90,HIGH,VIDEO_RECORDING,2025-11-18T12:06:43.630364
2025-11-18 12:06:42.436358,265,264,HandType.Left,0.7145894765853882,-133.01219177246094,139.8617401123047,72.9338607788086,0.7606672048568726,-0.29688775539398193,0.5772721171379089,-5.400803565979004,7.786964416503906,5.086972236633301,0.30403798818588257,0.30915164947509766,44.9439582824707,0,0,0,1,0,-77.70441436767578,149.4635772705078,116.89295959472656,-69.77204132080078,159.97886657714844,73.92243957519531,grab,43,2025-11-18T12:06:42.436358,my_hand_data\videos\grab_seq43_20251118_120639_492864.avi,89.48469789295903,360,90,HIGH,VIDEO_RECORDING,2025-11-18T12:06:43.630364
2025-11-18 12:06:42.468423,266,264,HandType.Left,0.7153029441833496,-133.1347198486328,139.9888916015625,73.00909423828125,0.7608642578125,-0.29636818170547485,0.5772794485092163,-5.752081394195557,4.393749237060547,2.638000965118408,0.3034166097640991,0.3108372688293457,44.88372802734375,0,0,0,1,0,-77.78589630126953,149.8079376220703,116.89881896972656,-69.89746856689453,160.1273193359375,73.9356689453125,grab,43,2025-11-18T12:06:42.468423,my_hand_data\videos\grab_seq43_20251118_120639_492864.avi,89.48469789295903,360,90,HIGH,VIDEO_RECORDING,2025-11-18T12:06:43.630364
2025-11-18 12:06:42.472931,267,264,HandType.Left,0.7153029441833496,-133.1347198486328,139.9888916015625,73.00909423828125,0.7608642578125,-0.29636818170547485,0.5772794485092163,-5.752081394195557,4.393749237060547,2.638000965118408,0.3034166097640991,0.3108372688293457,44.88372802734375,0,0,0,1,0,-77.78589630126953,149.8079376220703,116.89881896972656,-69.89746856689453,160.1273193359375,73.9356689453125,grab,43,2025-11-18T12:06:42.472931,my_hand_data\videos\grab_seq43_20251118_120639_492864.avi,89.48469789295903,360,90,HIGH,VIDEO_RECORDING,2025-11-18T12:06:43.630364
2025-11-18 12:06:42.484247,268,264,HandType.Left,0.7153800129890442,-133.21571350097656,140.06727600097656,73.05091094970703,0.760959267616272,-0.29621294140815735,0.5772337913513184,-7.294155597686768,7.058503150939941,3.765305519104004,0.3027506172657013,0.3108731210231781,44.882118225097656,0,0,0,1,0,-77.85220336914062,149.99237060546875,116.93779754638672,-69.98015594482422,160.21795654296875,73.9509048461914,grab,43,2025-11-18T12:06:42.484247,my_hand_data\videos\grab_seq43_20251118_120639_492864.avi,89.48469789295903,360,90,HIGH,VIDEO_RECORDING,2025-11-18T12:06:43.630364
2025-11-18 12:06:42.499958,269,264,HandType.Left,0.7153728604316711,-133.2978515625,140.1395721435547,73.09724426269531,0.7610906362533569,-0.2960369288921356,0.5771508812904358,-7.349212169647217,6.467505931854248,4.14560604095459,0.3021690249443054,0.3108518719673157,44.882381439208984,0,0,0,1,0,-77.92395782470703,150.17039489746094,116.97925567626953,-70.06510162353516,160.30947875976562,73.96919250488281,grab,43,2025-11-18T12:06:42.499958,my_hand_data\videos\grab_seq43_20251118_120639_492864.avi,89.48469789295903,360,90,HIGH,VIDEO_RECORDING,2025-11-18T12:06:43.630364
2025-11-18 12:06:42.504157,270,264,HandType.Left,0.7154698371887207,-133.372802734375,140.19564819335938,73.14550018310547,0.7611791491508484,-0.29604318737983704,0.5770309567451477,-6.973862648010254,5.218273162841797,4.4909281730651855,0.30242598056793213,0.3110772371292114,44.87348175048828,0,0,0,1,0,-78.00059509277344,150.32310485839844,117.03143310546875,-70.14266204833984,160.36680603027344,74.00811004638672,grab,43,2025-11-18T12:06:42.504157,my_hand_data\videos\grab_seq43_20251118_120639_492864.avi,89.48469789295903,360,90,HIGH,VIDEO_RECORDING,2025-11-18T12:06:43.630364
2025-11-18 12:06:42.531564,271,264,HandType.Left,0.7159522175788879,-133.50106811523438,140.27684020996094,73.24676513671875,0.7613041996955872,-0.29601025581359863,0.5768828988075256,-5.5142059326171875,2.9597373008728027,4.260444164276123,0.30283838510513306,0.3114583492279053,44.85889434814453,0,0,0,1,0,-78.14712524414062,150.52464294433594,117.1292495727539,-70.27159881591797,160.45294189453125,74.09757232666016,grab,43,2025-11-18T12:06:42.531564,my_hand_data\videos\grab_seq43_20251118_120639_492864.avi,89.48469789295903,360,90,HIGH,VIDEO_RECORDING,2025-11-18T12:06:43.630364
2025-11-18 12:06:42.531564,272,264,HandType.Left,0.7160723805427551,-133.57376098632812,140.29440307617188,73.29261016845703,0.7614309787750244,-0.2957596182823181,0.5768440961837769,-6.554085731506348,1.5833263397216797,4.133907318115234,0.30296605825424194,0.31194007396698,44.84130859375,0,0,0,1,0,-78.23357391357422,150.5795440673828,117.16057586669922,-70.35404968261719,160.48899841308594,74.14361572265625,grab,43,2025-11-18T12:06:42.531564,my_hand_data\videos\grab_seq43_20251118_120639_492864.avi,89.48469789295903,360,90,HIGH,VIDEO_RECORDING,2025-11-18T12:06:43.630364
2025-11-18 12:06:42.531564,273,264,HandType.Left,0.7160723805427551,-133.57376098632812,140.29440307617188,73.29261016845703,0.7614309787750244,-0.2957596182823181,0.5768440961837769,-6.554085731506348,1.5833263397216797,4.133907318115234,0.30296605825424194,0.31194007396698,44.84130859375,0,0,0,1,0,-78.23357391357422,150.5795440673828,117.16057586669922,-70.35404968261719,160.48899841308594,74.14361572265625,grab,43,2025-11-18T12:06:42.531564,my_hand_data\videos\grab_seq43_20251118_120639_492864.avi,89.48469789295903,360,90,HIGH,VIDEO_RECORDING,2025-11-18T12:06:43.630364
2025-11-18 12:06:42.563226,274,264,HandType.Left,0.7159773707389832,-133.7318572998047,140.28732299804688,73.36369323730469,0.7617005109786987,-0.29527512192726135,0.5767364501953125,-7.483214855194092,-0.9494935274124146,2.8279058933258057,0.3030664026737213,0.31402862071990967,44.766807556152344,0,0,0,1,0,-78.4275894165039,150.62686157226562,117.15727996826172,-70.55197143554688,160.51234436035156,74.21174621582031,grab,43,2025-11-18T12:06:42.563226,my_hand_data\videos\grab_seq43_20251118_120639_492864.avi,89.48469789295903,360,90,HIGH,VIDEO_RECORDING,2025-11-18T12:06:43.630364
2025-11-18 12:06:42.565734,275,264,HandType.Left,0.7159773707389832,-133.7318572998047,140.28732299804688,73.36369323730469,0.7617005109786987,-0.29527512192726135,0.5767364501953125,-7.483214855194092,-0.9494935274124146,2.8279058933258057,0.3030664026737213,0.31402862071990967,44.766807556152344,0,0,0,1,0,-78.4275894165039,150.62686157226562,117.15727996826172,-70.55197143554688,160.51234436035156,74.21174621582031,grab,43,2025-11-18T12:06:42.565734,my_hand_data\videos\grab_seq43_20251118_120639_492864.avi,89.48469789295903,360,90,HIGH,VIDEO_RECORDING,2025-11-18T12:06:43.630364
2025-11-18 12:06:42.573392,276,264,HandType.Left,0.7161074876785278,-133.83802795410156,140.26470947265625,73.3988037109375,0.7617775201797485,-0.29506978392601013,0.5767397880554199,-9.43213176727295,-2.0091426372528076,3.1184804439544678,0.3031192123889923,0.315159410238266,44.725921630859375,0,0,0,1,0,-78.61280822753906,150.61129760742188,117.1378173828125,-70.67594146728516,160.50730895996094,74.24861907958984,grab,43,2025-11-18T12:06:42.573392,my_hand_data\videos\grab_seq43_20251118_120639_492864.avi,89.48469789295903,360,90,HIGH,VIDEO_RECORDING,2025-11-18T12:06:43.630364
2025-11-18 12:06:42.595044,277,264,HandType.Left,0.7169493436813354,-134.00608825683594,140.22174072265625,73.44733428955078,0.761801540851593,-0.2949756979942322,0.5767561793327332,-7.063079833984375,-1.896028757095337,2.017528772354126,0.3032001852989197,0.31695812940597534,44.66118240356445,0,0,0,1,0,-78.95966339111328,150.66989135742188,117.09640502929688,-70.86841583251953,160.47689819335938,74.28314208984375,grab,43,2025-11-18T12:06:42.595044,my_hand_data\videos\grab_seq43_20251118_120639_492864.avi,89.48469789295903,360,90,HIGH,VIDEO_RECORDING,2025-11-18T12:06:43.630364
2025-11-18 12:06:42.597700,278,264,HandType.Left,0.7169493436813354,-134.00608825683594,140.22174072265625,73.44733428955078,0.761801540851593,-0.2949756979942322,0.5767561793327332,-7.063079833984375,-1.896028757095337,2.017528772354126,0.3032001852989197,0.31695812940597534,44.66118240356445,0,0,0,1,0,-78.95966339111328,150.66989135742188,117.09640502929688,-70.86841583251953,160.47689819335938,74.28314208984375,grab,43,2025-11-18T12:06:42.597700,my_hand_data\videos\grab_seq43_20251118_120639_492864.avi,89.48469789295903,360,90,HIGH,VIDEO_RECORDING,2025-11-18T12:06:43.630364
2025-11-18 12:06:42.597700,279,264,HandType.Left,0.7169829607009888,-134.10116577148438,140.2277069091797,73.4764404296875,0.7617794275283813,-0.29483574628829956,0.5768570303916931,-8.51082706451416,0.5345839858055115,2.6056385040283203,0.302683025598526,0.3176797926425934,44.635562896728516,0,0,0,1,0,-79.13630676269531,150.7505340576172,117.08289337158203,-70.97550964355469,160.49853515625,74.29608154296875,grab,43,2025-11-18T12:06:42.597700,my_hand_data\videos\grab_seq43_20251118_120639_492864.avi,89.48469789295903,360,90,HIGH,VIDEO_RECORDING,2025-11-18T12:06:43.630364
2025-11-18 12:06:42.626921,280,264,HandType.Left,0.7173817157745361,-134.28530883789062,140.197509765625,73.47406768798828,0.7616850137710571,-0.29399344325065613,0.5774112343788147,-8.988736152648926,-0.7023586630821228,-0.48780468106269836,0.3015947937965393,0.3179890215396881,44.62330627441406,0,0,0,1,0,-79.46661376953125,150.88690185546875,117.07050323486328,-71.19734954833984,160.52052307128906,74.29139709472656,grab,43,2025-11-18T12:06:42.626921,my_hand_data\videos\grab_seq43_20251118_120639_492864.avi,89.48469789295903,360,90,HIGH,VIDEO_RECORDING,2025-11-18T12:06:43.630364
2025-11-18 12:06:42.626921,281,264,HandType.Left,0.7173817157745361,-134.28530883789062,140.197509765625,73.47406768798828,0.7616850137710571,-0.29399344325065613,0.5774112343788147,-8.988736152648926,-0.7023586630821228,-0.48780468106269836,0.3015947937965393,0.3179890215396881,44.62330627441406,0,0,0,1,0,-79.46661376953125,150.88690185546875,117.07050323486328,-71.19734954833984,160.52052307128906,74.29139709472656,grab,43,2025-11-18T12:06:42.626921,my_hand_data\videos\grab_seq43_20251118_120639_492864.avi,89.48469789295903,360,90,HIGH,VIDEO_RECORDING,2025-11-18T12:06:43.630364
2025-11-18 12:06:42.639585,282,264,HandType.Left,0.7176297307014465,-134.41969299316406,140.20068359375,73.49330139160156,0.7617501616477966,-0.2935483753681183,0.5775517821311951,-11.762934684753418,0.2776130437850952,1.6834003925323486,0.30161017179489136,0.3183211088180542,44.61104965209961,0,0,0,1,0,-79.6453857421875,150.97938537597656,117.08808135986328,-71.34947967529297,160.5296630859375,74.3082275390625,grab,43,2025-11-18T12:06:42.639585,my_hand_data\videos\grab_seq43_20251118_120639_492864.avi,89.48469789295903,360,90,HIGH,VIDEO_RECORDING,2025-11-18T12:06:43.630364
2025-11-18 12:06:42.658490,283,264,HandType.Left,0.7180700302124023,-134.690673828125,140.2423095703125,73.55752563476562,0.7618788480758667,-0.2927952706813812,0.5777643322944641,-12.356023788452148,1.9858373403549194,3.0687859058380127,0.3011118173599243,0.31908097863197327,44.58365249633789,0,0,0,1,0,-80.04721069335938,151.1453857421875,117.17029571533203,-71.66747283935547,160.57423400878906,74.40840911865234,grab,43,2025-11-18T12:06:42.658490,my_hand_data\videos\grab_seq43_20251118_120639_492864.avi,89.48469789295903,360,90,HIGH,VIDEO_RECORDING,2025-11-18T12:06:43.630364
2025-11-18 12:06:42.658490,284,264,HandType.Left,0.7180700302124023,-134.690673828125,140.2423095703125,73.55752563476562,0.7618788480758667,-0.2927952706813812,0.5777643322944641,-12.356023788452148,1.9858373403549194,3.0687859058380127,0.3011118173599243,0.31908097863197327,44.58365249633789,0,0,0,1,0,-80.04721069335938,151.1453857421875,117.17029571533203,-71.66747283935547,160.57423400878906,74.40840911865234,grab,43,2025-11-18T12:06:42.658490,my_hand_data\videos\grab_seq43_20251118_120639_492864.avi,89.48469789295903,360,90,HIGH,VIDEO_RECORDING,2025-11-18T12:06:43.630364
2025-11-18 12:06:42.674434,285,264,HandType.Left,0.7183919548988342,-134.83042907714844,140.25778198242188,73.58551025390625,0.7619478106498718,-0.2923714518547058,0.5778879523277283,-12.758923530578613,1.413063406944275,2.554455280303955,0.3013725280761719,0.31931549310684204,44.574806213378906,0,0,0,1,0,-80.28570556640625,151.2385711669922,117.21099853515625,-71.83750915527344,160.59474182128906,74.45584106445312,grab,43,2025-11-18T12:06:42.674434,my_hand_data\videos\grab_seq43_20251118_120639_492864.avi,89.48469789295903,360,90,HIGH,VIDEO_RECORDING,2025-11-18T12:06:43.630364
2025-11-18 12:06:42.690473,286,264,HandType.Left,0.718613862991333,-135.09375,140.27056884765625,73.6230239868164,0.7620239853858948,-0.29138240218162537,0.5782869458198547,-11.756998062133789,-0.6319202780723572,0.9398018717765808,0.30090653896331787,0.3199028968811035,44.552955627441406,0,0,0,1,0,-80.68770599365234,151.34735107421875,117.24256134033203,-72.13243103027344,160.61805725097656,74.51286315917969,grab,43,2025-11-18T12:06:42.690473,my_hand_data\videos\grab_seq43_20251118_120639_492864.avi,89.48469789295903,360,90,HIGH,VIDEO_RECORDING,2025-11-18T12:06:43.630364
2025-11-18 12:06:42.694699,287,264,HandType.Left,0.718613862991333,-135.09375,140.27056884765625,73.6230239868164,0.7620239853858948,-0.29138240218162537,0.5782869458198547,-11.756998062133789,-0.6319202780723572,0.9398018717765808,0.30090653896331787,0.3199028968811035,44.552955627441406,0,0,0,1,0,-80.68770599365234,151.34735107421875,117.24256134033203,-72.13243103027344,160.61805725097656,74.51286315917969,grab,43,2025-11-18T12:06:42.694699,my_hand_data\videos\grab_seq43_20251118_120639_492864.avi,89.48469789295903,360,90,HIGH,VIDEO_RECORDING,2025-11-18T12:06:43.630364
2025-11-18 12:06:42.706197,288,264,HandType.Left,0.7185678482055664,-135.2184295654297,140.2786865234375,73.60773468017578,0.7620371580123901,-0.2909020483493805,0.5785113573074341,-11.34313678741455,0.7388008236885071,-1.3910630941390991,0.30053532123565674,0.3202175498008728,44.54130172729492,0,0,0,1,0,-80.88921356201172,151.39370727539062,117.21934509277344,-72.27406311035156,160.6352996826172,74.50752258300781,grab,43,2025-11-18T12:06:42.706197,my_hand_data\videos\grab_seq43_20251118_120639_492864.avi,89.48469789295903,360,90,HIGH,VIDEO_RECORDING,2025-11-18T12:06:43.630364
2025-11-18 12:06:42.722120,289,264,HandType.Left,0.7186505794525146,-135.33267211914062,140.2760772705078,73.58818054199219,0.7620500326156616,-0.29045844078063965,0.5787172913551331,-10.574225425720215,-0.24179698526859283,-1.810110330581665,0.300266832113266,0.3208671808242798,44.51726150512695,0,0,0,1,0,-81.03089141845703,151.41409301757812,117.17298126220703,-72.4010009765625,160.6600799560547,74.49015808105469,grab,43,2025-11-18T12:06:42.722120,my_hand_data\videos\grab_seq43_20251118_120639_492864.avi,89.48469789295903,360,90,HIGH,VIDEO_RECORDING,2025-11-18T12:06:43.630364
2025-11-18 12:06:42.722120,290,264,HandType.Left,0.7188743352890015,-135.4445037841797,140.2581024169922,73.56884765625,0.7620929479598999,-0.2902258038520813,0.5787774324417114,-9.829673767089844,-1.5798017978668213,-1.6988860368728638,0.30031460523605347,0.32126176357269287,44.50254821777344,0,0,0,1,0,-81.2151107788086,151.5417022705078,117.1419448852539,-72.5167465209961,160.65919494628906,74.46072387695312,grab,43,2025-11-18T12:06:42.722120,my_hand_data\videos\grab_seq43_20251118_120639_492864.avi,89.48469789295903,360,90,HIGH,VIDEO_RECORDING,2025-11-18T12:06:43.630364
2025-11-18 12:06:42.738138,291,264,HandType.Left,0.7190707921981812,-135.57102966308594,140.24578857421875,73.5386734008789,0.7621588706970215,-0.28971415758132935,0.5789469480514526,-11.421998977661133,-1.1117140054702759,-2.724327564239502,0.30024129152297974,0.32192176580429077,44.477622985839844,0,0,0,1,0,-81.45377349853516,151.6555938720703,117.11189270019531,-72.66917419433594,160.65621948242188,74.44951629638672,grab,43,2025-11-18T12:06:42.738138,my_hand_data\videos\grab_seq43_20251118_120639_492864.avi,89.48469789295903,360,90,HIGH,VIDEO_RECORDING,2025-11-18T12:06:43.630364
2025-11-18 12:06:42.754310,292,264,HandType.Left,0.7192290425300598,-135.71273803710938,140.2220458984375,73.49478149414062,0.7622645497322083,-0.28879308700561523,0.5792679190635681,-12.866190910339355,-2.155507802963257,-3.984642505645752,0.3000814914703369,0.3225114643573761,44.454994201660156,0,0,0,1,0,-81.67144012451172,151.70555114746094,117.06919860839844,-72.8443832397461,160.67340087890625,74.4322738647461,grab,43,2025-11-18T12:06:42.754310,my_hand_data\videos\grab_seq43_20251118_120639_492864.avi,89.48469789295903,360,90,HIGH,VIDEO_RECORDING,2025-11-18T12:06:43.630364
2025-11-18 12:06:42.770393,293,264,HandType.Left,0.7193841934204102,-136.1000213623047,140.19676208496094,73.40674591064453,0.7624763250350952,-0.28719738125801086,0.5797823071479797,-18.51409912109375,-0.8537720441818237,-2.8066694736480713,0.30013811588287354,0.32600685954093933,44.32868194580078,0,0,0,1,0,-82.14714050292969,151.8448944091797,116.9902114868164,-73.2521743774414,160.68475341796875,74.47235107421875,grab,43,2025-11-18T12:06:42.770393,my_hand_data\videos\grab_seq43_20251118_120639_492864.avi,89.48469789295903,360,90,HIGH,VIDEO_RECORDING,2025-11-18T12:06:43.630364
2025-11-18 12:06:42.770393,294,264,HandType.Left,0.7193841934204102,-136.1000213623047,140.19676208496094,73.40674591064453,0.7624763250350952,-0.28719738125801086,0.5797823071479797,-18.51409912109375,-0.8537720441818237,-2.8066694736480713,0.30013811588287354,0.32600685954093933,44.32868194580078,0,0,0,1,0,-82.14714050292969,151.8448944091797,116.9902114868164,-73.2521743774414,160.68475341796875,74.47235107421875,grab,43,2025-11-18T12:06:42.770393,my_hand_data\videos\grab_seq43_20251118_120639_492864.avi,89.48469789295903,360,90,HIGH,VIDEO_RECORDING,2025-11-18T12:06:43.630364
2025-11-18 12:06:42.786364,295,264,HandType.Left,0.7192934155464172,-136.3031768798828,140.1799774169922,73.39900207519531,0.7625259160995483,-0.2865859866142273,0.5800195336341858,-18.4969425201416,-1.5284221172332764,-0.704887330532074,0.3000072240829468,0.3269082307815552,44.296607971191406,0,0,0,1,0,-82.38972473144531,151.90940856933594,116.9801025390625,-73.45540618896484,160.66473388671875,74.48643493652344,grab,43,2025-11-18T12:06:42.786364,my_hand_data\videos\grab_seq43_20251118_120639_492864.avi,89.48469789295903,360,90,HIGH,VIDEO_RECORDING,2025-11-18T12:06:43.630364
2025-11-18 12:06:42.802403,296,264,HandType.Left,0.7189152240753174,-136.51429748535156,140.14053344726562,73.4051742553711,0.7626541256904602,-0.28604626655578613,0.5801174640655518,-19.391481399536133,-3.6223018169403076,0.5670450925827026,0.2987557351589203,0.32691189646720886,44.29588317871094,0,0,0,1,0,-82.64252471923828,151.9752197265625,116.97953796386719,-73.65680694580078,160.64366149902344,74.47965240478516,grab,43,2025-11-18T12:06:42.802403,my_hand_data\videos\grab_seq43_20251118_120639_492864.avi,89.48469789295903,360,90,HIGH,VIDEO_RECORDING,2025-11-18T12:06:43.630364
2025-11-18 12:06:42.802403,297,264,HandType.Left,0.7188473343849182,-136.7234649658203,140.0990447998047,73.38990020751953,0.7629172801971436,-0.2854190468788147,0.5800803303718567,-18.24139404296875,-3.618441104888916,-1.3322274684906006,0.2977724075317383,0.3264385163784027,44.31007766723633,0,0,0,1,0,-82.91720581054688,152.0865936279297,116.96916961669922,-73.86267852783203,160.66575622558594,74.45098114013672,grab,43,2025-11-18T12:06:42.802403,my_hand_data\videos\grab_seq43_20251118_120639_492864.avi,89.48469789295903,360,90,HIGH,VIDEO_RECORDING,2025-11-18T12:06:43.630364
2025-11-18 12:06:42.818611,298,264,HandType.Left,0.7182707786560059,-136.99790954589844,140.11196899414062,73.4351577758789,0.7632265686988831,-0.2851349115371704,0.5798131227493286,-25.122549057006836,1.1829609870910645,4.142898082733154,0.29576754570007324,0.3231636583805084,44.42697525024414,0,0,0,1,0,-83.21355438232422,152.17202758789062,116.9759750366211,-74.08329772949219,160.71975708007812,74.34580993652344,grab,43,2025-11-18T12:06:42.818611,my_hand_data\videos\grab_seq43_20251118_120639_492864.avi,89.48469789295903,360,90,HIGH,VIDEO_RECORDING,2025-11-18T12:06:43.630364
2025-11-18 12:06:42.833940,299,264,HandType.Left,0.7180443406105042,-137.2311553955078,140.1427764892578,73.47712707519531,0.7635076642036438,-0.2852482199668884,0.5793871283531189,-20.77731704711914,2.744658946990967,3.7384912967681885,0.29342910647392273,0.318004310131073,44.60899353027344,0,0,0,1,0,-83.46321105957031,152.29429626464844,116.97077941894531,-74.26364135742188,160.784423828125,74.15433502197266,grab,43,2025-11-18T12:06:42.833940,my_hand_data\videos\grab_seq43_20251118_120639_492864.avi,89.48469789295903,360,90,HIGH,VIDEO_RECORDING,2025-11-18T12:06:43.630364
2025-11-18 12:06:42.837473,300,264,HandType.Left,0.7171348333358765,-137.47552490234375,140.1832275390625,73.4886474609375,0.7638786435127258,-0.28504809737205505,0.5789965987205505,-22.189001083374023,3.6723101139068604,1.0459400415420532,0.2905181348323822,0.3117910921573639,44.82923889160156,0,0,0,1,0,-83.7797622680664,152.58120727539062,116.97625732421875,-74.42105102539062,160.92881774902344,73.93682861328125,grab,43,2025-11-18T12:06:42.839095,my_hand_data\videos\grab_seq43_20251118_120639_492864.avi,89.48469789295903,360,90,HIGH,VIDEO_RECORDING,2025-11-18T12:06:43.630364
2025-11-18 12:06:42.849677,301,264,HandType.Left,0.7170937061309814,-137.71446228027344,140.2363739013672,73.48473358154297,0.764286458492279,-0.2846136689186096,0.5786719918251038,-21.05883026123047,4.6844353675842285,-0.3445267081260681,0.2880045771598816,0.30746716260910034,44.97952651977539,0,0,0,1,0,-84.08871459960938,152.92803955078125,116.97405242919922,-74.59178161621094,161.1061248779297,73.77584838867188,grab,43,2025-11-18T12:06:42.849677,my_hand_data\videos\grab_seq43_20251118_120639_492864.avi,89.48469789295903,360,90,HIGH,VIDEO_RECORDING,2025-11-18T12:06:43.630364
2025-11-18 12:06:42.865519,302,264,HandType.Left,0.7164466381072998,-137.96507263183594,140.28329467773438,73.47312927246094,0.7645727396011353,-0.28371864557266235,0.5787332653999329,-22.684898376464844,4.247316360473633,-1.0506031513214111,0.2843858599662781,0.3023192286491394,45.160091400146484,0,0,0,1,0,-84.44050598144531,153.17733764648438,116.96542358398438,-74.80503845214844,161.26931762695312,73.59364318847656,grab,43,2025-11-18T12:06:42.865519,my_hand_data\videos\grab_seq43_20251118_120639_492864.avi,89.48469789295903,360,90,HIGH,VIDEO_RECORDING,2025-11-18T12:06:43.630364
2025-11-18 12:06:42.870549,303,264,HandType.Left,0.716335117816925,-138.1875762939453,140.35006713867188,73.45718383789062,0.7648432850837708,-0.28274005651474,0.5788547396659851,-20.927684783935547,6.2795515060424805,-1.499443531036377,0.2800658941268921,0.29711034893989563,45.34437942504883,0,0,0,1,0,-84.70579528808594,153.41357421875,116.95435333251953,-74.98118591308594,161.4296875,73.39649963378906,grab,43,2025-11-18T12:06:42.870549,my_hand_data\videos\grab_seq43_20251118_120639_492864.avi,89.48469789295903,360,90,HIGH,VIDEO_RECORDING,2025-11-18T12:06:43.630364
2025-11-18 12:06:42.897308,304,264,HandType.Left,0.7149061560630798,-138.56027221679688,140.46580505371094,73.42142486572266,0.7655510902404785,-0.28094545006752014,0.5787928104400635,-15.425684928894043,5.674102306365967,-1.7180202007293701,0.27067831158638,0.2877752184867859,45.67251205444336,0,0,0,1,0,-85.12700653076172,153.86131286621094,116.92198181152344,-75.25949096679688,161.75811767578125,73.03290557861328,grab,43,2025-11-18T12:06:42.897308,my_hand_data\videos\grab_seq43_20251118_120639_492864.avi,89.48469789295903,360,90,HIGH,VIDEO_RECORDING,2025-11-18T12:06:43.630364
2025-11-18 12:06:42.901329,305,264,HandType.Left,0.7150300741195679,-138.66732788085938,140.5192108154297,73.38477325439453,0.7658679485321045,-0.2803165018558502,0.5786786675453186,-9.531266212463379,4.755112648010254,-3.263392686843872,0.26899412274360657,0.28428271412849426,45.79208755493164,0,0,0,1,0,-85.29010772705078,154.1121368408203,116.90856170654297,-75.32832336425781,161.87831115722656,72.89305877685547,grab,43,2025-11-18T12:06:42.901329,my_hand_data\videos\grab_seq43_20251118_120639_492864.avi,89.48469789295903,360,90,HIGH,VIDEO_RECORDING,2025-11-18T12:06:43.630364
2025-11-18 12:06:42.907614,306,264,HandType.Left,0.7150300741195679,-138.66732788085938,140.5192108154297,73.38477325439453,0.7658679485321045,-0.2803165018558502,0.5786786675453186,-9.531266212463379,4.755112648010254,-3.263392686843872,0.26899412274360657,0.28428271412849426,45.79208755493164,0,0,0,1,0,-85.29010772705078,154.1121368408203,116.90856170654297,-75.32832336425781,161.87831115722656,72.89305877685547,grab,43,2025-11-18T12:06:42.907614,my_hand_data\videos\grab_seq43_20251118_120639_492864.avi,89.48469789295903,360,90,HIGH,VIDEO_RECORDING,2025-11-18T12:06:43.630364
2025-11-18 12:06:42.929236,307,264,HandType.Left,0.7150483131408691,-138.8433837890625,140.65867614746094,73.36722564697266,0.7666643261909485,-0.2792612314224243,0.5781340003013611,-6.515042304992676,5.139420032501221,-0.4949270784854889,0.2659592926502228,0.2773779034614563,46.026729583740234,0,0,0,1,0,-85.57437896728516,154.42129516601562,116.92003631591797,-75.45703125,162.166748046875,72.692138671875,grab,43,2025-11-18T12:06:42.929236,my_hand_data\videos\grab_seq43_20251118_120639_492864.avi,89.48469789295903,360,90,HIGH,VIDEO_RECORDING,2025-11-18T12:06:43.630364
2025-11-18 12:06:42.933256,308,264,HandType.Left,0.7150483131408691,-138.8433837890625,140.65867614746094,73.36722564697266,0.7666643261909485,-0.2792612314224243,0.5781340003013611,-6.515042304992676,5.139420032501221,-0.4949270784854889,0.2659592926502228,0.2773779034614563,46.026729583740234,0,0,0,1,0,-85.57437896728516,154.42129516601562,116.92003631591797,-75.45703125,162.166748046875,72.692138671875,grab,43,2025-11-18T12:06:42.933256,my_hand_data\videos\grab_seq43_20251118_120639_492864.avi,89.48469789295903,360,90,HIGH,VIDEO_RECORDING,2025-11-18T12:06:43.630364
2025-11-18 12:06:42.938671,309,264,HandType.Left,0.7150477170944214,-138.89117431640625,140.70957946777344,73.33555603027344,0.766986072063446,-0.2787650525569916,0.5779467225074768,-4.369701385498047,4.655361175537109,-2.896381139755249,0.26553064584732056,0.2752523422241211,46.0982780456543,0,0,0,1,0,-85.67015075683594,154.55906677246094,116.91462707519531,-75.48809814453125,162.28916931152344,72.62442016601562,grab,43,2025-11-18T12:06:42.938671,my_hand_data\videos\grab_seq43_20251118_120639_492864.avi,89.48469789295903,360,90,HIGH,VIDEO_RECORDING,2025-11-18T12:06:43.630364
2025-11-18 12:06:42.962796,310,264,HandType.Left,0.7142308950424194,-139.04095458984375,140.8491668701172,73.32997131347656,0.7674612402915955,-0.2781127393245697,0.5776301026344299,-6.521064281463623,6.2450056076049805,0.8602910041809082,0.26485005021095276,0.2731044888496399,46.17106628417969,0,0,0,1,0,-85.90611267089844,154.78668212890625,116.9286880493164,-75.6063003540039,162.51461791992188,72.58953857421875,grab,43,2025-11-18T12:06:42.962796,my_hand_data\videos\grab_seq43_20251118_120639_492864.avi,89.48469789295903,360,90,HIGH,VIDEO_RECORDING,2025-11-18T12:06:43.630364
2025-11-18 12:06:42.966710,311,264,HandType.Left,0.7142823934555054,-139.0757293701172,140.91188049316406,73.3645248413086,0.7676021456718445,-0.2780563533306122,0.5774700045585632,-3.0552663803100586,5.509832859039307,3.035884141921997,0.2643567621707916,0.2723546028137207,46.19587707519531,0,0,0,1,0,-85.97494506835938,154.89859008789062,116.96687316894531,-75.6258316040039,162.58657836914062,72.6064224243164,grab,43,2025-11-18T12:06:42.966710,my_hand_data\videos\grab_seq43_20251118_120639_492864.avi,89.48469789295903,360,90,HIGH,VIDEO_RECORDING,2025-11-18T12:06:43.630364
2025-11-18 12:06:42.975029,312,264,HandType.Left,0.7142823934555054,-139.0757293701172,140.91188049316406,73.3645248413086,0.7676021456718445,-0.2780563533306122,0.5774700045585632,-3.0552663803100586,5.509832859039307,3.035884141921997,0.2643567621707916,0.2723546028137207,46.19587707519531,0,0,0,1,0,-85.97494506835938,154.89859008789062,116.96687316894531,-75.6258316040039,162.58657836914062,72.6064224243164,grab,43,2025-11-18T12:06:42.975029,my_hand_data\videos\grab_seq43_20251118_120639_492864.avi,89.48469789295903,360,90,HIGH,VIDEO_RECORDING,2025-11-18T12:06:43.630364
2025-11-18 12:06:42.993277,313,264,HandType.Left,0.7148987650871277,-139.1013946533203,141.00479125976562,73.41394805908203,0.7678058743476868,-0.2780779302120209,0.5771887302398682,0.13500018417835236,3.8137693405151367,1.2890030145645142,0.26401475071907043,0.27185046672821045,46.21046829223633,0,0,0,1,0,-86.01731872558594,154.99209594726562,117.00108337402344,-75.62984466552734,162.6841278076172,72.63510131835938,grab,43,2025-11-18T12:06:42.993277,my_hand_data\videos\grab_seq43_20251118_120639_492864.avi,89.48469789295903,360,90,HIGH,VIDEO_RECORDING,2025-11-18T12:06:43.630364
2025-11-18 12:06:42.997728,314,264,HandType.Left,0.7148987650871277,-139.1013946533203,141.00479125976562,73.41394805908203,0.7678058743476868,-0.2780779302120209,0.5771887302398682,0.13500018417835236,3.8137693405151367,1.2890030145645142,0.26401475071907043,0.27185046672821045,46.21046829223633,0,0,0,1,0,-86.01731872558594,154.99209594726562,117.00108337402344,-75.62984466552734,162.6841278076172,72.63510131835938,grab,43,2025-11-18T12:06:42.997728,my_hand_data\videos\grab_seq43_20251118_120639_492864.avi,89.48469789295903,360,90,HIGH,VIDEO_RECORDING,2025-11-18T12:06:43.630364
2025-11-18 12:06:43.001745,315,264,HandType.Left,0.7150598168373108,-139.09555053710938,141.04542541503906,73.44500732421875,0.7678832411766052,-0.27829596400260925,0.5769806504249573,0.5232257843017578,3.638061761856079,2.7806499004364014,0.2643872797489166,0.27148646116256714,46.221946716308594,0,0,0,1,0,-86.00981140136719,155.02310180664062,117.0277328491211,-75.6141357421875,162.720947265625,72.65272521972656,grab,43,2025-11-18T12:06:43.001745,my_hand_data\videos\grab_seq43_20251118_120639_492864.avi,89.48469789295903,360,90,HIGH,VIDEO_RECORDING,2025-11-18T12:06:43.630364
2025-11-18 12:06:43.025098,316,264,HandType.Left,0.7149398326873779,-139.06822204589844,141.13165283203125,73.50344848632812,0.7680140733718872,-0.2787541151046753,0.5765852332115173,2.5351922512054443,3.0735507011413574,2.3465635776519775,0.26427891850471497,0.2711663544178009,46.23114013671875,0,0,0,1,0,-85.97889709472656,155.092041015625,117.07901763916016,-75.56578826904297,162.79888916015625,72.70008087158203,grab,43,2025-11-18T12:06:43.025098,my_hand_data\videos\grab_seq43_20251118_120639_492864.avi,89.48469789295903,360,90,HIGH,VIDEO_RECORDING,2025-11-18T12:06:43.630364
2025-11-18 12:06:43.027105,317,264,HandType.Left,0.7149398326873779,-139.06822204589844,141.13165283203125,73.50344848632812,0.7680140733718872,-0.2787541151046753,0.5765852332115173,2.5351922512054443,3.0735507011413574,2.3465635776519775,0.26427891850471497,0.2711663544178009,46.23114013671875,0,0,0,1,0,-85.97889709472656,155.092041015625,117.07901763916016,-75.56578826904297,162.79888916015625,72.70008087158203,grab,43,2025-11-18T12:06:43.027105,my_hand_data\videos\grab_seq43_20251118_120639_492864.avi,89.48469789295903,360,90,HIGH,VIDEO_RECORDING,2025-11-18T12:06:43.630364
2025-11-18 12:06:43.041025,318,264,HandType.Left,0.7149165272712708,-139.03733825683594,141.15951538085938,73.53565216064453,0.7680822610855103,-0.2789521813392639,0.5763985514640808,2.788078546524048,2.5155107975006104,2.906497001647949,0.26471325755119324,0.2714778780937195,46.219139099121094,0,0,0,1,0,-85.94908905029297,155.10595703125,117.09801483154297,-75.529052734375,162.8212890625,72.73468017578125,grab,43,2025-11-18T12:06:43.041025,my_hand_data\videos\grab_seq43_20251118_120639_492864.avi,89.48469789295903,360,90,HIGH,VIDEO_RECORDING,2025-11-18T12:06:43.630364
2025-11-18 12:06:43.056998,319,264,HandType.Left,0.7149187326431274,-139.0045166015625,141.20509338378906,73.56232452392578,0.7681620121002197,-0.27928251028060913,0.5761322975158691,3.0073022842407227,4.175382614135742,2.4439022541046143,0.2658652365207672,0.2718845009803772,46.20431137084961,0,0,0,1,0,-85.9247055053711,155.1557159423828,117.12657165527344,-75.49616241455078,162.84771728515625,72.7766342163086,grab,43,2025-11-18T12:06:43.056998,my_hand_data\videos\grab_seq43_20251118_120639_492864.avi,89.48469789295903,360,90,HIGH,VIDEO_RECORDING,2025-11-18T12:06:43.630364
2025-11-18 12:06:43.056998,320,264,HandType.Left,0.7148219347000122,-138.9755401611328,141.2496337890625,73.57720947265625,0.7682255506515503,-0.2794781029224396,0.5759526491165161,2.664052724838257,4.09566068649292,1.3690370321273804,0.267034649848938,0.2723681330680847,46.186912536621094,0,0,0,1,0,-85.89979553222656,155.19337463378906,117.14785766601562,-75.46722412109375,162.8748016357422,72.8151626586914,grab,43,2025-11-18T12:06:43.056998,my_hand_data\videos\grab_seq43_20251118_120639_492864.avi,89.48469789295903,360,90,HIGH,VIDEO_RECORDING,2025-11-18T12:06:43.630364
2025-11-18 12:06:43.072847,321,264,HandType.Left,0.7148219347000122,-138.9755401611328,141.2496337890625,73.57720947265625,0.7682255506515503,-0.2794781029224396,0.5759526491165161,2.664052724838257,4.09566068649292,1.3690370321273804,0.267034649848938,0.2723681330680847,46.186912536621094,0,0,0,1,0,-85.89979553222656,155.19337463378906,117.14785766601562,-75.46722412109375,162.8748016357422,72.8151626586914,grab,43,2025-11-18T12:06:43.072847,my_hand_data\videos\grab_seq43_20251118_120639_492864.avi,89.48469789295903,360,90,HIGH,VIDEO_RECORDING,2025-11-18T12:06:43.630364
2025-11-18 12:06:43.088701,322,264,HandType.Left,0.7149932384490967,-138.9431610107422,141.3345947265625,73.63742065429688,0.7681871056556702,-0.2801383435726166,0.5756831765174866,1.2899855375289917,3.23285174369812,2.631491184234619,0.26956072449684143,0.2750597894191742,46.090980529785156,0,0,0,1,0,-85.90553283691406,155.25680541992188,117.19780731201172,-75.44982147216797,162.89588928222656,72.96319580078125,grab,43,2025-11-18T12:06:43.088701,my_hand_data\videos\grab_seq43_20251118_120639_492864.avi,89.48469789295903,360,90,HIGH,VIDEO_RECORDING,2025-11-18T12:06:43.630364
2025-11-18 12:06:43.088701,323,264,HandType.Left,0.7149932384490967,-138.9431610107422,141.3345947265625,73.63742065429688,0.7681871056556702,-0.2801383435726166,0.5756831765174866,1.2899855375289917,3.23285174369812,2.631491184234619,0.26956072449684143,0.2750597894191742,46.090980529785156,0,0,0,1,0,-85.90553283691406,155.25680541992188,117.19780731201172,-75.44982147216797,162.89588928222656,72.96319580078125,grab,43,2025-11-18T12:06:43.088701,my_hand_data\videos\grab_seq43_20251118_120639_492864.avi,89.48469789295903,360,90,HIGH,VIDEO_RECORDING,2025-11-18T12:06:43.630364
2025-11-18 12:06:43.120464,324,264,HandType.Left,0.7156503796577454,-138.8697967529297,141.31784057617188,73.71004486083984,0.7679662108421326,-0.2812177240848541,0.5754515528678894,1.5670965909957886,-0.8588427305221558,2.3234519958496094,0.27598807215690613,0.2826355993747711,45.82130813598633,0,0,0,1,0,-85.91667175292969,155.18630981445312,117.2933120727539,-75.4345703125,162.6481475830078,73.31560516357422,grab,43,2025-11-18T12:06:43.120464,my_hand_data\videos\grab_seq43_20251118_120639_492864.avi,89.48469789295903,360,90,HIGH,VIDEO_RECORDING,2025-11-18T12:06:43.630364
2025-11-18 12:06:43.120464,325,264,HandType.Left,0.7157441973686218,-138.83993530273438,141.28628540039062,73.72036743164062,0.767833948135376,-0.28151318430900574,0.5754836201667786,2.7925004959106445,-2.9523022174835205,0.9653355479240417,0.2770310342311859,0.28469884395599365,45.748779296875,0,0,0,1,0,-85.90699005126953,155.13400268554688,117.30499267578125,-75.41744995117188,162.55006408691406,73.39688110351562,grab,43,2025-11-18T12:06:43.120464,my_hand_data\videos\grab_seq43_20251118_120639_492864.avi,89.48469789295903,360,90,HIGH,VIDEO_RECORDING,2025-11-18T12:06:43.630364
2025-11-18 12:06:43.120464,326,264,HandType.Left,0.7157441973686218,-138.83993530273438,141.28628540039062,73.72036743164062,0.767833948135376,-0.28151318430900574,0.5754836201667786,2.7925004959106445,-2.9523022174835205,0.9653355479240417,0.2770310342311859,0.28469884395599365,45.748779296875,0,0,0,1,0,-85.90699005126953,155.13400268554688,117.30499267578125,-75.41744995117188,162.55006408691406,73.39688110351562,grab,43,2025-11-18T12:06:43.120464,my_hand_data\videos\grab_seq43_20251118_120639_492864.avi,89.48469789295903,360,90,HIGH,VIDEO_RECORDING,2025-11-18T12:06:43.630364
2025-11-18 12:06:43.136614,327,264,HandType.Left,0.7156201601028442,-138.7931365966797,141.2453155517578,73.72014617919922,0.7677258849143982,-0.2818503677845001,0.5754626989364624,4.273605823516846,-3.740412473678589,-0.020240671932697296,0.2777005136013031,0.2866351902484894,45.68019104003906,0,0,0,1,0,-85.87310028076172,155.08457946777344,117.3114242553711,-75.38530731201172,162.45138549804688,73.46605682373047,grab,43,2025-11-18T12:06:43.136614,my_hand_data\videos\grab_seq43_20251118_120639_492864.avi,89.48469789295903,360,90,HIGH,VIDEO_RECORDING,2025-11-18T12:06:43.630364
2025-11-18 12:06:43.145381,328,264,HandType.Left,0.7156522870063782,-138.76727294921875,141.19944763183594,73.73684692382812,0.767690896987915,-0.2821372449398041,0.5753687620162964,2.3166801929473877,-4.108139514923096,1.4958398342132568,0.2781338095664978,0.2878422737121582,45.637611389160156,0,0,0,1,0,-85.8485336303711,155.02719116210938,117.32442474365234,-75.36469268798828,162.3638153076172,73.51741027832031,grab,43,2025-11-18T12:06:43.145381,my_hand_data\videos\grab_seq43_20251118_120639_492864.avi,89.48469789295903,360,90,HIGH,VIDEO_RECORDING,2025-11-18T12:06:43.630364
2025-11-18 12:06:43.168498,329,264,HandType.Left,0.7156354784965515,-138.7545928955078,141.1558837890625,73.760498046875,0.7676134705543518,-0.28237223625183105,0.5753568410873413,1.1423044204711914,-3.923778772354126,2.130852460861206,0.2784653902053833,0.28881096839904785,45.60353469848633,0,0,0,1,0,-85.83435821533203,154.9432830810547,117.33489227294922,-75.35675811767578,162.27752685546875,73.56148529052734,grab,43,2025-11-18T12:06:43.168498,my_hand_data\videos\grab_seq43_20251118_120639_492864.avi,89.48469789295903,360,90,HIGH,VIDEO_RECORDING,2025-11-18T12:06:43.630364
2025-11-18 12:06:43.168498,330,264,HandType.Left,0.7158807516098022,-138.7294921875,141.12132263183594,73.77204895019531,0.7675262093544006,-0.28262630105018616,0.5753484964370728,2.231811046600342,-3.0729496479034424,1.0263350009918213,0.27877017855644226,0.2903105914592743,45.5504035949707,0,0,0,1,0,-85.80583953857422,154.8755340576172,117.34423065185547,-75.33972930908203,162.21014404296875,73.62348937988281,grab,43,2025-11-18T12:06:43.168498,my_hand_data\videos\grab_seq43_20251118_120639_492864.avi,89.48469789295903,360,90,HIGH,VIDEO_RECORDING,2025-11-18T12:06:43.630364
2025-11-18 12:06:43.168498,331,264,HandType.Left,0.7161123752593994,-138.69668579101562,141.0859375,73.77552795410156,0.7674863934516907,-0.28293395042419434,0.5752504467964172,3.0267386436462402,-3.264867067337036,0.3213508725166321,0.27919480204582214,0.29166215658187866,45.50240707397461,0,0,0,1,0,-85.7575454711914,154.8039093017578,117.3448486328125,-75.31417083740234,162.12242126464844,73.66596984863281,grab,43,2025-11-18T12:06:43.168498,my_hand_data\videos\grab_seq43_20251118_120639_492864.avi,89.48469789295903,360,90,HIGH,VIDEO_RECORDING,2025-11-18T12:06:43.630364
2025-11-18 12:06:43.200282,332,264,HandType.Left,0.7161687016487122,-138.6653289794922,141.0629425048828,73.77238464355469,0.767416775226593,-0.28323623538017273,0.5751945376396179,2.7678534984588623,-2.0307037830352783,-0.277757853269577,0.27932748198509216,0.29264035820961,45.46809005737305,0,0,0,1,0,-85.71993255615234,154.7568817138672,117.34298706054688,-75.28702545166016,162.05538940429688,73.69400787353516,grab,43,2025-11-18T12:06:43.200282,my_hand_data\videos\grab_seq43_20251118_120639_492864.avi,89.48469789295903,360,90,HIGH,VIDEO_RECORDING,2025-11-18T12:06:43.630364
2025-11-18 12:06:43.200282,333,264,HandType.Left,0.7161486148834229,-138.63442993164062,141.06100463867188,73.77449798583984,0.7673582434654236,-0.28355440497398376,0.5751157999038696,2.7775280475616455,-0.17335352301597595,0.19019418954849243,0.27950912714004517,0.2934454083442688,45.4401969909668,0,0,0,1,0,-85.68352508544922,154.73077392578125,117.34146118164062,-75.26036834716797,162.01641845703125,73.71705627441406,grab,43,2025-11-18T12:06:43.200282,my_hand_data\videos\grab_seq43_20251118_120639_492864.avi,89.48469789295903,360,90,HIGH,VIDEO_RECORDING,2025-11-18T12:06:43.630364
2025-11-18 12:06:43.231676,334,264,HandType.Left,0.7162925004959106,-138.60873413085938,141.0775909423828,73.79611206054688,0.7672608494758606,-0.28378695249557495,0.5751310586929321,0.6184068322181702,0.9688140749931335,1.1346441507339478,0.2790266275405884,0.2943747043609619,45.408939361572266,0,0,0,1,0,-85.6237564086914,154.68002319335938,117.34967041015625,-75.23783874511719,162.01622009277344,73.75741577148438,grab,43,2025-11-18T12:06:43.231676,my_hand_data\videos\grab_seq43_20251118_120639_492864.avi,89.48469789295903,360,90,HIGH,VIDEO_RECORDING,2025-11-18T12:06:43.630364
2025-11-18 12:06:43.231676,335,264,HandType.Left,0.7162666320800781,-138.59158325195312,141.0850830078125,73.79340362548828,0.7672303318977356,-0.2837967574596405,0.5751670002937317,1.549010157585144,0.677544355392456,-0.24483707547187805,0.27896520495414734,0.2949666380882263,45.388031005859375,0,0,0,1,0,-85.6102066040039,154.68777465820312,117.3526611328125,-75.22926330566406,162.01303100585938,73.77915954589844,grab,43,2025-11-18T12:06:43.231676,my_hand_data\videos\grab_seq43_20251118_120639_492864.avi,89.48469789295903,360,90,HIGH,VIDEO_RECORDING,2025-11-18T12:06:43.630364
2025-11-18 12:06:43.231676,336,264,HandType.Left,0.7162666320800781,-138.59158325195312,141.0850830078125,73.79340362548828,0.7672303318977356,-0.2837967574596405,0.5751670002937317,1.549010157585144,0.677544355392456,-0.24483707547187805,0.27896520495414734,0.2949666380882263,45.388031005859375,0,0,0,1,0,-85.6102066040039,154.68777465820312,117.3526611328125,-75.22926330566406,162.01303100585938,73.77915954589844,grab,43,2025-11-18T12:06:43.231676,my_hand_data\videos\grab_seq43_20251118_120639_492864.avi,89.48469789295903,360,90,HIGH,VIDEO_RECORDING,2025-11-18T12:06:43.630364
2025-11-18 12:06:43.247406,337,264,HandType.Left,0.7161533832550049,-138.5768585205078,141.10244750976562,73.78893280029297,0.7671788930892944,-0.28385278582572937,0.5752079486846924,1.3155601024627686,1.549950361251831,-0.39908158779144287,0.2786845266819,0.29565438628196716,45.36381149291992,0,0,0,1,0,-85.60734558105469,154.71473693847656,117.3468246459961,-75.21961212158203,162.01145935058594,73.79537963867188,grab,43,2025-11-18T12:06:43.247406,my_hand_data\videos\grab_seq43_20251118_120639_492864.avi,89.48469789295903,360,90,HIGH,VIDEO_RECORDING,2025-11-18T12:06:43.630364
2025-11-18 12:06:43.263584,338,264,HandType.Left,0.716106653213501,-138.5685577392578,141.12005615234375,73.77185821533203,0.767127513885498,-0.2838625907897949,0.5752716064453125,0.7726307511329651,1.6387178897857666,-1.5889829397201538,0.27849704027175903,0.2961868345737457,45.344905853271484,0,0,0,1,0,-85.61370849609375,154.7289276123047,117.31700897216797,-75.21426391601562,162.02259826660156,73.78754425048828,grab,43,2025-11-18T12:06:43.263584,my_hand_data\videos\grab_seq43_20251118_120639_492864.avi,89.48469789295903,360,90,HIGH,VIDEO_RECORDING,2025-11-18T12:06:43.630364
2025-11-18 12:06:43.279455,339,264,HandType.Left,0.7161231637001038,-138.5717315673828,141.15936279296875,73.77057647705078,0.7671025991439819,-0.28378739953041077,0.5753419399261475,-0.2879880666732788,3.557813882827759,-0.11564364284276962,0.27847129106521606,0.29656168818473816,45.331844329833984,0,0,0,1,0,-85.63069152832031,154.75570678710938,117.3010025024414,-75.22251892089844,162.0606689453125,73.78912353515625,grab,43,2025-11-18T12:06:43.279455,my_hand_data\videos\grab_seq43_20251118_120639_492864.avi,89.48469789295903,360,90,HIGH,VIDEO_RECORDING,2025-11-18T12:06:43.630364
2025-11-18 12:06:43.279455,340,264,HandType.Left,0.7161417007446289,-138.55628967285156,141.19189453125,73.760498046875,0.7670865058898926,-0.2837294936180115,0.575391948223114,1.376569390296936,2.900099039077759,-0.8986874222755432,0.278874009847641,0.2972743809223175,45.30635070800781,0,0,0,1,0,-85.6360855102539,154.78634643554688,117.28309631347656,-75.21251678466797,162.08082580566406,73.7997055053711,grab,43,2025-11-18T12:06:43.279455,my_hand_data\videos\grab_seq43_20251118_120639_492864.avi,89.48469789295903,360,90,HIGH,VIDEO_RECORDING,2025-11-18T12:06:43.630364
2025-11-18 12:06:43.295097,341,264,HandType.Left,0.7162696123123169,-138.52468872070312,141.22918701171875,73.74964141845703,0.7670353651046753,-0.28371933102607727,0.5754650831222534,2.853905439376831,3.3669369220733643,-0.9799630045890808,0.278946191072464,0.2976400852203369,45.29275894165039,0,0,0,1,0,-85.61804962158203,154.82212829589844,117.26439666748047,-75.1778793334961,162.11721801757812,73.79925537109375,grab,43,2025-11-18T12:06:43.295097,my_hand_data\videos\grab_seq43_20251118_120639_492864.avi,89.48469789295903,360,90,HIGH,VIDEO_RECORDING,2025-11-18T12:06:43.630364
2025-11-18 12:06:43.310899,342,264,HandType.Left,0.7162600159645081,-138.48500061035156,141.27296447753906,73.75465393066406,0.7669193744659424,-0.28380364179611206,0.5755780935287476,3.476524591445923,3.834959030151367,0.4390266537666321,0.2785939872264862,0.2984064817428589,45.26524353027344,0,0,0,1,0,-85.58631896972656,154.8605194091797,117.25743103027344,-75.13441467285156,162.15182495117188,73.82315063476562,grab,43,2025-11-18T12:06:43.310899,my_hand_data\videos\grab_seq43_20251118_120639_492864.avi,89.48469789295903,360,90,HIGH,VIDEO_RECORDING,2025-11-18T12:06:43.630364
2025-11-18 12:06:43.310899,343,264,HandType.Left,0.7162463665008545,-138.43826293945312,141.32826232910156,73.75898742675781,0.7667820453643799,-0.2839142978191376,0.5757064819335938,4.217372894287109,4.989588260650635,0.39083132147789,0.27813035249710083,0.29944440722465515,45.228233337402344,0,0,0,1,0,-85.5390853881836,154.91270446777344,117.25372314453125,-75.08719635009766,162.18190002441406,73.85430145263672,grab,43,2025-11-18T12:06:43.310899,my_hand_data\videos\grab_seq43_20251118_120639_492864.avi,89.48469789295903,360,90,HIGH,VIDEO_RECORDING,2025-11-18T12:06:43.630364
2025-11-18 12:06:43.343097,344,264,HandType.Left,0.7162290215492249,-138.31581115722656,141.45065307617188,73.78917694091797,0.7665258646011353,-0.2843330502510071,0.575840950012207,5.474594593048096,6.5997161865234375,1.501720666885376,0.27769577503204346,0.30148643255233765,45.15706253051758,0,0,0,1,0,-85.42386627197266,155.0093536376953,117.25527954101562,-74.95980834960938,162.23992919921875,73.92650604248047,grab,43,2025-11-18T12:06:43.343097,my_hand_data\videos\grab_seq43_20251118_120639_492864.avi,89.48469789295903,360,90,HIGH,VIDEO_RECORDING,2025-11-18T12:06:43.630364
2025-11-18 12:06:43.343097,345,264,HandType.Left,0.7162039875984192,-138.2481689453125,141.5232696533203,73.80915832519531,0.7663695812225342,-0.2847166359424591,0.5758594274520874,6.100776672363281,6.550828456878662,1.8024531602859497,0.27771034836769104,0.3029078245162964,45.10784912109375,0,0,0,1,0,-85.35531616210938,155.05130004882812,117.25111389160156,-74.88774108886719,162.25146484375,73.96941375732422,grab,43,2025-11-18T12:06:43.343097,my_hand_data\videos\grab_seq43_20251118_120639_492864.avi,89.48469789295903,360,90,HIGH,VIDEO_RECORDING,2025-11-18T12:06:43.630364
2025-11-18 12:06:43.343097,346,264,HandType.Left,0.7162039875984192,-138.2481689453125,141.5232696533203,73.80915832519531,0.7663695812225342,-0.2847166359424591,0.5758594274520874,6.100776672363281,6.550828456878662,1.8024531602859497,0.27771034836769104,0.3029078245162964,45.10784912109375,0,0,0,1,0,-85.35531616210938,155.05130004882812,117.25111389160156,-74.88774108886719,162.25146484375,73.96941375732422,grab,43,2025-11-18T12:06:43.343097,my_hand_data\videos\grab_seq43_20251118_120639_492864.avi,89.48469789295903,360,90,HIGH,VIDEO_RECORDING,2025-11-18T12:06:43.630364
2025-11-18 12:06:43.358916,347,264,HandType.Left,0.7162003517150879,-138.20457458496094,141.58885192871094,73.84895324707031,0.7661560773849487,-0.28503650426864624,0.575985312461853,3.901820659637451,5.868153095245361,3.561709403991699,0.2779616713523865,0.30544063448905945,45.01887130737305,0,0,0,1,0,-85.31014251708984,155.07977294921875,117.24501037597656,-74.84442138671875,162.24549865722656,74.04987335205078,grab,43,2025-11-18T12:06:43.358916,my_hand_data\videos\grab_seq43_20251118_120639_492864.avi,89.48469789295903,360,90,HIGH,VIDEO_RECORDING,2025-11-18T12:06:43.630364
2025-11-18 12:06:43.374689,348,264,HandType.Left,0.7162884473800659,-138.1671142578125,141.66964721679688,73.88658142089844,0.7659648656845093,-0.2854158878326416,0.5760517120361328,3.4339451789855957,7.4076762199401855,3.4494478702545166,0.27827295660972595,0.3091756999492645,44.88833999633789,0,0,0,1,0,-85.2761001586914,155.1084747314453,117.25064849853516,-74.81597900390625,162.23048400878906,74.1829605102539,grab,43,2025-11-18T12:06:43.374689,my_hand_data\videos\grab_seq43_20251118_120639_492864.avi,89.48469789295903,360,90,HIGH,VIDEO_RECORDING,2025-11-18T12:06:43.630364
2025-11-18 12:06:43.390769,349,264,HandType.Left,0.7170591950416565,-138.10081481933594,141.75357055664062,73.91680908203125,0.7656565308570862,-0.2861687242984772,0.5760880708694458,3.5951919555664062,1.9890836477279663,0.7179461121559143,0.2804071307182312,0.31606215238571167,44.647552490234375,0,0,0,1,0,-85.2192611694336,155.0680694580078,117.19961547851562,-74.7685546875,162.1919708251953,74.38096618652344,grab,43,2025-11-18T12:06:43.390769,my_hand_data\videos\grab_seq43_20251118_120639_492864.avi,89.48469789295903,360,90,HIGH,VIDEO_RECORDING,2025-11-18T12:06:43.630364
2025-11-18 12:06:43.390769,350,264,HandType.Left,0.7170591950416565,-138.10081481933594,141.75357055664062,73.91680908203125,0.7656565308570862,-0.2861687242984772,0.5760880708694458,3.5951919555664062,1.9890836477279663,0.7179461121559143,0.2804071307182312,0.31606215238571167,44.647552490234375,0,0,0,1,0,-85.2192611694336,155.0680694580078,117.19961547851562,-74.7685546875,162.1919708251953,74.38096618652344,grab,43,2025-11-18T12:06:43.390769,my_hand_data\videos\grab_seq43_20251118_120639_492864.avi,89.48469789295903,360,90,HIGH,VIDEO_RECORDING,2025-11-18T12:06:43.630364
2025-11-18 12:06:43.406816,351,264,HandType.Left,0.7173334360122681,-138.08242797851562,141.77597045898438,73.89372253417969,0.7655494213104248,-0.2864513099193573,0.5760899782180786,1.6320114135742188,1.988701343536377,-2.049567699432373,0.2823493480682373,0.3206990957260132,44.484249114990234,0,0,0,1,0,-85.20279693603516,154.986083984375,117.13722229003906,-74.7816162109375,162.11109924316406,74.48184204101562,grab,43,2025-11-18T12:06:43.406816,my_hand_data\videos\grab_seq43_20251118_120639_492864.avi,89.48469789295903,360,90,HIGH,VIDEO_RECORDING,2025-11-18T12:06:43.630364
2025-11-18 12:06:43.422613,352,264,HandType.Left,0.7175638675689697,-138.07794189453125,141.78065490722656,73.88365173339844,0.7654299736022949,-0.2866590917110443,0.5761454105377197,0.386295348405838,0.403766930103302,-0.8677251935005188,0.28312399983406067,0.325070858001709,44.330284118652344,0,0,0,1,0,-85.20626831054688,154.93560791015625,117.08435821533203,-74.8060302734375,162.03872680664062,74.58077239990234,grab,43,2025-11-18T12:06:43.422613,my_hand_data\videos\grab_seq43_20251118_120639_492864.avi,89.48469789295903,360,90,HIGH,VIDEO_RECORDING,2025-11-18T12:06:43.630364
2025-11-18 12:06:43.423933,353,264,HandType.Left,0.7176041007041931,-138.08522033691406,141.777587890625,73.88297271728516,0.7652936577796936,-0.2869148850440979,0.5761991739273071,-0.6889462471008301,-0.2898007929325104,-0.06418564915657043,0.28336992859840393,0.32781803607940674,44.234806060791016,0,0,0,1,0,-85.20643615722656,154.87966918945312,117.0448226928711,-74.82543182373047,161.98069763183594,74.6357650756836,grab,43,2025-11-18T12:06:43.423933,my_hand_data\videos\grab_seq43_20251118_120639_492864.avi,89.48469789295903,360,90,HIGH,VIDEO_RECORDING,2025-11-18T12:06:43.630364
2025-11-18 12:06:43.438770,354,264,HandType.Left,0.7178746461868286,-138.06607055664062,141.7244873046875,73.86815643310547,0.7651218771934509,-0.2871370017528534,0.5763165950775146,1.6764353513717651,-4.64697265625,-1.2965706586837769,0.28361204266548157,0.3316555619239807,44.10002136230469,0,0,0,1,0,-85.17704772949219,154.78712463378906,116.9754409790039,-74.81853485107422,161.85284423828125,74.695556640625,grab,43,2025-11-18T12:06:43.438770,my_hand_data\videos\grab_seq43_20251118_120639_492864.avi,89.48469789295903,360,90,HIGH,VIDEO_RECORDING,2025-11-18T12:06:43.630364
2025-11-18 12:06:43.454600,355,264,HandType.Left,0.7179484963417053,-138.0604248046875,141.64892578125,73.86174011230469,0.7649580240249634,-0.2873660624027252,0.5764200091362,0.5277704000473022,-7.071396350860596,-0.601008951663971,0.28340479731559753,0.33373507857322693,44.02707290649414,0,0,0,1,0,-85.16791534423828,154.69810485839844,116.92588806152344,-74.81574249267578,161.7465362548828,74.7176513671875,grab,43,2025-11-18T12:06:43.454600,my_hand_data\videos\grab_seq43_20251118_120639_492864.avi,89.48469789295903,360,90,HIGH,VIDEO_RECORDING,2025-11-18T12:06:43.630364
2025-11-18 12:06:43.460151,356,264,HandType.Left,0.7178930640220642,-138.0450439453125,141.56004333496094,73.85098266601562,0.7647884488105774,-0.2874467968940735,0.5766047239303589,1.3910300731658936,-8.040231704711914,-0.9726128578186035,0.2830224633216858,0.33581724762916565,43.953773498535156,0,0,0,1,0,-85.1548843383789,154.59793090820312,116.89037322998047,-74.81559753417969,161.6237335205078,74.75165557861328,grab,43,2025-11-18T12:06:43.460151,my_hand_data\videos\grab_seq43_20251118_120639_492864.avi,89.48469789295903,360,90,HIGH,VIDEO_RECORDING,2025-11-18T12:06:43.630364
2025-11-18 12:06:43.486509,357,264,HandType.Left,0.718554675579071,-137.97503662109375,141.37240600585938,73.79685974121094,0.7644302248954773,-0.28748899698257446,0.5770584940910339,3.1469435691833496,-8.384467124938965,-2.8544654846191406,0.2836459279060364,0.3392585217952728,43.83333969116211,0,0,0,1,0,-85.13040161132812,154.4198760986328,116.83209228515625,-74.78771209716797,161.37872314453125,74.80870819091797,grab,43,2025-11-18T12:06:43.486509,my_hand_data\videos\grab_seq43_20251118_120639_492864.avi,89.48469789295903,360,90,HIGH,VIDEO_RECORDING,2025-11-18T12:06:43.630364
2025-11-18 12:06:43.490260,358,264,HandType.Left,0.7188364863395691,-137.94163513183594,141.29425048828125,73.7573013305664,0.7642809748649597,-0.28754937648773193,0.5772260427474976,2.986915349960327,-6.98817253112793,-3.5363047122955322,0.2837337255477905,0.3408461809158325,43.77775573730469,0,0,0,1,0,-85.1118392944336,154.34217834472656,116.78411102294922,-74.77388000488281,161.26666259765625,74.81185913085938,grab,43,2025-11-18T12:06:43.490260,my_hand_data\videos\grab_seq43_20251118_120639_492864.avi,89.48469789295903,360,90,HIGH,VIDEO_RECORDING,2025-11-18T12:06:43.630364
2025-11-18 12:06:43.496286,359,264,HandType.Left,0.7188364863395691,-137.94163513183594,141.29425048828125,73.7573013305664,0.7642809748649597,-0.28754937648773193,0.5772260427474976,2.986915349960327,-6.98817253112793,-3.5363047122955322,0.2837337255477905,0.3408461809158325,43.77775573730469,0,0,0,1,0,-85.1118392944336,154.34217834472656,116.78411102294922,-74.77388000488281,161.26666259765625,74.81185913085938,grab,43,2025-11-18T12:06:43.496286,my_hand_data\videos\grab_seq43_20251118_120639_492864.avi,89.48469789295903,360,90,HIGH,VIDEO_RECORDING,2025-11-18T12:06:43.630364
2025-11-18 12:06:43.518211,360,264,HandType.Left,0.7187627553939819,-137.8693389892578,141.161865234375,73.6220932006836,0.763861358165741,-0.28720998764038086,0.5779500603675842,2.689943313598633,-5.936604976654053,-6.657704830169678,0.28275081515312195,0.3435651659965515,43.681644439697266,0,0,0,1,0,-85.09635162353516,154.2743682861328,116.63519287109375,-74.735107421875,161.1021728515625,74.7530746459961,grab,43,2025-11-18T12:06:43.518211,my_hand_data\videos\grab_seq43_20251118_120639_492864.avi,89.48469789295903,360,90,HIGH,VIDEO_RECORDING,2025-11-18T12:06:43.630364
