timestamp,frame_id,hand_id,hand_type,confidence,palm_x,palm_y,palm_z,palm_normal_x,palm_normal_y,palm_normal_z,palm_velocity_x,palm_velocity_y,palm_velocity_z,grab_strength,pinch_strength,pinch_distance,thumb_extended,index_extended,middle_extended,ring_extended,pinky_extended,thumb_tip_x,thumb_tip_y,thumb_tip_z,index_tip_x,index_tip_y,index_tip_z,gesture_type,sequence_id,recording_timestamp,video_file_path,performance_actual_fps,performance_total_frames,performance_target_fps,performance_quality,performance_mode,video_recording_time
2025-11-18 12:04:53.878213,1,251,HandType.Left,0.7536429166793823,-299.92266845703125,178.26907348632812,44.85121154785156,0.9912253022193909,-0.11589157581329346,-0.06357286870479584,50.26288986206055,-47.8770866394043,-38.523338317871094,0.0,0.0,65.46833801269531,0,1,1,1,1,-248.91429138183594,211.0836944580078,31.848058700561523,-310.822265625,210.94033813476562,-36.90229034423828,grab,40,2025-11-18T12:04:53.878213,my_hand_data\videos\grab_seq40_20251118_120453_855467.avi,89.70942891685223,360,90,HIGH,VIDEO_RECORDING,2025-11-18T12:04:57.934518
2025-11-18 12:04:53.878213,2,251,HandType.Left,0.7500770092010498,-299.05242919921875,177.4318084716797,44.50100326538086,0.9908689856529236,-0.12484888732433319,-0.05090568587183952,76.90205383300781,-73.98890686035156,-30.948219299316406,0.0,0.0,66.05288696289062,0,1,1,1,1,-246.7902069091797,209.4514923095703,32.15773010253906,-309.0519714355469,209.83746337890625,-37.51588439941406,grab,40,2025-11-18T12:04:53.878213,my_hand_data\videos\grab_seq40_20251118_120453_855467.avi,89.70942891685223,360,90,HIGH,VIDEO_RECORDING,2025-11-18T12:04:57.934518
2025-11-18 12:04:53.894194,3,251,HandType.Left,0.7561353445053101,-298.2338562011719,176.77554321289062,44.11697769165039,0.9897754788398743,-0.13610826432704926,-0.042650025337934494,75.31350708007812,-60.38039779663086,-35.33208084106445,0.0,0.0,66.81916809082031,0,1,1,1,1,-244.7627410888672,207.29759216308594,32.792152404785156,-306.8485107421875,208.5148162841797,-38.30735397338867,grab,40,2025-11-18T12:04:53.894194,my_hand_data\videos\grab_seq40_20251118_120453_855467.avi,89.70942891685223,360,90,HIGH,VIDEO_RECORDING,2025-11-18T12:04:57.934518
2025-11-18 12:04:53.896999,4,251,HandType.Left,0.7561353445053101,-298.2338562011719,176.77554321289062,44.11697769165039,0.9897754788398743,-0.13610826432704926,-0.042650025337934494,75.31350708007812,-60.38039779663086,-35.33208084106445,0.0,0.0,66.81916809082031,0,1,1,1,1,-244.7627410888672,207.29759216308594,32.792152404785156,-306.8485107421875,208.5148162841797,-38.30735397338867,grab,40,2025-11-18T12:04:53.896999,my_hand_data\videos\grab_seq40_20251118_120453_855467.avi,89.70942891685223,360,90,HIGH,VIDEO_RECORDING,2025-11-18T12:04:57.934518
2025-11-18 12:04:53.925969,5,251,HandType.Left,0.7442397475242615,-296.49615478515625,175.0643768310547,43.05418014526367,0.9869498610496521,-0.16071541607379913,-0.010025562718510628,92.0179672241211,-88.37158203125,-48.46809768676758,0.0,0.0,67.08954620361328,1,1,1,1,1,-242.32464599609375,204.7010040283203,34.05946350097656,-301.999267578125,206.10264587402344,-39.71009826660156,grab,40,2025-11-18T12:04:53.925969,my_hand_data\videos\grab_seq40_20251118_120453_855467.avi,89.70942891685223,360,90,HIGH,VIDEO_RECORDING,2025-11-18T12:04:57.934518
2025-11-18 12:04:53.932555,6,251,HandType.Left,0.7386794090270996,-295.12982177734375,173.99295043945312,42.423240661621094,0.9848669767379761,-0.17318230867385864,0.006702752783894539,127.3257827758789,-99.84461975097656,-58.79597854614258,0.0,0.0,67.42233276367188,1,1,1,1,1,-240.51040649414062,202.63978576660156,34.836952209472656,-298.96539306640625,204.39956665039062,-40.5413703918457,grab,40,2025-11-18T12:04:53.932555,my_hand_data\videos\grab_seq40_20251118_120453_855467.avi,89.70942891685223,360,90,HIGH,VIDEO_RECORDING,2025-11-18T12:04:57.934518
2025-11-18 12:04:53.936663,7,251,HandType.Left,0.7205582857131958,-293.8742370605469,172.7821502685547,41.76544952392578,0.9809221625328064,-0.19290463626384735,0.024072881788015366,108.02561950683594,-104.17227172851562,-56.59400177001953,0.0,0.0,67.06340789794922,1,1,1,1,1,-238.76524353027344,199.96102905273438,34.50979995727539,-295.04388427734375,201.93527221679688,-41.239166259765625,grab,40,2025-11-18T12:04:53.936663,my_hand_data\videos\grab_seq40_20251118_120453_855467.avi,89.70942891685223,360,90,HIGH,VIDEO_RECORDING,2025-11-18T12:04:57.934518
2025-11-18 12:04:53.948820,8,251,HandType.Left,0.731837272644043,-292.4862976074219,172.0695343017578,41.09605407714844,0.9772780537605286,-0.20960521697998047,0.03151649981737137,128.99295043945312,-66.22795867919922,-62.21147155761719,0.0,0.0,68.24494934082031,1,1,1,1,1,-236.17584228515625,197.9661407470703,35.290199279785156,-292.8952941894531,200.957275390625,-42.31683349609375,grab,40,2025-11-18T12:04:53.948820,my_hand_data\videos\grab_seq40_20251118_120453_855467.avi,89.70942891685223,360,90,HIGH,VIDEO_RECORDING,2025-11-18T12:04:57.934518
2025-11-18 12:04:53.957304,9,251,HandType.Left,0.731837272644043,-292.4862976074219,172.0695343017578,41.09605407714844,0.9772780537605286,-0.20960521697998047,0.03151649981737137,128.99295043945312,-66.22795867919922,-62.21147155761719,0.0,0.0,68.24494934082031,1,1,1,1,1,-236.17584228515625,197.9661407470703,35.290199279785156,-292.8952941894531,200.957275390625,-42.31683349609375,grab,40,2025-11-18T12:04:53.957304,my_hand_data\videos\grab_seq40_20251118_120453_855467.avi,89.70942891685223,360,90,HIGH,VIDEO_RECORDING,2025-11-18T12:04:57.934518
2025-11-18 12:04:53.972985,10,251,HandType.Left,0.7445942163467407,-289.8951416015625,171.1369171142578,39.47978591918945,0.9668538570404053,-0.25050634145736694,0.04939792677760124,115.56217193603516,-42.301334381103516,-77.15780639648438,0.0,0.0,71.08478546142578,1,1,1,1,1,-230.36294555664062,192.9515838623047,36.35918045043945,-288.5804748535156,198.29908752441406,-44.857704162597656,grab,40,2025-11-18T12:04:53.972985,my_hand_data\videos\grab_seq40_20251118_120453_855467.avi,89.70942891685223,360,90,HIGH,VIDEO_RECORDING,2025-11-18T12:04:57.934518
2025-11-18 12:04:53.976022,11,251,HandType.Left,0.7445942163467407,-289.8951416015625,171.1369171142578,39.47978591918945,0.9668538570404053,-0.25050634145736694,0.04939792677760124,115.56217193603516,-42.301334381103516,-77.15780639648438,0.0,0.0,71.08478546142578,1,1,1,1,1,-230.36294555664062,192.9515838623047,36.35918045043945,-288.5804748535156,198.29908752441406,-44.857704162597656,grab,40,2025-11-18T12:04:53.976022,my_hand_data\videos\grab_seq40_20251118_120453_855467.avi,89.70942891685223,360,90,HIGH,VIDEO_RECORDING,2025-11-18T12:04:57.934518
2025-11-18 12:04:54.005049,12,251,HandType.Left,0.7431394457817078,-285.7669372558594,169.30979919433594,36.759124755859375,0.9419991374015808,-0.3235340118408203,0.0892375186085701,139.27194213867188,-60.86621856689453,-85.68592071533203,0.0,0.0,73.83885955810547,1,1,1,1,1,-221.67471313476562,186.5841522216797,36.63084411621094,-280.6559753417969,193.45436096191406,-48.381813049316406,grab,40,2025-11-18T12:04:54.005049,my_hand_data\videos\grab_seq40_20251118_120453_855467.avi,89.70942891685223,360,90,HIGH,VIDEO_RECORDING,2025-11-18T12:04:57.934518
2025-11-18 12:04:54.009065,13,251,HandType.Left,0.7431394457817078,-285.7669372558594,169.30979919433594,36.759124755859375,0.9419991374015808,-0.3235340118408203,0.0892375186085701,139.27194213867188,-60.86621856689453,-85.68592071533203,0.0,0.0,73.83885955810547,1,1,1,1,1,-221.67471313476562,186.5841522216797,36.63084411621094,-280.6559753417969,193.45436096191406,-48.381813049316406,grab,40,2025-11-18T12:04:54.009065,my_hand_data\videos\grab_seq40_20251118_120453_855467.avi,89.70942891685223,360,90,HIGH,VIDEO_RECORDING,2025-11-18T12:04:57.934518
2025-11-18 12:04:54.020787,14,251,HandType.Left,0.7461437582969666,-284.15863037109375,168.79017639160156,35.82843780517578,0.934960663318634,-0.34148457646369934,0.09610877186059952,143.93431091308594,-46.50212860107422,-83.29033660888672,0.0,0.0,74.92273712158203,1,1,1,1,1,-218.4735107421875,183.52235412597656,36.349327087402344,-278.2961120605469,191.97569274902344,-49.38714599609375,grab,40,2025-11-18T12:04:54.020787,my_hand_data\videos\grab_seq40_20251118_120453_855467.avi,89.70942891685223,360,90,HIGH,VIDEO_RECORDING,2025-11-18T12:04:57.934518
2025-11-18 12:04:54.029939,15,251,HandType.Left,0.7529007196426392,-282.49041748046875,168.25387573242188,34.777923583984375,0.9265722632408142,-0.36225950717926025,0.10115304589271545,142.3515625,-45.76393508911133,-89.6418685913086,0.0,0.0,76.0513916015625,1,1,1,1,1,-215.3264617919922,180.36424255371094,36.05818557739258,-275.4936828613281,190.1249542236328,-50.73936462402344,grab,40,2025-11-18T12:04:54.029939,my_hand_data\videos\grab_seq40_20251118_120453_855467.avi,89.70942891685223,360,90,HIGH,VIDEO_RECORDING,2025-11-18T12:04:57.934518
2025-11-18 12:04:54.036672,16,251,HandType.Left,0.7529007196426392,-282.49041748046875,168.25387573242188,34.777923583984375,0.9265722632408142,-0.36225950717926025,0.10115304589271545,142.3515625,-45.76393508911133,-89.6418685913086,0.0,0.0,76.0513916015625,1,1,1,1,1,-215.3264617919922,180.36424255371094,36.05818557739258,-275.4936828613281,190.1249542236328,-50.73936462402344,grab,40,2025-11-18T12:04:54.036672,my_hand_data\videos\grab_seq40_20251118_120453_855467.avi,89.70942891685223,360,90,HIGH,VIDEO_RECORDING,2025-11-18T12:04:57.934518
2025-11-18 12:04:54.052924,17,251,HandType.Left,0.7550482749938965,-278.7367248535156,166.83383178710938,32.71947479248047,0.9112268686294556,-0.39301496744155884,0.12330778688192368,191.4344940185547,-81.18412780761719,-87.5643310546875,0.0,0.0,76.54580688476562,1,1,1,1,1,-211.1968536376953,174.86695861816406,35.814632415771484,-269.11083984375,187.2346954345703,-52.585289001464844,grab,40,2025-11-18T12:04:54.052924,my_hand_data\videos\grab_seq40_20251118_120453_855467.avi,89.70942891685223,360,90,HIGH,VIDEO_RECORDING,2025-11-18T12:04:57.934518
2025-11-18 12:04:54.056934,18,251,HandType.Left,0.7550482749938965,-278.7367248535156,166.83383178710938,32.71947479248047,0.9112268686294556,-0.39301496744155884,0.12330778688192368,191.4344940185547,-81.18412780761719,-87.5643310546875,0.0,0.0,76.54580688476562,1,1,1,1,1,-211.1968536376953,174.86695861816406,35.814632415771484,-269.11083984375,187.2346954345703,-52.585289001464844,grab,40,2025-11-18T12:04:54.056934,my_hand_data\videos\grab_seq40_20251118_120453_855467.avi,89.70942891685223,360,90,HIGH,VIDEO_RECORDING,2025-11-18T12:04:57.934518
2025-11-18 12:04:54.068112,19,251,HandType.Left,0.7516981959342957,-276.6205139160156,166.0276641845703,31.995412826538086,0.9030179381370544,-0.4068559408187866,0.13793805241584778,193.6841278076172,-73.78334045410156,-66.26964569091797,0.0,0.0,76.64478302001953,1,1,1,1,1,-208.3884735107422,171.63685607910156,35.62784194946289,-265.6972961425781,186.26060485839844,-52.96577072143555,grab,40,2025-11-18T12:04:54.068112,my_hand_data\videos\grab_seq40_20251118_120453_855467.avi,89.70942891685223,360,90,HIGH,VIDEO_RECORDING,2025-11-18T12:04:57.934518
2025-11-18 12:04:54.083273,20,251,HandType.Left,0.7503284215927124,-272.4924621582031,164.66346740722656,30.317312240600586,0.8909022808074951,-0.42557618021965027,0.15867583453655243,194.79344177246094,-63.557708740234375,-76.74507141113281,0.0,0.0,76.85392761230469,0,1,1,1,1,-204.19158935546875,167.49806213378906,35.31438446044922,-260.0399475097656,185.08815002441406,-54.23627853393555,grab,40,2025-11-18T12:04:54.083273,my_hand_data\videos\grab_seq40_20251118_120453_855467.avi,89.70942891685223,360,90,HIGH,VIDEO_RECORDING,2025-11-18T12:04:57.934518
2025-11-18 12:04:54.098957,21,251,HandType.Left,0.7575018405914307,-270.6795654296875,164.23760986328125,29.108844757080078,0.8891811966896057,-0.42812642455101013,0.16144536435604095,162.47515869140625,-38.16572952270508,-108.3049087524414,0.0,0.0,77.33943176269531,0,1,1,1,1,-202.12399291992188,165.3656005859375,34.7979621887207,-257.87286376953125,184.42503356933594,-55.72664260864258,grab,40,2025-11-18T12:04:54.098957,my_hand_data\videos\grab_seq40_20251118_120453_855467.avi,89.70942891685223,360,90,HIGH,VIDEO_RECORDING,2025-11-18T12:04:57.934518
2025-11-18 12:04:54.104288,22,251,HandType.Left,0.7576566934585571,-268.8630065917969,163.85157775878906,28.16715431213379,0.885581374168396,-0.4322533905506134,0.1700078845024109,161.21377563476562,-34.25926208496094,-83.57213592529297,0.0,0.0,77.47388458251953,0,1,1,1,1,-200.2837677001953,163.79214477539062,34.3480339050293,-254.98822021484375,183.88502502441406,-56.56208419799805,grab,40,2025-11-18T12:04:54.105367,my_hand_data\videos\grab_seq40_20251118_120453_855467.avi,89.70942891685223,360,90,HIGH,VIDEO_RECORDING,2025-11-18T12:04:57.934518
2025-11-18 12:04:54.114604,23,251,HandType.Left,0.7576566934585571,-268.8630065917969,163.85157775878906,28.16715431213379,0.885581374168396,-0.4322533905506134,0.1700078845024109,161.21377563476562,-34.25926208496094,-83.57213592529297,0.0,0.0,77.47388458251953,0,1,1,1,1,-200.2837677001953,163.79214477539062,34.3480339050293,-254.98822021484375,183.88502502441406,-56.56208419799805,grab,40,2025-11-18T12:04:54.114604,my_hand_data\videos\grab_seq40_20251118_120453_855467.avi,89.70942891685223,360,90,HIGH,VIDEO_RECORDING,2025-11-18T12:04:57.934518
2025-11-18 12:04:54.130562,24,251,HandType.Left,0.740565299987793,-264.9982604980469,162.67828369140625,26.245683670043945,0.8686280250549316,-0.4565567374229431,0.19246113300323486,171.5633544921875,-68.11347961425781,-84.3161849975586,0.0,0.0,77.66068267822266,0,1,1,1,1,-196.39453125,159.7307891845703,32.708065032958984,-249.7112274169922,183.03819274902344,-57.622718811035156,grab,40,2025-11-18T12:04:54.130562,my_hand_data\videos\grab_seq40_20251118_120453_855467.avi,89.70942891685223,360,90,HIGH,VIDEO_RECORDING,2025-11-18T12:04:57.934518
2025-11-18 12:04:54.137134,25,251,HandType.Left,0.7481353878974915,-262.76251220703125,162.3362579345703,25.358352661132812,0.8673340678215027,-0.45794740319252014,0.1949765384197235,198.41476440429688,-30.353513717651367,-78.74794006347656,0.0,0.0,78.28324127197266,0,1,1,1,1,-193.75709533691406,157.33639526367188,32.834197998046875,-247.9204864501953,182.92645263671875,-58.67903137207031,grab,40,2025-11-18T12:04:54.137134,my_hand_data\videos\grab_seq40_20251118_120453_855467.avi,89.70942891685223,360,90,HIGH,VIDEO_RECORDING,2025-11-18T12:04:57.934518
2025-11-18 12:04:54.161586,26,251,HandType.Left,0.761301577091217,-259.2920837402344,162.05479431152344,23.52940559387207,0.8621460795402527,-0.4668073058128357,0.19696463644504547,125.80543518066406,3.4600069522857666,-84.7779541015625,0.0,0.0,79.33709716796875,0,1,1,1,1,-189.14190673828125,154.5692138671875,32.314029693603516,-243.4635772705078,181.63540649414062,-60.926795959472656,grab,40,2025-11-18T12:04:54.161586,my_hand_data\videos\grab_seq40_20251118_120453_855467.avi,89.70942891685223,360,90,HIGH,VIDEO_RECORDING,2025-11-18T12:04:57.934518
2025-11-18 12:04:54.166685,27,251,HandType.Left,0.761301577091217,-259.2920837402344,162.05479431152344,23.52940559387207,0.8621460795402527,-0.4668073058128357,0.19696463644504547,125.80543518066406,3.4600069522857666,-84.7779541015625,0.0,0.0,79.33709716796875,0,1,1,1,1,-189.14190673828125,154.5692138671875,32.314029693603516,-243.4635772705078,181.63540649414062,-60.926795959472656,grab,40,2025-11-18T12:04:54.166685,my_hand_data\videos\grab_seq40_20251118_120453_855467.avi,89.70942891685223,360,90,HIGH,VIDEO_RECORDING,2025-11-18T12:04:57.934518
2025-11-18 12:04:54.170812,28,251,HandType.Left,0.7638014554977417,-257.5779113769531,161.90774536132812,22.54758644104004,0.8578311800956726,-0.47337374091148376,0.20010729134082794,154.4564971923828,-13.249451637268066,-88.46820068359375,0.0,0.0,79.67781829833984,0,1,1,1,1,-187.06765747070312,153.40093994140625,32.10552978515625,-240.34884643554688,180.70230102539062,-61.989253997802734,grab,40,2025-11-18T12:04:54.170812,my_hand_data\videos\grab_seq40_20251118_120453_855467.avi,89.70942891685223,360,90,HIGH,VIDEO_RECORDING,2025-11-18T12:04:57.934518
2025-11-18 12:04:54.179671,29,251,HandType.Left,0.7638014554977417,-257.5779113769531,161.90774536132812,22.54758644104004,0.8578311800956726,-0.47337374091148376,0.20010729134082794,154.4564971923828,-13.249451637268066,-88.46820068359375,0.0,0.0,79.67781829833984,0,1,1,1,1,-187.06765747070312,153.40093994140625,32.10552978515625,-240.34884643554688,180.70230102539062,-61.989253997802734,grab,40,2025-11-18T12:04:54.179671,my_hand_data\videos\grab_seq40_20251118_120453_855467.avi,89.70942891685223,360,90,HIGH,VIDEO_RECORDING,2025-11-18T12:04:57.934518
2025-11-18 12:04:54.193589,30,251,HandType.Left,0.7425032258033752,-253.6914520263672,161.31105041503906,21.113143920898438,0.8479413390159607,-0.48405739665031433,0.21606473624706268,181.1497344970703,-33.327144622802734,-68.57133483886719,0.0,0.0,80.44595336914062,0,1,1,1,1,-183.0959014892578,150.80467224121094,31.59739875793457,-235.7837677001953,180.22653198242188,-63.11164855957031,grab,40,2025-11-18T12:04:54.193589,my_hand_data\videos\grab_seq40_20251118_120453_855467.avi,89.70942891685223,360,90,HIGH,VIDEO_RECORDING,2025-11-18T12:04:57.934518
2025-11-18 12:04:54.196506,31,251,HandType.Left,0.7425032258033752,-253.6914520263672,161.31105041503906,21.113143920898438,0.8479413390159607,-0.48405739665031433,0.21606473624706268,181.1497344970703,-33.327144622802734,-68.57133483886719,0.0,0.0,80.44595336914062,0,1,1,1,1,-183.0959014892578,150.80467224121094,31.59739875793457,-235.7837677001953,180.22653198242188,-63.11164855957031,grab,40,2025-11-18T12:04:54.196506,my_hand_data\videos\grab_seq40_20251118_120453_855467.avi,89.70942891685223,360,90,HIGH,VIDEO_RECORDING,2025-11-18T12:04:57.934518
2025-11-18 12:04:54.225318,32,251,HandType.Left,0.7363830804824829,-250.13226318359375,160.99276733398438,19.659217834472656,0.839931309223175,-0.49478644132614136,0.22293885052204132,152.2349853515625,-10.427734375,-60.649200439453125,0.0,0.0,80.89727020263672,0,1,1,1,1,-179.6080322265625,148.42274475097656,31.206811904907227,-231.27569580078125,178.85545349121094,-64.47108459472656,grab,40,2025-11-18T12:04:54.225318,my_hand_data\videos\grab_seq40_20251118_120453_855467.avi,89.70942891685223,360,90,HIGH,VIDEO_RECORDING,2025-11-18T12:04:57.934518
2025-11-18 12:04:54.227828,33,251,HandType.Left,0.745629608631134,-248.59356689453125,161.034423828125,18.907926559448242,0.8381089568138123,-0.49890565872192383,0.2206047922372818,142.32777404785156,3.8539435863494873,-69.49322509765625,0.0,0.0,81.27782440185547,0,1,1,1,1,-178.02967834472656,147.67433166503906,31.063228607177734,-229.4956817626953,178.11627197265625,-65.51783752441406,grab,40,2025-11-18T12:04:54.227828,my_hand_data\videos\grab_seq40_20251118_120453_855467.avi,89.70942891685223,360,90,HIGH,VIDEO_RECORDING,2025-11-18T12:04:57.934518
2025-11-18 12:04:54.235768,34,251,HandType.Left,0.7533594369888306,-247.30148315429688,161.2423858642578,18.16585922241211,0.8358145356178284,-0.5036077499389648,0.2186167687177658,116.65505981445312,18.77587127685547,-66.99778747558594,0.0,0.0,81.54332733154297,0,1,1,1,1,-176.6566619873047,146.80514526367188,30.705869674682617,-227.5802764892578,177.419189453125,-66.51349639892578,grab,40,2025-11-18T12:04:54.235768,my_hand_data\videos\grab_seq40_20251118_120453_855467.avi,89.70942891685223,360,90,HIGH,VIDEO_RECORDING,2025-11-18T12:04:57.934518
2025-11-18 12:04:54.257063,35,251,HandType.Left,0.7580004930496216,-245.86199951171875,161.27621459960938,17.54473304748535,0.8326492309570312,-0.5090975165367126,0.2179793268442154,127.02854919433594,2.984734058380127,-54.81184005737305,0.0,0.0,81.78472137451172,0,1,1,1,1,-175.15203857421875,145.9549102783203,30.46969985961914,-225.52090454101562,177.2882843017578,-67.14968872070312,grab,40,2025-11-18T12:04:54.257063,my_hand_data\videos\grab_seq40_20251118_120453_855467.avi,89.70942891685223,360,90,HIGH,VIDEO_RECORDING,2025-11-18T12:04:57.934518
2025-11-18 12:04:54.257063,36,251,HandType.Left,0.7562072277069092,-244.0010986328125,161.12518310546875,16.814435958862305,0.8246238231658936,-0.5197716355323792,0.22323313355445862,171.16514587402344,-13.891902923583984,-67.1722412109375,0.0,0.0,82.04215240478516,0,1,1,1,1,-173.3828582763672,144.81875610351562,30.156652450561523,-223.4653778076172,177.26821899414062,-67.74805450439453,grab,40,2025-11-18T12:04:54.257063,my_hand_data\videos\grab_seq40_20251118_120453_855467.avi,89.70942891685223,360,90,HIGH,VIDEO_RECORDING,2025-11-18T12:04:57.934518
2025-11-18 12:04:54.270583,37,251,HandType.Left,0.7562072277069092,-244.0010986328125,161.12518310546875,16.814435958862305,0.8246238231658936,-0.5197716355323792,0.22323313355445862,171.16514587402344,-13.891902923583984,-67.1722412109375,0.0,0.0,82.04215240478516,0,1,1,1,1,-173.3828582763672,144.81875610351562,30.156652450561523,-223.4653778076172,177.26821899414062,-67.74805450439453,grab,40,2025-11-18T12:04:54.270583,my_hand_data\videos\grab_seq40_20251118_120453_855467.avi,89.70942891685223,360,90,HIGH,VIDEO_RECORDING,2025-11-18T12:04:57.934518
2025-11-18 12:04:54.289024,38,251,HandType.Left,0.7514749765396118,-241.26718139648438,161.26695251464844,15.457489967346191,0.8073827624320984,-0.5425469279289246,0.23189634084701538,107.01715850830078,14.44176959991455,-58.73985290527344,0.0,0.0,82.24358367919922,0,1,1,1,1,-171.04348754882812,142.86514282226562,29.5374698638916,-219.08590698242188,177.50753784179688,-68.34606170654297,grab,40,2025-11-18T12:04:54.289024,my_hand_data\videos\grab_seq40_20251118_120453_855467.avi,89.70942891685223,360,90,HIGH,VIDEO_RECORDING,2025-11-18T12:04:57.934518
2025-11-18 12:04:54.291692,39,251,HandType.Left,0.7526417374610901,-240.00535583496094,161.39434814453125,14.774392127990723,0.8008132576942444,-0.5507957935333252,0.23520641028881073,117.7407455444336,11.88615894317627,-63.73963928222656,0.0,0.0,82.38623046875,0,1,1,1,1,-169.80810546875,141.76783752441406,29.621898651123047,-216.5254669189453,177.07199096679688,-68.77604675292969,grab,40,2025-11-18T12:04:54.291692,my_hand_data\videos\grab_seq40_20251118_120453_855467.avi,89.70942891685223,360,90,HIGH,VIDEO_RECORDING,2025-11-18T12:04:57.934518
2025-11-18 12:04:54.300141,40,251,HandType.Left,0.7526417374610901,-240.00535583496094,161.39434814453125,14.774392127990723,0.8008132576942444,-0.5507957935333252,0.23520641028881073,117.7407455444336,11.88615894317627,-63.73963928222656,0.0,0.0,82.38623046875,0,1,1,1,1,-169.80810546875,141.76783752441406,29.621898651123047,-216.5254669189453,177.07199096679688,-68.77604675292969,grab,40,2025-11-18T12:04:54.300141,my_hand_data\videos\grab_seq40_20251118_120453_855467.avi,89.70942891685223,360,90,HIGH,VIDEO_RECORDING,2025-11-18T12:04:57.934518
2025-11-18 12:04:54.320352,41,251,HandType.Left,0.7596287727355957,-237.5021514892578,161.3416748046875,13.3946533203125,0.7898270487785339,-0.5652838349342346,0.23796503245830536,125.7245101928711,-9.750516891479492,-65.76252746582031,0.0,0.0,82.28174591064453,0,1,1,1,1,-167.53866577148438,140.61109924316406,29.179349899291992,-211.31884765625,175.25045776367188,-69.56370544433594,grab,40,2025-11-18T12:04:54.320352,my_hand_data\videos\grab_seq40_20251118_120453_855467.avi,89.70942891685223,360,90,HIGH,VIDEO_RECORDING,2025-11-18T12:04:57.934518
2025-11-18 12:04:54.326725,42,251,HandType.Left,0.7635690569877625,-236.33323669433594,161.272216796875,12.678462982177734,0.784212052822113,-0.5732311010360718,0.23752379417419434,104.77975463867188,-6.2254486083984375,-64.1977767944336,0.0,0.0,82.27030944824219,0,1,1,1,1,-166.79388427734375,139.6640167236328,28.681110382080078,-209.3453369140625,174.48660278320312,-70.09799194335938,grab,40,2025-11-18T12:04:54.326725,my_hand_data\videos\grab_seq40_20251118_120453_855467.avi,89.70942891685223,360,90,HIGH,VIDEO_RECORDING,2025-11-18T12:04:57.934518
2025-11-18 12:04:54.335780,43,251,HandType.Left,0.7679989337921143,-234.9987335205078,161.14346313476562,12.05105972290039,0.7749722599983215,-0.584865152835846,0.23948019742965698,119.7505111694336,-11.553261756896973,-56.29966735839844,0.0,0.0,82.07378387451172,0,1,1,1,1,-165.4994659423828,138.93533325195312,28.070098876953125,-207.29920959472656,173.65956115722656,-70.53983306884766,grab,40,2025-11-18T12:04:54.335780,my_hand_data\videos\grab_seq40_20251118_120453_855467.avi,89.70942891685223,360,90,HIGH,VIDEO_RECORDING,2025-11-18T12:04:57.934518
2025-11-18 12:04:54.351443,44,251,HandType.Left,0.7680188417434692,-233.7376708984375,161.13108825683594,11.481738090515137,0.7681589722633362,-0.5924739837646484,0.24270644783973694,113.12971496582031,-1.1113288402557373,-51.07399368286133,0.0,0.0,81.91238403320312,0,1,1,1,1,-164.54750061035156,138.36697387695312,27.553476333618164,-205.46791076660156,173.16757202148438,-70.86498260498047,grab,40,2025-11-18T12:04:54.351443,my_hand_data\videos\grab_seq40_20251118_120453_855467.avi,89.70942891685223,360,90,HIGH,VIDEO_RECORDING,2025-11-18T12:04:57.934518
2025-11-18 12:04:54.351443,45,251,HandType.Left,0.7680188417434692,-233.7376708984375,161.13108825683594,11.481738090515137,0.7681589722633362,-0.5924739837646484,0.24270644783973694,113.12971496582031,-1.1113288402557373,-51.07399368286133,0.0,0.0,81.91238403320312,0,1,1,1,1,-164.54750061035156,138.36697387695312,27.553476333618164,-205.46791076660156,173.16757202148438,-70.86498260498047,grab,40,2025-11-18T12:04:54.351443,my_hand_data\videos\grab_seq40_20251118_120453_855467.avi,89.70942891685223,360,90,HIGH,VIDEO_RECORDING,2025-11-18T12:04:57.934518
2025-11-18 12:04:54.367493,46,251,HandType.Left,0.7658494114875793,-232.33416748046875,161.0740966796875,10.88528823852539,0.7615844011306763,-0.598954439163208,0.24747274816036224,128.02239990234375,-5.198025226593018,-54.405662536621094,0.0,0.0,81.9271240234375,0,1,1,1,1,-163.44680786132812,137.6454620361328,27.364572525024414,-203.60096740722656,172.89022827148438,-71.22674560546875,grab,40,2025-11-18T12:04:54.367493,my_hand_data\videos\grab_seq40_20251118_120453_855467.avi,89.70942891685223,360,90,HIGH,VIDEO_RECORDING,2025-11-18T12:04:57.934518
2025-11-18 12:04:54.383367,47,251,HandType.Left,0.7616340517997742,-230.0760040283203,160.9649658203125,9.964200973510742,0.7489239573478699,-0.6126327514648438,0.25257471203804016,98.27253723144531,-9.398075103759766,-34.03291702270508,0.0,0.0,81.74004364013672,0,1,1,1,1,-162.13392639160156,135.78260803222656,27.06157875061035,-198.78427124023438,171.4658203125,-71.28234100341797,grab,40,2025-11-18T12:04:54.383367,my_hand_data\videos\grab_seq40_20251118_120453_855467.avi,89.70942891685223,360,90,HIGH,VIDEO_RECORDING,2025-11-18T12:04:57.934518
2025-11-18 12:04:54.399089,48,251,HandType.Left,0.7616019248962402,-229.02978515625,160.90965270996094,9.55124282836914,0.7437019348144531,-0.617888867855072,0.2551877796649933,95.61575317382812,-5.055296897888184,-37.74067687988281,0.0,0.0,81.60166931152344,0,1,1,1,1,-161.61087036132812,134.53167724609375,27.240671157836914,-195.92747497558594,170.1051788330078,-70.9709243774414,grab,40,2025-11-18T12:04:54.399089,my_hand_data\videos\grab_seq40_20251118_120453_855467.avi,89.70942891685223,360,90,HIGH,VIDEO_RECORDING,2025-11-18T12:04:57.934518
2025-11-18 12:04:54.402560,49,251,HandType.Left,0.7617293000221252,-227.88128662109375,160.73013305664062,9.0361967086792,0.7397714853286743,-0.6216784119606018,0.2573987543582916,103.27287292480469,-16.14264678955078,-46.312965393066406,0.0,0.0,81.52320861816406,0,1,1,1,1,-161.0560760498047,133.30563354492188,27.270112991333008,-193.1583251953125,168.60801696777344,-70.95271301269531,grab,40,2025-11-18T12:04:54.402560,my_hand_data\videos\grab_seq40_20251118_120453_855467.avi,89.70942891685223,360,90,HIGH,VIDEO_RECORDING,2025-11-18T12:04:57.934518
2025-11-18 12:04:54.407383,50,251,HandType.Left,0.7617293000221252,-227.88128662109375,160.73013305664062,9.0361967086792,0.7397714853286743,-0.6216784119606018,0.2573987543582916,103.27287292480469,-16.14264678955078,-46.312965393066406,0.0,0.0,81.52320861816406,0,1,1,1,1,-161.0560760498047,133.30563354492188,27.270112991333008,-193.1583251953125,168.60801696777344,-70.95271301269531,grab,40,2025-11-18T12:04:54.407383,my_hand_data\videos\grab_seq40_20251118_120453_855467.avi,89.70942891685223,360,90,HIGH,VIDEO_RECORDING,2025-11-18T12:04:57.934518
2025-11-18 12:04:54.430785,51,251,HandType.Left,0.7658161520957947,-225.93319702148438,160.62135314941406,8.167789459228516,0.7318137884140015,-0.6294047236442566,0.2613394260406494,88.54005432128906,-6.979694366455078,-31.096017837524414,0.0,0.0,81.30960083007812,0,1,1,1,1,-160.12796020507812,131.33132934570312,27.227998733520508,-188.95361328125,166.09571838378906,-70.87506866455078,grab,40,2025-11-18T12:04:54.430785,my_hand_data\videos\grab_seq40_20251118_120453_855467.avi,89.70942891685223,360,90,HIGH,VIDEO_RECORDING,2025-11-18T12:04:57.934518
2025-11-18 12:04:54.432919,52,251,HandType.Left,0.7658161520957947,-225.93319702148438,160.62135314941406,8.167789459228516,0.7318137884140015,-0.6294047236442566,0.2613394260406494,88.54005432128906,-6.979694366455078,-31.096017837524414,0.0,0.0,81.30960083007812,0,1,1,1,1,-160.12796020507812,131.33132934570312,27.227998733520508,-188.95361328125,166.09571838378906,-70.87506866455078,grab,40,2025-11-18T12:04:54.432919,my_hand_data\videos\grab_seq40_20251118_120453_855467.avi,89.70942891685223,360,90,HIGH,VIDEO_RECORDING,2025-11-18T12:04:57.934518
2025-11-18 12:04:54.446091,53,251,HandType.Left,0.7683092951774597,-224.8571014404297,160.42544555664062,7.837482452392578,0.7269331216812134,-0.6338697671890259,0.2641540467739105,96.73731994628906,-17.610570907592773,-29.693159103393555,0.0,0.0,81.21715545654297,0,1,1,1,1,-159.71670532226562,130.15870666503906,27.16175079345703,-187.1959228515625,165.32028198242188,-70.90528106689453,grab,40,2025-11-18T12:04:54.446091,my_hand_data\videos\grab_seq40_20251118_120453_855467.avi,89.70942891685223,360,90,HIGH,VIDEO_RECORDING,2025-11-18T12:04:57.934518
2025-11-18 12:04:54.462159,54,251,HandType.Left,0.7736461162567139,-222.71307373046875,160.06878662109375,7.259382724761963,0.7181674838066101,-0.6397770047187805,0.27371683716773987,104.65754699707031,-22.638896942138672,-22.77025032043457,0.0,0.0,80.51374053955078,0,1,1,1,1,-159.22314453125,128.48678588867188,26.797388076782227,-182.8212890625,162.5738525390625,-70.462158203125,grab,40,2025-11-18T12:04:54.462159,my_hand_data\videos\grab_seq40_20251118_120453_855467.avi,89.70942891685223,360,90,HIGH,VIDEO_RECORDING,2025-11-18T12:04:57.934518
2025-11-18 12:04:54.467070,55,251,HandType.Left,0.7736461162567139,-222.71307373046875,160.06878662109375,7.259382724761963,0.7181674838066101,-0.6397770047187805,0.27371683716773987,104.65754699707031,-22.638896942138672,-22.77025032043457,0.0,0.0,80.51374053955078,0,1,1,1,1,-159.22314453125,128.48678588867188,26.797388076782227,-182.8212890625,162.5738525390625,-70.462158203125,grab,40,2025-11-18T12:04:54.467070,my_hand_data\videos\grab_seq40_20251118_120453_855467.avi,89.70942891685223,360,90,HIGH,VIDEO_RECORDING,2025-11-18T12:04:57.934518
2025-11-18 12:04:54.494004,56,251,HandType.Left,0.7802661061286926,-219.56626892089844,159.22804260253906,6.763275146484375,0.7003709077835083,-0.6529147028923035,0.28841453790664673,85.392822265625,-19.890262603759766,-20.04955291748047,0.0,0.0,79.36469268798828,0,1,1,1,1,-159.85128784179688,123.601806640625,26.442462921142578,-176.10560607910156,159.3336944580078,-68.769287109375,grab,40,2025-11-18T12:04:54.494004,my_hand_data\videos\grab_seq40_20251118_120453_855467.avi,89.70942891685223,360,90,HIGH,VIDEO_RECORDING,2025-11-18T12:04:57.934518
2025-11-18 12:04:54.494004,57,251,HandType.Left,0.7802661061286926,-219.56626892089844,159.22804260253906,6.763275146484375,0.7003709077835083,-0.6529147028923035,0.28841453790664673,85.392822265625,-19.890262603759766,-20.04955291748047,0.0,0.0,79.36469268798828,0,1,1,1,1,-159.85128784179688,123.601806640625,26.442462921142578,-176.10560607910156,159.3336944580078,-68.769287109375,grab,40,2025-11-18T12:04:54.494004,my_hand_data\videos\grab_seq40_20251118_120453_855467.avi,89.70942891685223,360,90,HIGH,VIDEO_RECORDING,2025-11-18T12:04:57.934518
2025-11-18 12:04:54.506615,58,251,HandType.Left,0.7818503975868225,-218.5222930908203,158.9309844970703,6.507598400115967,0.6945219039916992,-0.6576843857765198,0.29170283675193787,92.79718017578125,-26.405250549316406,-22.726808547973633,0.0,0.0,79.12566375732422,0,1,1,1,1,-159.7858428955078,122.00690460205078,26.306652069091797,-174.1016082763672,158.12823486328125,-68.38119506835938,grab,40,2025-11-18T12:04:54.506615,my_hand_data\videos\grab_seq40_20251118_120453_855467.avi,89.70942891685223,360,90,HIGH,VIDEO_RECORDING,2025-11-18T12:04:57.934518
2025-11-18 12:04:54.526103,59,251,HandType.Left,0.7833305597305298,-216.81301879882812,158.5562744140625,6.199529647827148,0.6819911599159241,-0.6674765944480896,0.2989366054534912,72.96916961669922,-15.944761276245117,-13.808430671691895,0.0,0.0,78.61284637451172,0,1,1,1,1,-159.33868408203125,119.7474594116211,26.019668579101562,-171.0594940185547,156.59390258789062,-67.40184783935547,grab,40,2025-11-18T12:04:54.526103,my_hand_data\videos\grab_seq40_20251118_120453_855467.avi,89.70942891685223,360,90,HIGH,VIDEO_RECORDING,2025-11-18T12:04:57.934518
2025-11-18 12:04:54.527611,60,251,HandType.Left,0.7833305597305298,-216.81301879882812,158.5562744140625,6.199529647827148,0.6819911599159241,-0.6674765944480896,0.2989366054534912,72.96916961669922,-15.944761276245117,-13.808430671691895,0.0,0.0,78.61284637451172,0,1,1,1,1,-159.33868408203125,119.7474594116211,26.019668579101562,-171.0594940185547,156.59390258789062,-67.40184783935547,grab,40,2025-11-18T12:04:54.531252,my_hand_data\videos\grab_seq40_20251118_120453_855467.avi,89.70942891685223,360,90,HIGH,VIDEO_RECORDING,2025-11-18T12:04:57.934518
2025-11-18 12:04:54.537533,61,251,HandType.Left,0.7836340665817261,-216.06475830078125,158.38246154785156,6.0418853759765625,0.6767655611038208,-0.6720597147941589,0.30053970217704773,67.66117095947266,-15.716583251953125,-14.2548189163208,0.0,0.0,78.44917297363281,0,1,1,1,1,-159.10655212402344,118.78636932373047,25.812673568725586,-169.7346649169922,156.00108337402344,-67.04492950439453,grab,40,2025-11-18T12:04:54.537533,my_hand_data\videos\grab_seq40_20251118_120453_855467.avi,89.70942891685223,360,90,HIGH,VIDEO_RECORDING,2025-11-18T12:04:57.934518
2025-11-18 12:04:54.542073,62,251,HandType.Left,0.7836340665817261,-216.06475830078125,158.38246154785156,6.0418853759765625,0.6767655611038208,-0.6720597147941589,0.30053970217704773,67.66117095947266,-15.716583251953125,-14.2548189163208,0.0,0.0,78.44917297363281,0,1,1,1,1,-159.10655212402344,118.78636932373047,25.812673568725586,-169.7346649169922,156.00108337402344,-67.04492950439453,grab,40,2025-11-18T12:04:54.542073,my_hand_data\videos\grab_seq40_20251118_120453_855467.avi,89.70942891685223,360,90,HIGH,VIDEO_RECORDING,2025-11-18T12:04:57.934518
2025-11-18 12:04:54.557815,63,251,HandType.Left,0.7846047282218933,-215.50799560546875,158.2841796875,5.8554863929748535,0.6699339151382446,-0.6780608892440796,0.3023606538772583,51.45249557495117,-9.08237361907959,-17.225669860839844,0.0,0.0,78.22428131103516,0,1,1,1,1,-159.2314910888672,118.15005493164062,25.517576217651367,-168.45726013183594,155.4408721923828,-66.68889617919922,grab,40,2025-11-18T12:04:54.557815,my_hand_data\videos\grab_seq40_20251118_120453_855467.avi,89.70942891685223,360,90,HIGH,VIDEO_RECORDING,2025-11-18T12:04:57.934518
2025-11-18 12:04:54.573621,64,251,HandType.Left,0.7814412117004395,-214.41860961914062,157.9885711669922,5.380836009979248,0.6566259264945984,-0.6880067586898804,0.3090132176876068,49.40325164794922,-13.827820777893066,-17.002145767211914,0.0,0.0,77.48422241210938,0,1,1,1,1,-159.5013427734375,117.08037567138672,25.029390335083008,-165.66893005371094,153.23924255371094,-65.44619750976562,grab,40,2025-11-18T12:04:54.573621,my_hand_data\videos\grab_seq40_20251118_120453_855467.avi,89.70942891685223,360,90,HIGH,VIDEO_RECORDING,2025-11-18T12:04:57.934518
2025-11-18 12:04:54.579659,65,251,HandType.Left,0.7814412117004395,-214.41860961914062,157.9885711669922,5.380836009979248,0.6566259264945984,-0.6880067586898804,0.3090132176876068,49.40325164794922,-13.827820777893066,-17.002145767211914,0.0,0.0,77.48422241210938,0,1,1,1,1,-159.5013427734375,117.08037567138672,25.029390335083008,-165.66893005371094,153.23924255371094,-65.44619750976562,grab,40,2025-11-18T12:04:54.579659,my_hand_data\videos\grab_seq40_20251118_120453_855467.avi,89.70942891685223,360,90,HIGH,VIDEO_RECORDING,2025-11-18T12:04:57.934518
2025-11-18 12:04:54.604889,66,251,HandType.Left,0.7796204686164856,-212.66236877441406,157.11749267578125,4.602102756500244,0.6416982412338257,-0.6997240781784058,0.3140215575695038,49.864044189453125,-27.010690689086914,-20.48981475830078,0.0,0.0,76.36937713623047,0,1,1,1,1,-161.6351776123047,114.46578979492188,24.063383102416992,-161.50265502929688,149.64724731445312,-63.424564361572266,grab,40,2025-11-18T12:04:54.604889,my_hand_data\videos\grab_seq40_20251118_120453_855467.avi,89.70942891685223,360,90,HIGH,VIDEO_RECORDING,2025-11-18T12:04:57.934518
2025-11-18 12:04:54.610927,67,251,HandType.Left,0.7796204686164856,-212.66236877441406,157.11749267578125,4.602102756500244,0.6416982412338257,-0.6997240781784058,0.3140215575695038,49.864044189453125,-27.010690689086914,-20.48981475830078,0.0,0.0,76.36937713623047,0,1,1,1,1,-161.6351776123047,114.46578979492188,24.063383102416992,-161.50265502929688,149.64724731445312,-63.424564361572266,grab,40,2025-11-18T12:04:54.610927,my_hand_data\videos\grab_seq40_20251118_120453_855467.avi,89.70942891685223,360,90,HIGH,VIDEO_RECORDING,2025-11-18T12:04:57.934518
2025-11-18 12:04:54.616859,68,251,HandType.Left,0.7782994508743286,-212.07211303710938,156.76345825195312,4.429781913757324,0.636605441570282,-0.7034316658973694,0.3160971403121948,53.82512283325195,-32.28501892089844,-15.71407413482666,0.0,0.0,76.11092376708984,0,1,1,1,1,-162.04510498046875,113.6883316040039,23.8050594329834,-160.61537170410156,148.64566040039062,-63.076080322265625,grab,40,2025-11-18T12:04:54.616859,my_hand_data\videos\grab_seq40_20251118_120453_855467.avi,89.70942891685223,360,90,HIGH,VIDEO_RECORDING,2025-11-18T12:04:57.934518
2025-11-18 12:04:54.622206,69,251,HandType.Left,0.7782994508743286,-212.07211303710938,156.76345825195312,4.429781913757324,0.636605441570282,-0.7034316658973694,0.3160971403121948,53.82512283325195,-32.28501892089844,-15.71407413482666,0.0,0.0,76.11092376708984,0,1,1,1,1,-162.04510498046875,113.6883316040039,23.8050594329834,-160.61537170410156,148.64566040039062,-63.076080322265625,grab,40,2025-11-18T12:04:54.622206,my_hand_data\videos\grab_seq40_20251118_120453_855467.avi,89.70942891685223,360,90,HIGH,VIDEO_RECORDING,2025-11-18T12:04:57.934518
2025-11-18 12:04:54.635892,70,251,HandType.Left,0.7761668562889099,-211.00946044921875,156.1299285888672,4.2464213371276855,0.6278302073478699,-0.7098885178565979,0.3191981613636017,44.35395431518555,-25.92777442932129,-8.738518714904785,0.0,0.0,75.71439361572266,0,1,1,1,1,-162.9827117919922,112.35851287841797,23.453113555908203,-159.0834197998047,147.32427978515625,-62.66898727416992,grab,40,2025-11-18T12:04:54.635892,my_hand_data\videos\grab_seq40_20251118_120453_855467.avi,89.70942891685223,360,90,HIGH,VIDEO_RECORDING,2025-11-18T12:04:57.934518
2025-11-18 12:04:54.651835,71,251,HandType.Left,0.7759972214698792,-210.61619567871094,155.90122985839844,4.098647117614746,0.6252682209014893,-0.7118744850158691,0.3198035955429077,34.75876998901367,-20.212976455688477,-13.061200141906738,0.0,0.0,75.58409881591797,0,1,1,1,1,-163.1754608154297,111.94953155517578,23.245956420898438,-158.44073486328125,146.80291748046875,-62.540897369384766,grab,40,2025-11-18T12:04:54.651835,my_hand_data\videos\grab_seq40_20251118_120453_855467.avi,89.70942891685223,360,90,HIGH,VIDEO_RECORDING,2025-11-18T12:04:57.934518
2025-11-18 12:04:54.657471,72,251,HandType.Left,0.7759972214698792,-210.61619567871094,155.90122985839844,4.098647117614746,0.6252682209014893,-0.7118744850158691,0.3198035955429077,34.75876998901367,-20.212976455688477,-13.061200141906738,0.0,0.0,75.58409881591797,0,1,1,1,1,-163.1754608154297,111.94953155517578,23.245956420898438,-158.44073486328125,146.80291748046875,-62.540897369384766,grab,40,2025-11-18T12:04:54.657471,my_hand_data\videos\grab_seq40_20251118_120453_855467.avi,89.70942891685223,360,90,HIGH,VIDEO_RECORDING,2025-11-18T12:04:57.934518
2025-11-18 12:04:54.667525,73,251,HandType.Left,0.7764455676078796,-210.26438903808594,155.767578125,3.964114189147949,0.6228358149528503,-0.7138035297393799,0.32024988532066345,32.14955139160156,-12.213525772094727,-12.293976783752441,0.0,0.0,75.40060424804688,0,1,1,1,1,-163.3334197998047,111.70501708984375,23.015275955200195,-157.72598266601562,146.23428344726562,-62.278846740722656,grab,40,2025-11-18T12:04:54.667525,my_hand_data\videos\grab_seq40_20251118_120453_855467.avi,89.70942891685223,360,90,HIGH,VIDEO_RECORDING,2025-11-18T12:04:57.934518
2025-11-18 12:04:54.683182,74,251,HandType.Left,0.7764147520065308,-209.72975158691406,155.64517211914062,3.8008220195770264,0.6170931458473206,-0.7190173864364624,0.3197031021118164,22.096553802490234,-4.208380699157715,-5.894061088562012,0.0,0.0,74.89422607421875,0,1,1,1,1,-163.84918212890625,111.04275512695312,22.577363967895508,-156.11009216308594,144.49278259277344,-60.99913787841797,grab,40,2025-11-18T12:04:54.683182,my_hand_data\videos\grab_seq40_20251118_120453_855467.avi,89.70942891685223,360,90,HIGH,VIDEO_RECORDING,2025-11-18T12:04:57.934518
2025-11-18 12:04:54.689218,75,251,HandType.Left,0.7764147520065308,-209.72975158691406,155.64517211914062,3.8008220195770264,0.6170931458473206,-0.7190173864364624,0.3197031021118164,22.096553802490234,-4.208380699157715,-5.894061088562012,0.0,0.0,74.89422607421875,0,1,1,1,1,-163.84918212890625,111.04275512695312,22.577363967895508,-156.11009216308594,144.49278259277344,-60.99913787841797,grab,40,2025-11-18T12:04:54.689218,my_hand_data\videos\grab_seq40_20251118_120453_855467.avi,89.70942891685223,360,90,HIGH,VIDEO_RECORDING,2025-11-18T12:04:57.934518
2025-11-18 12:04:54.714863,76,251,HandType.Left,0.7724169492721558,-208.58546447753906,155.0892333984375,3.666048765182495,0.6052085161209106,-0.727742612361908,0.3226659297943115,41.74772262573242,-26.779537200927734,-1.7786610126495361,0.0,0.0,74.0519027709961,0,1,1,1,1,-164.537841796875,109.85944366455078,22.260732650756836,-153.59124755859375,141.2921142578125,-59.3560791015625,grab,40,2025-11-18T12:04:54.714863,my_hand_data\videos\grab_seq40_20251118_120453_855467.avi,89.70942891685223,360,90,HIGH,VIDEO_RECORDING,2025-11-18T12:04:57.934518
2025-11-18 12:04:54.720902,77,251,HandType.Left,0.7724169492721558,-208.58546447753906,155.0892333984375,3.666048765182495,0.6052085161209106,-0.727742612361908,0.3226659297943115,41.74772262573242,-26.779537200927734,-1.7786610126495361,0.0,0.0,74.0519027709961,0,1,1,1,1,-164.537841796875,109.85944366455078,22.260732650756836,-153.59124755859375,141.2921142578125,-59.3560791015625,grab,40,2025-11-18T12:04:54.720902,my_hand_data\videos\grab_seq40_20251118_120453_855467.avi,89.70942891685223,360,90,HIGH,VIDEO_RECORDING,2025-11-18T12:04:57.934518
2025-11-18 12:04:54.726939,78,251,HandType.Left,0.7716848850250244,-208.16818237304688,154.77996826171875,3.658397912979126,0.6013814806938171,-0.7305268049240112,0.32352879643440247,38.04506301879883,-28.196857452392578,-0.697555422782898,0.0,0.0,73.81043243408203,0,1,1,1,1,-164.49525451660156,109.3724136352539,22.231708526611328,-152.81468200683594,140.28248596191406,-58.73838806152344,grab,40,2025-11-18T12:04:54.726939,my_hand_data\videos\grab_seq40_20251118_120453_855467.avi,89.70942891685223,360,90,HIGH,VIDEO_RECORDING,2025-11-18T12:04:57.934518
2025-11-18 12:04:54.746896,79,251,HandType.Left,0.7708284258842468,-207.45413208007812,154.2139129638672,3.738128662109375,0.5936529040336609,-0.7370216846466064,0.32307159900665283,29.982450485229492,-22.234521865844727,3.9754884243011475,0.0,0.0,73.4077377319336,0,1,1,1,1,-164.29371643066406,108.40375518798828,22.21535873413086,-151.65139770507812,138.45521545410156,-57.71871566772461,grab,40,2025-11-18T12:04:54.746896,my_hand_data\videos\grab_seq40_20251118_120453_855467.avi,89.70942891685223,360,90,HIGH,VIDEO_RECORDING,2025-11-18T12:04:57.934518
2025-11-18 12:04:54.754128,80,251,HandType.Left,0.7708284258842468,-207.45413208007812,154.2139129638672,3.738128662109375,0.5936529040336609,-0.7370216846466064,0.32307159900665283,29.982450485229492,-22.234521865844727,3.9754884243011475,0.0,0.0,73.4077377319336,0,1,1,1,1,-164.29371643066406,108.40375518798828,22.21535873413086,-151.65139770507812,138.45521545410156,-57.71871566772461,grab,40,2025-11-18T12:04:54.754128,my_hand_data\videos\grab_seq40_20251118_120453_855467.avi,89.70942891685223,360,90,HIGH,VIDEO_RECORDING,2025-11-18T12:04:57.934518
2025-11-18 12:04:54.758739,81,251,HandType.Left,0.769948422908783,-207.056396484375,153.98294067382812,3.7547101974487305,0.5892479419708252,-0.7410578727722168,0.3219008147716522,35.648887634277344,-20.701251983642578,1.4862037897109985,0.0,0.0,73.28009033203125,0,1,1,1,1,-164.1419677734375,107.91364288330078,22.231029510498047,-151.2020263671875,137.514404296875,-57.2681999206543,grab,40,2025-11-18T12:04:54.758739,my_hand_data\videos\grab_seq40_20251118_120453_855467.avi,89.70942891685223,360,90,HIGH,VIDEO_RECORDING,2025-11-18T12:04:57.934518
2025-11-18 12:04:54.778669,82,251,HandType.Left,0.7683889269828796,-206.73280334472656,153.82713317871094,3.758702516555786,0.5837814807891846,-0.7459937930107117,0.32045668363571167,28.99904441833496,-13.962456703186035,0.3577721118927002,0.0,0.0,73.0884017944336,0,1,1,1,1,-164.17822265625,107.49352264404297,22.208288192749023,-150.8167724609375,136.44522094726562,-56.7504997253418,grab,40,2025-11-18T12:04:54.778669,my_hand_data\videos\grab_seq40_20251118_120453_855467.avi,89.70942891685223,360,90,HIGH,VIDEO_RECORDING,2025-11-18T12:04:57.934518
2025-11-18 12:04:54.784699,83,251,HandType.Left,0.7671805024147034,-206.37274169921875,153.701171875,3.8021562099456787,0.5789029598236084,-0.7500447630882263,0.31985020637512207,32.8408317565918,-11.488381385803223,3.9633076190948486,0.0,0.0,72.97097778320312,0,1,1,1,1,-164.31459045410156,107.0500717163086,22.234920501708984,-150.53846740722656,135.77952575683594,-56.46061325073242,grab,40,2025-11-18T12:04:54.784699,my_hand_data\videos\grab_seq40_20251118_120453_855467.avi,89.70942891685223,360,90,HIGH,VIDEO_RECORDING,2025-11-18T12:04:57.934518
2025-11-18 12:04:54.790732,84,251,HandType.Left,0.7671805024147034,-206.37274169921875,153.701171875,3.8021562099456787,0.5789029598236084,-0.7500447630882263,0.31985020637512207,32.8408317565918,-11.488381385803223,3.9633076190948486,0.0,0.0,72.97097778320312,0,1,1,1,1,-164.31459045410156,107.0500717163086,22.234920501708984,-150.53846740722656,135.77952575683594,-56.46061325073242,grab,40,2025-11-18T12:04:54.790732,my_hand_data\videos\grab_seq40_20251118_120453_855467.avi,89.70942891685223,360,90,HIGH,VIDEO_RECORDING,2025-11-18T12:04:57.934518
2025-11-18 12:04:54.810279,85,251,HandType.Left,0.7645561695098877,-205.60704040527344,153.28994750976562,3.8953540325164795,0.5676119923591614,-0.7586057186126709,0.3198968172073364,31.005664825439453,-18.870758056640625,4.6494574546813965,0.0,0.0,72.68182373046875,0,1,1,1,1,-164.20852661132812,106.33833312988281,22.279733657836914,-149.9796142578125,134.29708862304688,-56.00605010986328,grab,40,2025-11-18T12:04:54.810279,my_hand_data\videos\grab_seq40_20251118_120453_855467.avi,89.70942891685223,360,90,HIGH,VIDEO_RECORDING,2025-11-18T12:04:57.934518
2025-11-18 12:04:54.816702,86,251,HandType.Left,0.7635877132415771,-205.28904724121094,153.1272735595703,3.9498727321624756,0.5625133514404297,-0.7622930407524109,0.32013747096061707,29.912933349609375,-15.301567077636719,5.128270149230957,0.0,0.0,72.60254669189453,0,1,1,1,1,-164.0399627685547,106.08885955810547,22.33308982849121,-149.7011260986328,133.65267944335938,-55.82761764526367,grab,40,2025-11-18T12:04:54.816702,my_hand_data\videos\grab_seq40_20251118_120453_855467.avi,89.70942891685223,360,90,HIGH,VIDEO_RECORDING,2025-11-18T12:04:57.934518
2025-11-18 12:04:54.822950,87,251,HandType.Left,0.7635877132415771,-205.28904724121094,153.1272735595703,3.9498727321624756,0.5625133514404297,-0.7622930407524109,0.32013747096061707,29.912933349609375,-15.301567077636719,5.128270149230957,0.0,0.0,72.60254669189453,0,1,1,1,1,-164.0399627685547,106.08885955810547,22.33308982849121,-149.7011260986328,133.65267944335938,-55.82761764526367,grab,40,2025-11-18T12:04:54.822950,my_hand_data\videos\grab_seq40_20251118_120453_855467.avi,89.70942891685223,360,90,HIGH,VIDEO_RECORDING,2025-11-18T12:04:57.934518
2025-11-18 12:04:54.841872,88,251,HandType.Left,0.7611116170883179,-204.72113037109375,152.8383026123047,4.007741928100586,0.5538124442100525,-0.7690130472183228,0.31923457980155945,22.30243492126465,-9.467323303222656,2.7926549911499023,0.0,0.0,72.5206069946289,0,1,1,1,1,-163.78306579589844,105.54391479492188,22.422231674194336,-149.19688415527344,132.4048614501953,-55.34895706176758,grab,40,2025-11-18T12:04:54.841872,my_hand_data\videos\grab_seq40_20251118_120453_855467.avi,89.70942891685223,360,90,HIGH,VIDEO_RECORDING,2025-11-18T12:04:57.934518
2025-11-18 12:04:54.843881,89,251,HandType.Left,0.7597556710243225,-204.4591522216797,152.7303924560547,3.9969987869262695,0.5497928261756897,-0.7722237706184387,0.31843096017837524,23.440927505493164,-9.656474113464355,-0.9612545967102051,0.0,0.0,72.5326919555664,0,1,1,1,1,-163.50709533691406,105.41069030761719,22.51436996459961,-149.00326538085938,131.6934814453125,-55.13962936401367,grab,40,2025-11-18T12:04:54.843881,my_hand_data\videos\grab_seq40_20251118_120453_855467.avi,89.70942891685223,360,90,HIGH,VIDEO_RECORDING,2025-11-18T12:04:57.934518
2025-11-18 12:04:54.857226,90,251,HandType.Left,0.7597556710243225,-204.4591522216797,152.7303924560547,3.9969987869262695,0.5497928261756897,-0.7722237706184387,0.31843096017837524,23.440927505493164,-9.656474113464355,-0.9612545967102051,0.0,0.0,72.5326919555664,0,1,1,1,1,-163.50709533691406,105.41069030761719,22.51436996459961,-149.00326538085938,131.6934814453125,-55.13962936401367,grab,40,2025-11-18T12:04:54.857226,my_hand_data\videos\grab_seq40_20251118_120453_855467.avi,89.70942891685223,360,90,HIGH,VIDEO_RECORDING,2025-11-18T12:04:57.934518
2025-11-18 12:04:54.873743,91,251,HandType.Left,0.7572782635688782,-203.93499755859375,152.55702209472656,4.058890342712402,0.5407865047454834,-0.7798721790313721,0.31519731879234314,23.376882553100586,-6.080028057098389,7.130716800689697,0.0,0.0,72.33683013916016,0,1,1,1,1,-162.9781951904297,105.08312225341797,22.669658660888672,-148.44488525390625,129.8502655029297,-54.24005889892578,grab,40,2025-11-18T12:04:54.873743,my_hand_data\videos\grab_seq40_20251118_120453_855467.avi,89.70942891685223,360,90,HIGH,VIDEO_RECORDING,2025-11-18T12:04:57.934518
2025-11-18 12:04:54.877594,92,251,HandType.Left,0.7572782635688782,-203.93499755859375,152.55702209472656,4.058890342712402,0.5407865047454834,-0.7798721790313721,0.31519731879234314,23.376882553100586,-6.080028057098389,7.130716800689697,0.0,0.0,72.33683013916016,0,1,1,1,1,-162.9781951904297,105.08312225341797,22.669658660888672,-148.44488525390625,129.8502655029297,-54.24005889892578,grab,40,2025-11-18T12:04:54.877594,my_hand_data\videos\grab_seq40_20251118_120453_855467.avi,89.70942891685223,360,90,HIGH,VIDEO_RECORDING,2025-11-18T12:04:57.934518
2025-11-18 12:04:54.905170,93,251,HandType.Left,0.7547733783721924,-203.31622314453125,152.37257385253906,4.423882007598877,0.5256952047348022,-0.79216068983078,0.31004196405410767,13.419480323791504,-3.3630988597869873,10.46933364868164,0.0,0.0,72.05509948730469,0,1,1,1,1,-162.61813354492188,104.50631713867188,22.87502670288086,-147.51947021484375,128.35537719726562,-52.97154235839844,grab,40,2025-11-18T12:04:54.905170,my_hand_data\videos\grab_seq40_20251118_120453_855467.avi,89.70942891685223,360,90,HIGH,VIDEO_RECORDING,2025-11-18T12:04:57.934518
2025-11-18 12:04:54.912959,94,251,HandType.Left,0.7534444332122803,-203.13511657714844,152.31417846679688,4.525343894958496,0.5217975378036499,-0.7950311303138733,0.3092779219150543,16.878807067871094,-5.442173957824707,9.455925941467285,0.0,0.0,72.0745849609375,0,1,1,1,1,-162.56390380859375,104.24604034423828,23.00719451904297,-147.21932983398438,128.034423828125,-52.658546447753906,grab,40,2025-11-18T12:04:54.912959,my_hand_data\videos\grab_seq40_20251118_120453_855467.avi,89.70942891685223,360,90,HIGH,VIDEO_RECORDING,2025-11-18T12:04:57.934518
2025-11-18 12:04:54.912959,95,251,HandType.Left,0.7534444332122803,-203.13511657714844,152.31417846679688,4.525343894958496,0.5217975378036499,-0.7950311303138733,0.3092779219150543,16.878807067871094,-5.442173957824707,9.455925941467285,0.0,0.0,72.0745849609375,0,1,1,1,1,-162.56390380859375,104.24604034423828,23.00719451904297,-147.21932983398438,128.034423828125,-52.658546447753906,grab,40,2025-11-18T12:04:54.912959,my_hand_data\videos\grab_seq40_20251118_120453_855467.avi,89.70942891685223,360,90,HIGH,VIDEO_RECORDING,2025-11-18T12:04:57.934518
2025-11-18 12:04:54.921675,96,251,HandType.Left,0.7534444332122803,-203.13511657714844,152.31417846679688,4.525343894958496,0.5217975378036499,-0.7950311303138733,0.3092779219150543,16.878807067871094,-5.442173957824707,9.455925941467285,0.0,0.0,72.0745849609375,0,1,1,1,1,-162.56390380859375,104.24604034423828,23.00719451904297,-147.21932983398438,128.034423828125,-52.658546447753906,grab,40,2025-11-18T12:04:54.921675,my_hand_data\videos\grab_seq40_20251118_120453_855467.avi,89.70942891685223,360,90,HIGH,VIDEO_RECORDING,2025-11-18T12:04:57.934518
2025-11-18 12:04:54.936564,97,251,HandType.Left,0.7527905106544495,-202.94924926757812,152.3042755126953,4.608543395996094,0.5172449946403503,-0.7980533838272095,0.3091414272785187,16.538864135742188,-0.8802650570869446,7.403402805328369,0.0,0.0,71.9891357421875,0,1,1,1,1,-162.6480255126953,104.11491394042969,23.1563663482666,-146.9503936767578,127.48088073730469,-52.44830322265625,grab,40,2025-11-18T12:04:54.936564,my_hand_data\videos\grab_seq40_20251118_120453_855467.avi,89.70942891685223,360,90,HIGH,VIDEO_RECORDING,2025-11-18T12:04:57.934518
2025-11-18 12:04:54.936564,98,251,HandType.Left,0.752735435962677,-202.63223266601562,152.16836547851562,4.772428035736084,0.5106119513511658,-0.802142322063446,0.30958548188209534,28.738588333129883,-12.32059097290039,14.856703758239746,0.0,0.0,71.72274017333984,0,1,1,1,1,-162.86805725097656,103.91929626464844,23.308853149414062,-146.51898193359375,126.84620666503906,-52.15757369995117,grab,40,2025-11-18T12:04:54.936564,my_hand_data\videos\grab_seq40_20251118_120453_855467.avi,89.70942891685223,360,90,HIGH,VIDEO_RECORDING,2025-11-18T12:04:57.934518
2025-11-18 12:04:54.968340,99,251,HandType.Left,0.7504826784133911,-201.12713623046875,151.04200744628906,5.216535568237305,0.4947165846824646,-0.8144310116767883,0.3032451570034027,47.225215911865234,-36.82075881958008,9.979166030883789,0.0,0.0,71.20674896240234,0,1,1,1,1,-162.17384338378906,102.34693908691406,23.183456420898438,-145.3494415283203,123.88400268554688,-51.02689743041992,grab,40,2025-11-18T12:04:54.968340,my_hand_data\videos\grab_seq40_20251118_120453_855467.avi,89.70942891685223,360,90,HIGH,VIDEO_RECORDING,2025-11-18T12:04:57.934518
2025-11-18 12:04:54.968340,100,251,HandType.Left,0.7504826784133911,-201.12713623046875,151.04200744628906,5.216535568237305,0.4947165846824646,-0.8144310116767883,0.3032451570034027,47.225215911865234,-36.82075881958008,9.979166030883789,0.0,0.0,71.20674896240234,0,1,1,1,1,-162.17384338378906,102.34693908691406,23.183456420898438,-145.3494415283203,123.88400268554688,-51.02689743041992,grab,40,2025-11-18T12:04:54.968340,my_hand_data\videos\grab_seq40_20251118_120453_855467.avi,89.70942891685223,360,90,HIGH,VIDEO_RECORDING,2025-11-18T12:04:57.934518
2025-11-18 12:04:54.979836,101,251,HandType.Left,0.750573456287384,-200.62948608398438,150.6776885986328,5.367335796356201,0.4885609745979309,-0.8193490505218506,0.29995885491371155,45.85791015625,-33.572139739990234,13.896065711975098,0.0,0.0,70.99897003173828,0,1,1,1,1,-161.91021728515625,101.80665588378906,23.126277923583984,-144.94073486328125,122.94715118408203,-50.6493034362793,grab,40,2025-11-18T12:04:54.979836,my_hand_data\videos\grab_seq40_20251118_120453_855467.avi,89.70942891685223,360,90,HIGH,VIDEO_RECORDING,2025-11-18T12:04:57.934518
2025-11-18 12:04:54.999929,102,251,HandType.Left,0.7523173093795776,-200.08639526367188,150.2545166015625,5.579020023345947,0.48077309131622314,-0.8252179026603699,0.2964331805706024,47.33641815185547,-36.8836784362793,18.450668334960938,0.0,0.0,70.81855010986328,0,1,1,1,1,-161.70684814453125,101.09685516357422,23.094051361083984,-144.67376708984375,122.07019805908203,-50.40106201171875,grab,40,2025-11-18T12:04:54.999929,my_hand_data\videos\grab_seq40_20251118_120453_855467.avi,89.70942891685223,360,90,HIGH,VIDEO_RECORDING,2025-11-18T12:04:57.934518
2025-11-18 12:04:55.000589,103,251,HandType.Left,0.7537157535552979,-199.5044708251953,149.8292694091797,5.851639270782471,0.47062021493911743,-0.8326334357261658,0.29195573925971985,53.942100524902344,-39.418418884277344,25.27058219909668,0.0,0.0,70.43458557128906,0,1,1,1,1,-161.53433227539062,100.45000457763672,22.831193923950195,-144.35792541503906,121.37566375732422,-50.145206451416016,grab,40,2025-11-18T12:04:55.000589,my_hand_data\videos\grab_seq40_20251118_120453_855467.avi,89.70942891685223,360,90,HIGH,VIDEO_RECORDING,2025-11-18T12:04:57.934518
2025-11-18 12:04:55.015688,104,251,HandType.Left,0.7550251483917236,-198.86241149902344,149.36256408691406,6.095719337463379,0.4617164134979248,-0.8399191498756409,0.2852257788181305,58.083229064941406,-42.22112274169922,22.080707550048828,0.0,0.0,69.87427520751953,0,1,1,1,1,-161.483154296875,99.81407928466797,22.43317985534668,-143.92120361328125,120.3349609375,-49.95720672607422,grab,40,2025-11-18T12:04:55.015688,my_hand_data\videos\grab_seq40_20251118_120453_855467.avi,89.70942891685223,360,90,HIGH,VIDEO_RECORDING,2025-11-18T12:04:57.934518
2025-11-18 12:04:55.023368,105,251,HandType.Left,0.7550251483917236,-198.86241149902344,149.36256408691406,6.095719337463379,0.4617164134979248,-0.8399191498756409,0.2852257788181305,58.083229064941406,-42.22112274169922,22.080707550048828,0.0,0.0,69.87427520751953,0,1,1,1,1,-161.483154296875,99.81407928466797,22.43317985534668,-143.92120361328125,120.3349609375,-49.95720672607422,grab,40,2025-11-18T12:04:55.023368,my_hand_data\videos\grab_seq40_20251118_120453_855467.avi,89.70942891685223,360,90,HIGH,VIDEO_RECORDING,2025-11-18T12:04:57.934518
2025-11-18 12:04:55.046590,106,251,HandType.Left,0.7556999325752258,-197.57012939453125,148.42002868652344,6.453577518463135,0.446626752614975,-0.8513956069946289,0.2750455439090729,52.225643157958984,-37.17821502685547,12.737166404724121,0.0,0.0,69.42105865478516,0,1,1,1,1,-161.67626953125,98.11273956298828,22.026498794555664,-142.99664306640625,118.55411529541016,-49.51243209838867,grab,40,2025-11-18T12:04:55.046590,my_hand_data\videos\grab_seq40_20251118_120453_855467.avi,89.70942891685223,360,90,HIGH,VIDEO_RECORDING,2025-11-18T12:04:57.934518
2025-11-18 12:04:55.053571,107,251,HandType.Left,0.755787193775177,-197.01544189453125,148.06631469726562,6.535524845123291,0.43891632556915283,-0.8571156859397888,0.26963886618614197,50.21220779418945,-32.01829147338867,7.418095588684082,0.0,0.0,69.20478820800781,0,1,1,1,1,-161.9547882080078,97.36829376220703,21.801729202270508,-142.74002075195312,117.64329528808594,-49.34262466430664,grab,40,2025-11-18T12:04:55.053571,my_hand_data\videos\grab_seq40_20251118_120453_855467.avi,89.70942891685223,360,90,HIGH,VIDEO_RECORDING,2025-11-18T12:04:57.934518
2025-11-18 12:04:55.053571,108,251,HandType.Left,0.7560895085334778,-196.48333740234375,147.751220703125,6.6377410888671875,0.43290725350379944,-0.8613590002059937,0.26580435037612915,45.56900405883789,-26.984201431274414,8.753641128540039,0.0,0.0,69.01090240478516,0,1,1,1,1,-162.20721435546875,96.73573303222656,21.55743980407715,-142.4932861328125,117.02750396728516,-49.063655853271484,grab,40,2025-11-18T12:04:55.053571,my_hand_data\videos\grab_seq40_20251118_120453_855467.avi,89.70942891685223,360,90,HIGH,VIDEO_RECORDING,2025-11-18T12:04:57.934518
2025-11-18 12:04:55.078274,109,251,HandType.Left,0.7548301219940186,-195.96392822265625,147.40194702148438,6.709060192108154,0.4271615743637085,-0.8647701740264893,0.2640180289745331,48.330345153808594,-32.499671936035156,6.63618803024292,0.0,0.0,68.86660766601562,0,1,1,1,1,-162.61497497558594,95.8249740600586,21.364513397216797,-141.9316864013672,116.22622680664062,-48.51130676269531,grab,40,2025-11-18T12:04:55.078274,my_hand_data\videos\grab_seq40_20251118_120453_855467.avi,89.70942891685223,360,90,HIGH,VIDEO_RECORDING,2025-11-18T12:04:57.934518
2025-11-18 12:04:55.083848,110,251,HandType.Left,0.7542397975921631,-195.4830322265625,147.06930541992188,6.777929782867432,0.42082133889198303,-0.8685988783836365,0.2616206407546997,43.07081985473633,-29.79343032836914,6.168342590332031,0.0,0.0,68.76206970214844,0,1,1,1,1,-162.7425079345703,95.10379791259766,21.2034912109375,-141.40199279785156,115.62788391113281,-48.179962158203125,grab,40,2025-11-18T12:04:55.083848,my_hand_data\videos\grab_seq40_20251118_120453_855467.avi,89.70942891685223,360,90,HIGH,VIDEO_RECORDING,2025-11-18T12:04:57.934518
2025-11-18 12:04:55.087859,111,251,HandType.Left,0.753693699836731,-195.00665283203125,146.7437744140625,6.834470748901367,0.41522452235221863,-0.8716574311256409,0.26038792729377747,42.85232925415039,-29.283023834228516,5.085960865020752,0.0,0.0,68.70355987548828,0,1,1,1,1,-162.76512145996094,94.40987396240234,21.237808227539062,-140.8634033203125,114.89344787597656,-47.76798629760742,grab,40,2025-11-18T12:04:55.087859,my_hand_data\videos\grab_seq40_20251118_120453_855467.avi,89.70942891685223,360,90,HIGH,VIDEO_RECORDING,2025-11-18T12:04:57.934518
2025-11-18 12:04:55.110064,112,251,HandType.Left,0.7534571290016174,-194.53433227539062,146.38467407226562,6.901057720184326,0.40803247690200806,-0.874970018863678,0.26064714789390564,43.26478576660156,-32.89262390136719,6.0993804931640625,0.0,0.0,68.5387954711914,0,1,1,1,1,-162.73904418945312,93.82508850097656,21.261890411376953,-140.38536071777344,114.21696472167969,-47.53111267089844,grab,40,2025-11-18T12:04:55.110064,my_hand_data\videos\grab_seq40_20251118_120453_855467.avi,89.70942891685223,360,90,HIGH,VIDEO_RECORDING,2025-11-18T12:04:57.934518
2025-11-18 12:04:55.110064,113,251,HandType.Left,0.7530105113983154,-194.15756225585938,145.9828643798828,7.023064613342285,0.4004126787185669,-0.8780140280723572,0.2622232437133789,34.35484313964844,-36.63897705078125,11.124939918518066,0.0,0.0,68.37078094482422,0,1,1,1,1,-163.12457275390625,93.11344909667969,21.36974334716797,-139.9159393310547,113.51378631591797,-46.926605224609375,grab,40,2025-11-18T12:04:55.110064,my_hand_data\videos\grab_seq40_20251118_120453_855467.avi,89.70942891685223,360,90,HIGH,VIDEO_RECORDING,2025-11-18T12:04:57.934518
2025-11-18 12:04:55.125969,114,251,HandType.Left,0.7508577704429626,-193.85963439941406,145.57284545898438,7.145480155944824,0.3948080241680145,-0.8801191449165344,0.2636606693267822,25.495752334594727,-35.08943557739258,10.476288795471191,0.0,0.0,68.38459014892578,0,1,1,1,1,-163.35511779785156,92.31175231933594,21.633663177490234,-139.6441650390625,112.78685760498047,-46.169471740722656,grab,40,2025-11-18T12:04:55.125969,my_hand_data\videos\grab_seq40_20251118_120453_855467.avi,89.70942891685223,360,90,HIGH,VIDEO_RECORDING,2025-11-18T12:04:57.934518
2025-11-18 12:04:55.141195,115,251,HandType.Left,0.7502804398536682,-193.5373077392578,145.0960235595703,7.249083995819092,0.39078688621520996,-0.8816067576408386,0.26467934250831604,29.901304244995117,-44.23138427734375,9.610738754272461,0.0,0.0,68.32048034667969,0,1,1,1,1,-163.5035858154297,91.6008529663086,21.736650466918945,-139.43191528320312,112.1419677734375,-45.758148193359375,grab,40,2025-11-18T12:04:55.141195,my_hand_data\videos\grab_seq40_20251118_120453_855467.avi,89.70942891685223,360,90,HIGH,VIDEO_RECORDING,2025-11-18T12:04:57.934518
2025-11-18 12:04:55.147614,116,251,HandType.Left,0.7491362690925598,-193.29054260253906,144.712158203125,7.34102201461792,0.38503897190093994,-0.8839826583862305,0.2651784121990204,22.034414291381836,-34.27642059326172,8.209477424621582,0.0,0.0,68.2698974609375,0,1,1,1,1,-163.631103515625,90.98744201660156,21.7777042388916,-139.42196655273438,111.66947174072266,-45.49152374267578,grab,40,2025-11-18T12:04:55.147614,my_hand_data\videos\grab_seq40_20251118_120453_855467.avi,89.70942891685223,360,90,HIGH,VIDEO_RECORDING,2025-11-18T12:04:57.934518
2025-11-18 12:04:55.157228,117,251,HandType.Left,0.7491362690925598,-193.29054260253906,144.712158203125,7.34102201461792,0.38503897190093994,-0.8839826583862305,0.2651784121990204,22.034414291381836,-34.27642059326172,8.209477424621582,0.0,0.0,68.2698974609375,0,1,1,1,1,-163.631103515625,90.98744201660156,21.7777042388916,-139.42196655273438,111.66947174072266,-45.49152374267578,grab,40,2025-11-18T12:04:55.157228,my_hand_data\videos\grab_seq40_20251118_120453_855467.avi,89.70942891685223,360,90,HIGH,VIDEO_RECORDING,2025-11-18T12:04:57.934518
2025-11-18 12:04:55.172941,118,251,HandType.Left,0.7477937936782837,-192.9180145263672,144.01324462890625,7.55792236328125,0.37336450815200806,-0.889672040939331,0.26283565163612366,14.149447441101074,-27.94931411743164,8.209556579589844,0.0,0.0,68.00118255615234,0,1,1,1,1,-164.5281524658203,89.72969055175781,21.517436981201172,-139.27891540527344,110.69157409667969,-45.02033233642578,grab,40,2025-11-18T12:04:55.172941,my_hand_data\videos\grab_seq40_20251118_120453_855467.avi,89.70942891685223,360,90,HIGH,VIDEO_RECORDING,2025-11-18T12:04:57.934518
2025-11-18 12:04:55.177277,119,251,HandType.Left,0.7477937936782837,-192.9180145263672,144.01324462890625,7.55792236328125,0.37336450815200806,-0.889672040939331,0.26283565163612366,14.149447441101074,-27.94931411743164,8.209556579589844,0.0,0.0,68.00118255615234,0,1,1,1,1,-164.5281524658203,89.72969055175781,21.517436981201172,-139.27891540527344,110.69157409667969,-45.02033233642578,grab,40,2025-11-18T12:04:55.177277,my_hand_data\videos\grab_seq40_20251118_120453_855467.avi,89.70942891685223,360,90,HIGH,VIDEO_RECORDING,2025-11-18T12:04:57.934518
2025-11-18 12:04:55.204500,120,251,HandType.Left,0.7473610639572144,-192.20663452148438,142.93157958984375,7.415543079376221,0.35398921370506287,-0.8996278643608093,0.25565871596336365,26.980392456054688,-38.98359298706055,-8.311909675598145,0.0,0.0,67.50247955322266,0,1,1,1,1,-165.01226806640625,88.0677719116211,20.89734649658203,-139.02590942382812,108.70496368408203,-44.4079475402832,grab,40,2025-11-18T12:04:55.204500,my_hand_data\videos\grab_seq40_20251118_120453_855467.avi,89.70942891685223,360,90,HIGH,VIDEO_RECORDING,2025-11-18T12:04:57.934518
2025-11-18 12:04:55.213869,121,251,HandType.Left,0.7473747134208679,-191.90362548828125,142.5078125,7.338194370269775,0.34929659962654114,-0.9017661809921265,0.25457727909088135,27.041902542114258,-37.81899642944336,-6.903055191040039,0.0,0.0,67.32587432861328,0,1,1,1,1,-165.07089233398438,87.56156158447266,20.677627563476562,-139.10296630859375,108.0156021118164,-44.31873321533203,grab,40,2025-11-18T12:04:55.213869,my_hand_data\videos\grab_seq40_20251118_120453_855467.avi,89.70942891685223,360,90,HIGH,VIDEO_RECORDING,2025-11-18T12:04:57.934518
2025-11-18 12:04:55.221131,122,251,HandType.Left,0.7473747134208679,-191.90362548828125,142.5078125,7.338194370269775,0.34929659962654114,-0.9017661809921265,0.25457727909088135,27.041902542114258,-37.81899642944336,-6.903055191040039,0.0,0.0,67.32587432861328,0,1,1,1,1,-165.07089233398438,87.56156158447266,20.677627563476562,-139.10296630859375,108.0156021118164,-44.31873321533203,grab,40,2025-11-18T12:04:55.221131,my_hand_data\videos\grab_seq40_20251118_120453_855467.avi,89.70942891685223,360,90,HIGH,VIDEO_RECORDING,2025-11-18T12:04:57.934518
2025-11-18 12:04:55.225538,123,251,HandType.Left,0.7474173903465271,-191.63002014160156,142.09144592285156,7.288513660430908,0.3449051082134247,-0.9037957191467285,0.25336480140686035,24.64190101623535,-37.50067138671875,-4.474548816680908,0.0,0.0,67.15374755859375,0,1,1,1,1,-165.23428344726562,87.03697967529297,20.525049209594727,-138.930419921875,107.30634307861328,-44.14168167114258,grab,40,2025-11-18T12:04:55.225538,my_hand_data\videos\grab_seq40_20251118_120453_855467.avi,89.70942891685223,360,90,HIGH,VIDEO_RECORDING,2025-11-18T12:04:57.934518
2025-11-18 12:04:55.257643,124,251,HandType.Left,0.7474173903465271,-191.63002014160156,142.09144592285156,7.288513660430908,0.3449051082134247,-0.9037957191467285,0.25336480140686035,24.64190101623535,-37.50067138671875,-4.474548816680908,0.0,0.0,67.15374755859375,0,1,1,1,1,-165.23428344726562,87.03697967529297,20.525049209594727,-138.930419921875,107.30634307861328,-44.14168167114258,grab,40,2025-11-18T12:04:55.257643,my_hand_data\videos\grab_seq40_20251118_120453_855467.avi,89.70942891685223,360,90,HIGH,VIDEO_RECORDING,2025-11-18T12:04:57.934518
2025-11-18 12:04:55.270042,125,251,HandType.Left,0.7485233545303345,-191.36521911621094,141.66758728027344,7.291012287139893,0.3400017321109772,-0.9062172770500183,0.25133460760116577,23.855697631835938,-38.18459701538086,0.22509898245334625,0.0,0.0,66.81341552734375,0,1,1,1,1,-165.58457946777344,86.52618408203125,20.177776336669922,-138.71080017089844,106.69583129882812,-43.938079833984375,grab,40,2025-11-18T12:04:55.270042,my_hand_data\videos\grab_seq40_20251118_120453_855467.avi,89.70942891685223,360,90,HIGH,VIDEO_RECORDING,2025-11-18T12:04:57.934518
2025-11-18 12:04:55.270042,126,251,HandType.Left,0.7481399774551392,-191.15708923339844,141.2841033935547,7.2975544929504395,0.3346845805644989,-0.9088414311408997,0.24898485839366913,18.890460968017578,-34.80498123168945,0.5937773585319519,0.0,0.0,66.65393829345703,0,1,1,1,1,-165.75396728515625,85.93265533447266,19.958595275878906,-138.5934600830078,106.09053039550781,-43.69312286376953,grab,40,2025-11-18T12:04:55.270042,my_hand_data\videos\grab_seq40_20251118_120453_855467.avi,89.70942891685223,360,90,HIGH,VIDEO_RECORDING,2025-11-18T12:04:57.934518
2025-11-18 12:04:55.283441,127,251,HandType.Left,0.7479376792907715,-191.04588317871094,140.8937530517578,7.28963565826416,0.3338111340999603,-0.9089590311050415,0.2497270405292511,9.811598777770996,-34.441375732421875,-0.6986708045005798,0.0,0.0,66.57093048095703,0,1,1,1,1,-166.21633911132812,85.3847427368164,19.93244171142578,-138.38185119628906,105.4862289428711,-43.158485412597656,grab,40,2025-11-18T12:04:55.283441,my_hand_data\videos\grab_seq40_20251118_120453_855467.avi,89.70942891685223,360,90,HIGH,VIDEO_RECORDING,2025-11-18T12:04:57.934518
2025-11-18 12:04:55.288006,128,251,HandType.Left,0.747679591178894,-190.96078491210938,140.597900390625,7.338016033172607,0.33136940002441406,-0.9098682999610901,0.24966779351234436,7.719449043273926,-26.834579467773438,4.38824462890625,0.0,0.0,66.51396179199219,0,1,1,1,1,-166.6049346923828,84.87610626220703,19.944507598876953,-138.2340545654297,104.99054718017578,-42.7821044921875,grab,40,2025-11-18T12:04:55.288006,my_hand_data\videos\grab_seq40_20251118_120453_855467.avi,89.70942891685223,360,90,HIGH,VIDEO_RECORDING,2025-11-18T12:04:57.934518
2025-11-18 12:04:55.294282,129,251,HandType.Left,0.747679591178894,-190.96078491210938,140.597900390625,7.338016033172607,0.33136940002441406,-0.9098682999610901,0.24966779351234436,7.719449043273926,-26.834579467773438,4.38824462890625,0.0,0.0,66.51396179199219,0,1,1,1,1,-166.6049346923828,84.87610626220703,19.944507598876953,-138.2340545654297,104.99054718017578,-42.7821044921875,grab,40,2025-11-18T12:04:55.294282,my_hand_data\videos\grab_seq40_20251118_120453_855467.avi,89.70942891685223,360,90,HIGH,VIDEO_RECORDING,2025-11-18T12:04:57.934518
2025-11-18 12:04:55.314479,130,251,HandType.Left,0.7448071241378784,-190.70166015625,139.88832092285156,7.310173988342285,0.31218013167381287,-0.9179025292396545,0.2449459284543991,6.410906791687012,-20.07181739807129,-1.47724187374115,0.0,0.0,66.04175567626953,0,1,1,1,1,-168.00643920898438,83.49757385253906,19.302099227905273,-137.8347625732422,103.40535736083984,-41.86702346801758,grab,40,2025-11-18T12:04:55.314479,my_hand_data\videos\grab_seq40_20251118_120453_855467.avi,89.70942891685223,360,90,HIGH,VIDEO_RECORDING,2025-11-18T12:04:57.934518
2025-11-18 12:04:55.314479,131,251,HandType.Left,0.7432396411895752,-190.65977478027344,139.7091827392578,7.268982410430908,0.306815505027771,-0.9198983907699585,0.24423594772815704,3.7050492763519287,-15.84865665435791,-3.6442813873291016,0.0,0.0,65.90264892578125,0,1,1,1,1,-168.53900146484375,83.14503479003906,19.092676162719727,-137.6396026611328,102.83744812011719,-41.36860275268555,grab,40,2025-11-18T12:04:55.314479,my_hand_data\videos\grab_seq40_20251118_120453_855467.avi,89.70942891685223,360,90,HIGH,VIDEO_RECORDING,2025-11-18T12:04:57.934518
2025-11-18 12:04:55.324581,132,251,HandType.Left,0.7432396411895752,-190.65977478027344,139.7091827392578,7.268982410430908,0.306815505027771,-0.9198983907699585,0.24423594772815704,3.7050492763519287,-15.84865665435791,-3.6442813873291016,0.0,0.0,65.90264892578125,0,1,1,1,1,-168.53900146484375,83.14503479003906,19.092676162719727,-137.6396026611328,102.83744812011719,-41.36860275268555,grab,40,2025-11-18T12:04:55.324581,my_hand_data\videos\grab_seq40_20251118_120453_855467.avi,89.70942891685223,360,90,HIGH,VIDEO_RECORDING,2025-11-18T12:04:57.934518
2025-11-18 12:04:55.346055,133,251,HandType.Left,0.7414218187332153,-190.5216064453125,139.354736328125,7.21484375,0.2997145652770996,-0.9220331907272339,0.24500200152397156,8.194809913635254,-16.978145599365234,-1.2089930772781372,0.0,0.0,65.4846420288086,0,1,1,1,1,-169.13717651367188,82.5526123046875,18.97805404663086,-137.22967529296875,101.6583251953125,-40.30664825439453,grab,40,2025-11-18T12:04:55.346055,my_hand_data\videos\grab_seq40_20251118_120453_855467.avi,89.70942891685223,360,90,HIGH,VIDEO_RECORDING,2025-11-18T12:04:57.934518
2025-11-18 12:04:55.353004,134,251,HandType.Left,0.74022376537323,-190.3893585205078,139.15853881835938,7.217874526977539,0.2955268621444702,-0.9232512712478638,0.2455015480518341,11.610715866088867,-17.227022171020508,0.266117662191391,0.0,0.0,65.42524719238281,0,1,1,1,1,-169.3578338623047,82.27555847167969,18.967456817626953,-137.0419158935547,101.07571411132812,-39.91547393798828,grab,40,2025-11-18T12:04:55.353004,my_hand_data\videos\grab_seq40_20251118_120453_855467.avi,89.70942891685223,360,90,HIGH,VIDEO_RECORDING,2025-11-18T12:04:57.934518
2025-11-18 12:04:55.357024,135,251,HandType.Left,0.74022376537323,-190.3893585205078,139.15853881835938,7.217874526977539,0.2955268621444702,-0.9232512712478638,0.2455015480518341,11.610715866088867,-17.227022171020508,0.266117662191391,0.0,0.0,65.42524719238281,0,1,1,1,1,-169.3578338623047,82.27555847167969,18.967456817626953,-137.0419158935547,101.07571411132812,-39.91547393798828,grab,40,2025-11-18T12:04:55.359028,my_hand_data\videos\grab_seq40_20251118_120453_855467.avi,89.70942891685223,360,90,HIGH,VIDEO_RECORDING,2025-11-18T12:04:57.934518
2025-11-18 12:04:55.377449,136,251,HandType.Left,0.7386887073516846,-190.1757049560547,138.7943878173828,7.285964012145996,0.287501722574234,-0.925567090511322,0.24630942940711975,9.691361427307129,-15.897942543029785,3.743335247039795,0.0,0.0,65.01918029785156,0,1,1,1,1,-170.15892028808594,81.80766296386719,18.93222999572754,-136.9027557373047,99.81693267822266,-38.9028205871582,grab,40,2025-11-18T12:04:55.377449,my_hand_data\videos\grab_seq40_20251118_120453_855467.avi,89.70942891685223,360,90,HIGH,VIDEO_RECORDING,2025-11-18T12:04:57.934518
2025-11-18 12:04:55.382586,137,251,HandType.Left,0.7378808259963989,-190.088134765625,138.62904357910156,7.449831485748291,0.28477126359939575,-0.9261893630027771,0.24714075028896332,7.966823101043701,-15.043014526367188,14.907854080200195,0.0,0.0,64.78251647949219,0,1,1,1,1,-170.54055786132812,81.58020782470703,18.97607421875,-136.73345947265625,99.3591079711914,-38.17744064331055,grab,40,2025-11-18T12:04:55.382586,my_hand_data\videos\grab_seq40_20251118_120453_855467.avi,89.70942891685223,360,90,HIGH,VIDEO_RECORDING,2025-11-18T12:04:57.934518
2025-11-18 12:04:55.393256,138,251,HandType.Left,0.7374216914176941,-189.96826171875,138.5652313232422,7.579004287719727,0.281236857175827,-0.9270565509796143,0.24793541431427002,10.819784164428711,-5.759644985198975,11.659262657165527,0.0,0.0,64.67920684814453,0,1,1,1,1,-170.81637573242188,81.37449645996094,18.998292922973633,-136.61618041992188,99.12694549560547,-37.877952575683594,grab,40,2025-11-18T12:04:55.393256,my_hand_data\videos\grab_seq40_20251118_120453_855467.avi,89.70942891685223,360,90,HIGH,VIDEO_RECORDING,2025-11-18T12:04:57.934518
2025-11-18 12:04:55.409323,139,251,HandType.Left,0.7375504374504089,-189.8534393310547,138.56874084472656,7.6421732902526855,0.2784423828125,-0.9276471734046936,0.24887864291667938,10.157462120056152,0.3108028471469879,5.587700843811035,0.0,0.0,64.62366485595703,0,1,1,1,1,-170.91448974609375,81.27300262451172,19.019275665283203,-136.5251007080078,99.02452087402344,-37.65468978881836,grab,40,2025-11-18T12:04:55.409323,my_hand_data\videos\grab_seq40_20251118_120453_855467.avi,89.70942891685223,360,90,HIGH,VIDEO_RECORDING,2025-11-18T12:04:57.934518
2025-11-18 12:04:55.409323,140,251,HandType.Left,0.7378135323524475,-189.8256072998047,138.6717071533203,7.756165981292725,0.276010662317276,-0.9282929301261902,0.24917922914028168,2.510169744491577,9.28824520111084,10.283516883850098,0.0,0.0,64.57917022705078,0,1,1,1,1,-171.0373992919922,81.3060531616211,19.114479064941406,-136.4740447998047,99.0407943725586,-37.35244369506836,grab,40,2025-11-18T12:04:55.409323,my_hand_data\videos\grab_seq40_20251118_120453_855467.avi,89.70942891685223,360,90,HIGH,VIDEO_RECORDING,2025-11-18T12:04:57.934518
2025-11-18 12:04:55.424617,141,251,HandType.Left,0.7378135323524475,-189.8256072998047,138.6717071533203,7.756165981292725,0.276010662317276,-0.9282929301261902,0.24917922914028168,2.510169744491577,9.28824520111084,10.283516883850098,0.0,0.0,64.57917022705078,0,1,1,1,1,-171.0373992919922,81.3060531616211,19.114479064941406,-136.4740447998047,99.0407943725586,-37.35244369506836,grab,40,2025-11-18T12:04:55.424617,my_hand_data\videos\grab_seq40_20251118_120453_855467.avi,89.70942891685223,360,90,HIGH,VIDEO_RECORDING,2025-11-18T12:04:57.934518
2025-11-18 12:04:55.439919,142,251,HandType.Left,0.7391799688339233,-189.77740478515625,138.8737030029297,7.983339786529541,0.27075254917144775,-0.9297587275505066,0.2494831085205078,2.8764591217041016,9.862640380859375,9.061824798583984,0.0,0.0,64.5175552368164,0,1,1,1,1,-171.1928253173828,81.31127166748047,19.167407989501953,-136.3760223388672,99.23495483398438,-36.969417572021484,grab,40,2025-11-18T12:04:55.439919,my_hand_data\videos\grab_seq40_20251118_120453_855467.avi,89.70942891685223,360,90,HIGH,VIDEO_RECORDING,2025-11-18T12:04:57.934518
2025-11-18 12:04:55.442264,143,251,HandType.Left,0.7391799688339233,-189.77740478515625,138.8737030029297,7.983339786529541,0.27075254917144775,-0.9297587275505066,0.2494831085205078,2.8764591217041016,9.862640380859375,9.061824798583984,0.0,0.0,64.5175552368164,0,1,1,1,1,-171.1928253173828,81.31127166748047,19.167407989501953,-136.3760223388672,99.23495483398438,-36.969417572021484,grab,40,2025-11-18T12:04:55.442264,my_hand_data\videos\grab_seq40_20251118_120453_855467.avi,89.70942891685223,360,90,HIGH,VIDEO_RECORDING,2025-11-18T12:04:57.934518
2025-11-18 12:04:55.471345,144,251,HandType.Left,0.7413610816001892,-189.66941833496094,139.05770874023438,8.053369522094727,0.2660715878009796,-0.9308403730392456,0.2504836916923523,3.440988302230835,8.33916187286377,3.2904162406921387,0.0,0.0,64.4718017578125,0,1,1,1,1,-171.32362365722656,81.39193725585938,19.160261154174805,-136.29351806640625,99.45063018798828,-36.786643981933594,grab,40,2025-11-18T12:04:55.471345,my_hand_data\videos\grab_seq40_20251118_120453_855467.avi,89.70942891685223,360,90,HIGH,VIDEO_RECORDING,2025-11-18T12:04:57.934518
2025-11-18 12:04:55.471345,145,251,HandType.Left,0.7412505745887756,-189.6445770263672,139.1883087158203,8.07675838470459,0.2636738419532776,-0.9313875436782837,0.250984787940979,2.2532923221588135,11.842693328857422,2.121049642562866,0.0,0.0,64.40766143798828,0,1,1,1,1,-171.38800048828125,81.52082061767578,19.119857788085938,-136.25743103027344,99.501953125,-36.66267395019531,grab,40,2025-11-18T12:04:55.471345,my_hand_data\videos\grab_seq40_20251118_120453_855467.avi,89.70942891685223,360,90,HIGH,VIDEO_RECORDING,2025-11-18T12:04:57.934518
2025-11-18 12:04:55.471345,146,251,HandType.Left,0.7413631677627563,-189.621337890625,139.3135528564453,8.133271217346191,0.2613547444343567,-0.9319165945053101,0.2514461278915405,2.1423425674438477,11.546601295471191,5.209948539733887,0.0027092481032013893,0.0,64.26341247558594,0,1,1,1,1,-171.4415740966797,81.66559600830078,19.136343002319336,-136.17103576660156,99.36024475097656,-36.357154846191406,grab,40,2025-11-18T12:04:55.471345,my_hand_data\videos\grab_seq40_20251118_120453_855467.avi,89.70942891685223,360,90,HIGH,VIDEO_RECORDING,2025-11-18T12:04:57.934518
2025-11-18 12:04:55.489033,147,251,HandType.Left,0.7413631677627563,-189.621337890625,139.3135528564453,8.133271217346191,0.2613547444343567,-0.9319165945053101,0.2514461278915405,2.1423425674438477,11.546601295471191,5.209948539733887,0.0027092481032013893,0.0,64.26341247558594,0,1,1,1,1,-171.4415740966797,81.66559600830078,19.136343002319336,-136.17103576660156,99.36024475097656,-36.357154846191406,grab,40,2025-11-18T12:04:55.489033,my_hand_data\videos\grab_seq40_20251118_120453_855467.avi,89.70942891685223,360,90,HIGH,VIDEO_RECORDING,2025-11-18T12:04:57.934518
2025-11-18 12:04:55.502738,148,251,HandType.Left,0.7407839894294739,-189.52792358398438,139.62216186523438,8.11361312866211,0.2579120695590973,-0.9326225519180298,0.25238168239593506,6.00990104675293,13.773011207580566,-3.3844664096832275,0.016605842858552933,0.0,64.18518829345703,0,1,1,1,1,-171.75543212890625,81.90618133544922,19.146770477294922,-136.11758422851562,99.264404296875,-35.95790481567383,grab,40,2025-11-18T12:04:55.502738,my_hand_data\videos\grab_seq40_20251118_120453_855467.avi,89.70942891685223,360,90,HIGH,VIDEO_RECORDING,2025-11-18T12:04:57.934518
2025-11-18 12:04:55.518465,149,251,HandType.Left,0.7403884530067444,-189.47607421875,139.77415466308594,8.062939643859863,0.2552720308303833,-0.9332888126373291,0.25260278582572937,4.715024948120117,13.81930923461914,-4.607091903686523,0.027425572276115417,0.0,64.13774108886719,0,1,1,1,1,-171.86488342285156,82.04572296142578,19.100784301757812,-136.17684936523438,99.216796875,-35.86124038696289,grab,40,2025-11-18T12:04:55.518465,my_hand_data\videos\grab_seq40_20251118_120453_855467.avi,89.70942891685223,360,90,HIGH,VIDEO_RECORDING,2025-11-18T12:04:57.934518
2025-11-18 12:04:55.521933,150,251,HandType.Left,0.7403884530067444,-189.47607421875,139.77415466308594,8.062939643859863,0.2552720308303833,-0.9332888126373291,0.25260278582572937,4.715024948120117,13.81930923461914,-4.607091903686523,0.027425572276115417,0.0,64.13774108886719,0,1,1,1,1,-171.86488342285156,82.04572296142578,19.100784301757812,-136.17684936523438,99.216796875,-35.86124038696289,grab,40,2025-11-18T12:04:55.521933,my_hand_data\videos\grab_seq40_20251118_120453_855467.avi,89.70942891685223,360,90,HIGH,VIDEO_RECORDING,2025-11-18T12:04:57.934518
2025-11-18 12:04:55.534395,151,251,HandType.Left,0.7404034733772278,-189.43983459472656,139.9237060546875,7.977389812469482,0.2524356245994568,-0.9339499473571777,0.2530094087123871,3.1628522872924805,13.054250717163086,-7.467676162719727,0.03813163936138153,0.0,64.08179473876953,0,1,1,1,1,-171.9690704345703,82.13328552246094,19.090496063232422,-136.2401885986328,98.99282836914062,-35.708980560302734,grab,40,2025-11-18T12:04:55.534395,my_hand_data\videos\grab_seq40_20251118_120453_855467.avi,89.70942891685223,360,90,HIGH,VIDEO_RECORDING,2025-11-18T12:04:57.934518
2025-11-18 12:04:55.550183,152,251,HandType.Left,0.7399301528930664,-189.4030303955078,140.20684814453125,7.7777299880981445,0.24522385001182556,-0.93571537733078,0.25357845425605774,-2.2463760375976562,12.22964859008789,-6.802047252655029,0.0700027197599411,0.0,64.09884643554688,0,1,1,1,1,-172.4539794921875,82.03846740722656,19.165071487426758,-136.4276885986328,98.45360565185547,-35.09140396118164,grab,40,2025-11-18T12:04:55.550183,my_hand_data\videos\grab_seq40_20251118_120453_855467.avi,89.70942891685223,360,90,HIGH,VIDEO_RECORDING,2025-11-18T12:04:57.934518
2025-11-18 12:04:55.566250,153,251,HandType.Left,0.7399411797523499,-189.3700408935547,140.23831176757812,7.7960205078125,0.2420625537633896,-0.9361875653266907,0.2548697590827942,3.041792631149292,2.8993890285491943,1.6862092018127441,0.07843855768442154,0.0,64.10403442382812,0,1,1,1,1,-172.68975830078125,81.94154357910156,19.30075454711914,-136.51329040527344,98.23344421386719,-34.967552185058594,grab,40,2025-11-18T12:04:55.566250,my_hand_data\videos\grab_seq40_20251118_120453_855467.avi,89.70942891685223,360,90,HIGH,VIDEO_RECORDING,2025-11-18T12:04:57.934518
2025-11-18 12:04:55.566250,154,251,HandType.Left,0.7400420308113098,-189.34310913085938,140.29714965820312,7.859903335571289,0.2388906627893448,-0.9366989731788635,0.2559809982776642,2.3806018829345703,5.201955795288086,5.647355556488037,0.0839545875787735,0.0,64.15475463867188,0,1,1,1,1,-173.02772521972656,81.82462310791016,19.453327178955078,-136.5345916748047,98.11815643310547,-34.788211822509766,grab,40,2025-11-18T12:04:55.566250,my_hand_data\videos\grab_seq40_20251118_120453_855467.avi,89.70942891685223,360,90,HIGH,VIDEO_RECORDING,2025-11-18T12:04:57.934518
2025-11-18 12:04:55.582372,155,251,HandType.Left,0.739928126335144,-189.29696655273438,140.32289123535156,7.90659761428833,0.23721419274806976,-0.9369839429855347,0.25649669766426086,4.095059871673584,2.2851955890655518,4.1443681716918945,0.08523969352245331,0.0,64.15567779541016,0,1,1,1,1,-173.126220703125,81.78986358642578,19.514972686767578,-136.59107971191406,98.05590057373047,-34.64229202270508,grab,40,2025-11-18T12:04:55.582372,my_hand_data\videos\grab_seq40_20251118_120453_855467.avi,89.70942891685223,360,90,HIGH,VIDEO_RECORDING,2025-11-18T12:04:57.934518
2025-11-18 12:04:55.597550,156,251,HandType.Left,0.7396847605705261,-189.27706909179688,140.36868286132812,8.00855541229248,0.23601503670215607,-0.9372016191482544,0.25680744647979736,1.7895365953445435,4.116999626159668,9.168831825256348,0.0846431776881218,0.0,64.18526458740234,0,1,1,1,1,-173.24935913085938,81.77796173095703,19.61426544189453,-136.6125946044922,98.07573699951172,-34.52310562133789,grab,40,2025-11-18T12:04:55.597550,my_hand_data\videos\grab_seq40_20251118_120453_855467.avi,89.70942891685223,360,90,HIGH,VIDEO_RECORDING,2025-11-18T12:04:57.934518
2025-11-18 12:04:55.604359,157,251,HandType.Left,0.7396576404571533,-189.25161743164062,140.43008422851562,8.126449584960938,0.2346661388874054,-0.9374792575836182,0.2570301294326782,2.330901622772217,5.622183799743652,10.794229507446289,0.08397817611694336,0.0,64.17864227294922,0,1,1,1,1,-173.32945251464844,81.8193130493164,19.705928802490234,-136.6313934326172,98.10823059082031,-34.39512252807617,grab,40,2025-11-18T12:04:55.604359,my_hand_data\videos\grab_seq40_20251118_120453_855467.avi,89.70942891685223,360,90,HIGH,VIDEO_RECORDING,2025-11-18T12:04:57.934518
2025-11-18 12:04:55.613209,158,251,HandType.Left,0.7399837970733643,-189.23623657226562,140.53782653808594,8.250188827514648,0.23381701111793518,-0.9377263188362122,0.2569025158882141,1.3544447422027588,9.490955352783203,10.900200843811035,0.08262041211128235,0.0,64.18726348876953,0,1,1,1,1,-173.41502380371094,81.89799499511719,19.78114891052246,-136.6389617919922,98.20919036865234,-34.2614860534668,grab,40,2025-11-18T12:04:55.613209,my_hand_data\videos\grab_seq40_20251118_120453_855467.avi,89.70942891685223,360,90,HIGH,VIDEO_RECORDING,2025-11-18T12:04:57.934518
2025-11-18 12:04:55.629039,159,251,HandType.Left,0.7402182817459106,-189.2078399658203,140.63998413085938,8.30428695678711,0.2328743189573288,-0.938002347946167,0.2567511200904846,2.584223508834839,9.298746109008789,4.924288272857666,0.08206463605165482,0.0,64.19950103759766,0,1,1,1,1,-173.48397827148438,81.9375,19.8033447265625,-136.65240478515625,98.27775573730469,-34.1751594543457,grab,40,2025-11-18T12:04:55.629039,my_hand_data\videos\grab_seq40_20251118_120453_855467.avi,89.70942891685223,360,90,HIGH,VIDEO_RECORDING,2025-11-18T12:04:57.934518
2025-11-18 12:04:55.632623,160,251,HandType.Left,0.7402182817459106,-189.2078399658203,140.63998413085938,8.30428695678711,0.2328743189573288,-0.938002347946167,0.2567511200904846,2.584223508834839,9.298746109008789,4.924288272857666,0.08206463605165482,0.0,64.19950103759766,0,1,1,1,1,-173.48397827148438,81.9375,19.8033447265625,-136.65240478515625,98.27775573730469,-34.1751594543457,grab,40,2025-11-18T12:04:55.632623,my_hand_data\videos\grab_seq40_20251118_120453_855467.avi,89.70942891685223,360,90,HIGH,VIDEO_RECORDING,2025-11-18T12:04:57.934518
2025-11-18 12:04:55.660173,161,251,HandType.Left,0.7412025332450867,-189.08755493164062,141.07420349121094,8.320643424987793,0.2289767861366272,-0.9392185211181641,0.25580883026123047,5.275619983673096,10.977960586547852,-1.0093491077423096,0.0854187086224556,0.0,64.17018127441406,0,1,1,1,1,-173.95188903808594,82.18592834472656,19.733911514282227,-137.029541015625,98.37660217285156,-33.87729263305664,grab,40,2025-11-18T12:04:55.660173,my_hand_data\videos\grab_seq40_20251118_120453_855467.avi,89.70942891685223,360,90,HIGH,VIDEO_RECORDING,2025-11-18T12:04:57.934518
2025-11-18 12:04:55.662179,162,251,HandType.Left,0.7412025332450867,-189.08755493164062,141.07420349121094,8.320643424987793,0.2289767861366272,-0.9392185211181641,0.25580883026123047,5.275619983673096,10.977960586547852,-1.0093491077423096,0.0854187086224556,0.0,64.17018127441406,0,1,1,1,1,-173.95188903808594,82.18592834472656,19.733911514282227,-137.029541015625,98.37660217285156,-33.87729263305664,grab,40,2025-11-18T12:04:55.662179,my_hand_data\videos\grab_seq40_20251118_120453_855467.avi,89.70942891685223,360,90,HIGH,VIDEO_RECORDING,2025-11-18T12:04:57.934518
2025-11-18 12:04:55.662179,163,251,HandType.Left,0.7412025332450867,-189.08755493164062,141.07420349121094,8.320643424987793,0.2289767861366272,-0.9392185211181641,0.25580883026123047,5.275619983673096,10.977960586547852,-1.0093491077423096,0.0854187086224556,0.0,64.17018127441406,0,1,1,1,1,-173.95188903808594,82.18592834472656,19.733911514282227,-137.029541015625,98.37660217285156,-33.87729263305664,grab,40,2025-11-18T12:04:55.662179,my_hand_data\videos\grab_seq40_20251118_120453_855467.avi,89.70942891685223,360,90,HIGH,VIDEO_RECORDING,2025-11-18T12:04:57.934518
2025-11-18 12:04:55.691963,164,251,HandType.Left,0.7417992949485779,-188.8625946044922,140.9582977294922,8.050567626953125,0.2258608639240265,-0.9400843977928162,0.255398154258728,3.806974411010742,-7.242631912231445,-10.014700889587402,0.10544700920581818,0.0,64.0640869140625,0,1,1,1,1,-174.10348510742188,81.95993041992188,19.477956771850586,-137.56068420410156,98.02084350585938,-33.61875534057617,grab,40,2025-11-18T12:04:55.691963,my_hand_data\videos\grab_seq40_20251118_120453_855467.avi,89.70942891685223,360,90,HIGH,VIDEO_RECORDING,2025-11-18T12:04:57.934518
2025-11-18 12:04:55.691963,165,251,HandType.Left,0.7417992949485779,-188.8625946044922,140.9582977294922,8.050567626953125,0.2258608639240265,-0.9400843977928162,0.255398154258728,3.806974411010742,-7.242631912231445,-10.014700889587402,0.10544700920581818,0.0,64.0640869140625,0,1,1,1,1,-174.10348510742188,81.95993041992188,19.477956771850586,-137.56068420410156,98.02084350585938,-33.61875534057617,grab,40,2025-11-18T12:04:55.691963,my_hand_data\videos\grab_seq40_20251118_120453_855467.avi,89.70942891685223,360,90,HIGH,VIDEO_RECORDING,2025-11-18T12:04:57.934518
2025-11-18 12:04:55.691963,166,251,HandType.Left,0.7420475482940674,-188.82237243652344,140.8994598388672,7.861566543579102,0.2256423681974411,-0.9401206970214844,0.25545769929885864,3.6307075023651123,-5.309057235717773,-17.057851791381836,0.11456923186779022,0.0,63.95198059082031,0,1,1,1,1,-174.07742309570312,81.9132080078125,19.35680389404297,-137.7028350830078,97.77442932128906,-33.407203674316406,grab,40,2025-11-18T12:04:55.691963,my_hand_data\videos\grab_seq40_20251118_120453_855467.avi,89.70942891685223,360,90,HIGH,VIDEO_RECORDING,2025-11-18T12:04:57.934518
2025-11-18 12:04:55.723879,167,251,HandType.Left,0.7424064874649048,-188.87017822265625,140.8787078857422,7.748152256011963,0.225178062915802,-0.9402575492858887,0.2553635239601135,-4.200192451477051,-1.8237354755401611,-9.963508605957031,0.11586330085992813,0.0,63.73371887207031,0,0,1,1,1,-174.1110382080078,81.90319061279297,19.312898635864258,-137.9259490966797,97.70359802246094,-33.23405838012695,grab,40,2025-11-18T12:04:55.723879,my_hand_data\videos\grab_seq40_20251118_120453_855467.avi,89.70942891685223,360,90,HIGH,VIDEO_RECORDING,2025-11-18T12:04:57.934518
2025-11-18 12:04:55.728828,168,251,HandType.Left,0.7425878047943115,-188.9217071533203,140.91033935546875,7.677120208740234,0.2244299203157425,-0.9405456185340881,0.2549611032009125,-4.73703670501709,2.907275438308716,-6.529885292053223,0.12092345207929611,0.0,63.545066833496094,0,0,1,1,1,-174.15267944335938,81.94205474853516,19.281509399414062,-138.1629180908203,97.62165069580078,-33.0965576171875,grab,40,2025-11-18T12:04:55.728828,my_hand_data\videos\grab_seq40_20251118_120453_855467.avi,89.70942891685223,360,90,HIGH,VIDEO_RECORDING,2025-11-18T12:04:57.934518
2025-11-18 12:04:55.734079,169,251,HandType.Left,0.7431396842002869,-188.98095703125,140.94003295898438,7.629870891571045,0.22370366752147675,-0.9408565759658813,0.25445160269737244,-5.356902599334717,2.684461832046509,-4.271283149719238,0.12657009065151215,0.0,63.2843132019043,0,0,1,1,1,-174.2075958251953,81.9758071899414,19.2460994720459,-138.42047119140625,97.54757690429688,-32.864444732666016,grab,40,2025-11-18T12:04:55.734079,my_hand_data\videos\grab_seq40_20251118_120453_855467.avi,89.70942891685223,360,90,HIGH,VIDEO_RECORDING,2025-11-18T12:04:57.934518
2025-11-18 12:04:55.755729,170,251,HandType.Left,0.7432422041893005,-189.07083129882812,140.99703979492188,7.603883743286133,0.22303760051727295,-0.9411136507987976,0.2540852725505829,-8.152406692504883,5.17132043838501,-2.3573341369628906,0.1308094710111618,0.0,63.10093688964844,0,0,1,1,1,-174.28955078125,82.03582000732422,19.221675872802734,-138.63259887695312,97.50479125976562,-32.697959899902344,grab,40,2025-11-18T12:04:55.755729,my_hand_data\videos\grab_seq40_20251118_120453_855467.avi,89.70942891685223,360,90,HIGH,VIDEO_RECORDING,2025-11-18T12:04:57.934518
2025-11-18 12:04:55.759406,171,251,HandType.Left,0.7431694269180298,-189.17996215820312,141.08631896972656,7.594594955444336,0.22227799892425537,-0.9414493441581726,0.25350672006607056,-9.935762405395508,8.12903118133545,-0.8457346558570862,0.13396543264389038,0.0,62.89797592163086,0,0,1,1,1,-174.35427856445312,82.13182830810547,19.221525192260742,-138.8867950439453,97.43724822998047,-32.49885559082031,grab,40,2025-11-18T12:04:55.759406,my_hand_data\videos\grab_seq40_20251118_120453_855467.avi,89.70942891685223,360,90,HIGH,VIDEO_RECORDING,2025-11-18T12:04:57.934518
2025-11-18 12:04:55.771818,172,251,HandType.Left,0.7432870864868164,-189.25904846191406,141.18214416503906,7.578220367431641,0.22174467146396637,-0.9418264627456665,0.252571165561676,-6.81612491607666,8.25858211517334,-1.4112517833709717,0.13828542828559875,0.0,62.67448043823242,0,0,1,1,1,-174.4063262939453,82.23011016845703,19.211835861206055,-139.16143798828125,97.35079956054688,-32.29905700683594,grab,40,2025-11-18T12:04:55.771818,my_hand_data\videos\grab_seq40_20251118_120453_855467.avi,89.70942891685223,360,90,HIGH,VIDEO_RECORDING,2025-11-18T12:04:57.934518
2025-11-18 12:04:55.777572,173,251,HandType.Left,0.7432870864868164,-189.25904846191406,141.18214416503906,7.578220367431641,0.22174467146396637,-0.9418264627456665,0.252571165561676,-6.81612491607666,8.25858211517334,-1.4112517833709717,0.13828542828559875,0.0,62.67448043823242,0,0,1,1,1,-174.4063262939453,82.23011016845703,19.211835861206055,-139.16143798828125,97.35079956054688,-32.29905700683594,grab,40,2025-11-18T12:04:55.777572,my_hand_data\videos\grab_seq40_20251118_120453_855467.avi,89.70942891685223,360,90,HIGH,VIDEO_RECORDING,2025-11-18T12:04:57.934518
2025-11-18 12:04:55.804831,174,251,HandType.Left,0.7422069311141968,-189.2544708251953,141.35536193847656,7.416950225830078,0.2204681932926178,-0.9425428509712219,0.2510114908218384,1.8989390134811401,5.784520626068115,-4.088628768920898,0.14878006279468536,0.0,62.036041259765625,0,0,1,1,1,-174.3700408935547,82.37036895751953,19.1085262298584,-139.72779846191406,97.15060424804688,-31.823646545410156,grab,40,2025-11-18T12:04:55.804831,my_hand_data\videos\grab_seq40_20251118_120453_855467.avi,89.70942891685223,360,90,HIGH,VIDEO_RECORDING,2025-11-18T12:04:57.934518
2025-11-18 12:04:55.810975,175,251,HandType.Left,0.7422069311141968,-189.2544708251953,141.35536193847656,7.416950225830078,0.2204681932926178,-0.9425428509712219,0.2510114908218384,1.8989390134811401,5.784520626068115,-4.088628768920898,0.14878006279468536,0.0,62.036041259765625,0,0,1,1,1,-174.3700408935547,82.37036895751953,19.1085262298584,-139.72779846191406,97.15060424804688,-31.823646545410156,grab,40,2025-11-18T12:04:55.810975,my_hand_data\videos\grab_seq40_20251118_120453_855467.avi,89.70942891685223,360,90,HIGH,VIDEO_RECORDING,2025-11-18T12:04:57.934518
2025-11-18 12:04:55.817042,176,251,HandType.Left,0.7415501475334167,-189.21360778808594,141.41366577148438,7.3386406898498535,0.22019505500793457,-0.9426577687263489,0.25081947445869446,3.6132473945617676,5.1557183265686035,-6.923905372619629,0.1523299515247345,0.0,61.7607307434082,0,0,1,1,1,-174.3168182373047,82.41453552246094,19.05255889892578,-139.89886474609375,97.00443267822266,-31.661529541015625,grab,40,2025-11-18T12:04:55.817042,my_hand_data\videos\grab_seq40_20251118_120453_855467.avi,89.70942891685223,360,90,HIGH,VIDEO_RECORDING,2025-11-18T12:04:57.934518
2025-11-18 12:04:55.834980,177,251,HandType.Left,0.7413759231567383,-189.18087768554688,141.51165771484375,7.268294334411621,0.21982558071613312,-0.9428372979164124,0.2504686415195465,2.939080238342285,8.800673484802246,-6.317595958709717,0.15443484485149384,0.0,61.4825553894043,0,0,1,1,1,-174.27293395996094,82.45060729980469,19.04549789428711,-140.24453735351562,96.98562622070312,-31.54513168334961,grab,40,2025-11-18T12:04:55.834980,my_hand_data\videos\grab_seq40_20251118_120453_855467.avi,89.70942891685223,360,90,HIGH,VIDEO_RECORDING,2025-11-18T12:04:57.934518
2025-11-18 12:04:55.834980,178,251,HandType.Left,0.7412608861923218,-189.17042541503906,141.6707763671875,7.221652030944824,0.21942679584026337,-0.9430453181266785,0.2500348389148712,0.9629008173942566,14.657950401306152,-4.296866416931152,0.15541918575763702,0.0,61.06329345703125,0,0,1,1,1,-174.239990234375,82.56312561035156,19.066267013549805,-140.58277893066406,96.97671508789062,-31.26027488708496,grab,40,2025-11-18T12:04:55.834980,my_hand_data\videos\grab_seq40_20251118_120453_855467.avi,89.70942891685223,360,90,HIGH,VIDEO_RECORDING,2025-11-18T12:04:57.934518
2025-11-18 12:04:55.850848,179,251,HandType.Left,0.7409716844558716,-189.2405242919922,141.83572387695312,7.224453449249268,0.2190142720937729,-0.9433138370513916,0.24938271939754486,-6.232577800750732,14.667686462402344,0.24910083413124084,0.15484879910945892,0.0,60.69565963745117,0,0,1,1,1,-174.2303009033203,82.73094940185547,19.09323501586914,-141.0418243408203,97.00592041015625,-31.075592041015625,grab,40,2025-11-18T12:04:55.850848,my_hand_data\videos\grab_seq40_20251118_120453_855467.avi,89.70942891685223,360,90,HIGH,VIDEO_RECORDING,2025-11-18T12:04:57.934518
2025-11-18 12:04:55.850848,180,251,HandType.Left,0.7409716844558716,-189.2405242919922,141.83572387695312,7.224453449249268,0.2190142720937729,-0.9433138370513916,0.24938271939754486,-6.232577800750732,14.667686462402344,0.24910083413124084,0.15484879910945892,0.0,60.69565963745117,0,0,1,1,1,-174.2303009033203,82.73094940185547,19.09323501586914,-141.0418243408203,97.00592041015625,-31.075592041015625,grab,40,2025-11-18T12:04:55.850848,my_hand_data\videos\grab_seq40_20251118_120453_855467.avi,89.70942891685223,360,90,HIGH,VIDEO_RECORDING,2025-11-18T12:04:57.934518
2025-11-18 12:04:55.882815,181,251,HandType.Left,0.7379976511001587,-189.64996337890625,142.28689575195312,7.303451061248779,0.21737118065357208,-0.944166898727417,0.2475856989622116,-13.29581356048584,12.591400146484375,3.380742311477661,0.14780758321285248,0.0,59.787628173828125,0,0,1,1,1,-174.316650390625,83.26581573486328,19.164941787719727,-142.12948608398438,97.05399322509766,-30.441204071044922,grab,40,2025-11-18T12:04:55.882815,my_hand_data\videos\grab_seq40_20251118_120453_855467.avi,89.70942891685223,360,90,HIGH,VIDEO_RECORDING,2025-11-18T12:04:57.934518
2025-11-18 12:04:55.888499,182,251,HandType.Left,0.7379976511001587,-189.64996337890625,142.28689575195312,7.303451061248779,0.21737118065357208,-0.944166898727417,0.2475856989622116,-13.29581356048584,12.591400146484375,3.380742311477661,0.14780758321285248,0.0,59.787628173828125,0,0,1,1,1,-174.316650390625,83.26581573486328,19.164941787719727,-142.12948608398438,97.05399322509766,-30.441204071044922,grab,40,2025-11-18T12:04:55.888499,my_hand_data\videos\grab_seq40_20251118_120453_855467.avi,89.70942891685223,360,90,HIGH,VIDEO_RECORDING,2025-11-18T12:04:57.934518
2025-11-18 12:04:55.890504,183,251,HandType.Left,0.7375765442848206,-189.80726623535156,142.4233856201172,7.360536575317383,0.21629391610622406,-0.9446021318435669,0.24686798453330994,-13.92226505279541,12.080169677734375,5.052224636077881,0.14708265662193298,0.0,59.55179214477539,0,0,1,1,1,-174.45399475097656,83.4188003540039,19.160465240478516,-142.43299865722656,97.03874206542969,-30.24085235595703,grab,40,2025-11-18T12:04:55.890504,my_hand_data\videos\grab_seq40_20251118_120453_855467.avi,89.70942891685223,360,90,HIGH,VIDEO_RECORDING,2025-11-18T12:04:57.934518
2025-11-18 12:04:55.898637,184,251,HandType.Left,0.7375765442848206,-189.80726623535156,142.4233856201172,7.360536575317383,0.21629391610622406,-0.9446021318435669,0.24686798453330994,-13.92226505279541,12.080169677734375,5.052224636077881,0.14708265662193298,0.0,59.55179214477539,0,0,1,1,1,-174.45399475097656,83.4188003540039,19.160465240478516,-142.43299865722656,97.03874206542969,-30.24085235595703,grab,40,2025-11-18T12:04:55.898637,my_hand_data\videos\grab_seq40_20251118_120453_855467.avi,89.70942891685223,360,90,HIGH,VIDEO_RECORDING,2025-11-18T12:04:57.934518
2025-11-18 12:04:55.914659,185,251,HandType.Left,0.7369871735572815,-190.14016723632812,142.71566772460938,7.357982635498047,0.21369852125644684,-0.945533037185669,0.2455609291791916,-15.934739112854004,13.38611125946045,-0.6611238718032837,0.14987683296203613,0.0,59.080326080322266,0,0,1,1,1,-174.48666381835938,83.82127380371094,19.02519989013672,-143.01719665527344,97.01175689697266,-30.02622413635254,grab,40,2025-11-18T12:04:55.914659,my_hand_data\videos\grab_seq40_20251118_120453_855467.avi,89.70942891685223,360,90,HIGH,VIDEO_RECORDING,2025-11-18T12:04:57.934518
2025-11-18 12:04:55.930398,186,251,HandType.Left,0.7362032532691956,-190.3430938720703,142.84132385253906,7.446953773498535,0.2128782719373703,-0.945684015750885,0.24569204449653625,-18.595762252807617,11.51473617553711,8.15350341796875,0.1503564566373825,0.0,58.98571014404297,0,0,1,1,1,-174.61395263671875,83.95050811767578,19.121910095214844,-143.24203491210938,97.07927703857422,-29.858339309692383,grab,40,2025-11-18T12:04:55.930398,my_hand_data\videos\grab_seq40_20251118_120453_855467.avi,89.70942891685223,360,90,HIGH,VIDEO_RECORDING,2025-11-18T12:04:57.934518
2025-11-18 12:04:55.930398,187,251,HandType.Left,0.7351807951927185,-190.54690551757812,142.97442626953125,7.554863929748535,0.21228744089603424,-0.9458819031715393,0.2454414814710617,-18.405731201171875,12.019501686096191,9.744474411010742,0.1505262404680252,0.0,58.81758499145508,0,0,1,1,1,-174.7673797607422,84.06370544433594,19.232337951660156,-143.5357666015625,97.10121154785156,-29.597394943237305,grab,40,2025-11-18T12:04:55.930398,my_hand_data\videos\grab_seq40_20251118_120453_855467.avi,89.70942891685223,360,90,HIGH,VIDEO_RECORDING,2025-11-18T12:04:57.934518
2025-11-18 12:04:55.946070,188,251,HandType.Left,0.7351807951927185,-190.54690551757812,142.97442626953125,7.554863929748535,0.21228744089603424,-0.9458819031715393,0.2454414814710617,-18.405731201171875,12.019501686096191,9.744474411010742,0.1505262404680252,0.0,58.81758499145508,0,0,1,1,1,-174.7673797607422,84.06370544433594,19.232337951660156,-143.5357666015625,97.10121154785156,-29.597394943237305,grab,40,2025-11-18T12:04:55.946070,my_hand_data\videos\grab_seq40_20251118_120453_855467.avi,89.70942891685223,360,90,HIGH,VIDEO_RECORDING,2025-11-18T12:04:57.934518
2025-11-18 12:04:55.961912,189,251,HandType.Left,0.7345923781394958,-190.84352111816406,143.20640563964844,7.5967254638671875,0.20997388660907745,-0.9468668699264526,0.24362705647945404,-12.404792785644531,9.628462791442871,-1.7967321872711182,0.15306104719638824,0.0,58.407875061035156,0,0,1,1,1,-174.8990936279297,84.28932189941406,19.135604858398438,-144.16510009765625,97.00086975097656,-29.359140396118164,grab,40,2025-11-18T12:04:55.961912,my_hand_data\videos\grab_seq40_20251118_120453_855467.avi,89.70942891685223,360,90,HIGH,VIDEO_RECORDING,2025-11-18T12:04:57.934518
2025-11-18 12:04:55.977972,190,251,HandType.Left,0.7344321608543396,-190.98593139648438,143.34788513183594,7.545039176940918,0.20853513479232788,-0.9475052356719971,0.24237768352031708,-13.040668487548828,12.955946922302246,-4.733196258544922,0.1530267894268036,0.0,58.18960189819336,0,0,1,1,1,-174.94923400878906,84.42594909667969,18.990386962890625,-144.5202178955078,97.00405883789062,-29.327579498291016,grab,40,2025-11-18T12:04:55.977972,my_hand_data\videos\grab_seq40_20251118_120453_855467.avi,89.70942891685223,360,90,HIGH,VIDEO_RECORDING,2025-11-18T12:04:57.934518
2025-11-18 12:04:55.977972,191,251,HandType.Left,0.7339820861816406,-191.16407775878906,143.46791076660156,7.623570919036865,0.20783142745494843,-0.9478089213371277,0.24179410934448242,-15.992515563964844,10.774852752685547,7.050169467926025,0.1534423679113388,0.0,58.1954231262207,0,0,1,1,1,-175.1039276123047,84.5169906616211,19.042701721191406,-144.7335968017578,97.13067626953125,-29.309831619262695,grab,40,2025-11-18T12:04:55.977972,my_hand_data\videos\grab_seq40_20251118_120453_855467.avi,89.70942891685223,360,90,HIGH,VIDEO_RECORDING,2025-11-18T12:04:57.934518
2025-11-18 12:04:55.993644,192,251,HandType.Left,0.7338860630989075,-191.31431579589844,143.5488739013672,7.689079761505127,0.20705068111419678,-0.9481304883956909,0.24120230972766876,-13.162493705749512,7.092491626739502,5.7388482093811035,0.15439088642597198,0.0,58.16238784790039,0,0,1,1,1,-175.1179962158203,84.62207794189453,19.059606552124023,-144.9176483154297,97.21754455566406,-29.282644271850586,grab,40,2025-11-18T12:04:55.993644,my_hand_data\videos\grab_seq40_20251118_120453_855467.avi,89.70942891685223,360,90,HIGH,VIDEO_RECORDING,2025-11-18T12:04:57.934518
2025-11-18 12:04:56.009699,193,251,HandType.Left,0.7335547804832458,-191.4697723388672,143.61448669433594,7.768396854400635,0.20594735443592072,-0.9486319422721863,0.24017322063446045,-13.945601463317871,5.88637113571167,7.11553430557251,0.15391595661640167,0.0,58.07822036743164,0,0,1,1,1,-175.10946655273438,84.73683166503906,18.978713989257812,-145.07754516601562,97.29380798339844,-29.266063690185547,grab,40,2025-11-18T12:04:56.009699,my_hand_data\videos\grab_seq40_20251118_120453_855467.avi,89.70942891685223,360,90,HIGH,VIDEO_RECORDING,2025-11-18T12:04:57.934518
2025-11-18 12:04:56.010284,194,251,HandType.Left,0.7334712743759155,-191.56980895996094,143.6215057373047,7.803223133087158,0.20478706061840057,-0.9492564797401428,0.23869305849075317,-9.457513809204102,0.6631537079811096,3.292341709136963,0.1525021493434906,0.0,57.90629959106445,0,0,1,1,1,-174.93946838378906,84.82423400878906,18.833669662475586,-145.25125122070312,97.2922134399414,-29.29427146911621,grab,40,2025-11-18T12:04:56.010284,my_hand_data\videos\grab_seq40_20251118_120453_855467.avi,89.70942891685223,360,90,HIGH,VIDEO_RECORDING,2025-11-18T12:04:57.934518
2025-11-18 12:04:56.025634,195,251,HandType.Left,0.7333434224128723,-191.6822509765625,143.61309814453125,7.828934192657471,0.2041209191083908,-0.9498038291931152,0.23708082735538483,-9.985777854919434,-0.7461801171302795,2.28359317779541,0.1507929414510727,0.0,57.62451934814453,0,0,1,1,1,-174.8540496826172,84.94060516357422,18.69205665588379,-145.4767608642578,97.27410125732422,-29.3229923248291,grab,40,2025-11-18T12:04:56.025634,my_hand_data\videos\grab_seq40_20251118_120453_855467.avi,89.70942891685223,360,90,HIGH,VIDEO_RECORDING,2025-11-18T12:04:57.934518
2025-11-18 12:04:56.041408,196,251,HandType.Left,0.7323165535926819,-191.8025665283203,143.56971740722656,7.849878787994385,0.2035847008228302,-0.9502145648002625,0.23589308559894562,-10.881760597229004,-3.922767400741577,1.8942642211914062,0.14876756072044373,0.0,57.43267059326172,0,0,1,1,1,-174.91578674316406,84.92477416992188,18.582012176513672,-145.740966796875,97.20860290527344,-29.339269638061523,grab,40,2025-11-18T12:04:56.041408,my_hand_data\videos\grab_seq40_20251118_120453_855467.avi,89.70942891685223,360,90,HIGH,VIDEO_RECORDING,2025-11-18T12:04:57.934518
2025-11-18 12:04:56.047423,197,251,HandType.Left,0.7321783304214478,-191.91409301757812,143.5125274658203,7.807315826416016,0.20334270596504211,-0.9505941271781921,0.23456896841526031,-9.941743850708008,-5.099289894104004,-3.794189929962158,0.148630753159523,0.0,57.03874206542969,0,0,1,1,1,-174.84884643554688,84.93406677246094,18.451637268066406,-146.23495483398438,97.0482406616211,-29.38046646118164,grab,40,2025-11-18T12:04:56.047423,my_hand_data\videos\grab_seq40_20251118_120453_855467.avi,89.70942891685223,360,90,HIGH,VIDEO_RECORDING,2025-11-18T12:04:57.934518
2025-11-18 12:04:56.057514,198,251,HandType.Left,0.7315148115158081,-192.02626037597656,143.46414184570312,7.716217517852783,0.20274718105793,-0.9509111642837524,0.23379813134670258,-9.958231925964355,-4.2947211265563965,-8.087557792663574,0.14918774366378784,0.009799478575587273,56.6041374206543,0,0,1,1,1,-174.73513793945312,84.9477310180664,18.329313278198242,-146.698974609375,96.7961654663086,-29.395069122314453,grab,40,2025-11-18T12:04:56.057514,my_hand_data\videos\grab_seq40_20251118_120453_855467.avi,89.70942891685223,360,90,HIGH,VIDEO_RECORDING,2025-11-18T12:04:57.934518
2025-11-18 12:04:56.073552,199,251,HandType.Left,0.7309117913246155,-192.17262268066406,143.40098571777344,7.673901557922363,0.20202842354774475,-0.9511785507202148,0.23333217203617096,-13.364734649658203,-5.767542839050293,-3.8641035556793213,0.14961226284503937,0.023782383650541306,56.10113525390625,0,0,1,1,1,-174.7045440673828,84.95140838623047,18.268510818481445,-147.27943420410156,96.44600677490234,-29.303274154663086,grab,40,2025-11-18T12:04:56.073552,my_hand_data\videos\grab_seq40_20251118_120453_855467.avi,89.70942891685223,360,90,HIGH,VIDEO_RECORDING,2025-11-18T12:04:57.934518
2025-11-18 12:04:56.077770,200,251,HandType.Left,0.7309117913246155,-192.17262268066406,143.40098571777344,7.673901557922363,0.20202842354774475,-0.9511785507202148,0.23333217203617096,-13.364734649658203,-5.767542839050293,-3.8641035556793213,0.14961226284503937,0.023782383650541306,56.10113525390625,0,0,1,1,1,-174.7045440673828,84.95140838623047,18.268510818481445,-147.27943420410156,96.44600677490234,-29.303274154663086,grab,40,2025-11-18T12:04:56.079785,my_hand_data\videos\grab_seq40_20251118_120453_855467.avi,89.70942891685223,360,90,HIGH,VIDEO_RECORDING,2025-11-18T12:04:57.934518
2025-11-18 12:04:56.105076,201,251,HandType.Left,0.728477418422699,-192.42637634277344,143.0201873779297,7.76945686340332,0.2011425793170929,-0.9512466192245483,0.2338193953037262,-4.687495708465576,-12.842584609985352,6.512959957122803,0.15051288902759552,0.043342433869838715,55.390316009521484,0,0,1,1,1,-174.6682891845703,84.72655487060547,18.322616577148438,-148.21974182128906,95.7621841430664,-29.077556610107422,grab,40,2025-11-18T12:04:56.105076,my_hand_data\videos\grab_seq40_20251118_120453_855467.avi,89.70942891685223,360,90,HIGH,VIDEO_RECORDING,2025-11-18T12:04:57.934518
2025-11-18 12:04:56.105076,202,251,HandType.Left,0.728477418422699,-192.42637634277344,143.0201873779297,7.76945686340332,0.2011425793170929,-0.9512466192245483,0.2338193953037262,-4.687495708465576,-12.842584609985352,6.512959957122803,0.15051288902759552,0.043342433869838715,55.390316009521484,0,0,1,1,1,-174.6682891845703,84.72655487060547,18.322616577148438,-148.21974182128906,95.7621841430664,-29.077556610107422,grab,40,2025-11-18T12:04:56.105076,my_hand_data\videos\grab_seq40_20251118_120453_855467.avi,89.70942891685223,360,90,HIGH,VIDEO_RECORDING,2025-11-18T12:04:57.934518
2025-11-18 12:04:56.114674,203,251,HandType.Left,0.7276759743690491,-192.4605712890625,142.88584899902344,7.8381876945495605,0.20072732865810394,-0.9513945579528809,0.23357418179512024,-3.068162441253662,-12.057148933410645,6.169164657592773,0.1514129489660263,0.051570892333984375,55.09574890136719,0,0,1,1,1,-174.63534545898438,84.62346649169922,18.292829513549805,-148.30592346191406,95.51961517333984,-28.861988067626953,grab,40,2025-11-18T12:04:56.114674,my_hand_data\videos\grab_seq40_20251118_120453_855467.avi,89.70942891685223,360,90,HIGH,VIDEO_RECORDING,2025-11-18T12:04:57.934518
2025-11-18 12:04:56.136701,204,251,HandType.Left,0.726857602596283,-192.54147338867188,142.7373046875,7.83123254776001,0.19946399331092834,-0.9519031643867493,0.23258210718631744,-3.3043630123138428,-7.2336273193359375,-0.7129848599433899,0.151983842253685,0.06467269361019135,54.62437438964844,0,0,1,1,1,-174.53684997558594,84.5330810546875,18.161144256591797,-148.54026794433594,95.17244720458984,-28.68758773803711,grab,40,2025-11-18T12:04:56.136701,my_hand_data\videos\grab_seq40_20251118_120453_855467.avi,89.70942891685223,360,90,HIGH,VIDEO_RECORDING,2025-11-18T12:04:57.934518
2025-11-18 12:04:56.140963,205,251,HandType.Left,0.726857602596283,-192.54147338867188,142.7373046875,7.83123254776001,0.19946399331092834,-0.9519031643867493,0.23258210718631744,-3.3043630123138428,-7.2336273193359375,-0.7129848599433899,0.151983842253685,0.06467269361019135,54.62437438964844,0,0,1,1,1,-174.53684997558594,84.5330810546875,18.161144256591797,-148.54026794433594,95.17244720458984,-28.68758773803711,grab,40,2025-11-18T12:04:56.142624,my_hand_data\videos\grab_seq40_20251118_120453_855467.avi,89.70942891685223,360,90,HIGH,VIDEO_RECORDING,2025-11-18T12:04:57.934518
2025-11-18 12:04:56.148810,206,251,HandType.Left,0.7260929346084595,-192.5629425048828,142.6588592529297,7.816412925720215,0.19879984855651855,-0.9520136117935181,0.23269878327846527,-1.976460576057434,-7.221097469329834,-1.3642163276672363,0.15058521926403046,0.0677136704325676,54.517906188964844,0,0,1,1,1,-174.52874755859375,84.45463562011719,18.126678466796875,-148.6040496826172,95.02041625976562,-28.65447425842285,grab,40,2025-11-18T12:04:56.148810,my_hand_data\videos\grab_seq40_20251118_120453_855467.avi,89.70942891685223,360,90,HIGH,VIDEO_RECORDING,2025-11-18T12:04:57.934518
2025-11-18 12:04:56.168958,207,251,HandType.Left,0.7245652079582214,-192.59078979492188,142.59388732910156,7.787485122680664,0.19680055975914001,-0.9523827433586121,0.23288767039775848,-2.7171270847320557,-0.834050178527832,0.24454866349697113,0.14835862815380096,0.07846646010875702,54.13078308105469,0,0,1,1,1,-174.48043823242188,84.39959716796875,18.10214614868164,-149.07720947265625,94.56687927246094,-28.603784561157227,grab,40,2025-11-18T12:04:56.168958,my_hand_data\videos\grab_seq40_20251118_120453_855467.avi,89.70942891685223,360,90,HIGH,VIDEO_RECORDING,2025-11-18T12:04:57.934518
2025-11-18 12:04:56.168958,208,251,HandType.Left,0.7245652079582214,-192.59078979492188,142.59388732910156,7.787485122680664,0.19680055975914001,-0.9523827433586121,0.23288767039775848,-2.7171270847320557,-0.834050178527832,0.24454866349697113,0.14835862815380096,0.07846646010875702,54.13078308105469,0,0,1,1,1,-174.48043823242188,84.39959716796875,18.10214614868164,-149.07720947265625,94.56687927246094,-28.603784561157227,grab,40,2025-11-18T12:04:56.168958,my_hand_data\videos\grab_seq40_20251118_120453_855467.avi,89.70942891685223,360,90,HIGH,VIDEO_RECORDING,2025-11-18T12:04:57.934518
2025-11-18 12:04:56.180817,209,251,HandType.Left,0.7245652079582214,-192.59078979492188,142.59388732910156,7.787485122680664,0.19680055975914001,-0.9523827433586121,0.23288767039775848,-2.7171270847320557,-0.834050178527832,0.24454866349697113,0.14835862815380096,0.07846646010875702,54.13078308105469,0,0,1,1,1,-174.48043823242188,84.39959716796875,18.10214614868164,-149.07720947265625,94.56687927246094,-28.603784561157227,grab,40,2025-11-18T12:04:56.180817,my_hand_data\videos\grab_seq40_20251118_120453_855467.avi,89.70942891685223,360,90,HIGH,VIDEO_RECORDING,2025-11-18T12:04:57.934518
2025-11-18 12:04:56.200833,210,251,HandType.Left,0.722356915473938,-192.7040252685547,142.60386657714844,7.811099052429199,0.1939367651939392,-0.9529799818992615,0.23284682631492615,-5.639382839202881,0.9122217893600464,0.5813871026039124,0.1472407579421997,0.09706711769104004,53.46109390258789,0,0,1,1,1,-174.48605346679688,84.52375793457031,18.0981388092041,-149.9110870361328,94.1555404663086,-28.392593383789062,grab,40,2025-11-18T12:04:56.200833,my_hand_data\videos\grab_seq40_20251118_120453_855467.avi,89.70942891685223,360,90,HIGH,VIDEO_RECORDING,2025-11-18T12:04:57.934518
2025-11-18 12:04:56.206773,211,251,HandType.Left,0.7211291790008545,-192.78138732910156,142.6565399169922,7.832829475402832,0.19243672490119934,-0.953347384929657,0.2325873076915741,-6.796819686889648,4.628767013549805,1.909159541130066,0.14488908648490906,0.10592042654752731,53.14327621459961,0,0,1,1,1,-174.47703552246094,84.66228485107422,18.080703735351562,-150.19651794433594,94.03364562988281,-28.253320693969727,grab,40,2025-11-18T12:04:56.206773,my_hand_data\videos\grab_seq40_20251118_120453_855467.avi,89.70942891685223,360,90,HIGH,VIDEO_RECORDING,2025-11-18T12:04:57.934518
2025-11-18 12:04:56.211795,212,251,HandType.Left,0.7211291790008545,-192.78138732910156,142.6565399169922,7.832829475402832,0.19243672490119934,-0.953347384929657,0.2325873076915741,-6.796819686889648,4.628767013549805,1.909159541130066,0.14488908648490906,0.10592042654752731,53.14327621459961,0,0,1,1,1,-174.47703552246094,84.66228485107422,18.080703735351562,-150.19651794433594,94.03364562988281,-28.253320693969727,grab,40,2025-11-18T12:04:56.211795,my_hand_data\videos\grab_seq40_20251118_120453_855467.avi,89.70942891685223,360,90,HIGH,VIDEO_RECORDING,2025-11-18T12:04:57.934518
2025-11-18 12:04:56.232757,213,251,HandType.Left,0.7200005054473877,-192.88525390625,142.78956604003906,8.022574424743652,0.1890973150730133,-0.9544026851654053,0.23099298775196075,-4.706974029541016,5.6597580909729,10.900799751281738,0.1422560214996338,0.12260982394218445,52.54745101928711,0,0,1,1,1,-174.2983856201172,84.96569061279297,18.01201057434082,-150.4931640625,94.03060150146484,-27.948551177978516,grab,40,2025-11-18T12:04:56.232757,my_hand_data\videos\grab_seq40_20251118_120453_855467.avi,89.70942891685223,360,90,HIGH,VIDEO_RECORDING,2025-11-18T12:04:57.934518
2025-11-18 12:04:56.237058,214,251,HandType.Left,0.7200005054473877,-192.88525390625,142.78956604003906,8.022574424743652,0.1890973150730133,-0.9544026851654053,0.23099298775196075,-4.706974029541016,5.6597580909729,10.900799751281738,0.1422560214996338,0.12260982394218445,52.54745101928711,0,0,1,1,1,-174.2983856201172,84.96569061279297,18.01201057434082,-150.4931640625,94.03060150146484,-27.948551177978516,grab,40,2025-11-18T12:04:56.237058,my_hand_data\videos\grab_seq40_20251118_120453_855467.avi,89.70942891685223,360,90,HIGH,VIDEO_RECORDING,2025-11-18T12:04:57.934518
2025-11-18 12:04:56.248877,215,251,HandType.Left,0.719023585319519,-192.87252807617188,142.8457794189453,8.316214561462402,0.18688198924064636,-0.955371618270874,0.22877979278564453,1.817065715789795,1.2759793996810913,12.477903366088867,0.14157919585704803,0.1394006907939911,51.95108413696289,0,0,1,1,1,-173.98138427734375,85.28166961669922,17.856821060180664,-150.60377502441406,94.06055450439453,-27.69900894165039,grab,40,2025-11-18T12:04:56.248877,my_hand_data\videos\grab_seq40_20251118_120453_855467.avi,89.70942891685223,360,90,HIGH,VIDEO_RECORDING,2025-11-18T12:04:57.934518
2025-11-18 12:04:56.264656,216,251,HandType.Left,0.7176987528800964,-192.8592071533203,142.87379455566406,8.440932273864746,0.1863315999507904,-0.9557033181190491,0.22784137725830078,1.2101471424102783,2.543333053588867,11.321505546569824,0.14125128090381622,0.14703017473220825,51.67881393432617,0,0,1,1,1,-173.8944854736328,85.42166137695312,17.722970962524414,-150.66384887695312,94.09764099121094,-27.617570877075195,grab,40,2025-11-18T12:04:56.264656,my_hand_data\videos\grab_seq40_20251118_120453_855467.avi,89.70942891685223,360,90,HIGH,VIDEO_RECORDING,2025-11-18T12:04:57.934518
2025-11-18 12:04:56.265276,217,251,HandType.Left,0.7168245911598206,-192.85702514648438,142.92153930664062,8.49927043914795,0.18641287088394165,-0.9559001922607422,0.22694724798202515,0.19608911871910095,4.307646751403809,5.263299942016602,0.14029960334300995,0.1517355889081955,51.50967025756836,0,0,1,1,1,-173.83712768554688,85.50619506835938,17.657716751098633,-150.75189208984375,94.15570068359375,-27.56953239440918,grab,40,2025-11-18T12:04:56.265276,my_hand_data\videos\grab_seq40_20251118_120453_855467.avi,89.70942891685223,360,90,HIGH,VIDEO_RECORDING,2025-11-18T12:04:57.934518
2025-11-18 12:04:56.280411,218,251,HandType.Left,0.7153598070144653,-192.814453125,142.91293334960938,8.546655654907227,0.18676568567752838,-0.9559770822525024,0.22633244097232819,3.8332297801971436,-0.7755295038223267,4.265826225280762,0.1400487720966339,0.15532135963439941,51.37957000732422,0,0,1,1,1,-173.7039337158203,85.55220031738281,17.62721824645996,-150.81118774414062,94.15695190429688,-27.55840492248535,grab,40,2025-11-18T12:04:56.280411,my_hand_data\videos\grab_seq40_20251118_120453_855467.avi,89.70942891685223,360,90,HIGH,VIDEO_RECORDING,2025-11-18T12:04:57.934518
2025-11-18 12:04:56.296465,219,251,HandType.Left,0.7140099406242371,-192.79844665527344,142.91371154785156,8.627023696899414,0.18674448132514954,-0.9561042785644531,0.22581209242343903,1.4683940410614014,0.07151824980974197,7.371887683868408,0.1396171897649765,0.1593211442232132,51.237762451171875,0,0,1,1,1,-173.61830139160156,85.59058380126953,17.602516174316406,-150.83572387695312,94.17463684082031,-27.481586456298828,grab,40,2025-11-18T12:04:56.296465,my_hand_data\videos\grab_seq40_20251118_120453_855467.avi,89.70942891685223,360,90,HIGH,VIDEO_RECORDING,2025-11-18T12:04:57.934518
2025-11-18 12:04:56.302952,220,251,HandType.Left,0.7138068079948425,-192.76206970214844,142.89630126953125,8.716416358947754,0.18724901974201202,-0.9561241865158081,0.22530950605869293,3.2661478519439697,-1.5626165866851807,8.027400016784668,0.13974933326244354,0.1649264097213745,51.0362548828125,0,0,1,1,1,-173.3939208984375,85.70182037353516,17.60607147216797,-150.85792541503906,94.20482635498047,-27.388673782348633,grab,40,2025-11-18T12:04:56.302952,my_hand_data\videos\grab_seq40_20251118_120453_855467.avi,89.70942891685223,360,90,HIGH,VIDEO_RECORDING,2025-11-18T12:04:57.934518
2025-11-18 12:04:56.328496,221,251,HandType.Left,0.7137448787689209,-192.7404022216797,142.8877410888672,8.872398376464844,0.18948248028755188,-0.9557522535324097,0.22502003610134125,1.4110018014907837,-0.3335827887058258,7.511655807495117,0.13700681924819946,0.17330686748027802,50.73933410644531,0,0,1,1,1,-173.20533752441406,85.90470123291016,17.512218475341797,-150.86651611328125,94.3152847290039,-27.261871337890625,grab,40,2025-11-18T12:04:56.328496,my_hand_data\videos\grab_seq40_20251118_120453_855467.avi,89.70942891685223,360,90,HIGH,VIDEO_RECORDING,2025-11-18T12:04:57.934518
2025-11-18 12:04:56.330508,222,251,HandType.Left,0.7137448787689209,-192.7404022216797,142.8877410888672,8.872398376464844,0.18948248028755188,-0.9557522535324097,0.22502003610134125,1.4110018014907837,-0.3335827887058258,7.511655807495117,0.13700681924819946,0.17330686748027802,50.73933410644531,0,0,1,1,1,-173.20533752441406,85.90470123291016,17.512218475341797,-150.86651611328125,94.3152847290039,-27.261871337890625,grab,40,2025-11-18T12:04:56.330508,my_hand_data\videos\grab_seq40_20251118_120453_855467.avi,89.70942891685223,360,90,HIGH,VIDEO_RECORDING,2025-11-18T12:04:57.934518
2025-11-18 12:04:56.330508,223,251,HandType.Left,0.7135921716690063,-192.70193481445312,142.8483428955078,8.929056167602539,0.19038204848766327,-0.9555568695068359,0.22509057819843292,3.498725175857544,-3.584202289581299,5.153090000152588,0.13521012663841248,0.17652146518230438,50.628143310546875,0,0,1,1,1,-173.0894317626953,85.98141479492188,17.46898651123047,-150.84228515625,94.3020248413086,-27.241649627685547,grab,40,2025-11-18T12:04:56.330508,my_hand_data\videos\grab_seq40_20251118_120453_855467.avi,89.70942891685223,360,90,HIGH,VIDEO_RECORDING,2025-11-18T12:04:57.934518
2025-11-18 12:04:56.360091,224,251,HandType.Left,0.7132347226142883,-192.6239471435547,142.74583435058594,8.872308731079102,0.1927606165409088,-0.9550966620445251,0.2250194549560547,1.5781912803649902,-2.710526466369629,-4.5496721267700195,0.13510730862617493,0.1820092797279358,50.43320083618164,0,0,1,1,1,-172.89849853515625,86.0257797241211,17.351858139038086,-150.86048889160156,94.23091888427734,-27.263269424438477,grab,40,2025-11-18T12:04:56.360091,my_hand_data\videos\grab_seq40_20251118_120453_855467.avi,89.70942891685223,360,90,HIGH,VIDEO_RECORDING,2025-11-18T12:04:57.934518
2025-11-18 12:04:56.365438,225,251,HandType.Left,0.7132347226142883,-192.6239471435547,142.74583435058594,8.872308731079102,0.1927606165409088,-0.9550966620445251,0.2250194549560547,1.5781912803649902,-2.710526466369629,-4.5496721267700195,0.13510730862617493,0.1820092797279358,50.43320083618164,0,0,1,1,1,-172.89849853515625,86.0257797241211,17.351858139038086,-150.86048889160156,94.23091888427734,-27.263269424438477,grab,40,2025-11-18T12:04:56.365438,my_hand_data\videos\grab_seq40_20251118_120453_855467.avi,89.70942891685223,360,90,HIGH,VIDEO_RECORDING,2025-11-18T12:04:57.934518
2025-11-18 12:04:56.365438,226,251,HandType.Left,0.7129007577896118,-192.61888122558594,142.75018310546875,8.821457862854004,0.19385409355163574,-0.9548346996307373,0.2251916378736496,0.4525354206562042,0.38958829641342163,-4.55125617980957,0.1350906640291214,0.18516413867473602,50.320716857910156,0,0,1,1,1,-172.86349487304688,86.07752990722656,17.27859115600586,-150.89967346191406,94.23387145996094,-27.25498390197754,grab,40,2025-11-18T12:04:56.365438,my_hand_data\videos\grab_seq40_20251118_120453_855467.avi,89.70942891685223,360,90,HIGH,VIDEO_RECORDING,2025-11-18T12:04:57.934518
2025-11-18 12:04:56.391925,227,251,HandType.Left,0.7130331993103027,-192.7724609375,142.8158721923828,8.674376487731934,0.19499900937080383,-0.954568088054657,0.22533340752124786,-9.942811965942383,4.453773021697998,-5.793685436248779,0.13662360608577728,0.19888935983181,49.8277702331543,0,0,1,1,1,-172.90330505371094,86.23285675048828,17.0892333984375,-151.1363983154297,94.3134536743164,-26.998321533203125,grab,40,2025-11-18T12:04:56.391925,my_hand_data\videos\grab_seq40_20251118_120453_855467.avi,89.70942891685223,360,90,HIGH,VIDEO_RECORDING,2025-11-18T12:04:57.934518
2025-11-18 12:04:56.396268,228,251,HandType.Left,0.7130331993103027,-192.7724609375,142.8158721923828,8.674376487731934,0.19499900937080383,-0.954568088054657,0.22533340752124786,-9.942811965942383,4.453773021697998,-5.793685436248779,0.13662360608577728,0.19888935983181,49.8277702331543,0,0,1,1,1,-172.90330505371094,86.23285675048828,17.0892333984375,-151.1363983154297,94.3134536743164,-26.998321533203125,grab,40,2025-11-18T12:04:56.396268,my_hand_data\videos\grab_seq40_20251118_120453_855467.avi,89.70942891685223,360,90,HIGH,VIDEO_RECORDING,2025-11-18T12:04:57.934518
2025-11-18 12:04:56.403366,229,251,HandType.Left,0.7130331993103027,-192.7724609375,142.8158721923828,8.674376487731934,0.19499900937080383,-0.954568088054657,0.22533340752124786,-9.942811965942383,4.453773021697998,-5.793685436248779,0.13662360608577728,0.19888935983181,49.8277702331543,0,0,1,1,1,-172.90330505371094,86.23285675048828,17.0892333984375,-151.1363983154297,94.3134536743164,-26.998321533203125,grab,40,2025-11-18T12:04:56.403366,my_hand_data\videos\grab_seq40_20251118_120453_855467.avi,89.70942891685223,360,90,HIGH,VIDEO_RECORDING,2025-11-18T12:04:57.934518
2025-11-18 12:04:56.407909,230,251,HandType.Left,0.71328204870224,-192.86058044433594,142.83255004882812,8.524847030639648,0.19593770802021027,-0.9543360471725464,0.2255019247531891,-7.697264671325684,1.4573941230773926,-13.061676025390625,0.1377369463443756,0.2055136263370514,49.587867736816406,0,0,1,1,1,-172.93711853027344,86.27037811279297,16.96717643737793,-151.33578491210938,94.31956481933594,-26.93669319152832,grab,40,2025-11-18T12:04:56.407909,my_hand_data\videos\grab_seq40_20251118_120453_855467.avi,89.70942891685223,360,90,HIGH,VIDEO_RECORDING,2025-11-18T12:04:57.934518
2025-11-18 12:04:56.423904,231,251,HandType.Left,0.7132746577262878,-192.9682159423828,142.90499877929688,8.397405624389648,0.1961255520582199,-0.9542946815490723,0.22551368176937103,-9.730168342590332,6.54886531829834,-11.520634651184082,0.13934916257858276,0.21067947149276733,49.39710998535156,0,0,1,1,1,-173.03883361816406,86.35425567626953,16.84676742553711,-151.62295532226562,94.34388732910156,-26.943649291992188,grab,40,2025-11-18T12:04:56.423904,my_hand_data\videos\grab_seq40_20251118_120453_855467.avi,89.70942891685223,360,90,HIGH,VIDEO_RECORDING,2025-11-18T12:04:57.934518
2025-11-18 12:04:56.439252,232,251,HandType.Left,0.7121120691299438,-193.1897735595703,142.98733520507812,8.186692237854004,0.1966719925403595,-0.9542804956436157,0.2250974178314209,-8.322978019714355,1.8797142505645752,-9.5774564743042,0.14303827285766602,0.21952947974205017,49.065311431884766,0,0,1,1,1,-173.40411376953125,86.42332458496094,16.660032272338867,-152.05966186523438,94.25871276855469,-26.818994522094727,grab,40,2025-11-18T12:04:56.439252,my_hand_data\videos\grab_seq40_20251118_120453_855467.avi,89.70942891685223,360,90,HIGH,VIDEO_RECORDING,2025-11-18T12:04:57.934518
2025-11-18 12:04:56.455317,233,251,HandType.Left,0.7109283804893494,-193.35499572753906,143.0399169921875,8.147632598876953,0.19679710268974304,-0.9542806148529053,0.22498759627342224,-15.289445877075195,4.866171360015869,-3.6146373748779297,0.14308388531208038,0.22511018812656403,48.859222412109375,0,0,1,1,1,-173.63067626953125,86.44338989257812,16.620134353637695,-152.2967987060547,94.25930786132812,-26.634931564331055,grab,40,2025-11-18T12:04:56.455317,my_hand_data\videos\grab_seq40_20251118_120453_855467.avi,89.70942891685223,360,90,HIGH,VIDEO_RECORDING,2025-11-18T12:04:57.934518
2025-11-18 12:04:56.461350,234,251,HandType.Left,0.710004985332489,-193.51492309570312,143.06890869140625,8.13169002532959,0.1965438425540924,-0.9543144702911377,0.22506526112556458,-14.38408374786377,2.607832670211792,-1.4338334798812866,0.14435270428657532,0.22647064924240112,48.805110931396484,0,0,1,1,1,-173.8109130859375,86.47196960449219,16.595932006835938,-152.48451232910156,94.20561981201172,-26.616498947143555,grab,40,2025-11-18T12:04:56.461350,my_hand_data\videos\grab_seq40_20251118_120453_855467.avi,89.70942891685223,360,90,HIGH,VIDEO_RECORDING,2025-11-18T12:04:57.934518
2025-11-18 12:04:56.471106,235,251,HandType.Left,0.7095698118209839,-193.67120361328125,143.07363891601562,8.184366226196289,0.19624149799346924,-0.954422116279602,0.2248726785182953,-13.615669250488281,0.4114537239074707,4.589743137359619,0.1453489512205124,0.23038411140441895,48.660465240478516,0,0,1,1,1,-173.94931030273438,86.49005889892578,16.59283447265625,-152.6930389404297,94.18470001220703,-26.497817993164062,grab,40,2025-11-18T12:04:56.471106,my_hand_data\videos\grab_seq40_20251118_120453_855467.avi,89.70942891685223,360,90,HIGH,VIDEO_RECORDING,2025-11-18T12:04:57.934518
2025-11-18 12:04:56.486947,236,251,HandType.Left,0.7096593976020813,-193.87515258789062,143.0950927734375,8.269327163696289,0.19582931697368622,-0.9546248316764832,0.22437095642089844,-19.162921905517578,2.016359806060791,7.982744216918945,0.14750929176807404,0.23295487463474274,48.56499099731445,0,0,1,1,1,-174.12611389160156,86.54237365722656,16.605424880981445,-152.91580200195312,94.20930480957031,-26.405029296875,grab,40,2025-11-18T12:04:56.486947,my_hand_data\videos\grab_seq40_20251118_120453_855467.avi,89.70942891685223,360,90,HIGH,VIDEO_RECORDING,2025-11-18T12:04:57.934518
2025-11-18 12:04:56.492545,237,251,HandType.Left,0.7095918655395508,-194.07949829101562,143.12994384765625,8.389739990234375,0.1950894445180893,-0.9549676775932312,0.22355502843856812,-17.963714599609375,3.063502311706543,10.584888458251953,0.150240957736969,0.23590552806854248,48.45609664916992,0,0,1,1,1,-174.31451416015625,86.60453796386719,16.62315559387207,-153.13424682617188,94.25688171386719,-26.28175163269043,grab,40,2025-11-18T12:04:56.492545,my_hand_data\videos\grab_seq40_20251118_120453_855467.avi,89.70942891685223,360,90,HIGH,VIDEO_RECORDING,2025-11-18T12:04:57.934518
2025-11-18 12:04:56.502894,238,251,HandType.Left,0.7095918655395508,-194.07949829101562,143.12994384765625,8.389739990234375,0.1950894445180893,-0.9549676775932312,0.22355502843856812,-17.963714599609375,3.063502311706543,10.584888458251953,0.150240957736969,0.23590552806854248,48.45609664916992,0,0,1,1,1,-174.31451416015625,86.60453796386719,16.62315559387207,-153.13424682617188,94.25688171386719,-26.28175163269043,grab,40,2025-11-18T12:04:56.502894,my_hand_data\videos\grab_seq40_20251118_120453_855467.avi,89.70942891685223,360,90,HIGH,VIDEO_RECORDING,2025-11-18T12:04:57.934518
2025-11-18 12:04:56.519241,239,251,HandType.Left,0.7083007097244263,-194.39520263671875,143.14462280273438,8.60969352722168,0.1940583437681198,-0.9554775953292847,0.22227004170417786,-12.25577163696289,0.3730952739715576,8.581775665283203,0.15150512754917145,0.24135920405387878,48.261566162109375,0,0,1,1,1,-174.60108947753906,86.66255187988281,16.649320602416992,-153.49864196777344,94.29895782470703,-26.077144622802734,grab,40,2025-11-18T12:04:56.519241,my_hand_data\videos\grab_seq40_20251118_120453_855467.avi,89.70942891685223,360,90,HIGH,VIDEO_RECORDING,2025-11-18T12:04:57.934518
2025-11-18 12:04:56.525482,240,251,HandType.Left,0.7080232501029968,-194.51499938964844,143.13427734375,8.7146577835083,0.19422900676727295,-0.9555879235267639,0.22164581716060638,-10.783573150634766,-0.9313368201255798,9.44779109954834,0.1526942253112793,0.2437817007303238,48.17266082763672,0,0,1,1,1,-174.72142028808594,86.65863800048828,16.6774845123291,-153.63690185546875,94.3240966796875,-25.95218849182129,grab,40,2025-11-18T12:04:56.525482,my_hand_data\videos\grab_seq40_20251118_120453_855467.avi,89.70942891685223,360,90,HIGH,VIDEO_RECORDING,2025-11-18T12:04:57.934518
2025-11-18 12:04:56.535054,241,251,HandType.Left,0.7080232501029968,-194.51499938964844,143.13427734375,8.7146577835083,0.19422900676727295,-0.9555879235267639,0.22164581716060638,-10.783573150634766,-0.9313368201255798,9.44779109954834,0.1526942253112793,0.2437817007303238,48.17266082763672,0,0,1,1,1,-174.72142028808594,86.65863800048828,16.6774845123291,-153.63690185546875,94.3240966796875,-25.95218849182129,grab,40,2025-11-18T12:04:56.535054,my_hand_data\videos\grab_seq40_20251118_120453_855467.avi,89.70942891685223,360,90,HIGH,VIDEO_RECORDING,2025-11-18T12:04:57.934518
2025-11-18 12:04:56.551129,242,251,HandType.Left,0.707249104976654,-194.64654541015625,142.98623657226562,8.891937255859375,0.19575077295303345,-0.9554597735404968,0.2208579033613205,-4.033180236816406,-7.757556438446045,6.831653118133545,0.15387961268424988,0.24728882312774658,48.043609619140625,0,0,1,1,1,-174.7529296875,86.5365219116211,16.75663185119629,-153.84860229492188,94.33242797851562,-25.792415618896484,grab,40,2025-11-18T12:04:56.551129,my_hand_data\videos\grab_seq40_20251118_120453_855467.avi,89.70942891685223,360,90,HIGH,VIDEO_RECORDING,2025-11-18T12:04:57.934518
2025-11-18 12:04:56.566869,243,251,HandType.Left,0.7068818807601929,-194.72340393066406,142.90597534179688,8.926097869873047,0.19654348492622375,-0.9553807377815247,0.2204955369234085,-6.776205062866211,-7.077506065368652,3.01216459274292,0.15488502383232117,0.2498447299003601,47.95132827758789,0,0,1,1,1,-174.77395629882812,86.47966003417969,16.730018615722656,-153.9630584716797,94.31831359863281,-25.752824783325195,grab,40,2025-11-18T12:04:56.566869,my_hand_data\videos\grab_seq40_20251118_120453_855467.avi,89.70942891685223,360,90,HIGH,VIDEO_RECORDING,2025-11-18T12:04:57.934518
2025-11-18 12:04:56.567959,244,251,HandType.Left,0.7066725492477417,-194.77304077148438,142.8400115966797,8.94005012512207,0.19703833758831024,-0.9553196430206299,0.2203185260295868,-4.622622013092041,-6.143540859222412,1.2994483709335327,0.15520219504833221,0.25254538655281067,47.85646438598633,0,0,1,1,1,-174.76634216308594,86.43840026855469,16.713504791259766,-154.08734130859375,94.29688262939453,-25.72308921813965,grab,40,2025-11-18T12:04:56.567959,my_hand_data\videos\grab_seq40_20251118_120453_855467.avi,89.70942891685223,360,90,HIGH,VIDEO_RECORDING,2025-11-18T12:04:57.934518
2025-11-18 12:04:56.577656,245,251,HandType.Left,0.7066725492477417,-194.77304077148438,142.8400115966797,8.94005012512207,0.19703833758831024,-0.9553196430206299,0.2203185260295868,-4.622622013092041,-6.143540859222412,1.2994483709335327,0.15520219504833221,0.25254538655281067,47.85646438598633,0,0,1,1,1,-174.76634216308594,86.43840026855469,16.713504791259766,-154.08734130859375,94.29688262939453,-25.72308921813965,grab,40,2025-11-18T12:04:56.577656,my_hand_data\videos\grab_seq40_20251118_120453_855467.avi,89.70942891685223,360,90,HIGH,VIDEO_RECORDING,2025-11-18T12:04:57.934518
2025-11-18 12:04:56.598330,246,251,HandType.Left,0.7051233649253845,-194.8876953125,142.70277404785156,9.03256893157959,0.19805607199668884,-0.9552345871925354,0.219774067401886,-7.777644157409668,-4.6512603759765625,6.033436298370361,0.15611109137535095,0.2559926509857178,47.7398567199707,0,0,1,1,1,-174.6981964111328,86.35753631591797,16.729097366333008,-154.3900909423828,94.2405776977539,-25.75069236755371,grab,40,2025-11-18T12:04:56.598330,my_hand_data\videos\grab_seq40_20251118_120453_855467.avi,89.70942891685223,360,90,HIGH,VIDEO_RECORDING,2025-11-18T12:04:57.934518
2025-11-18 12:04:56.602422,247,251,HandType.Left,0.7046224474906921,-194.94337463378906,142.6329345703125,9.114694595336914,0.19883373379707336,-0.9551383852958679,0.21948999166488647,-4.950428485870361,-6.2087483406066895,7.301357746124268,0.15589535236358643,0.2556564509868622,47.754112243652344,0,0,1,1,1,-174.62440490722656,86.33612060546875,16.76315689086914,-154.47323608398438,94.25169372558594,-25.80125617980957,grab,40,2025-11-18T12:04:56.602422,my_hand_data\videos\grab_seq40_20251118_120453_855467.avi,89.70942891685223,360,90,HIGH,VIDEO_RECORDING,2025-11-18T12:04:57.934518
2025-11-18 12:04:56.614282,248,251,HandType.Left,0.7045844793319702,-195.05194091796875,142.5911865234375,9.204399108886719,0.19989509880542755,-0.954917311668396,0.21948784589767456,-9.904808044433594,-3.8085458278656006,8.183958053588867,0.15588846802711487,0.25638478994369507,47.73067092895508,0,0,1,1,1,-174.6425323486328,86.33949279785156,16.811386108398438,-154.58460998535156,94.32608795166016,-25.75751304626465,grab,40,2025-11-18T12:04:56.614282,my_hand_data\videos\grab_seq40_20251118_120453_855467.avi,89.70942891685223,360,90,HIGH,VIDEO_RECORDING,2025-11-18T12:04:57.934518
2025-11-18 12:04:56.630361,249,251,HandType.Left,0.7042709589004517,-195.11058044433594,142.5711212158203,9.309209823608398,0.20121118426322937,-0.9546265006065369,0.21955017745494843,-5.250323295593262,-1.7969461679458618,9.386565208435059,0.15596425533294678,0.2600648105144501,47.60047149658203,0,0,1,1,1,-174.52894592285156,86.42473602294922,16.852935791015625,-154.65296936035156,94.37157440185547,-25.66292381286621,grab,40,2025-11-18T12:04:56.630361,my_hand_data\videos\grab_seq40_20251118_120453_855467.avi,89.70942891685223,360,90,HIGH,VIDEO_RECORDING,2025-11-18T12:04:57.934518
2025-11-18 12:04:56.635686,250,251,HandType.Left,0.7040150761604309,-195.1828155517578,142.5821533203125,9.445489883422852,0.20201388001441956,-0.9544525146484375,0.219569593667984,-6.667782783508301,1.01819908618927,12.577774047851562,0.1548418402671814,0.2627406418323517,47.50912857055664,0,0,1,1,1,-174.49713134765625,86.51402282714844,16.902029037475586,-154.69976806640625,94.44757843017578,-25.550771713256836,grab,40,2025-11-18T12:04:56.635686,my_hand_data\videos\grab_seq40_20251118_120453_855467.avi,89.70942891685223,360,90,HIGH,VIDEO_RECORDING,2025-11-18T12:04:57.934518
2025-11-18 12:04:56.646343,251,251,HandType.Left,0.7040150761604309,-195.1828155517578,142.5821533203125,9.445489883422852,0.20201388001441956,-0.9544525146484375,0.219569593667984,-6.667782783508301,1.01819908618927,12.577774047851562,0.1548418402671814,0.2627406418323517,47.50912857055664,0,0,1,1,1,-174.49713134765625,86.51402282714844,16.902029037475586,-154.69976806640625,94.44757843017578,-25.550771713256836,grab,40,2025-11-18T12:04:56.646343,my_hand_data\videos\grab_seq40_20251118_120453_855467.avi,89.70942891685223,360,90,HIGH,VIDEO_RECORDING,2025-11-18T12:04:57.934518
2025-11-18 12:04:56.662112,252,251,HandType.Left,0.703299343585968,-195.37228393554688,142.65907287597656,9.670334815979004,0.20391300320625305,-0.9541352987289429,0.21919234097003937,-8.655627250671387,5.614384174346924,7.7327375411987305,0.15572431683540344,0.26805582642555237,47.32630920410156,0,0,1,1,1,-174.4886016845703,86.74256134033203,16.90314483642578,-154.77847290039062,94.74533081054688,-25.37268829345703,grab,40,2025-11-18T12:04:56.662112,my_hand_data\videos\grab_seq40_20251118_120453_855467.avi,89.70942891685223,360,90,HIGH,VIDEO_RECORDING,2025-11-18T12:04:57.934518
2025-11-18 12:04:56.667380,253,251,HandType.Left,0.703299343585968,-195.37228393554688,142.65907287597656,9.670334815979004,0.20391300320625305,-0.9541352987289429,0.21919234097003937,-8.655627250671387,5.614384174346924,7.7327375411987305,0.15572431683540344,0.26805582642555237,47.32630920410156,0,0,1,1,1,-174.4886016845703,86.74256134033203,16.90314483642578,-154.77847290039062,94.74533081054688,-25.37268829345703,grab,40,2025-11-18T12:04:56.667380,my_hand_data\videos\grab_seq40_20251118_120453_855467.avi,89.70942891685223,360,90,HIGH,VIDEO_RECORDING,2025-11-18T12:04:57.934518
2025-11-18 12:04:56.693874,254,251,HandType.Left,0.7032349705696106,-195.768310546875,143.0413055419922,9.72883129119873,0.20611511170864105,-0.9538465142250061,0.21838808059692383,-11.747986793518066,10.798149108886719,0.5541171431541443,0.15806512534618378,0.2710683345794678,47.22932434082031,0,0,1,1,1,-174.74171447753906,87.1991195678711,16.8299560546875,-155.00352478027344,95.32673645019531,-25.300254821777344,grab,40,2025-11-18T12:04:56.693874,my_hand_data\videos\grab_seq40_20251118_120453_855467.avi,89.70942891685223,360,90,HIGH,VIDEO_RECORDING,2025-11-18T12:04:57.934518
2025-11-18 12:04:56.693874,255,251,HandType.Left,0.7032349705696106,-195.768310546875,143.0413055419922,9.72883129119873,0.20611511170864105,-0.9538465142250061,0.21838808059692383,-11.747986793518066,10.798149108886719,0.5541171431541443,0.15806512534618378,0.2710683345794678,47.22932434082031,0,0,1,1,1,-174.74171447753906,87.1991195678711,16.8299560546875,-155.00352478027344,95.32673645019531,-25.300254821777344,grab,40,2025-11-18T12:04:56.693874,my_hand_data\videos\grab_seq40_20251118_120453_855467.avi,89.70942891685223,360,90,HIGH,VIDEO_RECORDING,2025-11-18T12:04:57.934518
2025-11-18 12:04:56.702794,256,251,HandType.Left,0.7032318711280823,-195.90966796875,143.185302734375,9.737820625305176,0.2064845860004425,-0.9537568092346191,0.21843084692955017,-13.305088996887207,13.553600311279297,0.8460608720779419,0.1576516032218933,0.2707621455192566,47.243080139160156,0,0,1,1,1,-174.88198852539062,87.37763214111328,16.81254005432129,-155.0965576171875,95.52403259277344,-25.307308197021484,grab,40,2025-11-18T12:04:56.702794,my_hand_data\videos\grab_seq40_20251118_120453_855467.avi,89.70942891685223,360,90,HIGH,VIDEO_RECORDING,2025-11-18T12:04:57.934518
2025-11-18 12:04:56.725649,257,251,HandType.Left,0.7028678059577942,-196.18846130371094,143.46995544433594,9.861422538757324,0.2061922699213028,-0.9538705348968506,0.2182103544473648,-13.980239868164062,13.965849876403809,7.10447359085083,0.1568375527858734,0.26661136746406555,47.39959716796875,0,0,1,1,1,-175.20884704589844,87.69601440429688,16.825342178344727,-155.15794372558594,95.88316345214844,-25.33688735961914,grab,40,2025-11-18T12:04:56.725649,my_hand_data\videos\grab_seq40_20251118_120453_855467.avi,89.70942891685223,360,90,HIGH,VIDEO_RECORDING,2025-11-18T12:04:57.934518
2025-11-18 12:04:56.730885,258,251,HandType.Left,0.7028678059577942,-196.18846130371094,143.46995544433594,9.861422538757324,0.2061922699213028,-0.9538705348968506,0.2182103544473648,-13.980239868164062,13.965849876403809,7.10447359085083,0.1568375527858734,0.26661136746406555,47.39959716796875,0,0,1,1,1,-175.20884704589844,87.69601440429688,16.825342178344727,-155.15794372558594,95.88316345214844,-25.33688735961914,grab,40,2025-11-18T12:04:56.730885,my_hand_data\videos\grab_seq40_20251118_120453_855467.avi,89.70942891685223,360,90,HIGH,VIDEO_RECORDING,2025-11-18T12:04:57.934518
2025-11-18 12:04:56.735024,259,251,HandType.Left,0.7028678059577942,-196.18846130371094,143.46995544433594,9.861422538757324,0.2061922699213028,-0.9538705348968506,0.2182103544473648,-13.980239868164062,13.965849876403809,7.10447359085083,0.1568375527858734,0.26661136746406555,47.39959716796875,0,0,1,1,1,-175.20884704589844,87.69601440429688,16.825342178344727,-155.15794372558594,95.88316345214844,-25.33688735961914,grab,40,2025-11-18T12:04:56.735024,my_hand_data\videos\grab_seq40_20251118_120453_855467.avi,89.70942891685223,360,90,HIGH,VIDEO_RECORDING,2025-11-18T12:04:57.934518
2025-11-18 12:04:56.757124,260,251,HandType.Left,0.7037826776504517,-196.49427795410156,143.66917419433594,9.913376808166504,0.20744188129901886,-0.9538209438323975,0.21724055707454681,-13.458377838134766,7.144066333770752,2.7744760513305664,0.15718452632427216,0.2574245035648346,47.73060607910156,0,0,1,1,1,-175.5389404296875,87.93215942382812,16.83658218383789,-155.0052032470703,96.3031997680664,-25.430452346801758,grab,40,2025-11-18T12:04:56.757124,my_hand_data\videos\grab_seq40_20251118_120453_855467.avi,89.70942891685223,360,90,HIGH,VIDEO_RECORDING,2025-11-18T12:04:57.934518
2025-11-18 12:04:56.762511,261,251,HandType.Left,0.7042195200920105,-196.6297607421875,143.72157287597656,9.97766399383545,0.20849312841892242,-0.9537498950958252,0.2165449857711792,-12.609299659729004,4.877137660980225,5.983004093170166,0.15760858356952667,0.24960751831531525,48.01152420043945,0,0,1,1,1,-175.65252685546875,88.01326751708984,16.844863891601562,-154.8367156982422,96.5299301147461,-25.572996139526367,grab,40,2025-11-18T12:04:56.762511,my_hand_data\videos\grab_seq40_20251118_120453_855467.avi,89.70942891685223,360,90,HIGH,VIDEO_RECORDING,2025-11-18T12:04:57.934518
2025-11-18 12:04:56.764516,262,251,HandType.Left,0.7042195200920105,-196.6297607421875,143.72157287597656,9.97766399383545,0.20849312841892242,-0.9537498950958252,0.2165449857711792,-12.609299659729004,4.877137660980225,5.983004093170166,0.15760858356952667,0.24960751831531525,48.01152420043945,0,0,1,1,1,-175.65252685546875,88.01326751708984,16.844863891601562,-154.8367156982422,96.5299301147461,-25.572996139526367,grab,40,2025-11-18T12:04:56.764516,my_hand_data\videos\grab_seq40_20251118_120453_855467.avi,89.70942891685223,360,90,HIGH,VIDEO_RECORDING,2025-11-18T12:04:57.934518
2025-11-18 12:04:56.788619,263,251,HandType.Left,0.707286536693573,-196.87400817871094,143.85015869140625,10.037787437438965,0.2113020420074463,-0.9535486102104187,0.2147008329629898,-11.384665489196777,6.270143032073975,3.257071018218994,0.1598721295595169,0.23693275451660156,48.460472106933594,0,0,1,1,1,-175.906982421875,88.14990997314453,16.843887329101562,-154.55169677734375,97.04678344726562,-25.737972259521484,grab,40,2025-11-18T12:04:56.788619,my_hand_data\videos\grab_seq40_20251118_120453_855467.avi,89.70942891685223,360,90,HIGH,VIDEO_RECORDING,2025-11-18T12:04:57.934518
2025-11-18 12:04:56.794658,264,251,HandType.Left,0.7079582214355469,-196.98214721679688,143.87164306640625,10.074426651000977,0.2136020064353943,-0.9531720876693726,0.2140960842370987,-9.670731544494629,1.9211063385009766,3.2766427993774414,0.16119889914989471,0.22866719961166382,48.75435256958008,0,0,1,1,1,-175.9730682373047,88.19268798828125,16.874374389648438,-154.37083435058594,97.30203247070312,-25.873144149780273,grab,40,2025-11-18T12:04:56.794658,my_hand_data\videos\grab_seq40_20251118_120453_855467.avi,89.70942891685223,360,90,HIGH,VIDEO_RECORDING,2025-11-18T12:04:57.934518
2025-11-18 12:04:56.804429,265,251,HandType.Left,0.7085363864898682,-197.0090789794922,143.87646484375,10.109554290771484,0.21578404307365417,-0.9528074264526367,0.21353043615818024,-2.4300146102905273,0.4350755214691162,3.170006036758423,0.16181309521198273,0.21985256671905518,49.0683479309082,0,0,1,1,1,-176.0062713623047,88.19083404541016,16.898887634277344,-154.14920043945312,97.47390747070312,-26.04055404663086,grab,40,2025-11-18T12:04:56.804429,my_hand_data\videos\grab_seq40_20251118_120453_855467.avi,89.70942891685223,360,90,HIGH,VIDEO_RECORDING,2025-11-18T12:04:57.934518
2025-11-18 12:04:56.820334,266,251,HandType.Left,0.7090584635734558,-197.05076599121094,143.91799926757812,10.182899475097656,0.21754597127437592,-0.952596127986908,0.21268373727798462,-3.8037288188934326,3.791001796722412,6.693343162536621,0.16255305707454681,0.2143932729959488,49.26232147216797,0,0,1,1,1,-176.02218627929688,88.23213195800781,16.93722915649414,-153.97714233398438,97.6893310546875,-26.090131759643555,grab,40,2025-11-18T12:04:56.820334,my_hand_data\videos\grab_seq40_20251118_120453_855467.avi,89.70942891685223,360,90,HIGH,VIDEO_RECORDING,2025-11-18T12:04:57.934518
2025-11-18 12:04:56.820334,267,251,HandType.Left,0.7092943787574768,-197.06158447265625,143.94375610351562,10.257712364196777,0.21905334293842316,-0.9524486660957336,0.21179510653018951,-0.9348070025444031,2.222527503967285,6.457199573516846,0.16275523602962494,0.20975112915039062,49.42736053466797,0,0,1,1,1,-176.01901245117188,88.27011108398438,16.94171714782715,-153.78977966308594,97.82902526855469,-26.157615661621094,grab,40,2025-11-18T12:04:56.820334,my_hand_data\videos\grab_seq40_20251118_120453_855467.avi,89.70942891685223,360,90,HIGH,VIDEO_RECORDING,2025-11-18T12:04:57.934518
2025-11-18 12:04:56.833101,268,251,HandType.Left,0.7092943787574768,-197.06158447265625,143.94375610351562,10.257712364196777,0.21905334293842316,-0.9524486660957336,0.21179510653018951,-0.9348070025444031,2.222527503967285,6.457199573516846,0.16275523602962494,0.20975112915039062,49.42736053466797,0,0,1,1,1,-176.01901245117188,88.27011108398438,16.94171714782715,-153.78977966308594,97.82902526855469,-26.157615661621094,grab,40,2025-11-18T12:04:56.833101,my_hand_data\videos\grab_seq40_20251118_120453_855467.avi,89.70942891685223,360,90,HIGH,VIDEO_RECORDING,2025-11-18T12:04:57.934518
2025-11-18 12:04:56.852075,269,251,HandType.Left,0.7095332145690918,-197.13943481445312,144.12765502929688,10.483866691589355,0.22209423780441284,-0.9519922137260437,0.21067745983600616,-2.1071767807006836,7.733920097351074,10.866181373596191,0.16432929039001465,0.18498657643795013,50.3160285949707,0,0,1,1,1,-176.14915466308594,88.44910430908203,17.139968872070312,-153.5699005126953,98.38853454589844,-26.713054656982422,grab,40,2025-11-18T12:04:56.852075,my_hand_data\videos\grab_seq40_20251118_120453_855467.avi,89.70942891685223,360,90,HIGH,VIDEO_RECORDING,2025-11-18T12:04:57.934518
2025-11-18 12:04:56.856786,270,251,HandType.Left,0.7095332145690918,-197.13943481445312,144.12765502929688,10.483866691589355,0.22209423780441284,-0.9519922137260437,0.21067745983600616,-2.1071767807006836,7.733920097351074,10.866181373596191,0.16432929039001465,0.18498657643795013,50.3160285949707,0,0,1,1,1,-176.14915466308594,88.44910430908203,17.139968872070312,-153.5699005126953,98.38853454589844,-26.713054656982422,grab,40,2025-11-18T12:04:56.856786,my_hand_data\videos\grab_seq40_20251118_120453_855467.avi,89.70942891685223,360,90,HIGH,VIDEO_RECORDING,2025-11-18T12:04:57.934518
2025-11-18 12:04:56.867873,271,251,HandType.Left,0.7103391885757446,-197.18112182617188,144.24685668945312,10.661943435668945,0.22343997657299042,-0.9516538977622986,0.21078301966190338,-3.7080118656158447,10.604124069213867,15.841723442077637,0.16458308696746826,0.1652236431837082,51.03006362915039,0,0,1,1,1,-176.30441284179688,88.57839965820312,17.319719314575195,-153.4156494140625,98.81824493408203,-27.12482261657715,grab,40,2025-11-18T12:04:56.867873,my_hand_data\videos\grab_seq40_20251118_120453_855467.avi,89.70942891685223,360,90,HIGH,VIDEO_RECORDING,2025-11-18T12:04:57.934518
2025-11-18 12:04:56.883402,272,251,HandType.Left,0.7106015086174011,-197.20928955078125,144.4620819091797,11.053760528564453,0.2249557226896286,-0.9511353969573975,0.21150977909564972,-1.5508936643600464,9.211962699890137,16.42898941040039,0.16687814891338348,0.13810445368289948,52.00746536254883,0,0,1,1,1,-176.5528564453125,88.79231262207031,17.737136840820312,-153.18775939941406,99.47406005859375,-27.48176383972168,grab,40,2025-11-18T12:04:56.883402,my_hand_data\videos\grab_seq40_20251118_120453_855467.avi,89.70942891685223,360,90,HIGH,VIDEO_RECORDING,2025-11-18T12:04:57.934518
2025-11-18 12:04:56.889519,273,251,HandType.Left,0.7106015086174011,-197.20928955078125,144.4620819091797,11.053760528564453,0.2249557226896286,-0.9511353969573975,0.21150977909564972,-1.5508936643600464,9.211962699890137,16.42898941040039,0.16687814891338348,0.13810445368289948,52.00746536254883,0,0,1,1,1,-176.5528564453125,88.79231262207031,17.737136840820312,-153.18775939941406,99.47406005859375,-27.48176383972168,grab,40,2025-11-18T12:04:56.889519,my_hand_data\videos\grab_seq40_20251118_120453_855467.avi,89.70942891685223,360,90,HIGH,VIDEO_RECORDING,2025-11-18T12:04:57.934518
2025-11-18 12:04:56.914814,274,251,HandType.Left,0.710543155670166,-197.26821899414062,144.67347717285156,11.283587455749512,0.22567671537399292,-0.9507464170455933,0.2124882936477661,-5.173425674438477,11.188715934753418,9.682172775268555,0.16935986280441284,0.1255638748407364,52.450843811035156,0,0,1,1,1,-176.78375244140625,89.01791381835938,18.067995071411133,-153.21853637695312,99.93869018554688,-27.50072479248047,grab,40,2025-11-18T12:04:56.914814,my_hand_data\videos\grab_seq40_20251118_120453_855467.avi,89.70942891685223,360,90,HIGH,VIDEO_RECORDING,2025-11-18T12:04:57.934518
2025-11-18 12:04:56.921951,275,251,HandType.Left,0.7101080417633057,-197.2775115966797,144.70278930664062,11.333871841430664,0.2258620262145996,-0.9506016373634338,0.21293862164020538,-0.8375799059867859,2.643019914627075,4.535027503967285,0.17096109688282013,0.12205515056848526,52.574302673339844,0,0,1,1,1,-176.8269805908203,89.09335327148438,18.112123489379883,-153.1950225830078,100.02623748779297,-27.561279296875,grab,40,2025-11-18T12:04:56.921951,my_hand_data\videos\grab_seq40_20251118_120453_855467.avi,89.70942891685223,360,90,HIGH,VIDEO_RECORDING,2025-11-18T12:04:57.934518
2025-11-18 12:04:56.929198,276,251,HandType.Left,0.709842324256897,-197.30587768554688,144.70355224609375,11.362642288208008,0.226532444357872,-0.950318455696106,0.21348968148231506,-2.555206298828125,0.06809388101100922,2.591684579849243,0.17350894212722778,0.12074096500873566,52.616233825683594,0,0,1,1,1,-176.83811950683594,89.17080688476562,18.136810302734375,-153.21163940429688,100.12600708007812,-27.58234405517578,grab,40,2025-11-18T12:04:56.929198,my_hand_data\videos\grab_seq40_20251118_120453_855467.avi,89.70942891685223,360,90,HIGH,VIDEO_RECORDING,2025-11-18T12:04:57.934518
2025-11-18 12:04:56.936106,277,251,HandType.Left,0.709842324256897,-197.30587768554688,144.70355224609375,11.362642288208008,0.226532444357872,-0.950318455696106,0.21348968148231506,-2.555206298828125,0.06809388101100922,2.591684579849243,0.17350894212722778,0.12074096500873566,52.616233825683594,0,0,1,1,1,-176.83811950683594,89.17080688476562,18.136810302734375,-153.21163940429688,100.12600708007812,-27.58234405517578,grab,40,2025-11-18T12:04:56.936106,my_hand_data\videos\grab_seq40_20251118_120453_855467.avi,89.70942891685223,360,90,HIGH,VIDEO_RECORDING,2025-11-18T12:04:57.934518
2025-11-18 12:04:56.946670,278,251,HandType.Left,0.7089661955833435,-197.29396057128906,144.64166259765625,11.30220890045166,0.22814778983592987,-0.949802577495575,0.21406465768814087,1.4593008756637573,-3.337935447692871,-3.4556896686553955,0.1843489706516266,0.11792409420013428,52.7057991027832,0,0,1,1,1,-176.90786743164062,89.13501739501953,18.06900978088379,-153.2283477783203,100.1906509399414,-27.701662063598633,grab,40,2025-11-18T12:04:56.946670,my_hand_data\videos\grab_seq40_20251118_120453_855467.avi,89.70942891685223,360,90,HIGH,VIDEO_RECORDING,2025-11-18T12:04:57.934518
2025-11-18 12:04:56.962675,279,251,HandType.Left,0.7095191478729248,-197.25192260742188,144.56915283203125,11.31347370147705,0.22902563214302063,-0.9495264887809753,0.2143518030643463,3.6848108768463135,-6.357542037963867,0.9877654314041138,0.18655000627040863,0.11678607761859894,52.74081802368164,0,0,1,1,1,-176.8890380859375,89.09071350097656,18.06216812133789,-153.16650390625,100.19379425048828,-27.715084075927734,grab,40,2025-11-18T12:04:56.962675,my_hand_data\videos\grab_seq40_20251118_120453_855467.avi,89.70942891685223,360,90,HIGH,VIDEO_RECORDING,2025-11-18T12:04:57.934518
2025-11-18 12:04:56.968947,280,251,HandType.Left,0.7094855904579163,-197.2015838623047,144.4684600830078,11.3718900680542,0.23003189265727997,-0.9491604566574097,0.21489480137825012,4.603610515594482,-9.207747459411621,5.341629981994629,0.1874532550573349,0.11246518790721893,52.893741607666016,0,0,1,1,1,-176.89857482910156,89.00611877441406,18.119068145751953,-153.083984375,100.16460418701172,-27.773210525512695,grab,40,2025-11-18T12:04:56.968947,my_hand_data\videos\grab_seq40_20251118_120453_855467.avi,89.70942891685223,360,90,HIGH,VIDEO_RECORDING,2025-11-18T12:04:57.934518
2025-11-18 12:04:56.993794,281,251,HandType.Left,0.7091873288154602,-197.10255432128906,144.2447509765625,11.537980079650879,0.23309294879436493,-0.9481323957443237,0.21613118052482605,4.639169692993164,-11.123756408691406,8.686665534973145,0.18537065386772156,0.1028573140501976,53.234580993652344,0,0,1,1,1,-176.875,88.81938171386719,18.272424697875977,-152.9011993408203,100.14993286132812,-27.88812255859375,grab,40,2025-11-18T12:04:56.993794,my_hand_data\videos\grab_seq40_20251118_120453_855467.avi,89.70942891685223,360,90,HIGH,VIDEO_RECORDING,2025-11-18T12:04:57.934518
2025-11-18 12:04:56.997414,282,251,HandType.Left,0.7091873288154602,-197.10255432128906,144.2447509765625,11.537980079650879,0.23309294879436493,-0.9481323957443237,0.21613118052482605,4.639169692993164,-11.123756408691406,8.686665534973145,0.18537065386772156,0.1028573140501976,53.234580993652344,0,0,1,1,1,-176.875,88.81938171386719,18.272424697875977,-152.9011993408203,100.14993286132812,-27.88812255859375,grab,40,2025-11-18T12:04:56.997414,my_hand_data\videos\grab_seq40_20251118_120453_855467.avi,89.70942891685223,360,90,HIGH,VIDEO_RECORDING,2025-11-18T12:04:57.934518
2025-11-18 12:04:57.004512,283,251,HandType.Left,0.7087186574935913,-197.06234741210938,144.1337432861328,11.63565731048584,0.23480002582073212,-0.9473954439163208,0.21751055121421814,3.665888786315918,-10.119396209716797,8.904789924621582,0.18407268822193146,0.09369156509637833,53.56349563598633,0,0,1,1,1,-176.9257354736328,88.69828796386719,18.41969108581543,-152.82882690429688,100.15711975097656,-28.024709701538086,grab,40,2025-11-18T12:04:57.004512,my_hand_data\videos\grab_seq40_20251118_120453_855467.avi,89.70942891685223,360,90,HIGH,VIDEO_RECORDING,2025-11-18T12:04:57.934518
2025-11-18 12:04:57.025471,284,251,HandType.Left,0.7086418867111206,-197.06338500976562,143.9798126220703,11.830466270446777,0.2367367297410965,-0.9464394450187683,0.21956349909305573,-0.9834575057029724,-5.62209939956665,9.3939208984375,0.1856410950422287,0.08022475242614746,54.044219970703125,0,0,1,1,1,-177.08277893066406,88.53271484375,18.664976119995117,-152.69883728027344,100.25360870361328,-28.1198673248291,grab,40,2025-11-18T12:04:57.025471,my_hand_data\videos\grab_seq40_20251118_120453_855467.avi,89.70942891685223,360,90,HIGH,VIDEO_RECORDING,2025-11-18T12:04:57.934518
2025-11-18 12:04:57.031473,285,251,HandType.Left,0.7086418867111206,-197.06338500976562,143.9798126220703,11.830466270446777,0.2367367297410965,-0.9464394450187683,0.21956349909305573,-0.9834575057029724,-5.62209939956665,9.3939208984375,0.1856410950422287,0.08022475242614746,54.044219970703125,0,0,1,1,1,-177.08277893066406,88.53271484375,18.664976119995117,-152.69883728027344,100.25360870361328,-28.1198673248291,grab,40,2025-11-18T12:04:57.031473,my_hand_data\videos\grab_seq40_20251118_120453_855467.avi,89.70942891685223,360,90,HIGH,VIDEO_RECORDING,2025-11-18T12:04:57.934518
2025-11-18 12:04:57.036086,286,251,HandType.Left,0.7090940475463867,-197.1071014404297,143.9517059326172,11.920629501342773,0.23729975521564484,-0.946134090423584,0.22027049958705902,-3.9287805557250977,-2.526860237121582,8.103791236877441,0.18683117628097534,0.07484707236289978,54.23490524291992,0,0,1,1,1,-177.18722534179688,88.47949981689453,18.760353088378906,-152.66787719726562,100.31809997558594,-28.14459228515625,grab,40,2025-11-18T12:04:57.036086,my_hand_data\videos\grab_seq40_20251118_120453_855467.avi,89.70942891685223,360,90,HIGH,VIDEO_RECORDING,2025-11-18T12:04:57.934518
2025-11-18 12:04:57.056855,287,251,HandType.Left,0.7095832228660583,-197.17205810546875,143.96365356445312,11.985008239746094,0.23761378228664398,-0.945995569229126,0.2205267995595932,-5.801767826080322,1.067732572555542,5.750171661376953,0.18990452587604523,0.07148288935422897,54.35274887084961,0,0,1,1,1,-177.26976013183594,88.46717834472656,18.845258712768555,-152.7296600341797,100.3909683227539,-28.163551330566406,grab,40,2025-11-18T12:04:57.056855,my_hand_data\videos\grab_seq40_20251118_120453_855467.avi,89.70942891685223,360,90,HIGH,VIDEO_RECORDING,2025-11-18T12:04:57.934518
2025-11-18 12:04:57.062556,288,251,HandType.Left,0.7055489420890808,-197.33950805664062,144.05308532714844,12.239092826843262,0.23733177781105042,-0.9454247355461121,0.22326147556304932,-15.347747802734375,8.196361541748047,23.286958694458008,0.19259512424468994,0.042750339955091476,55.362648010253906,0,0,1,1,1,-177.8002471923828,88.54346466064453,19.050554275512695,-152.91737365722656,100.99698638916016,-28.811487197875977,grab,40,2025-11-18T12:04:57.062556,my_hand_data\videos\grab_seq40_20251118_120453_855467.avi,89.70942891685223,360,90,HIGH,VIDEO_RECORDING,2025-11-18T12:04:57.934518
2025-11-18 12:04:57.069974,289,251,HandType.Left,0.7116802930831909,-197.31396484375,144.0007781982422,12.247230529785156,0.23861481249332428,-0.945493757724762,0.22159531712532043,2.327397108078003,-4.765404224395752,0.7413180470466614,0.1993888020515442,0.05360697582364082,54.9838981628418,0,0,1,1,1,-177.59661865234375,88.53276824951172,18.924217224121094,-152.81057739257812,100.8114242553711,-28.595417022705078,grab,40,2025-11-18T12:04:57.069974,my_hand_data\videos\grab_seq40_20251118_120453_855467.avi,89.70942891685223,360,90,HIGH,VIDEO_RECORDING,2025-11-18T12:04:57.934518
2025-11-18 12:04:57.088101,290,251,HandType.Left,0.7147660851478577,-197.29725646972656,144.00592041015625,12.182870864868164,0.2399640828371048,-0.9454575181007385,0.22028924524784088,1.4420911073684692,0.44375017285346985,-5.55401611328125,0.19833484292030334,0.056606415659189224,54.88071060180664,0,0,1,1,0,-177.55270385742188,88.52513122558594,18.851335525512695,-152.7836151123047,100.76239013671875,-28.568429946899414,grab,40,2025-11-18T12:04:57.088101,my_hand_data\videos\grab_seq40_20251118_120453_855467.avi,89.70942891685223,360,90,HIGH,VIDEO_RECORDING,2025-11-18T12:04:57.934518
2025-11-18 12:04:57.092955,291,251,HandType.Left,0.7083315849304199,-197.57025146484375,144.19908142089844,12.418432235717773,0.23927073180675507,-0.944873571395874,0.22352495789527893,-24.99558448791504,17.68547248840332,21.5676212310791,0.1979125738143921,0.024693438783288002,56.00123977661133,0,0,1,1,1,-178.27490234375,88.67434692382812,19.08092498779297,-153.0174102783203,101.54525756835938,-29.215425491333008,grab,40,2025-11-18T12:04:57.092955,my_hand_data\videos\grab_seq40_20251118_120453_855467.avi,89.70942891685223,360,90,HIGH,VIDEO_RECORDING,2025-11-18T12:04:57.934518
2025-11-18 12:04:57.103998,292,251,HandType.Left,0.7083315849304199,-197.57025146484375,144.19908142089844,12.418432235717773,0.23927073180675507,-0.944873571395874,0.22352495789527893,-24.99558448791504,17.68547248840332,21.5676212310791,0.1979125738143921,0.024693438783288002,56.00123977661133,0,0,1,1,1,-178.27490234375,88.67434692382812,19.08092498779297,-153.0174102783203,101.54525756835938,-29.215425491333008,grab,40,2025-11-18T12:04:57.103998,my_hand_data\videos\grab_seq40_20251118_120453_855467.avi,89.70942891685223,360,90,HIGH,VIDEO_RECORDING,2025-11-18T12:04:57.934518
2025-11-18 12:04:57.119690,293,251,HandType.Left,0.7091578245162964,-197.8267364501953,144.4120635986328,12.630186080932617,0.23842927813529968,-0.9447346329689026,0.2250066101551056,-6.0267720222473145,6.725928783416748,4.271711349487305,0.2084578573703766,0.025611629709601402,56.368568420410156,0,0,1,1,0,-178.8121337890625,88.82555389404297,19.282499313354492,-153.22555541992188,101.86119079589844,-29.22332000732422,grab,40,2025-11-18T12:04:57.119690,my_hand_data\videos\grab_seq40_20251118_120453_855467.avi,89.70942891685223,360,90,HIGH,VIDEO_RECORDING,2025-11-18T12:04:57.934518
2025-11-18 12:04:57.124449,294,251,HandType.Left,0.7091578245162964,-197.8267364501953,144.4120635986328,12.630186080932617,0.23842927813529968,-0.9447346329689026,0.2250066101551056,-6.0267720222473145,6.725928783416748,4.271711349487305,0.2084578573703766,0.025611629709601402,56.368568420410156,0,0,1,1,0,-178.8121337890625,88.82555389404297,19.282499313354492,-153.22555541992188,101.86119079589844,-29.22332000732422,grab,40,2025-11-18T12:04:57.124449,my_hand_data\videos\grab_seq40_20251118_120453_855467.avi,89.70942891685223,360,90,HIGH,VIDEO_RECORDING,2025-11-18T12:04:57.934518
2025-11-18 12:04:57.136513,295,251,HandType.Left,0.7094222903251648,-198.01754760742188,144.66990661621094,12.612397193908691,0.23606494069099426,-0.9453713893890381,0.2248249053955078,-9.958507537841797,13.655513763427734,-0.7598224878311157,0.22687797248363495,0.05002625286579132,56.522281646728516,0,0,1,1,0,-179.3657989501953,88.945556640625,19.287195205688477,-153.50836181640625,101.99923706054688,-29.249006271362305,grab,40,2025-11-18T12:04:57.136513,my_hand_data\videos\grab_seq40_20251118_120453_855467.avi,89.70942891685223,360,90,HIGH,VIDEO_RECORDING,2025-11-18T12:04:57.934518
2025-11-18 12:04:57.150906,296,251,HandType.Left,0.7088301777839661,-198.0619354248047,144.73060607910156,12.579360008239746,0.23428261280059814,-0.9457598328590393,0.22505545616149902,-3.988818645477295,5.454017639160156,-2.9688360691070557,0.23281562328338623,0.05890219658613205,56.532554626464844,0,0,1,1,0,-179.52291870117188,89.00074768066406,19.264116287231445,-153.61383056640625,101.94062042236328,-29.286975860595703,grab,40,2025-11-18T12:04:57.150906,my_hand_data\videos\grab_seq40_20251118_120453_855467.avi,89.70942891685223,360,90,HIGH,VIDEO_RECORDING,2025-11-18T12:04:57.934518
2025-11-18 12:04:57.157442,297,251,HandType.Left,0.7088301777839661,-198.0619354248047,144.73060607910156,12.579360008239746,0.23428261280059814,-0.9457598328590393,0.22505545616149902,-3.988818645477295,5.454017639160156,-2.9688360691070557,0.23281562328338623,0.05890219658613205,56.532554626464844,0,0,1,1,0,-179.52291870117188,89.00074768066406,19.264116287231445,-153.61383056640625,101.94062042236328,-29.286975860595703,grab,40,2025-11-18T12:04:57.157442,my_hand_data\videos\grab_seq40_20251118_120453_855467.avi,89.70942891685223,360,90,HIGH,VIDEO_RECORDING,2025-11-18T12:04:57.934518
2025-11-18 12:04:57.183502,298,251,HandType.Left,0.7054814100265503,-198.20005798339844,144.8372039794922,12.771612167358398,0.22953209280967712,-0.9464156627655029,0.22718371450901031,-7.052602767944336,4.240979194641113,11.325666427612305,0.23833908140659332,0.07727193087339401,57.40251922607422,0,0,1,1,0,-180.42034912109375,88.95367431640625,19.60667610168457,-153.7957763671875,102.16559600830078,-29.501636505126953,grab,40,2025-11-18T12:04:57.183502,my_hand_data\videos\grab_seq40_20251118_120453_855467.avi,89.70942891685223,360,90,HIGH,VIDEO_RECORDING,2025-11-18T12:04:57.934518
2025-11-18 12:04:57.189190,299,251,HandType.Left,0.7054814100265503,-198.20005798339844,144.8372039794922,12.771612167358398,0.22953209280967712,-0.9464156627655029,0.22718371450901031,-7.052602767944336,4.240979194641113,11.325666427612305,0.23833908140659332,0.07727193087339401,57.40251922607422,0,0,1,1,0,-180.42034912109375,88.95367431640625,19.60667610168457,-153.7957763671875,102.16559600830078,-29.501636505126953,grab,40,2025-11-18T12:04:57.189190,my_hand_data\videos\grab_seq40_20251118_120453_855467.avi,89.70942891685223,360,90,HIGH,VIDEO_RECORDING,2025-11-18T12:04:57.934518
2025-11-18 12:04:57.193234,300,251,HandType.Left,0.7054814100265503,-198.20005798339844,144.8372039794922,12.771612167358398,0.22953209280967712,-0.9464156627655029,0.22718371450901031,-7.052602767944336,4.240979194641113,11.325666427612305,0.23833908140659332,0.07727193087339401,57.40251922607422,0,0,1,1,0,-180.42034912109375,88.95367431640625,19.60667610168457,-153.7957763671875,102.16559600830078,-29.501636505126953,grab,40,2025-11-18T12:04:57.193234,my_hand_data\videos\grab_seq40_20251118_120453_855467.avi,89.70942891685223,360,90,HIGH,VIDEO_RECORDING,2025-11-18T12:04:57.934518
2025-11-18 12:04:57.205508,301,251,HandType.Left,0.70684415102005,-198.12051391601562,144.88934326171875,12.747223854064941,0.22672702372074127,-0.9476543664932251,0.22482438385486603,-10.22591495513916,13.615644454956055,17.08673667907715,0.2569054961204529,0.09413275867700577,57.463199615478516,0,0,1,1,0,-180.3457489013672,88.9366226196289,19.666461944580078,-153.73468017578125,102.12853240966797,-29.52544593811035,grab,40,2025-11-18T12:04:57.205508,my_hand_data\videos\grab_seq40_20251118_120453_855467.avi,89.70942891685223,360,90,HIGH,VIDEO_RECORDING,2025-11-18T12:04:57.934518
2025-11-18 12:04:57.212842,302,251,HandType.Left,0.70684415102005,-198.12051391601562,144.88934326171875,12.747223854064941,0.22672702372074127,-0.9476543664932251,0.22482438385486603,-10.22591495513916,13.615644454956055,17.08673667907715,0.2569054961204529,0.09413275867700577,57.463199615478516,0,0,1,1,0,-180.3457489013672,88.9366226196289,19.666461944580078,-153.73468017578125,102.12853240966797,-29.52544593811035,grab,40,2025-11-18T12:04:57.212842,my_hand_data\videos\grab_seq40_20251118_120453_855467.avi,89.70942891685223,360,90,HIGH,VIDEO_RECORDING,2025-11-18T12:04:57.934518
2025-11-18 12:04:57.229943,303,251,HandType.Left,0.7098537087440491,-198.01808166503906,145.0454864501953,12.929076194763184,0.22537314891815186,-0.9482301473617554,0.22375547885894775,13.699070930480957,0.8406084775924683,0.42816588282585144,0.26942235231399536,0.1095106303691864,57.74192810058594,0,0,1,1,0,-180.37606811523438,88.94322967529297,19.941268920898438,-153.43455505371094,102.37410736083984,-29.332420349121094,grab,40,2025-11-18T12:04:57.229943,my_hand_data\videos\grab_seq40_20251118_120453_855467.avi,89.70942891685223,360,90,HIGH,VIDEO_RECORDING,2025-11-18T12:04:57.934518
2025-11-18 12:04:57.235607,304,251,HandType.Left,0.7098537087440491,-198.01808166503906,145.0454864501953,12.929076194763184,0.22537314891815186,-0.9482301473617554,0.22375547885894775,13.699070930480957,0.8406084775924683,0.42816588282585144,0.26942235231399536,0.1095106303691864,57.74192810058594,0,0,1,1,0,-180.37606811523438,88.94322967529297,19.941268920898438,-153.43455505371094,102.37410736083984,-29.332420349121094,grab,40,2025-11-18T12:04:57.235607,my_hand_data\videos\grab_seq40_20251118_120453_855467.avi,89.70942891685223,360,90,HIGH,VIDEO_RECORDING,2025-11-18T12:04:57.934518
2025-11-18 12:04:57.261937,305,251,HandType.Left,0.711890697479248,-197.98626708984375,145.35926818847656,12.817289352416992,0.22460702061653137,-0.9487402439117432,0.22235937416553497,-1.503150224685669,8.897737503051758,-1.7110085487365723,0.2805880904197693,0.12660953402519226,58.1906852722168,0,0,1,1,0,-180.50668334960938,89.10132598876953,20.073692321777344,-153.23826599121094,102.79411315917969,-29.47524070739746,grab,40,2025-11-18T12:04:57.261937,my_hand_data\videos\grab_seq40_20251118_120453_855467.avi,89.70942891685223,360,90,HIGH,VIDEO_RECORDING,2025-11-18T12:04:57.934518
2025-11-18 12:04:57.267586,306,251,HandType.Left,0.711890697479248,-197.98626708984375,145.35926818847656,12.817289352416992,0.22460702061653137,-0.9487402439117432,0.22235937416553497,-1.503150224685669,8.897737503051758,-1.7110085487365723,0.2805880904197693,0.12660953402519226,58.1906852722168,0,0,1,1,0,-180.50668334960938,89.10132598876953,20.073692321777344,-153.23826599121094,102.79411315917969,-29.47524070739746,grab,40,2025-11-18T12:04:57.267586,my_hand_data\videos\grab_seq40_20251118_120453_855467.avi,89.70942891685223,360,90,HIGH,VIDEO_RECORDING,2025-11-18T12:04:57.934518
2025-11-18 12:04:57.272973,307,251,HandType.Left,0.7115272283554077,-197.97921752929688,145.4190673828125,12.824457168579102,0.2242257446050644,-0.9487488865852356,0.22270701825618744,0.6382073760032654,5.407362937927246,0.64809650182724,0.2798205614089966,0.12952622771263123,58.442108154296875,0,0,1,1,0,-180.56918334960938,89.14490509033203,20.116779327392578,-153.05078125,102.94449615478516,-29.5600643157959,grab,40,2025-11-18T12:04:57.272973,my_hand_data\videos\grab_seq40_20251118_120453_855467.avi,89.70942891685223,360,90,HIGH,VIDEO_RECORDING,2025-11-18T12:04:57.934518
2025-11-18 12:04:57.277863,308,251,HandType.Left,0.7115272283554077,-197.97921752929688,145.4190673828125,12.824457168579102,0.2242257446050644,-0.9487488865852356,0.22270701825618744,0.6382073760032654,5.407362937927246,0.64809650182724,0.2798205614089966,0.12952622771263123,58.442108154296875,0,0,1,1,0,-180.56918334960938,89.14490509033203,20.116779327392578,-153.05078125,102.94449615478516,-29.5600643157959,grab,40,2025-11-18T12:04:57.277863,my_hand_data\videos\grab_seq40_20251118_120453_855467.avi,89.70942891685223,360,90,HIGH,VIDEO_RECORDING,2025-11-18T12:04:57.934518
2025-11-18 12:04:57.292919,309,251,HandType.Left,0.7090790271759033,-198.2272491455078,145.6703338623047,13.083065032958984,0.22412510216236115,-0.9483311772346497,0.22457945346832275,-9.393380165100098,10.404072761535645,10.477375030517578,0.27886924147605896,0.1384400874376297,59.08814239501953,0,0,1,1,0,-181.0030975341797,89.36317443847656,20.36138153076172,-152.97909545898438,103.7042007446289,-29.718360900878906,grab,40,2025-11-18T12:04:57.292919,my_hand_data\videos\grab_seq40_20251118_120453_855467.avi,89.70942891685223,360,90,HIGH,VIDEO_RECORDING,2025-11-18T12:04:57.934518
2025-11-18 12:04:57.308874,310,251,HandType.Left,0.7094117403030396,-198.3042449951172,145.78469848632812,13.17186164855957,0.22401578724384308,-0.9483612179756165,0.22456154227256775,-6.8871283531188965,10.230722427368164,7.943130970001221,0.2791009545326233,0.139924094080925,59.16599655151367,0,0,1,1,0,-181.13877868652344,89.45682525634766,20.445667266845703,-153.03314208984375,103.87467193603516,-29.68000030517578,grab,40,2025-11-18T12:04:57.308874,my_hand_data\videos\grab_seq40_20251118_120453_855467.avi,89.70942891685223,360,90,HIGH,VIDEO_RECORDING,2025-11-18T12:04:57.934518
2025-11-18 12:04:57.313467,311,251,HandType.Left,0.7094117403030396,-198.3042449951172,145.78469848632812,13.17186164855957,0.22401578724384308,-0.9483612179756165,0.22456154227256775,-6.8871283531188965,10.230722427368164,7.943130970001221,0.2791009545326233,0.139924094080925,59.16599655151367,0,0,1,1,0,-181.13877868652344,89.45682525634766,20.445667266845703,-153.03314208984375,103.87467193603516,-29.68000030517578,grab,40,2025-11-18T12:04:57.313467,my_hand_data\videos\grab_seq40_20251118_120453_855467.avi,89.70942891685223,360,90,HIGH,VIDEO_RECORDING,2025-11-18T12:04:57.934518
2025-11-18 12:04:57.324749,312,251,HandType.Left,0.7121902704238892,-198.1882781982422,145.7919158935547,13.031940460205078,0.2228630632162094,-0.9490126371383667,0.222950741648674,9.913304328918457,-4.468590259552002,-11.398087501525879,0.28157690167427063,0.14035426080226898,58.863975524902344,0,0,1,1,0,-181.03408813476562,89.4280014038086,20.310256958007812,-152.8801727294922,103.5881576538086,-29.443498611450195,grab,40,2025-11-18T12:04:57.324749,my_hand_data\videos\grab_seq40_20251118_120453_855467.avi,89.70942891685223,360,90,HIGH,VIDEO_RECORDING,2025-11-18T12:04:57.934518
2025-11-18 12:04:57.340416,313,251,HandType.Left,0.7107728719711304,-198.1759033203125,145.82810974121094,13.040654182434082,0.22194306552410126,-0.9490771293640137,0.22359316051006317,1.1137760877609253,3.2575104236602783,0.784134566783905,0.281475305557251,0.14273788034915924,59.08672332763672,0,0,1,1,0,-181.17391967773438,89.38811492919922,20.38630485534668,-152.82177734375,103.76062774658203,-29.52044677734375,grab,40,2025-11-18T12:04:57.340416,my_hand_data\videos\grab_seq40_20251118_120453_855467.avi,89.70942891685223,360,90,HIGH,VIDEO_RECORDING,2025-11-18T12:04:57.934518
2025-11-18 12:04:57.346447,314,251,HandType.Left,0.7107728719711304,-198.1759033203125,145.82810974121094,13.040654182434082,0.22194306552410126,-0.9490771293640137,0.22359316051006317,1.1137760877609253,3.2575104236602783,0.784134566783905,0.281475305557251,0.14273788034915924,59.08672332763672,0,0,1,1,0,-181.17391967773438,89.38811492919922,20.38630485534668,-152.82177734375,103.76062774658203,-29.52044677734375,grab,40,2025-11-18T12:04:57.346447,my_hand_data\videos\grab_seq40_20251118_120453_855467.avi,89.70942891685223,360,90,HIGH,VIDEO_RECORDING,2025-11-18T12:04:57.934518
2025-11-18 12:04:57.371576,315,251,HandType.Left,0.7092424035072327,-198.00222778320312,146.01634216308594,12.923138618469238,0.219341441988945,-0.9499285817146301,0.22254230082035065,-1.5437498092651367,14.668665885925293,7.81217098236084,0.2853366732597351,0.15403206646442413,59.20498275756836,0,0,1,1,0,-181.4045867919922,89.47389221191406,20.22510528564453,-152.55282592773438,103.97933197021484,-29.534366607666016,grab,40,2025-11-18T12:04:57.371576,my_hand_data\videos\grab_seq40_20251118_120453_855467.avi,89.70942891685223,360,90,HIGH,VIDEO_RECORDING,2025-11-18T12:04:57.934518
2025-11-18 12:04:57.377601,316,251,HandType.Left,0.7092424035072327,-198.00222778320312,146.01634216308594,12.923138618469238,0.219341441988945,-0.9499285817146301,0.22254230082035065,-1.5437498092651367,14.668665885925293,7.81217098236084,0.2853366732597351,0.15403206646442413,59.20498275756836,0,0,1,1,0,-181.4045867919922,89.47389221191406,20.22510528564453,-152.55282592773438,103.97933197021484,-29.534366607666016,grab,40,2025-11-18T12:04:57.377601,my_hand_data\videos\grab_seq40_20251118_120453_855467.avi,89.70942891685223,360,90,HIGH,VIDEO_RECORDING,2025-11-18T12:04:57.934518
2025-11-18 12:04:57.381623,317,251,HandType.Left,0.7103183269500732,-197.90472412109375,146.1117706298828,12.948561668395996,0.21945229172706604,-0.9499405026435852,0.2223820686340332,8.787482261657715,8.601101875305176,2.2911624908447266,0.2867036461830139,0.15685336291790009,59.22631072998047,0,0,1,1,0,-181.4019775390625,89.5572509765625,20.26625633239746,-152.38113403320312,104.0723648071289,-29.436874389648438,grab,40,2025-11-18T12:04:57.381623,my_hand_data\videos\grab_seq40_20251118_120453_855467.avi,89.70942891685223,360,90,HIGH,VIDEO_RECORDING,2025-11-18T12:04:57.934518
2025-11-18 12:04:57.403600,318,251,HandType.Left,0.7094034552574158,-197.66249084472656,146.34925842285156,13.043819427490234,0.21805649995803833,-0.9503676295280457,0.22192956507205963,8.445982933044434,14.124882698059082,6.544863700866699,0.2940685749053955,0.1709083765745163,59.33806228637695,0,0,1,1,0,-181.43460083007812,89.78497314453125,20.321861267089844,-152.13223266601562,104.3194808959961,-29.363750457763672,grab,40,2025-11-18T12:04:57.403600,my_hand_data\videos\grab_seq40_20251118_120453_855467.avi,89.70942891685223,360,90,HIGH,VIDEO_RECORDING,2025-11-18T12:04:57.934518
2025-11-18 12:04:57.408977,319,251,HandType.Left,0.7094034552574158,-197.66249084472656,146.34925842285156,13.043819427490234,0.21805649995803833,-0.9503676295280457,0.22192956507205963,8.445982933044434,14.124882698059082,6.544863700866699,0.2940685749053955,0.1709083765745163,59.33806228637695,0,0,1,1,0,-181.43460083007812,89.78497314453125,20.321861267089844,-152.13223266601562,104.3194808959961,-29.363750457763672,grab,40,2025-11-18T12:04:57.408977,my_hand_data\videos\grab_seq40_20251118_120453_855467.avi,89.70942891685223,360,90,HIGH,VIDEO_RECORDING,2025-11-18T12:04:57.934518
2025-11-18 12:04:57.413612,320,251,HandType.Left,0.7089709639549255,-197.57444763183594,146.4600830078125,13.11423110961914,0.2174530029296875,-0.950554609298706,0.221720889210701,7.941160678863525,9.994110107421875,6.350304126739502,0.2975834906101227,0.17289508879184723,59.326908111572266,0,0,1,1,0,-181.36590576171875,89.9225845336914,20.392086029052734,-152.088134765625,104.43881225585938,-29.282438278198242,grab,40,2025-11-18T12:04:57.413612,my_hand_data\videos\grab_seq40_20251118_120453_855467.avi,89.70942891685223,360,90,HIGH,VIDEO_RECORDING,2025-11-18T12:04:57.934518
2025-11-18 12:04:57.436014,321,251,HandType.Left,0.7096014022827148,-197.3654327392578,146.55636596679688,13.118416786193848,0.21636460721492767,-0.9511223435401917,0.2203465849161148,5.008916854858398,4.258032321929932,0.9056263566017151,0.314290851354599,0.18560852110385895,59.18505859375,0,0,1,1,0,-181.1790008544922,90.05181884765625,20.418066024780273,-151.92677307128906,104.47004699707031,-29.073692321777344,grab,40,2025-11-18T12:04:57.436014,my_hand_data\videos\grab_seq40_20251118_120453_855467.avi,89.70942891685223,360,90,HIGH,VIDEO_RECORDING,2025-11-18T12:04:57.934518
2025-11-18 12:04:57.440635,322,251,HandType.Left,0.7096014022827148,-197.3654327392578,146.55636596679688,13.118416786193848,0.21636460721492767,-0.9511223435401917,0.2203465849161148,5.008916854858398,4.258032321929932,0.9056263566017151,0.314290851354599,0.18560852110385895,59.18505859375,0,0,1,1,0,-181.1790008544922,90.05181884765625,20.418066024780273,-151.92677307128906,104.47004699707031,-29.073692321777344,grab,40,2025-11-18T12:04:57.440635,my_hand_data\videos\grab_seq40_20251118_120453_855467.avi,89.70942891685223,360,90,HIGH,VIDEO_RECORDING,2025-11-18T12:04:57.934518
2025-11-18 12:04:57.444549,323,251,HandType.Left,0.7096014022827148,-197.3654327392578,146.55636596679688,13.118416786193848,0.21636460721492767,-0.9511223435401917,0.2203465849161148,5.008916854858398,4.258032321929932,0.9056263566017151,0.314290851354599,0.18560852110385895,59.18505859375,0,0,1,1,0,-181.1790008544922,90.05181884765625,20.418066024780273,-151.92677307128906,104.47004699707031,-29.073692321777344,grab,40,2025-11-18T12:04:57.444549,my_hand_data\videos\grab_seq40_20251118_120453_855467.avi,89.70942891685223,360,90,HIGH,VIDEO_RECORDING,2025-11-18T12:04:57.934518
2025-11-18 12:04:57.467264,324,251,HandType.Left,0.709480345249176,-197.36099243164062,146.5897674560547,13.113039016723633,0.2169901430606842,-0.951015055179596,0.22019460797309875,-0.08060698956251144,0.45757177472114563,1.6364997625350952,0.3175821304321289,0.1883412003517151,59.11370086669922,0,0,1,1,0,-181.1802978515625,90.11566162109375,20.479738235473633,-151.82456970214844,104.49362182617188,-28.878984451293945,grab,40,2025-11-18T12:04:57.467264,my_hand_data\videos\grab_seq40_20251118_120453_855467.avi,89.70942891685223,360,90,HIGH,VIDEO_RECORDING,2025-11-18T12:04:57.934518
2025-11-18 12:04:57.472078,325,251,HandType.Left,0.7095537781715393,-197.3943634033203,146.61898803710938,13.15639591217041,0.21695315837860107,-0.951009213924408,0.22025620937347412,-3.001166820526123,2.627943277359009,3.8993754386901855,0.31781020760536194,0.1890793740749359,59.09284210205078,0,0,1,1,0,-181.2138671875,90.1589126586914,20.524566650390625,-151.80755615234375,104.51473999023438,-28.784353256225586,grab,40,2025-11-18T12:04:57.472078,my_hand_data\videos\grab_seq40_20251118_120453_855467.avi,89.70942891685223,360,90,HIGH,VIDEO_RECORDING,2025-11-18T12:04:57.934518
2025-11-18 12:04:57.479343,326,251,HandType.Left,0.7097050547599792,-197.44345092773438,146.67742919921875,13.208910942077637,0.2167598456144333,-0.9510462284088135,0.22028669714927673,-4.458434581756592,5.30675745010376,4.769362926483154,0.3176942467689514,0.18966373801231384,59.05119705200195,0,0,1,1,0,-181.27137756347656,90.23627471923828,20.574777603149414,-151.81753540039062,104.54032897949219,-28.66342544555664,grab,40,2025-11-18T12:04:57.479343,my_hand_data\videos\grab_seq40_20251118_120453_855467.avi,89.70942891685223,360,90,HIGH,VIDEO_RECORDING,2025-11-18T12:04:57.934518
2025-11-18 12:04:57.498750,327,251,HandType.Left,0.709770679473877,-197.47998046875,146.7318878173828,13.206913948059082,0.2164747267961502,-0.9510922431945801,0.22036845982074738,-3.24173641204834,4.834948539733887,-0.17727792263031006,0.3184584677219391,0.191011443734169,59.010353088378906,0,0,1,1,0,-181.32391357421875,90.30137634277344,20.57650375366211,-151.82305908203125,104.54936218261719,-28.595508575439453,grab,40,2025-11-18T12:04:57.498750,my_hand_data\videos\grab_seq40_20251118_120453_855467.avi,89.70942891685223,360,90,HIGH,VIDEO_RECORDING,2025-11-18T12:04:57.934518
2025-11-18 12:04:57.503778,328,251,HandType.Left,0.7105966806411743,-197.4915771484375,146.74508666992188,13.169665336608887,0.21595680713653564,-0.9512467980384827,0.22020940482616425,-1.0649311542510986,1.2104743719100952,-3.416670799255371,0.31714004278182983,0.1901596486568451,58.90668869018555,0,0,1,1,0,-181.30728149414062,90.368896484375,20.51786994934082,-151.7633514404297,104.44197082519531,-28.53070640563965,grab,40,2025-11-18T12:04:57.503778,my_hand_data\videos\grab_seq40_20251118_120453_855467.avi,89.70942891685223,360,90,HIGH,VIDEO_RECORDING,2025-11-18T12:04:57.934518
2025-11-18 12:04:57.514629,329,251,HandType.Left,0.7103038430213928,-197.53167724609375,146.7556915283203,13.184351921081543,0.21570558845996857,-0.9511850476264954,0.2207217812538147,-3.5847580432891846,0.9489300847053528,1.3130398988723755,0.3166477680206299,0.19105610251426697,58.96939468383789,0,0,1,1,0,-181.39266967773438,90.38282012939453,20.54775047302246,-151.77334594726562,104.49991607666016,-28.538606643676758,grab,40,2025-11-18T12:04:57.514629,my_hand_data\videos\grab_seq40_20251118_120453_855467.avi,89.70942891685223,360,90,HIGH,VIDEO_RECORDING,2025-11-18T12:04:57.934518
2025-11-18 12:04:57.530210,330,251,HandType.Left,0.7105280756950378,-197.54795837402344,146.75390625,13.152665138244629,0.21541716158390045,-0.9512580037117004,0.2206891030073166,-1.4494205713272095,-0.15939539670944214,-2.8198511600494385,0.3177023231983185,0.19246330857276917,58.95203399658203,0,0,1,1,0,-181.40737915039062,90.38429260253906,20.52239227294922,-151.73471069335938,104.46233367919922,-28.52317237854004,grab,40,2025-11-18T12:04:57.530210,my_hand_data\videos\grab_seq40_20251118_120453_855467.avi,89.70942891685223,360,90,HIGH,VIDEO_RECORDING,2025-11-18T12:04:57.934518
2025-11-18 12:04:57.535857,331,251,HandType.Left,0.7094489932060242,-197.5833282470703,146.7764129638672,13.169511795043945,0.21527110040187836,-0.9512072205543518,0.22105008363723755,-3.2347819805145264,2.0581347942352295,1.5406891107559204,0.3174666166305542,0.19388025999069214,59.00585174560547,0,0,1,1,0,-181.47988891601562,90.39717864990234,20.547531127929688,-151.75694274902344,104.51138305664062,-28.533998489379883,grab,40,2025-11-18T12:04:57.535857,my_hand_data\videos\grab_seq40_20251118_120453_855467.avi,89.70942891685223,360,90,HIGH,VIDEO_RECORDING,2025-11-18T12:04:57.934518
2025-11-18 12:04:57.545992,332,251,HandType.Left,0.7094489932060242,-197.5833282470703,146.7764129638672,13.169511795043945,0.21527110040187836,-0.9512072205543518,0.22105008363723755,-3.2347819805145264,2.0581347942352295,1.5406891107559204,0.3174666166305542,0.19388025999069214,59.00585174560547,0,0,1,1,0,-181.47988891601562,90.39717864990234,20.547531127929688,-151.75694274902344,104.51138305664062,-28.533998489379883,grab,40,2025-11-18T12:04:57.545992,my_hand_data\videos\grab_seq40_20251118_120453_855467.avi,89.70942891685223,360,90,HIGH,VIDEO_RECORDING,2025-11-18T12:04:57.934518
2025-11-18 12:04:57.561883,333,251,HandType.Left,0.7091609835624695,-197.57752990722656,146.75914001464844,13.147198677062988,0.21467076241970062,-0.9513365030288696,0.22107765078544617,1.908704161643982,-1.5602679252624512,-1.9215245246887207,0.31736764311790466,0.1948430985212326,58.95380401611328,0,0,1,1,0,-181.46238708496094,90.40164184570312,20.496389389038086,-151.7273712158203,104.41072845458984,-28.516887664794922,grab,40,2025-11-18T12:04:57.561883,my_hand_data\videos\grab_seq40_20251118_120453_855467.avi,89.70942891685223,360,90,HIGH,VIDEO_RECORDING,2025-11-18T12:04:57.934518
2025-11-18 12:04:57.577884,334,251,HandType.Left,0.7081995606422424,-197.6031036376953,146.7952880859375,13.191056251525879,0.21455208957195282,-0.9512624144554138,0.2215111255645752,-2.3624930381774902,3.3374204635620117,4.049992084503174,0.316686749458313,0.19733528792858124,59.0649528503418,0,0,1,1,0,-181.62399291992188,90.42977905273438,20.53438949584961,-151.74639892578125,104.48570251464844,-28.54730796813965,grab,40,2025-11-18T12:04:57.577884,my_hand_data\videos\grab_seq40_20251118_120453_855467.avi,89.70942891685223,360,90,HIGH,VIDEO_RECORDING,2025-11-18T12:04:57.934518
2025-11-18 12:04:57.577884,335,251,HandType.Left,0.708142101764679,-197.6023406982422,146.7998046875,13.207862854003906,0.2145983725786209,-0.951265811920166,0.22145171463489532,0.06883934140205383,0.40665534138679504,1.5096497535705566,0.3166072964668274,0.2000131458044052,59.07941436767578,0,0,1,1,0,-181.65945434570312,90.4352798461914,20.519670486450195,-151.68045043945312,104.4806900024414,-28.539518356323242,grab,40,2025-11-18T12:04:57.577884,my_hand_data\videos\grab_seq40_20251118_120453_855467.avi,89.70942891685223,360,90,HIGH,VIDEO_RECORDING,2025-11-18T12:04:57.934518
2025-11-18 12:04:57.593713,336,251,HandType.Left,0.7081508636474609,-197.60630798339844,146.82298278808594,13.247846603393555,0.2146165668964386,-0.9512402415275574,0.22154401242733002,-0.3585168421268463,2.097644090652466,3.6200709342956543,0.3163478374481201,0.20166121423244476,59.175445556640625,0,0,1,1,0,-181.68539428710938,90.45050811767578,20.553373336791992,-151.60960388183594,104.5357894897461,-28.577329635620117,grab,40,2025-11-18T12:04:57.593713,my_hand_data\videos\grab_seq40_20251118_120453_855467.avi,89.70942891685223,360,90,HIGH,VIDEO_RECORDING,2025-11-18T12:04:57.934518
2025-11-18 12:04:57.610160,337,251,HandType.Left,0.7079253196716309,-197.59202575683594,146.82122802734375,13.249128341674805,0.21475468575954437,-0.9511992335319519,0.2215862274169922,1.2726165056228638,-0.15637904405593872,0.11431564390659332,0.31630101799964905,0.20427767932415009,59.292198181152344,0,0,1,1,0,-181.73202514648438,90.4049301147461,20.55348777770996,-151.53196716308594,104.56120300292969,-28.657075881958008,grab,40,2025-11-18T12:04:57.610160,my_hand_data\videos\grab_seq40_20251118_120453_855467.avi,89.70942891685223,360,90,HIGH,VIDEO_RECORDING,2025-11-18T12:04:57.934518
2025-11-18 12:04:57.616490,338,251,HandType.Left,0.7083046436309814,-197.62001037597656,146.84268188476562,13.279417991638184,0.21486032009124756,-0.9511111378669739,0.22186170518398285,-2.546966314315796,1.9524025917053223,2.757124423980713,0.3160695731639862,0.20725032687187195,59.4323844909668,0,0,1,1,0,-181.8459014892578,90.40232849121094,20.583356857299805,-151.4914093017578,104.60923767089844,-28.723346710205078,grab,40,2025-11-18T12:04:57.616490,my_hand_data\videos\grab_seq40_20251118_120453_855467.avi,89.70942891685223,360,90,HIGH,VIDEO_RECORDING,2025-11-18T12:04:57.934518
2025-11-18 12:04:57.626199,339,251,HandType.Left,0.7093105912208557,-197.59292602539062,146.79388427734375,13.278559684753418,0.21502293646335602,-0.951134204864502,0.22160518169403076,2.4336791038513184,-4.385159492492676,-0.07719626277685165,0.3159952461719513,0.20817764103412628,59.47255325317383,0,0,1,1,0,-181.81492614746094,90.3584213256836,20.580692291259766,-151.32958984375,104.54684448242188,-28.71468162536621,grab,40,2025-11-18T12:04:57.626199,my_hand_data\videos\grab_seq40_20251118_120453_855467.avi,89.70942891685223,360,90,HIGH,VIDEO_RECORDING,2025-11-18T12:04:57.934518
2025-11-18 12:04:57.641870,340,251,HandType.Left,0.709604024887085,-197.64044189453125,146.79257202148438,13.339402198791504,0.2152438908815384,-0.9510602355003357,0.22170817852020264,-4.218134880065918,-0.11662045121192932,5.402033805847168,0.3169076144695282,0.21119248867034912,59.62776184082031,0,0,1,1,0,-181.92686462402344,90.32325744628906,20.668092727661133,-151.25653076171875,104.58646392822266,-28.712448120117188,grab,40,2025-11-18T12:04:57.641870,my_hand_data\videos\grab_seq40_20251118_120453_855467.avi,89.70942891685223,360,90,HIGH,VIDEO_RECORDING,2025-11-18T12:04:57.934518
2025-11-18 12:04:57.644936,341,251,HandType.Left,0.7101035118103027,-197.70895385742188,146.8351287841797,13.379205703735352,0.21518166363239288,-0.95108562707901,0.22165951132774353,-6.253995418548584,3.8840880393981934,3.633005380630493,0.32027187943458557,0.2144528478384018,59.711814880371094,0,0,1,1,0,-181.99163818359375,90.36589813232422,20.714208602905273,-151.21168518066406,104.63732147216797,-28.705739974975586,grab,40,2025-11-18T12:04:57.644936,my_hand_data\videos\grab_seq40_20251118_120453_855467.avi,89.70942891685223,360,90,HIGH,VIDEO_RECORDING,2025-11-18T12:04:57.934518
2025-11-18 12:04:57.657860,342,251,HandType.Left,0.7102842330932617,-197.7555389404297,146.82046508789062,13.429781913757324,0.2152978628873825,-0.9510035514831543,0.22189873456954956,-4.010365962982178,-1.2623215913772583,4.354366779327393,0.3220874071121216,0.2175777405500412,59.84339141845703,0,0,1,1,0,-182.0581512451172,90.35453033447266,20.777528762817383,-151.14358520507812,104.65148162841797,-28.725339889526367,grab,40,2025-11-18T12:04:57.657860,my_hand_data\videos\grab_seq40_20251118_120453_855467.avi,89.70942891685223,360,90,HIGH,VIDEO_RECORDING,2025-11-18T12:04:57.934518
2025-11-18 12:04:57.673614,343,251,HandType.Left,0.7112503051757812,-197.79432678222656,146.77420043945312,13.505454063415527,0.215455561876297,-0.9509702324867249,0.22188864648342133,-3.6630780696868896,-4.368319988250732,7.144993782043457,0.3252676725387573,0.2221931368112564,59.99163055419922,0,0,1,1,0,-182.14068603515625,90.30972290039062,20.851879119873047,-151.04237365722656,104.66836547851562,-28.71634292602539,grab,40,2025-11-18T12:04:57.673614,my_hand_data\videos\grab_seq40_20251118_120453_855467.avi,89.70942891685223,360,90,HIGH,VIDEO_RECORDING,2025-11-18T12:04:57.934518
2025-11-18 12:04:57.677304,344,251,HandType.Left,0.7112503051757812,-197.79432678222656,146.77420043945312,13.505454063415527,0.215455561876297,-0.9509702324867249,0.22188864648342133,-3.6630780696868896,-4.368319988250732,7.144993782043457,0.3252676725387573,0.2221931368112564,59.99163055419922,0,0,1,1,0,-182.14068603515625,90.30972290039062,20.851879119873047,-151.04237365722656,104.66836547851562,-28.71634292602539,grab,40,2025-11-18T12:04:57.677304,my_hand_data\videos\grab_seq40_20251118_120453_855467.avi,89.70942891685223,360,90,HIGH,VIDEO_RECORDING,2025-11-18T12:04:57.934518
2025-11-18 12:04:57.704066,345,251,HandType.Left,0.713744580745697,-197.985107421875,146.71141052246094,13.606563568115234,0.2139727771282196,-0.9516202211380005,0.22053253650665283,-7.715705871582031,-0.557304859161377,1.0247384309768677,0.3358438014984131,0.2372785210609436,60.61667251586914,0,1,1,1,0,-182.2626190185547,90.29766082763672,20.77079963684082,-150.94593811035156,105.11406707763672,-29.30026626586914,grab,40,2025-11-18T12:04:57.704066,my_hand_data\videos\grab_seq40_20251118_120453_855467.avi,89.70942891685223,360,90,HIGH,VIDEO_RECORDING,2025-11-18T12:04:57.934518
2025-11-18 12:04:57.704066,346,251,HandType.Left,0.713744580745697,-197.985107421875,146.71141052246094,13.606563568115234,0.2139727771282196,-0.9516202211380005,0.22053253650665283,-7.715705871582031,-0.557304859161377,1.0247384309768677,0.3358438014984131,0.2372785210609436,60.61667251586914,0,1,1,1,0,-182.2626190185547,90.29766082763672,20.77079963684082,-150.94593811035156,105.11406707763672,-29.30026626586914,grab,40,2025-11-18T12:04:57.704066,my_hand_data\videos\grab_seq40_20251118_120453_855467.avi,89.70942891685223,360,90,HIGH,VIDEO_RECORDING,2025-11-18T12:04:57.934518
2025-11-18 12:04:57.714436,347,251,HandType.Left,0.7139533162117004,-198.12481689453125,146.7693328857422,13.622747421264648,0.2138833850622177,-0.9518213272094727,0.21974997222423553,-12.221108436584473,5.067511558532715,1.415642499923706,0.33456602692604065,0.24385784566402435,60.911251068115234,0,1,1,1,0,-182.47006225585938,90.30484771728516,20.784191131591797,-151.07203674316406,105.41232299804688,-29.544584274291992,grab,40,2025-11-18T12:04:57.714436,my_hand_data\videos\grab_seq40_20251118_120453_855467.avi,89.70942891685223,360,90,HIGH,VIDEO_RECORDING,2025-11-18T12:04:57.934518
2025-11-18 12:04:57.735719,348,251,HandType.Left,0.7148221135139465,-198.48243713378906,146.8414764404297,13.607728004455566,0.21465858817100525,-0.9518510103225708,0.21886378526687622,-17.838895797729492,3.706130027770996,-1.22611403465271,0.33283838629722595,0.2522164285182953,61.30935287475586,0,1,1,1,0,-182.8512725830078,90.28804016113281,20.78362274169922,-151.366455078125,105.77127075195312,-29.918561935424805,grab,40,2025-11-18T12:04:57.735719,my_hand_data\videos\grab_seq40_20251118_120453_855467.avi,89.70942891685223,360,90,HIGH,VIDEO_RECORDING,2025-11-18T12:04:57.934518
2025-11-18 12:04:57.735719,349,251,HandType.Left,0.7148221135139465,-198.48243713378906,146.8414764404297,13.607728004455566,0.21465858817100525,-0.9518510103225708,0.21886378526687622,-17.838895797729492,3.706130027770996,-1.22611403465271,0.33283838629722595,0.2522164285182953,61.30935287475586,0,1,1,1,0,-182.8512725830078,90.28804016113281,20.78362274169922,-151.366455078125,105.77127075195312,-29.918561935424805,grab,40,2025-11-18T12:04:57.735719,my_hand_data\videos\grab_seq40_20251118_120453_855467.avi,89.70942891685223,360,90,HIGH,VIDEO_RECORDING,2025-11-18T12:04:57.934518
2025-11-18 12:04:57.744323,350,251,HandType.Left,0.7152965664863586,-198.70620727539062,146.89369201660156,13.587934494018555,0.21576550602912903,-0.9515810608863831,0.21894919872283936,-20.10359001159668,4.690366268157959,-1.7781925201416016,0.3326389193534851,0.25587016344070435,61.432212829589844,0,1,1,1,0,-183.03570556640625,90.3027114868164,20.846704483032227,-151.57252502441406,105.93250274658203,-30.001327514648438,grab,40,2025-11-18T12:04:57.744323,my_hand_data\videos\grab_seq40_20251118_120453_855467.avi,89.70942891685223,360,90,HIGH,VIDEO_RECORDING,2025-11-18T12:04:57.934518
2025-11-18 12:04:57.767564,351,251,HandType.Left,0.7154125571250916,-199.17584228515625,147.06820678710938,13.661006927490234,0.21777819097042084,-0.9510382413864136,0.21931461989879608,-20.471479415893555,7.240489482879639,2.977396011352539,0.3318634033203125,0.26448965072631836,61.70172119140625,0,1,1,1,0,-183.4629669189453,90.41993713378906,21.01332664489746,-151.9656524658203,106.32434844970703,-30.17469596862793,grab,40,2025-11-18T12:04:57.767564,my_hand_data\videos\grab_seq40_20251118_120453_855467.avi,89.70942891685223,360,90,HIGH,VIDEO_RECORDING,2025-11-18T12:04:57.934518
2025-11-18 12:04:57.767564,352,251,HandType.Left,0.7154125571250916,-199.17584228515625,147.06820678710938,13.661006927490234,0.21777819097042084,-0.9510382413864136,0.21931461989879608,-20.471479415893555,7.240489482879639,2.977396011352539,0.3318634033203125,0.26448965072631836,61.70172119140625,0,1,1,1,0,-183.4629669189453,90.41993713378906,21.01332664489746,-151.9656524658203,106.32434844970703,-30.17469596862793,grab,40,2025-11-18T12:04:57.767564,my_hand_data\videos\grab_seq40_20251118_120453_855467.avi,89.70942891685223,360,90,HIGH,VIDEO_RECORDING,2025-11-18T12:04:57.934518
2025-11-18 12:04:57.778170,353,251,HandType.Left,0.7154125571250916,-199.17584228515625,147.06820678710938,13.661006927490234,0.21777819097042084,-0.9510382413864136,0.21931461989879608,-20.471479415893555,7.240489482879639,2.977396011352539,0.3318634033203125,0.26448965072631836,61.70172119140625,0,1,1,1,0,-183.4629669189453,90.41993713378906,21.01332664489746,-151.9656524658203,106.32434844970703,-30.17469596862793,grab,40,2025-11-18T12:04:57.778170,my_hand_data\videos\grab_seq40_20251118_120453_855467.avi,89.70942891685223,360,90,HIGH,VIDEO_RECORDING,2025-11-18T12:04:57.934518
2025-11-18 12:04:57.799762,354,251,HandType.Left,0.7153210639953613,-199.52305603027344,147.19679260253906,13.665233612060547,0.21966581046581268,-0.9505590200424194,0.21950969099998474,-15.007560729980469,5.104959487915039,0.9313490390777588,0.3299962878227234,0.26812925934791565,61.78044128417969,0,1,1,1,0,-183.78514099121094,90.48199462890625,21.038572311401367,-152.26123046875,106.5433120727539,-30.274871826171875,grab,40,2025-11-18T12:04:57.799762,my_hand_data\videos\grab_seq40_20251118_120453_855467.avi,89.70942891685223,360,90,HIGH,VIDEO_RECORDING,2025-11-18T12:04:57.934518
2025-11-18 12:04:57.799762,355,251,HandType.Left,0.7153193354606628,-199.69244384765625,147.23667907714844,13.691594123840332,0.22065186500549316,-0.9502653479576111,0.2197919338941574,-15.240890502929688,3.5895779132843018,2.3718247413635254,0.3293030560016632,0.2717645764350891,61.82237243652344,0,1,1,1,0,-183.98255920410156,90.49395751953125,21.06378173828125,-152.36097717285156,106.65259552001953,-30.28219223022461,grab,40,2025-11-18T12:04:57.799762,my_hand_data\videos\grab_seq40_20251118_120453_855467.avi,89.70942891685223,360,90,HIGH,VIDEO_RECORDING,2025-11-18T12:04:57.934518
2025-11-18 12:04:57.815791,356,251,HandType.Left,0.715305507183075,-199.8540496826172,147.28317260742188,13.740062713623047,0.22173398733139038,-0.9499541521072388,0.22004805505275726,-14.39138126373291,4.1396684646606445,4.316344738006592,0.3277862071990967,0.2744825780391693,61.85752487182617,0,1,1,1,0,-184.1366424560547,90.5239486694336,21.11101722717285,-152.46737670898438,106.79396057128906,-30.266679763793945,grab,40,2025-11-18T12:04:57.815791,my_hand_data\videos\grab_seq40_20251118_120453_855467.avi,89.70942891685223,360,90,HIGH,VIDEO_RECORDING,2025-11-18T12:04:57.934518
2025-11-18 12:04:57.831613,357,251,HandType.Left,0.7151907682418823,-199.98060607910156,147.27932739257812,13.802103042602539,0.22282452881336212,-0.9497075080871582,0.22001104056835175,-11.404353141784668,-0.3461006283760071,5.590701103210449,0.3268689811229706,0.2753542363643646,61.88671875,0,1,1,1,0,-184.2545928955078,90.49529266357422,21.173112869262695,-152.57608032226562,106.84516906738281,-30.20651626586914,grab,40,2025-11-18T12:04:57.831613,my_hand_data\videos\grab_seq40_20251118_120453_855467.avi,89.70942891685223,360,90,HIGH,VIDEO_RECORDING,2025-11-18T12:04:57.934518
2025-11-18 12:04:57.836228,358,251,HandType.Left,0.715317964553833,-200.08074951171875,147.2489471435547,13.830760955810547,0.22422316670417786,-0.9493951201438904,0.21993833780288696,-9.050212860107422,-2.744643211364746,2.5897574424743652,0.3263186514377594,0.276716023683548,61.89988327026367,0,1,1,1,0,-184.36314392089844,90.43653106689453,21.199628829956055,-152.67453002929688,106.82572174072266,-30.17076301574707,grab,40,2025-11-18T12:04:57.836228,my_hand_data\videos\grab_seq40_20251118_120453_855467.avi,89.70942891685223,360,90,HIGH,VIDEO_RECORDING,2025-11-18T12:04:57.934518
2025-11-18 12:04:57.847272,359,251,HandType.Left,0.715317964553833,-200.08074951171875,147.2489471435547,13.830760955810547,0.22422316670417786,-0.9493951201438904,0.21993833780288696,-9.050212860107422,-2.744643211364746,2.5897574424743652,0.3263186514377594,0.276716023683548,61.89988327026367,0,1,1,1,0,-184.36314392089844,90.43653106689453,21.199628829956055,-152.67453002929688,106.82572174072266,-30.17076301574707,grab,40,2025-11-18T12:04:57.847272,my_hand_data\videos\grab_seq40_20251118_120453_855467.avi,89.70942891685223,360,90,HIGH,VIDEO_RECORDING,2025-11-18T12:04:57.934518
2025-11-18 12:04:57.863262,360,251,HandType.Left,0.7155460715293884,-200.19020080566406,147.25357055664062,13.868756294250488,0.22558365762233734,-0.9491817951202393,0.21946729719638824,-3.9468681812286377,1.4350101947784424,1.5338172912597656,0.32718387246131897,0.2765856385231018,61.81839370727539,0,1,1,1,0,-184.3320770263672,90.48699188232422,21.17984390258789,-152.78627014160156,106.79241180419922,-30.104984283447266,grab,40,2025-11-18T12:04:57.863262,my_hand_data\videos\grab_seq40_20251118_120453_855467.avi,89.70942891685223,360,90,HIGH,VIDEO_RECORDING,2025-11-18T12:04:57.934518
