timestamp,frame_id,hand_id,hand_type,confidence,palm_x,palm_y,palm_z,palm_normal_x,palm_normal_y,palm_normal_z,palm_velocity_x,palm_velocity_y,palm_velocity_z,grab_strength,pinch_strength,pinch_distance,thumb_extended,index_extended,middle_extended,ring_extended,pinky_extended,thumb_tip_x,thumb_tip_y,thumb_tip_z,index_tip_x,index_tip_y,index_tip_z,gesture_type,sequence_id,recording_timestamp,video_file_path,performance_actual_fps,performance_total_frames,performance_target_fps,performance_quality,performance_mode,video_recording_time
2025-11-18 12:00:39.132086,1,244,HandType.Right,0.7903938293457031,140.47525024414062,178.38385009765625,-109.22469329833984,-0.9912990927696228,-0.13147976994514465,-0.006260366644710302,-13.35088062286377,-24.973054885864258,-6.428987979888916,0.0,0.0,67.77438354492188,1,1,1,1,1,98.33604431152344,233.93267822265625,-99.71522521972656,101.74624633789062,205.1897430419922,-172.99090576171875,grab,28,2025-11-18T12:00:39.132086,my_hand_data\videos\grab_seq28_20251118_120039_112579.avi,89.51653239797636,360,90,HIGH,VIDEO_RECORDING,2025-11-18T12:00:43.203794
2025-11-18 12:00:39.141573,2,244,HandType.Right,0.7903938293457031,140.47525024414062,178.38385009765625,-109.22469329833984,-0.9912990927696228,-0.13147976994514465,-0.006260366644710302,-13.35088062286377,-24.973054885864258,-6.428987979888916,0.0,0.0,67.77438354492188,1,1,1,1,1,98.33604431152344,233.93267822265625,-99.71522521972656,101.74624633789062,205.1897430419922,-172.99090576171875,grab,28,2025-11-18T12:00:39.141573,my_hand_data\videos\grab_seq28_20251118_120039_112579.avi,89.51653239797636,360,90,HIGH,VIDEO_RECORDING,2025-11-18T12:00:43.203794
2025-11-18 12:00:39.148110,3,244,HandType.Right,0.7907126545906067,140.280029296875,178.11154174804688,-109.328369140625,-0.9913045763969421,-0.131543830037117,-0.003377916058525443,-17.60392189025879,-24.55525016784668,-9.349014282226562,0.0,0.0,67.89022064208984,1,1,1,1,1,97.67576599121094,233.32177734375,-99.63919830322266,101.46222686767578,204.9774169921875,-173.09608459472656,grab,28,2025-11-18T12:00:39.148110,my_hand_data\videos\grab_seq28_20251118_120039_112579.avi,89.51653239797636,360,90,HIGH,VIDEO_RECORDING,2025-11-18T12:00:43.203794
2025-11-18 12:00:39.163958,4,244,HandType.Right,0.7913256883621216,140.1214141845703,177.89402770996094,-109.46924591064453,-0.9913718104362488,-0.13107731938362122,0.000790731399320066,-14.390905380249023,-19.734268188476562,-12.781143188476562,0.0,0.0,67.98074340820312,1,1,1,1,1,96.85125732421875,232.68023681640625,-99.64743041992188,101.10971069335938,204.81317138671875,-173.1861572265625,grab,28,2025-11-18T12:00:39.163958,my_hand_data\videos\grab_seq28_20251118_120039_112579.avi,89.51653239797636,360,90,HIGH,VIDEO_RECORDING,2025-11-18T12:00:43.203794
2025-11-18 12:00:39.169030,5,244,HandType.Right,0.7916001081466675,140.01361083984375,177.71705627441406,-109.61032104492188,-0.9914956092834473,-0.13002163171768188,0.005547637585550547,-9.798830032348633,-16.086761474609375,-12.823481559753418,0.0,0.0,68.07632446289062,1,1,1,1,1,95.95748901367188,232.21913146972656,-99.7021255493164,100.7279052734375,204.63829040527344,-173.11163330078125,grab,28,2025-11-18T12:00:39.171045,my_hand_data\videos\grab_seq28_20251118_120039_112579.avi,89.51653239797636,360,90,HIGH,VIDEO_RECORDING,2025-11-18T12:00:43.203794
2025-11-18 12:00:39.196422,6,244,HandType.Right,0.7909731864929199,139.62901306152344,177.06381225585938,-109.75707244873047,-0.9915554523468018,-0.128116175532341,0.02010173164308071,-14.927245140075684,-17.305959701538086,-5.168448448181152,0.0,0.0,68.39289855957031,1,1,1,1,1,92.2466049194336,229.0303497314453,-99.36068725585938,99.61797332763672,204.21791076660156,-172.18426513671875,grab,28,2025-11-18T12:00:39.196422,my_hand_data\videos\grab_seq28_20251118_120039_112579.avi,89.51653239797636,360,90,HIGH,VIDEO_RECORDING,2025-11-18T12:00:43.203794
2025-11-18 12:00:39.200440,7,244,HandType.Right,0.7909731864929199,139.62901306152344,177.06381225585938,-109.75707244873047,-0.9915554523468018,-0.128116175532341,0.02010173164308071,-14.927245140075684,-17.305959701538086,-5.168448448181152,0.0,0.0,68.39289855957031,1,1,1,1,1,92.2466049194336,229.0303497314453,-99.36068725585938,99.61797332763672,204.21791076660156,-172.18426513671875,grab,28,2025-11-18T12:00:39.200440,my_hand_data\videos\grab_seq28_20251118_120039_112579.avi,89.51653239797636,360,90,HIGH,VIDEO_RECORDING,2025-11-18T12:00:43.203794
2025-11-18 12:00:39.202450,8,244,HandType.Right,0.7909731864929199,139.62901306152344,177.06381225585938,-109.75707244873047,-0.9915554523468018,-0.128116175532341,0.02010173164308071,-14.927245140075684,-17.305959701538086,-5.168448448181152,0.0,0.0,68.39289855957031,1,1,1,1,1,92.2466049194336,229.0303497314453,-99.36068725585938,99.61797332763672,204.21791076660156,-172.18426513671875,grab,28,2025-11-18T12:00:39.202450,my_hand_data\videos\grab_seq28_20251118_120039_112579.avi,89.51653239797636,360,90,HIGH,VIDEO_RECORDING,2025-11-18T12:00:43.203794
2025-11-18 12:00:39.216529,9,244,HandType.Right,0.7904950380325317,139.46493530273438,176.86212158203125,-109.8278579711914,-0.9915741086006165,-0.1269330084323883,0.02586190588772297,-14.838303565979004,-18.241477966308594,-6.401588439941406,0.0,0.0,68.57490539550781,1,1,1,1,1,91.12337493896484,227.75450134277344,-99.0186538696289,99.45561218261719,204.44363403320312,-172.0601043701172,grab,28,2025-11-18T12:00:39.216529,my_hand_data\videos\grab_seq28_20251118_120039_112579.avi,89.51653239797636,360,90,HIGH,VIDEO_RECORDING,2025-11-18T12:00:43.203794
2025-11-18 12:00:39.227545,10,244,HandType.Right,0.7899338006973267,139.26565551757812,176.65582275390625,-109.9447250366211,-0.9914805889129639,-0.12639732658863068,0.03146381676197052,-17.795299530029297,-18.420122146606445,-10.435741424560547,0.0,0.0,68.83951568603516,1,1,1,1,1,90.0335464477539,226.7041473388672,-98.7118911743164,99.2405014038086,204.41786193847656,-171.9622039794922,grab,28,2025-11-18T12:00:39.227545,my_hand_data\videos\grab_seq28_20251118_120039_112579.avi,89.51653239797636,360,90,HIGH,VIDEO_RECORDING,2025-11-18T12:00:43.203794
2025-11-18 12:00:39.243143,11,244,HandType.Right,0.7896822094917297,138.6869354248047,176.02047729492188,-109.95313262939453,-0.9909799098968506,-0.12735415995121002,0.04170965775847435,-32.00090026855469,-35.15867614746094,0.8991796970367432,0.0,0.0,69.26432800292969,1,1,1,1,1,87.78621673583984,225.02127075195312,-98.21353149414062,98.59140014648438,204.04685974121094,-171.94894409179688,grab,28,2025-11-18T12:00:39.243143,my_hand_data\videos\grab_seq28_20251118_120039_112579.avi,89.51653239797636,360,90,HIGH,VIDEO_RECORDING,2025-11-18T12:00:43.203794
2025-11-18 12:00:39.248812,12,244,HandType.Right,0.7896822094917297,138.6869354248047,176.02047729492188,-109.95313262939453,-0.9909799098968506,-0.12735415995121002,0.04170965775847435,-32.00090026855469,-35.15867614746094,0.8991796970367432,0.0,0.0,69.26432800292969,1,1,1,1,1,87.78621673583984,225.02127075195312,-98.21353149414062,98.59140014648438,204.04685974121094,-171.94894409179688,grab,28,2025-11-18T12:00:39.248812,my_hand_data\videos\grab_seq28_20251118_120039_112579.avi,89.51653239797636,360,90,HIGH,VIDEO_RECORDING,2025-11-18T12:00:43.203794
2025-11-18 12:00:39.275091,13,244,HandType.Right,0.787717878818512,137.6114959716797,175.01028442382812,-109.95043182373047,-0.9892528653144836,-0.13341182470321655,0.05983405187726021,-36.614742279052734,-33.066619873046875,-0.39583808183670044,0.0,0.0,69.86679077148438,1,1,1,1,1,83.83556365966797,221.3682403564453,-97.08000183105469,96.89888763427734,203.12240600585938,-171.6774139404297,grab,28,2025-11-18T12:00:39.275091,my_hand_data\videos\grab_seq28_20251118_120039_112579.avi,89.51653239797636,360,90,HIGH,VIDEO_RECORDING,2025-11-18T12:00:43.203794
2025-11-18 12:00:39.281125,14,244,HandType.Right,0.787717878818512,137.6114959716797,175.01028442382812,-109.95043182373047,-0.9892528653144836,-0.13341182470321655,0.05983405187726021,-36.614742279052734,-33.066619873046875,-0.39583808183670044,0.0,0.0,69.86679077148438,1,1,1,1,1,83.83556365966797,221.3682403564453,-97.08000183105469,96.89888763427734,203.12240600585938,-171.6774139404297,grab,28,2025-11-18T12:00:39.281125,my_hand_data\videos\grab_seq28_20251118_120039_112579.avi,89.51653239797636,360,90,HIGH,VIDEO_RECORDING,2025-11-18T12:00:43.203794
2025-11-18 12:00:39.287165,15,244,HandType.Right,0.7872914671897888,137.07696533203125,174.5308837890625,-109.89801788330078,-0.9883255958557129,-0.13722221553325653,0.06620077043771744,-51.392372131347656,-46.09188461303711,5.0396904945373535,0.0,0.0,70.13459777832031,1,1,1,1,1,82.59536743164062,220.16018676757812,-96.6142349243164,96.37847900390625,203.01402282714844,-171.7167205810547,grab,28,2025-11-18T12:00:39.287165,my_hand_data\videos\grab_seq28_20251118_120039_112579.avi,89.51653239797636,360,90,HIGH,VIDEO_RECORDING,2025-11-18T12:00:43.203794
2025-11-18 12:00:39.293764,16,244,HandType.Right,0.7872914671897888,137.07696533203125,174.5308837890625,-109.89801788330078,-0.9883255958557129,-0.13722221553325653,0.06620077043771744,-51.392372131347656,-46.09188461303711,5.0396904945373535,0.0,0.0,70.13459777832031,1,1,1,1,1,82.59536743164062,220.16018676757812,-96.6142349243164,96.37847900390625,203.01402282714844,-171.7167205810547,grab,28,2025-11-18T12:00:39.293764,my_hand_data\videos\grab_seq28_20251118_120039_112579.avi,89.51653239797636,360,90,HIGH,VIDEO_RECORDING,2025-11-18T12:00:43.203794
2025-11-18 12:00:39.306994,17,244,HandType.Right,0.7872044444084167,136.60946655273438,174.18624877929688,-109.89806365966797,-0.9871361255645752,-0.14188556373119354,0.07369405031204224,-41.35677719116211,-30.487443923950195,-0.004368571098893881,0.0,0.0,70.40396118164062,1,1,1,1,1,81.29138946533203,219.14962768554688,-96.20060729980469,95.94650268554688,203.04180908203125,-171.78846740722656,grab,28,2025-11-18T12:00:39.306994,my_hand_data\videos\grab_seq28_20251118_120039_112579.avi,89.51653239797636,360,90,HIGH,VIDEO_RECORDING,2025-11-18T12:00:43.203794
2025-11-18 12:00:39.313573,18,244,HandType.Right,0.7863819599151611,136.15853881835938,173.8682098388672,-109.9059829711914,-0.9855352640151978,-0.1486366242170334,0.08140908181667328,-40.10699462890625,-28.28806495666504,-0.703999936580658,0.0,0.0,70.67420959472656,1,1,1,1,1,79.99515533447266,217.8533935546875,-95.72948455810547,95.44036865234375,202.9483642578125,-171.84666442871094,grab,28,2025-11-18T12:00:39.313573,my_hand_data\videos\grab_seq28_20251118_120039_112579.avi,89.51653239797636,360,90,HIGH,VIDEO_RECORDING,2025-11-18T12:00:43.203794
2025-11-18 12:00:39.338680,19,244,HandType.Right,0.7876054644584656,134.74636840820312,172.65480041503906,-109.99199676513672,-0.982527494430542,-0.15715292096138,0.0997130498290062,-63.51341247558594,-53.29444885253906,-8.293912887573242,0.0,0.0,71.21652221679688,1,1,1,1,1,77.00084686279297,215.30398559570312,-94.81208801269531,93.62490844726562,202.08607482910156,-172.1029815673828,grab,28,2025-11-18T12:00:39.338680,my_hand_data\videos\grab_seq28_20251118_120039_112579.avi,89.51653239797636,360,90,HIGH,VIDEO_RECORDING,2025-11-18T12:00:43.203794
2025-11-18 12:00:39.338680,20,244,HandType.Right,0.7890799045562744,133.9170684814453,171.95355224609375,-110.15833282470703,-0.9807302355766296,-0.16135726869106293,0.11014577001333237,-78.52582550048828,-66.40054321289062,-15.749897956848145,0.0,0.0,71.67240142822266,1,1,1,1,1,75.25237274169922,213.1992950439453,-94.14169311523438,92.4394760131836,201.44912719726562,-172.32583618164062,grab,28,2025-11-18T12:00:39.338680,my_hand_data\videos\grab_seq28_20251118_120039_112579.avi,89.51653239797636,360,90,HIGH,VIDEO_RECORDING,2025-11-18T12:00:43.203794
2025-11-18 12:00:39.338680,21,244,HandType.Right,0.7890799045562744,133.9170684814453,171.95355224609375,-110.15833282470703,-0.9807302355766296,-0.16135726869106293,0.11014577001333237,-78.52582550048828,-66.40054321289062,-15.749897956848145,0.0,0.0,71.67240142822266,1,1,1,1,1,75.25237274169922,213.1992950439453,-94.14169311523438,92.4394760131836,201.44912719726562,-172.32583618164062,grab,28,2025-11-18T12:00:39.338680,my_hand_data\videos\grab_seq28_20251118_120039_112579.avi,89.51653239797636,360,90,HIGH,VIDEO_RECORDING,2025-11-18T12:00:43.203794
2025-11-18 12:00:39.370473,22,244,HandType.Right,0.7878905534744263,132.2532196044922,170.8026885986328,-110.44863891601562,-0.9758203625679016,-0.17840726673603058,0.12627528607845306,-79.13153839111328,-49.89875030517578,-8.394794464111328,0.0,0.0,72.37454223632812,1,1,1,1,1,72.05731201171875,210.1585235595703,-93.27460479736328,90.46761322021484,199.96092224121094,-172.80882263183594,grab,28,2025-11-18T12:00:39.370473,my_hand_data\videos\grab_seq28_20251118_120039_112579.avi,89.51653239797636,360,90,HIGH,VIDEO_RECORDING,2025-11-18T12:00:43.203794
2025-11-18 12:00:39.376502,23,244,HandType.Right,0.7875381112098694,131.51873779296875,170.37184143066406,-110.61338806152344,-0.9733003377914429,-0.18594306707382202,0.13457930088043213,-68.88115692138672,-40.407108306884766,-15.451024055480957,0.0,0.0,72.61032104492188,1,1,1,1,1,70.70219421386719,208.7710723876953,-92.88568115234375,89.33111572265625,198.96072387695312,-173.07388305664062,grab,28,2025-11-18T12:00:39.376502,my_hand_data\videos\grab_seq28_20251118_120039_112579.avi,89.51653239797636,360,90,HIGH,VIDEO_RECORDING,2025-11-18T12:00:43.203794
2025-11-18 12:00:39.376502,24,244,HandType.Right,0.7875381112098694,131.51873779296875,170.37184143066406,-110.61338806152344,-0.9733003377914429,-0.18594306707382202,0.13457930088043213,-68.88115692138672,-40.407108306884766,-15.451024055480957,0.0,0.0,72.61032104492188,1,1,1,1,1,70.70219421386719,208.7710723876953,-92.88568115234375,89.33111572265625,198.96072387695312,-173.07388305664062,grab,28,2025-11-18T12:00:39.376502,my_hand_data\videos\grab_seq28_20251118_120039_112579.avi,89.51653239797636,360,90,HIGH,VIDEO_RECORDING,2025-11-18T12:00:43.203794
2025-11-18 12:00:39.402030,25,244,HandType.Right,0.78570157289505,130.04837036132812,169.39874267578125,-110.91064453125,-0.9693015813827515,-0.1984076052904129,0.1452200561761856,-67.44207763671875,-46.87447738647461,-10.561003684997559,0.0,0.0,73.31230926513672,1,1,1,1,1,68.04084014892578,206.55813598632812,-91.98283386230469,87.58951568603516,197.65928649902344,-173.80255126953125,grab,28,2025-11-18T12:00:39.402030,my_hand_data\videos\grab_seq28_20251118_120039_112579.avi,89.51653239797636,360,90,HIGH,VIDEO_RECORDING,2025-11-18T12:00:43.203794
2025-11-18 12:00:39.407580,26,244,HandType.Right,0.7855395674705505,129.2957305908203,168.87188720703125,-111.06755065917969,-0.967438817024231,-0.20389269292354584,0.14996622502803802,-69.43275451660156,-48.60270309448242,-14.474870681762695,0.0,0.0,73.69049835205078,1,1,1,1,1,66.80738830566406,205.72019958496094,-91.52033996582031,86.80519104003906,197.1157989501953,-174.2056121826172,grab,28,2025-11-18T12:00:39.407580,my_hand_data\videos\grab_seq28_20251118_120039_112579.avi,89.51653239797636,360,90,HIGH,VIDEO_RECORDING,2025-11-18T12:00:43.203794
2025-11-18 12:00:39.416605,27,244,HandType.Right,0.7855395674705505,129.2957305908203,168.87188720703125,-111.06755065917969,-0.967438817024231,-0.20389269292354584,0.14996622502803802,-69.43275451660156,-48.60270309448242,-14.474870681762695,0.0,0.0,73.69049835205078,1,1,1,1,1,66.80738830566406,205.72019958496094,-91.52033996582031,86.80519104003906,197.1157989501953,-174.2056121826172,grab,28,2025-11-18T12:00:39.416605,my_hand_data\videos\grab_seq28_20251118_120039_112579.avi,89.51653239797636,360,90,HIGH,VIDEO_RECORDING,2025-11-18T12:00:43.203794
2025-11-18 12:00:39.434539,28,244,HandType.Right,0.7827858328819275,127.41706848144531,167.71066284179688,-111.5459976196289,-0.9627168774604797,-0.21366183459758759,0.1659061163663864,-84.466064453125,-50.183204650878906,-22.000654220581055,0.0,0.0,74.31103515625,1,1,1,1,1,64.45903015136719,204.59365844726562,-90.6649398803711,84.85384368896484,195.7223358154297,-175.09132385253906,grab,28,2025-11-18T12:00:39.434539,my_hand_data\videos\grab_seq28_20251118_120039_112579.avi,89.51653239797636,360,90,HIGH,VIDEO_RECORDING,2025-11-18T12:00:43.203794
2025-11-18 12:00:39.442395,29,244,HandType.Right,0.7809778451919556,126.52340698242188,167.29371643066406,-111.84873962402344,-0.9606573581695557,-0.2181377410888672,0.1719110757112503,-79.06416320800781,-36.88772964477539,-26.78424835205078,0.0,0.0,74.44009399414062,1,1,1,1,1,63.41757583618164,204.12794494628906,-90.60643768310547,83.87016296386719,195.18914794921875,-175.49545288085938,grab,28,2025-11-18T12:00:39.442395,my_hand_data\videos\grab_seq28_20251118_120039_112579.avi,89.51653239797636,360,90,HIGH,VIDEO_RECORDING,2025-11-18T12:00:43.203794
2025-11-18 12:00:39.446934,30,244,HandType.Right,0.7809778451919556,126.52340698242188,167.29371643066406,-111.84873962402344,-0.9606573581695557,-0.2181377410888672,0.1719110757112503,-79.06416320800781,-36.88772964477539,-26.78424835205078,0.0,0.0,74.44009399414062,1,1,1,1,1,63.41757583618164,204.12794494628906,-90.60643768310547,83.87016296386719,195.18914794921875,-175.49545288085938,grab,28,2025-11-18T12:00:39.446934,my_hand_data\videos\grab_seq28_20251118_120039_112579.avi,89.51653239797636,360,90,HIGH,VIDEO_RECORDING,2025-11-18T12:00:43.203794
2025-11-18 12:00:39.465703,31,244,HandType.Right,0.7774972319602966,125.03331756591797,166.5475311279297,-112.44197845458984,-0.9570395350456238,-0.22675345838069916,0.18071584403514862,-65.17576599121094,-31.033845901489258,-29.68922996520996,0.0,0.0,74.6604995727539,1,1,1,1,1,61.66315841674805,203.16314697265625,-90.4380874633789,81.9992446899414,193.85838317871094,-176.2132110595703,grab,28,2025-11-18T12:00:39.465703,my_hand_data\videos\grab_seq28_20251118_120039_112579.avi,89.51653239797636,360,90,HIGH,VIDEO_RECORDING,2025-11-18T12:00:43.203794
2025-11-18 12:00:39.471489,32,244,HandType.Right,0.7774972319602966,125.03331756591797,166.5475311279297,-112.44197845458984,-0.9570395350456238,-0.22675345838069916,0.18071584403514862,-65.17576599121094,-31.033845901489258,-29.68922996520996,0.0,0.0,74.6604995727539,1,1,1,1,1,61.66315841674805,203.16314697265625,-90.4380874633789,81.9992446899414,193.85838317871094,-176.2132110595703,grab,28,2025-11-18T12:00:39.471489,my_hand_data\videos\grab_seq28_20251118_120039_112579.avi,89.51653239797636,360,90,HIGH,VIDEO_RECORDING,2025-11-18T12:00:43.203794
2025-11-18 12:00:39.481532,33,244,HandType.Right,0.7750574350357056,124.30265808105469,166.12181091308594,-112.75917053222656,-0.9552993178367615,-0.22941796481609344,0.18646882474422455,-66.6964111328125,-38.86082077026367,-28.953453063964844,0.0,0.0,74.88087463378906,1,1,1,1,1,60.68537521362305,202.41824340820312,-90.2468490600586,81.11925506591797,193.27548217773438,-176.5467529296875,grab,28,2025-11-18T12:00:39.481532,my_hand_data\videos\grab_seq28_20251118_120039_112579.avi,89.51653239797636,360,90,HIGH,VIDEO_RECORDING,2025-11-18T12:00:43.203794
2025-11-18 12:00:39.497482,34,244,HandType.Right,0.7720975875854492,123.59068298339844,165.6981964111328,-113.13087463378906,-0.9535107016563416,-0.23222950100898743,0.19205936789512634,-63.70035934448242,-37.90010452270508,-33.256797790527344,0.0,0.0,75.21295928955078,1,1,1,1,1,59.75517654418945,201.71884155273438,-89.9505615234375,80.3323974609375,192.86676025390625,-176.95025634765625,grab,28,2025-11-18T12:00:39.497482,my_hand_data\videos\grab_seq28_20251118_120039_112579.avi,89.51653239797636,360,90,HIGH,VIDEO_RECORDING,2025-11-18T12:00:43.203794
2025-11-18 12:00:39.503171,35,244,HandType.Right,0.7703700661659241,122.73726654052734,165.29827880859375,-113.51484680175781,-0.9511481523513794,-0.23731198906898499,0.19748468697071075,-77.47749328613281,-36.30575942993164,-34.8588752746582,0.0,0.0,75.53993225097656,1,1,1,1,1,58.46555709838867,200.6901397705078,-89.75446319580078,79.22599029541016,192.11785888671875,-177.3141632080078,grab,28,2025-11-18T12:00:39.503171,my_hand_data\videos\grab_seq28_20251118_120039_112579.avi,89.51653239797636,360,90,HIGH,VIDEO_RECORDING,2025-11-18T12:00:43.203794
2025-11-18 12:00:39.528918,36,244,HandType.Right,0.7675091624259949,121.13594055175781,164.59307861328125,-114.1750259399414,-0.9460382461547852,-0.2503929138183594,0.2057061493396759,-76.43157958984375,-33.60402297973633,-27.372560501098633,0.0,0.0,76.094482421875,1,1,1,1,1,55.92428207397461,198.838134765625,-89.27765655517578,77.24624633789062,191.37091064453125,-177.9420623779297,grab,28,2025-11-18T12:00:39.528918,my_hand_data\videos\grab_seq28_20251118_120039_112579.avi,89.51653239797636,360,90,HIGH,VIDEO_RECORDING,2025-11-18T12:00:43.203794
2025-11-18 12:00:39.535232,37,244,HandType.Right,0.7664850354194641,120.26434326171875,164.28245544433594,-114.55218505859375,-0.9433739185333252,-0.25813648104667664,0.20835350453853607,-79.24339294433594,-28.24017906188965,-34.29047775268555,0.0,0.0,76.1567153930664,1,1,1,1,1,54.82907485961914,198.36978149414062,-89.18018341064453,75.79572296142578,190.89825439453125,-178.10362243652344,grab,28,2025-11-18T12:00:39.535232,my_hand_data\videos\grab_seq28_20251118_120039_112579.avi,89.51653239797636,360,90,HIGH,VIDEO_RECORDING,2025-11-18T12:00:43.203794
2025-11-18 12:00:39.545045,38,244,HandType.Right,0.7669646143913269,119.42892456054688,164.0345001220703,-115.01068878173828,-0.9406514763832092,-0.2655053734779358,0.21138057112693787,-76.06455993652344,-22.576332092285156,-41.746177673339844,0.0,0.0,76.17817687988281,1,1,1,1,1,53.64657974243164,197.8569793701172,-89.12401580810547,74.16290283203125,190.38540649414062,-178.24986267089844,grab,28,2025-11-18T12:00:39.545045,my_hand_data\videos\grab_seq28_20251118_120039_112579.avi,89.51653239797636,360,90,HIGH,VIDEO_RECORDING,2025-11-18T12:00:43.203794
2025-11-18 12:00:39.550428,39,244,HandType.Right,0.7669646143913269,119.42892456054688,164.0345001220703,-115.01068878173828,-0.9406514763832092,-0.2655053734779358,0.21138057112693787,-76.06455993652344,-22.576332092285156,-41.746177673339844,0.0,0.0,76.17817687988281,1,1,1,1,1,53.64657974243164,197.8569793701172,-89.12401580810547,74.16290283203125,190.38540649414062,-178.24986267089844,grab,28,2025-11-18T12:00:39.550428,my_hand_data\videos\grab_seq28_20251118_120039_112579.avi,89.51653239797636,360,90,HIGH,VIDEO_RECORDING,2025-11-18T12:00:43.203794
2025-11-18 12:00:39.560477,40,244,HandType.Right,0.7664440870285034,118.49108123779297,163.81375122070312,-115.38709259033203,-0.9373636245727539,-0.27360260486602783,0.21561789512634277,-80.19849395751953,-18.8779354095459,-32.18788528442383,0.0,0.0,76.13156127929688,0,1,1,1,1,52.531436920166016,197.3899383544922,-89.02994537353516,72.52039337158203,189.63763427734375,-178.3931427001953,grab,28,2025-11-18T12:00:39.560477,my_hand_data\videos\grab_seq28_20251118_120039_112579.avi,89.51653239797636,360,90,HIGH,VIDEO_RECORDING,2025-11-18T12:00:43.203794
2025-11-18 12:00:39.576481,41,244,HandType.Right,0.7645589113235474,116.54911804199219,163.46197509765625,-116.1689453125,-0.9314813017845154,-0.28812146186828613,0.22210055589675903,-87.2398910522461,-14.0963773727417,-34.51482391357422,0.0,0.0,76.07400512695312,0,1,1,1,1,50.22499084472656,196.3314208984375,-89.04856872558594,69.45414733886719,188.28604125976562,-178.7401580810547,grab,28,2025-11-18T12:00:39.576481,my_hand_data\videos\grab_seq28_20251118_120039_112579.avi,89.51653239797636,360,90,HIGH,VIDEO_RECORDING,2025-11-18T12:00:43.203794
2025-11-18 12:00:39.576481,42,244,HandType.Right,0.7645589113235474,116.54911804199219,163.46197509765625,-116.1689453125,-0.9314813017845154,-0.28812146186828613,0.22210055589675903,-87.2398910522461,-14.0963773727417,-34.51482391357422,0.0,0.0,76.07400512695312,0,1,1,1,1,50.22499084472656,196.3314208984375,-89.04856872558594,69.45414733886719,188.28604125976562,-178.7401580810547,grab,28,2025-11-18T12:00:39.576481,my_hand_data\videos\grab_seq28_20251118_120039_112579.avi,89.51653239797636,360,90,HIGH,VIDEO_RECORDING,2025-11-18T12:00:43.203794
2025-11-18 12:00:39.607775,43,244,HandType.Right,0.7649556398391724,113.26931762695312,162.9377899169922,-117.42890167236328,-0.9216762781143188,-0.3087041676044464,0.23497790098190308,-98.73074340820312,-12.476704597473145,-35.31268310546875,0.0,0.0,75.42049407958984,1,1,1,1,1,46.7963981628418,194.77227783203125,-89.2485580444336,62.90596008300781,185.828369140625,-178.679443359375,grab,28,2025-11-18T12:00:39.607775,my_hand_data\videos\grab_seq28_20251118_120039_112579.avi,89.51653239797636,360,90,HIGH,VIDEO_RECORDING,2025-11-18T12:00:43.203794
2025-11-18 12:00:39.613551,44,244,HandType.Right,0.7649556398391724,113.26931762695312,162.9377899169922,-117.42890167236328,-0.9216762781143188,-0.3087041676044464,0.23497790098190308,-98.73074340820312,-12.476704597473145,-35.31268310546875,0.0,0.0,75.42049407958984,1,1,1,1,1,46.7963981628418,194.77227783203125,-89.2485580444336,62.90596008300781,185.828369140625,-178.679443359375,grab,28,2025-11-18T12:00:39.613551,my_hand_data\videos\grab_seq28_20251118_120039_112579.avi,89.51653239797636,360,90,HIGH,VIDEO_RECORDING,2025-11-18T12:00:43.203794
2025-11-18 12:00:39.618809,45,244,HandType.Right,0.7649556398391724,113.26931762695312,162.9377899169922,-117.42890167236328,-0.9216762781143188,-0.3087041676044464,0.23497790098190308,-98.73074340820312,-12.476704597473145,-35.31268310546875,0.0,0.0,75.42049407958984,1,1,1,1,1,46.7963981628418,194.77227783203125,-89.2485580444336,62.90596008300781,185.828369140625,-178.679443359375,grab,28,2025-11-18T12:00:39.618809,my_hand_data\videos\grab_seq28_20251118_120039_112579.avi,89.51653239797636,360,90,HIGH,VIDEO_RECORDING,2025-11-18T12:00:43.203794
2025-11-18 12:00:39.623792,46,244,HandType.Right,0.7660586833953857,112.10442352294922,162.85867309570312,-117.82360076904297,-0.9189340472221375,-0.3142676055431366,0.2383192926645279,-104.69120788574219,-7.110509872436523,-35.47199630737305,0.0,0.0,75.14637756347656,1,1,1,1,1,45.54216003417969,194.43719482421875,-89.39480590820312,60.717899322509766,185.08544921875,-178.40354919433594,grab,28,2025-11-18T12:00:39.623792,my_hand_data\videos\grab_seq28_20251118_120039_112579.avi,89.51653239797636,360,90,HIGH,VIDEO_RECORDING,2025-11-18T12:00:43.203794
2025-11-18 12:00:39.639678,47,244,HandType.Right,0.7667208909988403,110.78857421875,162.72842407226562,-118.25851440429688,-0.9153579473495483,-0.32122114300727844,0.2427690178155899,-120.13573455810547,-11.89206600189209,-39.70737075805664,0.0,0.0,74.84467315673828,1,1,1,1,1,44.19511413574219,193.81507873535156,-89.5227279663086,58.47983169555664,184.7413330078125,-178.3300018310547,grab,28,2025-11-18T12:00:39.639678,my_hand_data\videos\grab_seq28_20251118_120039_112579.avi,89.51653239797636,360,90,HIGH,VIDEO_RECORDING,2025-11-18T12:00:43.203794
2025-11-18 12:00:39.655337,48,244,HandType.Right,0.7682257890701294,107.89740753173828,162.51234436035156,-118.86767578125,-0.9083030223846436,-0.33307889103889465,0.25306931138038635,-134.27883911132812,-10.251060485839844,-24.66254425048828,0.0,0.0,74.25589752197266,1,1,1,1,1,40.942745208740234,191.95779418945312,-89.40127563476562,53.55886459350586,183.5247039794922,-177.43756103515625,grab,28,2025-11-18T12:00:39.655337,my_hand_data\videos\grab_seq28_20251118_120039_112579.avi,89.51653239797636,360,90,HIGH,VIDEO_RECORDING,2025-11-18T12:00:43.203794
2025-11-18 12:00:39.659369,49,244,HandType.Right,0.7682257890701294,107.89740753173828,162.51234436035156,-118.86767578125,-0.9083030223846436,-0.33307889103889465,0.25306931138038635,-134.27883911132812,-10.251060485839844,-24.66254425048828,0.0,0.0,74.25589752197266,1,1,1,1,1,40.942745208740234,191.95779418945312,-89.40127563476562,53.55886459350586,183.5247039794922,-177.43756103515625,grab,28,2025-11-18T12:00:39.659369,my_hand_data\videos\grab_seq28_20251118_120039_112579.avi,89.51653239797636,360,90,HIGH,VIDEO_RECORDING,2025-11-18T12:00:43.203794
2025-11-18 12:00:39.667439,50,244,HandType.Right,0.7691553831100464,106.40042877197266,162.47775268554688,-119.12046813964844,-0.9042550921440125,-0.33956795930862427,0.2588751018047333,-132.5811767578125,-3.063938617706299,-22.388517379760742,0.0,0.0,73.83683013916016,1,1,1,1,1,39.20848083496094,191.1041259765625,-89.4626235961914,50.88846969604492,182.79881286621094,-176.74708557128906,grab,28,2025-11-18T12:00:39.669449,my_hand_data\videos\grab_seq28_20251118_120039_112579.avi,89.51653239797636,360,90,HIGH,VIDEO_RECORDING,2025-11-18T12:00:43.203794
2025-11-18 12:00:39.686676,51,244,HandType.Right,0.7695409655570984,103.33238220214844,162.39752197265625,-119.5418701171875,-0.8977009057998657,-0.348220556974411,0.26995471119880676,-145.75210571289062,-7.86798620223999,-17.091156005859375,0.0,0.0,73.0527114868164,1,1,1,1,1,36.057403564453125,189.91000366210938,-89.53033447265625,46.01609802246094,181.54766845703125,-175.51675415039062,grab,28,2025-11-18T12:00:39.686676,my_hand_data\videos\grab_seq28_20251118_120039_112579.avi,89.51653239797636,360,90,HIGH,VIDEO_RECORDING,2025-11-18T12:00:43.203794
2025-11-18 12:00:39.693909,52,244,HandType.Right,0.7695409655570984,103.33238220214844,162.39752197265625,-119.5418701171875,-0.8977009057998657,-0.348220556974411,0.26995471119880676,-145.75210571289062,-7.86798620223999,-17.091156005859375,0.0,0.0,73.0527114868164,1,1,1,1,1,36.057403564453125,189.91000366210938,-89.53033447265625,46.01609802246094,181.54766845703125,-175.51675415039062,grab,28,2025-11-18T12:00:39.693909,my_hand_data\videos\grab_seq28_20251118_120039_112579.avi,89.51653239797636,360,90,HIGH,VIDEO_RECORDING,2025-11-18T12:00:43.203794
2025-11-18 12:00:39.702773,53,244,HandType.Right,0.7691463828086853,101.71907043457031,162.2425994873047,-119.73658752441406,-0.8941558003425598,-0.35127413272857666,0.27765414118766785,-133.98516845703125,-12.866495132446289,-16.170923233032227,0.0,0.0,72.66893768310547,1,1,1,1,1,34.56336975097656,189.52162170410156,-89.52887725830078,43.571449279785156,180.96998596191406,-174.92971801757812,grab,28,2025-11-18T12:00:39.702773,my_hand_data\videos\grab_seq28_20251118_120039_112579.avi,89.51653239797636,360,90,HIGH,VIDEO_RECORDING,2025-11-18T12:00:43.203794
2025-11-18 12:00:39.718953,54,244,HandType.Right,0.7660061120986938,98.8458480834961,162.14512634277344,-119.9669418334961,-0.8867974281311035,-0.3582626283168793,0.29195576906204224,-125.66324615478516,-4.66688871383667,-6.222203254699707,0.0,0.0,72.09574890136719,1,1,1,1,1,31.881847381591797,188.6973114013672,-89.56632232666016,39.649627685546875,180.66256713867188,-174.32110595703125,grab,28,2025-11-18T12:00:39.718953,my_hand_data\videos\grab_seq28_20251118_120039_112579.avi,89.51653239797636,360,90,HIGH,VIDEO_RECORDING,2025-11-18T12:00:43.203794
2025-11-18 12:00:39.734706,55,244,HandType.Right,0.7640730738639832,97.50762939453125,162.07357788085938,-120.01809692382812,-0.8835642337799072,-0.3599832355976105,0.2995435893535614,-121.73362731933594,-6.508483409881592,-4.653448104858398,0.0,0.0,71.72399139404297,1,1,1,1,1,30.62432289123535,188.5777587890625,-89.6683349609375,37.79274368286133,180.35826110839844,-173.84481811523438,grab,28,2025-11-18T12:00:39.734706,my_hand_data\videos\grab_seq28_20251118_120039_112579.avi,89.51653239797636,360,90,HIGH,VIDEO_RECORDING,2025-11-18T12:00:43.203794
2025-11-18 12:00:39.739410,56,244,HandType.Right,0.7640730738639832,97.50762939453125,162.07357788085938,-120.01809692382812,-0.8835642337799072,-0.3599832355976105,0.2995435893535614,-121.73362731933594,-6.508483409881592,-4.653448104858398,0.0,0.0,71.72399139404297,1,1,1,1,1,30.62432289123535,188.5777587890625,-89.6683349609375,37.79274368286133,180.35826110839844,-173.84481811523438,grab,28,2025-11-18T12:00:39.739410,my_hand_data\videos\grab_seq28_20251118_120039_112579.avi,89.51653239797636,360,90,HIGH,VIDEO_RECORDING,2025-11-18T12:00:43.203794
2025-11-18 12:00:39.751437,57,244,HandType.Right,0.7566038370132446,95.07364654541016,162.18380737304688,-120.29658508300781,-0.8788086771965027,-0.36108890175819397,0.31194573640823364,-105.11485290527344,10.672310829162598,-14.68095588684082,0.0,0.0,71.43526458740234,1,1,1,1,1,28.31012725830078,187.58421325683594,-89.61003875732422,34.458763122558594,179.79415893554688,-172.83216857910156,grab,28,2025-11-18T12:00:39.751437,my_hand_data\videos\grab_seq28_20251118_120039_112579.avi,89.51653239797636,360,90,HIGH,VIDEO_RECORDING,2025-11-18T12:00:43.203794
2025-11-18 12:00:39.755959,58,244,HandType.Right,0.7566038370132446,95.07364654541016,162.18380737304688,-120.29658508300781,-0.8788086771965027,-0.36108890175819397,0.31194573640823364,-105.11485290527344,10.672310829162598,-14.68095588684082,0.0,0.0,71.43526458740234,1,1,1,1,1,28.31012725830078,187.58421325683594,-89.61003875732422,34.458763122558594,179.79415893554688,-172.83216857910156,grab,28,2025-11-18T12:00:39.755959,my_hand_data\videos\grab_seq28_20251118_120039_112579.avi,89.51653239797636,360,90,HIGH,VIDEO_RECORDING,2025-11-18T12:00:43.203794
2025-11-18 12:00:39.782593,59,244,HandType.Right,0.7511078119277954,92.55348205566406,162.2506103515625,-120.71660614013672,-0.8760120272636414,-0.35607054829597473,0.3252948224544525,-115.6573257446289,2.3721346855163574,-18.833656311035156,0.0,0.0,71.35633087158203,1,1,1,1,1,25.83003044128418,186.36305236816406,-89.59359741210938,31.361705780029297,179.85787963867188,-171.83984375,grab,28,2025-11-18T12:00:39.782593,my_hand_data\videos\grab_seq28_20251118_120039_112579.avi,89.51653239797636,360,90,HIGH,VIDEO_RECORDING,2025-11-18T12:00:43.203794
2025-11-18 12:00:39.786614,60,244,HandType.Right,0.7475706934928894,91.26852416992188,162.2641143798828,-120.86959838867188,-0.874173104763031,-0.35477015376091003,0.33160141110420227,-114.66673278808594,1.2061823606491089,-13.653240203857422,0.0,0.0,71.27716827392578,1,1,1,1,1,24.57308006286621,185.87619018554688,-89.49681854248047,29.678062438964844,179.5601348876953,-171.05770874023438,grab,28,2025-11-18T12:00:39.786614,my_hand_data\videos\grab_seq28_20251118_120039_112579.avi,89.51653239797636,360,90,HIGH,VIDEO_RECORDING,2025-11-18T12:00:43.203794
2025-11-18 12:00:39.792533,61,244,HandType.Right,0.7454659938812256,90.00438690185547,162.426513671875,-121.06672668457031,-0.8724008798599243,-0.35285690426826477,0.3382435441017151,-112.5380630493164,14.457132339477539,-17.548906326293945,0.0,0.0,71.13548278808594,1,1,1,1,1,23.357696533203125,185.4215087890625,-89.453369140625,28.07965850830078,179.32730102539062,-170.254638671875,grab,28,2025-11-18T12:00:39.792533,my_hand_data\videos\grab_seq28_20251118_120039_112579.avi,89.51653239797636,360,90,HIGH,VIDEO_RECORDING,2025-11-18T12:00:43.203794
2025-11-18 12:00:39.801984,62,244,HandType.Right,0.7454659938812256,90.00438690185547,162.426513671875,-121.06672668457031,-0.8724008798599243,-0.35285690426826477,0.3382435441017151,-112.5380630493164,14.457132339477539,-17.548906326293945,0.0,0.0,71.13548278808594,1,1,1,1,1,23.357696533203125,185.4215087890625,-89.453369140625,28.07965850830078,179.32730102539062,-170.254638671875,grab,28,2025-11-18T12:00:39.801984,my_hand_data\videos\grab_seq28_20251118_120039_112579.avi,89.51653239797636,360,90,HIGH,VIDEO_RECORDING,2025-11-18T12:00:43.203794
2025-11-18 12:00:39.830034,63,244,HandType.Right,0.739047110080719,86.05362701416016,162.68002319335938,-121.44828796386719,-0.8665490746498108,-0.3473132252693176,0.3584218919277191,-119.45818328857422,-0.5840935707092285,-8.82841682434082,0.0,0.0,70.7663345336914,1,1,1,1,1,19.677080154418945,184.81993103027344,-89.13878631591797,23.534387588500977,179.14035034179688,-168.51856994628906,grab,28,2025-11-18T12:00:39.830034,my_hand_data\videos\grab_seq28_20251118_120039_112579.avi,89.51653239797636,360,90,HIGH,VIDEO_RECORDING,2025-11-18T12:00:43.203794
2025-11-18 12:00:39.836277,64,244,HandType.Right,0.739047110080719,86.05362701416016,162.68002319335938,-121.44828796386719,-0.8665490746498108,-0.3473132252693176,0.3584218919277191,-119.45818328857422,-0.5840935707092285,-8.82841682434082,0.0,0.0,70.7663345336914,1,1,1,1,1,19.677080154418945,184.81993103027344,-89.13878631591797,23.534387588500977,179.14035034179688,-168.51856994628906,grab,28,2025-11-18T12:00:39.836277,my_hand_data\videos\grab_seq28_20251118_120039_112579.avi,89.51653239797636,360,90,HIGH,VIDEO_RECORDING,2025-11-18T12:00:43.203794
2025-11-18 12:00:39.838287,65,244,HandType.Right,0.737358808517456,84.66033935546875,162.6286163330078,-121.50127410888672,-0.8647356033325195,-0.34332168102264404,0.36655500531196594,-129.4877471923828,-4.778417587280273,-4.924346446990967,0.0,0.0,70.77257537841797,1,1,1,1,1,18.444902420043945,184.60092163085938,-88.90044403076172,22.004150390625,178.92330932617188,-168.0570526123047,grab,28,2025-11-18T12:00:39.838287,my_hand_data\videos\grab_seq28_20251118_120039_112579.avi,89.51653239797636,360,90,HIGH,VIDEO_RECORDING,2025-11-18T12:00:43.203794
2025-11-18 12:00:39.845701,66,244,HandType.Right,0.737358808517456,84.66033935546875,162.6286163330078,-121.50127410888672,-0.8647356033325195,-0.34332168102264404,0.36655500531196594,-129.4877471923828,-4.778417587280273,-4.924346446990967,0.0,0.0,70.77257537841797,1,1,1,1,1,18.444902420043945,184.60092163085938,-88.90044403076172,22.004150390625,178.92330932617188,-168.0570526123047,grab,28,2025-11-18T12:00:39.845701,my_hand_data\videos\grab_seq28_20251118_120039_112579.avi,89.51653239797636,360,90,HIGH,VIDEO_RECORDING,2025-11-18T12:00:43.203794
2025-11-18 12:00:39.861547,67,244,HandType.Right,0.7357234358787537,83.27800750732422,162.6617889404297,-121.6008529663086,-0.8628045916557312,-0.34147289395332336,0.37277936935424805,-118.70570373535156,2.848853826522827,-8.550813674926758,0.0,0.0,70.82807922363281,1,1,1,1,1,17.22490119934082,184.3377685546875,-88.71256256103516,20.621553421020508,178.85546875,-167.60121154785156,grab,28,2025-11-18T12:00:39.861547,my_hand_data\videos\grab_seq28_20251118_120039_112579.avi,89.51653239797636,360,90,HIGH,VIDEO_RECORDING,2025-11-18T12:00:43.203794
2025-11-18 12:00:39.877630,68,244,HandType.Right,0.7334087491035461,80.33820343017578,162.6258087158203,-121.70033264160156,-0.8599504828453064,-0.3385849893093109,0.38189712166786194,-123.66973876953125,-2.8352081775665283,-5.262326717376709,0.0,0.0,70.78038024902344,1,1,1,1,1,14.605619430541992,184.13687133789062,-88.53245544433594,17.72490882873535,178.75411987304688,-166.97080993652344,grab,28,2025-11-18T12:00:39.877630,my_hand_data\videos\grab_seq28_20251118_120039_112579.avi,89.51653239797636,360,90,HIGH,VIDEO_RECORDING,2025-11-18T12:00:43.203794
2025-11-18 12:00:39.882161,69,244,HandType.Right,0.7334087491035461,80.33820343017578,162.6258087158203,-121.70033264160156,-0.8599504828453064,-0.3385849893093109,0.38189712166786194,-123.66973876953125,-2.8352081775665283,-5.262326717376709,0.0,0.0,70.78038024902344,1,1,1,1,1,14.605619430541992,184.13687133789062,-88.53245544433594,17.72490882873535,178.75411987304688,-166.97080993652344,grab,28,2025-11-18T12:00:39.882161,my_hand_data\videos\grab_seq28_20251118_120039_112579.avi,89.51653239797636,360,90,HIGH,VIDEO_RECORDING,2025-11-18T12:00:43.203794
2025-11-18 12:00:39.893545,70,244,HandType.Right,0.7322689294815063,78.95320129394531,162.59739685058594,-121.75932312011719,-0.8589024543762207,-0.33510664105415344,0.3872855603694916,-126.53014373779297,-2.5957627296447754,-5.389360427856445,0.0,0.0,70.74455261230469,1,1,1,1,1,13.352222442626953,183.89576721191406,-88.46931457519531,16.351058959960938,178.62510681152344,-166.55877685546875,grab,28,2025-11-18T12:00:39.893545,my_hand_data\videos\grab_seq28_20251118_120039_112579.avi,89.51653239797636,360,90,HIGH,VIDEO_RECORDING,2025-11-18T12:00:43.203794
2025-11-18 12:00:39.909516,71,244,HandType.Right,0.7253546118736267,75.99800872802734,162.60870361328125,-121.91670989990234,-0.8559747934341431,-0.3290380537509918,0.3987996280193329,-138.366943359375,5.848161220550537,-5.661764621734619,0.0,0.0,70.90129089355469,1,1,1,1,1,10.91650104522705,183.18801879882812,-88.16168975830078,13.539403915405273,178.5535430908203,-165.89283752441406,grab,28,2025-11-18T12:00:39.909516,my_hand_data\videos\grab_seq28_20251118_120039_112579.avi,89.51653239797636,360,90,HIGH,VIDEO_RECORDING,2025-11-18T12:00:43.203794
2025-11-18 12:00:39.915277,72,244,HandType.Right,0.7253546118736267,75.99800872802734,162.60870361328125,-121.91670989990234,-0.8559747934341431,-0.3290380537509918,0.3987996280193329,-138.366943359375,5.848161220550537,-5.661764621734619,0.0,0.0,70.90129089355469,1,1,1,1,1,10.91650104522705,183.18801879882812,-88.16168975830078,13.539403915405273,178.5535430908203,-165.89283752441406,grab,28,2025-11-18T12:00:39.915277,my_hand_data\videos\grab_seq28_20251118_120039_112579.avi,89.51653239797636,360,90,HIGH,VIDEO_RECORDING,2025-11-18T12:00:43.203794
2025-11-18 12:00:39.925280,73,244,HandType.Right,0.7227092385292053,74.39051055908203,162.4605255126953,-121.90675354003906,-0.8543634414672852,-0.32211607694625854,0.4078042507171631,-141.6797637939453,-13.060564994812012,0.8778942823410034,0.0,0.0,70.93283081054688,1,1,1,1,1,9.700298309326172,182.88421630859375,-87.94811248779297,12.06041145324707,178.40875244140625,-165.6260986328125,grab,28,2025-11-18T12:00:39.925280,my_hand_data\videos\grab_seq28_20251118_120039_112579.avi,89.51653239797636,360,90,HIGH,VIDEO_RECORDING,2025-11-18T12:00:43.203794
2025-11-18 12:00:39.941274,74,244,HandType.Right,0.7153474688529968,71.21480560302734,162.40243530273438,-122.12317657470703,-0.852149248123169,-0.30396971106529236,0.42596256732940674,-144.49148559570312,-2.967285633087158,-3.0020108222961426,0.0,0.0,71.09452819824219,0,1,1,1,1,7.282778739929199,182.6414794921875,-87.70272064208984,9.195507049560547,178.67127990722656,-164.79779052734375,grab,28,2025-11-18T12:00:39.941274,my_hand_data\videos\grab_seq28_20251118_120039_112579.avi,89.51653239797636,360,90,HIGH,VIDEO_RECORDING,2025-11-18T12:00:43.203794
2025-11-18 12:00:39.956412,75,244,HandType.Right,0.711371898651123,69.6530532836914,162.55596923828125,-122.1724624633789,-0.8518385291099548,-0.2965947985649109,0.43174368143081665,-136.1240997314453,13.382247924804688,-4.295856952667236,0.0,0.0,71.23524475097656,0,1,1,1,1,6.028018951416016,182.6442108154297,-87.51847839355469,7.830992221832275,179.01071166992188,-164.2178955078125,grab,28,2025-11-18T12:00:39.956412,my_hand_data\videos\grab_seq28_20251118_120039_112579.avi,89.51653239797636,360,90,HIGH,VIDEO_RECORDING,2025-11-18T12:00:43.203794
2025-11-18 12:00:39.961148,76,244,HandType.Right,0.711371898651123,69.6530532836914,162.55596923828125,-122.1724624633789,-0.8518385291099548,-0.2965947985649109,0.43174368143081665,-136.1240997314453,13.382247924804688,-4.295856952667236,0.0,0.0,71.23524475097656,0,1,1,1,1,6.028018951416016,182.6442108154297,-87.51847839355469,7.830992221832275,179.01071166992188,-164.2178955078125,grab,28,2025-11-18T12:00:39.961148,my_hand_data\videos\grab_seq28_20251118_120039_112579.avi,89.51653239797636,360,90,HIGH,VIDEO_RECORDING,2025-11-18T12:00:43.203794
2025-11-18 12:00:39.972250,77,244,HandType.Right,0.7081153988838196,68.1454849243164,162.640869140625,-122.23470306396484,-0.8518786430358887,-0.2896564304828644,0.43635067343711853,-138.46165466308594,7.797574520111084,-5.716057300567627,0.0,0.0,71.3616714477539,0,1,1,1,1,4.757449150085449,182.63548278808594,-87.25981140136719,6.402805328369141,179.11875915527344,-163.4879913330078,grab,28,2025-11-18T12:00:39.972250,my_hand_data\videos\grab_seq28_20251118_120039_112579.avi,89.51653239797636,360,90,HIGH,VIDEO_RECORDING,2025-11-18T12:00:43.203794
2025-11-18 12:00:39.988068,78,244,HandType.Right,0.705084502696991,64.94412994384766,162.5339813232422,-122.1147689819336,-0.8488224744796753,-0.2777663469314575,0.4498291611671448,-147.07821655273438,-6.660508632659912,12.629124641418457,0.0,0.0,71.7270278930664,0,1,1,1,1,1.9452049732208252,182.34844970703125,-86.29389190673828,3.275454044342041,180.00436401367188,-162.54408264160156,grab,28,2025-11-18T12:00:39.988068,my_hand_data\videos\grab_seq28_20251118_120039_112579.avi,89.51653239797636,360,90,HIGH,VIDEO_RECORDING,2025-11-18T12:00:43.203794
2025-11-18 12:00:39.992105,79,244,HandType.Right,0.705084502696991,64.94412994384766,162.5339813232422,-122.1147689819336,-0.8488224744796753,-0.2777663469314575,0.4498291611671448,-147.07821655273438,-6.660508632659912,12.629124641418457,0.0,0.0,71.7270278930664,0,1,1,1,1,1.9452049732208252,182.34844970703125,-86.29389190673828,3.275454044342041,180.00436401367188,-162.54408264160156,grab,28,2025-11-18T12:00:39.992105,my_hand_data\videos\grab_seq28_20251118_120039_112579.avi,89.51653239797636,360,90,HIGH,VIDEO_RECORDING,2025-11-18T12:00:43.203794
2025-11-18 12:00:40.003754,80,244,HandType.Right,0.7021960616111755,63.33816146850586,162.60169982910156,-121.96733093261719,-0.8468756079673767,-0.27602630853652954,0.4545449912548065,-133.9644775390625,5.647922992706299,12.298779487609863,0.0,0.0,71.66331481933594,0,1,1,1,1,0.5828812718391418,182.23974609375,-85.97417449951172,1.6936137676239014,180.27236938476562,-161.96742248535156,grab,28,2025-11-18T12:00:40.003754,my_hand_data\videos\grab_seq28_20251118_120039_112579.avi,89.51653239797636,360,90,HIGH,VIDEO_RECORDING,2025-11-18T12:00:43.203794
2025-11-18 12:00:40.019285,81,244,HandType.Right,0.7003498673439026,61.677635192871094,162.640625,-121.82079315185547,-0.8447170853614807,-0.27452462911605835,0.4594445526599884,-156.18190002441406,3.6611180305480957,13.782326698303223,0.0,0.0,71.60625457763672,0,1,1,1,1,-0.8054450154304504,182.05650329589844,-85.61505889892578,0.03032386302947998,180.6884002685547,-161.42266845703125,grab,28,2025-11-18T12:00:40.019285,my_hand_data\videos\grab_seq28_20251118_120039_112579.avi,89.51653239797636,360,90,HIGH,VIDEO_RECORDING,2025-11-18T12:00:43.203794
2025-11-18 12:00:40.019285,82,244,HandType.Right,0.6991332769393921,60.164146423339844,162.695068359375,-121.62118530273438,-0.8429694771766663,-0.27464863657951355,0.4625695049762726,-141.7389373779297,5.099108695983887,18.6932430267334,0.0033005678560584784,0.0,71.52643585205078,0,1,1,1,1,-2.1478757858276367,181.9929962158203,-85.25696563720703,-1.5755369663238525,181.16879272460938,-160.90283203125,grab,28,2025-11-18T12:00:40.019285,my_hand_data\videos\grab_seq28_20251118_120039_112579.avi,89.51653239797636,360,90,HIGH,VIDEO_RECORDING,2025-11-18T12:00:43.203794
2025-11-18 12:00:40.050841,83,244,HandType.Right,0.6950780153274536,55.81098175048828,163.08961486816406,-121.29378509521484,-0.8368217945098877,-0.26732584834098816,0.477772057056427,-127.56294250488281,15.863574028015137,8.200201034545898,0.008597547188401222,0.0,71.30729675292969,0,1,1,1,1,-5.518518447875977,182.39988708496094,-84.35350799560547,-5.997866630554199,182.77491760253906,-159.12574768066406,grab,28,2025-11-18T12:00:40.050841,my_hand_data\videos\grab_seq28_20251118_120039_112579.avi,89.51653239797636,360,90,HIGH,VIDEO_RECORDING,2025-11-18T12:00:43.203794
2025-11-18 12:00:40.050841,84,244,HandType.Right,0.6950780153274536,55.81098175048828,163.08961486816406,-121.29378509521484,-0.8368217945098877,-0.26732584834098816,0.477772057056427,-127.56294250488281,15.863574028015137,8.200201034545898,0.008597547188401222,0.0,71.30729675292969,0,1,1,1,1,-5.518518447875977,182.39988708496094,-84.35350799560547,-5.997866630554199,182.77491760253906,-159.12574768066406,grab,28,2025-11-18T12:00:40.050841,my_hand_data\videos\grab_seq28_20251118_120039_112579.avi,89.51653239797636,360,90,HIGH,VIDEO_RECORDING,2025-11-18T12:00:43.203794
2025-11-18 12:00:40.057905,85,244,HandType.Right,0.6950780153274536,55.81098175048828,163.08961486816406,-121.29378509521484,-0.8368217945098877,-0.26732584834098816,0.477772057056427,-127.56294250488281,15.863574028015137,8.200201034545898,0.008597547188401222,0.0,71.30729675292969,0,1,1,1,1,-5.518518447875977,182.39988708496094,-84.35350799560547,-5.997866630554199,182.77491760253906,-159.12574768066406,grab,28,2025-11-18T12:00:40.057905,my_hand_data\videos\grab_seq28_20251118_120039_112579.avi,89.51653239797636,360,90,HIGH,VIDEO_RECORDING,2025-11-18T12:00:43.203794
2025-11-18 12:00:40.068777,86,244,HandType.Right,0.6943606734275818,54.5180549621582,163.37515258789062,-121.16688537597656,-0.835109531879425,-0.264278382062912,0.482440710067749,-114.43864440917969,25.273698806762695,11.232343673706055,0.013851197436451912,0.0,71.25300598144531,0,1,1,1,1,-6.470725059509277,182.72372436523438,-84.00899505615234,-7.282726287841797,183.74520874023438,-158.63052368164062,grab,28,2025-11-18T12:00:40.068777,my_hand_data\videos\grab_seq28_20251118_120039_112579.avi,89.51653239797636,360,90,HIGH,VIDEO_RECORDING,2025-11-18T12:00:43.203794
2025-11-18 12:00:40.082494,87,244,HandType.Right,0.6934710741043091,53.2245979309082,163.6476593017578,-121.09113311767578,-0.8334242701530457,-0.2608088254928589,0.4872194230556488,-115.61079406738281,24.356584548950195,6.770922660827637,0.02221187762916088,0.0,71.27961730957031,0,1,1,1,1,-7.426962375640869,182.9790802001953,-83.6407699584961,-8.556358337402344,184.1250762939453,-157.98428344726562,grab,28,2025-11-18T12:00:40.082494,my_hand_data\videos\grab_seq28_20251118_120039_112579.avi,89.51653239797636,360,90,HIGH,VIDEO_RECORDING,2025-11-18T12:00:43.203794
2025-11-18 12:00:40.098301,88,244,HandType.Right,0.6928502917289734,50.61127471923828,163.97360229492188,-120.85555267333984,-0.8301876783370972,-0.2511635720729828,0.49769994616508484,-118.36864471435547,16.72983169555664,13.331314086914062,0.023898212239146233,0.0,71.2839126586914,0,1,0,1,1,-9.310174942016602,183.8263702392578,-82.9962158203125,-11.093672752380371,185.48651123046875,-157.3555908203125,grab,28,2025-11-18T12:00:40.098301,my_hand_data\videos\grab_seq28_20251118_120039_112579.avi,89.51653239797636,360,90,HIGH,VIDEO_RECORDING,2025-11-18T12:00:43.203794
2025-11-18 12:00:40.098301,89,244,HandType.Right,0.6928502917289734,50.61127471923828,163.97360229492188,-120.85555267333984,-0.8301876783370972,-0.2511635720729828,0.49769994616508484,-118.36864471435547,16.72983169555664,13.331314086914062,0.023898212239146233,0.0,71.2839126586914,0,1,0,1,1,-9.310174942016602,183.8263702392578,-82.9962158203125,-11.093672752380371,185.48651123046875,-157.3555908203125,grab,28,2025-11-18T12:00:40.098301,my_hand_data\videos\grab_seq28_20251118_120039_112579.avi,89.51653239797636,360,90,HIGH,VIDEO_RECORDING,2025-11-18T12:00:43.203794
2025-11-18 12:00:40.114378,90,244,HandType.Right,0.6910161375999451,49.353538513183594,164.0972442626953,-120.7054214477539,-0.828540027141571,-0.2453971803188324,0.5032908320426941,-114.81997680664062,11.288334846496582,13.705960273742676,0.02451479621231556,0.0,71.37018585205078,0,1,0,1,1,-10.315201759338379,183.98358154296875,-82.56350708007812,-12.340575218200684,186.13055419921875,-157.01368713378906,grab,28,2025-11-18T12:00:40.114378,my_hand_data\videos\grab_seq28_20251118_120039_112579.avi,89.51653239797636,360,90,HIGH,VIDEO_RECORDING,2025-11-18T12:00:43.203794
2025-11-18 12:00:40.130222,91,244,HandType.Right,0.688423752784729,47.00811767578125,164.48265075683594,-120.43601989746094,-0.8262194395065308,-0.23575983941555023,0.5116431713104248,-101.35614776611328,21.404417037963867,13.583718299865723,0.04578603804111481,0.0,71.70603942871094,0,1,0,1,1,-12.241955757141113,184.33154296875,-81.51286315917969,-14.573458671569824,187.2605438232422,-155.89251708984375,grab,28,2025-11-18T12:00:40.130222,my_hand_data\videos\grab_seq28_20251118_120039_112579.avi,89.51653239797636,360,90,HIGH,VIDEO_RECORDING,2025-11-18T12:00:43.203794
2025-11-18 12:00:40.132077,92,244,HandType.Right,0.688423752784729,47.00811767578125,164.48265075683594,-120.43601989746094,-0.8262194395065308,-0.23575983941555023,0.5116431713104248,-101.35614776611328,21.404417037963867,13.583718299865723,0.04578603804111481,0.0,71.70603942871094,0,1,0,1,1,-12.241955757141113,184.33154296875,-81.51286315917969,-14.573458671569824,187.2605438232422,-155.89251708984375,grab,28,2025-11-18T12:00:40.132077,my_hand_data\videos\grab_seq28_20251118_120039_112579.avi,89.51653239797636,360,90,HIGH,VIDEO_RECORDING,2025-11-18T12:00:43.203794
2025-11-18 12:00:40.162162,93,244,HandType.Right,0.688589870929718,43.596221923828125,165.06509399414062,-120.0714340209961,-0.8215359449386597,-0.22601115703582764,0.5234478116035461,-99.31198120117188,20.974979400634766,10.435866355895996,0.09286519885063171,0.0,71.7968521118164,0,1,0,1,1,-15.209332466125488,184.63807678222656,-80.3796157836914,-18.043861389160156,189.3955535888672,-154.07687377929688,grab,28,2025-11-18T12:00:40.162162,my_hand_data\videos\grab_seq28_20251118_120039_112579.avi,89.51653239797636,360,90,HIGH,VIDEO_RECORDING,2025-11-18T12:00:43.203794
2025-11-18 12:00:40.162162,94,244,HandType.Right,0.688589870929718,43.596221923828125,165.06509399414062,-120.0714340209961,-0.8215359449386597,-0.22601115703582764,0.5234478116035461,-99.31198120117188,20.974979400634766,10.435866355895996,0.09286519885063171,0.0,71.7968521118164,0,1,0,1,1,-15.209332466125488,184.63807678222656,-80.3796157836914,-18.043861389160156,189.3955535888672,-154.07687377929688,grab,28,2025-11-18T12:00:40.162162,my_hand_data\videos\grab_seq28_20251118_120039_112579.avi,89.51653239797636,360,90,HIGH,VIDEO_RECORDING,2025-11-18T12:00:43.203794
2025-11-18 12:00:40.172230,95,244,HandType.Right,0.688589870929718,43.596221923828125,165.06509399414062,-120.0714340209961,-0.8215359449386597,-0.22601115703582764,0.5234478116035461,-99.31198120117188,20.974979400634766,10.435866355895996,0.09286519885063171,0.0,71.7968521118164,0,1,0,1,1,-15.209332466125488,184.63807678222656,-80.3796157836914,-18.043861389160156,189.3955535888672,-154.07687377929688,grab,28,2025-11-18T12:00:40.172230,my_hand_data\videos\grab_seq28_20251118_120039_112579.avi,89.51653239797636,360,90,HIGH,VIDEO_RECORDING,2025-11-18T12:00:43.203794
2025-11-18 12:00:40.194333,96,244,HandType.Right,0.6873396039009094,41.236534118652344,165.6600799560547,-119.81646728515625,-0.8177364468574524,-0.2261408567428589,0.5293084383010864,-104.3707046508789,27.18324089050293,15.29238224029541,0.12624038755893707,0.0,71.91812133789062,0,1,0,0,1,-17.23905372619629,184.601806640625,-79.5771484375,-20.40096092224121,190.57681274414062,-153.03753662109375,grab,28,2025-11-18T12:00:40.194333,my_hand_data\videos\grab_seq28_20251118_120039_112579.avi,89.51653239797636,360,90,HIGH,VIDEO_RECORDING,2025-11-18T12:00:43.203794
2025-11-18 12:00:40.198894,97,244,HandType.Right,0.6870057582855225,40.143062591552734,165.83212280273438,-119.54338836669922,-0.8158159255981445,-0.22616784274578094,0.532252311706543,-97.8672103881836,15.398721694946289,24.440603256225586,0.1342041939496994,0.0,71.94082641601562,0,1,0,0,1,-18.2214298248291,184.36363220214844,-79.09147644042969,-21.527587890625,191.00205993652344,-152.4421844482422,grab,28,2025-11-18T12:00:40.198894,my_hand_data\videos\grab_seq28_20251118_120039_112579.avi,89.51653239797636,360,90,HIGH,VIDEO_RECORDING,2025-11-18T12:00:43.203794
2025-11-18 12:00:40.206082,98,244,HandType.Right,0.6870057582855225,40.143062591552734,165.83212280273438,-119.54338836669922,-0.8158159255981445,-0.22616784274578094,0.532252311706543,-97.8672103881836,15.398721694946289,24.440603256225586,0.1342041939496994,0.0,71.94082641601562,0,1,0,0,1,-18.2214298248291,184.36363220214844,-79.09147644042969,-21.527587890625,191.00205993652344,-152.4421844482422,grab,28,2025-11-18T12:00:40.206082,my_hand_data\videos\grab_seq28_20251118_120039_112579.avi,89.51653239797636,360,90,HIGH,VIDEO_RECORDING,2025-11-18T12:00:43.203794
2025-11-18 12:00:40.225931,99,244,HandType.Right,0.6868227124214172,38.127357482910156,166.1049041748047,-119.0433578491211,-0.8129278421401978,-0.22704429924488068,0.5362828373908997,-87.78797149658203,10.745011329650879,21.470672607421875,0.1589498072862625,0.0,72.15950012207031,0,1,0,0,1,-20.077899932861328,183.8606719970703,-78.13250732421875,-23.52519416809082,191.71566772460938,-151.20008850097656,grab,28,2025-11-18T12:00:40.225931,my_hand_data\videos\grab_seq28_20251118_120039_112579.avi,89.51653239797636,360,90,HIGH,VIDEO_RECORDING,2025-11-18T12:00:43.203794
2025-11-18 12:00:40.230725,100,244,HandType.Right,0.686725378036499,37.27149963378906,166.32907104492188,-118.86868286132812,-0.8119034171104431,-0.2265540510416031,0.5380390882492065,-76.7244644165039,20.094881057739258,15.659366607666016,0.167332261800766,0.0,72.35050201416016,0,1,0,0,1,-20.852201461791992,183.6006622314453,-77.71568298339844,-24.364635467529297,192.2725067138672,-150.7861328125,grab,28,2025-11-18T12:00:40.230725,my_hand_data\videos\grab_seq28_20251118_120039_112579.avi,89.51653239797636,360,90,HIGH,VIDEO_RECORDING,2025-11-18T12:00:43.203794
2025-11-18 12:00:40.238134,101,244,HandType.Right,0.686725378036499,37.27149963378906,166.32907104492188,-118.86868286132812,-0.8119034171104431,-0.2265540510416031,0.5380390882492065,-76.7244644165039,20.094881057739258,15.659366607666016,0.167332261800766,0.0,72.35050201416016,0,1,0,0,1,-20.852201461791992,183.6006622314453,-77.71568298339844,-24.364635467529297,192.2725067138672,-150.7861328125,grab,28,2025-11-18T12:00:40.238134,my_hand_data\videos\grab_seq28_20251118_120039_112579.avi,89.51653239797636,360,90,HIGH,VIDEO_RECORDING,2025-11-18T12:00:43.203794
2025-11-18 12:00:40.257631,102,244,HandType.Right,0.6869423389434814,35.60150909423828,166.8070068359375,-118.6530532836914,-0.809756338596344,-0.22124624252319336,0.5434563755989075,-74.15739440917969,20.387380599975586,7.978757858276367,0.19860820472240448,0.0,72.56708526611328,0,1,0,0,1,-22.30722427368164,183.8633575439453,-77.06634521484375,-25.967479705810547,193.75161743164062,-149.90057373046875,grab,28,2025-11-18T12:00:40.257631,my_hand_data\videos\grab_seq28_20251118_120039_112579.avi,89.51653239797636,360,90,HIGH,VIDEO_RECORDING,2025-11-18T12:00:43.203794
2025-11-18 12:00:40.262483,103,244,HandType.Right,0.6873773336410522,34.793739318847656,167.0886993408203,-118.5276107788086,-0.8086948990821838,-0.21865300834178925,0.5460800528526306,-72.89692687988281,25.42157745361328,11.320728302001953,0.22053052484989166,0.0,72.68962860107422,0,1,0,0,0,-23.03119659423828,184.14663696289062,-76.70720672607422,-26.689462661743164,194.2161865234375,-149.50552368164062,grab,28,2025-11-18T12:00:40.262483,my_hand_data\videos\grab_seq28_20251118_120039_112579.avi,89.51653239797636,360,90,HIGH,VIDEO_RECORDING,2025-11-18T12:00:43.203794
2025-11-18 12:00:40.262483,104,244,HandType.Right,0.6873773336410522,34.793739318847656,167.0886993408203,-118.5276107788086,-0.8086948990821838,-0.21865300834178925,0.5460800528526306,-72.89692687988281,25.42157745361328,11.320728302001953,0.22053052484989166,0.0,72.68962860107422,0,1,0,0,0,-23.03119659423828,184.14663696289062,-76.70720672607422,-26.689462661743164,194.2161865234375,-149.50552368164062,grab,28,2025-11-18T12:00:40.262483,my_hand_data\videos\grab_seq28_20251118_120039_112579.avi,89.51653239797636,360,90,HIGH,VIDEO_RECORDING,2025-11-18T12:00:43.203794
2025-11-18 12:00:40.289130,105,244,HandType.Right,0.6878497004508972,33.20560836791992,167.7183074951172,-118.27120208740234,-0.8071085214614868,-0.21425853669643402,0.5501537322998047,-71.32870483398438,26.18859100341797,13.967440605163574,0.26358985900878906,0.0,72.89982604980469,0,1,0,0,0,-24.469491958618164,184.78692626953125,-75.99646759033203,-28.09902572631836,195.34503173828125,-148.3257598876953,grab,28,2025-11-18T12:00:40.289130,my_hand_data\videos\grab_seq28_20251118_120039_112579.avi,89.51653239797636,360,90,HIGH,VIDEO_RECORDING,2025-11-18T12:00:43.203794
2025-11-18 12:00:40.294737,106,244,HandType.Right,0.6885364651679993,32.40863037109375,168.05833435058594,-118.07032775878906,-0.8063367009162903,-0.21302668750286102,0.5517615079879761,-72.11175537109375,30.76605987548828,18.174972534179688,0.2865099310874939,0.0,73.00972747802734,0,1,0,0,0,-25.17246437072754,184.983154296875,-75.58922576904297,-28.828777313232422,195.9945526123047,-147.81222534179688,grab,28,2025-11-18T12:00:40.294737,my_hand_data\videos\grab_seq28_20251118_120039_112579.avi,89.51653239797636,360,90,HIGH,VIDEO_RECORDING,2025-11-18T12:00:43.203794
2025-11-18 12:00:40.305113,107,244,HandType.Right,0.6885364651679993,32.40863037109375,168.05833435058594,-118.07032775878906,-0.8063367009162903,-0.21302668750286102,0.5517615079879761,-72.11175537109375,30.76605987548828,18.174972534179688,0.2865099310874939,0.0,73.00972747802734,0,1,0,0,0,-25.17246437072754,184.983154296875,-75.58922576904297,-28.828777313232422,195.9945526123047,-147.81222534179688,grab,28,2025-11-18T12:00:40.305113,my_hand_data\videos\grab_seq28_20251118_120039_112579.avi,89.51653239797636,360,90,HIGH,VIDEO_RECORDING,2025-11-18T12:00:43.203794
2025-11-18 12:00:40.321165,108,244,HandType.Right,0.6889548301696777,30.852914810180664,168.68922424316406,-117.46768951416016,-0.8044367432594299,-0.21132361888885498,0.5551791191101074,-71.41645812988281,29.608970642089844,28.528594970703125,0.31501245498657227,0.0,73.05308532714844,0,1,0,0,0,-26.537609100341797,185.31385803222656,-74.63924407958984,-30.241016387939453,197.1435546875,-146.63296508789062,grab,28,2025-11-18T12:00:40.321165,my_hand_data\videos\grab_seq28_20251118_120039_112579.avi,89.51653239797636,360,90,HIGH,VIDEO_RECORDING,2025-11-18T12:00:43.203794
2025-11-18 12:00:40.321165,109,244,HandType.Right,0.6889548301696777,30.852914810180664,168.68922424316406,-117.46768951416016,-0.8044367432594299,-0.21132361888885498,0.5551791191101074,-71.41645812988281,29.608970642089844,28.528594970703125,0.31501245498657227,0.0,73.05308532714844,0,1,0,0,0,-26.537609100341797,185.31385803222656,-74.63924407958984,-30.241016387939453,197.1435546875,-146.63296508789062,grab,28,2025-11-18T12:00:40.321165,my_hand_data\videos\grab_seq28_20251118_120039_112579.avi,89.51653239797636,360,90,HIGH,VIDEO_RECORDING,2025-11-18T12:00:43.203794
2025-11-18 12:00:40.337193,110,244,HandType.Right,0.6890550851821899,30.04336166381836,168.90866088867188,-117.11942291259766,-0.8031826615333557,-0.21006415784358978,0.557468056678772,-75.25112915039062,20.39775848388672,32.37284469604492,0.32644349336624146,0.0,73.07628631591797,0,1,0,0,0,-27.218971252441406,185.37696838378906,-74.1265869140625,-30.982759475708008,197.66488647460938,-146.06394958496094,grab,28,2025-11-18T12:00:40.337193,my_hand_data\videos\grab_seq28_20251118_120039_112579.avi,89.51653239797636,360,90,HIGH,VIDEO_RECORDING,2025-11-18T12:00:43.203794
2025-11-18 12:00:40.353160,111,244,HandType.Right,0.689037561416626,28.390832901000977,169.25242614746094,-116.49166107177734,-0.8008575439453125,-0.20940349996089935,0.5610502362251282,-76.18739318847656,12.608158111572266,27.818044662475586,0.34634828567504883,0.0,73.06109619140625,0,1,0,0,0,-28.723608016967773,185.502197265625,-73.12476348876953,-32.63746643066406,198.34075927734375,-144.9424285888672,grab,28,2025-11-18T12:00:40.353160,my_hand_data\videos\grab_seq28_20251118_120039_112579.avi,89.51653239797636,360,90,HIGH,VIDEO_RECORDING,2025-11-18T12:00:43.203794
2025-11-18 12:00:40.357205,112,244,HandType.Right,0.689037561416626,28.390832901000977,169.25242614746094,-116.49166107177734,-0.8008575439453125,-0.20940349996089935,0.5610502362251282,-76.18739318847656,12.608158111572266,27.818044662475586,0.34634828567504883,0.0,73.06109619140625,0,1,0,0,0,-28.723608016967773,185.502197265625,-73.12476348876953,-32.63746643066406,198.34075927734375,-144.9424285888672,grab,28,2025-11-18T12:00:40.357205,my_hand_data\videos\grab_seq28_20251118_120039_112579.avi,89.51653239797636,360,90,HIGH,VIDEO_RECORDING,2025-11-18T12:00:43.203794
2025-11-18 12:00:40.369133,113,244,HandType.Right,0.6888067722320557,27.566162109375,169.3889617919922,-116.19292449951172,-0.7995281219482422,-0.20924198627471924,0.5630031228065491,-72.96038818359375,12.078895568847656,26.42987060546875,0.35131046175956726,0.0,73.05770874023438,0,1,0,0,0,-29.469236373901367,185.49684143066406,-72.6966323852539,-33.44717025756836,198.6487274169922,-144.4506072998047,grab,28,2025-11-18T12:00:40.369133,my_hand_data\videos\grab_seq28_20251118_120039_112579.avi,89.51653239797636,360,90,HIGH,VIDEO_RECORDING,2025-11-18T12:00:43.203794
2025-11-18 12:00:40.384879,114,244,HandType.Right,0.6870686411857605,25.964111328125,169.66708374023438,-115.58493041992188,-0.7966446280479431,-0.20898373425006866,0.5671712160110474,-70.7263412475586,10.833290100097656,28.578598022460938,0.3597186207771301,0.0,72.79801177978516,0,1,0,0,0,-30.87977409362793,185.46780395507812,-71.86370849609375,-35.12915802001953,199.09263610839844,-143.2489776611328,grab,28,2025-11-18T12:00:40.384879,my_hand_data\videos\grab_seq28_20251118_120039_112579.avi,89.51653239797636,360,90,HIGH,VIDEO_RECORDING,2025-11-18T12:00:43.203794
2025-11-18 12:00:40.400682,115,244,HandType.Right,0.6859302520751953,25.14590072631836,169.80946350097656,-115.2919692993164,-0.794788122177124,-0.20840086042881012,0.5699832439422607,-72.2864990234375,12.57967758178711,25.882034301757812,0.3636772334575653,0.0,72.64970397949219,0,1,0,0,0,-31.539342880249023,185.4506072998047,-71.46214294433594,-36.022193908691406,199.3536376953125,-142.62806701660156,grab,28,2025-11-18T12:00:40.400682,my_hand_data\videos\grab_seq28_20251118_120039_112579.avi,89.51653239797636,360,90,HIGH,VIDEO_RECORDING,2025-11-18T12:00:43.203794
2025-11-18 12:00:40.404620,116,244,HandType.Right,0.6859302520751953,25.14590072631836,169.80946350097656,-115.2919692993164,-0.794788122177124,-0.20840086042881012,0.5699832439422607,-72.2864990234375,12.57967758178711,25.882034301757812,0.3636772334575653,0.0,72.64970397949219,0,1,0,0,0,-31.539342880249023,185.4506072998047,-71.46214294433594,-36.022193908691406,199.3536376953125,-142.62806701660156,grab,28,2025-11-18T12:00:40.404620,my_hand_data\videos\grab_seq28_20251118_120039_112579.avi,89.51653239797636,360,90,HIGH,VIDEO_RECORDING,2025-11-18T12:00:43.203794
2025-11-18 12:00:40.416607,117,244,HandType.Right,0.6844913363456726,24.344608306884766,169.88656616210938,-114.95819854736328,-0.7926387786865234,-0.20841962099075317,0.5729616284370422,-73.79742431640625,7.100831985473633,30.73965072631836,0.36810731887817383,0.0,72.47725677490234,0,1,0,0,0,-32.208580017089844,185.4633026123047,-71.01990509033203,-36.97151184082031,199.48773193359375,-141.9676513671875,grab,28,2025-11-18T12:00:40.416607,my_hand_data\videos\grab_seq28_20251118_120039_112579.avi,89.51653239797636,360,90,HIGH,VIDEO_RECORDING,2025-11-18T12:00:43.203794
2025-11-18 12:00:40.432736,118,244,HandType.Right,0.6840776801109314,22.83159828186035,170.18731689453125,-114.3614501953125,-0.7886890769004822,-0.20915597677230835,0.5781205296516418,-69.66558837890625,13.937283515930176,26.189279556274414,0.3854844272136688,0.0,72.15181732177734,0,1,0,0,0,-33.453453063964844,185.34889221191406,-70.11817169189453,-38.60676574707031,199.77569580078125,-140.6248779296875,grab,28,2025-11-18T12:00:40.432736,my_hand_data\videos\grab_seq28_20251118_120039_112579.avi,89.51653239797636,360,90,HIGH,VIDEO_RECORDING,2025-11-18T12:00:43.203794
2025-11-18 12:00:40.440473,119,244,HandType.Right,0.6837245225906372,22.08390998840332,170.28387451171875,-114.03462982177734,-0.786663293838501,-0.209744393825531,0.5806617736816406,-65.62699127197266,8.47490119934082,28.686298370361328,0.387239933013916,0.0,71.98704528808594,0,1,0,0,0,-33.98149490356445,185.21168518066406,-69.66117858886719,-39.46562194824219,199.90213012695312,-139.9196319580078,grab,28,2025-11-18T12:00:40.440473,my_hand_data\videos\grab_seq28_20251118_120039_112579.avi,89.51653239797636,360,90,HIGH,VIDEO_RECORDING,2025-11-18T12:00:43.203794
2025-11-18 12:00:40.448807,120,244,HandType.Right,0.6837245225906372,22.08390998840332,170.28387451171875,-114.03462982177734,-0.786663293838501,-0.209744393825531,0.5806617736816406,-65.62699127197266,8.47490119934082,28.686298370361328,0.387239933013916,0.0,71.98704528808594,0,1,0,0,0,-33.98149490356445,185.21168518066406,-69.66117858886719,-39.46562194824219,199.90213012695312,-139.9196319580078,grab,28,2025-11-18T12:00:40.448807,my_hand_data\videos\grab_seq28_20251118_120039_112579.avi,89.51653239797636,360,90,HIGH,VIDEO_RECORDING,2025-11-18T12:00:43.203794
2025-11-18 12:00:40.464489,121,244,HandType.Right,0.6824942231178284,20.717300415039062,170.5066680908203,-113.35256958007812,-0.7825590372085571,-0.21226920187473297,0.5852718949317932,-60.68989181518555,10.571454048156738,30.39813804626465,0.39004549384117126,0.0,71.79139709472656,0,1,0,0,0,-34.7904052734375,184.4320526123047,-68.81220245361328,-41.005855560302734,200.0311279296875,-138.61221313476562,grab,28,2025-11-18T12:00:40.464489,my_hand_data\videos\grab_seq28_20251118_120039_112579.avi,89.51653239797636,360,90,HIGH,VIDEO_RECORDING,2025-11-18T12:00:43.203794
2025-11-18 12:00:40.468359,122,244,HandType.Right,0.6824942231178284,20.717300415039062,170.5066680908203,-113.35256958007812,-0.7825590372085571,-0.21226920187473297,0.5852718949317932,-60.68989181518555,10.571454048156738,30.39813804626465,0.39004549384117126,0.0,71.79139709472656,0,1,0,0,0,-34.7904052734375,184.4320526123047,-68.81220245361328,-41.005855560302734,200.0311279296875,-138.61221313476562,grab,28,2025-11-18T12:00:40.468359,my_hand_data\videos\grab_seq28_20251118_120039_112579.avi,89.51653239797636,360,90,HIGH,VIDEO_RECORDING,2025-11-18T12:00:43.203794
2025-11-18 12:00:40.496083,123,244,HandType.Right,0.6799622178077698,19.027427673339844,170.8716278076172,-112.4268569946289,-0.7783620953559875,-0.21663670241832733,0.5892545580863953,-48.67934036254883,3.1182703971862793,27.34868812561035,0.3948248326778412,0.0,71.4323501586914,0,1,0,0,0,-35.92825698852539,183.61123657226562,-67.90843963623047,-42.82261276245117,200.4146270751953,-136.99313354492188,grab,28,2025-11-18T12:00:40.496083,my_hand_data\videos\grab_seq28_20251118_120039_112579.avi,89.51653239797636,360,90,HIGH,VIDEO_RECORDING,2025-11-18T12:00:43.203794
2025-11-18 12:00:40.501824,124,244,HandType.Right,0.6799622178077698,19.027427673339844,170.8716278076172,-112.4268569946289,-0.7783620953559875,-0.21663670241832733,0.5892545580863953,-48.67934036254883,3.1182703971862793,27.34868812561035,0.3948248326778412,0.0,71.4323501586914,0,1,0,0,0,-35.92825698852539,183.61123657226562,-67.90843963623047,-42.82261276245117,200.4146270751953,-136.99313354492188,grab,28,2025-11-18T12:00:40.501824,my_hand_data\videos\grab_seq28_20251118_120039_112579.avi,89.51653239797636,360,90,HIGH,VIDEO_RECORDING,2025-11-18T12:00:43.203794
2025-11-18 12:00:40.507151,125,244,HandType.Right,0.6799622178077698,19.027427673339844,170.8716278076172,-112.4268569946289,-0.7783620953559875,-0.21663670241832733,0.5892545580863953,-48.67934036254883,3.1182703971862793,27.34868812561035,0.3948248326778412,0.0,71.4323501586914,0,1,0,0,0,-35.92825698852539,183.61123657226562,-67.90843963623047,-42.82261276245117,200.4146270751953,-136.99313354492188,grab,28,2025-11-18T12:00:40.507151,my_hand_data\videos\grab_seq28_20251118_120039_112579.avi,89.51653239797636,360,90,HIGH,VIDEO_RECORDING,2025-11-18T12:00:43.203794
2025-11-18 12:00:40.527769,126,244,HandType.Right,0.6781392097473145,17.524560928344727,170.72023010253906,-111.56913757324219,-0.7753483653068542,-0.21930377185344696,0.5922337174415588,-44.14680862426758,-2.0450706481933594,19.73796272277832,0.40107083320617676,0.0,70.70850372314453,0,1,0,0,0,-37.170387268066406,183.07684326171875,-67.21175384521484,-44.450408935546875,200.49786376953125,-135.35279846191406,grab,28,2025-11-18T12:00:40.527769,my_hand_data\videos\grab_seq28_20251118_120039_112579.avi,89.51653239797636,360,90,HIGH,VIDEO_RECORDING,2025-11-18T12:00:43.203794
2025-11-18 12:00:40.532241,127,244,HandType.Right,0.6781392097473145,17.524560928344727,170.72023010253906,-111.56913757324219,-0.7753483653068542,-0.21930377185344696,0.5922337174415588,-44.14680862426758,-2.0450706481933594,19.73796272277832,0.40107083320617676,0.0,70.70850372314453,0,1,0,0,0,-37.170387268066406,183.07684326171875,-67.21175384521484,-44.450408935546875,200.49786376953125,-135.35279846191406,grab,28,2025-11-18T12:00:40.532241,my_hand_data\videos\grab_seq28_20251118_120039_112579.avi,89.51653239797636,360,90,HIGH,VIDEO_RECORDING,2025-11-18T12:00:43.203794
2025-11-18 12:00:40.538327,128,244,HandType.Right,0.6781392097473145,17.524560928344727,170.72023010253906,-111.56913757324219,-0.7753483653068542,-0.21930377185344696,0.5922337174415588,-44.14680862426758,-2.0450706481933594,19.73796272277832,0.40107083320617676,0.0,70.70850372314453,0,1,0,0,0,-37.170387268066406,183.07684326171875,-67.21175384521484,-44.450408935546875,200.49786376953125,-135.35279846191406,grab,28,2025-11-18T12:00:40.538327,my_hand_data\videos\grab_seq28_20251118_120039_112579.avi,89.51653239797636,360,90,HIGH,VIDEO_RECORDING,2025-11-18T12:00:43.203794
2025-11-18 12:00:40.559937,129,244,HandType.Right,0.6784735918045044,16.62750816345215,170.53652954101562,-111.20441436767578,-0.7737144231796265,-0.21910817921161652,0.594438910484314,-44.26171875,-7.569001197814941,12.551067352294922,0.40837907791137695,0.0,70.07901000976562,0,1,0,0,0,-37.9304084777832,182.56021118164062,-67.02510833740234,-45.440208435058594,200.3938751220703,-134.37962341308594,grab,28,2025-11-18T12:00:40.559937,my_hand_data\videos\grab_seq28_20251118_120039_112579.avi,89.51653239797636,360,90,HIGH,VIDEO_RECORDING,2025-11-18T12:00:43.203794
2025-11-18 12:00:40.564425,130,244,HandType.Right,0.678269624710083,16.226594924926758,170.41290283203125,-111.05937957763672,-0.7728785276412964,-0.218952015042305,0.5955827236175537,-35.978981018066406,-11.094852447509766,13.015993118286133,0.4110797643661499,0.0,69.8509292602539,0,1,0,0,0,-38.26316452026367,182.3013458251953,-66.93079376220703,-45.88514709472656,200.30429077148438,-133.9901123046875,grab,28,2025-11-18T12:00:40.564425,my_hand_data\videos\grab_seq28_20251118_120039_112579.avi,89.51653239797636,360,90,HIGH,VIDEO_RECORDING,2025-11-18T12:00:43.203794
2025-11-18 12:00:40.570791,131,244,HandType.Right,0.678269624710083,16.226594924926758,170.41290283203125,-111.05937957763672,-0.7728785276412964,-0.218952015042305,0.5955827236175537,-35.978981018066406,-11.094852447509766,13.015993118286133,0.4110797643661499,0.0,69.8509292602539,0,1,0,0,0,-38.26316452026367,182.3013458251953,-66.93079376220703,-45.88514709472656,200.30429077148438,-133.9901123046875,grab,28,2025-11-18T12:00:40.570791,my_hand_data\videos\grab_seq28_20251118_120039_112579.avi,89.51653239797636,360,90,HIGH,VIDEO_RECORDING,2025-11-18T12:00:43.203794
2025-11-18 12:00:40.591815,132,244,HandType.Right,0.6774937510490417,15.527790069580078,170.24327087402344,-110.79297637939453,-0.7714905738830566,-0.21961194276809692,0.5971372723579407,-31.38414764404297,-8.074130058288574,12.05656623840332,0.4133456349372864,0.0,69.54351043701172,0,1,0,0,0,-38.86920166015625,181.98365783691406,-66.75090026855469,-46.63962936401367,200.18174743652344,-133.41986083984375,grab,28,2025-11-18T12:00:40.591815,my_hand_data\videos\grab_seq28_20251118_120039_112579.avi,89.51653239797636,360,90,HIGH,VIDEO_RECORDING,2025-11-18T12:00:43.203794
2025-11-18 12:00:40.592858,133,244,HandType.Right,0.6772561073303223,15.205663681030273,170.24111938476562,-110.6915512084961,-0.7709032297134399,-0.2202022820711136,0.5976781249046326,-28.929197311401367,-0.19350586831569672,9.108726501464844,0.4134262204170227,0.0,69.47610473632812,0,1,0,0,0,-39.141841888427734,181.884765625,-66.69224548339844,-46.98005294799805,200.25706481933594,-133.23509216308594,grab,28,2025-11-18T12:00:40.592858,my_hand_data\videos\grab_seq28_20251118_120039_112579.avi,89.51653239797636,360,90,HIGH,VIDEO_RECORDING,2025-11-18T12:00:43.203794
2025-11-18 12:00:40.602107,134,244,HandType.Right,0.6772561073303223,15.205663681030273,170.24111938476562,-110.6915512084961,-0.7709032297134399,-0.2202022820711136,0.5976781249046326,-28.929197311401367,-0.19350586831569672,9.108726501464844,0.4134262204170227,0.0,69.47610473632812,0,1,0,0,0,-39.141841888427734,181.884765625,-66.69224548339844,-46.98005294799805,200.25706481933594,-133.23509216308594,grab,28,2025-11-18T12:00:40.602107,my_hand_data\videos\grab_seq28_20251118_120039_112579.avi,89.51653239797636,360,90,HIGH,VIDEO_RECORDING,2025-11-18T12:00:43.203794
2025-11-18 12:00:40.623625,135,244,HandType.Right,0.676291286945343,14.708847999572754,170.1481475830078,-110.46208190917969,-0.7695496082305908,-0.22109225392341614,0.5990923643112183,-20.870065689086914,-4.6701979637146,9.577287673950195,0.41251012682914734,0.0,69.3039321899414,0,1,0,0,0,-39.46915817260742,181.5558624267578,-66.61583709716797,-47.533634185791016,200.27828979492188,-132.85382080078125,grab,28,2025-11-18T12:00:40.623625,my_hand_data\videos\grab_seq28_20251118_120039_112579.avi,89.51653239797636,360,90,HIGH,VIDEO_RECORDING,2025-11-18T12:00:43.203794
2025-11-18 12:00:40.629656,136,244,HandType.Right,0.6758708357810974,14.488300323486328,170.11276245117188,-110.3658447265625,-0.7691289782524109,-0.22177132964134216,0.5993813872337341,-20.080778121948242,-3.2220897674560547,8.7625150680542,0.4110865294933319,0.0,69.14004516601562,0,1,0,0,0,-39.622642517089844,181.45315551757812,-66.656005859375,-47.79262924194336,200.3293914794922,-132.66574096679688,grab,28,2025-11-18T12:00:40.629656,my_hand_data\videos\grab_seq28_20251118_120039_112579.avi,89.51653239797636,360,90,HIGH,VIDEO_RECORDING,2025-11-18T12:00:43.203794
2025-11-18 12:00:40.639441,137,244,HandType.Right,0.6755430102348328,14.307618141174316,170.055908203125,-110.25445556640625,-0.7688224911689758,-0.22206628322601318,0.5996653437614441,-15.647562980651855,-4.924318313598633,9.64642333984375,0.40968361496925354,0.0,69.0248031616211,0,1,0,0,0,-39.770389556884766,181.32667541503906,-66.66158294677734,-48.00168228149414,200.3607940673828,-132.49752807617188,grab,28,2025-11-18T12:00:40.639441,my_hand_data\videos\grab_seq28_20251118_120039_112579.avi,89.51653239797636,360,90,HIGH,VIDEO_RECORDING,2025-11-18T12:00:43.203794
2025-11-18 12:00:40.655083,138,244,HandType.Right,0.675098717212677,14.155447006225586,169.97149658203125,-110.14148712158203,-0.7685542106628418,-0.22221942245960236,0.5999524593353271,-13.685696601867676,-7.591712951660156,10.159513473510742,0.4095592498779297,0.0,68.86993408203125,0,1,0,0,0,-39.88825988769531,181.09823608398438,-66.67903137207031,-48.19032287597656,200.32528686523438,-132.28744506835938,grab,28,2025-11-18T12:00:40.655083,my_hand_data\videos\grab_seq28_20251118_120039_112579.avi,89.51653239797636,360,90,HIGH,VIDEO_RECORDING,2025-11-18T12:00:43.203794
2025-11-18 12:00:40.662366,139,244,HandType.Right,0.6748303771018982,13.978373527526855,169.83868408203125,-110.02020263671875,-0.7683352828025818,-0.22251209616661072,0.6001243591308594,-16.595449447631836,-12.447118759155273,11.367451667785645,0.41064688563346863,0.0,68.67508697509766,0,1,0,0,0,-40.04074478149414,180.80697631835938,-66.72246551513672,-48.377105712890625,200.21554565429688,-132.0683135986328,grab,28,2025-11-18T12:00:40.662366,my_hand_data\videos\grab_seq28_20251118_120039_112579.avi,89.51653239797636,360,90,HIGH,VIDEO_RECORDING,2025-11-18T12:00:43.203794
2025-11-18 12:00:40.670757,140,244,HandType.Right,0.6748303771018982,13.978373527526855,169.83868408203125,-110.02020263671875,-0.7683352828025818,-0.22251209616661072,0.6001243591308594,-16.595449447631836,-12.447118759155273,11.367451667785645,0.41064688563346863,0.0,68.67508697509766,0,1,0,0,0,-40.04074478149414,180.80697631835938,-66.72246551513672,-48.377105712890625,200.21554565429688,-132.0683135986328,grab,28,2025-11-18T12:00:40.670757,my_hand_data\videos\grab_seq28_20251118_120039_112579.avi,89.51653239797636,360,90,HIGH,VIDEO_RECORDING,2025-11-18T12:00:43.203794
2025-11-18 12:00:40.686405,141,244,HandType.Right,0.6730512976646423,13.66974925994873,169.47886657714844,-109.70195007324219,-0.7680865526199341,-0.2236112803220749,0.600034236907959,-13.104594230651855,-15.382573127746582,15.123705863952637,0.40927767753601074,0.0,68.39140319824219,0,1,0,0,0,-40.19216537475586,180.08448791503906,-66.79075622558594,-48.71138000488281,199.86634826660156,-131.70211791992188,grab,28,2025-11-18T12:00:40.686405,my_hand_data\videos\grab_seq28_20251118_120039_112579.avi,89.51653239797636,360,90,HIGH,VIDEO_RECORDING,2025-11-18T12:00:43.203794
2025-11-18 12:00:40.691847,142,244,HandType.Right,0.6730512976646423,13.66974925994873,169.47886657714844,-109.70195007324219,-0.7680865526199341,-0.2236112803220749,0.600034236907959,-13.104594230651855,-15.382573127746582,15.123705863952637,0.40927767753601074,0.0,68.39140319824219,0,1,0,0,0,-40.19216537475586,180.08448791503906,-66.79075622558594,-48.71138000488281,199.86634826660156,-131.70211791992188,grab,28,2025-11-18T12:00:40.691847,my_hand_data\videos\grab_seq28_20251118_120039_112579.avi,89.51653239797636,360,90,HIGH,VIDEO_RECORDING,2025-11-18T12:00:43.203794
2025-11-18 12:00:40.702479,143,244,HandType.Right,0.6725070476531982,13.496903419494629,169.3646697998047,-109.55909729003906,-0.7678297162055969,-0.22446784377098083,0.6000431180000305,-15.440896034240723,-10.201640129089355,12.76108455657959,0.40791213512420654,0.0,68.23320007324219,0,1,0,0,0,-40.258140563964844,179.8302764892578,-66.85340881347656,-48.89412307739258,199.74575805664062,-131.54161071777344,grab,28,2025-11-18T12:00:40.702479,my_hand_data\videos\grab_seq28_20251118_120039_112579.avi,89.51653239797636,360,90,HIGH,VIDEO_RECORDING,2025-11-18T12:00:43.203794
2025-11-18 12:00:40.718336,144,244,HandType.Right,0.6716408729553223,13.207049369812012,169.2671356201172,-109.29055786132812,-0.7676774263381958,-0.22690683603286743,0.5993201732635498,-12.821709632873535,-3.3700015544891357,12.515546798706055,0.40571603178977966,0.0,67.7854995727539,0,1,0,0,0,-40.44248962402344,179.30055236816406,-67.09092712402344,-49.231201171875,199.6117706298828,-131.16188049316406,grab,28,2025-11-18T12:00:40.718336,my_hand_data\videos\grab_seq28_20251118_120039_112579.avi,89.51653239797636,360,90,HIGH,VIDEO_RECORDING,2025-11-18T12:00:43.203794
2025-11-18 12:00:40.734406,145,244,HandType.Right,0.6713064908981323,13.02974796295166,169.26585388183594,-109.15704345703125,-0.7676712870597839,-0.22838012874126434,0.5987681746482849,-15.971626281738281,-0.11559708416461945,12.027454376220703,0.4091152846813202,0.0,67.21278381347656,0,1,0,0,0,-40.55715560913086,179.0500946044922,-67.44783782958984,-49.399959564208984,199.55670166015625,-130.84217834472656,grab,28,2025-11-18T12:00:40.734406,my_hand_data\videos\grab_seq28_20251118_120039_112579.avi,89.51653239797636,360,90,HIGH,VIDEO_RECORDING,2025-11-18T12:00:43.203794
2025-11-18 12:00:40.740460,146,244,HandType.Right,0.6708693504333496,12.823617935180664,169.35708618164062,-109.01651000976562,-0.7677335739135742,-0.23058055341243744,0.5978442430496216,-18.61383628845215,8.23783016204834,12.690427780151367,0.41484761238098145,0.0,66.73458862304688,0,1,0,0,0,-40.660762786865234,178.68563842773438,-67.6903305053711,-49.558834075927734,199.5425262451172,-130.45433044433594,grab,28,2025-11-18T12:00:40.740460,my_hand_data\videos\grab_seq28_20251118_120039_112579.avi,89.51653239797636,360,90,HIGH,VIDEO_RECORDING,2025-11-18T12:00:43.203794
2025-11-18 12:00:40.742474,147,244,HandType.Right,0.6708693504333496,12.823617935180664,169.35708618164062,-109.01651000976562,-0.7677335739135742,-0.23058055341243744,0.5978442430496216,-18.61383628845215,8.23783016204834,12.690427780151367,0.41484761238098145,0.0,66.73458862304688,0,1,0,0,0,-40.660762786865234,178.68563842773438,-67.6903305053711,-49.558834075927734,199.5425262451172,-130.45433044433594,grab,28,2025-11-18T12:00:40.742474,my_hand_data\videos\grab_seq28_20251118_120039_112579.avi,89.51653239797636,360,90,HIGH,VIDEO_RECORDING,2025-11-18T12:00:43.203794
2025-11-18 12:00:40.766070,148,244,HandType.Right,0.6701285243034363,12.39352035522461,169.4832763671875,-108.64875030517578,-0.7674061059951782,-0.2347295731306076,0.5966488718986511,-19.793092727661133,3.935908317565918,13.616745948791504,0.42226898670196533,0.006696800235658884,65.90340423583984,0,1,0,0,0,-40.88942337036133,178.14181518554688,-68.06892395019531,-49.94248962402344,199.48565673828125,-129.75961303710938,grab,28,2025-11-18T12:00:40.766070,my_hand_data\videos\grab_seq28_20251118_120039_112579.avi,89.51653239797636,360,90,HIGH,VIDEO_RECORDING,2025-11-18T12:00:43.203794
2025-11-18 12:00:40.766070,149,244,HandType.Right,0.6701285243034363,12.39352035522461,169.4832763671875,-108.64875030517578,-0.7674061059951782,-0.2347295731306076,0.5966488718986511,-19.793092727661133,3.935908317565918,13.616745948791504,0.42226898670196533,0.006696800235658884,65.90340423583984,0,1,0,0,0,-40.88942337036133,178.14181518554688,-68.06892395019531,-49.94248962402344,199.48565673828125,-129.75961303710938,grab,28,2025-11-18T12:00:40.766070,my_hand_data\videos\grab_seq28_20251118_120039_112579.avi,89.51653239797636,360,90,HIGH,VIDEO_RECORDING,2025-11-18T12:00:43.203794
2025-11-18 12:00:40.781881,150,244,HandType.Right,0.6697443723678589,12.193181037902832,169.56329345703125,-108.51998901367188,-0.767169713973999,-0.2360776960849762,0.59642094373703,-17.7260799407959,7.080143928527832,11.392720222473145,0.4262877106666565,0.014772411435842514,65.7154541015625,0,1,0,0,0,-40.939903259277344,177.93394470214844,-68.0550308227539,-50.11651611328125,199.49742126464844,-129.4498748779297,grab,28,2025-11-18T12:00:40.781881,my_hand_data\videos\grab_seq28_20251118_120039_112579.avi,89.51653239797636,360,90,HIGH,VIDEO_RECORDING,2025-11-18T12:00:43.203794
2025-11-18 12:00:40.797587,151,244,HandType.Right,0.6690308451652527,11.940335273742676,169.82020568847656,-108.2132568359375,-0.7665456533432007,-0.2392176389694214,0.5959720611572266,-10.786426544189453,10.168241500854492,14.094168663024902,0.42551755905151367,0.03244509547948837,65.73684692382812,0,1,0,0,0,-40.95122146606445,177.47129821777344,-67.93276977539062,-50.385520935058594,199.70509338378906,-129.07183837890625,grab,28,2025-11-18T12:00:40.797587,my_hand_data\videos\grab_seq28_20251118_120039_112579.avi,89.51653239797636,360,90,HIGH,VIDEO_RECORDING,2025-11-18T12:00:43.203794
2025-11-18 12:00:40.801023,152,244,HandType.Right,0.6690308451652527,11.940335273742676,169.82020568847656,-108.2132568359375,-0.7665456533432007,-0.2392176389694214,0.5959720611572266,-10.786426544189453,10.168241500854492,14.094168663024902,0.42551755905151367,0.03244509547948837,65.73684692382812,0,1,0,0,0,-40.95122146606445,177.47129821777344,-67.93276977539062,-50.385520935058594,199.70509338378906,-129.07183837890625,grab,28,2025-11-18T12:00:40.801023,my_hand_data\videos\grab_seq28_20251118_120039_112579.avi,89.51653239797636,360,90,HIGH,VIDEO_RECORDING,2025-11-18T12:00:43.203794
2025-11-18 12:00:40.828827,153,244,HandType.Right,0.6675850749015808,11.598575592041016,170.08294677734375,-107.70629119873047,-0.7664942741394043,-0.24420176446437836,0.5940134525299072,-12.85438060760498,1.3725515604019165,16.97386932373047,0.4228138029575348,0.05682151019573212,65.5187759399414,0,1,0,0,0,-41.05875778198242,177.0384521484375,-67.936279296875,-50.76628112792969,200.0020751953125,-128.52626037597656,grab,28,2025-11-18T12:00:40.828827,my_hand_data\videos\grab_seq28_20251118_120039_112579.avi,89.51653239797636,360,90,HIGH,VIDEO_RECORDING,2025-11-18T12:00:43.203794
2025-11-18 12:00:40.834050,154,244,HandType.Right,0.6675850749015808,11.598575592041016,170.08294677734375,-107.70629119873047,-0.7664942741394043,-0.24420176446437836,0.5940134525299072,-12.85438060760498,1.3725515604019165,16.97386932373047,0.4228138029575348,0.05682151019573212,65.5187759399414,0,1,0,0,0,-41.05875778198242,177.0384521484375,-67.936279296875,-50.76628112792969,200.0020751953125,-128.52626037597656,grab,28,2025-11-18T12:00:40.834050,my_hand_data\videos\grab_seq28_20251118_120039_112579.avi,89.51653239797636,360,90,HIGH,VIDEO_RECORDING,2025-11-18T12:00:43.203794
2025-11-18 12:00:40.834050,155,244,HandType.Right,0.6675850749015808,11.598575592041016,170.08294677734375,-107.70629119873047,-0.7664942741394043,-0.24420176446437836,0.5940134525299072,-12.85438060760498,1.3725515604019165,16.97386932373047,0.4228138029575348,0.05682151019573212,65.5187759399414,0,1,0,0,0,-41.05875778198242,177.0384521484375,-67.936279296875,-50.76628112792969,200.0020751953125,-128.52626037597656,grab,28,2025-11-18T12:00:40.834050,my_hand_data\videos\grab_seq28_20251118_120039_112579.avi,89.51653239797636,360,90,HIGH,VIDEO_RECORDING,2025-11-18T12:00:43.203794
2025-11-18 12:00:40.845831,156,244,HandType.Right,0.6669642329216003,11.448331832885742,170.0062255859375,-107.50310516357422,-0.7663010358810425,-0.2453509122133255,0.5937892198562622,-13.463942527770996,-6.875338554382324,18.207887649536133,0.4236636459827423,0.06476199626922607,65.31160736083984,0,1,0,0,0,-41.19645690917969,176.88739013671875,-67.90270233154297,-50.9369010925293,199.93316650390625,-128.2319793701172,grab,28,2025-11-18T12:00:40.845831,my_hand_data\videos\grab_seq28_20251118_120039_112579.avi,89.51653239797636,360,90,HIGH,VIDEO_RECORDING,2025-11-18T12:00:43.203794
2025-11-18 12:00:40.860608,157,244,HandType.Right,0.6666697263717651,11.292309761047363,169.91793823242188,-107.3420181274414,-0.766026496887207,-0.24611708521842957,0.593826413154602,-14.315277099609375,-8.100127220153809,14.780439376831055,0.4239557981491089,0.07123660296201706,65.24592590332031,0,1,0,0,0,-41.30748748779297,176.62033081054688,-67.83893585205078,-51.11970138549805,199.85195922851562,-128.0140380859375,grab,28,2025-11-18T12:00:40.860608,my_hand_data\videos\grab_seq28_20251118_120039_112579.avi,89.51653239797636,360,90,HIGH,VIDEO_RECORDING,2025-11-18T12:00:43.203794
2025-11-18 12:00:40.876553,158,244,HandType.Right,0.6664248704910278,10.914406776428223,169.7061767578125,-107.07759094238281,-0.7655282616615295,-0.24715016782283783,0.5940397381782532,-17.335519790649414,-11.123602867126465,11.816192626953125,0.42890048027038574,0.07917415350675583,64.95088958740234,0,1,0,0,0,-41.6177864074707,176.2252960205078,-67.66696166992188,-51.50706100463867,199.60638427734375,-127.45111846923828,grab,28,2025-11-18T12:00:40.876553,my_hand_data\videos\grab_seq28_20251118_120039_112579.avi,89.51653239797636,360,90,HIGH,VIDEO_RECORDING,2025-11-18T12:00:43.203794
2025-11-18 12:00:40.883584,159,244,HandType.Right,0.665952205657959,10.700043678283691,169.5885772705078,-106.9800796508789,-0.7650546431541443,-0.24728210270404816,0.5945947766304016,-19.58905601501465,-10.746177673339844,8.911147117614746,0.43151146173477173,0.08297128975391388,64.80570220947266,0,1,0,0,0,-41.789764404296875,176.0464324951172,-67.58567810058594,-51.72610855102539,199.45492553710938,-127.1934814453125,grab,28,2025-11-18T12:00:40.883584,my_hand_data\videos\grab_seq28_20251118_120039_112579.avi,89.51653239797636,360,90,HIGH,VIDEO_RECORDING,2025-11-18T12:00:43.203794
2025-11-18 12:00:40.892348,160,244,HandType.Right,0.665952205657959,10.700043678283691,169.5885772705078,-106.9800796508789,-0.7650546431541443,-0.24728210270404816,0.5945947766304016,-19.58905601501465,-10.746177673339844,8.911147117614746,0.43151146173477173,0.08297128975391388,64.80570220947266,0,1,0,0,0,-41.789764404296875,176.0464324951172,-67.58567810058594,-51.72610855102539,199.45492553710938,-127.1934814453125,grab,28,2025-11-18T12:00:40.892348,my_hand_data\videos\grab_seq28_20251118_120039_112579.avi,89.51653239797636,360,90,HIGH,VIDEO_RECORDING,2025-11-18T12:00:43.203794
2025-11-18 12:00:40.908096,161,244,HandType.Right,0.6648977398872375,10.312396049499512,169.41619873046875,-106.81901550292969,-0.7640655040740967,-0.2478056102991104,0.5956477522850037,-17.41246795654297,-5.733315944671631,6.237244129180908,0.43609505891799927,0.08970333635807037,64.68746185302734,0,1,0,0,0,-42.075538635253906,175.6884765625,-67.40477752685547,-52.087581634521484,199.18870544433594,-126.83512115478516,grab,28,2025-11-18T12:00:40.908096,my_hand_data\videos\grab_seq28_20251118_120039_112579.avi,89.51653239797636,360,90,HIGH,VIDEO_RECORDING,2025-11-18T12:00:43.203794
2025-11-18 12:00:40.912117,162,244,HandType.Right,0.6648977398872375,10.312396049499512,169.41619873046875,-106.81901550292969,-0.7640655040740967,-0.2478056102991104,0.5956477522850037,-17.41246795654297,-5.733315944671631,6.237244129180908,0.43609505891799927,0.08970333635807037,64.68746185302734,0,1,0,0,0,-42.075538635253906,175.6884765625,-67.40477752685547,-52.087581634521484,199.18870544433594,-126.83512115478516,grab,28,2025-11-18T12:00:40.912117,my_hand_data\videos\grab_seq28_20251118_120039_112579.avi,89.51653239797636,360,90,HIGH,VIDEO_RECORDING,2025-11-18T12:00:43.203794
2025-11-18 12:00:40.940060,163,244,HandType.Right,0.6632866859436035,9.948808670043945,169.29063415527344,-106.64173126220703,-0.7631266713142395,-0.24837049841880798,0.5966152548789978,-8.582776069641113,-3.3841145038604736,5.305476665496826,0.44051405787467957,0.09600543975830078,64.58540344238281,0,1,0,0,0,-42.365299224853516,175.35960388183594,-67.23028564453125,-52.37783432006836,199.0213623046875,-126.48519897460938,grab,28,2025-11-18T12:00:40.940060,my_hand_data\videos\grab_seq28_20251118_120039_112579.avi,89.51653239797636,360,90,HIGH,VIDEO_RECORDING,2025-11-18T12:00:43.203794
2025-11-18 12:00:40.946762,164,244,HandType.Right,0.6632866859436035,9.948808670043945,169.29063415527344,-106.64173126220703,-0.7631266713142395,-0.24837049841880798,0.5966152548789978,-8.582776069641113,-3.3841145038604736,5.305476665496826,0.44051405787467957,0.09600543975830078,64.58540344238281,0,1,0,0,0,-42.365299224853516,175.35960388183594,-67.23028564453125,-52.37783432006836,199.0213623046875,-126.48519897460938,grab,28,2025-11-18T12:00:40.946762,my_hand_data\videos\grab_seq28_20251118_120039_112579.avi,89.51653239797636,360,90,HIGH,VIDEO_RECORDING,2025-11-18T12:00:43.203794
2025-11-18 12:00:40.950786,165,244,HandType.Right,0.6628458499908447,9.873929977416992,169.18621826171875,-106.57426452636719,-0.7629532814025879,-0.24868987500667572,0.5967040061950684,-7.028221130371094,-9.801202774047852,6.332676887512207,0.44115859270095825,0.09795678406953812,64.557373046875,0,1,0,0,0,-42.44158935546875,175.23904418945312,-67.17738342285156,-52.43135452270508,198.91773986816406,-126.39881896972656,grab,28,2025-11-18T12:00:40.950786,my_hand_data\videos\grab_seq28_20251118_120039_112579.avi,89.51653239797636,360,90,HIGH,VIDEO_RECORDING,2025-11-18T12:00:43.203794
2025-11-18 12:00:40.971710,166,244,HandType.Right,0.6628361940383911,9.822856903076172,169.04586791992188,-106.52572631835938,-0.7628430128097534,-0.2484983205795288,0.5969247221946716,-4.537768363952637,-12.4700288772583,4.31288480758667,0.44260355830192566,0.0997210144996643,64.49982452392578,0,1,0,0,0,-42.5007438659668,175.09127807617188,-67.12905883789062,-52.46880340576172,198.7740478515625,-126.28978729248047,grab,28,2025-11-18T12:00:40.971710,my_hand_data\videos\grab_seq28_20251118_120039_112579.avi,89.51653239797636,360,90,HIGH,VIDEO_RECORDING,2025-11-18T12:00:43.203794
2025-11-18 12:00:40.978559,167,244,HandType.Right,0.6628755927085876,9.784469604492188,168.9070587158203,-106.48463439941406,-0.7627038955688477,-0.24826820194721222,0.5971981883049011,-3.4418699741363525,-12.445523262023926,3.6842398643493652,0.4437333643436432,0.10253052413463593,64.46134948730469,0,1,0,0,0,-42.54088592529297,174.9505615234375,-67.0868911743164,-52.49362564086914,198.63011169433594,-126.20954132080078,grab,28,2025-11-18T12:00:40.978559,my_hand_data\videos\grab_seq28_20251118_120039_112579.avi,89.51653239797636,360,90,HIGH,VIDEO_RECORDING,2025-11-18T12:00:43.203794
2025-11-18 12:00:40.981931,168,244,HandType.Right,0.6628755927085876,9.784469604492188,168.9070587158203,-106.48463439941406,-0.7627038955688477,-0.24826820194721222,0.5971981883049011,-3.4418699741363525,-12.445523262023926,3.6842398643493652,0.4437333643436432,0.10253052413463593,64.46134948730469,0,1,0,0,0,-42.54088592529297,174.9505615234375,-67.0868911743164,-52.49362564086914,198.63011169433594,-126.20954132080078,grab,28,2025-11-18T12:00:40.981931,my_hand_data\videos\grab_seq28_20251118_120039_112579.avi,89.51653239797636,360,90,HIGH,VIDEO_RECORDING,2025-11-18T12:00:43.203794
2025-11-18 12:00:41.003586,169,244,HandType.Right,0.6631269454956055,9.72642707824707,168.73583984375,-106.45408630371094,-0.7623140215873718,-0.24749122560024261,0.5980178713798523,-2.071782112121582,-7.022319316864014,0.7873273491859436,0.4463082253932953,0.10609343647956848,64.42236328125,0,1,0,0,0,-42.58817672729492,174.74403381347656,-67.03301239013672,-52.52109909057617,198.4551544189453,-126.10382080078125,grab,28,2025-11-18T12:00:41.003586,my_hand_data\videos\grab_seq28_20251118_120039_112579.avi,89.51653239797636,360,90,HIGH,VIDEO_RECORDING,2025-11-18T12:00:43.203794
2025-11-18 12:00:41.008188,170,244,HandType.Right,0.6630117297172546,9.710618019104004,168.6927032470703,-106.45439147949219,-0.7621299624443054,-0.2471521943807602,0.5983926057815552,-1.4700714349746704,-4.011468410491943,-0.028719307854771614,0.4472866654396057,0.10774676501750946,64.4292221069336,0,1,0,0,0,-42.58454132080078,174.6807861328125,-67.01988983154297,-52.521583557128906,198.4092254638672,-126.09053039550781,grab,28,2025-11-18T12:00:41.008188,my_hand_data\videos\grab_seq28_20251118_120039_112579.avi,89.51653239797636,360,90,HIGH,VIDEO_RECORDING,2025-11-18T12:00:43.203794
2025-11-18 12:00:41.014221,171,244,HandType.Right,0.6630117297172546,9.710618019104004,168.6927032470703,-106.45439147949219,-0.7621299624443054,-0.2471521943807602,0.5983926057815552,-1.4700714349746704,-4.011468410491943,-0.028719307854771614,0.4472866654396057,0.10774676501750946,64.4292221069336,0,1,0,0,0,-42.58454132080078,174.6807861328125,-67.01988983154297,-52.521583557128906,198.4092254638672,-126.09053039550781,grab,28,2025-11-18T12:00:41.014221,my_hand_data\videos\grab_seq28_20251118_120039_112579.avi,89.51653239797636,360,90,HIGH,VIDEO_RECORDING,2025-11-18T12:00:43.203794
2025-11-18 12:00:41.035350,172,244,HandType.Right,0.6628919839859009,9.68476390838623,168.70635986328125,-106.48074340820312,-0.7620505094528198,-0.24658280611038208,0.598728597164154,0.18655911087989807,1.1523040533065796,-0.7585735321044922,0.45085376501083374,0.109561026096344,64.51966857910156,0,1,0,0,0,-42.55794906616211,174.60504150390625,-66.97811889648438,-52.477455139160156,198.4439239501953,-126.1059341430664,grab,28,2025-11-18T12:00:41.035350,my_hand_data\videos\grab_seq28_20251118_120039_112579.avi,89.51653239797636,360,90,HIGH,VIDEO_RECORDING,2025-11-18T12:00:43.203794
2025-11-18 12:00:41.039687,173,244,HandType.Right,0.6626666784286499,9.70375919342041,168.75502014160156,-106.49465942382812,-0.7621391415596008,-0.24618743360042572,0.598778486251831,1.7603976726531982,4.509301662445068,-1.2899999618530273,0.4519074559211731,0.1093742772936821,64.58940887451172,0,1,0,0,0,-42.53077697753906,174.6284637451172,-66.95247650146484,-52.430206298828125,198.5323486328125,-126.13352966308594,grab,28,2025-11-18T12:00:41.039687,my_hand_data\videos\grab_seq28_20251118_120039_112579.avi,89.51653239797636,360,90,HIGH,VIDEO_RECORDING,2025-11-18T12:00:43.203794
2025-11-18 12:00:41.050995,174,244,HandType.Right,0.6625600457191467,9.710323333740234,168.82725524902344,-106.49823760986328,-0.7622077465057373,-0.24599620699882507,0.5987697839736938,0.5730418562889099,6.306528091430664,-0.3120880722999573,0.4513274133205414,0.10892856121063232,64.6661376953125,0,1,0,0,0,-42.513736724853516,174.7066650390625,-66.93574523925781,-52.40928268432617,198.6707763671875,-126.17684936523438,grab,28,2025-11-18T12:00:41.050995,my_hand_data\videos\grab_seq28_20251118_120039_112579.avi,89.51653239797636,360,90,HIGH,VIDEO_RECORDING,2025-11-18T12:00:43.203794
2025-11-18 12:00:41.066899,175,244,HandType.Right,0.6625812649726868,9.725794792175293,168.87924194335938,-106.48167419433594,-0.7623119950294495,-0.24568986892700195,0.5987628698348999,1.3844720125198364,4.651710033416748,1.4819308519363403,0.45100870728492737,0.1083957850933075,64.7192611694336,0,1,0,0,0,-42.49174118041992,174.78421020507812,-66.90394592285156,-52.38162612915039,198.78456115722656,-126.18932342529297,grab,28,2025-11-18T12:00:41.066899,my_hand_data\videos\grab_seq28_20251118_120039_112579.avi,89.51653239797636,360,90,HIGH,VIDEO_RECORDING,2025-11-18T12:00:43.203794
2025-11-18 12:00:41.071683,176,244,HandType.Right,0.6625812649726868,9.725794792175293,168.87924194335938,-106.48167419433594,-0.7623119950294495,-0.24568986892700195,0.5987628698348999,1.3844720125198364,4.651710033416748,1.4819308519363403,0.45100870728492737,0.1083957850933075,64.7192611694336,0,1,0,0,0,-42.49174118041992,174.78421020507812,-66.90394592285156,-52.38162612915039,198.78456115722656,-126.18932342529297,grab,28,2025-11-18T12:00:41.071683,my_hand_data\videos\grab_seq28_20251118_120039_112579.avi,89.51653239797636,360,90,HIGH,VIDEO_RECORDING,2025-11-18T12:00:43.203794
2025-11-18 12:00:41.082606,177,244,HandType.Right,0.6627771854400635,9.719029426574707,168.9899139404297,-106.45890808105469,-0.762416422367096,-0.24567896127700806,0.5986343026161194,-0.6230484247207642,10.192599296569824,2.0967845916748047,0.45076996088027954,0.1081891804933548,64.77969360351562,0,1,0,0,0,-42.48348617553711,174.8856201171875,-66.86954498291016,-52.36604690551758,198.93362426757812,-126.20281982421875,grab,28,2025-11-18T12:00:41.082606,my_hand_data\videos\grab_seq28_20251118_120039_112579.avi,89.51653239797636,360,90,HIGH,VIDEO_RECORDING,2025-11-18T12:00:43.203794
2025-11-18 12:00:41.099108,178,244,HandType.Right,0.6633011102676392,9.679308891296387,169.21363830566406,-106.3541488647461,-0.7626200318336487,-0.2462434321641922,0.5981428027153015,-1.9065470695495605,9.583049774169922,5.527558326721191,0.45006152987480164,0.10795480757951736,64.88622283935547,0,1,0,0,0,-42.50283432006836,175.1014404296875,-66.75588989257812,-52.367210388183594,199.21878051757812,-126.18038177490234,grab,28,2025-11-18T12:00:41.099108,my_hand_data\videos\grab_seq28_20251118_120039_112579.avi,89.51653239797636,360,90,HIGH,VIDEO_RECORDING,2025-11-18T12:00:43.203794
2025-11-18 12:00:41.103882,179,244,HandType.Right,0.6633011102676392,9.679308891296387,169.21363830566406,-106.3541488647461,-0.7626200318336487,-0.2462434321641922,0.5981428027153015,-1.9065470695495605,9.583049774169922,5.527558326721191,0.45006152987480164,0.10795480757951736,64.88622283935547,0,1,0,0,0,-42.50283432006836,175.1014404296875,-66.75588989257812,-52.367210388183594,199.21878051757812,-126.18038177490234,grab,28,2025-11-18T12:00:41.103882,my_hand_data\videos\grab_seq28_20251118_120039_112579.avi,89.51653239797636,360,90,HIGH,VIDEO_RECORDING,2025-11-18T12:00:43.203794
2025-11-18 12:00:41.113978,180,244,HandType.Right,0.6633248925209045,9.661324501037598,169.33982849121094,-106.28849792480469,-0.7626729011535645,-0.24670735001564026,0.5978841781616211,-1.6101841926574707,11.298240661621094,5.878083229064941,0.44857314229011536,0.10802476853132248,64.98402404785156,0,1,0,0,0,-42.516910552978516,175.21426391601562,-66.69063568115234,-52.38143539428711,199.40589904785156,-126.19171905517578,grab,28,2025-11-18T12:00:41.113978,my_hand_data\videos\grab_seq28_20251118_120039_112579.avi,89.51653239797636,360,90,HIGH,VIDEO_RECORDING,2025-11-18T12:00:43.203794
2025-11-18 12:00:41.129913,181,244,HandType.Right,0.6637381911277771,9.586161613464355,169.55552673339844,-106.13256072998047,-0.7627236247062683,-0.24810168147087097,0.5972421765327454,-4.322808742523193,10.413097381591797,6.446802139282227,0.44622212648391724,0.1087106466293335,65.1700210571289,0,1,0,0,0,-42.576351165771484,175.34933471679688,-66.53740692138672,-52.45807647705078,199.695068359375,-126.17605590820312,grab,28,2025-11-18T12:00:41.129913,my_hand_data\videos\grab_seq28_20251118_120039_112579.avi,89.51653239797636,360,90,HIGH,VIDEO_RECORDING,2025-11-18T12:00:43.203794
2025-11-18 12:00:41.133934,182,244,HandType.Right,0.6637381911277771,9.586161613464355,169.55552673339844,-106.13256072998047,-0.7627236247062683,-0.24810168147087097,0.5972421765327454,-4.322808742523193,10.413097381591797,6.446802139282227,0.44622212648391724,0.1087106466293335,65.1700210571289,0,1,0,0,0,-42.576351165771484,175.34933471679688,-66.53740692138672,-52.45807647705078,199.695068359375,-126.17605590820312,grab,28,2025-11-18T12:00:41.133934,my_hand_data\videos\grab_seq28_20251118_120039_112579.avi,89.51653239797636,360,90,HIGH,VIDEO_RECORDING,2025-11-18T12:00:43.203794
2025-11-18 12:00:41.161071,183,244,HandType.Right,0.664397656917572,9.486150741577148,169.74562072753906,-105.98223876953125,-0.7627589702606201,-0.24908289313316345,0.5967884659767151,-3.751746416091919,7.034491062164307,6.71317720413208,0.44313788414001465,0.10913873463869095,65.35044860839844,0,1,0,0,0,-42.65811538696289,175.4606170654297,-66.376220703125,-52.56768035888672,199.93287658691406,-126.15573120117188,grab,28,2025-11-18T12:00:41.161071,my_hand_data\videos\grab_seq28_20251118_120039_112579.avi,89.51653239797636,360,90,HIGH,VIDEO_RECORDING,2025-11-18T12:00:43.203794
2025-11-18 12:00:41.165565,184,244,HandType.Right,0.6644050478935242,9.450115203857422,169.78363037109375,-105.89595031738281,-0.7627654671669006,-0.2492285519838333,0.5967193245887756,-3.332249879837036,3.514714241027832,7.979249000549316,0.44080403447151184,0.10959773510694504,65.4367446899414,0,1,0,0,0,-42.69245910644531,175.49179077148438,-66.28788757324219,-52.60923385620117,200.03016662597656,-126.13346862792969,grab,28,2025-11-18T12:00:41.165565,my_hand_data\videos\grab_seq28_20251118_120039_112579.avi,89.51653239797636,360,90,HIGH,VIDEO_RECORDING,2025-11-18T12:00:43.203794
2025-11-18 12:00:41.170212,185,244,HandType.Right,0.6644050478935242,9.450115203857422,169.78363037109375,-105.89595031738281,-0.7627654671669006,-0.2492285519838333,0.5967193245887756,-3.332249879837036,3.514714241027832,7.979249000549316,0.44080403447151184,0.10959773510694504,65.4367446899414,0,1,0,0,0,-42.69245910644531,175.49179077148438,-66.28788757324219,-52.60923385620117,200.03016662597656,-126.13346862792969,grab,28,2025-11-18T12:00:41.170212,my_hand_data\videos\grab_seq28_20251118_120039_112579.avi,89.51653239797636,360,90,HIGH,VIDEO_RECORDING,2025-11-18T12:00:43.203794
2025-11-18 12:00:41.193785,186,244,HandType.Right,0.664747416973114,9.328106880187988,169.877197265625,-105.72490692138672,-0.7624977231025696,-0.2498009204864502,0.596822202205658,-5.486811637878418,4.726271629333496,6.867022514343262,0.4359615445137024,0.10895029455423355,65.63201141357422,0,1,0,0,0,-42.79523468017578,175.59332275390625,-66.07547760009766,-52.75663757324219,200.17630004882812,-126.10887145996094,grab,28,2025-11-18T12:00:41.193785,my_hand_data\videos\grab_seq28_20251118_120039_112579.avi,89.51653239797636,360,90,HIGH,VIDEO_RECORDING,2025-11-18T12:00:43.203794
2025-11-18 12:00:41.196431,187,244,HandType.Right,0.6651957631111145,9.254792213439941,169.91595458984375,-105.65522766113281,-0.7623177766799927,-0.24989011883735657,0.5970146656036377,-6.57179594039917,3.474052906036377,6.246126174926758,0.4330857992172241,0.10741063952445984,65.73213958740234,0,1,0,0,0,-42.8704833984375,175.70045471191406,-65.96212005615234,-52.842037200927734,200.2494354248047,-126.11717224121094,grab,28,2025-11-18T12:00:41.196431,my_hand_data\videos\grab_seq28_20251118_120039_112579.avi,89.51653239797636,360,90,HIGH,VIDEO_RECORDING,2025-11-18T12:00:43.203794
2025-11-18 12:00:41.202337,188,244,HandType.Right,0.6651957631111145,9.254792213439941,169.91595458984375,-105.65522766113281,-0.7623177766799927,-0.24989011883735657,0.5970146656036377,-6.57179594039917,3.474052906036377,6.246126174926758,0.4330857992172241,0.10741063952445984,65.73213958740234,0,1,0,0,0,-42.8704833984375,175.70045471191406,-65.96212005615234,-52.842037200927734,200.2494354248047,-126.11717224121094,grab,28,2025-11-18T12:00:41.202337,my_hand_data\videos\grab_seq28_20251118_120039_112579.avi,89.51653239797636,360,90,HIGH,VIDEO_RECORDING,2025-11-18T12:00:43.203794
2025-11-18 12:00:41.225735,189,244,HandType.Right,0.6661858558654785,9.065641403198242,170.10894775390625,-105.51419067382812,-0.7618927955627441,-0.24972966313362122,0.5976240634918213,-9.655549049377441,8.271613121032715,6.14028787612915,0.43045854568481445,0.10347391664981842,65.95986938476562,0,1,0,0,0,-43.04036331176758,175.99874877929688,-65.65469360351562,-53.01295852661133,200.53640747070312,-126.06292724609375,grab,28,2025-11-18T12:00:41.225735,my_hand_data\videos\grab_seq28_20251118_120039_112579.avi,89.51653239797636,360,90,HIGH,VIDEO_RECORDING,2025-11-18T12:00:43.203794
2025-11-18 12:00:41.227746,190,244,HandType.Right,0.6665207147598267,8.941339492797852,170.1988067626953,-105.44956970214844,-0.7616621255874634,-0.2493642270565033,0.5980704426765442,-11.388123512268066,8.232583045959473,5.9200639724731445,0.43018245697021484,0.10127697885036469,66.06597137451172,0,1,0,0,0,-43.14609909057617,176.1267547607422,-65.49970245361328,-53.11775588989258,200.67501831054688,-126.0196304321289,grab,28,2025-11-18T12:00:41.227746,my_hand_data\videos\grab_seq28_20251118_120039_112579.avi,89.51653239797636,360,90,HIGH,VIDEO_RECORDING,2025-11-18T12:00:43.203794
2025-11-18 12:00:41.236391,191,244,HandType.Right,0.6665207147598267,8.941339492797852,170.1988067626953,-105.44956970214844,-0.7616621255874634,-0.2493642270565033,0.5980704426765442,-11.388123512268066,8.232583045959473,5.9200639724731445,0.43018245697021484,0.10127697885036469,66.06597137451172,0,1,0,0,0,-43.14609909057617,176.1267547607422,-65.49970245361328,-53.11775588989258,200.67501831054688,-126.0196304321289,grab,28,2025-11-18T12:00:41.236391,my_hand_data\videos\grab_seq28_20251118_120039_112579.avi,89.51653239797636,360,90,HIGH,VIDEO_RECORDING,2025-11-18T12:00:43.203794
2025-11-18 12:00:41.257485,192,244,HandType.Right,0.6665251851081848,8.724764823913574,170.32579040527344,-105.28169250488281,-0.7609392404556274,-0.24908581376075745,0.5991057753562927,-9.588333129882812,4.692328453063965,8.91922664642334,0.4286440312862396,0.09721648693084717,66.25940704345703,0,1,0,0,0,-43.31155014038086,176.31979370117188,-65.18468475341797,-53.33330535888672,200.81234741210938,-125.9299545288086,grab,28,2025-11-18T12:00:41.257485,my_hand_data\videos\grab_seq28_20251118_120039_112579.avi,89.51653239797636,360,90,HIGH,VIDEO_RECORDING,2025-11-18T12:00:43.203794
2025-11-18 12:00:41.257485,193,244,HandType.Right,0.6664771437644958,8.61772346496582,170.40333557128906,-105.173828125,-0.7605322599411011,-0.249146968126297,0.5995969176292419,-9.80504322052002,7.10308313369751,9.880285263061523,0.4276559352874756,0.09597282856702805,66.31550598144531,0,1,0,0,0,-43.401100158691406,176.41851806640625,-65.04401397705078,-53.45454788208008,200.90017700195312,-125.8496322631836,grab,28,2025-11-18T12:00:41.257485,my_hand_data\videos\grab_seq28_20251118_120039_112579.avi,89.51653239797636,360,90,HIGH,VIDEO_RECORDING,2025-11-18T12:00:43.203794
2025-11-18 12:00:41.257485,194,244,HandType.Right,0.6664771437644958,8.61772346496582,170.40333557128906,-105.173828125,-0.7605322599411011,-0.249146968126297,0.5995969176292419,-9.80504322052002,7.10308313369751,9.880285263061523,0.4276559352874756,0.09597282856702805,66.31550598144531,0,1,0,0,0,-43.401100158691406,176.41851806640625,-65.04401397705078,-53.45454788208008,200.90017700195312,-125.8496322631836,grab,28,2025-11-18T12:00:41.257485,my_hand_data\videos\grab_seq28_20251118_120039_112579.avi,89.51653239797636,360,90,HIGH,VIDEO_RECORDING,2025-11-18T12:00:43.203794
2025-11-18 12:00:41.289541,195,244,HandType.Right,0.6664714217185974,8.385758399963379,170.5402069091797,-104.96507263183594,-0.7596468925476074,-0.24909624457359314,0.6007392406463623,-10.531368255615234,6.807126998901367,8.860713005065918,0.42295706272125244,0.09129355102777481,66.3868179321289,0,1,0,0,0,-43.61820983886719,176.6920166015625,-64.78163146972656,-53.75132751464844,201.05902099609375,-125.69779205322266,grab,28,2025-11-18T12:00:41.289541,my_hand_data\videos\grab_seq28_20251118_120039_112579.avi,89.51653239797636,360,90,HIGH,VIDEO_RECORDING,2025-11-18T12:00:43.203794
2025-11-18 12:00:41.294532,196,244,HandType.Right,0.6664714217185974,8.385758399963379,170.5402069091797,-104.96507263183594,-0.7596468925476074,-0.24909624457359314,0.6007392406463623,-10.531368255615234,6.807126998901367,8.860713005065918,0.42295706272125244,0.09129355102777481,66.3868179321289,0,1,0,0,0,-43.61820983886719,176.6920166015625,-64.78163146972656,-53.75132751464844,201.05902099609375,-125.69779205322266,grab,28,2025-11-18T12:00:41.294532,my_hand_data\videos\grab_seq28_20251118_120039_112579.avi,89.51653239797636,360,90,HIGH,VIDEO_RECORDING,2025-11-18T12:00:43.203794
2025-11-18 12:00:41.305541,197,244,HandType.Right,0.666644275188446,8.294929504394531,170.630615234375,-104.87171936035156,-0.7592099905014038,-0.249107226729393,0.601286768913269,-7.969586372375488,7.932726860046387,8.190917015075684,0.4202766418457031,0.08889052271842957,66.40662384033203,0,1,0,0,0,-43.713993072509766,176.8717498779297,-64.64881896972656,-53.888553619384766,201.15692138671875,-125.61231994628906,grab,28,2025-11-18T12:00:41.305541,my_hand_data\videos\grab_seq28_20251118_120039_112579.avi,89.51653239797636,360,90,HIGH,VIDEO_RECORDING,2025-11-18T12:00:43.203794
2025-11-18 12:00:41.321387,198,244,HandType.Right,0.6668184399604797,8.066433906555176,170.76565551757812,-104.65281677246094,-0.7581932544708252,-0.24903753399848938,0.602597177028656,-10.674886703491211,4.202274799346924,11.475330352783203,0.41445133090019226,0.08512825518846512,66.51197814941406,0,1,0,0,0,-43.92129135131836,177.13255310058594,-64.32999420166016,-54.17724609375,201.35475158691406,-125.41963195800781,grab,28,2025-11-18T12:00:41.321387,my_hand_data\videos\grab_seq28_20251118_120039_112579.avi,89.51653239797636,360,90,HIGH,VIDEO_RECORDING,2025-11-18T12:00:43.203794
2025-11-18 12:00:41.321387,199,244,HandType.Right,0.6668184399604797,8.066433906555176,170.76565551757812,-104.65281677246094,-0.7581932544708252,-0.24903753399848938,0.602597177028656,-10.674886703491211,4.202274799346924,11.475330352783203,0.41445133090019226,0.08512825518846512,66.51197814941406,0,1,0,0,0,-43.92129135131836,177.13255310058594,-64.32999420166016,-54.17724609375,201.35475158691406,-125.41963195800781,grab,28,2025-11-18T12:00:41.321387,my_hand_data\videos\grab_seq28_20251118_120039_112579.avi,89.51653239797636,360,90,HIGH,VIDEO_RECORDING,2025-11-18T12:00:43.203794
2025-11-18 12:00:41.337032,200,244,HandType.Right,0.6669694781303406,7.935407638549805,170.8354949951172,-104.5584487915039,-0.757575273513794,-0.2488892674446106,0.6034350395202637,-11.897456169128418,6.341830253601074,8.568230628967285,0.4125015139579773,0.08322087675333023,66.51917266845703,0,1,0,0,0,-44.053749084472656,177.307861328125,-64.19527435302734,-54.33818054199219,201.4437255859375,-125.3221206665039,grab,28,2025-11-18T12:00:41.337032,my_hand_data\videos\grab_seq28_20251118_120039_112579.avi,89.51653239797636,360,90,HIGH,VIDEO_RECORDING,2025-11-18T12:00:43.203794
2025-11-18 12:00:41.352498,201,244,HandType.Right,0.6670724153518677,7.723751068115234,171.062744140625,-104.3703384399414,-0.7565091848373413,-0.2485826164484024,0.6048970818519592,-9.870121002197266,13.970162391662598,8.4323148727417,0.40951570868492126,0.07922551780939102,66.58818817138672,0,1,0,0,0,-44.26020050048828,177.60372924804688,-63.90570068359375,-54.57498550415039,201.7237091064453,-125.10879516601562,grab,28,2025-11-18T12:00:41.352498,my_hand_data\videos\grab_seq28_20251118_120039_112579.avi,89.51653239797636,360,90,HIGH,VIDEO_RECORDING,2025-11-18T12:00:43.203794
2025-11-18 12:00:41.368221,202,244,HandType.Right,0.6666952967643738,7.622695446014404,171.20689392089844,-104.26644897460938,-0.7560428380966187,-0.24881060421466827,0.6053862571716309,-8.578605651855469,12.237126350402832,8.819243431091309,0.4082306921482086,0.07765749841928482,66.63758850097656,0,1,0,0,0,-44.34727096557617,177.72296142578125,-63.75120544433594,-54.68083190917969,201.87979125976562,-124.9903564453125,grab,28,2025-11-18T12:00:41.368221,my_hand_data\videos\grab_seq28_20251118_120039_112579.avi,89.51653239797636,360,90,HIGH,VIDEO_RECORDING,2025-11-18T12:00:43.203794
2025-11-18 12:00:41.368221,203,244,HandType.Right,0.6666952967643738,7.622695446014404,171.20689392089844,-104.26644897460938,-0.7560428380966187,-0.24881060421466827,0.6053862571716309,-8.578605651855469,12.237126350402832,8.819243431091309,0.4082306921482086,0.07765749841928482,66.63758850097656,0,1,0,0,0,-44.34727096557617,177.72296142578125,-63.75120544433594,-54.68083190917969,201.87979125976562,-124.9903564453125,grab,28,2025-11-18T12:00:41.368221,my_hand_data\videos\grab_seq28_20251118_120039_112579.avi,89.51653239797636,360,90,HIGH,VIDEO_RECORDING,2025-11-18T12:00:43.203794
2025-11-18 12:00:41.384006,204,244,HandType.Right,0.666411817073822,7.470526218414307,171.41371154785156,-104.00650024414062,-0.7550092935562134,-0.24922893941402435,0.6065030097961426,-6.747608661651611,8.69527816772461,11.277682304382324,0.4046202600002289,0.07431527227163315,66.72721862792969,0,1,0,0,0,-44.47660446166992,177.92416381835938,-63.43181610107422,-54.881813049316406,202.11813354492188,-124.74172973632812,grab,28,2025-11-18T12:00:41.384006,my_hand_data\videos\grab_seq28_20251118_120039_112579.avi,89.51653239797636,360,90,HIGH,VIDEO_RECORDING,2025-11-18T12:00:43.203794
2025-11-18 12:00:41.399909,205,244,HandType.Right,0.6661953926086426,7.38502311706543,171.4451904296875,-103.93083190917969,-0.7544840574264526,-0.24886083602905273,0.6073072552680969,-7.785724639892578,2.866792917251587,6.889868259429932,0.4040176272392273,0.0716581866145134,66.71708679199219,0,1,0,0,0,-44.56129837036133,178.00225830078125,-63.32124710083008,-54.97038269042969,202.1603240966797,-124.63362884521484,grab,28,2025-11-18T12:00:41.399909,my_hand_data\videos\grab_seq28_20251118_120039_112579.avi,89.51653239797636,360,90,HIGH,VIDEO_RECORDING,2025-11-18T12:00:43.203794
2025-11-18 12:00:41.406884,206,244,HandType.Right,0.6659543514251709,7.342231750488281,171.56663513183594,-103.8660659790039,-0.7541477084159851,-0.24840223789215088,0.6079124212265015,-3.9706177711486816,11.269564628601074,6.010009288787842,0.40426337718963623,0.07104255259037018,66.72853088378906,0,1,0,0,0,-44.59708023071289,178.11895751953125,-63.220218658447266,-55.00484848022461,202.3033905029297,-124.53488159179688,grab,28,2025-11-18T12:00:41.406884,my_hand_data\videos\grab_seq28_20251118_120039_112579.avi,89.51653239797636,360,90,HIGH,VIDEO_RECORDING,2025-11-18T12:00:43.203794
2025-11-18 12:00:41.415550,207,244,HandType.Right,0.6659543514251709,7.342231750488281,171.56663513183594,-103.8660659790039,-0.7541477084159851,-0.24840223789215088,0.6079124212265015,-3.9706177711486816,11.269564628601074,6.010009288787842,0.40426337718963623,0.07104255259037018,66.72853088378906,0,1,0,0,0,-44.59708023071289,178.11895751953125,-63.220218658447266,-55.00484848022461,202.3033905029297,-124.53488159179688,grab,28,2025-11-18T12:00:41.415550,my_hand_data\videos\grab_seq28_20251118_120039_112579.avi,89.51653239797636,360,90,HIGH,VIDEO_RECORDING,2025-11-18T12:00:43.203794
2025-11-18 12:00:41.431351,208,244,HandType.Right,0.6651841402053833,7.288682460784912,171.77435302734375,-103.76338958740234,-0.7536552548408508,-0.24712370336055756,0.6090431809425354,-0.6522535085678101,10.079974174499512,4.534640789031982,0.4039244055747986,0.06832467764616013,66.7898178100586,0,1,0,0,0,-44.64597702026367,178.34408569335938,-63.0755729675293,-55.01363754272461,202.61631774902344,-124.42906188964844,grab,28,2025-11-18T12:00:41.431351,my_hand_data\videos\grab_seq28_20251118_120039_112579.avi,89.51653239797636,360,90,HIGH,VIDEO_RECORDING,2025-11-18T12:00:43.203794
2025-11-18 12:00:41.436773,209,244,HandType.Right,0.6651841402053833,7.288682460784912,171.77435302734375,-103.76338958740234,-0.7536552548408508,-0.24712370336055756,0.6090431809425354,-0.6522535085678101,10.079974174499512,4.534640789031982,0.4039244055747986,0.06832467764616013,66.7898178100586,0,1,0,0,0,-44.64597702026367,178.34408569335938,-63.0755729675293,-55.01363754272461,202.61631774902344,-124.42906188964844,grab,28,2025-11-18T12:00:41.436773,my_hand_data\videos\grab_seq28_20251118_120039_112579.avi,89.51653239797636,360,90,HIGH,VIDEO_RECORDING,2025-11-18T12:00:43.203794
2025-11-18 12:00:41.447371,210,244,HandType.Right,0.6646328568458557,7.316937446594238,171.92178344726562,-103.74242401123047,-0.7536831498146057,-0.24614305794239044,0.6094056963920593,2.5347745418548584,13.225320816040039,1.8805683851242065,0.40396231412887573,0.06717495620250702,66.81060791015625,0,1,0,0,0,-44.63362121582031,178.52255249023438,-63.046424865722656,-54.944461822509766,202.83538818359375,-124.4160385131836,grab,28,2025-11-18T12:00:41.447371,my_hand_data\videos\grab_seq28_20251118_120039_112579.avi,89.51653239797636,360,90,HIGH,VIDEO_RECORDING,2025-11-18T12:00:43.203794
2025-11-18 12:00:41.463417,211,244,HandType.Right,0.6639002561569214,7.455892086029053,172.2565460205078,-103.6812973022461,-0.753993570804596,-0.24455000460147858,0.6096630692481995,7.6733293533325195,15.973976135253906,2.36210298538208,0.40367159247398376,0.06291596591472626,66.8289566040039,0,1,0,0,0,-44.53621292114258,178.9342498779297,-62.99140167236328,-54.73285675048828,203.2726593017578,-124.38993072509766,grab,28,2025-11-18T12:00:41.463417,my_hand_data\videos\grab_seq28_20251118_120039_112579.avi,89.51653239797636,360,90,HIGH,VIDEO_RECORDING,2025-11-18T12:00:43.203794
2025-11-18 12:00:41.478713,212,244,HandType.Right,0.6633517146110535,7.547100067138672,172.4575653076172,-103.6578369140625,-0.7543168067932129,-0.24379432201385498,0.609565794467926,8.092981338500977,17.83647346496582,2.0818734169006348,0.4039396047592163,0.06264974176883698,66.8569564819336,0,1,0,0,0,-44.457035064697266,179.1282196044922,-62.9769401550293,-54.600791931152344,203.5510711669922,-124.38117980957031,grab,28,2025-11-18T12:00:41.478713,my_hand_data\videos\grab_seq28_20251118_120039_112579.avi,89.51653239797636,360,90,HIGH,VIDEO_RECORDING,2025-11-18T12:00:43.203794
2025-11-18 12:00:41.486224,213,244,HandType.Right,0.6630226373672485,7.642175197601318,172.688720703125,-103.63868713378906,-0.7548274993896484,-0.24294523894786835,0.6092725396156311,8.826136589050293,21.458663940429688,1.7775509357452393,0.4051591455936432,0.06240757927298546,66.84991455078125,0,1,0,0,0,-44.38273620605469,179.34591674804688,-62.98055648803711,-54.44683074951172,203.84344482421875,-124.36048889160156,grab,28,2025-11-18T12:00:41.486224,my_hand_data\videos\grab_seq28_20251118_120039_112579.avi,89.51653239797636,360,90,HIGH,VIDEO_RECORDING,2025-11-18T12:00:43.203794
2025-11-18 12:00:41.488240,214,244,HandType.Right,0.6630226373672485,7.642175197601318,172.688720703125,-103.63868713378906,-0.7548274993896484,-0.24294523894786835,0.6092725396156311,8.826136589050293,21.458663940429688,1.7775509357452393,0.4051591455936432,0.06240757927298546,66.84991455078125,0,1,0,0,0,-44.38273620605469,179.34591674804688,-62.98055648803711,-54.44683074951172,203.84344482421875,-124.36048889160156,grab,28,2025-11-18T12:00:41.488240,my_hand_data\videos\grab_seq28_20251118_120039_112579.avi,89.51653239797636,360,90,HIGH,VIDEO_RECORDING,2025-11-18T12:00:43.203794
2025-11-18 12:00:41.510094,215,244,HandType.Right,0.662537157535553,7.835737228393555,173.09255981445312,-103.53587341308594,-0.7558818459510803,-0.2416609823703766,0.6084756255149841,8.531135559082031,17.806385040283203,5.321676731109619,0.4072568416595459,0.06186091527342796,66.83187866210938,0,1,0,0,0,-44.2185173034668,179.74246215820312,-62.92083740234375,-54.15073013305664,204.39170837402344,-124.2418441772461,grab,28,2025-11-18T12:00:41.510094,my_hand_data\videos\grab_seq28_20251118_120039_112579.avi,89.51653239797636,360,90,HIGH,VIDEO_RECORDING,2025-11-18T12:00:43.203794
2025-11-18 12:00:41.513894,216,244,HandType.Right,0.662537157535553,7.835737228393555,173.09255981445312,-103.53587341308594,-0.7558818459510803,-0.2416609823703766,0.6084756255149841,8.531135559082031,17.806385040283203,5.321676731109619,0.4072568416595459,0.06186091527342796,66.83187866210938,0,1,0,0,0,-44.2185173034668,179.74246215820312,-62.92083740234375,-54.15073013305664,204.39170837402344,-124.2418441772461,grab,28,2025-11-18T12:00:41.513894,my_hand_data\videos\grab_seq28_20251118_120039_112579.avi,89.51653239797636,360,90,HIGH,VIDEO_RECORDING,2025-11-18T12:00:43.203794
2025-11-18 12:00:41.525773,217,244,HandType.Right,0.6623707413673401,7.894969463348389,173.24180603027344,-103.45230102539062,-0.7562102675437927,-0.241316020488739,0.6082044243812561,5.323273181915283,13.412425994873047,7.510937690734863,0.4077472388744354,0.061859916895627975,66.78125762939453,0,1,0,0,0,-44.17916488647461,179.9036865234375,-62.85859680175781,-54.06816482543945,204.595947265625,-124.11409759521484,grab,28,2025-11-18T12:00:41.525773,my_hand_data\videos\grab_seq28_20251118_120039_112579.avi,89.51653239797636,360,90,HIGH,VIDEO_RECORDING,2025-11-18T12:00:43.203794
2025-11-18 12:00:41.541856,218,244,HandType.Right,0.6623427271842957,7.95334529876709,173.5221405029297,-103.29882049560547,-0.7567298412322998,-0.240397647023201,0.607921838760376,1.9675207138061523,11.612386703491211,6.605716705322266,0.41184425354003906,0.06194767728447914,66.61434936523438,0,1,0,0,0,-44.137298583984375,180.1724090576172,-62.70404052734375,-53.94729995727539,204.94168090820312,-123.75908660888672,grab,28,2025-11-18T12:00:41.541856,my_hand_data\videos\grab_seq28_20251118_120039_112579.avi,89.51653239797636,360,90,HIGH,VIDEO_RECORDING,2025-11-18T12:00:43.203794
2025-11-18 12:00:41.557592,219,244,HandType.Right,0.6620237827301025,7.959647178649902,173.5946502685547,-103.2051010131836,-0.7569159269332886,-0.23998570442199707,0.6078528761863708,0.5549535155296326,6.384780406951904,8.25328254699707,0.4128327965736389,0.06232878193259239,66.55777740478516,0,1,0,0,0,-44.1364860534668,180.23907470703125,-62.603973388671875,-53.919681549072266,205.0386962890625,-123.58926391601562,grab,28,2025-11-18T12:00:41.557592,my_hand_data\videos\grab_seq28_20251118_120039_112579.avi,89.51653239797636,360,90,HIGH,VIDEO_RECORDING,2025-11-18T12:00:43.203794
2025-11-18 12:00:41.563628,220,244,HandType.Right,0.6618519425392151,7.955833911895752,173.70059204101562,-103.10888671875,-0.7571296691894531,-0.23969684541225433,0.6077006459236145,-0.35245412588119507,9.79162311553955,8.892022132873535,0.4136570692062378,0.06296142190694809,66.52879333496094,0,1,0,0,0,-44.13987731933594,180.31942749023438,-62.498268127441406,-53.900943756103516,205.17581176757812,-123.4323501586914,grab,28,2025-11-18T12:00:41.563628,my_hand_data\videos\grab_seq28_20251118_120039_112579.avi,89.51653239797636,360,90,HIGH,VIDEO_RECORDING,2025-11-18T12:00:43.203794
2025-11-18 12:00:41.567863,221,244,HandType.Right,0.6618519425392151,7.955833911895752,173.70059204101562,-103.10888671875,-0.7571296691894531,-0.23969684541225433,0.6077006459236145,-0.35245412588119507,9.79162311553955,8.892022132873535,0.4136570692062378,0.06296142190694809,66.52879333496094,0,1,0,0,0,-44.13987731933594,180.31942749023438,-62.498268127441406,-53.900943756103516,205.17581176757812,-123.4323501586914,grab,28,2025-11-18T12:00:41.567863,my_hand_data\videos\grab_seq28_20251118_120039_112579.avi,89.51653239797636,360,90,HIGH,VIDEO_RECORDING,2025-11-18T12:00:43.203794
2025-11-18 12:00:41.588757,222,244,HandType.Right,0.6618103384971619,7.923104763031006,173.9307098388672,-102.91754150390625,-0.7574129700660706,-0.239406019449234,0.6074622273445129,-0.9342338442802429,9.07868766784668,9.21341609954834,0.4148266315460205,0.06491777300834656,66.51813507080078,0,1,0,0,0,-44.155487060546875,180.47119140625,-62.28437423706055,-53.89433288574219,205.46929931640625,-123.15235900878906,grab,28,2025-11-18T12:00:41.588757,my_hand_data\videos\grab_seq28_20251118_120039_112579.avi,89.51653239797636,360,90,HIGH,VIDEO_RECORDING,2025-11-18T12:00:43.203794
2025-11-18 12:00:41.594419,223,244,HandType.Right,0.6618103384971619,7.923104763031006,173.9307098388672,-102.91754150390625,-0.7574129700660706,-0.239406019449234,0.6074622273445129,-0.9342338442802429,9.07868766784668,9.21341609954834,0.4148266315460205,0.06491777300834656,66.51813507080078,0,1,0,0,0,-44.155487060546875,180.47119140625,-62.28437423706055,-53.89433288574219,205.46929931640625,-123.15235900878906,grab,28,2025-11-18T12:00:41.594419,my_hand_data\videos\grab_seq28_20251118_120039_112579.avi,89.51653239797636,360,90,HIGH,VIDEO_RECORDING,2025-11-18T12:00:43.203794
2025-11-18 12:00:41.604242,224,244,HandType.Right,0.661464273929596,7.904227256774902,174.0039825439453,-102.81028747558594,-0.7575125694274902,-0.2392454445362091,0.6074013113975525,-1.7466402053833008,6.77955961227417,9.923763275146484,0.4155333638191223,0.06599751859903336,66.496337890625,0,1,0,0,0,-44.16372299194336,180.51779174804688,-62.17494583129883,-53.89580535888672,205.5744171142578,-122.9961166381836,grab,28,2025-11-18T12:00:41.604242,my_hand_data\videos\grab_seq28_20251118_120039_112579.avi,89.51653239797636,360,90,HIGH,VIDEO_RECORDING,2025-11-18T12:00:43.203794
2025-11-18 12:00:41.620701,225,244,HandType.Right,0.6613209247589111,7.851510524749756,174.13572692871094,-102.62042236328125,-0.7576302289962769,-0.2393665611743927,0.6072068214416504,-2.936253547668457,6.020275115966797,8.282279014587402,0.4170503616333008,0.06789768487215042,66.4041976928711,0,1,0,0,0,-44.22050094604492,180.63992309570312,-61.99124526977539,-53.91315460205078,205.71871948242188,-122.70882415771484,grab,28,2025-11-18T12:00:41.620701,my_hand_data\videos\grab_seq28_20251118_120039_112579.avi,89.51653239797636,360,90,HIGH,VIDEO_RECORDING,2025-11-18T12:00:43.203794
2025-11-18 12:00:41.625584,226,244,HandType.Right,0.6613209247589111,7.851510524749756,174.13572692871094,-102.62042236328125,-0.7576302289962769,-0.2393665611743927,0.6072068214416504,-2.936253547668457,6.020275115966797,8.282279014587402,0.4170503616333008,0.06789768487215042,66.4041976928711,0,1,0,0,0,-44.22050094604492,180.63992309570312,-61.99124526977539,-53.91315460205078,205.71871948242188,-122.70882415771484,grab,28,2025-11-18T12:00:41.625584,my_hand_data\videos\grab_seq28_20251118_120039_112579.avi,89.51653239797636,360,90,HIGH,VIDEO_RECORDING,2025-11-18T12:00:43.203794
2025-11-18 12:00:41.636371,227,244,HandType.Right,0.6613162159919739,7.80578088760376,174.21656799316406,-102.54908752441406,-0.7576241493225098,-0.23951730132102966,0.6071549654006958,-4.107947826385498,7.261274337768555,6.407588481903076,0.4179801344871521,0.0686144083738327,66.35961151123047,0,1,0,0,0,-44.2634391784668,180.71026611328125,-61.92751693725586,-53.943477630615234,205.79925537109375,-122.59412384033203,grab,28,2025-11-18T12:00:41.636371,my_hand_data\videos\grab_seq28_20251118_120039_112579.avi,89.51653239797636,360,90,HIGH,VIDEO_RECORDING,2025-11-18T12:00:43.203794
2025-11-18 12:00:41.652505,228,244,HandType.Right,0.6612900495529175,7.764643669128418,174.31283569335938,-102.47869110107422,-0.7575873732566833,-0.23984365165233612,0.6070719957351685,-3.67592453956604,8.603017807006836,6.2905988693237305,0.4185986816883087,0.06929878890514374,66.32112121582031,0,1,0,0,0,-44.3043098449707,180.77236938476562,-61.86373519897461,-53.97576904296875,205.88514709472656,-122.4797592163086,grab,28,2025-11-18T12:00:41.652505,my_hand_data\videos\grab_seq28_20251118_120039_112579.avi,89.51653239797636,360,90,HIGH,VIDEO_RECORDING,2025-11-18T12:00:43.203794
2025-11-18 12:00:41.653426,229,244,HandType.Right,0.6610195636749268,7.723147392272949,174.39932250976562,-102.4086685180664,-0.7574885487556458,-0.2401583194732666,0.6070709228515625,-3.722614049911499,7.758753299713135,6.281965255737305,0.41894200444221497,0.07067165523767471,66.2823486328125,0,1,0,0,0,-44.3470344543457,180.81826782226562,-61.8076286315918,-54.01823806762695,205.9716033935547,-122.36444091796875,grab,28,2025-11-18T12:00:41.653426,my_hand_data\videos\grab_seq28_20251118_120039_112579.avi,89.51653239797636,360,90,HIGH,VIDEO_RECORDING,2025-11-18T12:00:43.203794
2025-11-18 12:00:41.684216,230,244,HandType.Right,0.6603163480758667,7.617000579833984,174.41937255859375,-102.26266479492188,-0.7572191953659058,-0.24045951664447784,0.6072877049446106,-4.261932849884033,-1.3010215759277344,6.070996284484863,0.4202953577041626,0.0731361135840416,66.16123962402344,0,1,0,0,0,-44.42287826538086,180.79881286621094,-61.67139434814453,-54.140865325927734,205.97259521484375,-122.07959747314453,grab,28,2025-11-18T12:00:41.684216,my_hand_data\videos\grab_seq28_20251118_120039_112579.avi,89.51653239797636,360,90,HIGH,VIDEO_RECORDING,2025-11-18T12:00:43.203794
2025-11-18 12:00:41.684216,231,244,HandType.Right,0.6601031422615051,7.566588878631592,174.38385009765625,-102.19595336914062,-0.7569997310638428,-0.24060019850730896,0.6075055003166199,-4.677250862121582,-3.2952606678009033,6.1890997886657715,0.4204622507095337,0.07410650700330734,66.12347412109375,0,1,0,0,0,-44.447898864746094,180.73638916015625,-61.59695053100586,-54.2108039855957,205.9158935546875,-121.95415496826172,grab,28,2025-11-18T12:00:41.684216,my_hand_data\videos\grab_seq28_20251118_120039_112579.avi,89.51653239797636,360,90,HIGH,VIDEO_RECORDING,2025-11-18T12:00:43.203794
2025-11-18 12:00:41.694249,232,244,HandType.Right,0.6601097583770752,7.512851238250732,174.34425354003906,-102.1384506225586,-0.7568008899688721,-0.24083346128463745,0.6076608300209045,-4.732547283172607,-3.4868826866149902,5.064518928527832,0.42145299911499023,0.07481932640075684,66.05535888671875,0,1,0,0,0,-44.49306106567383,180.6800079345703,-61.53046798706055,-54.2796745300293,205.84095764160156,-121.81694793701172,grab,28,2025-11-18T12:00:41.694249,my_hand_data\videos\grab_seq28_20251118_120039_112579.avi,89.51653239797636,360,90,HIGH,VIDEO_RECORDING,2025-11-18T12:00:43.203794
2025-11-18 12:00:41.716188,233,244,HandType.Right,0.660163402557373,7.468824863433838,174.3011474609375,-102.0947036743164,-0.7565586566925049,-0.24098743498325348,0.6079013347625732,-4.065572261810303,-3.9816534519195557,4.039345741271973,0.4230441749095917,0.07601762562990189,65.9906234741211,0,1,0,0,0,-44.5281982421875,180.59164428710938,-61.470951080322266,-54.340999603271484,205.74533081054688,-121.68526458740234,grab,28,2025-11-18T12:00:41.716188,my_hand_data\videos\grab_seq28_20251118_120039_112579.avi,89.51653239797636,360,90,HIGH,VIDEO_RECORDING,2025-11-18T12:00:43.203794
2025-11-18 12:00:41.720808,234,244,HandType.Right,0.6600929498672485,7.427405834197998,174.25439453125,-102.05451965332031,-0.7563329935073853,-0.24118319153785706,0.6081044673919678,-3.7287678718566895,-4.208226203918457,3.617732524871826,0.42513778805732727,0.07648389786481857,65.91679382324219,0,1,0,0,0,-44.55483627319336,180.5146484375,-61.40790939331055,-54.3878288269043,205.62887573242188,-121.55449676513672,grab,28,2025-11-18T12:00:41.720808,my_hand_data\videos\grab_seq28_20251118_120039_112579.avi,89.51653239797636,360,90,HIGH,VIDEO_RECORDING,2025-11-18T12:00:43.203794
2025-11-18 12:00:41.720808,235,244,HandType.Right,0.6600548624992371,7.3883161544799805,174.23129272460938,-102.02932739257812,-0.7561632990837097,-0.24124136567115784,0.6082924008369446,-3.551973342895508,-2.0993518829345703,2.2891652584075928,0.4274767339229584,0.0775105282664299,65.8527603149414,0,1,0,0,0,-44.578067779541016,180.46304321289062,-61.36670684814453,-54.41883850097656,205.56626892089844,-121.4464340209961,grab,28,2025-11-18T12:00:41.720808,my_hand_data\videos\grab_seq28_20251118_120039_112579.avi,89.51653239797636,360,90,HIGH,VIDEO_RECORDING,2025-11-18T12:00:43.203794
2025-11-18 12:00:41.747997,236,244,HandType.Right,0.6600432991981506,7.3555908203125,174.21775817871094,-102.00138092041016,-0.7560231685638428,-0.24138620495796204,0.6084091067314148,-2.8947951793670654,-1.1968021392822266,2.4723076820373535,0.4310653507709503,0.07878803461790085,65.74063873291016,0,1,0,0,0,-44.594444274902344,180.4428253173828,-61.32968521118164,-54.43246841430664,205.50111389160156,-121.30574035644531,grab,28,2025-11-18T12:00:41.747997,my_hand_data\videos\grab_seq28_20251118_120039_112579.avi,89.51653239797636,360,90,HIGH,VIDEO_RECORDING,2025-11-18T12:00:43.203794
2025-11-18 12:00:41.754427,237,244,HandType.Right,0.6601085066795349,7.309525489807129,174.21942138671875,-101.97759246826172,-0.7558301687240601,-0.24150176346302032,0.6086030006408691,-4.152642726898193,0.14906497299671173,2.14420485496521,0.4349654018878937,0.08044924587011337,65.6274185180664,0,1,0,0,0,-44.61375045776367,180.42056274414062,-61.29740524291992,-54.453819274902344,205.443115234375,-121.16394805908203,grab,28,2025-11-18T12:00:41.754427,my_hand_data\videos\grab_seq28_20251118_120039_112579.avi,89.51653239797636,360,90,HIGH,VIDEO_RECORDING,2025-11-18T12:00:43.203794
2025-11-18 12:00:41.760007,238,244,HandType.Right,0.6601085066795349,7.309525489807129,174.21942138671875,-101.97759246826172,-0.7558301687240601,-0.24150176346302032,0.6086030006408691,-4.152642726898193,0.14906497299671173,2.14420485496521,0.4349654018878937,0.08044924587011337,65.6274185180664,0,1,0,0,0,-44.61375045776367,180.42056274414062,-61.29740524291992,-54.453819274902344,205.443115234375,-121.16394805908203,grab,28,2025-11-18T12:00:41.760007,my_hand_data\videos\grab_seq28_20251118_120039_112579.avi,89.51653239797636,360,90,HIGH,VIDEO_RECORDING,2025-11-18T12:00:43.203794
2025-11-18 12:00:41.779425,239,244,HandType.Right,0.6602878570556641,7.230927467346191,174.2236785888672,-101.88290405273438,-0.7554098963737488,-0.242184579372406,0.6088533997535706,-3.5446012020111084,0.011340141296386719,4.7042059898376465,0.43792325258255005,0.08462192863225937,65.55763244628906,0,1,0,0,0,-44.618019104003906,180.38014221191406,-61.2038688659668,-54.51074981689453,205.38095092773438,-120.99430847167969,grab,28,2025-11-18T12:00:41.779425,my_hand_data\videos\grab_seq28_20251118_120039_112579.avi,89.51653239797636,360,90,HIGH,VIDEO_RECORDING,2025-11-18T12:00:43.203794
2025-11-18 12:00:41.785607,240,244,HandType.Right,0.6602405309677124,7.20132303237915,174.2230987548828,-101.82949829101562,-0.7552558183670044,-0.2424798160791397,0.6089270710945129,-2.6536474227905273,-0.05169869586825371,4.787286758422852,0.43970194458961487,0.0867939218878746,65.51539611816406,0,1,0,0,0,-44.60932922363281,180.3433074951172,-61.15190505981445,-54.528297424316406,205.33326721191406,-120.8962173461914,grab,28,2025-11-18T12:00:41.785607,my_hand_data\videos\grab_seq28_20251118_120039_112579.avi,89.51653239797636,360,90,HIGH,VIDEO_RECORDING,2025-11-18T12:00:43.203794
2025-11-18 12:00:41.790912,241,244,HandType.Right,0.6602405309677124,7.20132303237915,174.2230987548828,-101.82949829101562,-0.7552558183670044,-0.2424798160791397,0.6089270710945129,-2.6536474227905273,-0.05169869586825371,4.787286758422852,0.43970194458961487,0.0867939218878746,65.51539611816406,0,1,0,0,0,-44.60932922363281,180.3433074951172,-61.15190505981445,-54.528297424316406,205.33326721191406,-120.8962173461914,grab,28,2025-11-18T12:00:41.790912,my_hand_data\videos\grab_seq28_20251118_120039_112579.avi,89.51653239797636,360,90,HIGH,VIDEO_RECORDING,2025-11-18T12:00:43.203794
2025-11-18 12:00:41.811048,242,244,HandType.Right,0.6598458290100098,7.192227840423584,174.27552795410156,-101.710693359375,-0.7550855278968811,-0.2432044893503189,0.6088492274284363,0.1598503738641739,3.1344192028045654,4.973999500274658,0.44235366582870483,0.08923273533582687,65.42945861816406,0,1,0,0,0,-44.57609558105469,180.3310089111328,-61.067604064941406,-54.509376525878906,205.32376098632812,-120.71411895751953,grab,28,2025-11-18T12:00:41.811048,my_hand_data\videos\grab_seq28_20251118_120039_112579.avi,89.51653239797636,360,90,HIGH,VIDEO_RECORDING,2025-11-18T12:00:43.203794
2025-11-18 12:00:41.815242,243,244,HandType.Right,0.6598458290100098,7.192227840423584,174.27552795410156,-101.710693359375,-0.7550855278968811,-0.2432044893503189,0.6088492274284363,0.1598503738641739,3.1344192028045654,4.973999500274658,0.44235366582870483,0.08923273533582687,65.42945861816406,0,1,0,0,0,-44.57609558105469,180.3310089111328,-61.067604064941406,-54.509376525878906,205.32376098632812,-120.71411895751953,grab,28,2025-11-18T12:00:41.815242,my_hand_data\videos\grab_seq28_20251118_120039_112579.avi,89.51653239797636,360,90,HIGH,VIDEO_RECORDING,2025-11-18T12:00:43.203794
2025-11-18 12:00:41.826859,244,244,HandType.Right,0.6596314907073975,7.21815824508667,174.32933044433594,-101.64686584472656,-0.7551069855690002,-0.2435864955186844,0.6086699366569519,2.3447108268737793,4.865063667297363,5.771458625793457,0.44280123710632324,0.0904100313782692,65.390625,0,1,0,0,0,-44.54367446899414,180.36680603027344,-61.04839324951172,-54.472007751464844,205.3725128173828,-120.64769744873047,grab,28,2025-11-18T12:00:41.826859,my_hand_data\videos\grab_seq28_20251118_120039_112579.avi,89.51653239797636,360,90,HIGH,VIDEO_RECORDING,2025-11-18T12:00:43.203794
2025-11-18 12:00:41.842538,245,244,HandType.Right,0.6594482064247131,7.280031681060791,174.39825439453125,-101.48336791992188,-0.7551875710487366,-0.24425403773784637,0.6083023548126221,3.6013505458831787,0.719475507736206,7.959745407104492,0.44512343406677246,0.09416909515857697,65.2377700805664,0,1,0,0,0,-44.476688385009766,180.38766479492188,-61.00537872314453,-54.380455017089844,205.44186401367188,-120.42060852050781,grab,28,2025-11-18T12:00:41.842538,my_hand_data\videos\grab_seq28_20251118_120039_112579.avi,89.51653239797636,360,90,HIGH,VIDEO_RECORDING,2025-11-18T12:00:43.203794
2025-11-18 12:00:41.842538,246,244,HandType.Right,0.6594482064247131,7.280031681060791,174.39825439453125,-101.48336791992188,-0.7551875710487366,-0.24425403773784637,0.6083023548126221,3.6013505458831787,0.719475507736206,7.959745407104492,0.44512343406677246,0.09416909515857697,65.2377700805664,0,1,0,0,0,-44.476688385009766,180.38766479492188,-61.00537872314453,-54.380455017089844,205.44186401367188,-120.42060852050781,grab,28,2025-11-18T12:00:41.842538,my_hand_data\videos\grab_seq28_20251118_120039_112579.avi,89.51653239797636,360,90,HIGH,VIDEO_RECORDING,2025-11-18T12:00:43.203794
2025-11-18 12:00:41.858436,247,244,HandType.Right,0.6589821577072144,7.318270683288574,174.4248046875,-101.40608978271484,-0.7552597522735596,-0.24446433782577515,0.6081281900405884,3.5350804328918457,2.454852342605591,7.143499374389648,0.4471479058265686,0.09673251956701279,65.13507080078125,0,1,0,0,0,-44.4360237121582,180.3597412109375,-60.998924255371094,-54.30612564086914,205.4607696533203,-120.28717803955078,grab,28,2025-11-18T12:00:41.858436,my_hand_data\videos\grab_seq28_20251118_120039_112579.avi,89.51653239797636,360,90,HIGH,VIDEO_RECORDING,2025-11-18T12:00:43.203794
2025-11-18 12:00:41.874101,248,244,HandType.Right,0.6588898301124573,7.364147186279297,174.4517059326172,-101.2751235961914,-0.7555198669433594,-0.24463194608688354,0.6077375411987305,1.9086209535598755,1.5073871612548828,5.583540439605713,0.4515400826931,0.09956143796443939,64.8926773071289,0,1,0,0,0,-44.41146469116211,180.40475463867188,-60.96029281616211,-54.2005729675293,205.4808807373047,-120.00621795654297,grab,28,2025-11-18T12:00:41.874101,my_hand_data\videos\grab_seq28_20251118_120039_112579.avi,89.51653239797636,360,90,HIGH,VIDEO_RECORDING,2025-11-18T12:00:43.203794
2025-11-18 12:00:41.881144,249,244,HandType.Right,0.6588898301124573,7.364147186279297,174.4517059326172,-101.2751235961914,-0.7555198669433594,-0.24463194608688354,0.6077375411987305,1.9086209535598755,1.5073871612548828,5.583540439605713,0.4515400826931,0.09956143796443939,64.8926773071289,0,1,0,0,0,-44.41146469116211,180.40475463867188,-60.96029281616211,-54.2005729675293,205.4808807373047,-120.00621795654297,grab,28,2025-11-18T12:00:41.881144,my_hand_data\videos\grab_seq28_20251118_120039_112579.avi,89.51653239797636,360,90,HIGH,VIDEO_RECORDING,2025-11-18T12:00:43.203794
2025-11-18 12:00:41.905300,250,244,HandType.Right,0.6588946580886841,7.354533672332764,174.51844787597656,-101.1888198852539,-0.7559012770652771,-0.24506375193595886,0.6070889830589294,-0.9239801168441772,1.2094273567199707,3.7243475914001465,0.45311278104782104,0.10258841514587402,64.72291564941406,0,1,0,0,0,-44.46880340576172,180.5091094970703,-60.982032775878906,-54.18995666503906,205.55892944335938,-119.8637924194336,grab,28,2025-11-18T12:00:41.905300,my_hand_data\videos\grab_seq28_20251118_120039_112579.avi,89.51653239797636,360,90,HIGH,VIDEO_RECORDING,2025-11-18T12:00:43.203794
2025-11-18 12:00:41.905300,251,244,HandType.Right,0.6589275598526001,7.325938701629639,174.5548553466797,-101.17660522460938,-0.7560655474662781,-0.24525190889835358,0.6068083643913269,-2.5840566158294678,3.289982318878174,1.1038960218429565,0.4548413157463074,0.10374422371387482,64.62691497802734,0,1,0,0,0,-44.512413024902344,180.54612731933594,-61.006595611572266,-54.20207977294922,205.58407592773438,-119.7930679321289,grab,28,2025-11-18T12:00:41.905300,my_hand_data\videos\grab_seq28_20251118_120039_112579.avi,89.51653239797636,360,90,HIGH,VIDEO_RECORDING,2025-11-18T12:00:43.203794
2025-11-18 12:00:41.917472,252,244,HandType.Right,0.6591348648071289,7.297306537628174,174.6140899658203,-101.17326354980469,-0.7561525106430054,-0.2453620433807373,0.6066554188728333,-2.513549566268921,5.199755668640137,0.2933412790298462,0.4562513530254364,0.10466869920492172,64.53437042236328,0,1,0,0,0,-44.55611801147461,180.620361328125,-61.03457260131836,-54.22578811645508,205.62315368652344,-119.73757934570312,grab,28,2025-11-18T12:00:41.917472,my_hand_data\videos\grab_seq28_20251118_120039_112579.avi,89.51653239797636,360,90,HIGH,VIDEO_RECORDING,2025-11-18T12:00:43.203794
2025-11-18 12:00:41.937150,253,244,HandType.Right,0.659238338470459,7.270657062530518,174.66580200195312,-101.16392517089844,-0.7562158703804016,-0.24554038047790527,0.6065043210983276,-2.447157621383667,4.749153137207031,0.8574472665786743,0.4567086398601532,0.10565810650587082,64.47574615478516,0,1,0,0,0,-44.59401321411133,180.69363403320312,-61.058223724365234,-54.24913787841797,205.67005920410156,-119.71040344238281,grab,28,2025-11-18T12:00:41.937150,my_hand_data\videos\grab_seq28_20251118_120039_112579.avi,89.51653239797636,360,90,HIGH,VIDEO_RECORDING,2025-11-18T12:00:43.203794
2025-11-18 12:00:41.938860,254,244,HandType.Right,0.6592301726341248,7.247009754180908,174.7358856201172,-101.15067291259766,-0.7562795281410217,-0.24590574204921722,0.6062768697738647,-2.1095035076141357,6.25132417678833,1.1818560361862183,0.4577523171901703,0.10636738687753677,64.40677642822266,0,1,0,0,0,-44.62910461425781,180.75662231445312,-61.06979751586914,-54.272010803222656,205.71168518066406,-119.65727233886719,grab,28,2025-11-18T12:00:41.938860,my_hand_data\videos\grab_seq28_20251118_120039_112579.avi,89.51653239797636,360,90,HIGH,VIDEO_RECORDING,2025-11-18T12:00:43.203794
2025-11-18 12:00:41.938860,255,244,HandType.Right,0.6592301726341248,7.247009754180908,174.7358856201172,-101.15067291259766,-0.7562795281410217,-0.24590574204921722,0.6062768697738647,-2.1095035076141357,6.25132417678833,1.1818560361862183,0.4577523171901703,0.10636738687753677,64.40677642822266,0,1,0,0,0,-44.62910461425781,180.75662231445312,-61.06979751586914,-54.272010803222656,205.71168518066406,-119.65727233886719,grab,28,2025-11-18T12:00:41.938860,my_hand_data\videos\grab_seq28_20251118_120039_112579.avi,89.51653239797636,360,90,HIGH,VIDEO_RECORDING,2025-11-18T12:00:43.203794
2025-11-18 12:00:41.969302,256,244,HandType.Right,0.6591010093688965,7.139251708984375,174.82054138183594,-101.14591217041016,-0.7561922073364258,-0.24656172096729279,0.6061193943023682,-6.237743854522705,2.5797367095947266,-0.4411352872848511,0.4601406455039978,0.10715477913618088,64.25752258300781,0,1,0,0,0,-44.770782470703125,180.83975219726562,-61.086524963378906,-54.38179016113281,205.72108459472656,-119.54656982421875,grab,28,2025-11-18T12:00:41.969302,my_hand_data\videos\grab_seq28_20251118_120039_112579.avi,89.51653239797636,360,90,HIGH,VIDEO_RECORDING,2025-11-18T12:00:43.203794
2025-11-18 12:00:41.974514,257,244,HandType.Right,0.659069299697876,7.056035041809082,174.849853515625,-101.15072631835938,-0.7561095356941223,-0.24681636691093445,0.6061187982559204,-7.338327884674072,2.585902452468872,-0.424173504114151,0.46165814995765686,0.10760311782360077,64.18028259277344,0,1,0,0,0,-44.86954879760742,180.8573455810547,-61.103946685791016,-54.46060562133789,205.71343994140625,-119.49311065673828,grab,28,2025-11-18T12:00:41.974514,my_hand_data\videos\grab_seq28_20251118_120039_112579.avi,89.51653239797636,360,90,HIGH,VIDEO_RECORDING,2025-11-18T12:00:43.203794
2025-11-18 12:00:41.980930,258,244,HandType.Right,0.659069299697876,7.056035041809082,174.849853515625,-101.15072631835938,-0.7561095356941223,-0.24681636691093445,0.6061187982559204,-7.338327884674072,2.585902452468872,-0.424173504114151,0.46165814995765686,0.10760311782360077,64.18028259277344,0,1,0,0,0,-44.86954879760742,180.8573455810547,-61.103946685791016,-54.46060562133789,205.71343994140625,-119.49311065673828,grab,28,2025-11-18T12:00:41.980930,my_hand_data\videos\grab_seq28_20251118_120039_112579.avi,89.51653239797636,360,90,HIGH,VIDEO_RECORDING,2025-11-18T12:00:43.203794
2025-11-18 12:00:42.000987,259,244,HandType.Right,0.6586930751800537,6.888848304748535,174.89761352539062,-101.16222381591797,-0.7558245062828064,-0.2473568469285965,0.606253981590271,-7.6377854347229,1.6107925176620483,-0.3641660213470459,0.463512122631073,0.10898379981517792,64.10846710205078,0,1,0,0,0,-45.04060745239258,180.82350158691406,-61.126564025878906,-54.6241569519043,205.68228149414062,-119.43687438964844,grab,28,2025-11-18T12:00:42.000987,my_hand_data\videos\grab_seq28_20251118_120039_112579.avi,89.51653239797636,360,90,HIGH,VIDEO_RECORDING,2025-11-18T12:00:43.203794
2025-11-18 12:00:42.004609,260,244,HandType.Right,0.6586930751800537,6.888848304748535,174.89761352539062,-101.16222381591797,-0.7558245062828064,-0.2473568469285965,0.606253981590271,-7.6377854347229,1.6107925176620483,-0.3641660213470459,0.463512122631073,0.10898379981517792,64.10846710205078,0,1,0,0,0,-45.04060745239258,180.82350158691406,-61.126564025878906,-54.6241569519043,205.68228149414062,-119.43687438964844,grab,28,2025-11-18T12:00:42.004609,my_hand_data\videos\grab_seq28_20251118_120039_112579.avi,89.51653239797636,360,90,HIGH,VIDEO_RECORDING,2025-11-18T12:00:43.203794
2025-11-18 12:00:42.017908,261,244,HandType.Right,0.6588024497032166,6.690158843994141,174.93702697753906,-101.17484283447266,-0.7555143237113953,-0.24779343605041504,0.606462299823761,-9.028578758239746,2.925161123275757,-0.23725861310958862,0.4653763473033905,0.10989564657211304,64.02659606933594,0,1,0,0,0,-45.226192474365234,180.7745361328125,-61.14060974121094,-54.845481872558594,205.6392822265625,-119.35245513916016,grab,28,2025-11-18T12:00:42.017908,my_hand_data\videos\grab_seq28_20251118_120039_112579.avi,89.51653239797636,360,90,HIGH,VIDEO_RECORDING,2025-11-18T12:00:43.203794
2025-11-18 12:00:42.032832,262,244,HandType.Right,0.6589359641075134,6.588311195373535,174.97508239746094,-101.16544342041016,-0.7553737163543701,-0.24823421239852905,0.6064571738243103,-9.030668258666992,3.373985767364502,0.8335771560668945,0.4659962058067322,0.11114760488271713,64.00814056396484,0,1,0,0,0,-45.32023620605469,180.7229461669922,-61.1480827331543,-54.959312438964844,205.63369750976562,-119.3166732788086,grab,28,2025-11-18T12:00:42.032832,my_hand_data\videos\grab_seq28_20251118_120039_112579.avi,89.51653239797636,360,90,HIGH,VIDEO_RECORDING,2025-11-18T12:00:43.203794
2025-11-18 12:00:42.037791,263,244,HandType.Right,0.6589359641075134,6.588311195373535,174.97508239746094,-101.16544342041016,-0.7553737163543701,-0.24823421239852905,0.6064571738243103,-9.030668258666992,3.373985767364502,0.8335771560668945,0.4659962058067322,0.11114760488271713,64.00814056396484,0,1,0,0,0,-45.32023620605469,180.7229461669922,-61.1480827331543,-54.959312438964844,205.63369750976562,-119.3166732788086,grab,28,2025-11-18T12:00:42.037791,my_hand_data\videos\grab_seq28_20251118_120039_112579.avi,89.51653239797636,360,90,HIGH,VIDEO_RECORDING,2025-11-18T12:00:43.203794
2025-11-18 12:00:42.048945,264,244,HandType.Right,0.6589958071708679,6.491329193115234,175.02357482910156,-101.15406036376953,-0.7552382946014404,-0.24874885380268097,0.6064149737358093,-9.065410614013672,4.53324031829834,1.063741683959961,0.46702033281326294,0.11203863471746445,63.91312026977539,0,1,0,0,0,-45.41009521484375,180.7331085205078,-61.1727180480957,-55.07206726074219,205.62062072753906,-119.24288940429688,grab,28,2025-11-18T12:00:42.048945,my_hand_data\videos\grab_seq28_20251118_120039_112579.avi,89.51653239797636,360,90,HIGH,VIDEO_RECORDING,2025-11-18T12:00:43.203794
2025-11-18 12:00:42.065013,265,244,HandType.Right,0.6588085889816284,6.306081295013428,175.142578125,-101.15666198730469,-0.7549163699150085,-0.2495277225971222,0.6064957976341248,-7.444591045379639,4.611807346343994,0.22192321717739105,0.46957436203956604,0.11397863924503326,63.70068359375,0,1,0,0,0,-45.56491470336914,180.76718139648438,-61.26074981689453,-55.28414535522461,205.62704467773438,-119.09932708740234,grab,28,2025-11-18T12:00:42.065013,my_hand_data\videos\grab_seq28_20251118_120039_112579.avi,89.51653239797636,360,90,HIGH,VIDEO_RECORDING,2025-11-18T12:00:43.203794
2025-11-18 12:00:42.065013,266,244,HandType.Right,0.6588085889816284,6.306081295013428,175.142578125,-101.15666198730469,-0.7549163699150085,-0.2495277225971222,0.6064957976341248,-7.444591045379639,4.611807346343994,0.22192321717739105,0.46957436203956604,0.11397863924503326,63.70068359375,0,1,0,0,0,-45.56491470336914,180.76718139648438,-61.26074981689453,-55.28414535522461,205.62704467773438,-119.09932708740234,grab,28,2025-11-18T12:00:42.065013,my_hand_data\videos\grab_seq28_20251118_120039_112579.avi,89.51653239797636,360,90,HIGH,VIDEO_RECORDING,2025-11-18T12:00:43.203794
2025-11-18 12:00:42.080941,267,244,HandType.Right,0.6587041020393372,6.220343589782715,175.20626831054688,-101.15693664550781,-0.7547621726989746,-0.24983640015125275,0.6065607070922852,-7.818516254425049,5.808181285858154,-0.02507493831217289,0.4703885316848755,0.11494580656290054,63.6452751159668,0,1,0,0,0,-45.622467041015625,180.75755310058594,-61.29200744628906,-55.383056640625,205.64219665527344,-119.05191040039062,grab,28,2025-11-18T12:00:42.080941,my_hand_data\videos\grab_seq28_20251118_120039_112579.avi,89.51653239797636,360,90,HIGH,VIDEO_RECORDING,2025-11-18T12:00:43.203794
2025-11-18 12:00:42.096780,268,244,HandType.Right,0.6587217450141907,6.134393692016602,175.2647247314453,-101.15411376953125,-0.754591703414917,-0.2501319944858551,0.6066509485244751,-7.907796859741211,5.3780903816223145,0.2593994438648224,0.47192904353141785,0.11613963544368744,63.553531646728516,0,1,0,0,0,-45.67903137207031,180.7806396484375,-61.32649612426758,-55.470699310302734,205.6402130126953,-118.99083709716797,grab,28,2025-11-18T12:00:42.096780,my_hand_data\videos\grab_seq28_20251118_120039_112579.avi,89.51653239797636,360,90,HIGH,VIDEO_RECORDING,2025-11-18T12:00:43.203794
2025-11-18 12:00:42.112737,269,244,HandType.Right,0.6588936448097229,5.982856273651123,175.39649963378906,-101.14583587646484,-0.7541891932487488,-0.2507590353488922,0.6068925261497498,-6.682559967041016,5.99846076965332,0.6770904660224915,0.4747655689716339,0.11814025789499283,63.37199401855469,0,1,0,0,0,-45.8055534362793,180.81887817382812,-61.37657165527344,-55.63299560546875,205.6647491455078,-118.84059143066406,grab,28,2025-11-18T12:00:42.112737,my_hand_data\videos\grab_seq28_20251118_120039_112579.avi,89.51653239797636,360,90,HIGH,VIDEO_RECORDING,2025-11-18T12:00:43.203794
2025-11-18 12:00:42.112737,270,244,HandType.Right,0.6588936448097229,5.982856273651123,175.39649963378906,-101.14583587646484,-0.7541891932487488,-0.2507590353488922,0.6068925261497498,-6.682559967041016,5.99846076965332,0.6770904660224915,0.4747655689716339,0.11814025789499283,63.37199401855469,0,1,0,0,0,-45.8055534362793,180.81887817382812,-61.37657165527344,-55.63299560546875,205.6647491455078,-118.84059143066406,grab,28,2025-11-18T12:00:42.112737,my_hand_data\videos\grab_seq28_20251118_120039_112579.avi,89.51653239797636,360,90,HIGH,VIDEO_RECORDING,2025-11-18T12:00:43.203794
2025-11-18 12:00:42.128749,271,244,HandType.Right,0.6588852405548096,5.929508686065674,175.4594268798828,-101.13260650634766,-0.7540323138237,-0.2510753571987152,0.6069567203521729,-4.831329822540283,5.699339389801025,1.1979448795318604,0.47567808628082275,0.11876974999904633,63.27629852294922,0,1,0,0,0,-45.86422348022461,180.8614044189453,-61.400184631347656,-55.69449996948242,205.67526245117188,-118.77202606201172,grab,28,2025-11-18T12:00:42.128749,my_hand_data\videos\grab_seq28_20251118_120039_112579.avi,89.51653239797636,360,90,HIGH,VIDEO_RECORDING,2025-11-18T12:00:43.203794
2025-11-18 12:00:42.144639,272,244,HandType.Right,0.6590263843536377,5.750755786895752,175.60321044921875,-101.08969116210938,-0.7537243366241455,-0.252034455537796,0.6069416999816895,-8.665437698364258,7.505642414093018,1.8796104192733765,0.477579265832901,0.12082383036613464,63.09754180908203,0,1,0,0,0,-46.06085968017578,180.9307403564453,-61.44672775268555,-55.884002685546875,205.7625732421875,-118.61477661132812,grab,28,2025-11-18T12:00:42.144639,my_hand_data\videos\grab_seq28_20251118_120039_112579.avi,89.51653239797636,360,90,HIGH,VIDEO_RECORDING,2025-11-18T12:00:43.203794
2025-11-18 12:00:42.147872,273,244,HandType.Right,0.6590263843536377,5.750755786895752,175.60321044921875,-101.08969116210938,-0.7537243366241455,-0.252034455537796,0.6069416999816895,-8.665437698364258,7.505642414093018,1.8796104192733765,0.477579265832901,0.12082383036613464,63.09754180908203,0,1,0,0,0,-46.06085968017578,180.9307403564453,-61.44672775268555,-55.884002685546875,205.7625732421875,-118.61477661132812,grab,28,2025-11-18T12:00:42.147872,my_hand_data\videos\grab_seq28_20251118_120039_112579.avi,89.51653239797636,360,90,HIGH,VIDEO_RECORDING,2025-11-18T12:00:43.203794
2025-11-18 12:00:42.160319,274,244,HandType.Right,0.6594621539115906,5.638785362243652,175.6937255859375,-101.09170532226562,-0.7535297870635986,-0.25230181217193604,0.6070721745491028,-10.156076431274414,8.209580421447754,-0.18264606595039368,0.4807656705379486,0.12175564467906952,62.96513748168945,0,1,0,0,0,-46.17436981201172,180.97018432617188,-61.473941802978516,-55.994110107421875,205.80606079101562,-118.49464416503906,grab,28,2025-11-18T12:00:42.160319,my_hand_data\videos\grab_seq28_20251118_120039_112579.avi,89.51653239797636,360,90,HIGH,VIDEO_RECORDING,2025-11-18T12:00:43.203794
2025-11-18 12:00:42.175977,275,244,HandType.Right,0.6597806215286255,5.42347526550293,175.81182861328125,-101.05862426757812,-0.7529300451278687,-0.2530917823314667,0.6074873805046082,-9.717467308044434,3.5838184356689453,1.8011420965194702,0.48502543568611145,0.12444328516721725,62.734046936035156,0,1,0,0,0,-46.36809158325195,180.91871643066406,-61.499244689941406,-56.22515106201172,205.7808380126953,-118.2467041015625,grab,28,2025-11-18T12:00:42.175977,my_hand_data\videos\grab_seq28_20251118_120039_112579.avi,89.51653239797636,360,90,HIGH,VIDEO_RECORDING,2025-11-18T12:00:43.203794
2025-11-18 12:00:42.175977,276,244,HandType.Right,0.6597806215286255,5.42347526550293,175.81182861328125,-101.05862426757812,-0.7529300451278687,-0.2530917823314667,0.6074873805046082,-9.717467308044434,3.5838184356689453,1.8011420965194702,0.48502543568611145,0.12444328516721725,62.734046936035156,0,1,0,0,0,-46.36809158325195,180.91871643066406,-61.499244689941406,-56.22515106201172,205.7808380126953,-118.2467041015625,grab,28,2025-11-18T12:00:42.175977,my_hand_data\videos\grab_seq28_20251118_120039_112579.avi,89.51653239797636,360,90,HIGH,VIDEO_RECORDING,2025-11-18T12:00:43.203794
2025-11-18 12:00:42.191662,277,244,HandType.Right,0.6597199440002441,5.273676872253418,175.85110473632812,-101.05169677734375,-0.7526006102561951,-0.25371989607810974,0.6076335310935974,-13.720294952392578,3.5973901748657227,0.634482204914093,0.4867537319660187,0.12654565274715424,62.64763259887695,0,1,0,0,0,-46.48560333251953,180.82635498046875,-61.520389556884766,-56.3867301940918,205.7384033203125,-118.1426773071289,grab,28,2025-11-18T12:00:42.191662,my_hand_data\videos\grab_seq28_20251118_120039_112579.avi,89.51653239797636,360,90,HIGH,VIDEO_RECORDING,2025-11-18T12:00:43.203794
2025-11-18 12:00:42.207740,278,244,HandType.Right,0.6593437790870667,4.982360363006592,175.86746215820312,-101.05711364746094,-0.7517364025115967,-0.25479304790496826,0.6082539558410645,-13.907476425170898,0.29555293917655945,0.1302003115415573,0.48981866240501404,0.13083286583423615,62.44906234741211,0,1,0,0,0,-46.738250732421875,180.650146484375,-61.609840393066406,-56.698360443115234,205.5919189453125,-117.98882293701172,grab,28,2025-11-18T12:00:42.207740,my_hand_data\videos\grab_seq28_20251118_120039_112579.avi,89.51653239797636,360,90,HIGH,VIDEO_RECORDING,2025-11-18T12:00:43.203794
2025-11-18 12:00:42.207740,279,244,HandType.Right,0.6593437790870667,4.982360363006592,175.86746215820312,-101.05711364746094,-0.7517364025115967,-0.25479304790496826,0.6082539558410645,-13.907476425170898,0.29555293917655945,0.1302003115415573,0.48981866240501404,0.13083286583423615,62.44906234741211,0,1,0,0,0,-46.738250732421875,180.650146484375,-61.609840393066406,-56.698360443115234,205.5919189453125,-117.98882293701172,grab,28,2025-11-18T12:00:42.207740,my_hand_data\videos\grab_seq28_20251118_120039_112579.avi,89.51653239797636,360,90,HIGH,VIDEO_RECORDING,2025-11-18T12:00:43.203794
2025-11-18 12:00:42.239062,280,244,HandType.Right,0.659091055393219,4.5186309814453125,176.0000457763672,-101.08200073242188,-0.7503485679626465,-0.25698697566986084,0.609044075012207,-12.876042366027832,5.35136604309082,-1.0880202054977417,0.49096548557281494,0.1363324671983719,62.35625076293945,0,1,0,0,0,-47.09186553955078,180.46664428710938,-61.73932647705078,-57.21819305419922,205.54861450195312,-117.9234390258789,grab,28,2025-11-18T12:00:42.239062,my_hand_data\videos\grab_seq28_20251118_120039_112579.avi,89.51653239797636,360,90,HIGH,VIDEO_RECORDING,2025-11-18T12:00:43.203794
2025-11-18 12:00:42.241068,281,244,HandType.Right,0.659091055393219,4.5186309814453125,176.0000457763672,-101.08200073242188,-0.7503485679626465,-0.25698697566986084,0.609044075012207,-12.876042366027832,5.35136604309082,-1.0880202054977417,0.49096548557281494,0.1363324671983719,62.35625076293945,0,1,0,0,0,-47.09186553955078,180.46664428710938,-61.73932647705078,-57.21819305419922,205.54861450195312,-117.9234390258789,grab,28,2025-11-18T12:00:42.241068,my_hand_data\videos\grab_seq28_20251118_120039_112579.avi,89.51653239797636,360,90,HIGH,VIDEO_RECORDING,2025-11-18T12:00:43.203794
2025-11-18 12:00:42.251411,282,244,HandType.Right,0.658890962600708,4.3820953369140625,176.08103942871094,-101.08472442626953,-0.7499014735221863,-0.257622092962265,0.6093263626098633,-11.475497245788574,6.8068108558654785,-0.22867661714553833,0.49132204055786133,0.13812124729156494,62.32736587524414,0,1,0,0,0,-47.20220184326172,180.44546508789062,-61.767112731933594,-57.37080764770508,205.57090759277344,-117.89208221435547,grab,28,2025-11-18T12:00:42.251411,my_hand_data\videos\grab_seq28_20251118_120039_112579.avi,89.51653239797636,360,90,HIGH,VIDEO_RECORDING,2025-11-18T12:00:43.203794
2025-11-18 12:00:42.270845,283,244,HandType.Right,0.6588691473007202,4.257023334503174,176.14927673339844,-101.09771728515625,-0.7495461106300354,-0.2580247223377228,0.6095931529998779,-11.811529159545898,6.443925380706787,-1.2271543741226196,0.49220940470695496,0.1390894651412964,62.27664566040039,0,1,0,0,0,-47.30241012573242,180.4658660888672,-61.79679489135742,-57.50303649902344,205.59400939941406,-117.85840606689453,grab,28,2025-11-18T12:00:42.270845,my_hand_data\videos\grab_seq28_20251118_120039_112579.avi,89.51653239797636,360,90,HIGH,VIDEO_RECORDING,2025-11-18T12:00:43.203794
2025-11-18 12:00:42.276203,284,244,HandType.Right,0.6586737036705017,4.1261372566223145,176.21397399902344,-101.10595703125,-0.7491564750671387,-0.2584488093852997,0.6098924875259399,-12.024415969848633,5.944748878479004,-0.7567107677459717,0.4930318593978882,0.13994036614894867,62.208885192871094,0,1,0,0,0,-47.40654754638672,180.49415588378906,-61.81870651245117,-57.642005920410156,205.59922790527344,-117.80902862548828,grab,28,2025-11-18T12:00:42.276203,my_hand_data\videos\grab_seq28_20251118_120039_112579.avi,89.51653239797636,360,90,HIGH,VIDEO_RECORDING,2025-11-18T12:00:43.203794
2025-11-18 12:00:42.281092,285,244,HandType.Right,0.6586737036705017,4.1261372566223145,176.21397399902344,-101.10595703125,-0.7491564750671387,-0.2584488093852997,0.6098924875259399,-12.024415969848633,5.944748878479004,-0.7567107677459717,0.4930318593978882,0.13994036614894867,62.208885192871094,0,1,0,0,0,-47.40654754638672,180.49415588378906,-61.81870651245117,-57.642005920410156,205.59922790527344,-117.80902862548828,grab,28,2025-11-18T12:00:42.281092,my_hand_data\videos\grab_seq28_20251118_120039_112579.avi,89.51653239797636,360,90,HIGH,VIDEO_RECORDING,2025-11-18T12:00:43.203794
2025-11-18 12:00:42.302932,286,244,HandType.Right,0.6583288311958313,3.896122694015503,176.294921875,-101.11363220214844,-0.7484722137451172,-0.25908347964286804,0.61046302318573,-9.496716499328613,2.6481239795684814,-0.1255471557378769,0.4960784614086151,0.1413247138261795,62.082027435302734,0,1,0,0,0,-47.570735931396484,180.481689453125,-61.83245086669922,-57.87739181518555,205.57025146484375,-117.67611694335938,grab,28,2025-11-18T12:00:42.302932,my_hand_data\videos\grab_seq28_20251118_120039_112579.avi,89.51653239797636,360,90,HIGH,VIDEO_RECORDING,2025-11-18T12:00:43.203794
2025-11-18 12:00:42.304553,287,244,HandType.Right,0.6583924889564514,3.8096485137939453,176.3256378173828,-101.1154556274414,-0.7482238411903381,-0.2591847777366638,0.6107244491577148,-7.805237770080566,2.7721309661865234,-0.16458213329315186,0.49720901250839233,0.14177095890045166,62.04041290283203,0,1,0,0,0,-47.63364028930664,180.5001678466797,-61.83155059814453,-57.96427917480469,205.55633544921875,-117.63906860351562,grab,28,2025-11-18T12:00:42.304553,my_hand_data\videos\grab_seq28_20251118_120039_112579.avi,89.51653239797636,360,90,HIGH,VIDEO_RECORDING,2025-11-18T12:00:43.203794
2025-11-18 12:00:42.314894,288,244,HandType.Right,0.6583924889564514,3.8096485137939453,176.3256378173828,-101.1154556274414,-0.7482238411903381,-0.2591847777366638,0.6107244491577148,-7.805237770080566,2.7721309661865234,-0.16458213329315186,0.49720901250839233,0.14177095890045166,62.04041290283203,0,1,0,0,0,-47.63364028930664,180.5001678466797,-61.83155059814453,-57.96427917480469,205.55633544921875,-117.63906860351562,grab,28,2025-11-18T12:00:42.314894,my_hand_data\videos\grab_seq28_20251118_120039_112579.avi,89.51653239797636,360,90,HIGH,VIDEO_RECORDING,2025-11-18T12:00:43.203794
2025-11-18 12:00:42.334752,289,244,HandType.Right,0.6581125259399414,3.6721842288970947,176.43348693847656,-101.08504486083984,-0.7478424906730652,-0.2596401870250702,0.6109979748725891,-5.802768707275391,5.769046306610107,1.9006271362304688,0.5013776421546936,0.142788827419281,61.91661834716797,0,1,0,0,0,-47.71434020996094,180.54371643066406,-61.806243896484375,-58.082427978515625,205.52268981933594,-117.50382995605469,grab,28,2025-11-18T12:00:42.334752,my_hand_data\videos\grab_seq28_20251118_120039_112579.avi,89.51653239797636,360,90,HIGH,VIDEO_RECORDING,2025-11-18T12:00:43.203794
2025-11-18 12:00:42.339601,290,244,HandType.Right,0.6578878164291382,3.605933904647827,176.50399780273438,-101.05216217041016,-0.7476787567138672,-0.2601540684700012,0.6109797954559326,-5.916252613067627,6.297120571136475,2.936431646347046,0.5022832751274109,0.14348433911800385,61.905616760253906,0,1,0,0,0,-47.74124526977539,180.5530242919922,-61.78135299682617,-58.138240814208984,205.54689025878906,-117.45463562011719,grab,28,2025-11-18T12:00:42.339601,my_hand_data\videos\grab_seq28_20251118_120039_112579.avi,89.51653239797636,360,90,HIGH,VIDEO_RECORDING,2025-11-18T12:00:43.203794
2025-11-18 12:00:42.346474,291,244,HandType.Right,0.6578878164291382,3.605933904647827,176.50399780273438,-101.05216217041016,-0.7476787567138672,-0.2601540684700012,0.6109797954559326,-5.916252613067627,6.297120571136475,2.936431646347046,0.5022832751274109,0.14348433911800385,61.905616760253906,0,1,0,0,0,-47.74124526977539,180.5530242919922,-61.78135299682617,-58.138240814208984,205.54689025878906,-117.45463562011719,grab,28,2025-11-18T12:00:42.346474,my_hand_data\videos\grab_seq28_20251118_120039_112579.avi,89.51653239797636,360,90,HIGH,VIDEO_RECORDING,2025-11-18T12:00:43.203794
2025-11-18 12:00:42.366321,292,244,HandType.Right,0.6576387882232666,3.4831669330596924,176.64564514160156,-100.95963287353516,-0.7474150061607361,-0.26131725311279297,0.6108061075210571,-5.35200309753418,5.925549030303955,4.549602031707764,0.5030267834663391,0.14631353318691254,61.84640121459961,0,1,0,0,0,-47.79991912841797,180.6218719482422,-61.77359390258789,-58.24140167236328,205.63072204589844,-117.36595153808594,grab,28,2025-11-18T12:00:42.366321,my_hand_data\videos\grab_seq28_20251118_120039_112579.avi,89.51653239797636,360,90,HIGH,VIDEO_RECORDING,2025-11-18T12:00:43.203794
2025-11-18 12:00:42.371178,293,244,HandType.Right,0.6576387882232666,3.4831669330596924,176.64564514160156,-100.95963287353516,-0.7474150061607361,-0.26131725311279297,0.6108061075210571,-5.35200309753418,5.925549030303955,4.549602031707764,0.5030267834663391,0.14631353318691254,61.84640121459961,0,1,0,0,0,-47.79991912841797,180.6218719482422,-61.77359390258789,-58.24140167236328,205.63072204589844,-117.36595153808594,grab,28,2025-11-18T12:00:42.371178,my_hand_data\videos\grab_seq28_20251118_120039_112579.avi,89.51653239797636,360,90,HIGH,VIDEO_RECORDING,2025-11-18T12:00:43.203794
2025-11-18 12:00:42.382208,294,244,HandType.Right,0.6575726866722107,3.4220123291015625,176.72157287597656,-100.89241027832031,-0.7473435997962952,-0.2620677053928375,0.6105718612670898,-5.488152027130127,6.813549041748047,6.032797813415527,0.5031722784042358,0.1488347202539444,61.806434631347656,0,1,0,0,0,-47.82606506347656,180.63067626953125,-61.790931701660156,-58.29112243652344,205.6995849609375,-117.30730438232422,grab,28,2025-11-18T12:00:42.382208,my_hand_data\videos\grab_seq28_20251118_120039_112579.avi,89.51653239797636,360,90,HIGH,VIDEO_RECORDING,2025-11-18T12:00:43.203794
2025-11-18 12:00:42.397983,295,244,HandType.Right,0.6571722626686096,3.366637706756592,176.80711364746094,-100.7576904296875,-0.7472015023231506,-0.2633891999721527,0.6101770401000977,-2.4507250785827637,1.0877352952957153,6.8506693840026855,0.5032896995544434,0.15462544560432434,61.681453704833984,0,1,0,0,0,-47.84804153442383,180.60696411132812,-61.89802551269531,-58.334346771240234,205.7912139892578,-117.21884155273438,grab,28,2025-11-18T12:00:42.397983,my_hand_data\videos\grab_seq28_20251118_120039_112579.avi,89.51653239797636,360,90,HIGH,VIDEO_RECORDING,2025-11-18T12:00:43.203794
2025-11-18 12:00:42.397983,296,244,HandType.Right,0.6571722626686096,3.366637706756592,176.80711364746094,-100.7576904296875,-0.7472015023231506,-0.2633891999721527,0.6101770401000977,-2.4507250785827637,1.0877352952957153,6.8506693840026855,0.5032896995544434,0.15462544560432434,61.681453704833984,0,1,0,0,0,-47.84804153442383,180.60696411132812,-61.89802551269531,-58.334346771240234,205.7912139892578,-117.21884155273438,grab,28,2025-11-18T12:00:42.397983,my_hand_data\videos\grab_seq28_20251118_120039_112579.avi,89.51653239797636,360,90,HIGH,VIDEO_RECORDING,2025-11-18T12:00:43.203794
2025-11-18 12:00:42.428995,297,244,HandType.Right,0.6569583415985107,3.2690188884735107,176.7742462158203,-100.67466735839844,-0.7471444010734558,-0.26482197642326355,0.6096265912055969,-4.970920562744141,-1.7145733833312988,2.992725372314453,0.5046020150184631,0.16204899549484253,61.529197692871094,0,1,0,0,0,-47.90398025512695,180.4224395751953,-62.10615921020508,-58.39759826660156,205.73922729492188,-117.19505310058594,grab,28,2025-11-18T12:00:42.428995,my_hand_data\videos\grab_seq28_20251118_120039_112579.avi,89.51653239797636,360,90,HIGH,VIDEO_RECORDING,2025-11-18T12:00:43.203794
2025-11-18 12:00:42.433883,298,244,HandType.Right,0.6571043729782104,3.186345100402832,176.74281311035156,-100.65020751953125,-0.7470788955688477,-0.2656001150608063,0.6093682646751404,-7.5062408447265625,-2.8533356189727783,2.220439910888672,0.5065354704856873,0.16529545187950134,61.45423126220703,0,1,0,0,0,-47.92037582397461,180.30722045898438,-62.187416076660156,-58.459163665771484,205.64544677734375,-117.17405700683594,grab,28,2025-11-18T12:00:42.433883,my_hand_data\videos\grab_seq28_20251118_120039_112579.avi,89.51653239797636,360,90,HIGH,VIDEO_RECORDING,2025-11-18T12:00:43.203794
2025-11-18 12:00:42.440387,299,244,HandType.Right,0.6572304368019104,3.103907346725464,176.71969604492188,-100.63976287841797,-0.7470869421958923,-0.2662327289581299,0.6090822815895081,-7.2256669998168945,-2.0267159938812256,0.9157235622406006,0.5076267719268799,0.16708165407180786,61.406639099121094,0,1,0,0,0,-47.95960998535156,180.24612426757812,-62.24671936035156,-58.52397537231445,205.59152221679688,-117.17194366455078,grab,28,2025-11-18T12:00:42.440387,my_hand_data\videos\grab_seq28_20251118_120039_112579.avi,89.51653239797636,360,90,HIGH,VIDEO_RECORDING,2025-11-18T12:00:43.203794
2025-11-18 12:00:42.460299,300,244,HandType.Right,0.6573740839958191,3.0401394367218018,176.7142333984375,-100.63923645019531,-0.7470678091049194,-0.2667624354362488,0.6088739633560181,-5.783940315246582,-0.49501726031303406,0.047946084290742874,0.5087772607803345,0.168070986866951,61.37482452392578,0,1,0,0,0,-47.989776611328125,180.22003173828125,-62.27584457397461,-58.579593658447266,205.54376220703125,-117.17059326171875,grab,28,2025-11-18T12:00:42.460299,my_hand_data\videos\grab_seq28_20251118_120039_112579.avi,89.51653239797636,360,90,HIGH,VIDEO_RECORDING,2025-11-18T12:00:43.203794
2025-11-18 12:00:42.460299,301,244,HandType.Right,0.6571264863014221,2.9778811931610107,176.7118377685547,-100.62506103515625,-0.7470358610153198,-0.26745501160621643,0.6086092591285706,-5.645980358123779,-0.21719062328338623,1.2855641841888428,0.5095459818840027,0.16876153647899628,61.349876403808594,0,1,0,0,0,-48.021751403808594,180.19842529296875,-62.29130935668945,-58.63484573364258,205.49571228027344,-117.16586303710938,grab,28,2025-11-18T12:00:42.460299,my_hand_data\videos\grab_seq28_20251118_120039_112579.avi,89.51653239797636,360,90,HIGH,VIDEO_RECORDING,2025-11-18T12:00:43.203794
2025-11-18 12:00:42.477297,302,244,HandType.Right,0.6571179628372192,2.907686471939087,176.72964477539062,-100.61512756347656,-0.7469523549079895,-0.2681436240673065,0.6084086894989014,-6.2279181480407715,1.5796585083007812,0.8812063336372375,0.5100945234298706,0.16969390213489532,61.31770706176758,0,1,0,0,0,-48.06190490722656,180.21331787109375,-62.312225341796875,-58.70355987548828,205.4716339111328,-117.16323852539062,grab,28,2025-11-18T12:00:42.477297,my_hand_data\videos\grab_seq28_20251118_120039_112579.avi,89.51653239797636,360,90,HIGH,VIDEO_RECORDING,2025-11-18T12:00:43.203794
2025-11-18 12:00:42.481562,303,244,HandType.Right,0.6571179628372192,2.907686471939087,176.72964477539062,-100.61512756347656,-0.7469523549079895,-0.2681436240673065,0.6084086894989014,-6.2279181480407715,1.5796585083007812,0.8812063336372375,0.5100945234298706,0.16969390213489532,61.31770706176758,0,1,0,0,0,-48.06190490722656,180.21331787109375,-62.312225341796875,-58.70355987548828,205.4716339111328,-117.16323852539062,grab,28,2025-11-18T12:00:42.481562,my_hand_data\videos\grab_seq28_20251118_120039_112579.avi,89.51653239797636,360,90,HIGH,VIDEO_RECORDING,2025-11-18T12:00:43.203794
2025-11-18 12:00:42.507159,304,244,HandType.Right,0.657425045967102,2.788390874862671,176.8726806640625,-100.57756042480469,-0.7467235326766968,-0.26983147859573364,0.6079432368278503,-0.7529177069664001,5.033012390136719,1.7839429378509521,0.509965717792511,0.17506027221679688,61.193824768066406,0,1,0,0,0,-48.014095306396484,180.39419555664062,-62.44464874267578,-58.85068893432617,205.5404510498047,-117.17049407958984,grab,28,2025-11-18T12:00:42.507159,my_hand_data\videos\grab_seq28_20251118_120039_112579.avi,89.51653239797636,360,90,HIGH,VIDEO_RECORDING,2025-11-18T12:00:43.203794
2025-11-18 12:00:42.512072,305,244,HandType.Right,0.657425045967102,2.788390874862671,176.8726806640625,-100.57756042480469,-0.7467235326766968,-0.26983147859573364,0.6079432368278503,-0.7529177069664001,5.033012390136719,1.7839429378509521,0.509965717792511,0.17506027221679688,61.193824768066406,0,1,0,0,0,-48.014095306396484,180.39419555664062,-62.44464874267578,-58.85068893432617,205.5404510498047,-117.17049407958984,grab,28,2025-11-18T12:00:42.512072,my_hand_data\videos\grab_seq28_20251118_120039_112579.avi,89.51653239797636,360,90,HIGH,VIDEO_RECORDING,2025-11-18T12:00:43.203794
2025-11-18 12:00:42.514084,306,244,HandType.Right,0.6576665639877319,2.8121843338012695,176.96051025390625,-100.58519744873047,-0.7467105388641357,-0.26988035440444946,0.6079374551773071,2.226611852645874,8.218192100524902,-0.7146478891372681,0.5099519491195679,0.17807909846305847,61.08893585205078,0,1,0,0,0,-47.9608039855957,180.58627319335938,-62.54342269897461,-58.82662582397461,205.6368865966797,-117.19009399414062,grab,28,2025-11-18T12:00:42.514084,my_hand_data\videos\grab_seq28_20251118_120039_112579.avi,89.51653239797636,360,90,HIGH,VIDEO_RECORDING,2025-11-18T12:00:43.203794
2025-11-18 12:00:42.538993,307,244,HandType.Right,0.6576768159866333,2.8439764976501465,177.0213623046875,-100.57575988769531,-0.746752142906189,-0.2698899209499359,0.6078820824623108,2.77056622505188,5.303520202636719,0.8223239183425903,0.5103114247322083,0.18045106530189514,61.01252746582031,0,1,0,0,0,-47.9064826965332,180.70071411132812,-62.59672164916992,-58.79050064086914,205.69862365722656,-117.17850494384766,grab,28,2025-11-18T12:00:42.538993,my_hand_data\videos\grab_seq28_20251118_120039_112579.avi,89.51653239797636,360,90,HIGH,VIDEO_RECORDING,2025-11-18T12:00:43.203794
2025-11-18 12:00:42.543880,308,244,HandType.Right,0.6575710773468018,2.895066738128662,177.08494567871094,-100.56346130371094,-0.7468263506889343,-0.2697044909000397,0.6078732013702393,4.627734661102295,5.758703708648682,1.114215612411499,0.5104967355728149,0.1828850656747818,60.958927154541016,0,1,0,0,0,-47.830684661865234,180.78765869140625,-62.64103317260742,-58.7336540222168,205.77410888671875,-117.16436004638672,grab,28,2025-11-18T12:00:42.543880,my_hand_data\videos\grab_seq28_20251118_120039_112579.avi,89.51653239797636,360,90,HIGH,VIDEO_RECORDING,2025-11-18T12:00:43.203794
2025-11-18 12:00:42.549581,309,244,HandType.Right,0.6575710773468018,2.895066738128662,177.08494567871094,-100.56346130371094,-0.7468263506889343,-0.2697044909000397,0.6078732013702393,4.627734661102295,5.758703708648682,1.114215612411499,0.5104967355728149,0.1828850656747818,60.958927154541016,0,1,0,0,0,-47.830684661865234,180.78765869140625,-62.64103317260742,-58.7336540222168,205.77410888671875,-117.16436004638672,grab,28,2025-11-18T12:00:42.549581,my_hand_data\videos\grab_seq28_20251118_120039_112579.avi,89.51653239797636,360,90,HIGH,VIDEO_RECORDING,2025-11-18T12:00:43.203794
2025-11-18 12:00:42.570524,310,244,HandType.Right,0.6570849418640137,2.970001459121704,177.19866943359375,-100.5435562133789,-0.7469436526298523,-0.26960256695747375,0.6077743172645569,2.827948570251465,5.0016326904296875,0.353603720664978,0.5114627480506897,0.18688596785068512,60.88324737548828,0,1,0,0,0,-47.71344757080078,180.89581298828125,-62.7000846862793,-58.644012451171875,205.89483642578125,-117.12747955322266,grab,28,2025-11-18T12:00:42.570524,my_hand_data\videos\grab_seq28_20251118_120039_112579.avi,89.51653239797636,360,90,HIGH,VIDEO_RECORDING,2025-11-18T12:00:43.203794
2025-11-18 12:00:42.575602,311,244,HandType.Right,0.6570690870285034,3.0107953548431396,177.15237426757812,-100.5045166015625,-0.746919572353363,-0.26958128809928894,0.6078133583068848,3.7636208534240723,-4.271116256713867,3.6019210815429688,0.5113193392753601,0.18852871656417847,60.85220718383789,0,1,0,0,0,-47.676414489746094,180.88157653808594,-62.68986892700195,-58.60801696777344,205.85116577148438,-117.0958480834961,grab,28,2025-11-18T12:00:42.575602,my_hand_data\videos\grab_seq28_20251118_120039_112579.avi,89.51653239797636,360,90,HIGH,VIDEO_RECORDING,2025-11-18T12:00:43.203794
2025-11-18 12:00:42.581012,312,244,HandType.Right,0.6570690870285034,3.0107953548431396,177.15237426757812,-100.5045166015625,-0.746919572353363,-0.26958128809928894,0.6078133583068848,3.7636208534240723,-4.271116256713867,3.6019210815429688,0.5113193392753601,0.18852871656417847,60.85220718383789,0,1,0,0,0,-47.676414489746094,180.88157653808594,-62.68986892700195,-58.60801696777344,205.85116577148438,-117.0958480834961,grab,28,2025-11-18T12:00:42.581012,my_hand_data\videos\grab_seq28_20251118_120039_112579.avi,89.51653239797636,360,90,HIGH,VIDEO_RECORDING,2025-11-18T12:00:43.203794
2025-11-18 12:00:42.602604,313,244,HandType.Right,0.6570767760276794,3.0678017139434814,177.04483032226562,-100.49905395507812,-0.746727705001831,-0.268838107585907,0.608377993106842,1.761195421218872,-4.703840255737305,-0.711392343044281,0.5110189318656921,0.1904096156358719,60.852508544921875,0,1,0,0,0,-47.620628356933594,180.81451416015625,-62.698543548583984,-58.55600357055664,205.7547607421875,-117.11756134033203,grab,28,2025-11-18T12:00:42.602604,my_hand_data\videos\grab_seq28_20251118_120039_112579.avi,89.51653239797636,360,90,HIGH,VIDEO_RECORDING,2025-11-18T12:00:43.203794
2025-11-18 12:00:42.603634,314,244,HandType.Right,0.657360851764679,3.0807602405548096,177.02090454101562,-100.53101348876953,-0.7466495633125305,-0.26849842071533203,0.6086238622665405,1.1707031726837158,-2.1615140438079834,-2.887362003326416,0.5109860897064209,0.1912202686071396,60.86018753051758,0,1,0,0,0,-47.60034942626953,180.79844665527344,-62.73436737060547,-58.544761657714844,205.7452850341797,-117.15713500976562,grab,28,2025-11-18T12:00:42.603634,my_hand_data\videos\grab_seq28_20251118_120039_112579.avi,89.51653239797636,360,90,HIGH,VIDEO_RECORDING,2025-11-18T12:00:43.203794
2025-11-18 12:00:42.615686,315,244,HandType.Right,0.657360851764679,3.0807602405548096,177.02090454101562,-100.53101348876953,-0.7466495633125305,-0.26849842071533203,0.6086238622665405,1.1707031726837158,-2.1615140438079834,-2.887362003326416,0.5109860897064209,0.1912202686071396,60.86018753051758,0,1,0,0,0,-47.60034942626953,180.79844665527344,-62.73436737060547,-58.544761657714844,205.7452850341797,-117.15713500976562,grab,28,2025-11-18T12:00:42.615686,my_hand_data\videos\grab_seq28_20251118_120039_112579.avi,89.51653239797636,360,90,HIGH,VIDEO_RECORDING,2025-11-18T12:00:43.203794
2025-11-18 12:00:42.634316,316,244,HandType.Right,0.6576256155967712,3.065807580947876,177.03042602539062,-100.62234497070312,-0.746410071849823,-0.26811084151268005,0.6090883016586304,-1.7721861600875854,2.2974398136138916,-5.047023296356201,0.5104840993881226,0.1929403692483902,60.88302230834961,0,1,0,0,0,-47.5960807800293,180.83485412597656,-62.81782531738281,-58.58190155029297,205.76541137695312,-117.26524353027344,grab,28,2025-11-18T12:00:42.634316,my_hand_data\videos\grab_seq28_20251118_120039_112579.avi,89.51653239797636,360,90,HIGH,VIDEO_RECORDING,2025-11-18T12:00:43.203794
2025-11-18 12:00:42.639442,317,244,HandType.Right,0.6576256155967712,3.065807580947876,177.03042602539062,-100.62234497070312,-0.746410071849823,-0.26811084151268005,0.6090883016586304,-1.7721861600875854,2.2974398136138916,-5.047023296356201,0.5104840993881226,0.1929403692483902,60.88302230834961,0,1,0,0,0,-47.5960807800293,180.83485412597656,-62.81782531738281,-58.58190155029297,205.76541137695312,-117.26524353027344,grab,28,2025-11-18T12:00:42.639442,my_hand_data\videos\grab_seq28_20251118_120039_112579.avi,89.51653239797636,360,90,HIGH,VIDEO_RECORDING,2025-11-18T12:00:43.203794
2025-11-18 12:00:42.650368,318,244,HandType.Right,0.6578105092048645,3.038922071456909,177.10231018066406,-100.669921875,-0.746377170085907,-0.26818034052848816,0.6090980172157288,-2.439042568206787,6.521673202514648,-4.316105365753174,0.5110279321670532,0.19413383305072784,60.8681526184082,0,1,0,0,0,-47.61962890625,180.91885375976562,-62.857627868652344,-58.612266540527344,205.81301879882812,-117.30369567871094,grab,28,2025-11-18T12:00:42.650368,my_hand_data\videos\grab_seq28_20251118_120039_112579.avi,89.51653239797636,360,90,HIGH,VIDEO_RECORDING,2025-11-18T12:00:43.203794
2025-11-18 12:00:42.666212,319,244,HandType.Right,0.6577622294425964,2.918522596359253,177.2814483642578,-100.67504119873047,-0.746367871761322,-0.26886093616485596,0.6088092923164368,-6.0255231857299805,6.996522426605225,0.834414541721344,0.5125051140785217,0.19516833126544952,60.87876892089844,0,1,0,0,0,-47.72261047363281,181.06568908691406,-62.84269714355469,-58.72975158691406,205.9713134765625,-117.29246520996094,grab,28,2025-11-18T12:00:42.666212,my_hand_data\videos\grab_seq28_20251118_120039_112579.avi,89.51653239797636,360,90,HIGH,VIDEO_RECORDING,2025-11-18T12:00:43.203794
2025-11-18 12:00:42.669546,320,244,HandType.Right,0.6577622294425964,2.918522596359253,177.2814483642578,-100.67504119873047,-0.746367871761322,-0.26886093616485596,0.6088092923164368,-6.0255231857299805,6.996522426605225,0.834414541721344,0.5125051140785217,0.19516833126544952,60.87876892089844,0,1,0,0,0,-47.72261047363281,181.06568908691406,-62.84269714355469,-58.72975158691406,205.9713134765625,-117.29246520996094,grab,28,2025-11-18T12:00:42.669546,my_hand_data\videos\grab_seq28_20251118_120039_112579.avi,89.51653239797636,360,90,HIGH,VIDEO_RECORDING,2025-11-18T12:00:43.203794
2025-11-18 12:00:42.682264,321,244,HandType.Right,0.657791018486023,2.863065242767334,177.3968505859375,-100.64515686035156,-0.7463279962539673,-0.2690705955028534,0.6087655425071716,-5.086882591247559,10.584688186645508,2.7414391040802,0.5137447714805603,0.19570089876651764,60.86936569213867,0,1,0,0,0,-47.75084686279297,181.1444549560547,-62.80896759033203,-58.78078842163086,206.06362915039062,-117.2374038696289,grab,28,2025-11-18T12:00:42.682264,my_hand_data\videos\grab_seq28_20251118_120039_112579.avi,89.51653239797636,360,90,HIGH,VIDEO_RECORDING,2025-11-18T12:00:43.203794
2025-11-18 12:00:42.697604,322,244,HandType.Right,0.6577651500701904,2.809558629989624,177.6566162109375,-100.54664611816406,-0.7461847066879272,-0.26959970593452454,0.6087071299552917,-1.088266134262085,12.048300743103027,4.49644136428833,0.5172553658485413,0.19847914576530457,60.814910888671875,0,1,0,0,0,-47.753414154052734,181.3070831298828,-62.71030044555664,-58.79624938964844,206.28439331054688,-117.04853057861328,grab,28,2025-11-18T12:00:42.697604,my_hand_data\videos\grab_seq28_20251118_120039_112579.avi,89.51653239797636,360,90,HIGH,VIDEO_RECORDING,2025-11-18T12:00:43.203794
2025-11-18 12:00:42.702112,323,244,HandType.Right,0.6577651500701904,2.809558629989624,177.6566162109375,-100.54664611816406,-0.7461847066879272,-0.26959970593452454,0.6087071299552917,-1.088266134262085,12.048300743103027,4.49644136428833,0.5172553658485413,0.19847914576530457,60.814910888671875,0,1,0,0,0,-47.753414154052734,181.3070831298828,-62.71030044555664,-58.79624938964844,206.28439331054688,-117.04853057861328,grab,28,2025-11-18T12:00:42.702112,my_hand_data\videos\grab_seq28_20251118_120039_112579.avi,89.51653239797636,360,90,HIGH,VIDEO_RECORDING,2025-11-18T12:00:43.203794
2025-11-18 12:00:42.728660,324,244,HandType.Right,0.6580985188484192,2.909714460372925,177.89486694335938,-100.3603744506836,-0.7459983229637146,-0.2695869505405426,0.6089411973953247,5.168454170227051,6.529117584228516,4.179027080535889,0.5200121402740479,0.20269249379634857,60.703060150146484,0,1,0,0,0,-47.641395568847656,181.5689697265625,-62.5434455871582,-58.680110931396484,206.50576782226562,-116.77594757080078,grab,28,2025-11-18T12:00:42.728660,my_hand_data\videos\grab_seq28_20251118_120039_112579.avi,89.51653239797636,360,90,HIGH,VIDEO_RECORDING,2025-11-18T12:00:43.203794
2025-11-18 12:00:42.733423,325,244,HandType.Right,0.6580985188484192,2.909714460372925,177.89486694335938,-100.3603744506836,-0.7459983229637146,-0.2695869505405426,0.6089411973953247,5.168454170227051,6.529117584228516,4.179027080535889,0.5200121402740479,0.20269249379634857,60.703060150146484,0,1,0,0,0,-47.641395568847656,181.5689697265625,-62.5434455871582,-58.680110931396484,206.50576782226562,-116.77594757080078,grab,28,2025-11-18T12:00:42.733423,my_hand_data\videos\grab_seq28_20251118_120039_112579.avi,89.51653239797636,360,90,HIGH,VIDEO_RECORDING,2025-11-18T12:00:43.203794
2025-11-18 12:00:42.738912,326,244,HandType.Right,0.6580393314361572,2.9713473320007324,177.96165466308594,-100.31803131103516,-0.7459324598312378,-0.269388884305954,0.6091095209121704,5.510314464569092,5.970204830169678,3.7854080200195312,0.519767165184021,0.20405007898807526,60.68534851074219,0,1,0,0,0,-47.581626892089844,181.65988159179688,-62.51594543457031,-58.62390899658203,206.6016845703125,-116.72559356689453,grab,28,2025-11-18T12:00:42.738912,my_hand_data\videos\grab_seq28_20251118_120039_112579.avi,89.51653239797636,360,90,HIGH,VIDEO_RECORDING,2025-11-18T12:00:43.203794
2025-11-18 12:00:42.760145,327,244,HandType.Right,0.658065915107727,3.0267646312713623,178.0317840576172,-100.28084564208984,-0.745841920375824,-0.2692800462245941,0.6092684864997864,4.880438327789307,6.176374912261963,3.275408983230591,0.5200214982032776,0.20524248480796814,60.66627883911133,0,1,0,0,0,-47.52241516113281,181.72454833984375,-62.488563537597656,-58.57017517089844,206.68983459472656,-116.66493225097656,grab,28,2025-11-18T12:00:42.760145,my_hand_data\videos\grab_seq28_20251118_120039_112579.avi,89.51653239797636,360,90,HIGH,VIDEO_RECORDING,2025-11-18T12:00:43.203794
2025-11-18 12:00:42.764978,328,244,HandType.Right,0.6579988598823547,3.058450937271118,178.08152770996094,-100.25224304199219,-0.7457060217857361,-0.2692815363407135,0.609434187412262,2.9599359035491943,4.6463541984558105,2.671804189682007,0.5201493501663208,0.20684652030467987,60.647674560546875,0,1,0,0,0,-47.480445861816406,181.7622528076172,-62.47972106933594,-58.533103942871094,206.745361328125,-116.62603759765625,grab,28,2025-11-18T12:00:42.764978,my_hand_data\videos\grab_seq28_20251118_120039_112579.avi,89.51653239797636,360,90,HIGH,VIDEO_RECORDING,2025-11-18T12:00:43.203794
2025-11-18 12:00:42.768992,329,244,HandType.Right,0.6579988598823547,3.058450937271118,178.08152770996094,-100.25224304199219,-0.7457060217857361,-0.2692815363407135,0.609434187412262,2.9599359035491943,4.6463541984558105,2.671804189682007,0.5201493501663208,0.20684652030467987,60.647674560546875,0,1,0,0,0,-47.480445861816406,181.7622528076172,-62.47972106933594,-58.533103942871094,206.745361328125,-116.62603759765625,grab,28,2025-11-18T12:00:42.768992,my_hand_data\videos\grab_seq28_20251118_120039_112579.avi,89.51653239797636,360,90,HIGH,VIDEO_RECORDING,2025-11-18T12:00:43.203794
2025-11-18 12:00:42.791909,330,244,HandType.Right,0.6577056646347046,3.0812668800354004,178.10073852539062,-100.19477844238281,-0.745612382888794,-0.26937034726142883,0.6095094680786133,0.23754937946796417,0.10141223669052124,2.6820919513702393,0.5198652148246765,0.21048928797245026,60.591957092285156,0,1,0,0,0,-47.46213912963867,181.80186462402344,-62.504783630371094,-58.49697494506836,206.80130004882812,-116.58477783203125,grab,28,2025-11-18T12:00:42.791909,my_hand_data\videos\grab_seq28_20251118_120039_112579.avi,89.51653239797636,360,90,HIGH,VIDEO_RECORDING,2025-11-18T12:00:43.203794
2025-11-18 12:00:42.797940,331,244,HandType.Right,0.6574686169624329,3.0833702087402344,178.1019287109375,-100.17914581298828,-0.7454864382743835,-0.26930493116378784,0.609692394733429,0.19433078169822693,0.10949812829494476,1.4439947605133057,0.5192269086837769,0.21145224571228027,60.58632278442383,0,1,0,0,0,-47.44978332519531,181.798095703125,-62.51260757446289,-58.50090789794922,206.8074493408203,-116.57837677001953,grab,28,2025-11-18T12:00:42.797940,my_hand_data\videos\grab_seq28_20251118_120039_112579.avi,89.51653239797636,360,90,HIGH,VIDEO_RECORDING,2025-11-18T12:00:43.203794
2025-11-18 12:00:42.804403,332,244,HandType.Right,0.6574686169624329,3.0833702087402344,178.1019287109375,-100.17914581298828,-0.7454864382743835,-0.26930493116378784,0.609692394733429,0.19433078169822693,0.10949812829494476,1.4439947605133057,0.5192269086837769,0.21145224571228027,60.58632278442383,0,1,0,0,0,-47.44978332519531,181.798095703125,-62.51260757446289,-58.50090789794922,206.8074493408203,-116.57837677001953,grab,28,2025-11-18T12:00:42.804403,my_hand_data\videos\grab_seq28_20251118_120039_112579.avi,89.51653239797636,360,90,HIGH,VIDEO_RECORDING,2025-11-18T12:00:43.203794
2025-11-18 12:00:42.823679,333,244,HandType.Right,0.6578853726387024,3.0645081996917725,178.11383056640625,-100.12542724609375,-0.7452046871185303,-0.26962968707084656,0.609893262386322,-0.20891164243221283,-0.9772703647613525,2.550905704498291,0.5180496573448181,0.2135120928287506,60.550270080566406,0,1,0,0,0,-47.45494079589844,181.80560302734375,-62.528968811035156,-58.544654846191406,206.8178253173828,-116.54509735107422,grab,28,2025-11-18T12:00:42.823679,my_hand_data\videos\grab_seq28_20251118_120039_112579.avi,89.51653239797636,360,90,HIGH,VIDEO_RECORDING,2025-11-18T12:00:43.203794
2025-11-18 12:00:42.826781,334,244,HandType.Right,0.657966136932373,3.051732063293457,178.12586975097656,-100.1343765258789,-0.7450898289680481,-0.2695874273777008,0.610052227973938,-1.119828462600708,1.0549216270446777,-0.7843468189239502,0.5184147357940674,0.21466223895549774,60.52454376220703,0,1,0,0,0,-47.45780563354492,181.80902099609375,-62.554805755615234,-58.55516052246094,206.82798767089844,-116.53739929199219,grab,28,2025-11-18T12:00:42.826781,my_hand_data\videos\grab_seq28_20251118_120039_112579.avi,89.51653239797636,360,90,HIGH,VIDEO_RECORDING,2025-11-18T12:00:43.203794
2025-11-18 12:00:42.835126,335,244,HandType.Right,0.657966136932373,3.051732063293457,178.12586975097656,-100.1343765258789,-0.7450898289680481,-0.2695874273777008,0.610052227973938,-1.119828462600708,1.0549216270446777,-0.7843468189239502,0.5184147357940674,0.21466223895549774,60.52454376220703,0,1,0,0,0,-47.45780563354492,181.80902099609375,-62.554805755615234,-58.55516052246094,206.82798767089844,-116.53739929199219,grab,28,2025-11-18T12:00:42.835126,my_hand_data\videos\grab_seq28_20251118_120039_112579.avi,89.51653239797636,360,90,HIGH,VIDEO_RECORDING,2025-11-18T12:00:43.203794
2025-11-18 12:00:42.855331,336,244,HandType.Right,0.6579521298408508,3.0395936965942383,178.16917419433594,-100.16692352294922,-0.7448812127113342,-0.26967304944992065,0.6102691292762756,-0.5840095281600952,2.5182671546936035,-1.8701179027557373,0.5183454155921936,0.21620038151741028,60.506500244140625,0,1,0,0,0,-47.444419860839844,181.8193359375,-62.62217330932617,-58.5764045715332,206.86093139648438,-116.56690216064453,grab,28,2025-11-18T12:00:42.855331,my_hand_data\videos\grab_seq28_20251118_120039_112579.avi,89.51653239797636,360,90,HIGH,VIDEO_RECORDING,2025-11-18T12:00:43.203794
2025-11-18 12:00:42.860063,337,244,HandType.Right,0.6579521298408508,3.0395936965942383,178.16917419433594,-100.16692352294922,-0.7448812127113342,-0.26967304944992065,0.6102691292762756,-0.5840095281600952,2.5182671546936035,-1.8701179027557373,0.5183454155921936,0.21620038151741028,60.506500244140625,0,1,0,0,0,-47.444419860839844,181.8193359375,-62.62217330932617,-58.5764045715332,206.86093139648438,-116.56690216064453,grab,28,2025-11-18T12:00:42.860063,my_hand_data\videos\grab_seq28_20251118_120039_112579.avi,89.51653239797636,360,90,HIGH,VIDEO_RECORDING,2025-11-18T12:00:43.203794
2025-11-18 12:00:42.871326,338,244,HandType.Right,0.6580047607421875,3.0406007766723633,178.20924377441406,-100.193359375,-0.7447742819786072,-0.26979947090148926,0.6103437542915344,0.09129621088504791,3.6315906047821045,-2.3967204093933105,0.518919825553894,0.21733537316322327,60.4935417175293,0,1,0,0,0,-47.42871856689453,181.82984924316406,-62.65425109863281,-58.57741928100586,206.8667755126953,-116.58316040039062,grab,28,2025-11-18T12:00:42.871326,my_hand_data\videos\grab_seq28_20251118_120039_112579.avi,89.51653239797636,360,90,HIGH,VIDEO_RECORDING,2025-11-18T12:00:43.203794
2025-11-18 12:00:42.887136,339,244,HandType.Right,0.6579077243804932,3.1160171031951904,178.32814025878906,-100.17897033691406,-0.7446150183677673,-0.27036887407302856,0.6102861166000366,3.51538348197937,3.9548003673553467,1.2084003686904907,0.5187223553657532,0.21659693121910095,60.564208984375,0,1,0,0,0,-47.321834564208984,181.85671997070312,-62.649803161621094,-58.500267028808594,206.9910125732422,-116.60657501220703,grab,28,2025-11-18T12:00:42.887136,my_hand_data\videos\grab_seq28_20251118_120039_112579.avi,89.51653239797636,360,90,HIGH,VIDEO_RECORDING,2025-11-18T12:00:43.203794
2025-11-18 12:00:42.892453,340,244,HandType.Right,0.6579077243804932,3.1160171031951904,178.32814025878906,-100.17897033691406,-0.7446150183677673,-0.27036887407302856,0.6102861166000366,3.51538348197937,3.9548003673553467,1.2084003686904907,0.5187223553657532,0.21659693121910095,60.564208984375,0,1,0,0,0,-47.321834564208984,181.85671997070312,-62.649803161621094,-58.500267028808594,206.9910125732422,-116.60657501220703,grab,28,2025-11-18T12:00:42.892453,my_hand_data\videos\grab_seq28_20251118_120039_112579.avi,89.51653239797636,360,90,HIGH,VIDEO_RECORDING,2025-11-18T12:00:43.203794
2025-11-18 12:00:42.903103,341,244,HandType.Right,0.6579000353813171,3.1798882484436035,178.37171936035156,-100.1734848022461,-0.7446174025535583,-0.2704491913318634,0.6102476119995117,5.765067100524902,3.9339373111724854,0.49560433626174927,0.5185835361480713,0.21640868484973907,60.58713150024414,0,1,0,0,0,-47.24608612060547,181.8592987060547,-62.64872741699219,-58.44280242919922,207.03819274902344,-116.60665130615234,grab,28,2025-11-18T12:00:42.903103,my_hand_data\videos\grab_seq28_20251118_120039_112579.avi,89.51653239797636,360,90,HIGH,VIDEO_RECORDING,2025-11-18T12:00:43.203794
2025-11-18 12:00:42.919228,342,244,HandType.Right,0.6577757000923157,3.31269907951355,178.385009765625,-100.14722442626953,-0.7445672750473022,-0.27058303356170654,0.6102494597434998,5.711941719055176,-1.1568427085876465,0.8816515803337097,0.5185244679450989,0.21737444400787354,60.58450698852539,0,1,0,0,0,-47.09391784667969,181.79750061035156,-62.648712158203125,-58.335426330566406,207.03692626953125,-116.56607818603516,grab,28,2025-11-18T12:00:42.919228,my_hand_data\videos\grab_seq28_20251118_120039_112579.avi,89.51653239797636,360,90,HIGH,VIDEO_RECORDING,2025-11-18T12:00:43.203794
2025-11-18 12:00:42.935208,343,244,HandType.Right,0.6577644944190979,3.3569421768188477,178.35479736328125,-100.14628601074219,-0.7445436716079712,-0.27049532532691956,0.6103171110153198,4.023930549621582,-2.7487916946411133,0.08550552278757095,0.5187010765075684,0.2182605266571045,60.569740295410156,0,1,0,0,0,-47.035526275634766,181.758056640625,-62.66291427612305,-58.2904052734375,207.00157165527344,-116.5589828491211,grab,28,2025-11-18T12:00:42.935208,my_hand_data\videos\grab_seq28_20251118_120039_112579.avi,89.51653239797636,360,90,HIGH,VIDEO_RECORDING,2025-11-18T12:00:43.203794
2025-11-18 12:00:42.935208,344,244,HandType.Right,0.6577644944190979,3.3569421768188477,178.35479736328125,-100.14628601074219,-0.7445436716079712,-0.27049532532691956,0.6103171110153198,4.023930549621582,-2.7487916946411133,0.08550552278757095,0.5187010765075684,0.2182605266571045,60.569740295410156,0,1,0,0,0,-47.035526275634766,181.758056640625,-62.66291427612305,-58.2904052734375,207.00157165527344,-116.5589828491211,grab,28,2025-11-18T12:00:42.935208,my_hand_data\videos\grab_seq28_20251118_120039_112579.avi,89.51653239797636,360,90,HIGH,VIDEO_RECORDING,2025-11-18T12:00:43.203794
2025-11-18 12:00:42.935208,345,244,HandType.Right,0.657908022403717,3.4004223346710205,178.3015899658203,-100.15070343017578,-0.7444680333137512,-0.27025771141052246,0.6105146408081055,3.905165672302246,-4.7775654792785645,-0.39642831683158875,0.5188261866569519,0.218520849943161,60.56700134277344,0,1,0,0,0,-46.98114013671875,181.69850158691406,-62.67087173461914,-58.24872970581055,206.9402618408203,-116.56202697753906,grab,28,2025-11-18T12:00:42.935208,my_hand_data\videos\grab_seq28_20251118_120039_112579.avi,89.51653239797636,360,90,HIGH,VIDEO_RECORDING,2025-11-18T12:00:43.203794
2025-11-18 12:00:42.967021,346,244,HandType.Right,0.6579601168632507,3.4877729415893555,178.27902221679688,-100.14854431152344,-0.7445048689842224,-0.2703569829463959,0.6104257702827454,4.013547420501709,-1.3749886751174927,0.4923405051231384,0.5180866122245789,0.2197786420583725,60.58979415893555,0,1,0,0,0,-46.88959503173828,181.6593780517578,-62.70189666748047,-58.16259765625,206.91763305664062,-116.60980987548828,grab,28,2025-11-18T12:00:42.967021,my_hand_data\videos\grab_seq28_20251118_120039_112579.avi,89.51653239797636,360,90,HIGH,VIDEO_RECORDING,2025-11-18T12:00:43.203794
2025-11-18 12:00:42.967021,347,244,HandType.Right,0.6579601168632507,3.4877729415893555,178.27902221679688,-100.14854431152344,-0.7445048689842224,-0.2703569829463959,0.6104257702827454,4.013547420501709,-1.3749886751174927,0.4923405051231384,0.5180866122245789,0.2197786420583725,60.58979415893555,0,1,0,0,0,-46.88959503173828,181.6593780517578,-62.70189666748047,-58.16259765625,206.91763305664062,-116.60980987548828,grab,28,2025-11-18T12:00:42.967021,my_hand_data\videos\grab_seq28_20251118_120039_112579.avi,89.51653239797636,360,90,HIGH,VIDEO_RECORDING,2025-11-18T12:00:43.203794
2025-11-18 12:00:42.983109,348,244,HandType.Right,0.6578460931777954,3.5393941402435303,178.2689666748047,-100.13643646240234,-0.7445956468582153,-0.27049389481544495,0.6102543473243713,1.9066002368927002,-0.9843557476997375,0.6992155313491821,0.5181978940963745,0.22189201414585114,60.58924865722656,0,1,0,0,0,-46.83548355102539,181.6016082763672,-62.72442626953125,-58.106422424316406,206.90524291992188,-116.61087036132812,grab,28,2025-11-18T12:00:42.983109,my_hand_data\videos\grab_seq28_20251118_120039_112579.avi,89.51653239797636,360,90,HIGH,VIDEO_RECORDING,2025-11-18T12:00:43.203794
2025-11-18 12:00:43.000230,349,244,HandType.Right,0.6578882932662964,3.5426294803619385,178.25291442871094,-100.13374328613281,-0.7446374893188477,-0.27063968777656555,0.6101385951042175,0.2869442105293274,-1.4235550165176392,0.23862969875335693,0.5187197327613831,0.22333687543869019,60.554813385009766,0,1,0,0,0,-46.83488464355469,181.57115173339844,-62.754154205322266,-58.09636306762695,206.8849639892578,-116.59907531738281,grab,28,2025-11-18T12:00:43.000230,my_hand_data\videos\grab_seq28_20251118_120039_112579.avi,89.51653239797636,360,90,HIGH,VIDEO_RECORDING,2025-11-18T12:00:43.203794
2025-11-18 12:00:43.007442,350,244,HandType.Right,0.6580512523651123,3.5297603607177734,178.23519897460938,-100.1280746459961,-0.744622528553009,-0.2709046006202698,0.6100392937660217,-1.1805589199066162,-1.6246789693832397,0.5203421711921692,0.5188946723937988,0.2246105670928955,60.52959060668945,0,1,0,0,0,-46.84517288208008,181.5443572998047,-62.78315353393555,-58.11106491088867,206.86056518554688,-116.59765625,grab,28,2025-11-18T12:00:43.007442,my_hand_data\videos\grab_seq28_20251118_120039_112579.avi,89.51653239797636,360,90,HIGH,VIDEO_RECORDING,2025-11-18T12:00:43.203794
2025-11-18 12:00:43.030151,351,244,HandType.Right,0.6580882668495178,3.504136800765991,178.19546508789062,-100.08000946044922,-0.744575023651123,-0.27172693610191345,0.6097314953804016,-0.9278594255447388,-0.99001145362854,2.0822913646698,0.5195469260215759,0.22573353350162506,60.52651596069336,0,1,0,0,0,-46.85862350463867,181.39227294921875,-62.78236389160156,-58.14473342895508,206.7615966796875,-116.56414794921875,grab,28,2025-11-18T12:00:43.030151,my_hand_data\videos\grab_seq28_20251118_120039_112579.avi,89.51653239797636,360,90,HIGH,VIDEO_RECORDING,2025-11-18T12:00:43.203794
2025-11-18 12:00:43.030151,352,244,HandType.Right,0.6580882668495178,3.504136800765991,178.19546508789062,-100.08000946044922,-0.744575023651123,-0.27172693610191345,0.6097314953804016,-0.9278594255447388,-0.99001145362854,2.0822913646698,0.5195469260215759,0.22573353350162506,60.52651596069336,0,1,0,0,0,-46.85862350463867,181.39227294921875,-62.78236389160156,-58.14473342895508,206.7615966796875,-116.56414794921875,grab,28,2025-11-18T12:00:43.030151,my_hand_data\videos\grab_seq28_20251118_120039_112579.avi,89.51653239797636,360,90,HIGH,VIDEO_RECORDING,2025-11-18T12:00:43.203794
2025-11-18 12:00:43.030151,353,244,HandType.Right,0.6581295132637024,3.5066051483154297,178.1826171875,-100.05943298339844,-0.7445567846298218,-0.2720203697681427,0.6096229553222656,0.22056180238723755,-1.1484488248825073,1.838836908340454,0.5195462703704834,0.22632883489131927,60.51128005981445,0,1,0,0,0,-46.84999465942383,181.3590545654297,-62.78064727783203,-58.15333938598633,206.72488403320312,-116.5433120727539,grab,28,2025-11-18T12:00:43.030151,my_hand_data\videos\grab_seq28_20251118_120039_112579.avi,89.51653239797636,360,90,HIGH,VIDEO_RECORDING,2025-11-18T12:00:43.203794
2025-11-18 12:00:43.061653,354,244,HandType.Right,0.6581306457519531,3.5542516708374023,178.10256958007812,-100.00528717041016,-0.7444748878479004,-0.272299587726593,0.6095982789993286,2.351029634475708,-3.2345190048217773,1.7273228168487549,0.519170343875885,0.22702139616012573,60.49772644042969,0,1,0,0,0,-46.7890625,181.22483825683594,-62.74433517456055,-58.137962341308594,206.59373474121094,-116.48069763183594,grab,28,2025-11-18T12:00:43.061653,my_hand_data\videos\grab_seq28_20251118_120039_112579.avi,89.51653239797636,360,90,HIGH,VIDEO_RECORDING,2025-11-18T12:00:43.203794
2025-11-18 12:00:43.067172,355,244,HandType.Right,0.6581306457519531,3.5542516708374023,178.10256958007812,-100.00528717041016,-0.7444748878479004,-0.272299587726593,0.6095982789993286,2.351029634475708,-3.2345190048217773,1.7273228168487549,0.519170343875885,0.22702139616012573,60.49772644042969,0,1,0,0,0,-46.7890625,181.22483825683594,-62.74433517456055,-58.137962341308594,206.59373474121094,-116.48069763183594,grab,28,2025-11-18T12:00:43.067172,my_hand_data\videos\grab_seq28_20251118_120039_112579.avi,89.51653239797636,360,90,HIGH,VIDEO_RECORDING,2025-11-18T12:00:43.203794
2025-11-18 12:00:43.072522,356,244,HandType.Right,0.6581306457519531,3.5542516708374023,178.10256958007812,-100.00528717041016,-0.7444748878479004,-0.272299587726593,0.6095982789993286,2.351029634475708,-3.2345190048217773,1.7273228168487549,0.519170343875885,0.22702139616012573,60.49772644042969,0,1,0,0,0,-46.7890625,181.22483825683594,-62.74433517456055,-58.137962341308594,206.59373474121094,-116.48069763183594,grab,28,2025-11-18T12:00:43.072522,my_hand_data\videos\grab_seq28_20251118_120039_112579.avi,89.51653239797636,360,90,HIGH,VIDEO_RECORDING,2025-11-18T12:00:43.203794
2025-11-18 12:00:43.093770,357,244,HandType.Right,0.6586008071899414,3.6528282165527344,177.98460388183594,-99.96634674072266,-0.7442131042480469,-0.27291232347488403,0.6096439361572266,2.575322151184082,-2.047003984451294,0.15984243154525757,0.5198630094528198,0.22936686873435974,60.39482498168945,0,1,0,0,0,-46.692928314208984,181.0835723876953,-62.747642517089844,-58.081809997558594,206.3949737548828,-116.3868179321289,grab,28,2025-11-18T12:00:43.093770,my_hand_data\videos\grab_seq28_20251118_120039_112579.avi,89.51653239797636,360,90,HIGH,VIDEO_RECORDING,2025-11-18T12:00:43.203794
2025-11-18 12:00:43.093770,358,244,HandType.Right,0.6586008071899414,3.6528282165527344,177.98460388183594,-99.96634674072266,-0.7442131042480469,-0.27291232347488403,0.6096439361572266,2.575322151184082,-2.047003984451294,0.15984243154525757,0.5198630094528198,0.22936686873435974,60.39482498168945,0,1,0,0,0,-46.692928314208984,181.0835723876953,-62.747642517089844,-58.081809997558594,206.3949737548828,-116.3868179321289,grab,28,2025-11-18T12:00:43.093770,my_hand_data\videos\grab_seq28_20251118_120039_112579.avi,89.51653239797636,360,90,HIGH,VIDEO_RECORDING,2025-11-18T12:00:43.203794
2025-11-18 12:00:43.093770,359,244,HandType.Right,0.6586008071899414,3.6528282165527344,177.98460388183594,-99.96634674072266,-0.7442131042480469,-0.27291232347488403,0.6096439361572266,2.575322151184082,-2.047003984451294,0.15984243154525757,0.5198630094528198,0.22936686873435974,60.39482498168945,0,1,0,0,0,-46.692928314208984,181.0835723876953,-62.747642517089844,-58.081809997558594,206.3949737548828,-116.3868179321289,grab,28,2025-11-18T12:00:43.093770,my_hand_data\videos\grab_seq28_20251118_120039_112579.avi,89.51653239797636,360,90,HIGH,VIDEO_RECORDING,2025-11-18T12:00:43.203794
2025-11-18 12:00:43.125331,360,244,HandType.Right,0.6585296392440796,3.6418569087982178,177.88558959960938,-100.00505065917969,-0.7441310882568359,-0.27314528822898865,0.6096397042274475,-0.997022807598114,-3.870006561279297,-2.1631414890289307,0.5201179385185242,0.22992561757564545,60.3885612487793,0,1,0,0,0,-46.68508529663086,180.95216369628906,-62.79325485229492,-58.10369110107422,206.24363708496094,-116.42845916748047,grab,28,2025-11-18T12:00:43.125331,my_hand_data\videos\grab_seq28_20251118_120039_112579.avi,89.51653239797636,360,90,HIGH,VIDEO_RECORDING,2025-11-18T12:00:43.203794
