timestamp,frame_id,hand_id,hand_type,confidence,palm_x,palm_y,palm_z,palm_normal_x,palm_normal_y,palm_normal_z,palm_velocity_x,palm_velocity_y,palm_velocity_z,grab_strength,pinch_strength,pinch_distance,thumb_extended,index_extended,middle_extended,ring_extended,pinky_extended,thumb_tip_x,thumb_tip_y,thumb_tip_z,index_tip_x,index_tip_y,index_tip_z,gesture_type,sequence_id,recording_timestamp,video_file_path,performance_actual_fps,performance_total_frames,performance_target_fps,performance_quality,performance_mode,video_recording_time
2025-11-18 11:48:23.014042,1,69,HandType.Left,0.7515016198158264,-217.03965759277344,132.59727478027344,-4.385676860809326,0.9978474974632263,-0.025733884423971176,-0.0603167787194252,12.307626724243164,-7.691991329193115,2.5090599060058594,0.0,0.0,53.75321578979492,1,1,1,1,1,-196.12661743164062,184.1991729736328,-6.985555171966553,-212.5475616455078,167.96017456054688,-73.21166229248047,grab,12,2025-11-18T11:48:23.014042,my_hand_data\videos\grab_seq12_20251118_114822_982505.avi,89.70743042900611,360,90,HIGH,VIDEO_RECORDING,2025-11-18T11:48:27.064291
2025-11-18 11:48:23.022448,2,69,HandType.Left,0.7513629198074341,-216.8850555419922,132.50076293945312,-4.337838649749756,0.9978756904602051,-0.026624958962202072,-0.05945759266614914,14.028764724731445,-8.75703239440918,4.340664386749268,0.0,0.0,53.98653030395508,1,1,1,1,1,-195.592529296875,184.2107696533203,-6.766912460327148,-212.35494995117188,167.90184020996094,-73.12535095214844,grab,12,2025-11-18T11:48:23.022448,my_hand_data\videos\grab_seq12_20251118_114822_982505.avi,89.70743042900611,360,90,HIGH,VIDEO_RECORDING,2025-11-18T11:48:27.064291
2025-11-18 11:48:23.030804,3,69,HandType.Left,0.7506851553916931,-216.7910919189453,132.3966827392578,-4.310921669006348,0.9979425072669983,-0.027097992599010468,-0.058107275515794754,8.09671688079834,-8.969655990600586,2.3196287155151367,0.0,0.0,54.2233772277832,1,1,1,1,1,-195.27716064453125,184.2566680908203,-6.5716962814331055,-212.17845153808594,167.81002807617188,-73.0523452758789,grab,12,2025-11-18T11:48:23.030804,my_hand_data\videos\grab_seq12_20251118_114822_982505.avi,89.70743042900611,360,90,HIGH,VIDEO_RECORDING,2025-11-18T11:48:27.064291
2025-11-18 11:48:23.037006,4,69,HandType.Left,0.7506851553916931,-216.7910919189453,132.3966827392578,-4.310921669006348,0.9979425072669983,-0.027097992599010468,-0.058107275515794754,8.09671688079834,-8.969655990600586,2.3196287155151367,0.0,0.0,54.2233772277832,1,1,1,1,1,-195.27716064453125,184.2566680908203,-6.5716962814331055,-212.17845153808594,167.81002807617188,-73.0523452758789,grab,12,2025-11-18T11:48:23.037006,my_hand_data\videos\grab_seq12_20251118_114822_982505.avi,89.70743042900611,360,90,HIGH,VIDEO_RECORDING,2025-11-18T11:48:27.064291
2025-11-18 11:48:23.061232,5,69,HandType.Left,0.7493610382080078,-216.4205780029297,131.78082275390625,-4.267059803009033,0.9982572793960571,-0.026864249259233475,-0.0525427870452404,10.3482084274292,-21.189800262451172,0.7892281413078308,0.0,0.0,54.858638763427734,1,1,1,1,1,-194.17724609375,184.59225463867188,-6.314123153686523,-211.857666015625,167.29977416992188,-72.94153594970703,grab,12,2025-11-18T11:48:23.061232,my_hand_data\videos\grab_seq12_20251118_114822_982505.avi,89.70743042900611,360,90,HIGH,VIDEO_RECORDING,2025-11-18T11:48:27.064291
2025-11-18 11:48:23.061232,6,69,HandType.Left,0.7493610382080078,-216.4205780029297,131.78082275390625,-4.267059803009033,0.9982572793960571,-0.026864249259233475,-0.0525427870452404,10.3482084274292,-21.189800262451172,0.7892281413078308,0.0,0.0,54.858638763427734,1,1,1,1,1,-194.17724609375,184.59225463867188,-6.314123153686523,-211.857666015625,167.29977416992188,-72.94153594970703,grab,12,2025-11-18T11:48:23.061232,my_hand_data\videos\grab_seq12_20251118_114822_982505.avi,89.70743042900611,360,90,HIGH,VIDEO_RECORDING,2025-11-18T11:48:27.064291
2025-11-18 11:48:23.074474,7,69,HandType.Left,0.7485355138778687,-216.25491333007812,131.449951171875,-4.234435558319092,0.9983695149421692,-0.027055896818637848,-0.05026251822710037,15.26509952545166,-30.489500045776367,3.0062506198883057,0.0,0.0,55.17621612548828,1,1,1,1,1,-193.52017211914062,184.3306427001953,-6.172287940979004,-211.6787872314453,166.9484405517578,-72.9200668334961,grab,12,2025-11-18T11:48:23.074474,my_hand_data\videos\grab_seq12_20251118_114822_982505.avi,89.70743042900611,360,90,HIGH,VIDEO_RECORDING,2025-11-18T11:48:27.064291
2025-11-18 11:48:23.092290,8,69,HandType.Left,0.7469080090522766,-216.070068359375,131.09487915039062,-4.204186916351318,0.9985042214393616,-0.026252079755067825,-0.047960296273231506,16.694604873657227,-32.06993865966797,2.7320148944854736,0.0,0.0,55.53553009033203,1,1,1,1,1,-192.78204345703125,184.1136474609375,-6.019847393035889,-211.42860412597656,166.53341674804688,-72.90738677978516,grab,12,2025-11-18T11:48:23.092290,my_hand_data\videos\grab_seq12_20251118_114822_982505.avi,89.70743042900611,360,90,HIGH,VIDEO_RECORDING,2025-11-18T11:48:27.064291
2025-11-18 11:48:23.092290,9,69,HandType.Left,0.7463169097900391,-215.900634765625,130.69100952148438,-4.12440824508667,0.9986782073974609,-0.02607579529285431,-0.04429318383336067,15.162443161010742,-36.14027404785156,7.1390252113342285,0.0,0.0,56.0218391418457,1,1,1,1,1,-191.69207763671875,183.73098754882812,-5.85856294631958,-211.20094299316406,166.09744262695312,-72.89447021484375,grab,12,2025-11-18T11:48:23.092290,my_hand_data\videos\grab_seq12_20251118_114822_982505.avi,89.70743042900611,360,90,HIGH,VIDEO_RECORDING,2025-11-18T11:48:27.064291
2025-11-18 11:48:23.108103,10,69,HandType.Left,0.7449283003807068,-215.7791748046875,130.3223419189453,-4.083008289337158,0.9987927079200745,-0.025656936690211296,-0.04189148545265198,10.980423927307129,-33.327388763427734,3.7425427436828613,0.0,0.0,56.382835388183594,1,1,1,1,1,-190.908935546875,183.52017211914062,-5.847801685333252,-210.9948272705078,165.61318969726562,-72.89067077636719,grab,12,2025-11-18T11:48:23.108103,my_hand_data\videos\grab_seq12_20251118_114822_982505.avi,89.70743042900611,360,90,HIGH,VIDEO_RECORDING,2025-11-18T11:48:27.064291
2025-11-18 11:48:23.114124,11,69,HandType.Left,0.7449283003807068,-215.7791748046875,130.3223419189453,-4.083008289337158,0.9987927079200745,-0.025656936690211296,-0.04189148545265198,10.980423927307129,-33.327388763427734,3.7425427436828613,0.0,0.0,56.382835388183594,1,1,1,1,1,-190.908935546875,183.52017211914062,-5.847801685333252,-210.9948272705078,165.61318969726562,-72.89067077636719,grab,12,2025-11-18T11:48:23.114124,my_hand_data\videos\grab_seq12_20251118_114822_982505.avi,89.70743042900611,360,90,HIGH,VIDEO_RECORDING,2025-11-18T11:48:27.064291
2025-11-18 11:48:23.139484,12,69,HandType.Left,0.7423105835914612,-215.89073181152344,129.8300018310547,-3.8895702362060547,0.9988523721694946,-0.026323232799768448,-0.040012843906879425,-4.755993366241455,-10.945313453674316,4.3597588539123535,0.0,0.0,57.11244201660156,1,1,1,1,1,-189.38323974609375,183.57749938964844,-5.702978610992432,-210.8138885498047,164.61770629882812,-72.69634246826172,grab,12,2025-11-18T11:48:23.139484,my_hand_data\videos\grab_seq12_20251118_114822_982505.avi,89.70743042900611,360,90,HIGH,VIDEO_RECORDING,2025-11-18T11:48:27.064291
2025-11-18 11:48:23.145512,13,69,HandType.Left,0.7423105835914612,-215.89073181152344,129.8300018310547,-3.8895702362060547,0.9988523721694946,-0.026323232799768448,-0.040012843906879425,-4.755993366241455,-10.945313453674316,4.3597588539123535,0.0,0.0,57.11244201660156,1,1,1,1,1,-189.38323974609375,183.57749938964844,-5.702978610992432,-210.8138885498047,164.61770629882812,-72.69634246826172,grab,12,2025-11-18T11:48:23.145512,my_hand_data\videos\grab_seq12_20251118_114822_982505.avi,89.70743042900611,360,90,HIGH,VIDEO_RECORDING,2025-11-18T11:48:27.064291
2025-11-18 11:48:23.151543,14,69,HandType.Left,0.7423105835914612,-215.89073181152344,129.8300018310547,-3.8895702362060547,0.9988523721694946,-0.026323232799768448,-0.040012843906879425,-4.755993366241455,-10.945313453674316,4.3597588539123535,0.0,0.0,57.11244201660156,1,1,1,1,1,-189.38323974609375,183.57749938964844,-5.702978610992432,-210.8138885498047,164.61770629882812,-72.69634246826172,grab,12,2025-11-18T11:48:23.151543,my_hand_data\videos\grab_seq12_20251118_114822_982505.avi,89.70743042900611,360,90,HIGH,VIDEO_RECORDING,2025-11-18T11:48:27.064291
2025-11-18 11:48:23.171240,15,69,HandType.Left,0.7403512597084045,-215.978271484375,129.54151916503906,-3.747476816177368,0.9989027380943298,-0.026215780526399612,-0.038807157427072525,-5.53160285949707,-12.40406608581543,8.410429000854492,0.0,0.0,57.42443084716797,1,1,1,1,1,-188.889892578125,183.49122619628906,-5.6233344078063965,-210.94288635253906,164.0519561767578,-72.61419677734375,grab,12,2025-11-18T11:48:23.171240,my_hand_data\videos\grab_seq12_20251118_114822_982505.avi,89.70743042900611,360,90,HIGH,VIDEO_RECORDING,2025-11-18T11:48:27.064291
2025-11-18 11:48:23.176757,16,69,HandType.Left,0.7395187616348267,-216.0102996826172,129.41622924804688,-3.6818385124206543,0.9988795518875122,-0.027193745598196983,-0.038731880486011505,-2.8203511238098145,-11.03060531616211,5.7785234451293945,0.0,0.0,57.626651763916016,1,1,1,1,1,-188.69883728027344,183.60069274902344,-5.558016777038574,-211.0326690673828,163.74822998046875,-72.69841003417969,grab,12,2025-11-18T11:48:23.176757,my_hand_data\videos\grab_seq12_20251118_114822_982505.avi,89.70743042900611,360,90,HIGH,VIDEO_RECORDING,2025-11-18T11:48:27.064291
2025-11-18 11:48:23.181272,17,69,HandType.Left,0.7395187616348267,-216.0102996826172,129.41622924804688,-3.6818385124206543,0.9988795518875122,-0.027193745598196983,-0.038731880486011505,-2.8203511238098145,-11.03060531616211,5.7785234451293945,0.0,0.0,57.626651763916016,1,1,1,1,1,-188.69883728027344,183.60069274902344,-5.558016777038574,-211.0326690673828,163.74822998046875,-72.69841003417969,grab,12,2025-11-18T11:48:23.181272,my_hand_data\videos\grab_seq12_20251118_114822_982505.avi,89.70743042900611,360,90,HIGH,VIDEO_RECORDING,2025-11-18T11:48:27.064291
2025-11-18 11:48:23.203188,18,69,HandType.Left,0.7388691902160645,-215.88829040527344,128.99642944335938,-3.517388105392456,0.9988933801651001,-0.029988877475261688,-0.03623131290078163,9.042732238769531,-21.924985885620117,8.86124038696289,0.0,0.0,58.23185348510742,1,1,1,1,1,-187.48358154296875,183.35516357421875,-5.3074517250061035,-210.9375762939453,162.90199279785156,-72.81097412109375,grab,12,2025-11-18T11:48:23.203188,my_hand_data\videos\grab_seq12_20251118_114822_982505.avi,89.70743042900611,360,90,HIGH,VIDEO_RECORDING,2025-11-18T11:48:27.064291
2025-11-18 11:48:23.207215,19,69,HandType.Left,0.7385944128036499,-215.7796630859375,128.74765014648438,-3.442983627319336,0.9988424181938171,-0.0327700600028038,-0.035212330520153046,9.754715919494629,-22.342567443847656,6.682036876678467,0.0,0.0,58.73513412475586,1,1,1,1,1,-186.5555419921875,183.31837463378906,-5.08894681930542,-210.8397979736328,162.41629028320312,-72.9446029663086,grab,12,2025-11-18T11:48:23.207215,my_hand_data\videos\grab_seq12_20251118_114822_982505.avi,89.70743042900611,360,90,HIGH,VIDEO_RECORDING,2025-11-18T11:48:27.064291
2025-11-18 11:48:23.219252,20,69,HandType.Left,0.7375166416168213,-215.6531524658203,128.4795379638672,-3.354511260986328,0.9988265037536621,-0.035337090492248535,-0.033120281994342804,11.3148775100708,-23.979713439941406,7.912747383117676,0.0,0.0,59.278968811035156,1,1,1,1,1,-185.6342315673828,183.1573028564453,-4.790867805480957,-210.69190979003906,161.92918395996094,-72.95391845703125,grab,12,2025-11-18T11:48:23.219252,my_hand_data\videos\grab_seq12_20251118_114822_982505.avi,89.70743042900611,360,90,HIGH,VIDEO_RECORDING,2025-11-18T11:48:27.064291
2025-11-18 11:48:23.222451,21,69,HandType.Left,0.7375166416168213,-215.6531524658203,128.4795379638672,-3.354511260986328,0.9988265037536621,-0.035337090492248535,-0.033120281994342804,11.3148775100708,-23.979713439941406,7.912747383117676,0.0,0.0,59.278968811035156,1,1,1,1,1,-185.6342315673828,183.1573028564453,-4.790867805480957,-210.69190979003906,161.92918395996094,-72.95391845703125,grab,12,2025-11-18T11:48:23.222451,my_hand_data\videos\grab_seq12_20251118_114822_982505.avi,89.70743042900611,360,90,HIGH,VIDEO_RECORDING,2025-11-18T11:48:27.064291
2025-11-18 11:48:23.251356,22,69,HandType.Left,0.7359854578971863,-215.56942749023438,127.98958587646484,-3.2211174964904785,0.9989895820617676,-0.03633558750152588,-0.026447981595993042,-3.860236883163452,-6.630788326263428,0.9837808609008789,0.0,0.0,61.088470458984375,1,1,1,1,1,-183.07791137695312,183.59768676757812,-3.459597587585449,-210.31101989746094,160.8362274169922,-73.11327362060547,grab,12,2025-11-18T11:48:23.251356,my_hand_data\videos\grab_seq12_20251118_114822_982505.avi,89.70743042900611,360,90,HIGH,VIDEO_RECORDING,2025-11-18T11:48:27.064291
2025-11-18 11:48:23.257684,23,69,HandType.Left,0.7359854578971863,-215.56942749023438,127.98958587646484,-3.2211174964904785,0.9989895820617676,-0.03633558750152588,-0.026447981595993042,-3.860236883163452,-6.630788326263428,0.9837808609008789,0.0,0.0,61.088470458984375,1,1,1,1,1,-183.07791137695312,183.59768676757812,-3.459597587585449,-210.31101989746094,160.8362274169922,-73.11327362060547,grab,12,2025-11-18T11:48:23.257684,my_hand_data\videos\grab_seq12_20251118_114822_982505.avi,89.70743042900611,360,90,HIGH,VIDEO_RECORDING,2025-11-18T11:48:27.064291
2025-11-18 11:48:23.263733,24,69,HandType.Left,0.7333213686943054,-215.58258056640625,127.8973617553711,-3.265916347503662,0.999068558216095,-0.035169344395399094,-0.025003165006637573,-1.1817067861557007,-8.285500526428223,-4.02468204498291,0.0,0.0,61.58784484863281,1,1,1,1,1,-182.3392333984375,183.53775024414062,-3.237884998321533,-210.32029724121094,160.38296508789062,-73.24871826171875,grab,12,2025-11-18T11:48:23.263733,my_hand_data\videos\grab_seq12_20251118_114822_982505.avi,89.70743042900611,360,90,HIGH,VIDEO_RECORDING,2025-11-18T11:48:27.064291
2025-11-18 11:48:23.271298,25,69,HandType.Left,0.7311172485351562,-215.6057586669922,127.79972839355469,-3.328378438949585,0.9990956783294678,-0.03498873859643936,-0.02415931038558483,-2.063960552215576,-8.696019172668457,-5.563565731048584,0.0,0.0,62.03898239135742,1,1,1,1,1,-181.67620849609375,183.44786071777344,-3.159550428390503,-210.3356170654297,159.8307647705078,-73.40655517578125,grab,12,2025-11-18T11:48:23.271298,my_hand_data\videos\grab_seq12_20251118_114822_982505.avi,89.70743042900611,360,90,HIGH,VIDEO_RECORDING,2025-11-18T11:48:27.064291
2025-11-18 11:48:23.283303,26,69,HandType.Left,0.7286230325698853,-215.5908966064453,127.67708587646484,-3.368089199066162,0.9990793466567993,-0.0356602780520916,-0.023849891498684883,1.3123915195465088,-10.831705093383789,-3.5070910453796387,0.0,0.0,62.39409637451172,1,1,1,1,1,-181.07737731933594,183.3414306640625,-3.1008546352386475,-210.36279296875,159.5005645751953,-73.52936553955078,grab,12,2025-11-18T11:48:23.283303,my_hand_data\videos\grab_seq12_20251118_114822_982505.avi,89.70743042900611,360,90,HIGH,VIDEO_RECORDING,2025-11-18T11:48:27.064291
2025-11-18 11:48:23.299202,27,69,HandType.Left,0.7272874712944031,-215.5178680419922,127.52392578125,-3.4717695713043213,0.9990834593772888,-0.03575951233506203,-0.023527780547738075,6.565029144287109,-13.769285202026367,-9.32125186920166,0.0,0.0,62.70955276489258,1,1,1,1,1,-180.57720947265625,183.2614288330078,-3.1282544136047363,-210.33010864257812,159.060302734375,-73.7099838256836,grab,12,2025-11-18T11:48:23.299202,my_hand_data\videos\grab_seq12_20251118_114822_982505.avi,89.70743042900611,360,90,HIGH,VIDEO_RECORDING,2025-11-18T11:48:27.064291
2025-11-18 11:48:23.303520,28,69,HandType.Left,0.7272874712944031,-215.5178680419922,127.52392578125,-3.4717695713043213,0.9990834593772888,-0.03575951233506203,-0.023527780547738075,6.565029144287109,-13.769285202026367,-9.32125186920166,0.0,0.0,62.70955276489258,1,1,1,1,1,-180.57720947265625,183.2614288330078,-3.1282544136047363,-210.33010864257812,159.060302734375,-73.7099838256836,grab,12,2025-11-18T11:48:23.303520,my_hand_data\videos\grab_seq12_20251118_114822_982505.avi,89.70743042900611,360,90,HIGH,VIDEO_RECORDING,2025-11-18T11:48:27.064291
2025-11-18 11:48:23.315121,29,69,HandType.Left,0.726179301738739,-215.39500427246094,127.35992431640625,-3.5702109336853027,0.9990553855895996,-0.036711107939481735,-0.02325182594358921,11.316963195800781,-15.106117248535156,-9.067102432250977,0.0,0.0,63.02366256713867,1,1,1,1,1,-180.25787353515625,183.45315551757812,-3.09470796585083,-210.27651977539062,158.68312072753906,-73.85049438476562,grab,12,2025-11-18T11:48:23.315121,my_hand_data\videos\grab_seq12_20251118_114822_982505.avi,89.70743042900611,360,90,HIGH,VIDEO_RECORDING,2025-11-18T11:48:27.064291
2025-11-18 11:48:23.330806,30,69,HandType.Left,0.7238590717315674,-215.41082763671875,127.05674743652344,-3.8373160362243652,0.9990752339363098,-0.03657500818371773,-0.022604824975132942,-5.964295864105225,-12.530560493469238,-12.044428825378418,0.0,0.0,64.04124450683594,1,1,1,1,1,-179.44630432128906,183.5821075439453,-2.811354398727417,-210.24249267578125,158.0349578857422,-74.1324462890625,grab,12,2025-11-18T11:48:23.330806,my_hand_data\videos\grab_seq12_20251118_114822_982505.avi,89.70743042900611,360,90,HIGH,VIDEO_RECORDING,2025-11-18T11:48:27.064291
2025-11-18 11:48:23.346654,31,69,HandType.Left,0.7237154841423035,-215.446533203125,126.92430877685547,-3.9987688064575195,0.9991242289543152,-0.03574255481362343,-0.02175411768257618,-3.222127676010132,-11.953336715698242,-14.57153606414795,0.0,0.0,64.81593322753906,1,1,1,1,1,-178.63623046875,183.63145446777344,-2.380981922149658,-210.28587341308594,157.8431396484375,-74.35011291503906,grab,12,2025-11-18T11:48:23.346654,my_hand_data\videos\grab_seq12_20251118_114822_982505.avi,89.70743042900611,360,90,HIGH,VIDEO_RECORDING,2025-11-18T11:48:27.064291
2025-11-18 11:48:23.352701,32,69,HandType.Left,0.7235450744628906,-215.4816131591797,126.75531005859375,-4.111942768096924,0.9992157816886902,-0.034127868711948395,-0.020078502595424652,-3.18648362159729,-15.353328704833984,-10.281991004943848,0.0,0.0,65.67488098144531,1,1,1,1,1,-177.45941162109375,183.4641876220703,-2.05291485786438,-210.3410186767578,157.6264190673828,-74.53471374511719,grab,12,2025-11-18T11:48:23.352701,my_hand_data\videos\grab_seq12_20251118_114822_982505.avi,89.70743042900611,360,90,HIGH,VIDEO_RECORDING,2025-11-18T11:48:27.064291
2025-11-18 11:48:23.358743,33,69,HandType.Left,0.7235450744628906,-215.4816131591797,126.75531005859375,-4.111942768096924,0.9992157816886902,-0.034127868711948395,-0.020078502595424652,-3.18648362159729,-15.353328704833984,-10.281991004943848,0.0,0.0,65.67488098144531,1,1,1,1,1,-177.45941162109375,183.4641876220703,-2.05291485786438,-210.3410186767578,157.6264190673828,-74.53471374511719,grab,12,2025-11-18T11:48:23.358743,my_hand_data\videos\grab_seq12_20251118_114822_982505.avi,89.70743042900611,360,90,HIGH,VIDEO_RECORDING,2025-11-18T11:48:27.064291
2025-11-18 11:48:23.378183,34,69,HandType.Left,0.7237681746482849,-215.5648193359375,126.53333282470703,-4.271718502044678,0.9992047548294067,-0.033896878361701965,-0.02099774032831192,-5.35999059677124,-7.7744526863098145,-4.903731346130371,0.0,0.0,67.27831268310547,1,1,1,1,1,-175.68423461914062,183.37611389160156,-1.2395877838134766,-210.38558959960938,157.14231872558594,-74.82923889160156,grab,12,2025-11-18T11:48:23.378183,my_hand_data\videos\grab_seq12_20251118_114822_982505.avi,89.70743042900611,360,90,HIGH,VIDEO_RECORDING,2025-11-18T11:48:27.064291
2025-11-18 11:48:23.383766,35,69,HandType.Left,0.7240868210792542,-215.6008758544922,126.4426040649414,-4.377635955810547,0.9992199540138245,-0.03332323953509331,-0.021191690117120743,-3.300619125366211,-8.305950164794922,-9.696722984313965,0.0,0.0,68.04434967041016,1,1,1,1,1,-174.7783660888672,183.27053833007812,-0.7664971351623535,-210.3502197265625,157.0076446533203,-74.98886108398438,grab,12,2025-11-18T11:48:23.383766,my_hand_data\videos\grab_seq12_20251118_114822_982505.avi,89.70743042900611,360,90,HIGH,VIDEO_RECORDING,2025-11-18T11:48:27.064291
2025-11-18 11:48:23.393870,36,69,HandType.Left,0.7240868210792542,-215.6008758544922,126.4426040649414,-4.377635955810547,0.9992199540138245,-0.03332323953509331,-0.021191690117120743,-3.300619125366211,-8.305950164794922,-9.696722984313965,0.0,0.0,68.04434967041016,1,1,1,1,1,-174.7783660888672,183.27053833007812,-0.7664971351623535,-210.3502197265625,157.0076446533203,-74.98886108398438,grab,12,2025-11-18T11:48:23.393870,my_hand_data\videos\grab_seq12_20251118_114822_982505.avi,89.70743042900611,360,90,HIGH,VIDEO_RECORDING,2025-11-18T11:48:27.064291
2025-11-18 11:48:23.409750,37,69,HandType.Left,0.7245209813117981,-215.90081787109375,126.41825866699219,-4.673116207122803,0.9992697238922119,-0.03234907612204552,-0.02033679001033306,-11.150019645690918,0.5887913107872009,-16.53998374938965,0.0,0.0,69.67070770263672,1,1,1,1,1,-172.9560089111328,182.97642517089844,0.13000890612602234,-210.4180450439453,157.17190551757812,-75.40540313720703,grab,12,2025-11-18T11:48:23.409750,my_hand_data\videos\grab_seq12_20251118_114822_982505.avi,89.70743042900611,360,90,HIGH,VIDEO_RECORDING,2025-11-18T11:48:27.064291
2025-11-18 11:48:23.417816,38,69,HandType.Left,0.7248132228851318,-215.8780059814453,126.36323547363281,-4.89998722076416,0.9992623925209045,-0.0325012169778347,-0.020453279837965965,2.0793588161468506,-5.014031887054443,-20.67349624633789,0.0,0.0,70.33849334716797,1,1,1,1,1,-172.21994018554688,183.07093811035156,0.42840930819511414,-210.2217254638672,157.26840209960938,-75.6875991821289,grab,12,2025-11-18T11:48:23.417816,my_hand_data\videos\grab_seq12_20251118_114822_982505.avi,89.70743042900611,360,90,HIGH,VIDEO_RECORDING,2025-11-18T11:48:27.064291
2025-11-18 11:48:23.441596,39,69,HandType.Left,0.722947895526886,-215.85714721679688,126.2524642944336,-5.395730495452881,0.9993540644645691,-0.03111479990184307,-0.017981357872486115,-3.674273729324341,-1.8000335693359375,-23.65296745300293,0.0,0.0,72.21067810058594,1,1,1,1,1,-169.9118194580078,182.97900390625,1.5258002281188965,-210.1275177001953,157.80291748046875,-76.24356079101562,grab,12,2025-11-18T11:48:23.441596,my_hand_data\videos\grab_seq12_20251118_114822_982505.avi,89.70743042900611,360,90,HIGH,VIDEO_RECORDING,2025-11-18T11:48:27.064291
2025-11-18 11:48:23.445506,40,69,HandType.Left,0.722947895526886,-215.85714721679688,126.2524642944336,-5.395730495452881,0.9993540644645691,-0.03111479990184307,-0.017981357872486115,-3.674273729324341,-1.8000335693359375,-23.65296745300293,0.0,0.0,72.21067810058594,1,1,1,1,1,-169.9118194580078,182.97900390625,1.5258002281188965,-210.1275177001953,157.80291748046875,-76.24356079101562,grab,12,2025-11-18T11:48:23.445506,my_hand_data\videos\grab_seq12_20251118_114822_982505.avi,89.70743042900611,360,90,HIGH,VIDEO_RECORDING,2025-11-18T11:48:27.064291
2025-11-18 11:48:23.452561,41,69,HandType.Left,0.7195870876312256,-215.7742462158203,126.14010620117188,-5.696153163909912,0.9994266033172607,-0.030336439609527588,-0.015039851889014244,7.3684282302856445,-9.9860200881958,-26.699474334716797,0.0,0.0,73.40692901611328,1,1,1,1,1,-168.49661254882812,182.94064331054688,2.2384562492370605,-209.71043395996094,157.8285369873047,-76.57046508789062,grab,12,2025-11-18T11:48:23.452561,my_hand_data\videos\grab_seq12_20251118_114822_982505.avi,89.70743042900611,360,90,HIGH,VIDEO_RECORDING,2025-11-18T11:48:27.064291
2025-11-18 11:48:23.459248,42,69,HandType.Left,0.7195870876312256,-215.7742462158203,126.14010620117188,-5.696153163909912,0.9994266033172607,-0.030336439609527588,-0.015039851889014244,7.3684282302856445,-9.9860200881958,-26.699474334716797,0.0,0.0,73.40692901611328,1,1,1,1,1,-168.49661254882812,182.94064331054688,2.2384562492370605,-209.71043395996094,157.8285369873047,-76.57046508789062,grab,12,2025-11-18T11:48:23.459248,my_hand_data\videos\grab_seq12_20251118_114822_982505.avi,89.70743042900611,360,90,HIGH,VIDEO_RECORDING,2025-11-18T11:48:27.064291
2025-11-18 11:48:23.473272,43,69,HandType.Left,0.7164912819862366,-215.7078094482422,126.11992645263672,-6.438284397125244,0.9994953870773315,-0.03006553277373314,-0.010247806087136269,9.321545600891113,-2.0339033603668213,-36.190547943115234,0.0,0.0,75.96248626708984,1,1,1,1,1,-166.306884765625,183.23617553710938,3.980867624282837,-209.5105438232422,157.9779815673828,-77.47901916503906,grab,12,2025-11-18T11:48:23.473272,my_hand_data\videos\grab_seq12_20251118_114822_982505.avi,89.70743042900611,360,90,HIGH,VIDEO_RECORDING,2025-11-18T11:48:27.064291
2025-11-18 11:48:23.481763,44,69,HandType.Left,0.7164912819862366,-215.7078094482422,126.11992645263672,-6.438284397125244,0.9994953870773315,-0.03006553277373314,-0.010247806087136269,9.321545600891113,-2.0339033603668213,-36.190547943115234,0.0,0.0,75.96248626708984,1,1,1,1,1,-166.306884765625,183.23617553710938,3.980867624282837,-209.5105438232422,157.9779815673828,-77.47901916503906,grab,12,2025-11-18T11:48:23.481763,my_hand_data\videos\grab_seq12_20251118_114822_982505.avi,89.70743042900611,360,90,HIGH,VIDEO_RECORDING,2025-11-18T11:48:27.064291
2025-11-18 11:48:23.505160,45,69,HandType.Left,0.7209870219230652,-215.27285766601562,126.19027709960938,-7.3105363845825195,0.9994614124298096,-0.0321093387901783,-0.006774610839784145,16.201318740844727,6.459794998168945,-39.796993255615234,0.0,0.0,78.30896759033203,1,1,1,1,1,-162.5046844482422,181.58197021484375,5.7737226486206055,-208.83306884765625,158.201904296875,-78.64663696289062,grab,12,2025-11-18T11:48:23.505160,my_hand_data\videos\grab_seq12_20251118_114822_982505.avi,89.70743042900611,360,90,HIGH,VIDEO_RECORDING,2025-11-18T11:48:27.064291
2025-11-18 11:48:23.511199,46,69,HandType.Left,0.7243462204933167,-215.03221130371094,126.4029769897461,-7.747023105621338,0.9993050694465637,-0.03694703057408333,-0.00492818234488368,21.337188720703125,18.8591251373291,-38.702476501464844,0.0,0.0,78.67098236083984,1,1,1,1,1,-160.97970581054688,181.27340698242188,6.542857646942139,-208.40196228027344,158.55706787109375,-79.20600891113281,grab,12,2025-11-18T11:48:23.511199,my_hand_data\videos\grab_seq12_20251118_114822_982505.avi,89.70743042900611,360,90,HIGH,VIDEO_RECORDING,2025-11-18T11:48:27.064291
2025-11-18 11:48:23.517242,47,69,HandType.Left,0.7287449240684509,-214.83531188964844,126.71424102783203,-8.259395599365234,0.999230682849884,-0.039116304367780685,-0.0028252641204744577,17.749889373779297,28.060077667236328,-46.18882369995117,0.0,0.0,79.02702331542969,1,1,1,1,1,-159.1502685546875,180.1851043701172,6.973546028137207,-208.00762939453125,158.92970275878906,-79.8175048828125,grab,12,2025-11-18T11:48:23.517242,my_hand_data\videos\grab_seq12_20251118_114822_982505.avi,89.70743042900611,360,90,HIGH,VIDEO_RECORDING,2025-11-18T11:48:27.064291
2025-11-18 11:48:23.536817,48,69,HandType.Left,0.7325495481491089,-214.73313903808594,127.03253173828125,-8.808290481567383,0.9991851449012756,-0.04032033309340477,-0.0018196436576545238,9.339045524597168,29.093666076660156,-50.173194885253906,0.0,0.0,79.2259521484375,1,1,1,1,1,-158.3134765625,180.3950653076172,7.770040988922119,-207.25369262695312,159.16900634765625,-80.39462280273438,grab,12,2025-11-18T11:48:23.536817,my_hand_data\videos\grab_seq12_20251118_114822_982505.avi,89.70743042900611,360,90,HIGH,VIDEO_RECORDING,2025-11-18T11:48:27.064291
2025-11-18 11:48:23.542862,49,69,HandType.Left,0.7342537641525269,-214.81556701660156,127.37723541259766,-9.29335880279541,0.9991470575332642,-0.04128191992640495,-0.0009621475473977625,-7.47407865524292,31.25758934020996,-43.98516082763672,0.0,0.0,79.44637298583984,1,1,1,1,1,-157.01821899414062,180.00335693359375,8.39696979522705,-206.44354248046875,159.23338317871094,-80.91764068603516,grab,12,2025-11-18T11:48:23.542862,my_hand_data\videos\grab_seq12_20251118_114822_982505.avi,89.70743042900611,360,90,HIGH,VIDEO_RECORDING,2025-11-18T11:48:27.064291
2025-11-18 11:48:23.548907,50,69,HandType.Left,0.7342537641525269,-214.81556701660156,127.37723541259766,-9.29335880279541,0.9991470575332642,-0.04128191992640495,-0.0009621475473977625,-7.47407865524292,31.25758934020996,-43.98516082763672,0.0,0.0,79.44637298583984,1,1,1,1,1,-157.01821899414062,180.00335693359375,8.39696979522705,-206.44354248046875,159.23338317871094,-80.91764068603516,grab,12,2025-11-18T11:48:23.548907,my_hand_data\videos\grab_seq12_20251118_114822_982505.avi,89.70743042900611,360,90,HIGH,VIDEO_RECORDING,2025-11-18T11:48:27.064291
2025-11-18 11:48:23.568529,51,69,HandType.Left,0.7395069003105164,-214.8355712890625,127.92308807373047,-10.16671371459961,0.9987411499023438,-0.050138700753450394,-0.0014771847054362297,8.386582374572754,16.279226303100586,-39.852294921875,0.0,0.0,79.6646499633789,1,1,1,1,1,-156.18276977539062,179.763916015625,9.677947998046875,-205.2227020263672,159.826904296875,-81.81763458251953,grab,12,2025-11-18T11:48:23.568529,my_hand_data\videos\grab_seq12_20251118_114822_982505.avi,89.70743042900611,360,90,HIGH,VIDEO_RECORDING,2025-11-18T11:48:27.064291
2025-11-18 11:48:23.568529,52,69,HandType.Left,0.7413570880889893,-214.61204528808594,128.16204833984375,-10.584823608398438,0.9981508851051331,-0.060760557651519775,-0.0017174440436065197,20.29973030090332,21.702579498291016,-37.97208786010742,0.0,0.0,79.67473602294922,1,1,1,1,1,-155.83404541015625,179.6890869140625,10.158891677856445,-204.94361877441406,160.24278259277344,-82.2453384399414,grab,12,2025-11-18T11:48:23.568529,my_hand_data\videos\grab_seq12_20251118_114822_982505.avi,89.70743042900611,360,90,HIGH,VIDEO_RECORDING,2025-11-18T11:48:27.064291
2025-11-18 11:48:23.579456,53,69,HandType.Left,0.7413570880889893,-214.61204528808594,128.16204833984375,-10.584823608398438,0.9981508851051331,-0.060760557651519775,-0.0017174440436065197,20.29973030090332,21.702579498291016,-37.97208786010742,0.0,0.0,79.67473602294922,1,1,1,1,1,-155.83404541015625,179.6890869140625,10.158891677856445,-204.94361877441406,160.24278259277344,-82.2453384399414,grab,12,2025-11-18T11:48:23.579456,my_hand_data\videos\grab_seq12_20251118_114822_982505.avi,89.70743042900611,360,90,HIGH,VIDEO_RECORDING,2025-11-18T11:48:27.064291
2025-11-18 11:48:23.599835,54,69,HandType.Left,0.745652973651886,-213.9286651611328,128.45751953125,-11.239497184753418,0.9968867301940918,-0.07882661372423172,-0.0017822969239205122,24.50426483154297,14.087413787841797,-26.604814529418945,0.0,0.0,79.56063842773438,1,1,1,1,1,-154.54241943359375,178.6559295654297,11.409735679626465,-203.38941955566406,160.65374755859375,-82.79625701904297,grab,12,2025-11-18T11:48:23.599835,my_hand_data\videos\grab_seq12_20251118_114822_982505.avi,89.70743042900611,360,90,HIGH,VIDEO_RECORDING,2025-11-18T11:48:27.064291
2025-11-18 11:48:23.603862,55,69,HandType.Left,0.745652973651886,-213.9286651611328,128.45751953125,-11.239497184753418,0.9968867301940918,-0.07882661372423172,-0.0017822969239205122,24.50426483154297,14.087413787841797,-26.604814529418945,0.0,0.0,79.56063842773438,1,1,1,1,1,-154.54241943359375,178.6559295654297,11.409735679626465,-203.38941955566406,160.65374755859375,-82.79625701904297,grab,12,2025-11-18T11:48:23.603862,my_hand_data\videos\grab_seq12_20251118_114822_982505.avi,89.70743042900611,360,90,HIGH,VIDEO_RECORDING,2025-11-18T11:48:27.064291
2025-11-18 11:48:23.615699,56,69,HandType.Left,0.747400164604187,-213.76954650878906,128.72303771972656,-11.550928115844727,0.995747447013855,-0.09210369735956192,-0.001981354085728526,14.485358238220215,24.171127319335938,-28.350587844848633,0.0,0.0,79.4452896118164,1,1,1,1,1,-153.88009643554688,178.24014282226562,11.71230411529541,-202.78123474121094,160.83555603027344,-83.07462310791016,grab,12,2025-11-18T11:48:23.615699,my_hand_data\videos\grab_seq12_20251118_114822_982505.avi,89.70743042900611,360,90,HIGH,VIDEO_RECORDING,2025-11-18T11:48:27.064291
2025-11-18 11:48:23.631552,57,69,HandType.Left,0.7511067986488342,-213.47412109375,129.1995086669922,-12.154617309570312,0.9930444359779358,-0.11772532761096954,-0.001874882960692048,7.173345565795898,23.029682159423828,-28.161500930786133,0.0,0.0,79.22921752929688,1,1,1,1,1,-152.47705078125,176.91644287109375,12.131446838378906,-201.47901916503906,160.96246337890625,-83.63958740234375,grab,12,2025-11-18T11:48:23.631552,my_hand_data\videos\grab_seq12_20251118_114822_982505.avi,89.70743042900611,360,90,HIGH,VIDEO_RECORDING,2025-11-18T11:48:27.064291
2025-11-18 11:48:23.636722,58,69,HandType.Left,0.7511067986488342,-213.47412109375,129.1995086669922,-12.154617309570312,0.9930444359779358,-0.11772532761096954,-0.001874882960692048,7.173345565795898,23.029682159423828,-28.161500930786133,0.0,0.0,79.22921752929688,1,1,1,1,1,-152.47705078125,176.91644287109375,12.131446838378906,-201.47901916503906,160.96246337890625,-83.63958740234375,grab,12,2025-11-18T11:48:23.636722,my_hand_data\videos\grab_seq12_20251118_114822_982505.avi,89.70743042900611,360,90,HIGH,VIDEO_RECORDING,2025-11-18T11:48:27.064291
2025-11-18 11:48:23.663620,59,69,HandType.Left,0.7560351490974426,-213.27230834960938,129.7203826904297,-13.302740097045898,0.9883884787559509,-0.15189754962921143,-0.003924349322915077,11.717910766601562,9.479782104492188,-40.07965850830078,0.0,0.0,79.31321716308594,1,1,1,1,1,-149.02076721191406,171.7801055908203,12.092009544372559,-199.85348510742188,161.15289306640625,-84.53140258789062,grab,12,2025-11-18T11:48:23.663620,my_hand_data\videos\grab_seq12_20251118_114822_982505.avi,89.70743042900611,360,90,HIGH,VIDEO_RECORDING,2025-11-18T11:48:27.064291
2025-11-18 11:48:23.667632,60,69,HandType.Left,0.7560351490974426,-213.27230834960938,129.7203826904297,-13.302740097045898,0.9883884787559509,-0.15189754962921143,-0.003924349322915077,11.717910766601562,9.479782104492188,-40.07965850830078,0.0,0.0,79.31321716308594,1,1,1,1,1,-149.02076721191406,171.7801055908203,12.092009544372559,-199.85348510742188,161.15289306640625,-84.53140258789062,grab,12,2025-11-18T11:48:23.667632,my_hand_data\videos\grab_seq12_20251118_114822_982505.avi,89.70743042900611,360,90,HIGH,VIDEO_RECORDING,2025-11-18T11:48:27.064291
2025-11-18 11:48:23.674289,61,69,HandType.Left,0.7575491070747375,-212.94247436523438,129.67665100097656,-13.732166290283203,0.9870155453681946,-0.16060809791088104,-0.0023014266043901443,29.521595001220703,-3.9146180152893066,-38.434329986572266,0.0,0.0,79.29090118408203,1,1,1,1,1,-147.90591430664062,169.7633056640625,11.84180736541748,-199.16387939453125,161.03646850585938,-84.9019775390625,grab,12,2025-11-18T11:48:23.674289,my_hand_data\videos\grab_seq12_20251118_114822_982505.avi,89.70743042900611,360,90,HIGH,VIDEO_RECORDING,2025-11-18T11:48:27.064291
2025-11-18 11:48:23.679605,62,69,HandType.Left,0.7575491070747375,-212.94247436523438,129.67665100097656,-13.732166290283203,0.9870155453681946,-0.16060809791088104,-0.0023014266043901443,29.521595001220703,-3.9146180152893066,-38.434329986572266,0.0,0.0,79.29090118408203,1,1,1,1,1,-147.90591430664062,169.7633056640625,11.84180736541748,-199.16387939453125,161.03646850585938,-84.9019775390625,grab,12,2025-11-18T11:48:23.679605,my_hand_data\videos\grab_seq12_20251118_114822_982505.avi,89.70743042900611,360,90,HIGH,VIDEO_RECORDING,2025-11-18T11:48:27.064291
2025-11-18 11:48:23.694918,63,69,HandType.Left,0.7580938935279846,-212.83285522460938,129.77493286132812,-14.43226146697998,0.9833992123603821,-0.18140050768852234,0.0044581228867173195,2.20255970954895,1.3561949729919434,-27.97733497619629,0.0,0.0,79.0459976196289,1,1,1,1,1,-146.10919189453125,165.89886474609375,10.869476318359375,-198.39410400390625,161.0591583251953,-85.57415771484375,grab,12,2025-11-18T11:48:23.694918,my_hand_data\videos\grab_seq12_20251118_114822_982505.avi,89.70743042900611,360,90,HIGH,VIDEO_RECORDING,2025-11-18T11:48:27.064291
2025-11-18 11:48:23.710695,64,69,HandType.Left,0.7572654485702515,-212.8813934326172,129.78036499023438,-14.739789962768555,0.9817637801170349,-0.1899556964635849,0.007531493902206421,-4.379124641418457,0.48990944027900696,-27.750244140625,0.0,0.0,78.86863708496094,1,1,1,1,1,-145.5475616455078,163.85556030273438,9.935125350952148,-198.00296020507812,161.07069396972656,-85.88650512695312,grab,12,2025-11-18T11:48:23.710695,my_hand_data\videos\grab_seq12_20251118_114822_982505.avi,89.70743042900611,360,90,HIGH,VIDEO_RECORDING,2025-11-18T11:48:27.064291
2025-11-18 11:48:23.714719,65,69,HandType.Left,0.7572654485702515,-212.8813934326172,129.78036499023438,-14.739789962768555,0.9817637801170349,-0.1899556964635849,0.007531493902206421,-4.379124641418457,0.48990944027900696,-27.750244140625,0.0,0.0,78.86863708496094,1,1,1,1,1,-145.5475616455078,163.85556030273438,9.935125350952148,-198.00296020507812,161.07069396972656,-85.88650512695312,grab,12,2025-11-18T11:48:23.714719,my_hand_data\videos\grab_seq12_20251118_114822_982505.avi,89.70743042900611,360,90,HIGH,VIDEO_RECORDING,2025-11-18T11:48:27.064291
2025-11-18 11:48:23.726547,66,69,HandType.Left,0.7563536167144775,-212.90345764160156,129.832763671875,-15.245426177978516,0.9805938601493835,-0.19585345685482025,0.008779379539191723,-2.019592761993408,4.795188903808594,-46.27399444580078,0.0,0.0,78.87506103515625,1,1,1,1,1,-144.25149536132812,161.7134246826172,8.76082706451416,-197.54214477539062,160.89659118652344,-86.39173889160156,grab,12,2025-11-18T11:48:23.726547,my_hand_data\videos\grab_seq12_20251118_114822_982505.avi,89.70743042900611,360,90,HIGH,VIDEO_RECORDING,2025-11-18T11:48:27.064291
2025-11-18 11:48:23.742615,67,69,HandType.Left,0.7564311027526855,-212.84288024902344,129.78927612304688,-16.204153060913086,0.9778743982315063,-0.20871852338314056,0.014078636653721333,3.914503335952759,-3.7317163944244385,-42.74518966674805,0.0,0.0,78.9296646118164,1,1,1,1,1,-142.42669677734375,158.02610778808594,7.007245063781738,-196.5783233642578,160.4871368408203,-87.39977264404297,grab,12,2025-11-18T11:48:23.742615,my_hand_data\videos\grab_seq12_20251118_114822_982505.avi,89.70743042900611,360,90,HIGH,VIDEO_RECORDING,2025-11-18T11:48:27.064291
2025-11-18 11:48:23.746225,68,69,HandType.Left,0.7564311027526855,-212.84288024902344,129.78927612304688,-16.204153060913086,0.9778743982315063,-0.20871852338314056,0.014078636653721333,3.914503335952759,-3.7317163944244385,-42.74518966674805,0.0,0.0,78.9296646118164,1,1,1,1,1,-142.42669677734375,158.02610778808594,7.007245063781738,-196.5783233642578,160.4871368408203,-87.39977264404297,grab,12,2025-11-18T11:48:23.746225,my_hand_data\videos\grab_seq12_20251118_114822_982505.avi,89.70743042900611,360,90,HIGH,VIDEO_RECORDING,2025-11-18T11:48:27.064291
2025-11-18 11:48:23.774522,69,69,HandType.Left,0.7575405240058899,-212.99691772460938,129.76901245117188,-17.592805862426758,0.9738750457763672,-0.22641240060329437,0.017459413036704063,-7.098561763763428,-4.747468948364258,-38.867950439453125,0.0,0.0,79.10566711425781,1,1,1,1,1,-140.731689453125,152.99420166015625,4.3119096755981445,-194.93812561035156,159.42535400390625,-88.76665496826172,grab,12,2025-11-18T11:48:23.774522,my_hand_data\videos\grab_seq12_20251118_114822_982505.avi,89.70743042900611,360,90,HIGH,VIDEO_RECORDING,2025-11-18T11:48:27.064291
2025-11-18 11:48:23.774522,70,69,HandType.Left,0.7575405240058899,-212.99691772460938,129.76901245117188,-17.592805862426758,0.9738750457763672,-0.22641240060329437,0.017459413036704063,-7.098561763763428,-4.747468948364258,-38.867950439453125,0.0,0.0,79.10566711425781,1,1,1,1,1,-140.731689453125,152.99420166015625,4.3119096755981445,-194.93812561035156,159.42535400390625,-88.76665496826172,grab,12,2025-11-18T11:48:23.774522,my_hand_data\videos\grab_seq12_20251118_114822_982505.avi,89.70743042900611,360,90,HIGH,VIDEO_RECORDING,2025-11-18T11:48:27.064291
2025-11-18 11:48:23.782289,71,69,HandType.Left,0.7573360204696655,-213.0800018310547,129.71917724609375,-18.032371520996094,0.972254753112793,-0.2332741916179657,0.017432911321520805,-7.572122573852539,-4.5422258377075195,-40.062461853027344,0.0,0.0,79.09541320800781,1,1,1,1,1,-140.45355224609375,151.81710815429688,3.470839023590088,-194.289794921875,158.99107360839844,-89.15345001220703,grab,12,2025-11-18T11:48:23.782289,my_hand_data\videos\grab_seq12_20251118_114822_982505.avi,89.70743042900611,360,90,HIGH,VIDEO_RECORDING,2025-11-18T11:48:27.064291
2025-11-18 11:48:23.806214,72,69,HandType.Left,0.7562581300735474,-212.95928955078125,129.6713409423828,-19.037246704101562,0.9690883159637451,-0.24607068300247192,0.017805706709623337,3.5661232471466064,2.3455231189727783,-51.17906951904297,0.0,0.0,78.9423599243164,1,1,1,1,1,-139.8376007080078,150.5079803466797,2.204078197479248,-192.6298370361328,158.37513732910156,-89.84420776367188,grab,12,2025-11-18T11:48:23.806214,my_hand_data\videos\grab_seq12_20251118_114822_982505.avi,89.70743042900611,360,90,HIGH,VIDEO_RECORDING,2025-11-18T11:48:27.064291
2025-11-18 11:48:23.810409,73,69,HandType.Left,0.7562581300735474,-212.95928955078125,129.6713409423828,-19.037246704101562,0.9690883159637451,-0.24607068300247192,0.017805706709623337,3.5661232471466064,2.3455231189727783,-51.17906951904297,0.0,0.0,78.9423599243164,1,1,1,1,1,-139.8376007080078,150.5079803466797,2.204078197479248,-192.6298370361328,158.37513732910156,-89.84420776367188,grab,12,2025-11-18T11:48:23.810409,my_hand_data\videos\grab_seq12_20251118_114822_982505.avi,89.70743042900611,360,90,HIGH,VIDEO_RECORDING,2025-11-18T11:48:27.064291
2025-11-18 11:48:23.839769,74,69,HandType.Left,0.7575750946998596,-212.58218383789062,129.54486083984375,-20.353363037109375,0.9657914042472839,-0.2586556375026703,0.01855427771806717,11.216070175170898,-4.014398574829102,-39.61872482299805,0.0,0.0,78.72537231445312,1,1,1,1,1,-138.5222625732422,148.49900817871094,-0.08797086775302887,-190.35806274414062,157.81134033203125,-90.31360626220703,grab,12,2025-11-18T11:48:23.839769,my_hand_data\videos\grab_seq12_20251118_114822_982505.avi,89.70743042900611,360,90,HIGH,VIDEO_RECORDING,2025-11-18T11:48:27.064291
2025-11-18 11:48:23.843967,75,69,HandType.Left,0.7575750946998596,-212.58218383789062,129.54486083984375,-20.353363037109375,0.9657914042472839,-0.2586556375026703,0.01855427771806717,11.216070175170898,-4.014398574829102,-39.61872482299805,0.0,0.0,78.72537231445312,1,1,1,1,1,-138.5222625732422,148.49900817871094,-0.08797086775302887,-190.35806274414062,157.81134033203125,-90.31360626220703,grab,12,2025-11-18T11:48:23.843967,my_hand_data\videos\grab_seq12_20251118_114822_982505.avi,89.70743042900611,360,90,HIGH,VIDEO_RECORDING,2025-11-18T11:48:27.064291
2025-11-18 11:48:23.851280,76,69,HandType.Left,0.7585770487785339,-212.47689819335938,129.4991912841797,-20.768156051635742,0.9648550748825073,-0.26222318410873413,0.017137328162789345,9.447320938110352,-4.097541809082031,-37.21453094482422,0.0,0.0,78.70552062988281,1,1,1,1,1,-138.0689697265625,147.87452697753906,-0.8807638883590698,-189.3871612548828,157.4657440185547,-90.33373260498047,grab,12,2025-11-18T11:48:23.851280,my_hand_data\videos\grab_seq12_20251118_114822_982505.avi,89.70743042900611,360,90,HIGH,VIDEO_RECORDING,2025-11-18T11:48:27.064291
2025-11-18 11:48:23.854295,77,69,HandType.Left,0.7585770487785339,-212.47689819335938,129.4991912841797,-20.768156051635742,0.9648550748825073,-0.26222318410873413,0.017137328162789345,9.447320938110352,-4.097541809082031,-37.21453094482422,0.0,0.0,78.70552062988281,1,1,1,1,1,-138.0689697265625,147.87452697753906,-0.8807638883590698,-189.3871612548828,157.4657440185547,-90.33373260498047,grab,12,2025-11-18T11:48:23.854295,my_hand_data\videos\grab_seq12_20251118_114822_982505.avi,89.70743042900611,360,90,HIGH,VIDEO_RECORDING,2025-11-18T11:48:27.064291
2025-11-18 11:48:23.854295,78,69,HandType.Left,0.7585865259170532,-212.4259796142578,129.5731658935547,-21.258840560913086,0.9639006853103638,-0.2657308876514435,0.016809556633234024,4.635331630706787,6.7366838455200195,-44.68080139160156,0.0,0.0,78.74951934814453,1,1,1,1,1,-137.74618530273438,147.227783203125,-1.707438349723816,-188.9755096435547,157.464111328125,-90.4908218383789,grab,12,2025-11-18T11:48:23.854295,my_hand_data\videos\grab_seq12_20251118_114822_982505.avi,89.70743042900611,360,90,HIGH,VIDEO_RECORDING,2025-11-18T11:48:27.064291
2025-11-18 11:48:23.886245,79,69,HandType.Left,0.7576719522476196,-211.878173828125,129.70419311523438,-22.229211807250977,0.9611027240753174,-0.2756827771663666,0.01675121858716011,29.648923873901367,7.929819107055664,-43.0458869934082,0.0,0.0,78.81271362304688,1,1,1,1,1,-136.74984741210938,146.03392028808594,-3.0847387313842773,-187.31004333496094,157.42752075195312,-90.62718200683594,grab,12,2025-11-18T11:48:23.886245,my_hand_data\videos\grab_seq12_20251118_114822_982505.avi,89.70743042900611,360,90,HIGH,VIDEO_RECORDING,2025-11-18T11:48:27.064291
2025-11-18 11:48:23.890276,80,69,HandType.Left,0.7576719522476196,-211.878173828125,129.70419311523438,-22.229211807250977,0.9611027240753174,-0.2756827771663666,0.01675121858716011,29.648923873901367,7.929819107055664,-43.0458869934082,0.0,0.0,78.81271362304688,1,1,1,1,1,-136.74984741210938,146.03392028808594,-3.0847387313842773,-187.31004333496094,157.42752075195312,-90.62718200683594,grab,12,2025-11-18T11:48:23.890276,my_hand_data\videos\grab_seq12_20251118_114822_982505.avi,89.70743042900611,360,90,HIGH,VIDEO_RECORDING,2025-11-18T11:48:27.064291
2025-11-18 11:48:23.890276,81,69,HandType.Left,0.7562054991722107,-211.5705108642578,129.83535766601562,-22.747013092041016,0.9597988724708557,-0.2802674472332001,0.015372452326118946,27.93837547302246,11.910446166992188,-47.02146911621094,0.0,0.0,78.87744903564453,1,1,1,1,1,-136.369140625,145.3602752685547,-3.8689217567443848,-186.39712524414062,157.51597595214844,-90.50218963623047,grab,12,2025-11-18T11:48:23.890276,my_hand_data\videos\grab_seq12_20251118_114822_982505.avi,89.70743042900611,360,90,HIGH,VIDEO_RECORDING,2025-11-18T11:48:27.064291
2025-11-18 11:48:23.901963,82,69,HandType.Left,0.7562054991722107,-211.5705108642578,129.83535766601562,-22.747013092041016,0.9597988724708557,-0.2802674472332001,0.015372452326118946,27.93837547302246,11.910446166992188,-47.02146911621094,0.0,0.0,78.87744903564453,1,1,1,1,1,-136.369140625,145.3602752685547,-3.8689217567443848,-186.39712524414062,157.51597595214844,-90.50218963623047,grab,12,2025-11-18T11:48:23.901963,my_hand_data\videos\grab_seq12_20251118_114822_982505.avi,89.70743042900611,360,90,HIGH,VIDEO_RECORDING,2025-11-18T11:48:27.064291
2025-11-18 11:48:23.917820,83,69,HandType.Left,0.7574971318244934,-211.0199737548828,130.20225524902344,-23.735595703125,0.9579966068267822,-0.2864338457584381,0.014077075757086277,36.36875915527344,8.254781723022461,-42.760009765625,0.0,0.0,78.93578338623047,1,1,1,1,1,-135.7755889892578,144.6707000732422,-5.284425735473633,-184.94654846191406,157.89869689941406,-90.31507110595703,grab,12,2025-11-18T11:48:23.917820,my_hand_data\videos\grab_seq12_20251118_114822_982505.avi,89.70743042900611,360,90,HIGH,VIDEO_RECORDING,2025-11-18T11:48:27.064291
2025-11-18 11:48:23.933246,84,69,HandType.Left,0.7578977346420288,-210.71449279785156,130.32781982421875,-24.185684204101562,0.9570279121398926,-0.28964895009994507,0.014177951030433178,28.138715744018555,11.56592082977295,-41.459835052490234,0.0,0.0,78.95800018310547,1,1,1,1,1,-135.434326171875,144.34788513183594,-5.877924919128418,-184.33834838867188,157.95765686035156,-90.3398666381836,grab,12,2025-11-18T11:48:23.933246,my_hand_data\videos\grab_seq12_20251118_114822_982505.avi,89.70743042900611,360,90,HIGH,VIDEO_RECORDING,2025-11-18T11:48:27.064291
2025-11-18 11:48:23.938630,85,69,HandType.Left,0.7583808898925781,-210.47499084472656,130.4343719482422,-24.622459411621094,0.9556166529655457,-0.29431065917015076,0.013342272490262985,20.885173797607422,9.291075706481934,-38.086421966552734,0.0,0.0,78.93672943115234,1,1,1,1,1,-135.17752075195312,143.99134826660156,-6.396066188812256,-183.51173400878906,157.8144989013672,-90.34083557128906,grab,12,2025-11-18T11:48:23.938630,my_hand_data\videos\grab_seq12_20251118_114822_982505.avi,89.70743042900611,360,90,HIGH,VIDEO_RECORDING,2025-11-18T11:48:27.064291
2025-11-18 11:48:23.948633,86,69,HandType.Left,0.7583808898925781,-210.47499084472656,130.4343719482422,-24.622459411621094,0.9556166529655457,-0.29431065917015076,0.013342272490262985,20.885173797607422,9.291075706481934,-38.086421966552734,0.0,0.0,78.93672943115234,1,1,1,1,1,-135.17752075195312,143.99134826660156,-6.396066188812256,-183.51173400878906,157.8144989013672,-90.34083557128906,grab,12,2025-11-18T11:48:23.948633,my_hand_data\videos\grab_seq12_20251118_114822_982505.avi,89.70743042900611,360,90,HIGH,VIDEO_RECORDING,2025-11-18T11:48:27.064291
2025-11-18 11:48:23.964597,87,69,HandType.Left,0.7594618797302246,-210.11700439453125,130.9023895263672,-25.674179077148438,0.953191339969635,-0.302071213722229,0.013387002050876617,18.240638732910156,22.43573570251465,-50.17667007446289,0.0,0.0,78.84867858886719,1,1,0,1,1,-134.92233276367188,143.96702575683594,-7.624680995941162,-182.3636016845703,158.00091552734375,-90.099853515625,grab,12,2025-11-18T11:48:23.964597,my_hand_data\videos\grab_seq12_20251118_114822_982505.avi,89.70743042900611,360,90,HIGH,VIDEO_RECORDING,2025-11-18T11:48:27.064291
2025-11-18 11:48:23.968160,88,69,HandType.Left,0.7594618797302246,-210.11700439453125,130.9023895263672,-25.674179077148438,0.953191339969635,-0.302071213722229,0.013387002050876617,18.240638732910156,22.43573570251465,-50.17667007446289,0.0,0.0,78.84867858886719,1,1,0,1,1,-134.92233276367188,143.96702575683594,-7.624680995941162,-182.3636016845703,158.00091552734375,-90.099853515625,grab,12,2025-11-18T11:48:23.968160,my_hand_data\videos\grab_seq12_20251118_114822_982505.avi,89.70743042900611,360,90,HIGH,VIDEO_RECORDING,2025-11-18T11:48:27.064291
2025-11-18 11:48:23.996255,89,69,HandType.Left,0.7604182958602905,-208.9925537109375,131.55908203125,-27.16794776916504,0.9493650794029236,-0.3138653039932251,0.013945507816970348,34.065673828125,21.91700553894043,-41.403350830078125,0.0,0.0,78.60562896728516,1,1,0,1,1,-133.98898315429688,143.57643127441406,-9.466928482055664,-180.14976501464844,158.30589294433594,-90.0228500366211,grab,12,2025-11-18T11:48:23.996255,my_hand_data\videos\grab_seq12_20251118_114822_982505.avi,89.70743042900611,360,90,HIGH,VIDEO_RECORDING,2025-11-18T11:48:27.064291
2025-11-18 11:48:23.996255,90,69,HandType.Left,0.7604182958602905,-208.9925537109375,131.55908203125,-27.16794776916504,0.9493650794029236,-0.3138653039932251,0.013945507816970348,34.065673828125,21.91700553894043,-41.403350830078125,0.0,0.0,78.60562896728516,1,1,0,1,1,-133.98898315429688,143.57643127441406,-9.466928482055664,-180.14976501464844,158.30589294433594,-90.0228500366211,grab,12,2025-11-18T11:48:23.996255,my_hand_data\videos\grab_seq12_20251118_114822_982505.avi,89.70743042900611,360,90,HIGH,VIDEO_RECORDING,2025-11-18T11:48:27.064291
2025-11-18 11:48:24.006861,91,69,HandType.Left,0.7604753375053406,-208.52810668945312,131.84959411621094,-27.69005584716797,0.9482242465019226,-0.31719109416007996,0.01614329032599926,42.20357131958008,26.397661209106445,-47.442840576171875,0.0,0.0,78.54110717773438,1,1,0,1,1,-133.5535888671875,143.34921264648438,-10.065855026245117,-179.3533172607422,158.50350952148438,-89.8191146850586,grab,12,2025-11-18T11:48:24.006861,my_hand_data\videos\grab_seq12_20251118_114822_982505.avi,89.70743042900611,360,90,HIGH,VIDEO_RECORDING,2025-11-18T11:48:27.064291
2025-11-18 11:48:24.027784,92,69,HandType.Left,0.763756513595581,-207.83209228515625,132.73487854003906,-28.790712356567383,0.9449672698974609,-0.32665911316871643,0.018185650929808617,28.495073318481445,41.67348861694336,-43.974578857421875,0.0,0.0,78.44463348388672,1,1,0,0,1,-132.87428283691406,143.47476196289062,-11.237773895263672,-177.39959716796875,158.60775756835938,-89.49317932128906,grab,12,2025-11-18T11:48:24.027784,my_hand_data\videos\grab_seq12_20251118_114822_982505.avi,89.70743042900611,360,90,HIGH,VIDEO_RECORDING,2025-11-18T11:48:27.064291
2025-11-18 11:48:24.032596,93,69,HandType.Left,0.763756513595581,-207.83209228515625,132.73487854003906,-28.790712356567383,0.9449672698974609,-0.32665911316871643,0.018185650929808617,28.495073318481445,41.67348861694336,-43.974578857421875,0.0,0.0,78.44463348388672,1,1,0,0,1,-132.87428283691406,143.47476196289062,-11.237773895263672,-177.39959716796875,158.60775756835938,-89.49317932128906,grab,12,2025-11-18T11:48:24.032596,my_hand_data\videos\grab_seq12_20251118_114822_982505.avi,89.70743042900611,360,90,HIGH,VIDEO_RECORDING,2025-11-18T11:48:27.064291
2025-11-18 11:48:24.038630,94,69,HandType.Left,0.763756513595581,-207.83209228515625,132.73487854003906,-28.790712356567383,0.9449672698974609,-0.32665911316871643,0.018185650929808617,28.495073318481445,41.67348861694336,-43.974578857421875,0.0,0.0,78.44463348388672,1,1,0,0,1,-132.87428283691406,143.47476196289062,-11.237773895263672,-177.39959716796875,158.60775756835938,-89.49317932128906,grab,12,2025-11-18T11:48:24.038630,my_hand_data\videos\grab_seq12_20251118_114822_982505.avi,89.70743042900611,360,90,HIGH,VIDEO_RECORDING,2025-11-18T11:48:27.064291
2025-11-18 11:48:24.059490,95,69,HandType.Left,0.7641772031784058,-207.0122833251953,133.2868194580078,-29.664094924926758,0.9433959722518921,-0.3309710621833801,0.021498236805200577,34.892337799072266,22.16944694519043,-34.2322998046875,0.0,0.0,78.1912612915039,1,1,0,0,1,-132.13363647460938,143.5750732421875,-12.292856216430664,-175.80490112304688,158.64808654785156,-89.32120513916016,grab,12,2025-11-18T11:48:24.059490,my_hand_data\videos\grab_seq12_20251118_114822_982505.avi,89.70743042900611,360,90,HIGH,VIDEO_RECORDING,2025-11-18T11:48:27.064291
2025-11-18 11:48:24.063511,96,69,HandType.Left,0.7650226354598999,-206.69839477539062,133.56314086914062,-30.05194854736328,0.9426069259643555,-0.33314990997314453,0.022435124963521957,27.926759719848633,24.58433723449707,-34.50660705566406,0.0,0.0,78.017822265625,1,1,0,0,1,-131.89947509765625,143.65782165527344,-12.842081069946289,-174.87852478027344,158.6242218017578,-89.01802825927734,grab,12,2025-11-18T11:48:24.063511,my_hand_data\videos\grab_seq12_20251118_114822_982505.avi,89.70743042900611,360,90,HIGH,VIDEO_RECORDING,2025-11-18T11:48:27.064291
2025-11-18 11:48:24.073558,97,69,HandType.Left,0.7665307521820068,-206.53903198242188,133.95986938476562,-30.405651092529297,0.9418217539787292,-0.3353085517883301,0.023237887769937515,14.512859344482422,36.13163757324219,-32.2132568359375,0.0,0.0,77.84701538085938,1,1,0,0,1,-131.79136657714844,143.88099670410156,-13.407780647277832,-174.130126953125,158.642578125,-88.56549835205078,grab,12,2025-11-18T11:48:24.073558,my_hand_data\videos\grab_seq12_20251118_114822_982505.avi,89.70743042900611,360,90,HIGH,VIDEO_RECORDING,2025-11-18T11:48:27.064291
2025-11-18 11:48:24.091657,98,69,HandType.Left,0.7662585973739624,-206.33541870117188,134.3192596435547,-30.74774742126465,0.9412462115287781,-0.3368953764438629,0.02360326051712036,17.98404884338379,31.742473602294922,-30.21518325805664,0.0,0.0,77.68697357177734,1,1,0,0,1,-131.6140594482422,143.9610595703125,-13.930057525634766,-173.3570098876953,158.77487182617188,-88.39353942871094,grab,12,2025-11-18T11:48:24.091657,my_hand_data\videos\grab_seq12_20251118_114822_982505.avi,89.70743042900611,360,90,HIGH,VIDEO_RECORDING,2025-11-18T11:48:27.064291
2025-11-18 11:48:24.098142,99,69,HandType.Left,0.7664704918861389,-206.13148498535156,134.69544982910156,-31.139883041381836,0.9406330585479736,-0.33864375948905945,0.023017823696136475,19.162242889404297,35.346431732177734,-36.844581604003906,0.0,0.0,77.56597137451172,1,1,0,0,1,-131.6134033203125,144.1703643798828,-14.462081909179688,-172.75839233398438,158.8363494873047,-88.2395248413086,grab,12,2025-11-18T11:48:24.098142,my_hand_data\videos\grab_seq12_20251118_114822_982505.avi,89.70743042900611,360,90,HIGH,VIDEO_RECORDING,2025-11-18T11:48:27.064291
2025-11-18 11:48:24.102171,100,69,HandType.Left,0.7664704918861389,-206.13148498535156,134.69544982910156,-31.139883041381836,0.9406330585479736,-0.33864375948905945,0.023017823696136475,19.162242889404297,35.346431732177734,-36.844581604003906,0.0,0.0,77.56597137451172,1,1,0,0,1,-131.6134033203125,144.1703643798828,-14.462081909179688,-172.75839233398438,158.8363494873047,-88.2395248413086,grab,12,2025-11-18T11:48:24.102171,my_hand_data\videos\grab_seq12_20251118_114822_982505.avi,89.70743042900611,360,90,HIGH,VIDEO_RECORDING,2025-11-18T11:48:27.064291
2025-11-18 11:48:24.122862,101,69,HandType.Left,0.7663202285766602,-205.94140625,135.5851593017578,-31.72251319885254,0.9387633800506592,-0.34372609853744507,0.023993942886590958,2.789184093475342,42.97304916381836,-22.762094497680664,0.0,0.0,77.02012634277344,1,1,0,0,1,-131.91720581054688,144.95162963867188,-15.643770217895508,-171.6031494140625,159.1112060546875,-88.13516235351562,grab,12,2025-11-18T11:48:24.122862,my_hand_data\videos\grab_seq12_20251118_114822_982505.avi,89.70743042900611,360,90,HIGH,VIDEO_RECORDING,2025-11-18T11:48:27.064291
2025-11-18 11:48:24.128706,102,69,HandType.Left,0.7655382752418518,-205.71231079101562,135.89520263671875,-31.969396591186523,0.9381065964698792,-0.34545955061912537,0.024773914366960526,20.726112365722656,28.050626754760742,-22.336320877075195,0.0,0.0,76.71885681152344,1,1,0,0,1,-131.88633728027344,145.2001495361328,-16.188793182373047,-170.92037963867188,159.1584014892578,-87.9371109008789,grab,12,2025-11-18T11:48:24.128706,my_hand_data\videos\grab_seq12_20251118_114822_982505.avi,89.70743042900611,360,90,HIGH,VIDEO_RECORDING,2025-11-18T11:48:27.064291
2025-11-18 11:48:24.138573,103,69,HandType.Left,0.764819860458374,-205.32955932617188,136.216552734375,-32.312679290771484,0.9371414184570312,-0.34791088104248047,0.02690703049302101,34.597442626953125,29.04692840576172,-31.029766082763672,0.0,0.0,76.37075805664062,1,1,0,0,1,-131.8949737548828,145.43295288085938,-16.734058380126953,-170.05551147460938,159.1529083251953,-87.85718536376953,grab,12,2025-11-18T11:48:24.138573,my_hand_data\videos\grab_seq12_20251118_114822_982505.avi,89.70743042900611,360,90,HIGH,VIDEO_RECORDING,2025-11-18T11:48:27.064291
2025-11-18 11:48:24.154356,104,69,HandType.Left,0.7642524242401123,-204.8780517578125,136.51239013671875,-32.6391487121582,0.9367367625236511,-0.3488021194934845,0.029348403215408325,40.64401626586914,26.629968643188477,-29.387916564941406,0.0,0.0,76.06393432617188,1,1,0,0,1,-131.75135803222656,145.61074829101562,-17.21990203857422,-169.1580047607422,159.2586212158203,-87.72499084472656,grab,12,2025-11-18T11:48:24.154356,my_hand_data\videos\grab_seq12_20251118_114822_982505.avi,89.70743042900611,360,90,HIGH,VIDEO_RECORDING,2025-11-18T11:48:27.064291
2025-11-18 11:48:24.154356,105,69,HandType.Left,0.7642524242401123,-204.8780517578125,136.51239013671875,-32.6391487121582,0.9367367625236511,-0.3488021194934845,0.029348403215408325,40.64401626586914,26.629968643188477,-29.387916564941406,0.0,0.0,76.06393432617188,1,1,0,0,1,-131.75135803222656,145.61074829101562,-17.21990203857422,-169.1580047607422,159.2586212158203,-87.72499084472656,grab,12,2025-11-18T11:48:24.154356,my_hand_data\videos\grab_seq12_20251118_114822_982505.avi,89.70743042900611,360,90,HIGH,VIDEO_RECORDING,2025-11-18T11:48:27.064291
2025-11-18 11:48:24.170255,106,69,HandType.Left,0.7647683024406433,-204.48397827148438,136.8202362060547,-32.89973068237305,0.9365022778511047,-0.34919363260269165,0.03205125033855438,35.41889953613281,27.670045852661133,-23.420974731445312,0.0,0.0,75.78414916992188,1,1,0,0,1,-131.75836181640625,145.8961639404297,-17.641794204711914,-168.5789794921875,159.52944946289062,-87.7374038696289,grab,12,2025-11-18T11:48:24.170255,my_hand_data\videos\grab_seq12_20251118_114822_982505.avi,89.70743042900611,360,90,HIGH,VIDEO_RECORDING,2025-11-18T11:48:27.064291
2025-11-18 11:48:24.186306,107,69,HandType.Left,0.7658937573432922,-204.11431884765625,137.62965393066406,-33.27695083618164,0.9349269866943359,-0.3532411754131317,0.03364824503660202,11.49368953704834,37.860107421875,-16.426925659179688,0.0,0.0,75.28697204589844,1,1,0,0,1,-131.8900909423828,146.43667602539062,-18.370468139648438,-167.23097229003906,159.9218292236328,-87.44116973876953,grab,12,2025-11-18T11:48:24.186306,my_hand_data\videos\grab_seq12_20251118_114822_982505.avi,89.70743042900611,360,90,HIGH,VIDEO_RECORDING,2025-11-18T11:48:27.064291
2025-11-18 11:48:24.190699,108,69,HandType.Left,0.7658937573432922,-204.11431884765625,137.62965393066406,-33.27695083618164,0.9349269866943359,-0.3532411754131317,0.03364824503660202,11.49368953704834,37.860107421875,-16.426925659179688,0.0,0.0,75.28697204589844,1,1,0,0,1,-131.8900909423828,146.43667602539062,-18.370468139648438,-167.23097229003906,159.9218292236328,-87.44116973876953,grab,12,2025-11-18T11:48:24.190699,my_hand_data\videos\grab_seq12_20251118_114822_982505.avi,89.70743042900611,360,90,HIGH,VIDEO_RECORDING,2025-11-18T11:48:27.064291
2025-11-18 11:48:24.217991,109,69,HandType.Left,0.7662599086761475,-203.6612548828125,138.7813720703125,-33.77150344848633,0.9338906407356262,-0.35583433508872986,0.03507370501756668,19.41927146911621,29.397048950195312,-14.642382621765137,0.0,0.0,74.62696075439453,1,1,0,0,1,-132.258544921875,147.13429260253906,-19.487140655517578,-165.79991149902344,160.14999389648438,-86.23320770263672,grab,12,2025-11-18T11:48:24.217991,my_hand_data\videos\grab_seq12_20251118_114822_982505.avi,89.70743042900611,360,90,HIGH,VIDEO_RECORDING,2025-11-18T11:48:27.064291
2025-11-18 11:48:24.224316,110,69,HandType.Left,0.7662599086761475,-203.6612548828125,138.7813720703125,-33.77150344848633,0.9338906407356262,-0.35583433508872986,0.03507370501756668,19.41927146911621,29.397048950195312,-14.642382621765137,0.0,0.0,74.62696075439453,1,1,0,0,1,-132.258544921875,147.13429260253906,-19.487140655517578,-165.79991149902344,160.14999389648438,-86.23320770263672,grab,12,2025-11-18T11:48:24.224316,my_hand_data\videos\grab_seq12_20251118_114822_982505.avi,89.70743042900611,360,90,HIGH,VIDEO_RECORDING,2025-11-18T11:48:27.064291
2025-11-18 11:48:24.230368,111,69,HandType.Left,0.7662485241889954,-203.51036071777344,139.11660766601562,-33.92411422729492,0.9337157607078552,-0.35636085271835327,0.03437701612710953,13.62851333618164,30.277084350585938,-13.783242225646973,0.0,0.0,74.50669860839844,1,1,0,0,1,-132.11741638183594,147.13446044921875,-19.788928985595703,-165.40638732910156,160.30609130859375,-85.92842102050781,grab,12,2025-11-18T11:48:24.230368,my_hand_data\videos\grab_seq12_20251118_114822_982505.avi,89.70743042900611,360,90,HIGH,VIDEO_RECORDING,2025-11-18T11:48:27.064291
2025-11-18 11:48:24.234386,112,69,HandType.Left,0.7662485241889954,-203.51036071777344,139.11660766601562,-33.92411422729492,0.9337157607078552,-0.35636085271835327,0.03437701612710953,13.62851333618164,30.277084350585938,-13.783242225646973,0.0,0.0,74.50669860839844,1,1,0,0,1,-132.11741638183594,147.13446044921875,-19.788928985595703,-165.40638732910156,160.30609130859375,-85.92842102050781,grab,12,2025-11-18T11:48:24.234386,my_hand_data\videos\grab_seq12_20251118_114822_982505.avi,89.70743042900611,360,90,HIGH,VIDEO_RECORDING,2025-11-18T11:48:27.064291
2025-11-18 11:48:24.249064,113,69,HandType.Left,0.7663580179214478,-203.37847900390625,139.43685913085938,-34.031776428222656,0.9337559342384338,-0.35630714893341064,0.033839307725429535,11.785539627075195,28.620267868041992,-9.621270179748535,0.0,0.0,74.45697021484375,1,1,0,0,1,-131.95571899414062,147.22512817382812,-20.042142868041992,-165.17308044433594,160.59426879882812,-85.7872314453125,grab,12,2025-11-18T11:48:24.249064,my_hand_data\videos\grab_seq12_20251118_114822_982505.avi,89.70743042900611,360,90,HIGH,VIDEO_RECORDING,2025-11-18T11:48:27.064291
2025-11-18 11:48:24.264756,114,69,HandType.Left,0.7658933997154236,-203.16058349609375,140.11647033691406,-34.24699020385742,0.934354841709137,-0.354793906211853,0.03320176899433136,10.410593032836914,28.86726188659668,-5.657140254974365,0.0,0.0,74.17044067382812,1,1,0,0,1,-131.67526245117188,147.45098876953125,-20.502660751342773,-164.84719848632812,161.22975158691406,-85.39505004882812,grab,12,2025-11-18T11:48:24.264756,my_hand_data\videos\grab_seq12_20251118_114822_982505.avi,89.70743042900611,360,90,HIGH,VIDEO_RECORDING,2025-11-18T11:48:27.064291
2025-11-18 11:48:24.269380,115,69,HandType.Left,0.7658933997154236,-203.16058349609375,140.11647033691406,-34.24699020385742,0.934354841709137,-0.354793906211853,0.03320176899433136,10.410593032836914,28.86726188659668,-5.657140254974365,0.0,0.0,74.17044067382812,1,1,0,0,1,-131.67526245117188,147.45098876953125,-20.502660751342773,-164.84719848632812,161.22975158691406,-85.39505004882812,grab,12,2025-11-18T11:48:24.269380,my_hand_data\videos\grab_seq12_20251118_114822_982505.avi,89.70743042900611,360,90,HIGH,VIDEO_RECORDING,2025-11-18T11:48:27.064291
2025-11-18 11:48:24.296544,116,69,HandType.Left,0.7618361115455627,-202.6342315673828,140.829345703125,-34.56769943237305,0.9361780881881714,-0.34966254234313965,0.036148861050605774,11.621057510375977,20.759479522705078,-8.453826904296875,0.0,0.0,73.15924835205078,1,1,0,0,1,-131.2337188720703,147.78382873535156,-21.023298263549805,-164.18402099609375,161.93809509277344,-84.7901382446289,grab,12,2025-11-18T11:48:24.296544,my_hand_data\videos\grab_seq12_20251118_114822_982505.avi,89.70743042900611,360,90,HIGH,VIDEO_RECORDING,2025-11-18T11:48:27.064291
2025-11-18 11:48:24.297723,117,69,HandType.Left,0.7618361115455627,-202.6342315673828,140.829345703125,-34.56769943237305,0.9361780881881714,-0.34966254234313965,0.036148861050605774,11.621057510375977,20.759479522705078,-8.453826904296875,0.0,0.0,73.15924835205078,1,1,0,0,1,-131.2337188720703,147.78382873535156,-21.023298263549805,-164.18402099609375,161.93809509277344,-84.7901382446289,grab,12,2025-11-18T11:48:24.297723,my_hand_data\videos\grab_seq12_20251118_114822_982505.avi,89.70743042900611,360,90,HIGH,VIDEO_RECORDING,2025-11-18T11:48:27.064291
2025-11-18 11:48:24.297723,118,69,HandType.Left,0.7619057893753052,-202.51438903808594,141.08670043945312,-34.6444206237793,0.9370743632316589,-0.3472219705581665,0.036448508501052856,10.636871337890625,22.84139633178711,-6.809496879577637,0.0,0.0,72.70465850830078,1,1,0,0,1,-131.15574645996094,147.9941864013672,-21.20220375061035,-163.97325134277344,162.143310546875,-84.51713562011719,grab,12,2025-11-18T11:48:24.297723,my_hand_data\videos\grab_seq12_20251118_114822_982505.avi,89.70743042900611,360,90,HIGH,VIDEO_RECORDING,2025-11-18T11:48:27.064291
2025-11-18 11:48:24.327602,119,69,HandType.Left,0.7621554732322693,-202.4103546142578,141.36367797851562,-34.75063705444336,0.938268780708313,-0.3439196050167084,0.03702639415860176,9.632063865661621,25.643299102783203,-9.833959579467773,0.0,0.0,72.30841064453125,1,1,0,0,1,-131.13343811035156,148.24562072753906,-21.344648361206055,-163.84579467773438,162.37921142578125,-84.262451171875,grab,12,2025-11-18T11:48:24.327602,my_hand_data\videos\grab_seq12_20251118_114822_982505.avi,89.70743042900611,360,90,HIGH,VIDEO_RECORDING,2025-11-18T11:48:27.064291
2025-11-18 11:48:24.331623,120,69,HandType.Left,0.7618809342384338,-202.40890502929688,141.75521850585938,-34.82318878173828,0.9393077492713928,-0.34104588627815247,0.037265125662088394,0.13046038150787354,35.232757568359375,-6.528567790985107,0.0,0.0,71.66329193115234,1,1,0,0,1,-131.176025390625,148.528076171875,-21.53494644165039,-163.6891326904297,162.71310424804688,-83.8030014038086,grab,12,2025-11-18T11:48:24.331623,my_hand_data\videos\grab_seq12_20251118_114822_982505.avi,89.70743042900611,360,90,HIGH,VIDEO_RECORDING,2025-11-18T11:48:27.064291
2025-11-18 11:48:24.341025,121,69,HandType.Left,0.7613316774368286,-202.47299194335938,142.1545867919922,-34.85792541503906,0.940830647945404,-0.33684003353118896,0.03710086643695831,-5.7010064125061035,35.5277099609375,-3.0900449752807617,0.0,0.0,70.9061508178711,1,1,0,0,1,-131.30282592773438,148.77920532226562,-21.75112533569336,-163.6854705810547,163.03880310058594,-83.19793701171875,grab,12,2025-11-18T11:48:24.341025,my_hand_data\videos\grab_seq12_20251118_114822_982505.avi,89.70743042900611,360,90,HIGH,VIDEO_RECORDING,2025-11-18T11:48:27.064291
2025-11-18 11:48:24.348391,122,69,HandType.Left,0.7613316774368286,-202.47299194335938,142.1545867919922,-34.85792541503906,0.940830647945404,-0.33684003353118896,0.03710086643695831,-5.7010064125061035,35.5277099609375,-3.0900449752807617,0.0,0.0,70.9061508178711,1,1,0,0,1,-131.30282592773438,148.77920532226562,-21.75112533569336,-163.6854705810547,163.03880310058594,-83.19793701171875,grab,12,2025-11-18T11:48:24.348391,my_hand_data\videos\grab_seq12_20251118_114822_982505.avi,89.70743042900611,360,90,HIGH,VIDEO_RECORDING,2025-11-18T11:48:27.064291
2025-11-18 11:48:24.359500,123,69,HandType.Left,0.7602142691612244,-202.5145721435547,142.48638916015625,-34.878543853759766,0.9416876435279846,-0.33449122309684753,0.036605995148420334,-3.775932788848877,30.133947372436523,-1.8725308179855347,0.0,0.0,70.4166030883789,1,1,0,0,1,-131.4503936767578,148.92396545410156,-21.959239959716797,-163.675537109375,163.24635314941406,-82.9092788696289,grab,12,2025-11-18T11:48:24.359500,my_hand_data\videos\grab_seq12_20251118_114822_982505.avi,89.70743042900611,360,90,HIGH,VIDEO_RECORDING,2025-11-18T11:48:27.064291
2025-11-18 11:48:24.375366,124,69,HandType.Left,0.7590310573577881,-202.74557495117188,143.0455780029297,-34.91416549682617,0.9454784989356995,-0.32361161708831787,0.03668627142906189,-9.90609359741211,22.72301483154297,-0.037922631949186325,0.0,0.0,69.6785659790039,1,1,0,0,1,-131.8521728515625,149.34783935546875,-22.41096305847168,-163.92471313476562,163.9754638671875,-82.51493835449219,grab,12,2025-11-18T11:48:24.375366,my_hand_data\videos\grab_seq12_20251118_114822_982505.avi,89.70743042900611,360,90,HIGH,VIDEO_RECORDING,2025-11-18T11:48:27.064291
2025-11-18 11:48:24.381409,125,69,HandType.Left,0.7590310573577881,-202.74557495117188,143.0455780029297,-34.91416549682617,0.9454784989356995,-0.32361161708831787,0.03668627142906189,-9.90609359741211,22.72301483154297,-0.037922631949186325,0.0,0.0,69.6785659790039,1,1,0,0,1,-131.8521728515625,149.34783935546875,-22.41096305847168,-163.92471313476562,163.9754638671875,-82.51493835449219,grab,12,2025-11-18T11:48:24.381409,my_hand_data\videos\grab_seq12_20251118_114822_982505.avi,89.70743042900611,360,90,HIGH,VIDEO_RECORDING,2025-11-18T11:48:27.064291
2025-11-18 11:48:24.407336,126,69,HandType.Left,0.7570450305938721,-203.19912719726562,143.8328399658203,-34.857696533203125,0.9497597813606262,-0.3111381530761719,0.033903006464242935,-17.79558753967285,25.561721801757812,3.178924798965454,0.05476882681250572,0.0,68.65476989746094,0,0,0,0,1,-132.5917205810547,150.07530212402344,-23.124296188354492,-164.4673614501953,164.94906616210938,-82.08353424072266,grab,12,2025-11-18T11:48:24.407336,my_hand_data\videos\grab_seq12_20251118_114822_982505.avi,89.70743042900611,360,90,HIGH,VIDEO_RECORDING,2025-11-18T11:48:27.064291
2025-11-18 11:48:24.407336,127,69,HandType.Left,0.7570450305938721,-203.19912719726562,143.8328399658203,-34.857696533203125,0.9497597813606262,-0.3111381530761719,0.033903006464242935,-17.79558753967285,25.561721801757812,3.178924798965454,0.05476882681250572,0.0,68.65476989746094,0,0,0,0,1,-132.5917205810547,150.07530212402344,-23.124296188354492,-164.4673614501953,164.94906616210938,-82.08353424072266,grab,12,2025-11-18T11:48:24.407336,my_hand_data\videos\grab_seq12_20251118_114822_982505.avi,89.70743042900611,360,90,HIGH,VIDEO_RECORDING,2025-11-18T11:48:27.064291
2025-11-18 11:48:24.414107,128,69,HandType.Left,0.7563571929931641,-203.41700744628906,144.11099243164062,-34.82399368286133,0.9517740607261658,-0.30500128865242004,0.0331718809902668,-19.389415740966797,24.753286361694336,2.999056100845337,0.06262419372797012,0.0,68.41535186767578,0,0,0,0,1,-132.83779907226562,150.29855346679688,-23.368436813354492,-164.8302764892578,165.53897094726562,-81.89083862304688,grab,12,2025-11-18T11:48:24.414107,my_hand_data\videos\grab_seq12_20251118_114822_982505.avi,89.70743042900611,360,90,HIGH,VIDEO_RECORDING,2025-11-18T11:48:27.064291
2025-11-18 11:48:24.438904,129,69,HandType.Left,0.7548105716705322,-203.96224975585938,144.78591918945312,-34.84220504760742,0.9559999108314514,-0.29151633381843567,0.03290072828531265,-27.86271095275879,33.888736724853516,-1.9838343858718872,0.0827462300658226,0.0,68.3803939819336,0,0,0,0,1,-133.4274444580078,150.90884399414062,-23.76746368408203,-165.81246948242188,166.75924682617188,-81.86956024169922,grab,12,2025-11-18T11:48:24.438904,my_hand_data\videos\grab_seq12_20251118_114822_982505.avi,89.70743042900611,360,90,HIGH,VIDEO_RECORDING,2025-11-18T11:48:27.064291
2025-11-18 11:48:24.444935,130,69,HandType.Left,0.7548105716705322,-203.96224975585938,144.78591918945312,-34.84220504760742,0.9559999108314514,-0.29151633381843567,0.03290072828531265,-27.86271095275879,33.888736724853516,-1.9838343858718872,0.0827462300658226,0.0,68.3803939819336,0,0,0,0,1,-133.4274444580078,150.90884399414062,-23.76746368408203,-165.81246948242188,166.75924682617188,-81.86956024169922,grab,12,2025-11-18T11:48:24.444935,my_hand_data\videos\grab_seq12_20251118_114822_982505.avi,89.70743042900611,360,90,HIGH,VIDEO_RECORDING,2025-11-18T11:48:27.064291
2025-11-18 11:48:24.451778,131,69,HandType.Left,0.7540814876556396,-204.23562622070312,145.11160278320312,-34.873924255371094,0.9583903551101685,-0.283474326133728,0.03361876681447029,-24.692737579345703,29.417781829833984,-2.864928722381592,0.09851128607988358,0.002255026251077652,68.33000183105469,0,0,0,0,1,-133.71177673339844,151.22042846679688,-23.871736526489258,-166.1673126220703,167.27792358398438,-81.81813049316406,grab,12,2025-11-18T11:48:24.451778,my_hand_data\videos\grab_seq12_20251118_114822_982505.avi,89.70743042900611,360,90,HIGH,VIDEO_RECORDING,2025-11-18T11:48:27.064291
2025-11-18 11:48:24.471002,132,69,HandType.Left,0.7517668604850769,-204.51068115234375,145.5731201171875,-34.859336853027344,0.9619005918502808,-0.2707853615283966,0.037716008722782135,-7.866093635559082,16.701990127563477,1.9061939716339111,0.11988332867622375,0.008783342316746712,68.21637725830078,0,0,0,0,1,-134.1481475830078,151.7331085205078,-23.945302963256836,-166.67913818359375,168.0271759033203,-81.64896392822266,grab,12,2025-11-18T11:48:24.471002,my_hand_data\videos\grab_seq12_20251118_114822_982505.avi,89.70743042900611,360,90,HIGH,VIDEO_RECORDING,2025-11-18T11:48:27.064291
2025-11-18 11:48:24.474617,133,69,HandType.Left,0.7517668604850769,-204.51068115234375,145.5731201171875,-34.859336853027344,0.9619005918502808,-0.2707853615283966,0.037716008722782135,-7.866093635559082,16.701990127563477,1.9061939716339111,0.11988332867622375,0.008783342316746712,68.21637725830078,0,0,0,0,1,-134.1481475830078,151.7331085205078,-23.945302963256836,-166.67913818359375,168.0271759033203,-81.64896392822266,grab,12,2025-11-18T11:48:24.474617,my_hand_data\videos\grab_seq12_20251118_114822_982505.avi,89.70743042900611,360,90,HIGH,VIDEO_RECORDING,2025-11-18T11:48:27.064291
2025-11-18 11:48:24.482656,134,69,HandType.Left,0.750062882900238,-204.4572296142578,145.693359375,-34.821468353271484,0.9635818004608154,-0.26422056555747986,0.04120198264718056,4.806337356567383,10.811635971069336,3.405252456665039,0.13049417734146118,0.017413241788744926,68.28339385986328,0,0,0,0,1,-134.19288635253906,151.86672973632812,-24.02579116821289,-166.8925323486328,168.4215545654297,-81.63909912109375,grab,12,2025-11-18T11:48:24.482656,my_hand_data\videos\grab_seq12_20251118_114822_982505.avi,89.70743042900611,360,90,HIGH,VIDEO_RECORDING,2025-11-18T11:48:27.064291
2025-11-18 11:48:24.502284,135,69,HandType.Left,0.7499390840530396,-204.38230895996094,145.8278350830078,-34.777198791503906,0.9647510647773743,-0.2597050368785858,0.04252783581614494,6.651888370513916,11.94090461730957,3.930305004119873,0.1488225907087326,0.029863698408007622,68.04464721679688,0,0,0,0,1,-134.44398498535156,152.12301635742188,-24.2154483795166,-167.0298614501953,168.77398681640625,-81.58251190185547,grab,12,2025-11-18T11:48:24.502284,my_hand_data\videos\grab_seq12_20251118_114822_982505.avi,89.70743042900611,360,90,HIGH,VIDEO_RECORDING,2025-11-18T11:48:27.064291
2025-11-18 11:48:24.504293,136,69,HandType.Left,0.7497087121009827,-204.27418518066406,145.9433135986328,-34.70610427856445,0.965770959854126,-0.2557884156703949,0.0431123785674572,9.817543029785156,10.485550880432129,6.4557037353515625,0.16493433713912964,0.04966361075639725,67.65557861328125,0,0,0,0,1,-134.6250762939453,152.29698181152344,-24.57448959350586,-167.13363647460938,169.04461669921875,-81.49537658691406,grab,12,2025-11-18T11:48:24.504293,my_hand_data\videos\grab_seq12_20251118_114822_982505.avi,89.70743042900611,360,90,HIGH,VIDEO_RECORDING,2025-11-18T11:48:27.064291
2025-11-18 11:48:24.517936,137,69,HandType.Left,0.7496317625045776,-204.114013671875,145.9873046875,-34.57121276855469,0.9664199352264404,-0.25334134697914124,0.04301880672574043,14.291550636291504,3.9246532917022705,12.0361967086792,0.17885075509548187,0.0670556128025055,67.06502532958984,0,0,0,0,1,-134.90780639648438,152.47592163085938,-24.8631591796875,-167.0400848388672,169.0908966064453,-81.3359603881836,grab,12,2025-11-18T11:48:24.517936,my_hand_data\videos\grab_seq12_20251118_114822_982505.avi,89.70743042900611,360,90,HIGH,VIDEO_RECORDING,2025-11-18T11:48:27.064291
2025-11-18 11:48:24.533574,138,69,HandType.Left,0.749588131904602,-203.98301696777344,145.99696350097656,-34.394412994384766,0.9672164916992188,-0.2503863573074341,0.042414020746946335,12.126957893371582,0.8948574066162109,16.367488861083984,0.18906892836093903,0.08175402134656906,66.61825561523438,0,0,0,0,1,-135.09938049316406,152.5349578857422,-25.098251342773438,-167.01397705078125,169.17147827148438,-81.1578369140625,grab,12,2025-11-18T11:48:24.533574,my_hand_data\videos\grab_seq12_20251118_114822_982505.avi,89.70743042900611,360,90,HIGH,VIDEO_RECORDING,2025-11-18T11:48:27.064291
2025-11-18 11:48:24.537201,139,69,HandType.Left,0.7490758299827576,-203.84481811523438,145.9464569091797,-34.188331604003906,0.968146562576294,-0.24675895273685455,0.042452890425920486,12.019981384277344,-4.393801212310791,17.923095703125,0.19474169611930847,0.09491012245416641,66.2623062133789,0,0,0,0,1,-135.3097381591797,152.57640075683594,-25.22620964050293,-167.00039672851562,169.21839904785156,-80.98855590820312,grab,12,2025-11-18T11:48:24.537201,my_hand_data\videos\grab_seq12_20251118_114822_982505.avi,89.70743042900611,360,90,HIGH,VIDEO_RECORDING,2025-11-18T11:48:27.064291
2025-11-18 11:48:24.549244,140,69,HandType.Left,0.7490758299827576,-203.84481811523438,145.9464569091797,-34.188331604003906,0.968146562576294,-0.24675895273685455,0.042452890425920486,12.019981384277344,-4.393801212310791,17.923095703125,0.19474169611930847,0.09491012245416641,66.2623062133789,0,0,0,0,1,-135.3097381591797,152.57640075683594,-25.22620964050293,-167.00039672851562,169.21839904785156,-80.98855590820312,grab,12,2025-11-18T11:48:24.549244,my_hand_data\videos\grab_seq12_20251118_114822_982505.avi,89.70743042900611,360,90,HIGH,VIDEO_RECORDING,2025-11-18T11:48:27.064291
2025-11-18 11:48:24.565024,141,69,HandType.Left,0.7497581839561462,-203.77435302734375,145.86041259765625,-33.77835464477539,0.9704309105873108,-0.2373235523700714,0.044060513377189636,3.2536652088165283,-4.2913923263549805,18.51034164428711,0.1964106410741806,0.10786741226911545,65.90603637695312,0,0,0,0,1,-135.6654815673828,152.6374969482422,-25.264297485351562,-167.19558715820312,169.54119873046875,-80.61520385742188,grab,12,2025-11-18T11:48:24.565024,my_hand_data\videos\grab_seq12_20251118_114822_982505.avi,89.70743042900611,360,90,HIGH,VIDEO_RECORDING,2025-11-18T11:48:27.064291
2025-11-18 11:48:24.566089,142,69,HandType.Left,0.7497581839561462,-203.77435302734375,145.86041259765625,-33.77835464477539,0.9704309105873108,-0.2373235523700714,0.044060513377189636,3.2536652088165283,-4.2913923263549805,18.51034164428711,0.1964106410741806,0.10786741226911545,65.90603637695312,0,0,0,0,1,-135.6654815673828,152.6374969482422,-25.264297485351562,-167.19558715820312,169.54119873046875,-80.61520385742188,grab,12,2025-11-18T11:48:24.566089,my_hand_data\videos\grab_seq12_20251118_114822_982505.avi,89.70743042900611,360,90,HIGH,VIDEO_RECORDING,2025-11-18T11:48:27.064291
2025-11-18 11:48:24.596745,143,69,HandType.Left,0.7471163272857666,-203.3509979248047,145.56195068359375,-33.16806411743164,0.9728749990463257,-0.22614508867263794,0.04871009290218353,13.775763511657715,-7.2691569328308105,19.559051513671875,0.19874916970729828,0.12615078687667847,65.41389465332031,0,1,0,0,1,-135.90289306640625,152.52645874023438,-25.200580596923828,-167.12973022460938,169.64443969726562,-80.07167053222656,grab,12,2025-11-18T11:48:24.596745,my_hand_data\videos\grab_seq12_20251118_114822_982505.avi,89.70743042900611,360,90,HIGH,VIDEO_RECORDING,2025-11-18T11:48:27.064291
2025-11-18 11:48:24.600599,144,69,HandType.Left,0.7471163272857666,-203.3509979248047,145.56195068359375,-33.16806411743164,0.9728749990463257,-0.22614508867263794,0.04871009290218353,13.775763511657715,-7.2691569328308105,19.559051513671875,0.19874916970729828,0.12615078687667847,65.41389465332031,0,1,0,0,1,-135.90289306640625,152.52645874023438,-25.200580596923828,-167.12973022460938,169.64443969726562,-80.07167053222656,grab,12,2025-11-18T11:48:24.602611,my_hand_data\videos\grab_seq12_20251118_114822_982505.avi,89.70743042900611,360,90,HIGH,VIDEO_RECORDING,2025-11-18T11:48:27.064291
2025-11-18 11:48:24.608590,145,69,HandType.Left,0.7466906905174255,-203.23240661621094,145.59149169921875,-33.01089096069336,0.9735744595527649,-0.22287465631961823,0.04979676380753517,10.834625244140625,2.6981794834136963,14.358980178833008,0.19696173071861267,0.132010355591774,65.28231811523438,0,1,0,0,1,-135.9569549560547,152.55198669433594,-25.22705841064453,-167.11203002929688,169.823486328125,-79.93389129638672,grab,12,2025-11-18T11:48:24.608590,my_hand_data\videos\grab_seq12_20251118_114822_982505.avi,89.70743042900611,360,90,HIGH,VIDEO_RECORDING,2025-11-18T11:48:27.064291
2025-11-18 11:48:24.614619,146,69,HandType.Left,0.7466906905174255,-203.23240661621094,145.59149169921875,-33.01089096069336,0.9735744595527649,-0.22287465631961823,0.04979676380753517,10.834625244140625,2.6981794834136963,14.358980178833008,0.19696173071861267,0.132010355591774,65.28231811523438,0,1,0,0,1,-135.9569549560547,152.55198669433594,-25.22705841064453,-167.11203002929688,169.823486328125,-79.93389129638672,grab,12,2025-11-18T11:48:24.614619,my_hand_data\videos\grab_seq12_20251118_114822_982505.avi,89.70743042900611,360,90,HIGH,VIDEO_RECORDING,2025-11-18T11:48:27.064291
2025-11-18 11:48:24.628463,147,69,HandType.Left,0.7462128400802612,-203.11822509765625,145.77865600585938,-32.68906021118164,0.974644660949707,-0.21763728559017181,0.051978617906570435,5.354883670806885,7.888514041900635,14.432026863098145,0.1982273906469345,0.13828054070472717,64.99026489257812,0,1,0,0,1,-136.2060546875,152.66810607910156,-25.14627456665039,-167.08802795410156,170.19195556640625,-79.57929229736328,grab,12,2025-11-18T11:48:24.628463,my_hand_data\videos\grab_seq12_20251118_114822_982505.avi,89.70743042900611,360,90,HIGH,VIDEO_RECORDING,2025-11-18T11:48:27.064291
2025-11-18 11:48:24.644208,148,69,HandType.Left,0.7471131086349487,-203.14122009277344,145.9212188720703,-32.52336120605469,0.9750766158103943,-0.21565234661102295,0.05215059593319893,-2.0779407024383545,12.880363464355469,14.9707612991333,0.19865365326404572,0.1378646343946457,64.84890747070312,0,1,0,0,1,-136.27064514160156,152.72164916992188,-25.07917594909668,-167.09304809570312,170.35169982910156,-79.34280395507812,grab,12,2025-11-18T11:48:24.644208,my_hand_data\videos\grab_seq12_20251118_114822_982505.avi,89.70743042900611,360,90,HIGH,VIDEO_RECORDING,2025-11-18T11:48:27.064291
2025-11-18 11:48:24.646225,149,69,HandType.Left,0.7471131086349487,-203.14122009277344,145.9212188720703,-32.52336120605469,0.9750766158103943,-0.21565234661102295,0.05215059593319893,-2.0779407024383545,12.880363464355469,14.9707612991333,0.19865365326404572,0.1378646343946457,64.84890747070312,0,1,0,0,1,-136.27064514160156,152.72164916992188,-25.07917594909668,-167.09304809570312,170.35169982910156,-79.34280395507812,grab,12,2025-11-18T11:48:24.646225,my_hand_data\videos\grab_seq12_20251118_114822_982505.avi,89.70743042900611,360,90,HIGH,VIDEO_RECORDING,2025-11-18T11:48:27.064291
2025-11-18 11:48:24.659886,150,69,HandType.Left,0.7469562292098999,-203.0262908935547,145.97476196289062,-32.38090896606445,0.9756893515586853,-0.2127290517091751,0.052693817764520645,10.456968307495117,4.8720784187316895,12.960841178894043,0.19734053313732147,0.13910670578479767,64.71048736572266,0,1,0,0,1,-136.24331665039062,152.7710723876953,-25.02126693725586,-166.99929809570312,170.5399169921875,-79.1117935180664,grab,12,2025-11-18T11:48:24.659886,my_hand_data\videos\grab_seq12_20251118_114822_982505.avi,89.70743042900611,360,90,HIGH,VIDEO_RECORDING,2025-11-18T11:48:27.064291
2025-11-18 11:48:24.675595,151,69,HandType.Left,0.7462491393089294,-202.8014373779297,146.1094512939453,-32.05900192260742,0.9766006469726562,-0.20826928317546844,0.05362009257078171,10.57150650024414,4.743485927581787,15.271377563476562,0.19531136751174927,0.14072811603546143,64.61837005615234,0,1,0,0,1,-136.0454864501953,152.88511657714844,-24.812055587768555,-166.81414794921875,170.94737243652344,-78.68763732910156,grab,12,2025-11-18T11:48:24.675595,my_hand_data\videos\grab_seq12_20251118_114822_982505.avi,89.70743042900611,360,90,HIGH,VIDEO_RECORDING,2025-11-18T11:48:27.064291
2025-11-18 11:48:24.691357,152,69,HandType.Left,0.7461008429527283,-202.71923828125,146.2062225341797,-31.931880950927734,0.9771572947502136,-0.20516535639762878,0.05541437491774559,7.318089485168457,8.616198539733887,11.318757057189941,0.20028473436832428,0.1416230946779251,64.56727600097656,0,1,0,0,1,-135.96072387695312,152.9920196533203,-24.722196578979492,-166.78456115722656,171.193115234375,-78.45806884765625,grab,12,2025-11-18T11:48:24.691357,my_hand_data\videos\grab_seq12_20251118_114822_982505.avi,89.70743042900611,360,90,HIGH,VIDEO_RECORDING,2025-11-18T11:48:27.064291
2025-11-18 11:48:24.691357,153,69,HandType.Left,0.7463405132293701,-202.72671508789062,146.38470458984375,-31.836942672729492,0.977688193321228,-0.20230510830879211,0.05655459687113762,-0.6749576330184937,16.11874008178711,8.573827743530273,0.20244885981082916,0.14127102494239807,64.60647583007812,0,1,0,0,1,-135.9646759033203,153.2164764404297,-24.63599395751953,-166.8878173828125,171.53982543945312,-78.32035827636719,grab,12,2025-11-18T11:48:24.691357,my_hand_data\videos\grab_seq12_20251118_114822_982505.avi,89.70743042900611,360,90,HIGH,VIDEO_RECORDING,2025-11-18T11:48:27.064291
2025-11-18 11:48:24.707212,154,69,HandType.Left,0.7463259100914001,-202.71206665039062,146.58456420898438,-31.75522804260254,0.9782831072807312,-0.19885315001010895,0.05847678706049919,1.289030909538269,17.57430076599121,7.185523986816406,0.2021600753068924,0.1417146474123001,64.6820068359375,0,1,0,0,1,-135.95068359375,153.49395751953125,-24.571321487426758,-167.03976440429688,171.93453979492188,-78.21063232421875,grab,12,2025-11-18T11:48:24.707212,my_hand_data\videos\grab_seq12_20251118_114822_982505.avi,89.70743042900611,360,90,HIGH,VIDEO_RECORDING,2025-11-18T11:48:27.064291
2025-11-18 11:48:24.723001,155,69,HandType.Left,0.7464209794998169,-202.74319458007812,146.83103942871094,-31.694334030151367,0.9791988134384155,-0.1937381476163864,0.06029267981648445,-2.8589887619018555,22.63760757446289,5.5928425788879395,0.20367905497550964,0.14323358237743378,64.75496673583984,0,1,0,0,1,-135.98460388183594,153.84225463867188,-24.5262393951416,-167.20501708984375,172.40505981445312,-78.13513946533203,grab,12,2025-11-18T11:48:24.723001,my_hand_data\videos\grab_seq12_20251118_114822_982505.avi,89.70743042900611,360,90,HIGH,VIDEO_RECORDING,2025-11-18T11:48:27.064291
2025-11-18 11:48:24.723001,156,69,HandType.Left,0.7464209794998169,-202.74319458007812,146.83103942871094,-31.694334030151367,0.9791988134384155,-0.1937381476163864,0.06029267981648445,-2.8589887619018555,22.63760757446289,5.5928425788879395,0.20367905497550964,0.14323358237743378,64.75496673583984,0,1,0,0,1,-135.98460388183594,153.84225463867188,-24.5262393951416,-167.20501708984375,172.40505981445312,-78.13513946533203,grab,12,2025-11-18T11:48:24.723001,my_hand_data\videos\grab_seq12_20251118_114822_982505.avi,89.70743042900611,360,90,HIGH,VIDEO_RECORDING,2025-11-18T11:48:27.064291
2025-11-18 11:48:24.738888,157,69,HandType.Left,0.7463607788085938,-202.8144073486328,147.10150146484375,-31.597637176513672,0.979888379573822,-0.18979188799858093,0.061625901609659195,-6.451484680175781,24.50275993347168,8.760276794433594,0.20390640199184418,0.1459054946899414,64.74797821044922,0,1,0,0,1,-136.1042022705078,154.3355255126953,-24.43194007873535,-167.3955841064453,172.8124237060547,-78.02069091796875,grab,12,2025-11-18T11:48:24.738888,my_hand_data\videos\grab_seq12_20251118_114822_982505.avi,89.70743042900611,360,90,HIGH,VIDEO_RECORDING,2025-11-18T11:48:27.064291
2025-11-18 11:48:24.754711,158,69,HandType.Left,0.7468658089637756,-203.07489013671875,147.80926513671875,-31.4443359375,0.9814423322677612,-0.18079815804958344,0.06389839202165604,-20.466548919677734,35.46266555786133,11.88598346710205,0.20693708956241608,0.15113571286201477,64.64564514160156,0,1,0,0,1,-136.48828125,155.6276397705078,-24.2744197845459,-167.8477325439453,173.89144897460938,-77.77281188964844,grab,12,2025-11-18T11:48:24.754711,my_hand_data\videos\grab_seq12_20251118_114822_982505.avi,89.70743042900611,360,90,HIGH,VIDEO_RECORDING,2025-11-18T11:48:27.064291
2025-11-18 11:48:24.754711,159,69,HandType.Left,0.7467208504676819,-203.27159118652344,148.20468139648438,-31.32782745361328,0.9822481870651245,-0.1758137345314026,0.06540682911872864,-17.396427154541016,34.97190856933594,10.304189682006836,0.21054530143737793,0.1559608280658722,64.43270111083984,0,1,0,0,1,-136.7433624267578,156.4351348876953,-24.170719146728516,-168.04345703125,174.3631134033203,-77.56046295166016,grab,12,2025-11-18T11:48:24.754711,my_hand_data\videos\grab_seq12_20251118_114822_982505.avi,89.70743042900611,360,90,HIGH,VIDEO_RECORDING,2025-11-18T11:48:27.064291
2025-11-18 11:48:24.770620,160,69,HandType.Left,0.7467225193977356,-203.346923828125,148.50881958007812,-31.220773696899414,0.9834635257720947,-0.1673406958580017,0.0692574605345726,-6.929762840270996,27.97722816467285,9.847540855407715,0.21034139394760132,0.15840069949626923,64.42423248291016,0,1,0,0,1,-136.8801727294922,157.1541290283203,-24.057472229003906,-168.2286834716797,175.10092163085938,-77.40225219726562,grab,12,2025-11-18T11:48:24.770620,my_hand_data\videos\grab_seq12_20251118_114822_982505.avi,89.70743042900611,360,90,HIGH,VIDEO_RECORDING,2025-11-18T11:48:27.064291
2025-11-18 11:48:24.786517,161,69,HandType.Left,0.7464162707328796,-203.45155334472656,148.8627471923828,-31.10548973083496,0.9841405153274536,-0.1622871309518814,0.07162673026323318,-9.523386001586914,32.21247482299805,10.492782592773438,0.20591337978839874,0.16122552752494812,64.4127197265625,0,1,0,0,1,-136.9652557373047,157.7984619140625,-23.91938591003418,-168.35643005371094,175.5493927001953,-77.29070281982422,grab,12,2025-11-18T11:48:24.786517,my_hand_data\videos\grab_seq12_20251118_114822_982505.avi,89.70743042900611,360,90,HIGH,VIDEO_RECORDING,2025-11-18T11:48:27.064291
2025-11-18 11:48:24.790591,162,69,HandType.Left,0.7464162707328796,-203.45155334472656,148.8627471923828,-31.10548973083496,0.9841405153274536,-0.1622871309518814,0.07162673026323318,-9.523386001586914,32.21247482299805,10.492782592773438,0.20591337978839874,0.16122552752494812,64.4127197265625,0,1,0,0,1,-136.9652557373047,157.7984619140625,-23.91938591003418,-168.35643005371094,175.5493927001953,-77.29070281982422,grab,12,2025-11-18T11:48:24.790591,my_hand_data\videos\grab_seq12_20251118_114822_982505.avi,89.70743042900611,360,90,HIGH,VIDEO_RECORDING,2025-11-18T11:48:27.064291
2025-11-18 11:48:24.818123,163,69,HandType.Left,0.7434618473052979,-203.48423767089844,149.81431579589844,-30.857463836669922,0.9872839450836182,-0.13426633179187775,0.08510555326938629,-2.664663553237915,34.30789566040039,7.383813381195068,0.1886550486087799,0.16655781865119934,64.71753692626953,0,1,0,0,1,-137.00021362304688,160.1782684326172,-23.496456146240234,-168.829345703125,177.66976928710938,-77.06243133544922,grab,12,2025-11-18T11:48:24.818123,my_hand_data\videos\grab_seq12_20251118_114822_982505.avi,89.70743042900611,360,90,HIGH,VIDEO_RECORDING,2025-11-18T11:48:27.064291
2025-11-18 11:48:24.818123,164,69,HandType.Left,0.7434618473052979,-203.48423767089844,149.81431579589844,-30.857463836669922,0.9872839450836182,-0.13426633179187775,0.08510555326938629,-2.664663553237915,34.30789566040039,7.383813381195068,0.1886550486087799,0.16655781865119934,64.71753692626953,0,1,0,0,1,-137.00021362304688,160.1782684326172,-23.496456146240234,-168.829345703125,177.66976928710938,-77.06243133544922,grab,12,2025-11-18T11:48:24.818123,my_hand_data\videos\grab_seq12_20251118_114822_982505.avi,89.70743042900611,360,90,HIGH,VIDEO_RECORDING,2025-11-18T11:48:27.064291
2025-11-18 11:48:24.824979,165,69,HandType.Left,0.7428485155105591,-203.5839385986328,150.2235565185547,-30.747547149658203,0.9880526065826416,-0.12615028023719788,0.08853355050086975,-8.837761878967285,36.2745361328125,9.742518424987793,0.17977379262447357,0.17020733654499054,64.61784362792969,0,1,0,0,1,-137.254638671875,161.15553283691406,-23.399856567382812,-168.9840087890625,178.2575225830078,-77.0303955078125,grab,12,2025-11-18T11:48:24.824979,my_hand_data\videos\grab_seq12_20251118_114822_982505.avi,89.70743042900611,360,90,HIGH,VIDEO_RECORDING,2025-11-18T11:48:27.064291
2025-11-18 11:48:24.850056,166,69,HandType.Left,0.7427261471748352,-203.75814819335938,151.03143310546875,-30.51532745361328,0.9889123439788818,-0.11431585997343063,0.0947854071855545,-8.516216278076172,34.44388961791992,12.134416580200195,0.16655582189559937,0.16854624450206757,65.08129119873047,0,1,0,0,1,-137.75608825683594,162.65328979492188,-23.241666793823242,-169.71829223632812,179.85719299316406,-77.26034545898438,grab,12,2025-11-18T11:48:24.850056,my_hand_data\videos\grab_seq12_20251118_114822_982505.avi,89.70743042900611,360,90,HIGH,VIDEO_RECORDING,2025-11-18T11:48:27.064291
2025-11-18 11:48:24.850056,167,69,HandType.Left,0.7427261471748352,-203.75814819335938,151.03143310546875,-30.51532745361328,0.9889123439788818,-0.11431585997343063,0.0947854071855545,-8.516216278076172,34.44388961791992,12.134416580200195,0.16655582189559937,0.16854624450206757,65.08129119873047,0,1,0,0,1,-137.75608825683594,162.65328979492188,-23.241666793823242,-169.71829223632812,179.85719299316406,-77.26034545898438,grab,12,2025-11-18T11:48:24.850056,my_hand_data\videos\grab_seq12_20251118_114822_982505.avi,89.70743042900611,360,90,HIGH,VIDEO_RECORDING,2025-11-18T11:48:27.064291
2025-11-18 11:48:24.850056,168,69,HandType.Left,0.7425521612167358,-203.84580993652344,151.4047088623047,-30.381776809692383,0.9891889095306396,-0.1092599555850029,0.09781376272439957,-8.137460708618164,34.65107727050781,12.397872924804688,0.158650204539299,0.16779181361198425,65.32295227050781,0,1,0,0,1,-137.91835021972656,163.10446166992188,-23.187774658203125,-170.08670043945312,180.50437927246094,-77.3128890991211,grab,12,2025-11-18T11:48:24.850056,my_hand_data\videos\grab_seq12_20251118_114822_982505.avi,89.70743042900611,360,90,HIGH,VIDEO_RECORDING,2025-11-18T11:48:27.064291
2025-11-18 11:48:24.882190,169,69,HandType.Left,0.7429553270339966,-204.1555938720703,152.21063232421875,-30.026578903198242,0.989594042301178,-0.10373783111572266,0.0997098907828331,-16.212818145751953,39.410247802734375,14.812641143798828,0.1488099843263626,0.17203782498836517,65.3254623413086,0,1,0,0,1,-138.38101196289062,164.0711669921875,-23.284982681274414,-170.60128784179688,181.52059936523438,-77.36628723144531,grab,12,2025-11-18T11:48:24.882190,my_hand_data\videos\grab_seq12_20251118_114822_982505.avi,89.70743042900611,360,90,HIGH,VIDEO_RECORDING,2025-11-18T11:48:27.064291
2025-11-18 11:48:24.885165,170,69,HandType.Left,0.7429553270339966,-204.1555938720703,152.21063232421875,-30.026578903198242,0.989594042301178,-0.10373783111572266,0.0997098907828331,-16.212818145751953,39.410247802734375,14.812641143798828,0.1488099843263626,0.17203782498836517,65.3254623413086,0,1,0,0,1,-138.38101196289062,164.0711669921875,-23.284982681274414,-170.60128784179688,181.52059936523438,-77.36628723144531,grab,12,2025-11-18T11:48:24.885165,my_hand_data\videos\grab_seq12_20251118_114822_982505.avi,89.70743042900611,360,90,HIGH,VIDEO_RECORDING,2025-11-18T11:48:27.064291
2025-11-18 11:48:24.885165,171,69,HandType.Left,0.7429553270339966,-204.1555938720703,152.21063232421875,-30.026578903198242,0.989594042301178,-0.10373783111572266,0.0997098907828331,-16.212818145751953,39.410247802734375,14.812641143798828,0.1488099843263626,0.17203782498836517,65.3254623413086,0,1,0,0,1,-138.38101196289062,164.0711669921875,-23.284982681274414,-170.60128784179688,181.52059936523438,-77.36628723144531,grab,12,2025-11-18T11:48:24.885165,my_hand_data\videos\grab_seq12_20251118_114822_982505.avi,89.70743042900611,360,90,HIGH,VIDEO_RECORDING,2025-11-18T11:48:27.064291
2025-11-18 11:48:24.913762,172,69,HandType.Left,0.7423027753829956,-204.44622802734375,153.01718139648438,-29.748809814453125,0.9896941781044006,-0.1006346270442009,0.10187317430973053,-10.516691207885742,33.625484466552734,10.925501823425293,0.13597729802131653,0.16874690353870392,65.93771362304688,0,1,0,0,1,-138.9445037841797,165.0152587890625,-23.315034866333008,-171.39466857910156,182.9763946533203,-77.83261108398438,grab,12,2025-11-18T11:48:24.913762,my_hand_data\videos\grab_seq12_20251118_114822_982505.avi,89.70743042900611,360,90,HIGH,VIDEO_RECORDING,2025-11-18T11:48:27.064291
2025-11-18 11:48:24.913762,173,69,HandType.Left,0.7422649264335632,-204.5713348388672,153.31251525878906,-29.60763931274414,0.9897467494010925,-0.09899669885635376,0.10296142101287842,-11.482332229614258,27.10712432861328,12.95741081237793,0.12957540154457092,0.16378706693649292,65.99793243408203,0,1,0,0,1,-139.14601135253906,165.40023803710938,-23.33491325378418,-171.54898071289062,183.395751953125,-77.9420166015625,grab,12,2025-11-18T11:48:24.913762,my_hand_data\videos\grab_seq12_20251118_114822_982505.avi,89.70743042900611,360,90,HIGH,VIDEO_RECORDING,2025-11-18T11:48:27.064291
2025-11-18 11:48:24.929822,174,69,HandType.Left,0.7419925928115845,-204.75631713867188,153.64031982421875,-29.522550582885742,0.9898070693016052,-0.09698972851037979,0.10428322851657867,-16.409570693969727,29.07831382751465,7.5479631423950195,0.12052047252655029,0.15824085474014282,66.09143829345703,0,1,0,0,1,-139.33375549316406,165.739990234375,-23.406496047973633,-171.7227325439453,183.7947998046875,-78.11532592773438,grab,12,2025-11-18T11:48:24.929822,my_hand_data\videos\grab_seq12_20251118_114822_982505.avi,89.70743042900611,360,90,HIGH,VIDEO_RECORDING,2025-11-18T11:48:27.064291
2025-11-18 11:48:24.933679,175,69,HandType.Left,0.7419925928115845,-204.75631713867188,153.64031982421875,-29.522550582885742,0.9898070693016052,-0.09698972851037979,0.10428322851657867,-16.409570693969727,29.07831382751465,7.5479631423950195,0.12052047252655029,0.15824085474014282,66.09143829345703,0,1,0,0,1,-139.33375549316406,165.739990234375,-23.406496047973633,-171.7227325439453,183.7947998046875,-78.11532592773438,grab,12,2025-11-18T11:48:24.933679,my_hand_data\videos\grab_seq12_20251118_114822_982505.avi,89.70743042900611,360,90,HIGH,VIDEO_RECORDING,2025-11-18T11:48:27.064291
2025-11-18 11:48:24.961649,176,69,HandType.Left,0.7413929104804993,-205.33255004882812,154.4464569091797,-29.488332748413086,0.9901052713394165,-0.08991794288158417,0.10773258656263351,-13.018708229064941,17.309675216674805,2.0284998416900635,0.1028955802321434,0.1463046669960022,66.42687225341797,0,1,0,0,1,-139.8995819091797,166.56854248046875,-23.719985961914062,-172.5802459716797,184.96978759765625,-78.54605102539062,grab,12,2025-11-18T11:48:24.961649,my_hand_data\videos\grab_seq12_20251118_114822_982505.avi,89.70743042900611,360,90,HIGH,VIDEO_RECORDING,2025-11-18T11:48:27.064291
2025-11-18 11:48:24.965415,177,69,HandType.Left,0.7413929104804993,-205.33255004882812,154.4464569091797,-29.488332748413086,0.9901052713394165,-0.08991794288158417,0.10773258656263351,-13.018708229064941,17.309675216674805,2.0284998416900635,0.1028955802321434,0.1463046669960022,66.42687225341797,0,1,0,0,1,-139.8995819091797,166.56854248046875,-23.719985961914062,-172.5802459716797,184.96978759765625,-78.54605102539062,grab,12,2025-11-18T11:48:24.965415,my_hand_data\videos\grab_seq12_20251118_114822_982505.avi,89.70743042900611,360,90,HIGH,VIDEO_RECORDING,2025-11-18T11:48:27.064291
2025-11-18 11:48:24.965415,178,69,HandType.Left,0.7407932281494141,-205.39137268066406,154.55967712402344,-29.50504493713379,0.9901375770568848,-0.0882749930024147,0.10878951102495193,-5.316213130950928,10.233919143676758,-1.5106873512268066,0.09985020011663437,0.1441117376089096,66.48036193847656,0,1,0,0,1,-139.9884490966797,166.72276306152344,-23.806476593017578,-172.7759552001953,185.08621215820312,-78.64625549316406,grab,12,2025-11-18T11:48:24.965415,my_hand_data\videos\grab_seq12_20251118_114822_982505.avi,89.70743042900611,360,90,HIGH,VIDEO_RECORDING,2025-11-18T11:48:27.064291
2025-11-18 11:48:24.993462,179,69,HandType.Left,0.7400491237640381,-205.47393798828125,154.64764404296875,-29.529125213623047,0.9902375340461731,-0.08604317903518677,0.10966403037309647,-6.905328750610352,7.357558250427246,-2.013857126235962,0.09698624163866043,0.14135433733463287,66.58056640625,0,1,0,0,1,-140.07740783691406,166.8680419921875,-23.89552879333496,-173.01071166992188,185.21617126464844,-78.77462768554688,grab,12,2025-11-18T11:48:24.993462,my_hand_data\videos\grab_seq12_20251118_114822_982505.avi,89.70743042900611,360,90,HIGH,VIDEO_RECORDING,2025-11-18T11:48:27.064291
2025-11-18 11:48:24.997575,180,69,HandType.Left,0.739235520362854,-205.5628204345703,154.6986846923828,-29.537296295166016,0.9903072118759155,-0.08409115672111511,0.11054550111293793,-8.671186447143555,4.978979110717773,-0.7971261739730835,0.09387122094631195,0.14140306413173676,66.77323150634766,0,1,0,0,1,-140.18296813964844,167.00601196289062,-23.969139099121094,-173.35281372070312,185.35885620117188,-78.9382095336914,grab,12,2025-11-18T11:48:24.997575,my_hand_data\videos\grab_seq12_20251118_114822_982505.avi,89.70743042900611,360,90,HIGH,VIDEO_RECORDING,2025-11-18T11:48:27.064291
2025-11-18 11:48:25.007714,181,69,HandType.Left,0.7390957474708557,-205.58688354492188,154.6758270263672,-29.569923400878906,0.9902998805046082,-0.0822981745004654,0.11195167154073715,-2.1105926036834717,-2.005521774291992,-2.8618574142456055,0.09047278016805649,0.1416214257478714,66.78559875488281,0,1,0,0,1,-140.22079467773438,167.07305908203125,-24.06256103515625,-173.4359588623047,185.31483459472656,-79.05625915527344,grab,12,2025-11-18T11:48:25.007714,my_hand_data\videos\grab_seq12_20251118_114822_982505.avi,89.70743042900611,360,90,HIGH,VIDEO_RECORDING,2025-11-18T11:48:27.064291
2025-11-18 11:48:25.016193,182,69,HandType.Left,0.7386082410812378,-205.6394500732422,154.64654541015625,-29.63160514831543,0.9904753565788269,-0.07821496576070786,0.11331813037395477,-4.865530014038086,-2.708557367324829,-5.708122730255127,0.08855008333921432,0.14076387882232666,66.78831481933594,0,1,0,0,1,-140.298095703125,167.11656188964844,-24.168363571166992,-173.58587646484375,185.31430053710938,-79.13603210449219,grab,12,2025-11-18T11:48:25.016193,my_hand_data\videos\grab_seq12_20251118_114822_982505.avi,89.70743042900611,360,90,HIGH,VIDEO_RECORDING,2025-11-18T11:48:27.064291
2025-11-18 11:48:25.041203,183,69,HandType.Left,0.7378191947937012,-205.669677734375,154.540283203125,-29.83773422241211,0.9908747673034668,-0.07024921476840973,0.11503150314092636,-1.064489483833313,-4.685538291931152,-9.682122230529785,0.08810654282569885,0.14017455279827118,66.7342758178711,0,1,0,0,1,-140.47227478027344,167.23683166503906,-24.45166778564453,-173.80856323242188,185.34201049804688,-79.3548355102539,grab,12,2025-11-18T11:48:25.041203,my_hand_data\videos\grab_seq12_20251118_114822_982505.avi,89.70743042900611,360,90,HIGH,VIDEO_RECORDING,2025-11-18T11:48:27.064291
2025-11-18 11:48:25.043212,184,69,HandType.Left,0.7378191947937012,-205.669677734375,154.540283203125,-29.83773422241211,0.9908747673034668,-0.07024921476840973,0.11503150314092636,-1.064489483833313,-4.685538291931152,-9.682122230529785,0.08810654282569885,0.14017455279827118,66.7342758178711,0,1,0,0,1,-140.47227478027344,167.23683166503906,-24.45166778564453,-173.80856323242188,185.34201049804688,-79.3548355102539,grab,12,2025-11-18T11:48:25.043212,my_hand_data\videos\grab_seq12_20251118_114822_982505.avi,89.70743042900611,360,90,HIGH,VIDEO_RECORDING,2025-11-18T11:48:27.064291
2025-11-18 11:48:25.043212,185,69,HandType.Left,0.7380249500274658,-205.7749786376953,154.5653076171875,-29.88984489440918,0.9909995794296265,-0.06799828261137009,0.11530882865190506,-9.4267578125,2.2399585247039795,-4.66485595703125,0.08676537871360779,0.14085012674331665,66.71701049804688,0,1,0,0,1,-140.6091766357422,167.321533203125,-24.556760787963867,-173.9941864013672,185.4332733154297,-79.40715026855469,grab,12,2025-11-18T11:48:25.043212,my_hand_data\videos\grab_seq12_20251118_114822_982505.avi,89.70743042900611,360,90,HIGH,VIDEO_RECORDING,2025-11-18T11:48:27.064291
2025-11-18 11:48:25.072858,186,69,HandType.Left,0.7380210757255554,-206.0467529296875,154.78102111816406,-29.98271369934082,0.9912253022193909,-0.06500228494405746,0.11509598791599274,-12.501779556274414,11.225858688354492,-3.1920559406280518,0.0855235904455185,0.14534081518650055,66.69005584716797,0,1,0,0,1,-140.94203186035156,167.61631774902344,-24.73375701904297,-174.44207763671875,185.73861694335938,-79.4776382446289,grab,12,2025-11-18T11:48:25.072858,my_hand_data\videos\grab_seq12_20251118_114822_982505.avi,89.70743042900611,360,90,HIGH,VIDEO_RECORDING,2025-11-18T11:48:27.064291
2025-11-18 11:48:25.077960,187,69,HandType.Left,0.7380210757255554,-206.0467529296875,154.78102111816406,-29.98271369934082,0.9912253022193909,-0.06500228494405746,0.11509598791599274,-12.501779556274414,11.225858688354492,-3.1920559406280518,0.0855235904455185,0.14534081518650055,66.69005584716797,0,1,0,0,1,-140.94203186035156,167.61631774902344,-24.73375701904297,-174.44207763671875,185.73861694335938,-79.4776382446289,grab,12,2025-11-18T11:48:25.077960,my_hand_data\videos\grab_seq12_20251118_114822_982505.avi,89.70743042900611,360,90,HIGH,VIDEO_RECORDING,2025-11-18T11:48:27.064291
2025-11-18 11:48:25.077960,188,69,HandType.Left,0.7380210757255554,-206.0467529296875,154.78102111816406,-29.98271369934082,0.9912253022193909,-0.06500228494405746,0.11509598791599274,-12.501779556274414,11.225858688354492,-3.1920559406280518,0.0855235904455185,0.14534081518650055,66.69005584716797,0,1,0,0,1,-140.94203186035156,167.61631774902344,-24.73375701904297,-174.44207763671875,185.73861694335938,-79.4776382446289,grab,12,2025-11-18T11:48:25.077960,my_hand_data\videos\grab_seq12_20251118_114822_982505.avi,89.70743042900611,360,90,HIGH,VIDEO_RECORDING,2025-11-18T11:48:27.064291
2025-11-18 11:48:25.104783,189,69,HandType.Left,0.7375833988189697,-206.2752685546875,154.95530700683594,-29.986083984375,0.9914523959159851,-0.06289756298065186,0.11430680006742477,-10.342706680297852,7.110287189483643,1.3536032438278198,0.08693220466375351,0.14648805558681488,66.5758285522461,0,1,0,0,1,-141.2342071533203,167.90667724609375,-24.81822395324707,-174.72006225585938,185.93576049804688,-79.46244049072266,grab,12,2025-11-18T11:48:25.104783,my_hand_data\videos\grab_seq12_20251118_114822_982505.avi,89.70743042900611,360,90,HIGH,VIDEO_RECORDING,2025-11-18T11:48:27.064291
2025-11-18 11:48:25.104783,190,69,HandType.Left,0.7373654842376709,-206.38385009765625,155.05162048339844,-29.98756217956543,0.9915421009063721,-0.062115784734487534,0.11395581066608429,-9.999736785888672,8.868721961975098,-0.1360149085521698,0.08680365234613419,0.14753662049770355,66.48296356201172,0,1,0,0,1,-141.3566131591797,168.01463317871094,-24.85071563720703,-174.8250274658203,185.99391174316406,-79.40889739990234,grab,12,2025-11-18T11:48:25.104783,my_hand_data\videos\grab_seq12_20251118_114822_982505.avi,89.70743042900611,360,90,HIGH,VIDEO_RECORDING,2025-11-18T11:48:27.064291
2025-11-18 11:48:25.104783,191,69,HandType.Left,0.7373910546302795,-206.4776153564453,155.14268493652344,-30.002147674560547,0.9915894865989685,-0.061574578285217285,0.11383693665266037,-8.472744941711426,8.229681968688965,-1.318146824836731,0.08717671781778336,0.14858129620552063,66.39793395996094,0,1,0,0,1,-141.4589385986328,168.11387634277344,-24.87753677368164,-174.89772033691406,186.0303192138672,-79.3709716796875,grab,12,2025-11-18T11:48:25.104783,my_hand_data\videos\grab_seq12_20251118_114822_982505.avi,89.70743042900611,360,90,HIGH,VIDEO_RECORDING,2025-11-18T11:48:27.064291
2025-11-18 11:48:25.136797,192,69,HandType.Left,0.7376275658607483,-206.55955505371094,155.23220825195312,-30.029508590698242,0.99163419008255,-0.060720592737197876,0.11390634626150131,-7.309875011444092,7.985616207122803,-2.4406280517578125,0.08756492286920547,0.14859576523303986,66.35064697265625,0,1,0,0,1,-141.55816650390625,168.21327209472656,-24.911211013793945,-174.9810333251953,186.10826110839844,-79.36384582519531,grab,12,2025-11-18T11:48:25.136797,my_hand_data\videos\grab_seq12_20251118_114822_982505.avi,89.70743042900611,360,90,HIGH,VIDEO_RECORDING,2025-11-18T11:48:27.064291
2025-11-18 11:48:25.139647,193,69,HandType.Left,0.7372809052467346,-206.6577606201172,155.30992126464844,-30.04926872253418,0.9917017221450806,-0.06000607833266258,0.11369668692350388,-8.818870544433594,6.9789652824401855,-1.7746717929840088,0.08824076503515244,0.1499163657426834,66.25298309326172,0,1,0,0,1,-141.67567443847656,168.34339904785156,-24.932470321655273,-175.06246948242188,186.175537109375,-79.30888366699219,grab,12,2025-11-18T11:48:25.139647,my_hand_data\videos\grab_seq12_20251118_114822_982505.avi,89.70743042900611,360,90,HIGH,VIDEO_RECORDING,2025-11-18T11:48:27.064291
2025-11-18 11:48:25.139647,194,69,HandType.Left,0.7369352579116821,-206.7935791015625,155.38829040527344,-30.066631317138672,0.9917635917663574,-0.05897703021764755,0.11369580775499344,-12.515177726745605,7.2217326164245605,-1.599751591682434,0.08862679451704025,0.15144914388656616,66.15277862548828,0,1,0,0,1,-141.8300323486328,168.46913146972656,-24.946449279785156,-175.19021606445312,186.2572479248047,-79.2315444946289,grab,12,2025-11-18T11:48:25.139647,my_hand_data\videos\grab_seq12_20251118_114822_982505.avi,89.70743042900611,360,90,HIGH,VIDEO_RECORDING,2025-11-18T11:48:27.064291
2025-11-18 11:48:25.168795,195,69,HandType.Left,0.7367849946022034,-206.94825744628906,155.4900665283203,-30.064279556274414,0.9918220639228821,-0.058469656854867935,0.11344721168279648,-13.4456148147583,8.846460342407227,0.20444552600383759,0.08959561586380005,0.1533897966146469,66.04601287841797,0,1,0,0,1,-142.0105438232422,168.6161346435547,-24.950008392333984,-175.333740234375,186.32534790039062,-79.15354919433594,grab,12,2025-11-18T11:48:25.168795,my_hand_data\videos\grab_seq12_20251118_114822_982505.avi,89.70743042900611,360,90,HIGH,VIDEO_RECORDING,2025-11-18T11:48:27.064291
2025-11-18 11:48:25.168795,196,69,HandType.Left,0.736538290977478,-207.11184692382812,155.60116577148438,-30.061555862426758,0.9918412566184998,-0.05840367078781128,0.1133134588599205,-15.204073905944824,10.326923370361328,0.25318101048469543,0.09165719896554947,0.15522341430187225,65.98259735107422,0,1,0,0,1,-142.1996307373047,168.76611328125,-24.948856353759766,-175.50131225585938,186.42247009277344,-79.1056137084961,grab,12,2025-11-18T11:48:25.168795,my_hand_data\videos\grab_seq12_20251118_114822_982505.avi,89.70743042900611,360,90,HIGH,VIDEO_RECORDING,2025-11-18T11:48:27.064291
2025-11-18 11:48:25.184785,197,69,HandType.Left,0.7358942031860352,-207.29208374023438,155.72669982910156,-30.063215255737305,0.9918601512908936,-0.058323025703430176,0.11318975687026978,-15.807214736938477,11.009383201599121,-0.14552123844623566,0.0929485633969307,0.15779289603233337,65.9309310913086,0,1,0,0,1,-142.40274047851562,168.9156036376953,-24.963642120361328,-175.6940460205078,186.53604125976562,-79.07553100585938,grab,12,2025-11-18T11:48:25.184785,my_hand_data\videos\grab_seq12_20251118_114822_982505.avi,89.70743042900611,360,90,HIGH,VIDEO_RECORDING,2025-11-18T11:48:27.064291
2025-11-18 11:48:25.200710,198,69,HandType.Left,0.7358251214027405,-207.46066284179688,155.8398895263672,-30.068696975708008,0.9918798804283142,-0.05831426382064819,0.1130211129784584,-14.988045692443848,10.06381893157959,-0.4874981641769409,0.09426675736904144,0.16004520654678345,65.88825988769531,0,1,0,0,1,-142.60491943359375,169.07957458496094,-24.98877716064453,-175.8739471435547,186.65811157226562,-79.07601928710938,grab,12,2025-11-18T11:48:25.200710,my_hand_data\videos\grab_seq12_20251118_114822_982505.avi,89.70743042900611,360,90,HIGH,VIDEO_RECORDING,2025-11-18T11:48:27.064291
2025-11-18 11:48:25.200710,199,69,HandType.Left,0.7356497645378113,-207.63710021972656,155.9820556640625,-30.079832077026367,0.9919590950012207,-0.05802309513092041,0.11247439682483673,-16.523347854614258,13.31403636932373,-1.0428067445755005,0.09537506103515625,0.16256894171237946,65.9332275390625,0,1,0,0,1,-142.79205322265625,169.26205444335938,-25.027488708496094,-176.14492797851562,186.86585998535156,-79.10967254638672,grab,12,2025-11-18T11:48:25.200710,my_hand_data\videos\grab_seq12_20251118_114822_982505.avi,89.70743042900611,360,90,HIGH,VIDEO_RECORDING,2025-11-18T11:48:27.064291
2025-11-18 11:48:25.216696,200,69,HandType.Left,0.7356245517730713,-207.80027770996094,156.1506805419922,-30.10165786743164,0.9919887185096741,-0.057778678834438324,0.11233898252248764,-14.226150512695312,14.700859069824219,-1.9027111530303955,0.09591196477413177,0.16573189198970795,65.95349884033203,0,1,0,0,1,-143.0069580078125,169.5048370361328,-25.08843421936035,-176.41180419921875,187.1142120361328,-79.16144561767578,grab,12,2025-11-18T11:48:25.216696,my_hand_data\videos\grab_seq12_20251118_114822_982505.avi,89.70743042900611,360,90,HIGH,VIDEO_RECORDING,2025-11-18T11:48:27.064291
2025-11-18 11:48:25.232495,201,69,HandType.Left,0.7351241707801819,-207.9319610595703,156.27088928222656,-30.117881774902344,0.9920346736907959,-0.05685597285628319,0.11240384727716446,-12.320035934448242,11.246249198913574,-1.5178709030151367,0.09616740792989731,0.1692047268152237,65.92530059814453,0,1,0,0,1,-143.17112731933594,169.6997528076172,-25.146821975708008,-176.60037231445312,187.29530334472656,-79.17484283447266,grab,12,2025-11-18T11:48:25.232495,my_hand_data\videos\grab_seq12_20251118_114822_982505.avi,89.70743042900611,360,90,HIGH,VIDEO_RECORDING,2025-11-18T11:48:27.064291
2025-11-18 11:48:25.239313,202,69,HandType.Left,0.7351241707801819,-207.9319610595703,156.27088928222656,-30.117881774902344,0.9920346736907959,-0.05685597285628319,0.11240384727716446,-12.320035934448242,11.246249198913574,-1.5178709030151367,0.09616740792989731,0.1692047268152237,65.92530059814453,0,1,0,0,1,-143.17112731933594,169.6997528076172,-25.146821975708008,-176.60037231445312,187.29530334472656,-79.17484283447266,grab,12,2025-11-18T11:48:25.239313,my_hand_data\videos\grab_seq12_20251118_114822_982505.avi,89.70743042900611,360,90,HIGH,VIDEO_RECORDING,2025-11-18T11:48:27.064291
2025-11-18 11:48:25.264525,203,69,HandType.Left,0.7346096634864807,-208.074462890625,156.42637634277344,-30.222993850708008,0.9922168254852295,-0.05081743746995926,0.11368098109960556,-7.256328105926514,8.17911434173584,-4.685904502868652,0.10028903931379318,0.1804157793521881,65.8466796875,0,1,0,0,1,-143.61387634277344,170.2779083251953,-25.37986183166504,-177.08621215820312,187.88540649414062,-79.28128814697266,grab,12,2025-11-18T11:48:25.264525,my_hand_data\videos\grab_seq12_20251118_114822_982505.avi,89.70743042900611,360,90,HIGH,VIDEO_RECORDING,2025-11-18T11:48:27.064291
2025-11-18 11:48:25.264525,204,69,HandType.Left,0.7346096634864807,-208.074462890625,156.42637634277344,-30.222993850708008,0.9922168254852295,-0.05081743746995926,0.11368098109960556,-7.256328105926514,8.17911434173584,-4.685904502868652,0.10028903931379318,0.1804157793521881,65.8466796875,0,1,0,0,1,-143.61387634277344,170.2779083251953,-25.37986183166504,-177.08621215820312,187.88540649414062,-79.28128814697266,grab,12,2025-11-18T11:48:25.264525,my_hand_data\videos\grab_seq12_20251118_114822_982505.avi,89.70743042900611,360,90,HIGH,VIDEO_RECORDING,2025-11-18T11:48:27.064291
2025-11-18 11:48:25.264525,205,69,HandType.Left,0.7347275018692017,-208.2633514404297,156.60098266601562,-30.24761390686035,0.9922829866409302,-0.04907311871647835,0.11386945843696594,-17.245004653930664,15.941370010375977,-2.24778413772583,0.09996456652879715,0.18315911293029785,65.83432006835938,0,1,0,0,1,-143.84103393554688,170.5316619873047,-25.463594436645508,-177.37030029296875,188.1465606689453,-79.31209564208984,grab,12,2025-11-18T11:48:25.264525,my_hand_data\videos\grab_seq12_20251118_114822_982505.avi,89.70743042900611,360,90,HIGH,VIDEO_RECORDING,2025-11-18T11:48:27.064291
2025-11-18 11:48:25.280581,206,69,HandType.Left,0.7347275018692017,-208.2633514404297,156.60098266601562,-30.24761390686035,0.9922829866409302,-0.04907311871647835,0.11386945843696594,-17.245004653930664,15.941370010375977,-2.24778413772583,0.09996456652879715,0.18315911293029785,65.83432006835938,0,1,0,0,1,-143.84103393554688,170.5316619873047,-25.463594436645508,-177.37030029296875,188.1465606689453,-79.31209564208984,grab,12,2025-11-18T11:48:25.280581,my_hand_data\videos\grab_seq12_20251118_114822_982505.avi,89.70743042900611,360,90,HIGH,VIDEO_RECORDING,2025-11-18T11:48:27.064291
2025-11-18 11:48:25.296462,207,69,HandType.Left,0.734874427318573,-208.75807189941406,157.1170196533203,-30.352760314941406,0.9924411773681641,-0.045310139656066895,0.1140504702925682,-22.128549575805664,23.158658981323242,-5.267092227935791,0.10026660561561584,0.19189099967479706,65.76054382324219,0,1,0,0,1,-144.40504455566406,171.13450622558594,-25.658693313598633,-177.95901489257812,188.7703094482422,-79.39470672607422,grab,12,2025-11-18T11:48:25.296462,my_hand_data\videos\grab_seq12_20251118_114822_982505.avi,89.70743042900611,360,90,HIGH,VIDEO_RECORDING,2025-11-18T11:48:27.064291
2025-11-18 11:48:25.312448,208,69,HandType.Left,0.734544575214386,-208.97860717773438,157.35997009277344,-30.3995304107666,0.9925057888031006,-0.04423890635371208,0.11390841752290726,-20.500150680541992,22.584081649780273,-4.347395896911621,0.10006524622440338,0.1952267736196518,65.70186614990234,0,1,0,0,1,-144.7023468017578,171.46987915039062,-25.74317169189453,-178.23963928222656,189.0640106201172,-79.43145751953125,grab,12,2025-11-18T11:48:25.312448,my_hand_data\videos\grab_seq12_20251118_114822_982505.avi,89.70743042900611,360,90,HIGH,VIDEO_RECORDING,2025-11-18T11:48:27.064291
2025-11-18 11:48:25.312448,209,69,HandType.Left,0.7343688011169434,-209.24624633789062,157.57864379882812,-30.39967155456543,0.9925927519798279,-0.042944781482219696,0.1136460080742836,-23.183969497680664,18.94245719909668,-0.012149258516728878,0.0995866134762764,0.20130674540996552,65.63906860351562,0,1,0,0,1,-144.96456909179688,171.7720489501953,-25.81635093688965,-178.56443786621094,189.2996063232422,-79.41039276123047,grab,12,2025-11-18T11:48:25.312448,my_hand_data\videos\grab_seq12_20251118_114822_982505.avi,89.70743042900611,360,90,HIGH,VIDEO_RECORDING,2025-11-18T11:48:27.064291
2025-11-18 11:48:25.328211,210,69,HandType.Left,0.7344191074371338,-209.4568328857422,157.72447204589844,-30.370786666870117,0.9926225543022156,-0.04201352596282959,0.11373335123062134,-19.480308532714844,13.489537239074707,2.6720309257507324,0.09898693859577179,0.20427680015563965,65.55486297607422,0,1,0,0,1,-145.17066955566406,171.99893188476562,-25.850200653076172,-178.78456115722656,189.44520568847656,-79.35883331298828,grab,12,2025-11-18T11:48:25.328211,my_hand_data\videos\grab_seq12_20251118_114822_982505.avi,89.70743042900611,360,90,HIGH,VIDEO_RECORDING,2025-11-18T11:48:27.064291
2025-11-18 11:48:25.328211,211,69,HandType.Left,0.7344191074371338,-209.4568328857422,157.72447204589844,-30.370786666870117,0.9926225543022156,-0.04201352596282959,0.11373335123062134,-19.480308532714844,13.489537239074707,2.6720309257507324,0.09898693859577179,0.20427680015563965,65.55486297607422,0,1,0,0,1,-145.17066955566406,171.99893188476562,-25.850200653076172,-178.78456115722656,189.44520568847656,-79.35883331298828,grab,12,2025-11-18T11:48:25.328211,my_hand_data\videos\grab_seq12_20251118_114822_982505.avi,89.70743042900611,360,90,HIGH,VIDEO_RECORDING,2025-11-18T11:48:27.064291
2025-11-18 11:48:25.360082,212,69,HandType.Left,0.732411801815033,-210.10391235351562,157.98696899414062,-30.338613510131836,0.9926717877388,-0.031952470541000366,0.1165405809879303,-21.69032859802246,9.055644989013672,-0.7065255641937256,0.09196185320615768,0.21274171769618988,65.4976806640625,0,1,0,0,1,-145.86798095703125,172.75547790527344,-26.01020050048828,-179.753173828125,190.08689880371094,-79.31462097167969,grab,12,2025-11-18T11:48:25.360082,my_hand_data\videos\grab_seq12_20251118_114822_982505.avi,89.70743042900611,360,90,HIGH,VIDEO_RECORDING,2025-11-18T11:48:27.064291
2025-11-18 11:48:25.360082,213,69,HandType.Left,0.732411801815033,-210.10391235351562,157.98696899414062,-30.338613510131836,0.9926717877388,-0.031952470541000366,0.1165405809879303,-21.69032859802246,9.055644989013672,-0.7065255641937256,0.09196185320615768,0.21274171769618988,65.4976806640625,0,1,0,0,1,-145.86798095703125,172.75547790527344,-26.01020050048828,-179.753173828125,190.08689880371094,-79.31462097167969,grab,12,2025-11-18T11:48:25.360082,my_hand_data\videos\grab_seq12_20251118_114822_982505.avi,89.70743042900611,360,90,HIGH,VIDEO_RECORDING,2025-11-18T11:48:27.064291
2025-11-18 11:48:25.371332,214,69,HandType.Left,0.732411801815033,-210.10391235351562,157.98696899414062,-30.338613510131836,0.9926717877388,-0.031952470541000366,0.1165405809879303,-21.69032859802246,9.055644989013672,-0.7065255641937256,0.09196185320615768,0.21274171769618988,65.4976806640625,0,1,0,0,1,-145.86798095703125,172.75547790527344,-26.01020050048828,-179.753173828125,190.08689880371094,-79.31462097167969,grab,12,2025-11-18T11:48:25.371332,my_hand_data\videos\grab_seq12_20251118_114822_982505.avi,89.70743042900611,360,90,HIGH,VIDEO_RECORDING,2025-11-18T11:48:27.064291
2025-11-18 11:48:25.391661,215,69,HandType.Left,0.7306936979293823,-210.501953125,158.10545349121094,-30.360097885131836,0.9925864338874817,-0.02593056485056877,0.11874257773160934,-17.709157943725586,6.108638286590576,-1.8548564910888672,0.08606746047735214,0.21698467433452606,65.44373321533203,0,1,0,0,1,-146.30868530273438,173.22381591796875,-26.127410888671875,-180.26156616210938,190.3066864013672,-79.4027328491211,grab,12,2025-11-18T11:48:25.391661,my_hand_data\videos\grab_seq12_20251118_114822_982505.avi,89.70743042900611,360,90,HIGH,VIDEO_RECORDING,2025-11-18T11:48:27.064291
2025-11-18 11:48:25.391661,216,69,HandType.Left,0.7302398681640625,-210.77268981933594,158.25738525390625,-30.390586853027344,0.9926242828369141,-0.02192651480436325,0.11923202127218246,-24.175561904907227,13.566658973693848,-2.7225167751312256,0.083158478140831,0.21961815655231476,65.35456085205078,0,1,0,0,1,-146.61648559570312,173.66278076171875,-26.220468521118164,-180.5745391845703,190.4954376220703,-79.46266174316406,grab,12,2025-11-18T11:48:25.391661,my_hand_data\videos\grab_seq12_20251118_114822_982505.avi,89.70743042900611,360,90,HIGH,VIDEO_RECORDING,2025-11-18T11:48:27.064291
2025-11-18 11:48:25.391661,217,69,HandType.Left,0.7302398681640625,-210.77268981933594,158.25738525390625,-30.390586853027344,0.9926242828369141,-0.02192651480436325,0.11923202127218246,-24.175561904907227,13.566658973693848,-2.7225167751312256,0.083158478140831,0.21961815655231476,65.35456085205078,0,1,0,0,1,-146.61648559570312,173.66278076171875,-26.220468521118164,-180.5745391845703,190.4954376220703,-79.46266174316406,grab,12,2025-11-18T11:48:25.391661,my_hand_data\videos\grab_seq12_20251118_114822_982505.avi,89.70743042900611,360,90,HIGH,VIDEO_RECORDING,2025-11-18T11:48:27.064291
2025-11-18 11:48:25.423426,218,69,HandType.Left,0.7268018126487732,-211.1056671142578,158.33045959472656,-30.419801712036133,0.9923908114433289,-0.009766998700797558,0.12273973226547241,-17.37943458557129,1.8101342916488647,2.128153085708618,0.07703237235546112,0.22404560446739197,65.3930435180664,0,1,0,0,1,-147.12315368652344,174.494873046875,-26.312088012695312,-181.31678771972656,190.9335479736328,-79.5738525390625,grab,12,2025-11-18T11:48:25.423426,my_hand_data\videos\grab_seq12_20251118_114822_982505.avi,89.70743042900611,360,90,HIGH,VIDEO_RECORDING,2025-11-18T11:48:27.064291
2025-11-18 11:48:25.423426,219,69,HandType.Left,0.7268018126487732,-211.1056671142578,158.33045959472656,-30.419801712036133,0.9923908114433289,-0.009766998700797558,0.12273973226547241,-17.37943458557129,1.8101342916488647,2.128153085708618,0.07703237235546112,0.22404560446739197,65.3930435180664,0,1,0,0,1,-147.12315368652344,174.494873046875,-26.312088012695312,-181.31678771972656,190.9335479736328,-79.5738525390625,grab,12,2025-11-18T11:48:25.423426,my_hand_data\videos\grab_seq12_20251118_114822_982505.avi,89.70743042900611,360,90,HIGH,VIDEO_RECORDING,2025-11-18T11:48:27.064291
2025-11-18 11:48:25.440196,220,69,HandType.Left,0.7242444157600403,-211.50009155273438,158.3959503173828,-30.411272048950195,0.99158775806427,0.005769219249486923,0.12930774688720703,-15.407000541687012,2.5839104652404785,0.6596866250038147,0.06942643970251083,0.23277024924755096,65.32412719726562,0,1,0,0,1,-147.78897094726562,175.39320373535156,-26.35407257080078,-182.13720703125,191.3231964111328,-79.58634948730469,grab,12,2025-11-18T11:48:25.440196,my_hand_data\videos\grab_seq12_20251118_114822_982505.avi,89.70743042900611,360,90,HIGH,VIDEO_RECORDING,2025-11-18T11:48:27.064291
2025-11-18 11:48:25.454358,221,69,HandType.Left,0.72379070520401,-211.73004150390625,158.52471923828125,-30.373554229736328,0.991449773311615,0.010018188506364822,0.13010358810424805,-20.914583206176758,11.711795806884766,3.430584669113159,0.06775552779436111,0.23615455627441406,65.26189422607422,0,1,0,0,1,-148.0478057861328,175.71194458007812,-26.407323837280273,-182.48233032226562,191.48898315429688,-79.5530014038086,grab,12,2025-11-18T11:48:25.454358,my_hand_data\videos\grab_seq12_20251118_114822_982505.avi,89.70743042900611,360,90,HIGH,VIDEO_RECORDING,2025-11-18T11:48:27.064291
2025-11-18 11:48:25.461092,222,69,HandType.Left,0.723643958568573,-211.96087646484375,158.67784118652344,-30.367029190063477,0.991290807723999,0.012849775142967701,0.1310625672340393,-21.11386489868164,14.006217002868652,0.5968323349952698,0.06593348830938339,0.23920656740665436,65.19024658203125,0,1,0,0,1,-148.28775024414062,175.94606018066406,-26.432092666625977,-182.70867919921875,191.6384735107422,-79.52367401123047,grab,12,2025-11-18T11:48:25.461092,my_hand_data\videos\grab_seq12_20251118_114822_982505.avi,89.70743042900611,360,90,HIGH,VIDEO_RECORDING,2025-11-18T11:48:27.064291
2025-11-18 11:48:25.470298,223,69,HandType.Left,0.723643958568573,-211.96087646484375,158.67784118652344,-30.367029190063477,0.991290807723999,0.012849775142967701,0.1310625672340393,-21.11386489868164,14.006217002868652,0.5968323349952698,0.06593348830938339,0.23920656740665436,65.19024658203125,0,1,0,0,1,-148.28775024414062,175.94606018066406,-26.432092666625977,-182.70867919921875,191.6384735107422,-79.52367401123047,grab,12,2025-11-18T11:48:25.470298,my_hand_data\videos\grab_seq12_20251118_114822_982505.avi,89.70743042900611,360,90,HIGH,VIDEO_RECORDING,2025-11-18T11:48:27.064291
2025-11-18 11:48:25.486528,224,69,HandType.Left,0.7228314876556396,-212.2080535888672,158.927734375,-30.261878967285156,0.9907457232475281,0.01632569544017315,0.13474561274051666,-6.43952751159668,8.66010856628418,4.731456279754639,0.05913226306438446,0.2452462613582611,65.08211517333984,0,1,0,0,1,-148.5977783203125,176.30543518066406,-26.42450714111328,-182.96368408203125,191.90493774414062,-79.44640350341797,grab,12,2025-11-18T11:48:25.486528,my_hand_data\videos\grab_seq12_20251118_114822_982505.avi,89.70743042900611,360,90,HIGH,VIDEO_RECORDING,2025-11-18T11:48:27.064291
2025-11-18 11:48:25.486528,225,69,HandType.Left,0.7228314876556396,-212.2080535888672,158.927734375,-30.261878967285156,0.9907457232475281,0.01632569544017315,0.13474561274051666,-6.43952751159668,8.66010856628418,4.731456279754639,0.05913226306438446,0.2452462613582611,65.08211517333984,0,1,0,0,1,-148.5977783203125,176.30543518066406,-26.42450714111328,-182.96368408203125,191.90493774414062,-79.44640350341797,grab,12,2025-11-18T11:48:25.486528,my_hand_data\videos\grab_seq12_20251118_114822_982505.avi,89.70743042900611,360,90,HIGH,VIDEO_RECORDING,2025-11-18T11:48:27.064291
2025-11-18 11:48:25.518369,226,69,HandType.Left,0.7220981121063232,-212.57168579101562,159.34849548339844,-30.092660903930664,0.990253746509552,0.0207222793251276,0.13772454857826233,-8.86034107208252,13.608619689941406,3.7259676456451416,0.05354609340429306,0.2530621886253357,64.95281219482422,0,1,0,0,1,-149.07550048828125,176.77603149414062,-26.41362953186035,-183.41494750976562,192.5243377685547,-79.24980163574219,grab,12,2025-11-18T11:48:25.518369,my_hand_data\videos\grab_seq12_20251118_114822_982505.avi,89.70743042900611,360,90,HIGH,VIDEO_RECORDING,2025-11-18T11:48:27.064291
2025-11-18 11:48:25.520246,227,69,HandType.Left,0.7220981121063232,-212.57168579101562,159.34849548339844,-30.092660903930664,0.990253746509552,0.0207222793251276,0.13772454857826233,-8.86034107208252,13.608619689941406,3.7259676456451416,0.05354609340429306,0.2530621886253357,64.95281219482422,0,1,0,0,1,-149.07550048828125,176.77603149414062,-26.41362953186035,-183.41494750976562,192.5243377685547,-79.24980163574219,grab,12,2025-11-18T11:48:25.520246,my_hand_data\videos\grab_seq12_20251118_114822_982505.avi,89.70743042900611,360,90,HIGH,VIDEO_RECORDING,2025-11-18T11:48:27.064291
2025-11-18 11:48:25.520246,228,69,HandType.Left,0.7212414145469666,-212.68148803710938,159.5115966796875,-30.05196762084961,0.9902257919311523,0.021895654499530792,0.13774429261684418,-9.732097625732422,14.455224990844727,3.606576919555664,0.054445430636405945,0.25803980231285095,64.7909927368164,0,1,0,0,1,-149.28770446777344,176.97488403320312,-26.477540969848633,-183.559326171875,192.7318572998047,-79.15625,grab,12,2025-11-18T11:48:25.520246,my_hand_data\videos\grab_seq12_20251118_114822_982505.avi,89.70743042900611,360,90,HIGH,VIDEO_RECORDING,2025-11-18T11:48:27.064291
2025-11-18 11:48:25.550084,229,69,HandType.Left,0.7215452194213867,-212.7744140625,159.7069549560547,-30.04955291748047,0.9902476668357849,0.022457338869571686,0.13749611377716064,-7.932137489318848,16.675228118896484,0.20612435042858124,0.05556212738156319,0.2605613172054291,64.63927459716797,0,1,0,0,1,-149.49993896484375,177.1792755126953,-26.559341430664062,-183.68821716308594,192.98841857910156,-79.0899887084961,grab,12,2025-11-18T11:48:25.550084,my_hand_data\videos\grab_seq12_20251118_114822_982505.avi,89.70743042900611,360,90,HIGH,VIDEO_RECORDING,2025-11-18T11:48:27.064291
2025-11-18 11:48:25.550084,230,69,HandType.Left,0.7215539813041687,-212.91036987304688,159.885009765625,-30.014423370361328,0.9902479648590088,0.022786341607570648,0.13743986189365387,-12.689258575439453,16.618881225585938,3.2788829803466797,0.05607875436544418,0.2626754343509674,64.5242691040039,0,1,0,0,1,-149.70484924316406,177.3545379638672,-26.601078033447266,-183.8184356689453,193.1898193359375,-79.03092193603516,grab,12,2025-11-18T11:48:25.550084,my_hand_data\videos\grab_seq12_20251118_114822_982505.avi,89.70743042900611,360,90,HIGH,VIDEO_RECORDING,2025-11-18T11:48:27.064291
2025-11-18 11:48:25.550084,231,69,HandType.Left,0.7214441895484924,-213.0407257080078,160.052734375,-29.97112274169922,0.9903131723403931,0.02274215966463089,0.13697688281536102,-12.027329444885254,15.476167678833008,3.9952409267425537,0.05645998939871788,0.2640135586261749,64.46549987792969,0,1,0,0,1,-149.8544921875,177.49215698242188,-26.614917755126953,-183.9560546875,193.3976593017578,-78.9589614868164,grab,12,2025-11-18T11:48:25.550084,my_hand_data\videos\grab_seq12_20251118_114822_982505.avi,89.70743042900611,360,90,HIGH,VIDEO_RECORDING,2025-11-18T11:48:27.064291
2025-11-18 11:48:25.581721,232,69,HandType.Left,0.7216127514839172,-213.16482543945312,160.17274475097656,-29.92333984375,0.9903976321220398,0.022359903901815414,0.1364278644323349,-10.624285697937012,10.273462295532227,4.090691089630127,0.056153323501348495,0.2651973366737366,64.36272430419922,0,1,0,0,1,-150.00819396972656,177.59490966796875,-26.632478713989258,-184.0372772216797,193.5074005126953,-78.89503479003906,grab,12,2025-11-18T11:48:25.581721,my_hand_data\videos\grab_seq12_20251118_114822_982505.avi,89.70743042900611,360,90,HIGH,VIDEO_RECORDING,2025-11-18T11:48:27.064291
2025-11-18 11:48:25.586657,233,69,HandType.Left,0.7214246392250061,-213.24722290039062,160.24658203125,-29.91244888305664,0.9904720187187195,0.021940456703305244,0.13595516979694366,-7.762788772583008,6.957614421844482,1.0260695219039917,0.05617910251021385,0.26607394218444824,64.29481506347656,0,1,0,0,1,-150.12857055664062,177.64682006835938,-26.66236686706543,-184.09347534179688,193.5890655517578,-78.87398529052734,grab,12,2025-11-18T11:48:25.586657,my_hand_data\videos\grab_seq12_20251118_114822_982505.avi,89.70743042900611,360,90,HIGH,VIDEO_RECORDING,2025-11-18T11:48:27.064291
2025-11-18 11:48:25.586657,234,69,HandType.Left,0.7214246392250061,-213.24722290039062,160.24658203125,-29.91244888305664,0.9904720187187195,0.021940456703305244,0.13595516979694366,-7.762788772583008,6.957614421844482,1.0260695219039917,0.05617910251021385,0.26607394218444824,64.29481506347656,0,1,0,0,1,-150.12857055664062,177.64682006835938,-26.66236686706543,-184.09347534179688,193.5890655517578,-78.87398529052734,grab,12,2025-11-18T11:48:25.586657,my_hand_data\videos\grab_seq12_20251118_114822_982505.avi,89.70743042900611,360,90,HIGH,VIDEO_RECORDING,2025-11-18T11:48:27.064291
2025-11-18 11:48:25.613264,235,69,HandType.Left,0.7214594483375549,-213.50830078125,160.3787078857422,-29.907054901123047,0.9905874133110046,0.020961742848157883,0.1352670043706894,-13.5372314453125,7.598057746887207,0.48176315426826477,0.05596429109573364,0.2670053243637085,64.14289093017578,0,1,0,0,1,-150.50885009765625,177.76870727539062,-26.71934700012207,-184.32054138183594,193.7344970703125,-78.83627319335938,grab,12,2025-11-18T11:48:25.613264,my_hand_data\videos\grab_seq12_20251118_114822_982505.avi,89.70743042900611,360,90,HIGH,VIDEO_RECORDING,2025-11-18T11:48:27.064291
2025-11-18 11:48:25.613864,236,69,HandType.Left,0.7214564085006714,-213.66641235351562,160.46615600585938,-29.881711959838867,0.9906482100486755,0.019917882978916168,0.13497905433177948,-14.257186889648438,7.885400295257568,2.2852022647857666,0.055312737822532654,0.2668703496456146,64.06654357910156,0,1,0,0,1,-150.66859436035156,177.81248474121094,-26.72934341430664,-184.40916442871094,193.7691650390625,-78.80122375488281,grab,12,2025-11-18T11:48:25.613864,my_hand_data\videos\grab_seq12_20251118_114822_982505.avi,89.70743042900611,360,90,HIGH,VIDEO_RECORDING,2025-11-18T11:48:27.064291
2025-11-18 11:48:25.629132,237,69,HandType.Left,0.7214886546134949,-213.8134307861328,160.56166076660156,-29.901206970214844,0.9907015562057495,0.019246947020292282,0.13468493521213531,-13.009943008422852,8.451457023620605,-1.7251405715942383,0.054889265447854996,0.26677289605140686,64.07386779785156,0,1,0,0,1,-150.807861328125,177.85739135742188,-26.7608699798584,-184.54541015625,193.874267578125,-78.82523345947266,grab,12,2025-11-18T11:48:25.629132,my_hand_data\videos\grab_seq12_20251118_114822_982505.avi,89.70743042900611,360,90,HIGH,VIDEO_RECORDING,2025-11-18T11:48:27.064291
2025-11-18 11:48:25.645184,238,69,HandType.Left,0.7215625047683716,-213.93203735351562,160.6164093017578,-29.930877685546875,0.990722119808197,0.01879933476448059,0.13459663093090057,-10.722662925720215,4.9490437507629395,-2.682466983795166,0.05512956157326698,0.26649120450019836,64.09202575683594,0,1,0,0,1,-150.92889404296875,177.8930206298828,-26.789405822753906,-184.66514587402344,193.97467041015625,-78.85699462890625,grab,12,2025-11-18T11:48:25.645184,my_hand_data\videos\grab_seq12_20251118_114822_982505.avi,89.70743042900611,360,90,HIGH,VIDEO_RECORDING,2025-11-18T11:48:27.064291
2025-11-18 11:48:25.649061,239,69,HandType.Left,0.7218888998031616,-214.03189086914062,160.66009521484375,-29.95315170288086,0.9907426238059998,0.018660981208086014,0.13446484506130219,-9.011189460754395,3.9417195320129395,-2.0098724365234375,0.05507858842611313,0.26633527874946594,64.09684753417969,0,1,0,0,1,-151.02471923828125,177.90431213378906,-26.81447982788086,-184.7614288330078,194.0591278076172,-78.86505126953125,grab,12,2025-11-18T11:48:25.649061,my_hand_data\videos\grab_seq12_20251118_114822_982505.avi,89.70743042900611,360,90,HIGH,VIDEO_RECORDING,2025-11-18T11:48:27.064291
2025-11-18 11:48:25.661108,240,69,HandType.Left,0.7223331928253174,-214.10829162597656,160.67198181152344,-29.98383903503418,0.9908217191696167,0.018514953553676605,0.1339009553194046,-6.8114800453186035,1.0607463121414185,-2.7359888553619385,0.05607593059539795,0.2663123607635498,64.0794906616211,0,1,0,0,1,-151.0926513671875,177.90814208984375,-26.851821899414062,-184.84130859375,194.0953826904297,-78.86318969726562,grab,12,2025-11-18T11:48:25.661108,my_hand_data\videos\grab_seq12_20251118_114822_982505.avi,89.70743042900611,360,90,HIGH,VIDEO_RECORDING,2025-11-18T11:48:27.064291
2025-11-18 11:48:25.676874,241,69,HandType.Left,0.7230455279350281,-214.25025939941406,160.72686767578125,-29.9820499420166,0.99098140001297,0.018105486407876015,0.13277064263820648,-12.767119407653809,4.935102462768555,0.16092270612716675,0.05748093128204346,0.26633790135383606,64.06775665283203,0,1,0,0,1,-151.24562072753906,177.9702911376953,-26.86269760131836,-185.025634765625,194.1609649658203,-78.83817291259766,grab,12,2025-11-18T11:48:25.676874,my_hand_data\videos\grab_seq12_20251118_114822_982505.avi,89.70743042900611,360,90,HIGH,VIDEO_RECORDING,2025-11-18T11:48:27.064291
2025-11-18 11:48:25.676874,242,69,HandType.Left,0.7234067320823669,-214.44187927246094,160.81251525878906,-29.970304489135742,0.9911680817604065,0.017484573647379875,0.131453737616539,-17.598709106445312,7.866004943847656,1.0786237716674805,0.05723695829510689,0.2667699158191681,64.01482391357422,0,1,0,0,1,-151.45912170410156,178.05929565429688,-26.858259201049805,-185.20895385742188,194.20960998535156,-78.80066680908203,grab,12,2025-11-18T11:48:25.676874,my_hand_data\videos\grab_seq12_20251118_114822_982505.avi,89.70743042900611,360,90,HIGH,VIDEO_RECORDING,2025-11-18T11:48:27.064291
2025-11-18 11:48:25.708342,243,69,HandType.Left,0.7241268754005432,-214.96693420410156,161.03672790527344,-29.935596466064453,0.991607129573822,0.016432631760835648,0.12823893129825592,-27.69611358642578,12.446281433105469,1.3000073432922363,0.05704653635621071,0.26804694533348083,63.87800598144531,0,1,0,0,1,-152.12632751464844,178.3277587890625,-26.851177215576172,-185.76339721679688,194.4278106689453,-78.71383666992188,grab,12,2025-11-18T11:48:25.708342,my_hand_data\videos\grab_seq12_20251118_114822_982505.avi,89.70743042900611,360,90,HIGH,VIDEO_RECORDING,2025-11-18T11:48:27.064291
2025-11-18 11:48:25.708342,244,69,HandType.Left,0.7241268754005432,-214.96693420410156,161.03672790527344,-29.935596466064453,0.991607129573822,0.016432631760835648,0.12823893129825592,-27.69611358642578,12.446281433105469,1.3000073432922363,0.05704653635621071,0.26804694533348083,63.87800598144531,0,1,0,0,1,-152.12632751464844,178.3277587890625,-26.851177215576172,-185.76339721679688,194.4278106689453,-78.71383666992188,grab,12,2025-11-18T11:48:25.708342,my_hand_data\videos\grab_seq12_20251118_114822_982505.avi,89.70743042900611,360,90,HIGH,VIDEO_RECORDING,2025-11-18T11:48:27.064291
2025-11-18 11:48:25.716601,245,69,HandType.Left,0.7245034575462341,-215.28775024414062,161.16456604003906,-29.939289093017578,0.9918420314788818,0.01573888212442398,0.12649773061275482,-28.575590133666992,11.386487007141113,-0.3290030062198639,0.0577702596783638,0.26919135451316833,63.89620590209961,0,1,0,0,1,-152.4412078857422,178.3997344970703,-26.864748001098633,-186.11322021484375,194.5499267578125,-78.71156311035156,grab,12,2025-11-18T11:48:25.716601,my_hand_data\videos\grab_seq12_20251118_114822_982505.avi,89.70743042900611,360,90,HIGH,VIDEO_RECORDING,2025-11-18T11:48:27.064291
2025-11-18 11:48:25.740037,246,69,HandType.Left,0.7240102887153625,-215.77684020996094,161.20809936523438,-30.04058265686035,0.9919332265853882,0.016247762367129326,0.125715970993042,-18.69605827331543,-2.523252248764038,-5.972665309906006,0.059542104601860046,0.26971590518951416,64.03775787353516,0,1,0,0,1,-152.89682006835938,178.3230743408203,-26.967111587524414,-186.75782775878906,194.6423797607422,-78.8125228881836,grab,12,2025-11-18T11:48:25.740037,my_hand_data\videos\grab_seq12_20251118_114822_982505.avi,89.70743042900611,360,90,HIGH,VIDEO_RECORDING,2025-11-18T11:48:27.064291
2025-11-18 11:48:25.740037,247,69,HandType.Left,0.7240102887153625,-215.77684020996094,161.20809936523438,-30.04058265686035,0.9919332265853882,0.016247762367129326,0.125715970993042,-18.69605827331543,-2.523252248764038,-5.972665309906006,0.059542104601860046,0.26971590518951416,64.03775787353516,0,1,0,0,1,-152.89682006835938,178.3230743408203,-26.967111587524414,-186.75782775878906,194.6423797607422,-78.8125228881836,grab,12,2025-11-18T11:48:25.740037,my_hand_data\videos\grab_seq12_20251118_114822_982505.avi,89.70743042900611,360,90,HIGH,VIDEO_RECORDING,2025-11-18T11:48:27.064291
2025-11-18 11:48:25.740037,248,69,HandType.Left,0.7240102887153625,-215.77684020996094,161.20809936523438,-30.04058265686035,0.9919332265853882,0.016247762367129326,0.125715970993042,-18.69605827331543,-2.523252248764038,-5.972665309906006,0.059542104601860046,0.26971590518951416,64.03775787353516,0,1,0,0,1,-152.89682006835938,178.3230743408203,-26.967111587524414,-186.75782775878906,194.6423797607422,-78.8125228881836,grab,12,2025-11-18T11:48:25.740037,my_hand_data\videos\grab_seq12_20251118_114822_982505.avi,89.70743042900611,360,90,HIGH,VIDEO_RECORDING,2025-11-18T11:48:27.064291
2025-11-18 11:48:25.771990,249,69,HandType.Left,0.7228115797042847,-216.4548797607422,161.05770874023438,-30.155250549316406,0.9920431971549988,0.018493421375751495,0.12453215569257736,-22.28556251525879,-6.761956691741943,-1.2330188751220703,0.05944708734750748,0.2629645764827728,63.97522735595703,0,1,0,0,1,-153.64776611328125,178.32705688476562,-27.330677032470703,-187.55247497558594,194.5535125732422,-79.09941864013672,grab,12,2025-11-18T11:48:25.771990,my_hand_data\videos\grab_seq12_20251118_114822_982505.avi,89.70743042900611,360,90,HIGH,VIDEO_RECORDING,2025-11-18T11:48:27.064291
2025-11-18 11:48:25.771990,250,69,HandType.Left,0.7228115797042847,-216.4548797607422,161.05770874023438,-30.155250549316406,0.9920431971549988,0.018493421375751495,0.12453215569257736,-22.28556251525879,-6.761956691741943,-1.2330188751220703,0.05944708734750748,0.2629645764827728,63.97522735595703,0,1,0,0,1,-153.64776611328125,178.32705688476562,-27.330677032470703,-187.55247497558594,194.5535125732422,-79.09941864013672,grab,12,2025-11-18T11:48:25.771990,my_hand_data\videos\grab_seq12_20251118_114822_982505.avi,89.70743042900611,360,90,HIGH,VIDEO_RECORDING,2025-11-18T11:48:27.064291
2025-11-18 11:48:25.771990,251,69,HandType.Left,0.7228115797042847,-216.4548797607422,161.05770874023438,-30.155250549316406,0.9920431971549988,0.018493421375751495,0.12453215569257736,-22.28556251525879,-6.761956691741943,-1.2330188751220703,0.05944708734750748,0.2629645764827728,63.97522735595703,0,1,0,0,1,-153.64776611328125,178.32705688476562,-27.330677032470703,-187.55247497558594,194.5535125732422,-79.09941864013672,grab,12,2025-11-18T11:48:25.771990,my_hand_data\videos\grab_seq12_20251118_114822_982505.avi,89.70743042900611,360,90,HIGH,VIDEO_RECORDING,2025-11-18T11:48:27.064291
2025-11-18 11:48:25.803732,252,69,HandType.Left,0.7214608788490295,-216.91799926757812,160.76100158691406,-30.226016998291016,0.9920028448104858,0.022089039906859398,0.12426739186048508,-20.988059997558594,-14.694587707519531,-3.1650660037994385,0.061301860958337784,0.25993335247039795,63.8420524597168,0,1,0,0,1,-154.1492919921875,178.2640838623047,-27.553455352783203,-188.06214904785156,194.30250549316406,-79.21092987060547,grab,12,2025-11-18T11:48:25.803732,my_hand_data\videos\grab_seq12_20251118_114822_982505.avi,89.70743042900611,360,90,HIGH,VIDEO_RECORDING,2025-11-18T11:48:27.064291
2025-11-18 11:48:25.803732,253,69,HandType.Left,0.7203984260559082,-217.09234619140625,160.6024932861328,-30.308774948120117,0.9919725656509399,0.024146253243088722,0.12412653118371964,-15.712902069091797,-14.285625457763672,-7.458360195159912,0.060882583260536194,0.2569047212600708,63.97632598876953,0,1,0,0,1,-154.3345489501953,178.20724487304688,-27.67271614074707,-188.39407348632812,194.25701904296875,-79.39624786376953,grab,12,2025-11-18T11:48:25.803732,my_hand_data\videos\grab_seq12_20251118_114822_982505.avi,89.70743042900611,360,90,HIGH,VIDEO_RECORDING,2025-11-18T11:48:27.064291
2025-11-18 11:48:25.803732,254,69,HandType.Left,0.7203984260559082,-217.09234619140625,160.6024932861328,-30.308774948120117,0.9919725656509399,0.024146253243088722,0.12412653118371964,-15.712902069091797,-14.285625457763672,-7.458360195159912,0.060882583260536194,0.2569047212600708,63.97632598876953,0,1,0,0,1,-154.3345489501953,178.20724487304688,-27.67271614074707,-188.39407348632812,194.25701904296875,-79.39624786376953,grab,12,2025-11-18T11:48:25.803732,my_hand_data\videos\grab_seq12_20251118_114822_982505.avi,89.70743042900611,360,90,HIGH,VIDEO_RECORDING,2025-11-18T11:48:27.064291
2025-11-18 11:48:25.835256,255,69,HandType.Left,0.7200948596000671,-217.5983428955078,160.49545288085938,-30.49903106689453,0.9921749234199524,0.026041949167847633,0.12210963666439056,-24.253402709960938,-3.6639528274536133,-7.252039432525635,0.06145207956433296,0.25241243839263916,64.25952911376953,0,1,0,0,1,-154.8791961669922,178.269775390625,-27.907312393188477,-189.13626098632812,194.2054901123047,-79.88609313964844,grab,12,2025-11-18T11:48:25.835256,my_hand_data\videos\grab_seq12_20251118_114822_982505.avi,89.70743042900611,360,90,HIGH,VIDEO_RECORDING,2025-11-18T11:48:27.064291
2025-11-18 11:48:25.835256,256,69,HandType.Left,0.7200149297714233,-217.86119079589844,160.4629364013672,-30.596269607543945,0.9923164248466492,0.026894809678196907,0.12076743692159653,-23.466413497924805,-2.902796983718872,-8.681258201599121,0.06260676681995392,0.25080668926239014,64.35247039794922,0,1,0,0,1,-155.1529998779297,178.3099822998047,-28.039203643798828,-189.51315307617188,194.19869995117188,-80.07927703857422,grab,12,2025-11-18T11:48:25.835256,my_hand_data\videos\grab_seq12_20251118_114822_982505.avi,89.70743042900611,360,90,HIGH,VIDEO_RECORDING,2025-11-18T11:48:27.064291
2025-11-18 11:48:25.851031,257,69,HandType.Left,0.7200149297714233,-217.86119079589844,160.4629364013672,-30.596269607543945,0.9923164248466492,0.026894809678196907,0.12076743692159653,-23.466413497924805,-2.902796983718872,-8.681258201599121,0.06260676681995392,0.25080668926239014,64.35247039794922,0,1,0,0,1,-155.1529998779297,178.3099822998047,-28.039203643798828,-189.51315307617188,194.19869995117188,-80.07927703857422,grab,12,2025-11-18T11:48:25.851031,my_hand_data\videos\grab_seq12_20251118_114822_982505.avi,89.70743042900611,360,90,HIGH,VIDEO_RECORDING,2025-11-18T11:48:27.064291
2025-11-18 11:48:25.867264,258,69,HandType.Left,0.718418300151825,-218.32977294921875,160.41233825683594,-30.78998565673828,0.9924710988998413,0.028953826054930687,0.11900736391544342,-20.839542388916016,-0.668743908405304,-8.831238746643066,0.06293171644210815,0.24990178644657135,64.35039520263672,0,1,0,0,1,-155.6491241455078,178.5309600830078,-28.318883895874023,-190.0995330810547,194.15003967285156,-80.37834167480469,grab,12,2025-11-18T11:48:25.867264,my_hand_data\videos\grab_seq12_20251118_114822_982505.avi,89.70743042900611,360,90,HIGH,VIDEO_RECORDING,2025-11-18T11:48:27.064291
2025-11-18 11:48:25.867264,259,69,HandType.Left,0.7183774709701538,-218.50515747070312,160.3992462158203,-30.94881248474121,0.9924129843711853,0.031510330736637115,0.11884244531393051,-15.853200912475586,-1.183471441268921,-14.356596946716309,0.06439685821533203,0.2515907883644104,64.361572265625,0,1,0,0,1,-155.8678436279297,178.63107299804688,-28.49883460998535,-190.37303161621094,194.18447875976562,-80.55549621582031,grab,12,2025-11-18T11:48:25.867264,my_hand_data\videos\grab_seq12_20251118_114822_982505.avi,89.70743042900611,360,90,HIGH,VIDEO_RECORDING,2025-11-18T11:48:27.064291
2025-11-18 11:48:25.883282,260,69,HandType.Left,0.718124508857727,-218.77330017089844,160.46365356445312,-31.07254981994629,0.9925045967102051,0.03277786448597908,0.11772967129945755,-23.863405227661133,5.731992244720459,-11.012500762939453,0.06367022544145584,0.2529296576976776,64.36109924316406,0,1,0,0,1,-156.1317138671875,178.761474609375,-28.6330509185791,-190.6905517578125,194.24838256835938,-80.67335510253906,grab,12,2025-11-18T11:48:25.883282,my_hand_data\videos\grab_seq12_20251118_114822_982505.avi,89.70743042900611,360,90,HIGH,VIDEO_RECORDING,2025-11-18T11:48:27.064291
2025-11-18 11:48:25.899409,261,69,HandType.Left,0.7174412608146667,-219.0249786376953,160.54429626464844,-31.208412170410156,0.9925695657730103,0.03395902365446091,0.11684369295835495,-22.85623550415039,7.323907852172852,-12.337651252746582,0.06406647711992264,0.2531590163707733,64.41563415527344,0,1,0,0,1,-156.35594177246094,178.8481903076172,-28.75143814086914,-190.97860717773438,194.2796630859375,-80.83324432373047,grab,12,2025-11-18T11:48:25.899409,my_hand_data\videos\grab_seq12_20251118_114822_982505.avi,89.70743042900611,360,90,HIGH,VIDEO_RECORDING,2025-11-18T11:48:27.064291
2025-11-18 11:48:25.899409,262,69,HandType.Left,0.7174412608146667,-219.0249786376953,160.54429626464844,-31.208412170410156,0.9925695657730103,0.03395902365446091,0.11684369295835495,-22.85623550415039,7.323907852172852,-12.337651252746582,0.06406647711992264,0.2531590163707733,64.41563415527344,0,1,0,0,1,-156.35594177246094,178.8481903076172,-28.75143814086914,-190.97860717773438,194.2796630859375,-80.83324432373047,grab,12,2025-11-18T11:48:25.899409,my_hand_data\videos\grab_seq12_20251118_114822_982505.avi,89.70743042900611,360,90,HIGH,VIDEO_RECORDING,2025-11-18T11:48:27.064291
2025-11-18 11:48:25.915534,263,69,HandType.Left,0.7174602746963501,-219.43911743164062,160.71498107910156,-31.356334686279297,0.9926557540893555,0.03558214008808136,0.11562229692935944,-17.799007415771484,7.235610485076904,-5.507221698760986,0.06728489696979523,0.2528311610221863,64.34698486328125,0,1,0,0,1,-156.8151397705078,179.16148376464844,-28.895652770996094,-191.41241455078125,194.41238403320312,-80.96266174316406,grab,12,2025-11-18T11:48:25.915534,my_hand_data\videos\grab_seq12_20251118_114822_982505.avi,89.70743042900611,360,90,HIGH,VIDEO_RECORDING,2025-11-18T11:48:27.064291
2025-11-18 11:48:25.931295,264,69,HandType.Left,0.7172377705574036,-219.62705993652344,160.8065948486328,-31.40501594543457,0.9926728010177612,0.03611942008137703,0.11530885845422745,-17.234310150146484,8.401763916015625,-4.464095115661621,0.06877698749303818,0.2522358000278473,64.34122467041016,0,1,0,0,1,-157.03955078125,179.28421020507812,-28.927810668945312,-191.61329650878906,194.49903869628906,-81.01387786865234,grab,12,2025-11-18T11:48:25.931295,my_hand_data\videos\grab_seq12_20251118_114822_982505.avi,89.70743042900611,360,90,HIGH,VIDEO_RECORDING,2025-11-18T11:48:27.064291
2025-11-18 11:48:25.932425,265,69,HandType.Left,0.7172377705574036,-219.62705993652344,160.8065948486328,-31.40501594543457,0.9926728010177612,0.03611942008137703,0.11530885845422745,-17.234310150146484,8.401763916015625,-4.464095115661621,0.06877698749303818,0.2522358000278473,64.34122467041016,0,1,0,0,1,-157.03955078125,179.28421020507812,-28.927810668945312,-191.61329650878906,194.49903869628906,-81.01387786865234,grab,12,2025-11-18T11:48:25.932425,my_hand_data\videos\grab_seq12_20251118_114822_982505.avi,89.70743042900611,360,90,HIGH,VIDEO_RECORDING,2025-11-18T11:48:27.064291
2025-11-18 11:48:25.962970,266,69,HandType.Left,0.7162109017372131,-220.1105499267578,160.934326171875,-31.33405876159668,0.9926270842552185,0.03810485452413559,0.1150631383061409,-12.09475326538086,1.9491766691207886,3.7410659790039062,0.07275599241256714,0.24801813066005707,64.50012969970703,0,1,0,0,1,-157.49801635742188,179.44345092773438,-28.872364044189453,-192.2283935546875,194.72328186035156,-81.03168487548828,grab,12,2025-11-18T11:48:25.962970,my_hand_data\videos\grab_seq12_20251118_114822_982505.avi,89.70743042900611,360,90,HIGH,VIDEO_RECORDING,2025-11-18T11:48:27.064291
2025-11-18 11:48:25.966998,267,69,HandType.Left,0.7162109017372131,-220.1105499267578,160.934326171875,-31.33405876159668,0.9926270842552185,0.03810485452413559,0.1150631383061409,-12.09475326538086,1.9491766691207886,3.7410659790039062,0.07275599241256714,0.24801813066005707,64.50012969970703,0,1,0,0,1,-157.49801635742188,179.44345092773438,-28.872364044189453,-192.2283935546875,194.72328186035156,-81.03168487548828,grab,12,2025-11-18T11:48:25.966998,my_hand_data\videos\grab_seq12_20251118_114822_982505.avi,89.70743042900611,360,90,HIGH,VIDEO_RECORDING,2025-11-18T11:48:27.064291
2025-11-18 11:48:25.966998,268,69,HandType.Left,0.716101348400116,-220.17884826660156,160.90525817871094,-31.307287216186523,0.9925715923309326,0.039400987327098846,0.11510508507490158,-6.063945293426514,-2.5816822052001953,2.3773207664489746,0.07343271374702454,0.24578356742858887,64.49540710449219,0,1,0,0,1,-157.56594848632812,179.45994567871094,-28.83745574951172,-192.3099822998047,194.7233428955078,-80.98664855957031,grab,12,2025-11-18T11:48:25.966998,my_hand_data\videos\grab_seq12_20251118_114822_982505.avi,89.70743042900611,360,90,HIGH,VIDEO_RECORDING,2025-11-18T11:48:27.064291
2025-11-18 11:48:25.994556,269,69,HandType.Left,0.7161456942558289,-220.32789611816406,160.8208465576172,-31.267301559448242,0.9923308491706848,0.041713207960128784,0.11635944992303848,-6.695286273956299,-3.5973355770111084,0.47447800636291504,0.0745701938867569,0.24409428238868713,64.50634002685547,0,1,0,0,1,-157.72959899902344,179.55352783203125,-28.772790908813477,-192.48483276367188,194.7463836669922,-80.9486312866211,grab,12,2025-11-18T11:48:25.994556,my_hand_data\videos\grab_seq12_20251118_114822_982505.avi,89.70743042900611,360,90,HIGH,VIDEO_RECORDING,2025-11-18T11:48:27.064291
2025-11-18 11:48:25.994556,270,69,HandType.Left,0.7161456942558289,-220.32789611816406,160.8208465576172,-31.267301559448242,0.9923308491706848,0.041713207960128784,0.11635944992303848,-6.695286273956299,-3.5973355770111084,0.47447800636291504,0.0745701938867569,0.24409428238868713,64.50634002685547,0,1,0,0,1,-157.72959899902344,179.55352783203125,-28.772790908813477,-192.48483276367188,194.7463836669922,-80.9486312866211,grab,12,2025-11-18T11:48:25.994556,my_hand_data\videos\grab_seq12_20251118_114822_982505.avi,89.70743042900611,360,90,HIGH,VIDEO_RECORDING,2025-11-18T11:48:27.064291
2025-11-18 11:48:25.994556,271,69,HandType.Left,0.7165030241012573,-220.42068481445312,160.81735229492188,-31.257843017578125,0.9923175573348999,0.04211551323533058,0.11632797867059708,-8.456692695617676,-0.3183441162109375,0.8621965646743774,0.07527513056993484,0.24372346699237823,64.51993560791016,0,1,0,0,1,-157.83006286621094,179.59832763671875,-28.749666213989258,-192.5965576171875,194.7791290283203,-80.93832397460938,grab,12,2025-11-18T11:48:25.994556,my_hand_data\videos\grab_seq12_20251118_114822_982505.avi,89.70743042900611,360,90,HIGH,VIDEO_RECORDING,2025-11-18T11:48:27.064291
2025-11-18 11:48:26.026365,272,69,HandType.Left,0.7171357870101929,-220.6523895263672,160.81654357910156,-31.19560432434082,0.9922579526901245,0.04302603751420975,0.11650298535823822,-11.54007625579834,0.5933034420013428,2.917464256286621,0.0763000100851059,0.24457041919231415,64.51215362548828,0,1,0,0,1,-158.1204833984375,179.7430877685547,-28.6645565032959,-192.86712646484375,194.87860107421875,-80.86996459960938,grab,12,2025-11-18T11:48:26.026365,my_hand_data\videos\grab_seq12_20251118_114822_982505.avi,89.70743042900611,360,90,HIGH,VIDEO_RECORDING,2025-11-18T11:48:27.064291
2025-11-18 11:48:26.030039,273,69,HandType.Left,0.7171357870101929,-220.6523895263672,160.81654357910156,-31.19560432434082,0.9922579526901245,0.04302603751420975,0.11650298535823822,-11.54007625579834,0.5933034420013428,2.917464256286621,0.0763000100851059,0.24457041919231415,64.51215362548828,0,1,0,0,1,-158.1204833984375,179.7430877685547,-28.6645565032959,-192.86712646484375,194.87860107421875,-80.86996459960938,grab,12,2025-11-18T11:48:26.030039,my_hand_data\videos\grab_seq12_20251118_114822_982505.avi,89.70743042900611,360,90,HIGH,VIDEO_RECORDING,2025-11-18T11:48:27.064291
2025-11-18 11:48:26.030039,274,69,HandType.Left,0.7171357870101929,-220.6523895263672,160.81654357910156,-31.19560432434082,0.9922579526901245,0.04302603751420975,0.11650298535823822,-11.54007625579834,0.5933034420013428,2.917464256286621,0.0763000100851059,0.24457041919231415,64.51215362548828,0,1,0,0,1,-158.1204833984375,179.7430877685547,-28.6645565032959,-192.86712646484375,194.87860107421875,-80.86996459960938,grab,12,2025-11-18T11:48:26.030039,my_hand_data\videos\grab_seq12_20251118_114822_982505.avi,89.70743042900611,360,90,HIGH,VIDEO_RECORDING,2025-11-18T11:48:27.064291
2025-11-18 11:48:26.058233,275,69,HandType.Left,0.7168957591056824,-220.91226196289062,160.8993377685547,-31.1859188079834,0.9922387599945068,0.04407082125544548,0.11627572029829025,-10.716774940490723,3.662998914718628,1.008989930152893,0.07752379029989243,0.24567678570747375,64.61482238769531,0,1,0,0,1,-158.38815307617188,179.84039306640625,-28.643091201782227,-193.2102813720703,195.0757293701172,-80.89612579345703,grab,12,2025-11-18T11:48:26.058233,my_hand_data\videos\grab_seq12_20251118_114822_982505.avi,89.70743042900611,360,90,HIGH,VIDEO_RECORDING,2025-11-18T11:48:27.064291
2025-11-18 11:48:26.058233,276,69,HandType.Left,0.7168850898742676,-220.99830627441406,160.9323272705078,-31.17674446105957,0.9922438859939575,0.0441833958029747,0.11618883162736893,-7.919407367706299,3.0355794429779053,0.8443140387535095,0.0771777331829071,0.24574975669384003,64.7366714477539,0,1,0,0,1,-158.49246215820312,179.8709259033203,-28.618999481201172,-193.3857879638672,195.17869567871094,-80.95411682128906,grab,12,2025-11-18T11:48:26.058233,my_hand_data\videos\grab_seq12_20251118_114822_982505.avi,89.70743042900611,360,90,HIGH,VIDEO_RECORDING,2025-11-18T11:48:27.064291
2025-11-18 11:48:26.074357,277,69,HandType.Left,0.7167151570320129,-221.0891876220703,160.97470092773438,-31.181392669677734,0.9922552108764648,0.044103264808654785,0.11612261086702347,-8.130784034729004,3.7915775775909424,-0.4158230125904083,0.07674151659011841,0.24624082446098328,64.81283569335938,0,1,0,0,1,-158.59848022460938,179.91822814941406,-28.600078582763672,-193.5142364501953,195.26947021484375,-81.0017318725586,grab,12,2025-11-18T11:48:26.074357,my_hand_data\videos\grab_seq12_20251118_114822_982505.avi,89.70743042900611,360,90,HIGH,VIDEO_RECORDING,2025-11-18T11:48:27.064291
2025-11-18 11:48:26.090237,278,69,HandType.Left,0.716880202293396,-221.15110778808594,160.9791259765625,-31.19647979736328,0.9922374486923218,0.0443662591278553,0.1161743625998497,-5.430710315704346,0.3878883719444275,-1.3233144283294678,0.07692258805036545,0.24703432619571686,64.83533477783203,0,1,0,0,1,-158.69119262695312,179.92945861816406,-28.602516174316406,-193.6063232421875,195.34500122070312,-81.01354217529297,grab,12,2025-11-18T11:48:26.090237,my_hand_data\videos\grab_seq12_20251118_114822_982505.avi,89.70743042900611,360,90,HIGH,VIDEO_RECORDING,2025-11-18T11:48:27.064291
2025-11-18 11:48:26.091415,279,69,HandType.Left,0.7166004776954651,-221.20140075683594,161.00936889648438,-31.24010467529297,0.9922398924827576,0.04454018175601959,0.11608677357435226,-4.659459114074707,2.8021957874298096,-4.042357444763184,0.07745210826396942,0.24782979488372803,64.84257507324219,0,1,0,0,1,-158.74964904785156,179.96287536621094,-28.64119529724121,-193.67483520507812,195.37506103515625,-81.05546569824219,grab,12,2025-11-18T11:48:26.091415,my_hand_data\videos\grab_seq12_20251118_114822_982505.avi,89.70743042900611,360,90,HIGH,VIDEO_RECORDING,2025-11-18T11:48:27.064291
2025-11-18 11:48:26.106076,280,69,HandType.Left,0.7164056897163391,-221.20799255371094,160.9632568359375,-31.259532928466797,0.9922246932983398,0.04489768669009209,0.11607898771762848,-0.5766282677650452,-4.036401748657227,-1.7004319429397583,0.07753419131040573,0.24827630817890167,64.82102966308594,0,1,0,0,1,-158.7977752685547,179.96832275390625,-28.66265869140625,-193.7088623046875,195.32606506347656,-81.07564544677734,grab,12,2025-11-18T11:48:26.106076,my_hand_data\videos\grab_seq12_20251118_114822_982505.avi,89.70743042900611,360,90,HIGH,VIDEO_RECORDING,2025-11-18T11:48:27.064291
2025-11-18 11:48:26.121889,281,69,HandType.Left,0.7163694500923157,-221.2282257080078,160.89266967773438,-31.265357971191406,0.9922332167625427,0.04504387080669403,0.11594939231872559,-1.864393711090088,-6.500256061553955,-0.5363603234291077,0.07556388527154922,0.2481335550546646,64.75829315185547,0,1,0,0,1,-158.85585021972656,179.96656799316406,-28.670255661010742,-193.706298828125,195.19395446777344,-81.0840835571289,grab,12,2025-11-18T11:48:26.121889,my_hand_data\videos\grab_seq12_20251118_114822_982505.avi,89.70743042900611,360,90,HIGH,VIDEO_RECORDING,2025-11-18T11:48:27.064291
2025-11-18 11:48:26.121889,282,69,HandType.Left,0.7162235975265503,-221.270751953125,160.82579040527344,-31.295059204101562,0.9921931624412537,0.045636918395757675,0.11606010049581528,-3.8933510780334473,-6.124740123748779,-2.720033884048462,0.07493524998426437,0.24702300131320953,64.64083862304688,0,1,0,0,1,-158.8966522216797,179.9102325439453,-28.69384002685547,-193.6298065185547,194.98118591308594,-81.08574676513672,grab,12,2025-11-18T11:48:26.121889,my_hand_data\videos\grab_seq12_20251118_114822_982505.avi,89.70743042900611,360,90,HIGH,VIDEO_RECORDING,2025-11-18T11:48:27.064291
2025-11-18 11:48:26.138006,283,69,HandType.Left,0.7158105969429016,-221.34039306640625,160.76731872558594,-31.302236557006836,0.9922158122062683,0.04608110710978508,0.11569053679704666,-6.092636585235596,-5.115052700042725,-0.6279057264328003,0.07460480183362961,0.24686449766159058,64.5146484375,0,1,0,0,1,-158.967529296875,179.88023376464844,-28.7045955657959,-193.61358642578125,194.75279235839844,-81.05531311035156,grab,12,2025-11-18T11:48:26.138006,my_hand_data\videos\grab_seq12_20251118_114822_982505.avi,89.70743042900611,360,90,HIGH,VIDEO_RECORDING,2025-11-18T11:48:27.064291
2025-11-18 11:48:26.153893,284,69,HandType.Left,0.7154390811920166,-221.39892578125,160.64808654785156,-31.284717559814453,0.9922059774398804,0.047056566923856735,0.11538197845220566,-5.375601291656494,-10.949580192565918,1.6089591979980469,0.07447337359189987,0.24580034613609314,64.43191528320312,0,1,0,0,1,-159.03907775878906,179.83596801757812,-28.696266174316406,-193.63626098632812,194.57632446289062,-81.0147933959961,grab,12,2025-11-18T11:48:26.153893,my_hand_data\videos\grab_seq12_20251118_114822_982505.avi,89.70743042900611,360,90,HIGH,VIDEO_RECORDING,2025-11-18T11:48:27.064291
2025-11-18 11:48:26.159410,285,69,HandType.Left,0.7154390811920166,-221.39892578125,160.64808654785156,-31.284717559814453,0.9922059774398804,0.047056566923856735,0.11538197845220566,-5.375601291656494,-10.949580192565918,1.6089591979980469,0.07447337359189987,0.24580034613609314,64.43191528320312,0,1,0,0,1,-159.03907775878906,179.83596801757812,-28.696266174316406,-193.63626098632812,194.57632446289062,-81.0147933959961,grab,12,2025-11-18T11:48:26.159410,my_hand_data\videos\grab_seq12_20251118_114822_982505.avi,89.70743042900611,360,90,HIGH,VIDEO_RECORDING,2025-11-18T11:48:27.064291
2025-11-18 11:48:26.170169,286,69,HandType.Left,0.7154834270477295,-221.50985717773438,160.59519958496094,-31.276586532592773,0.9921781420707703,0.04805931821465492,0.11520758271217346,-9.929299354553223,-4.73506498336792,0.727788507938385,0.07489447295665741,0.2455812692642212,64.33829498291016,0,1,0,0,1,-159.1525421142578,179.85365295410156,-28.701021194458008,-193.6936492919922,194.47012329101562,-80.97612762451172,grab,12,2025-11-18T11:48:26.170169,my_hand_data\videos\grab_seq12_20251118_114822_982505.avi,89.70743042900611,360,90,HIGH,VIDEO_RECORDING,2025-11-18T11:48:27.064291
2025-11-18 11:48:26.185646,287,69,HandType.Left,0.7160415649414062,-221.87168884277344,160.70761108398438,-31.26215362548828,0.9920985698699951,0.04949425905942917,0.11528558284044266,-19.094385147094727,8.386691093444824,0.7530815601348877,0.07527582347393036,0.24493160843849182,64.22718048095703,0,1,0,0,1,-159.54183959960938,180.04721069335938,-28.704593658447266,-194.02938842773438,194.54400634765625,-80.91170501708984,grab,12,2025-11-18T11:48:26.185646,my_hand_data\videos\grab_seq12_20251118_114822_982505.avi,89.70743042900611,360,90,HIGH,VIDEO_RECORDING,2025-11-18T11:48:27.064291
2025-11-18 11:48:26.201787,288,69,HandType.Left,0.7160143256187439,-222.08587646484375,160.82418823242188,-31.22410774230957,0.9920843243598938,0.04988555982708931,0.11523953080177307,-20.021974563598633,10.897687911987305,3.556232213973999,0.07463245838880539,0.24542489647865295,64.1544189453125,0,1,0,0,1,-159.7759246826172,180.23675537109375,-28.69745445251465,-194.2412872314453,194.62255859375,-80.86043548583984,grab,12,2025-11-18T11:48:26.201787,my_hand_data\videos\grab_seq12_20251118_114822_982505.avi,89.70743042900611,360,90,HIGH,VIDEO_RECORDING,2025-11-18T11:48:27.064291
2025-11-18 11:48:26.201787,289,69,HandType.Left,0.7158483862876892,-222.21432495117188,160.9167022705078,-31.189104080200195,0.9920303821563721,0.05031324550509453,0.11551736295223236,-11.442203521728516,8.241364479064941,3.1181042194366455,0.07324748486280441,0.24528083205223083,64.16988372802734,0,1,0,0,1,-159.92831420898438,180.36412048339844,-28.68267822265625,-194.40928649902344,194.77015686035156,-80.84878540039062,grab,12,2025-11-18T11:48:26.201787,my_hand_data\videos\grab_seq12_20251118_114822_982505.avi,89.70743042900611,360,90,HIGH,VIDEO_RECORDING,2025-11-18T11:48:27.064291
2025-11-18 11:48:26.201787,290,69,HandType.Left,0.7158483862876892,-222.21432495117188,160.9167022705078,-31.189104080200195,0.9920303821563721,0.05031324550509453,0.11551736295223236,-11.442203521728516,8.241364479064941,3.1181042194366455,0.07324748486280441,0.24528083205223083,64.16988372802734,0,1,0,0,1,-159.92831420898438,180.36412048339844,-28.68267822265625,-194.40928649902344,194.77015686035156,-80.84878540039062,grab,12,2025-11-18T11:48:26.201787,my_hand_data\videos\grab_seq12_20251118_114822_982505.avi,89.70743042900611,360,90,HIGH,VIDEO_RECORDING,2025-11-18T11:48:27.064291
2025-11-18 11:48:26.233493,291,69,HandType.Left,0.7153876423835754,-222.49302673339844,161.1831817626953,-31.107051849365234,0.9919356107711792,0.050899438560009,0.11607299000024796,-11.690969467163086,12.312695503234863,3.156801462173462,0.07214848697185516,0.2456454187631607,64.1351089477539,0,1,0,0,1,-160.2282257080078,180.70545959472656,-28.656225204467773,-194.70945739746094,195.10186767578125,-80.78203582763672,grab,12,2025-11-18T11:48:26.233493,my_hand_data\videos\grab_seq12_20251118_114822_982505.avi,89.70743042900611,360,90,HIGH,VIDEO_RECORDING,2025-11-18T11:48:27.064291
2025-11-18 11:48:26.239457,292,69,HandType.Left,0.7151262760162354,-222.56105041503906,161.28872680664062,-31.066940307617188,0.9918971657752991,0.05095589905977249,0.11637678742408752,-6.21051549911499,9.635055541992188,3.661790609359741,0.0716581866145134,0.24605637788772583,64.1083755493164,0,1,0,0,1,-160.34519958496094,180.8579864501953,-28.64059829711914,-194.80325317382812,195.26242065429688,-80.74662780761719,grab,12,2025-11-18T11:48:26.239457,my_hand_data\videos\grab_seq12_20251118_114822_982505.avi,89.70743042900611,360,90,HIGH,VIDEO_RECORDING,2025-11-18T11:48:27.064291
2025-11-18 11:48:26.249366,293,69,HandType.Left,0.7152559757232666,-222.66285705566406,161.4293212890625,-31.015254974365234,0.9919451475143433,0.050608038902282715,0.11611912399530411,-8.95556354522705,12.367039680480957,4.546523094177246,0.07170839607715607,0.2465565800666809,64.0788345336914,0,1,0,0,1,-160.4608612060547,181.0087432861328,-28.627578735351562,-194.9097137451172,195.41758728027344,-80.7021255493164,grab,12,2025-11-18T11:48:26.249366,my_hand_data\videos\grab_seq12_20251118_114822_982505.avi,89.70743042900611,360,90,HIGH,VIDEO_RECORDING,2025-11-18T11:48:27.064291
2025-11-18 11:48:26.265326,294,69,HandType.Left,0.7154330611228943,-222.75247192382812,161.57164001464844,-30.964054107666016,0.9919520020484924,0.05028488114476204,0.11620092391967773,-8.041912078857422,12.773244857788086,4.595020294189453,0.07125481218099594,0.24812811613082886,64.03955078125,0,1,0,0,1,-160.594970703125,181.1626739501953,-28.597591400146484,-195.0054473876953,195.5841522216797,-80.64568328857422,grab,12,2025-11-18T11:48:26.265326,my_hand_data\videos\grab_seq12_20251118_114822_982505.avi,89.70743042900611,360,90,HIGH,VIDEO_RECORDING,2025-11-18T11:48:27.064291
2025-11-18 11:48:26.265326,295,69,HandType.Left,0.7154330611228943,-222.75247192382812,161.57164001464844,-30.964054107666016,0.9919520020484924,0.05028488114476204,0.11620092391967773,-8.041912078857422,12.773244857788086,4.595020294189453,0.07125481218099594,0.24812811613082886,64.03955078125,0,1,0,0,1,-160.594970703125,181.1626739501953,-28.597591400146484,-195.0054473876953,195.5841522216797,-80.64568328857422,grab,12,2025-11-18T11:48:26.265326,my_hand_data\videos\grab_seq12_20251118_114822_982505.avi,89.70743042900611,360,90,HIGH,VIDEO_RECORDING,2025-11-18T11:48:27.064291
2025-11-18 11:48:26.281188,296,69,HandType.Left,0.7154726982116699,-222.83197021484375,161.7311553955078,-30.93638038635254,0.9919676184654236,0.050015758723020554,0.11618378013372421,-7.065169334411621,14.177546501159668,2.459638833999634,0.07069320231676102,0.2498345971107483,64.01408386230469,0,1,0,0,1,-160.71945190429688,181.32119750976562,-28.58570098876953,-195.0971221923828,195.7875518798828,-80.61168670654297,grab,12,2025-11-18T11:48:26.281188,my_hand_data\videos\grab_seq12_20251118_114822_982505.avi,89.70743042900611,360,90,HIGH,VIDEO_RECORDING,2025-11-18T11:48:27.064291
2025-11-18 11:48:26.297243,297,69,HandType.Left,0.7160357236862183,-222.96701049804688,161.97691345214844,-30.868045806884766,0.9920037984848022,0.048846665769815445,0.1163720041513443,-5.408461093902588,11.529008865356445,2.889723062515259,0.0700477883219719,0.25393879413604736,63.97594451904297,0,1,0,0,1,-160.928955078125,181.55471801757812,-28.58042335510254,-195.25469970703125,196.12852478027344,-80.56377410888672,grab,12,2025-11-18T11:48:26.297243,my_hand_data\videos\grab_seq12_20251118_114822_982505.avi,89.70743042900611,360,90,HIGH,VIDEO_RECORDING,2025-11-18T11:48:27.064291
2025-11-18 11:48:26.313341,298,69,HandType.Left,0.7160314917564392,-222.96714782714844,162.0557403564453,-30.849254608154297,0.9920252561569214,0.04812284931540489,0.1164909228682518,-0.01208539493381977,7.093562126159668,1.6908931732177734,0.06974968314170837,0.25568485260009766,63.946502685546875,0,1,0,0,1,-161.02444458007812,181.63401794433594,-28.58332633972168,-195.2786407470703,196.23768615722656,-80.56926727294922,grab,12,2025-11-18T11:48:26.313341,my_hand_data\videos\grab_seq12_20251118_114822_982505.avi,89.70743042900611,360,90,HIGH,VIDEO_RECORDING,2025-11-18T11:48:27.064291
2025-11-18 11:48:26.313341,299,69,HandType.Left,0.7160955667495728,-223.03433227539062,162.16851806640625,-30.80841827392578,0.992130696773529,0.046700529754161835,0.11617104709148407,-5.989879608154297,10.05577278137207,3.6413371562957764,0.06965560466051102,0.2577301859855652,63.854209899902344,0,1,0,0,1,-161.17897033691406,181.76101684570312,-28.61127471923828,-195.3421173095703,196.327392578125,-80.55413055419922,grab,12,2025-11-18T11:48:26.313341,my_hand_data\videos\grab_seq12_20251118_114822_982505.avi,89.70743042900611,360,90,HIGH,VIDEO_RECORDING,2025-11-18T11:48:27.064291
2025-11-18 11:48:26.329249,300,69,HandType.Left,0.7159554362297058,-223.1243438720703,162.2326202392578,-30.768701553344727,0.992149293422699,0.04626282677054405,0.11618731915950775,-8.26546859741211,5.8857879638671875,3.6467602252960205,0.06972315162420273,0.25978732109069824,63.75482177734375,0,1,0,0,1,-161.31594848632812,181.82789611816406,-28.620012283325195,-195.3974609375,196.38983154296875,-80.49561309814453,grab,12,2025-11-18T11:48:26.329249,my_hand_data\videos\grab_seq12_20251118_114822_982505.avi,89.70743042900611,360,90,HIGH,VIDEO_RECORDING,2025-11-18T11:48:27.064291
2025-11-18 11:48:26.345385,301,69,HandType.Left,0.716450572013855,-223.1920166015625,162.2287139892578,-30.756793975830078,0.9921685457229614,0.045926883816719055,0.11615617573261261,-6.201317310333252,-0.35821160674095154,1.0911076068878174,0.06979362666606903,0.2608519196510315,63.64613342285156,0,1,0,0,1,-161.44615173339844,181.82786560058594,-28.6312255859375,-195.37832641601562,196.3695831298828,-80.47692108154297,grab,12,2025-11-18T11:48:26.345385,my_hand_data\videos\grab_seq12_20251118_114822_982505.avi,89.70743042900611,360,90,HIGH,VIDEO_RECORDING,2025-11-18T11:48:27.064291
2025-11-18 11:48:26.375501,302,69,HandType.Left,0.7169386148452759,-223.4954376220703,162.20494079589844,-30.714080810546875,0.9924088716506958,0.04381921514868736,0.11491069942712784,-10.94548511505127,-0.6755856871604919,0.016344115138053894,0.06885137408971786,0.26265427470207214,63.432498931884766,0,1,0,0,1,-161.7446746826172,181.73670959472656,-28.62462615966797,-195.46051025390625,196.12075805664062,-80.39356994628906,grab,12,2025-11-18T11:48:26.375501,my_hand_data\videos\grab_seq12_20251118_114822_982505.avi,89.70743042900611,360,90,HIGH,VIDEO_RECORDING,2025-11-18T11:48:27.064291
2025-11-18 11:48:26.377597,303,69,HandType.Left,0.7165960073471069,-223.56553649902344,162.16871643066406,-30.72411346435547,0.9924745559692383,0.04336702451109886,0.11451422423124313,-6.375539779663086,-3.2951111793518066,-0.9124804735183716,0.06823308020830154,0.2631511092185974,63.42519760131836,0,1,0,0,1,-161.7867431640625,181.68038940429688,-28.643674850463867,-195.5049285888672,196.0648956298828,-80.40201568603516,grab,12,2025-11-18T11:48:26.377597,my_hand_data\videos\grab_seq12_20251118_114822_982505.avi,89.70743042900611,360,90,HIGH,VIDEO_RECORDING,2025-11-18T11:48:27.064291
2025-11-18 11:48:26.387657,304,69,HandType.Left,0.7165960073471069,-223.56553649902344,162.16871643066406,-30.72411346435547,0.9924745559692383,0.04336702451109886,0.11451422423124313,-6.375539779663086,-3.2951111793518066,-0.9124804735183716,0.06823308020830154,0.2631511092185974,63.42519760131836,0,1,0,0,1,-161.7867431640625,181.68038940429688,-28.643674850463867,-195.5049285888672,196.0648956298828,-80.40201568603516,grab,12,2025-11-18T11:48:26.387657,my_hand_data\videos\grab_seq12_20251118_114822_982505.avi,89.70743042900611,360,90,HIGH,VIDEO_RECORDING,2025-11-18T11:48:27.064291
2025-11-18 11:48:26.387657,305,69,HandType.Left,0.7165960073471069,-223.56553649902344,162.16871643066406,-30.72411346435547,0.9924745559692383,0.04336702451109886,0.11451422423124313,-6.375539779663086,-3.2951111793518066,-0.9124804735183716,0.06823308020830154,0.2631511092185974,63.42519760131836,0,1,0,0,1,-161.7867431640625,181.68038940429688,-28.643674850463867,-195.5049285888672,196.0648956298828,-80.40201568603516,grab,12,2025-11-18T11:48:26.387657,my_hand_data\videos\grab_seq12_20251118_114822_982505.avi,89.70743042900611,360,90,HIGH,VIDEO_RECORDING,2025-11-18T11:48:27.064291
2025-11-18 11:48:26.393762,306,69,HandType.Left,0.7165219187736511,-223.60659790039062,162.12461853027344,-30.735868453979492,0.9925112128257751,0.0429551787674427,0.1143517792224884,-3.7305219173431396,-4.004727363586426,-1.067845344543457,0.06718447059392929,0.26406869292259216,63.397186279296875,0,1,0,0,1,-161.82017517089844,181.6363983154297,-28.664249420166016,-195.49713134765625,195.98348999023438,-80.42549896240234,grab,12,2025-11-18T11:48:26.393762,my_hand_data\videos\grab_seq12_20251118_114822_982505.avi,89.70743042900611,360,90,HIGH,VIDEO_RECORDING,2025-11-18T11:48:27.064291
2025-11-18 11:48:26.393762,307,69,HandType.Left,0.7165032625198364,-223.6188507080078,162.0791473388672,-30.774555206298828,0.9925511479377747,0.04261863976716995,0.11413075774908066,-1.1099337339401245,-4.122621536254883,-3.506800413131714,0.06663438677787781,0.2642536759376526,63.4057502746582,0,1,0,0,1,-161.82666015625,181.59156799316406,-28.701669692993164,-195.49337768554688,195.90956115722656,-80.48812103271484,grab,12,2025-11-18T11:48:26.393762,my_hand_data\videos\grab_seq12_20251118_114822_982505.avi,89.70743042900611,360,90,HIGH,VIDEO_RECORDING,2025-11-18T11:48:27.064291
2025-11-18 11:48:26.425564,308,69,HandType.Left,0.7163125276565552,-223.60430908203125,162.05404663085938,-30.824499130249023,0.9926440715789795,0.04190419241786003,0.11358599364757538,1.3041090965270996,-2.2514712810516357,-4.479125022888184,0.0668337419629097,0.26471370458602905,63.43816375732422,0,1,0,0,1,-161.81068420410156,181.57156372070312,-28.76599884033203,-195.4907684326172,195.87994384765625,-80.58609771728516,grab,12,2025-11-18T11:48:26.425564,my_hand_data\videos\grab_seq12_20251118_114822_982505.avi,89.70743042900611,360,90,HIGH,VIDEO_RECORDING,2025-11-18T11:48:27.064291
2025-11-18 11:48:26.429687,309,69,HandType.Left,0.7163304686546326,-223.59181213378906,162.0332489013672,-30.875389099121094,0.9926796555519104,0.04145839065313339,0.1134386733174324,1.1245766878128052,-1.8713834285736084,-4.5790486335754395,0.06713700294494629,0.264734148979187,63.45268249511719,0,1,0,0,1,-161.7987823486328,181.5546417236328,-28.834331512451172,-195.46823120117188,195.83290100097656,-80.68741607666016,grab,12,2025-11-18T11:48:26.429687,my_hand_data\videos\grab_seq12_20251118_114822_982505.avi,89.70743042900611,360,90,HIGH,VIDEO_RECORDING,2025-11-18T11:48:27.064291
2025-11-18 11:48:26.441616,310,69,HandType.Left,0.7161127328872681,-223.5832061767578,162.0116424560547,-30.924318313598633,0.9926912784576416,0.04133986309170723,0.11338023096323013,0.770092248916626,-1.9324959516525269,-4.378384590148926,0.06749384105205536,0.2632826268672943,63.51714324951172,0,1,0,0,1,-161.77183532714844,181.5347900390625,-28.900663375854492,-195.48501586914062,195.81765747070312,-80.80296325683594,grab,12,2025-11-18T11:48:26.441616,my_hand_data\videos\grab_seq12_20251118_114822_982505.avi,89.70743042900611,360,90,HIGH,VIDEO_RECORDING,2025-11-18T11:48:27.064291
2025-11-18 11:48:26.441616,311,69,HandType.Left,0.7161127328872681,-223.5832061767578,162.0116424560547,-30.924318313598633,0.9926912784576416,0.04133986309170723,0.11338023096323013,0.770092248916626,-1.9324959516525269,-4.378384590148926,0.06749384105205536,0.2632826268672943,63.51714324951172,0,1,0,0,1,-161.77183532714844,181.5347900390625,-28.900663375854492,-195.48501586914062,195.81765747070312,-80.80296325683594,grab,12,2025-11-18T11:48:26.441616,my_hand_data\videos\grab_seq12_20251118_114822_982505.avi,89.70743042900611,360,90,HIGH,VIDEO_RECORDING,2025-11-18T11:48:27.064291
2025-11-18 11:48:26.473521,312,69,HandType.Left,0.715465784072876,-223.5467071533203,161.87081909179688,-31.07386589050293,0.9926139116287231,0.04234939441084862,0.11368429660797119,-0.6631709337234497,-1.028246521949768,-6.025613307952881,0.06802058964967728,0.26061031222343445,63.559349060058594,0,1,0,0,1,-161.71446228027344,181.39305114746094,-29.07999038696289,-195.49620056152344,195.701904296875,-80.98222351074219,grab,12,2025-11-18T11:48:26.473521,my_hand_data\videos\grab_seq12_20251118_114822_982505.avi,89.70743042900611,360,90,HIGH,VIDEO_RECORDING,2025-11-18T11:48:27.064291
2025-11-18 11:48:26.473521,313,69,HandType.Left,0.715465784072876,-223.5467071533203,161.87081909179688,-31.07386589050293,0.9926139116287231,0.04234939441084862,0.11368429660797119,-0.6631709337234497,-1.028246521949768,-6.025613307952881,0.06802058964967728,0.26061031222343445,63.559349060058594,0,1,0,0,1,-161.71446228027344,181.39305114746094,-29.07999038696289,-195.49620056152344,195.701904296875,-80.98222351074219,grab,12,2025-11-18T11:48:26.473521,my_hand_data\videos\grab_seq12_20251118_114822_982505.avi,89.70743042900611,360,90,HIGH,VIDEO_RECORDING,2025-11-18T11:48:27.064291
2025-11-18 11:48:26.473521,314,69,HandType.Left,0.7155712842941284,-223.58995056152344,161.8695526123047,-31.086793899536133,0.9926365613937378,0.04251357913017273,0.11342522501945496,-3.9429104328155518,-0.11511606723070145,-1.178836464881897,0.06817236542701721,0.2600918412208557,63.54629898071289,0,1,0,0,1,-161.75872802734375,181.4005889892578,-29.10833740234375,-195.53250122070312,195.68096923828125,-81.00761413574219,grab,12,2025-11-18T11:48:26.473521,my_hand_data\videos\grab_seq12_20251118_114822_982505.avi,89.70743042900611,360,90,HIGH,VIDEO_RECORDING,2025-11-18T11:48:27.064291
2025-11-18 11:48:26.505761,315,69,HandType.Left,0.7159249782562256,-223.6661376953125,161.86546325683594,-31.08429527282715,0.9926804304122925,0.04305105656385422,0.11283688247203827,-2.447413444519043,-1.5930964946746826,1.1498395204544067,0.06909279525279999,0.26117151975631714,63.467769622802734,0,1,0,0,1,-161.8495635986328,181.4497833251953,-29.15812110900879,-195.57925415039062,195.6741485595703,-81.00533294677734,grab,12,2025-11-18T11:48:26.505761,my_hand_data\videos\grab_seq12_20251118_114822_982505.avi,89.70743042900611,360,90,HIGH,VIDEO_RECORDING,2025-11-18T11:48:27.064291
2025-11-18 11:48:26.505761,316,69,HandType.Left,0.7159249782562256,-223.6661376953125,161.86546325683594,-31.08429527282715,0.9926804304122925,0.04305105656385422,0.11283688247203827,-2.447413444519043,-1.5930964946746826,1.1498395204544067,0.06909279525279999,0.26117151975631714,63.467769622802734,0,1,0,0,1,-161.8495635986328,181.4497833251953,-29.15812110900879,-195.57925415039062,195.6741485595703,-81.00533294677734,grab,12,2025-11-18T11:48:26.505761,my_hand_data\videos\grab_seq12_20251118_114822_982505.avi,89.70743042900611,360,90,HIGH,VIDEO_RECORDING,2025-11-18T11:48:27.064291
2025-11-18 11:48:26.505761,317,69,HandType.Left,0.7159249782562256,-223.6661376953125,161.86546325683594,-31.08429527282715,0.9926804304122925,0.04305105656385422,0.11283688247203827,-2.447413444519043,-1.5930964946746826,1.1498395204544067,0.06909279525279999,0.26117151975631714,63.467769622802734,0,1,0,0,1,-161.8495635986328,181.4497833251953,-29.15812110900879,-195.57925415039062,195.6741485595703,-81.00533294677734,grab,12,2025-11-18T11:48:26.505761,my_hand_data\videos\grab_seq12_20251118_114822_982505.avi,89.70743042900611,360,90,HIGH,VIDEO_RECORDING,2025-11-18T11:48:27.064291
2025-11-18 11:48:26.537615,318,69,HandType.Left,0.715306282043457,-223.771240234375,161.82412719726562,-30.95478057861328,0.9926908612251282,0.04346282035112381,0.11258722841739655,-3.4997382164001465,-0.37146109342575073,5.576165199279785,0.06955521553754807,0.2574315667152405,63.3697509765625,0,1,0,0,1,-161.98471069335938,181.48219299316406,-29.058881759643555,-195.6586456298828,195.64797973632812,-80.83843231201172,grab,12,2025-11-18T11:48:26.537615,my_hand_data\videos\grab_seq12_20251118_114822_982505.avi,89.70743042900611,360,90,HIGH,VIDEO_RECORDING,2025-11-18T11:48:27.064291
2025-11-18 11:48:26.539624,319,69,HandType.Left,0.715306282043457,-223.771240234375,161.82412719726562,-30.95478057861328,0.9926908612251282,0.04346282035112381,0.11258722841739655,-3.4997382164001465,-0.37146109342575073,5.576165199279785,0.06955521553754807,0.2574315667152405,63.3697509765625,0,1,0,0,1,-161.98471069335938,181.48219299316406,-29.058881759643555,-195.6586456298828,195.64797973632812,-80.83843231201172,grab,12,2025-11-18T11:48:26.539624,my_hand_data\videos\grab_seq12_20251118_114822_982505.avi,89.70743042900611,360,90,HIGH,VIDEO_RECORDING,2025-11-18T11:48:27.064291
2025-11-18 11:48:26.539624,320,69,HandType.Left,0.715306282043457,-223.771240234375,161.82412719726562,-30.95478057861328,0.9926908612251282,0.04346282035112381,0.11258722841739655,-3.4997382164001465,-0.37146109342575073,5.576165199279785,0.06955521553754807,0.2574315667152405,63.3697509765625,0,1,0,0,1,-161.98471069335938,181.48219299316406,-29.058881759643555,-195.6586456298828,195.64797973632812,-80.83843231201172,grab,12,2025-11-18T11:48:26.539624,my_hand_data\videos\grab_seq12_20251118_114822_982505.avi,89.70743042900611,360,90,HIGH,VIDEO_RECORDING,2025-11-18T11:48:27.064291
2025-11-18 11:48:26.568635,321,69,HandType.Left,0.7153208255767822,-223.8977813720703,161.9081268310547,-30.875526428222656,0.9927016496658325,0.04381236061453819,0.112356036901474,-7.4472150802612305,6.963877201080322,4.295029163360596,0.06887951493263245,0.256905734539032,63.365478515625,0,1,0,0,1,-162.11184692382812,181.5928497314453,-29.00220489501953,-195.8498992919922,195.7550811767578,-80.7357406616211,grab,12,2025-11-18T11:48:26.568635,my_hand_data\videos\grab_seq12_20251118_114822_982505.avi,89.70743042900611,360,90,HIGH,VIDEO_RECORDING,2025-11-18T11:48:27.064291
2025-11-18 11:48:26.568635,322,69,HandType.Left,0.7153929471969604,-223.97018432617188,161.9907684326172,-30.806434631347656,0.9927764534950256,0.04329495131969452,0.11189483106136322,-6.646088123321533,7.585809707641602,6.342280387878418,0.06861114501953125,0.2563713490962982,63.357582092285156,0,1,0,0,1,-162.18492126464844,181.68075561523438,-28.95275115966797,-195.9324951171875,195.7960205078125,-80.68324279785156,grab,12,2025-11-18T11:48:26.568635,my_hand_data\videos\grab_seq12_20251118_114822_982505.avi,89.70743042900611,360,90,HIGH,VIDEO_RECORDING,2025-11-18T11:48:27.064291
2025-11-18 11:48:26.568635,323,69,HandType.Left,0.7153929471969604,-223.97018432617188,161.9907684326172,-30.806434631347656,0.9927764534950256,0.04329495131969452,0.11189483106136322,-6.646088123321533,7.585809707641602,6.342280387878418,0.06861114501953125,0.2563713490962982,63.357582092285156,0,1,0,0,1,-162.18492126464844,181.68075561523438,-28.95275115966797,-195.9324951171875,195.7960205078125,-80.68324279785156,grab,12,2025-11-18T11:48:26.568635,my_hand_data\videos\grab_seq12_20251118_114822_982505.avi,89.70743042900611,360,90,HIGH,VIDEO_RECORDING,2025-11-18T11:48:27.064291
2025-11-18 11:48:26.600733,324,69,HandType.Left,0.7158478498458862,-224.0761260986328,162.13711547851562,-30.712202072143555,0.992843508720398,0.04306531697511673,0.11138730496168137,-5.032597541809082,7.129717826843262,4.030156135559082,0.06765938550233841,0.2561410665512085,63.27154541015625,0,1,0,0,1,-162.27462768554688,181.8560791015625,-28.873130798339844,-196.0250244140625,195.81980895996094,-80.53755950927734,grab,12,2025-11-18T11:48:26.600733,my_hand_data\videos\grab_seq12_20251118_114822_982505.avi,89.70743042900611,360,90,HIGH,VIDEO_RECORDING,2025-11-18T11:48:27.064291
2025-11-18 11:48:26.600733,325,69,HandType.Left,0.716072678565979,-224.0888214111328,162.19711303710938,-30.679380416870117,0.992858350276947,0.043104059994220734,0.11124010384082794,-1.119551658630371,5.28892707824707,2.893125295639038,0.0671413391828537,0.2568182051181793,63.24047088623047,0,1,0,0,1,-162.2929229736328,181.93373107910156,-28.85188102722168,-196.0414276123047,195.8740692138672,-80.48580932617188,grab,12,2025-11-18T11:48:26.600733,my_hand_data\videos\grab_seq12_20251118_114822_982505.avi,89.70743042900611,360,90,HIGH,VIDEO_RECORDING,2025-11-18T11:48:27.064291
2025-11-18 11:48:26.616969,326,69,HandType.Left,0.7160753011703491,-224.09445190429688,162.25538635253906,-30.658384323120117,0.9928494095802307,0.043477509170770645,0.11117465794086456,-0.5305378437042236,5.494631290435791,1.9799762964248657,0.06605128943920135,0.25588855147361755,63.280330657958984,0,1,0,0,1,-162.2938690185547,181.98484802246094,-28.83507537841797,-196.1034393310547,195.9575653076172,-80.4691390991211,grab,12,2025-11-18T11:48:26.616969,my_hand_data\videos\grab_seq12_20251118_114822_982505.avi,89.70743042900611,360,90,HIGH,VIDEO_RECORDING,2025-11-18T11:48:27.064291
2025-11-18 11:48:26.632675,327,69,HandType.Left,0.7160657644271851,-224.1016845703125,162.3204803466797,-30.644454956054688,0.9928488731384277,0.043848682194948196,0.11103349179029465,-0.635208249092102,5.712349891662598,1.2223025560379028,0.06487837433815002,0.2562689781188965,63.34048080444336,0,1,0,0,1,-162.27728271484375,182.03857421875,-28.83527374267578,-196.17625427246094,196.07644653320312,-80.466796875,grab,12,2025-11-18T11:48:26.632675,my_hand_data\videos\grab_seq12_20251118_114822_982505.avi,89.70743042900611,360,90,HIGH,VIDEO_RECORDING,2025-11-18T11:48:27.064291
2025-11-18 11:48:26.632675,328,69,HandType.Left,0.7160657644271851,-224.1016845703125,162.3204803466797,-30.644454956054688,0.9928488731384277,0.043848682194948196,0.11103349179029465,-0.635208249092102,5.712349891662598,1.2223025560379028,0.06487837433815002,0.2562689781188965,63.34048080444336,0,1,0,0,1,-162.27728271484375,182.03857421875,-28.83527374267578,-196.17625427246094,196.07644653320312,-80.466796875,grab,12,2025-11-18T11:48:26.632675,my_hand_data\videos\grab_seq12_20251118_114822_982505.avi,89.70743042900611,360,90,HIGH,VIDEO_RECORDING,2025-11-18T11:48:27.064291
2025-11-18 11:48:26.648427,329,69,HandType.Left,0.7161451578140259,-224.13543701171875,162.39183044433594,-30.629045486450195,0.9928493499755859,0.043956246227025986,0.11098650097846985,-3.180845260620117,6.722732067108154,1.4521514177322388,0.06327875703573227,0.2569444477558136,63.347408294677734,0,1,0,0,1,-162.282470703125,182.10043334960938,-28.826370239257812,-196.2032928466797,196.1319122314453,-80.45378112792969,grab,12,2025-11-18T11:48:26.648427,my_hand_data\videos\grab_seq12_20251118_114822_982505.avi,89.70743042900611,360,90,HIGH,VIDEO_RECORDING,2025-11-18T11:48:27.064291
2025-11-18 11:48:26.664633,330,69,HandType.Left,0.7156162261962891,-224.25418090820312,162.59002685546875,-30.615188598632812,0.9928964972496033,0.04437810182571411,0.1103953868150711,-4.594048500061035,7.192692279815674,0.9452632069587708,0.061292972415685654,0.2605375051498413,63.42538833618164,0,1,0,0,1,-162.35989379882812,182.2550811767578,-28.82443618774414,-196.39427185058594,196.35939025878906,-80.45301055908203,grab,12,2025-11-18T11:48:26.664633,my_hand_data\videos\grab_seq12_20251118_114822_982505.avi,89.70743042900611,360,90,HIGH,VIDEO_RECORDING,2025-11-18T11:48:27.064291
2025-11-18 11:48:26.664633,331,69,HandType.Left,0.7152548432350159,-224.32345581054688,162.65235900878906,-30.56672477722168,0.9928977489471436,0.04474811255931854,0.11023437976837158,-6.593740463256836,5.932693958282471,4.612436294555664,0.060800693929195404,0.2629377245903015,63.41422653198242,0,1,0,0,1,-162.41676330566406,182.31332397460938,-28.79688835144043,-196.47793579101562,196.41513061523438,-80.3947525024414,grab,12,2025-11-18T11:48:26.664633,my_hand_data\videos\grab_seq12_20251118_114822_982505.avi,89.70743042900611,360,90,HIGH,VIDEO_RECORDING,2025-11-18T11:48:27.064291
2025-11-18 11:48:26.696353,332,69,HandType.Left,0.7146931290626526,-224.40028381347656,162.6780242919922,-30.48267936706543,0.9928104877471924,0.0460033155977726,0.11050332337617874,-2.661949396133423,0.4794180393218994,3.2444076538085938,0.06000414863228798,0.26607128977775574,63.4195556640625,0,1,0,0,1,-162.4491424560547,182.35394287109375,-28.72652244567871,-196.58181762695312,196.4677276611328,-80.2803955078125,grab,12,2025-11-18T11:48:26.696353,my_hand_data\videos\grab_seq12_20251118_114822_982505.avi,89.70743042900611,360,90,HIGH,VIDEO_RECORDING,2025-11-18T11:48:27.064291
2025-11-18 11:48:26.696353,333,69,HandType.Left,0.7146931290626526,-224.40028381347656,162.6780242919922,-30.48267936706543,0.9928104877471924,0.0460033155977726,0.11050332337617874,-2.661949396133423,0.4794180393218994,3.2444076538085938,0.06000414863228798,0.26607128977775574,63.4195556640625,0,1,0,0,1,-162.4491424560547,182.35394287109375,-28.72652244567871,-196.58181762695312,196.4677276611328,-80.2803955078125,grab,12,2025-11-18T11:48:26.696353,my_hand_data\videos\grab_seq12_20251118_114822_982505.avi,89.70743042900611,360,90,HIGH,VIDEO_RECORDING,2025-11-18T11:48:27.064291
2025-11-18 11:48:26.696353,334,69,HandType.Left,0.7148287296295166,-224.4499053955078,162.6908721923828,-30.461088180541992,0.9927715063095093,0.04698111489415169,0.11044224351644516,-4.465248107910156,1.1566028594970703,1.9428027868270874,0.059246521443128586,0.2671751379966736,63.40644073486328,0,1,0,0,1,-162.4850311279297,182.38534545898438,-28.712726593017578,-196.62684631347656,196.49794006347656,-80.24473571777344,grab,12,2025-11-18T11:48:26.696353,my_hand_data\videos\grab_seq12_20251118_114822_982505.avi,89.70743042900611,360,90,HIGH,VIDEO_RECORDING,2025-11-18T11:48:27.064291
2025-11-18 11:48:26.728228,335,69,HandType.Left,0.7149755358695984,-224.51422119140625,162.70443725585938,-30.420934677124023,0.992709755897522,0.04779735207557678,0.11064697802066803,-5.7297444343566895,1.2086174488067627,3.576775312423706,0.05845337733626366,0.26720964908599854,63.38429260253906,0,1,0,0,1,-162.53334045410156,182.41830444335938,-28.682350158691406,-196.67453002929688,196.5088348388672,-80.19355773925781,grab,12,2025-11-18T11:48:26.728228,my_hand_data\videos\grab_seq12_20251118_114822_982505.avi,89.70743042900611,360,90,HIGH,VIDEO_RECORDING,2025-11-18T11:48:27.064291
2025-11-18 11:48:26.728228,336,69,HandType.Left,0.7153775691986084,-224.5416259765625,162.71484375,-30.404512405395508,0.9926450848579407,0.0487055703997612,0.11083101481199265,-2.4657022953033447,0.9358824491500854,1.4779921770095825,0.058077823370695114,0.2675093412399292,63.3507080078125,0,1,0,0,1,-162.56973266601562,182.5118865966797,-28.683696746826172,-196.69471740722656,196.546142578125,-80.1796875,grab,12,2025-11-18T11:48:26.728228,my_hand_data\videos\grab_seq12_20251118_114822_982505.avi,89.70743042900611,360,90,HIGH,VIDEO_RECORDING,2025-11-18T11:48:27.064291
2025-11-18 11:48:26.728228,337,69,HandType.Left,0.715282678604126,-224.5612335205078,162.73558044433594,-30.381393432617188,0.992549479007721,0.04958551749587059,0.11129622161388397,-1.7807220220565796,1.8834338188171387,2.099888324737549,0.057732176035642624,0.26785367727279663,63.3262825012207,0,1,0,0,1,-162.6166534423828,182.58380126953125,-28.673681259155273,-196.72503662109375,196.57095336914062,-80.16344451904297,grab,12,2025-11-18T11:48:26.728228,my_hand_data\videos\grab_seq12_20251118_114822_982505.avi,89.70743042900611,360,90,HIGH,VIDEO_RECORDING,2025-11-18T11:48:27.064291
2025-11-18 11:48:26.760121,338,69,HandType.Left,0.7149372100830078,-224.66575622558594,162.8774871826172,-30.36382293701172,0.9924733638763428,0.050340183079242706,0.11163531243801117,-3.543306827545166,8.082812309265137,-0.7943635582923889,0.05576260760426521,0.269562304019928,63.357452392578125,0,1,0,0,1,-162.72398376464844,182.76011657714844,-28.66843032836914,-196.8778076171875,196.74441528320312,-80.16719055175781,grab,12,2025-11-18T11:48:26.760121,my_hand_data\videos\grab_seq12_20251118_114822_982505.avi,89.70743042900611,360,90,HIGH,VIDEO_RECORDING,2025-11-18T11:48:27.064291
2025-11-18 11:48:26.760121,339,69,HandType.Left,0.7149372100830078,-224.66575622558594,162.8774871826172,-30.36382293701172,0.9924733638763428,0.050340183079242706,0.11163531243801117,-3.543306827545166,8.082812309265137,-0.7943635582923889,0.05576260760426521,0.269562304019928,63.357452392578125,0,1,0,0,1,-162.72398376464844,182.76011657714844,-28.66843032836914,-196.8778076171875,196.74441528320312,-80.16719055175781,grab,12,2025-11-18T11:48:26.760121,my_hand_data\videos\grab_seq12_20251118_114822_982505.avi,89.70743042900611,360,90,HIGH,VIDEO_RECORDING,2025-11-18T11:48:27.064291
2025-11-18 11:48:26.760121,340,69,HandType.Left,0.7149372100830078,-224.66575622558594,162.8774871826172,-30.36382293701172,0.9924733638763428,0.050340183079242706,0.11163531243801117,-3.543306827545166,8.082812309265137,-0.7943635582923889,0.05576260760426521,0.269562304019928,63.357452392578125,0,1,0,0,1,-162.72398376464844,182.76011657714844,-28.66843032836914,-196.8778076171875,196.74441528320312,-80.16719055175781,grab,12,2025-11-18T11:48:26.760121,my_hand_data\videos\grab_seq12_20251118_114822_982505.avi,89.70743042900611,360,90,HIGH,VIDEO_RECORDING,2025-11-18T11:48:27.064291
2025-11-18 11:48:26.792252,341,69,HandType.Left,0.7155255675315857,-224.8948516845703,163.17047119140625,-30.315044403076172,0.9924392104148865,0.05028003826737404,0.11196602135896683,-5.9815144538879395,7.619416236877441,1.1680601835250854,0.053844086825847626,0.27302926778793335,63.33187484741211,0,1,0,0,1,-162.94459533691406,183.1125030517578,-28.64304542541504,-197.07652282714844,197.04481506347656,-80.13895416259766,grab,12,2025-11-18T11:48:26.792252,my_hand_data\videos\grab_seq12_20251118_114822_982505.avi,89.70743042900611,360,90,HIGH,VIDEO_RECORDING,2025-11-18T11:48:27.064291
2025-11-18 11:48:26.792252,342,69,HandType.Left,0.7155255675315857,-224.8948516845703,163.17047119140625,-30.315044403076172,0.9924392104148865,0.05028003826737404,0.11196602135896683,-5.9815144538879395,7.619416236877441,1.1680601835250854,0.053844086825847626,0.27302926778793335,63.33187484741211,0,1,0,0,1,-162.94459533691406,183.1125030517578,-28.64304542541504,-197.07652282714844,197.04481506347656,-80.13895416259766,grab,12,2025-11-18T11:48:26.792252,my_hand_data\videos\grab_seq12_20251118_114822_982505.avi,89.70743042900611,360,90,HIGH,VIDEO_RECORDING,2025-11-18T11:48:27.064291
2025-11-18 11:48:26.792252,343,69,HandType.Left,0.715986430644989,-224.97232055664062,163.24461364746094,-30.30741310119629,0.9924271106719971,0.050453510135412216,0.11199487745761871,-6.948862075805664,6.650360107421875,0.6846252083778381,0.053879108279943466,0.27343878149986267,63.306243896484375,0,1,0,0,1,-163.02455139160156,183.22950744628906,-28.644989013671875,-197.1407470703125,197.12098693847656,-80.1308364868164,grab,12,2025-11-18T11:48:26.792252,my_hand_data\videos\grab_seq12_20251118_114822_982505.avi,89.70743042900611,360,90,HIGH,VIDEO_RECORDING,2025-11-18T11:48:27.064291
2025-11-18 11:48:26.824515,344,69,HandType.Left,0.7159349322319031,-225.00604248046875,163.2716522216797,-30.277481079101562,0.9924201965332031,0.05042165145277977,0.1120707169175148,-3.024766445159912,2.423739194869995,2.6841039657592773,0.05416689068078995,0.274090051651001,63.259708404541016,0,1,0,0,1,-163.0598907470703,183.29835510253906,-28.638647079467773,-197.14935302734375,197.123291015625,-80.10291290283203,grab,12,2025-11-18T11:48:26.824515,my_hand_data\videos\grab_seq12_20251118_114822_982505.avi,89.70743042900611,360,90,HIGH,VIDEO_RECORDING,2025-11-18T11:48:27.064291
2025-11-18 11:48:26.829825,345,69,HandType.Left,0.7158921360969543,-224.9822540283203,163.26419067382812,-30.266199111938477,0.9924268126487732,0.05038178712129593,0.11202967911958694,2.0973939895629883,-0.6575438380241394,0.9947277903556824,0.054188650101423264,0.27471646666526794,63.194915771484375,0,1,0,0,1,-163.05062866210938,183.3265380859375,-28.63597869873047,-197.09246826171875,197.0157012939453,-80.08845520019531,grab,12,2025-11-18T11:48:26.829825,my_hand_data\videos\grab_seq12_20251118_114822_982505.avi,89.70743042900611,360,90,HIGH,VIDEO_RECORDING,2025-11-18T11:48:27.064291
2025-11-18 11:48:26.840425,346,69,HandType.Left,0.7163472771644592,-225.00172424316406,163.2665252685547,-30.252120971679688,0.9924008250236511,0.05070332810282707,0.11211514472961426,-1.7611011266708374,0.2110079675912857,1.273339033126831,0.053298160433769226,0.27471357583999634,63.17945861816406,0,1,0,0,1,-163.07374572753906,183.35055541992188,-28.643661499023438,-197.1192626953125,196.99710083007812,-80.08604431152344,grab,12,2025-11-18T11:48:26.840425,my_hand_data\videos\grab_seq12_20251118_114822_982505.avi,89.70743042900611,360,90,HIGH,VIDEO_RECORDING,2025-11-18T11:48:27.064291
2025-11-18 11:48:26.856391,347,69,HandType.Left,0.7163806557655334,-225.0305938720703,163.26649475097656,-30.247987747192383,0.9923692941665649,0.05116499960422516,0.11218426376581192,-2.5637431144714355,-0.0027002282440662384,0.3670934736728668,0.05251023918390274,0.27501097321510315,63.15506362915039,0,1,0,0,1,-163.0815887451172,183.36048889160156,-28.672687530517578,-197.1475067138672,196.97706604003906,-80.07953643798828,grab,12,2025-11-18T11:48:26.856391,my_hand_data\videos\grab_seq12_20251118_114822_982505.avi,89.70743042900611,360,90,HIGH,VIDEO_RECORDING,2025-11-18T11:48:27.064291
2025-11-18 11:48:26.856391,348,69,HandType.Left,0.7161705493927002,-225.1048126220703,163.27679443359375,-30.25873565673828,0.9923148155212402,0.05188765376806259,0.11233415454626083,-7.071060657501221,0.9810155034065247,-1.0238088369369507,0.05238625034689903,0.2750866711139679,63.11791229248047,0,1,0,0,1,-163.1449737548828,183.39878845214844,-28.710107803344727,-197.2150421142578,196.96798706054688,-80.08109283447266,grab,12,2025-11-18T11:48:26.856391,my_hand_data\videos\grab_seq12_20251118_114822_982505.avi,89.70743042900611,360,90,HIGH,VIDEO_RECORDING,2025-11-18T11:48:27.064291
2025-11-18 11:48:26.872293,349,69,HandType.Left,0.7157350182533264,-225.1605987548828,163.25643920898438,-30.265905380249023,0.9922810196876526,0.05221271142363548,0.11248201131820679,-4.884051322937012,-1.7810633182525635,-0.6278327107429504,0.051938075572252274,0.2747633159160614,63.07953643798828,0,1,0,0,1,-163.1957244873047,183.42251586914062,-28.74091911315918,-197.2614288330078,196.91793823242188,-80.08708953857422,grab,12,2025-11-18T11:48:26.872293,my_hand_data\videos\grab_seq12_20251118_114822_982505.avi,89.70743042900611,360,90,HIGH,VIDEO_RECORDING,2025-11-18T11:48:27.064291
2025-11-18 11:48:26.888196,350,69,HandType.Left,0.7157614231109619,-225.1758270263672,163.2503662109375,-30.315673828125,0.9922749400138855,0.05261322483420372,0.1123487800359726,-1.389517903327942,-0.5547098517417908,-4.5392374992370605,0.05247929319739342,0.2755923271179199,63.03968048095703,0,1,0,0,1,-163.2162628173828,183.46043395996094,-28.821887969970703,-197.27769470214844,196.9028778076172,-80.13583374023438,grab,12,2025-11-18T11:48:26.888196,my_hand_data\videos\grab_seq12_20251118_114822_982505.avi,89.70743042900611,360,90,HIGH,VIDEO_RECORDING,2025-11-18T11:48:27.064291
2025-11-18 11:48:26.888958,351,69,HandType.Left,0.7154809236526489,-225.22946166992188,163.24362182617188,-30.340736389160156,0.9922510981559753,0.05308399349451065,0.11233828216791153,-4.773371696472168,-0.5996803641319275,-2.2305405139923096,0.052113115787506104,0.27596479654312134,63.0162239074707,0,1,0,0,1,-163.2720489501953,183.48133850097656,-28.866369247436523,-197.32994079589844,196.88502502441406,-80.16398620605469,grab,12,2025-11-18T11:48:26.888958,my_hand_data\videos\grab_seq12_20251118_114822_982505.avi,89.70743042900611,360,90,HIGH,VIDEO_RECORDING,2025-11-18T11:48:27.064291
2025-11-18 11:48:26.903852,352,69,HandType.Left,0.7154809236526489,-225.22946166992188,163.24362182617188,-30.340736389160156,0.9922510981559753,0.05308399349451065,0.11233828216791153,-4.773371696472168,-0.5996803641319275,-2.2305405139923096,0.052113115787506104,0.27596479654312134,63.0162239074707,0,1,0,0,1,-163.2720489501953,183.48133850097656,-28.866369247436523,-197.32994079589844,196.88502502441406,-80.16398620605469,grab,12,2025-11-18T11:48:26.903852,my_hand_data\videos\grab_seq12_20251118_114822_982505.avi,89.70743042900611,360,90,HIGH,VIDEO_RECORDING,2025-11-18T11:48:27.064291
2025-11-18 11:48:26.919654,353,69,HandType.Left,0.7151243686676025,-225.3032684326172,163.1925048828125,-30.441476821899414,0.9921388626098633,0.05426393076777458,0.11276482790708542,-1.8294769525527954,-3.0385541915893555,-5.7121076583862305,0.05200718715786934,0.2759338319301605,63.08241271972656,0,1,0,0,1,-163.3419647216797,183.45765686035156,-28.968219757080078,-197.46304321289062,196.905517578125,-80.29363250732422,grab,12,2025-11-18T11:48:26.919654,my_hand_data\videos\grab_seq12_20251118_114822_982505.avi,89.70743042900611,360,90,HIGH,VIDEO_RECORDING,2025-11-18T11:48:27.064291
2025-11-18 11:48:26.935770,354,69,HandType.Left,0.7153956294059753,-225.27157592773438,163.13258361816406,-30.481197357177734,0.9920753836631775,0.055038221180438995,0.1129479855298996,2.7998390197753906,-5.294433116912842,-3.508840560913086,0.05216430872678757,0.27529385685920715,63.11863708496094,0,1,0,0,1,-163.34364318847656,183.4075164794922,-29.014968872070312,-197.48268127441406,196.92913818359375,-80.35359191894531,grab,12,2025-11-18T11:48:26.935770,my_hand_data\videos\grab_seq12_20251118_114822_982505.avi,89.70743042900611,360,90,HIGH,VIDEO_RECORDING,2025-11-18T11:48:27.064291
2025-11-18 11:48:26.935770,355,69,HandType.Left,0.7155756950378418,-225.24049377441406,163.094482421875,-30.51102066040039,0.9919050335884094,0.05603649094700813,0.11394859105348587,2.807999849319458,-3.440978765487671,-2.693880319595337,0.051376935094594955,0.27661922574043274,63.146507263183594,0,1,0,0,1,-163.3321075439453,183.37405395507812,-29.045696258544922,-197.49459838867188,196.94517517089844,-80.38993072509766,grab,12,2025-11-18T11:48:26.935770,my_hand_data\videos\grab_seq12_20251118_114822_982505.avi,89.70743042900611,360,90,HIGH,VIDEO_RECORDING,2025-11-18T11:48:27.064291
2025-11-18 11:48:26.951909,356,69,HandType.Left,0.7157365083694458,-225.25025939941406,163.13536071777344,-30.527482986450195,0.9917778372764587,0.05697092041373253,0.11459063738584518,-0.9102699756622314,3.8112363815307617,-1.5345858335494995,0.05104777216911316,0.27732786536216736,63.18796157836914,0,1,0,0,1,-163.3845977783203,183.45840454101562,-29.063182830810547,-197.59414672851562,197.0658416748047,-80.41747283935547,grab,12,2025-11-18T11:48:26.951909,my_hand_data\videos\grab_seq12_20251118_114822_982505.avi,89.70743042900611,360,90,HIGH,VIDEO_RECORDING,2025-11-18T11:48:27.064291
2025-11-18 11:48:26.968118,357,69,HandType.Left,0.7161054611206055,-225.29454040527344,163.2320098876953,-30.50481414794922,0.9917004704475403,0.05744548141956329,0.11502281576395035,-3.9948155879974365,8.7179594039917,2.044900894165039,0.049778446555137634,0.279203861951828,63.19606399536133,0,1,0,0,1,-163.48019409179688,183.6084747314453,-29.051780700683594,-197.69973754882812,197.20220947265625,-80.41300964355469,grab,12,2025-11-18T11:48:26.968118,my_hand_data\videos\grab_seq12_20251118_114822_982505.avi,89.70743042900611,360,90,HIGH,VIDEO_RECORDING,2025-11-18T11:48:27.064291
2025-11-18 11:48:26.968118,358,69,HandType.Left,0.7158851623535156,-225.2731170654297,163.30191040039062,-30.47900390625,0.9915280938148499,0.05835720896720886,0.1160452589392662,1.8907827138900757,6.168571472167969,2.277510166168213,0.048476673662662506,0.2810684144496918,63.13958740234375,0,1,0,0,1,-163.5357208251953,183.77748107910156,-29.040468215942383,-197.6963348388672,197.2686309814453,-80.39851379394531,grab,12,2025-11-18T11:48:26.968118,my_hand_data\videos\grab_seq12_20251118_114822_982505.avi,89.70743042900611,360,90,HIGH,VIDEO_RECORDING,2025-11-18T11:48:27.064291
2025-11-18 11:48:26.984287,359,69,HandType.Left,0.7158713340759277,-225.2256317138672,163.38372802734375,-30.51629638671875,0.9913650751113892,0.05931597575545311,0.11694835126399994,4.295229434967041,7.399329662322998,-3.3727474212646484,0.0493127703666687,0.28368306159973145,63.11166000366211,0,1,0,0,1,-163.53684997558594,183.9130401611328,-29.083812713623047,-197.6642303466797,197.34857177734375,-80.44420623779297,grab,12,2025-11-18T11:48:26.984287,my_hand_data\videos\grab_seq12_20251118_114822_982505.avi,89.70743042900611,360,90,HIGH,VIDEO_RECORDING,2025-11-18T11:48:27.064291
2025-11-18 11:48:27.000112,360,69,HandType.Left,0.7161107659339905,-225.1776580810547,163.50347900390625,-30.57870101928711,0.9912997484207153,0.05978518724441528,0.11726263910531998,4.276461124420166,10.676133155822754,-5.563342094421387,0.05018847435712814,0.28555357456207275,63.099422454833984,0,1,0,0,1,-163.53372192382812,184.07745361328125,-29.14924430847168,-197.6304473876953,197.4576416015625,-80.52940368652344,grab,12,2025-11-18T11:48:27.000112,my_hand_data\videos\grab_seq12_20251118_114822_982505.avi,89.70743042900611,360,90,HIGH,VIDEO_RECORDING,2025-11-18T11:48:27.064291
