timestamp,frame_id,hand_id,hand_type,confidence,palm_x,palm_y,palm_z,palm_normal_x,palm_normal_y,palm_normal_z,palm_velocity_x,palm_velocity_y,palm_velocity_z,grab_strength,pinch_strength,pinch_distance,thumb_extended,index_extended,middle_extended,ring_extended,pinky_extended,thumb_tip_x,thumb_tip_y,thumb_tip_z,index_tip_x,index_tip_y,index_tip_z,gesture_type,sequence_id,recording_timestamp,video_file_path,performance_actual_fps,performance_total_frames,performance_target_fps,performance_quality,performance_mode,video_recording_time
2025-11-18 16:28:09.512066,1,1224,HandType.Right,0.6475706100463867,-15.029037475585938,392.07415771484375,358.7479553222656,0.10409339517354965,-0.9528905749320984,-0.2848931849002838,24.331993103027344,-93.2099380493164,-57.283042907714844,0.0,0.0,41.06543731689453,1,1,1,1,1,-77.490966796875,380.6205749511719,334.7630920410156,-47.6268424987793,367.7450866699219,286.4627685546875,lower,50,2025-11-18T16:28:09.512066,my_hand_data\videos\lower_seq50_20251118_162809_491272.avi,89.83740328379558,360,90,HIGH,VIDEO_RECORDING,2025-11-18T16:28:13.587159
2025-11-18 16:28:09.512066,2,1224,HandType.Right,0.6475706100463867,-15.029037475585938,392.07415771484375,358.7479553222656,0.10409339517354965,-0.9528905749320984,-0.2848931849002838,24.331993103027344,-93.2099380493164,-57.283042907714844,0.0,0.0,41.06543731689453,1,1,1,1,1,-77.490966796875,380.6205749511719,334.7630920410156,-47.6268424987793,367.7450866699219,286.4627685546875,lower,50,2025-11-18T16:28:09.512066,my_hand_data\videos\lower_seq50_20251118_162809_491272.avi,89.83740328379558,360,90,HIGH,VIDEO_RECORDING,2025-11-18T16:28:13.587159
2025-11-18 16:28:09.532130,3,1224,HandType.Right,0.6472553610801697,-14.503003120422363,389.9508972167969,357.3565979003906,0.0983339473605156,-0.9548221230506897,-0.2804374694824219,23.01050567626953,-97.71401977539062,-70.60964965820312,0.0,0.0,41.1480712890625,1,1,1,1,1,-77.07209014892578,378.8349914550781,333.64849853515625,-47.611732482910156,365.6970520019531,285.0851745605469,lower,50,2025-11-18T16:28:09.532130,my_hand_data\videos\lower_seq50_20251118_162809_491272.avi,89.83740328379558,360,90,HIGH,VIDEO_RECORDING,2025-11-18T16:28:13.587159
2025-11-18 16:28:09.552309,4,1224,HandType.Right,0.6476325392723083,-14.260100364685059,388.7063903808594,356.4398498535156,0.09390811622142792,-0.9563090205192566,-0.27686524391174316,22.136423110961914,-113.41707611083984,-83.54668426513672,0.0,0.0,41.37517166137695,1,1,1,1,1,-76.9350357055664,377.9154968261719,332.9363708496094,-47.47929763793945,364.52880859375,284.1475830078125,lower,50,2025-11-18T16:28:09.552309,my_hand_data\videos\lower_seq50_20251118_162809_491272.avi,89.83740328379558,360,90,HIGH,VIDEO_RECORDING,2025-11-18T16:28:13.587159
2025-11-18 16:28:09.552309,5,1224,HandType.Right,0.6471914052963257,-13.975471496582031,387.5114440917969,355.67474365234375,0.09057816118001938,-0.9576953649520874,-0.2731577455997467,26.170381546020508,-109.8688735961914,-70.34902954101562,0.0,0.0,41.53363037109375,1,1,1,1,1,-76.7527847290039,377.04913330078125,332.4100036621094,-47.52089309692383,363.41900634765625,283.3348388671875,lower,50,2025-11-18T16:28:09.552309,my_hand_data\videos\lower_seq50_20251118_162809_491272.avi,89.83740328379558,360,90,HIGH,VIDEO_RECORDING,2025-11-18T16:28:13.587159
2025-11-18 16:28:09.562431,6,1224,HandType.Right,0.6471914052963257,-13.975471496582031,387.5114440917969,355.67474365234375,0.09057816118001938,-0.9576953649520874,-0.2731577455997467,26.170381546020508,-109.8688735961914,-70.34902954101562,0.0,0.0,41.53363037109375,1,1,1,1,1,-76.7527847290039,377.04913330078125,332.4100036621094,-47.52089309692383,363.41900634765625,283.3348388671875,lower,50,2025-11-18T16:28:09.562431,my_hand_data\videos\lower_seq50_20251118_162809_491272.avi,89.83740328379558,360,90,HIGH,VIDEO_RECORDING,2025-11-18T16:28:13.587159
2025-11-18 16:28:09.572478,7,1224,HandType.Right,0.6465415954589844,-13.70947265625,386.4129943847656,354.8279724121094,0.08918768167495728,-0.9584898352622986,-0.27081868052482605,23.648574829101562,-97.65833282470703,-75.28058624267578,0.0,0.0,41.56970977783203,1,1,1,1,1,-76.5326919555664,376.15216064453125,331.7729187011719,-47.523345947265625,362.2813720703125,282.49041748046875,lower,50,2025-11-18T16:28:09.572478,my_hand_data\videos\lower_seq50_20251118_162809_491272.avi,89.83740328379558,360,90,HIGH,VIDEO_RECORDING,2025-11-18T16:28:13.587159
2025-11-18 16:28:09.582970,8,1224,HandType.Right,0.6479983329772949,-13.54941463470459,385.2964782714844,353.86651611328125,0.0850939154624939,-0.9597236514091492,-0.2677489221096039,14.4927339553833,-101.09583282470703,-87.05670166015625,0.0,0.0,41.74075698852539,1,1,1,1,1,-76.46817779541016,375.4839782714844,331.08599853515625,-47.586395263671875,361.1230163574219,281.52044677734375,lower,50,2025-11-18T16:28:09.582970,my_hand_data\videos\lower_seq50_20251118_162809_491272.avi,89.83740328379558,360,90,HIGH,VIDEO_RECORDING,2025-11-18T16:28:13.587159
2025-11-18 16:28:09.593054,9,1224,HandType.Right,0.6458330154418945,-13.363040924072266,384.1000061035156,352.95697021484375,0.08180006593465805,-0.9610533714294434,-0.2639794945716858,16.84964370727539,-108.16910552978516,-82.23023223876953,0.0,0.0,41.903831481933594,1,1,1,1,1,-76.40591430664062,374.6809997558594,330.4960632324219,-47.61836242675781,359.7644348144531,280.69171142578125,lower,50,2025-11-18T16:28:09.593054,my_hand_data\videos\lower_seq50_20251118_162809_491272.avi,89.83740328379558,360,90,HIGH,VIDEO_RECORDING,2025-11-18T16:28:13.587159
2025-11-18 16:28:09.613212,10,1224,HandType.Right,0.6428775191307068,-13.08947467803955,381.2884826660156,350.98504638671875,0.07181146740913391,-0.9642443060874939,-0.25509995222091675,13.266921043395996,-140.04150390625,-96.44278717041016,0.0,0.0,42.40100860595703,1,1,1,1,1,-76.42808532714844,372.653076171875,329.2696838378906,-47.74760437011719,357.02020263671875,279.0511169433594,lower,50,2025-11-18T16:28:09.613212,my_hand_data\videos\lower_seq50_20251118_162809_491272.avi,89.83740328379558,360,90,HIGH,VIDEO_RECORDING,2025-11-18T16:28:13.587159
2025-11-18 16:28:09.613212,11,1224,HandType.Right,0.6428775191307068,-13.08947467803955,381.2884826660156,350.98504638671875,0.07181146740913391,-0.9642443060874939,-0.25509995222091675,13.266921043395996,-140.04150390625,-96.44278717041016,0.0,0.0,42.40100860595703,1,1,1,1,1,-76.42808532714844,372.653076171875,329.2696838378906,-47.74760437011719,357.02020263671875,279.0511169433594,lower,50,2025-11-18T16:28:09.613212,my_hand_data\videos\lower_seq50_20251118_162809_491272.avi,89.83740328379558,360,90,HIGH,VIDEO_RECORDING,2025-11-18T16:28:13.587159
2025-11-18 16:28:09.633271,12,1224,HandType.Right,0.6385642886161804,-12.85393238067627,377.861572265625,349.0147399902344,0.06490441411733627,-0.9664138555526733,-0.24865977466106415,7.558879375457764,-158.35035705566406,-87.94325256347656,0.0,0.0,42.719154357910156,1,1,1,1,1,-76.31127166748047,369.6477966308594,327.8115539550781,-47.989768981933594,353.62017822265625,277.1302490234375,lower,50,2025-11-18T16:28:09.633271,my_hand_data\videos\lower_seq50_20251118_162809_491272.avi,89.83740328379558,360,90,HIGH,VIDEO_RECORDING,2025-11-18T16:28:13.587159
2025-11-18 16:28:09.638381,13,1224,HandType.Right,0.6385642886161804,-12.85393238067627,377.861572265625,349.0147399902344,0.06490441411733627,-0.9664138555526733,-0.24865977466106415,7.558879375457764,-158.35035705566406,-87.94325256347656,0.0,0.0,42.719154357910156,1,1,1,1,1,-76.31127166748047,369.6477966308594,327.8115539550781,-47.989768981933594,353.62017822265625,277.1302490234375,lower,50,2025-11-18T16:28:09.638381,my_hand_data\videos\lower_seq50_20251118_162809_491272.avi,89.83740328379558,360,90,HIGH,VIDEO_RECORDING,2025-11-18T16:28:13.587159
2025-11-18 16:28:09.653820,14,1224,HandType.Right,0.6377744674682617,-12.742752075195312,374.4887390136719,347.10211181640625,0.06032266467809677,-0.9678030610084534,-0.24437351524829865,3.596881866455078,-154.28318786621094,-88.40935516357422,0.0,0.0,42.56941223144531,1,1,1,1,1,-76.37806701660156,366.4771728515625,326.1278991699219,-48.640377044677734,350.1411437988281,275.4451599121094,lower,50,2025-11-18T16:28:09.653820,my_hand_data\videos\lower_seq50_20251118_162809_491272.avi,89.83740328379558,360,90,HIGH,VIDEO_RECORDING,2025-11-18T16:28:13.587159
2025-11-18 16:28:09.664275,15,1224,HandType.Right,0.6360318064689636,-12.674369812011719,372.68902587890625,345.84002685546875,0.05776320770382881,-0.9683046340942383,-0.24300120770931244,6.152760982513428,-161.9313507080078,-113.5599136352539,0.0,0.0,42.59085464477539,1,1,1,1,1,-76.39163970947266,364.9406433105469,325.1524353027344,-48.91001510620117,348.1250305175781,274.2161865234375,lower,50,2025-11-18T16:28:09.664275,my_hand_data\videos\lower_seq50_20251118_162809_491272.avi,89.83740328379558,360,90,HIGH,VIDEO_RECORDING,2025-11-18T16:28:13.587159
2025-11-18 16:28:09.673825,16,1224,HandType.Right,0.6360318064689636,-12.674369812011719,372.68902587890625,345.84002685546875,0.05776320770382881,-0.9683046340942383,-0.24300120770931244,6.152760982513428,-161.9313507080078,-113.5599136352539,0.0,0.0,42.59085464477539,1,1,1,1,1,-76.39163970947266,364.9406433105469,325.1524353027344,-48.91001510620117,348.1250305175781,274.2161865234375,lower,50,2025-11-18T16:28:09.673825,my_hand_data\videos\lower_seq50_20251118_162809_491272.avi,89.83740328379558,360,90,HIGH,VIDEO_RECORDING,2025-11-18T16:28:13.587159
2025-11-18 16:28:09.684183,17,1224,HandType.Right,0.6361366510391235,-12.636507987976074,370.7441101074219,344.5456237792969,0.05299123749136925,-0.9694881439208984,-0.2393420785665512,3.407322883605957,-175.02908325195312,-116.48726654052734,0.0,0.0,42.731990814208984,1,1,1,1,1,-76.42839050292969,363.38250732421875,324.19903564453125,-49.187965393066406,345.98394775390625,273.0171203613281,lower,50,2025-11-18T16:28:09.684183,my_hand_data\videos\lower_seq50_20251118_162809_491272.avi,89.83740328379558,360,90,HIGH,VIDEO_RECORDING,2025-11-18T16:28:13.587159
2025-11-18 16:28:09.694684,18,1224,HandType.Right,0.6354655623435974,-12.61760139465332,368.8664245605469,343.3670959472656,0.045532386749982834,-0.9711645841598511,-0.2340216189622879,1.6861040592193604,-167.4553985595703,-105.10218811035156,0.0,0.0,42.86980438232422,1,1,1,1,1,-76.51002502441406,361.7080078125,323.2501220703125,-49.69407653808594,344.1368103027344,271.8971862792969,lower,50,2025-11-18T16:28:09.694684,my_hand_data\videos\lower_seq50_20251118_162809_491272.avi,89.83740328379558,360,90,HIGH,VIDEO_RECORDING,2025-11-18T16:28:13.587159
2025-11-18 16:28:09.715198,19,1224,HandType.Right,0.6367557048797607,-12.414735794067383,365.2384033203125,340.9154357910156,0.03741876780986786,-0.9732691049575806,-0.226598858833313,11.28246784210205,-153.98460388183594,-108.81133270263672,0.0,0.0,42.32060623168945,1,1,1,1,1,-76.42778778076172,357.899169921875,320.7780456542969,-50.685829162597656,340.4604797363281,269.77203369140625,lower,50,2025-11-18T16:28:09.715198,my_hand_data\videos\lower_seq50_20251118_162809_491272.avi,89.83740328379558,360,90,HIGH,VIDEO_RECORDING,2025-11-18T16:28:13.587159
2025-11-18 16:28:09.715198,20,1224,HandType.Right,0.6391115784645081,-12.285014152526855,363.41925048828125,339.5213317871094,0.036063302308321,-0.9741554856300354,-0.2229810506105423,11.73738956451416,-164.59796142578125,-126.14043426513672,0.0,0.0,42.381343841552734,1,1,1,1,1,-76.35368347167969,356.2319030761719,319.601318359375,-50.82241439819336,338.46038818359375,268.3890380859375,lower,50,2025-11-18T16:28:09.715198,my_hand_data\videos\lower_seq50_20251118_162809_491272.avi,89.83740328379558,360,90,HIGH,VIDEO_RECORDING,2025-11-18T16:28:13.587159
2025-11-18 16:28:09.735273,21,1224,HandType.Right,0.6408078074455261,-12.146119117736816,361.5292663574219,338.14984130859375,0.029712168499827385,-0.9754141569137573,-0.2183675915002823,12.508576393127441,-170.20790100097656,-123.51271057128906,0.0,0.0,42.452388763427734,1,1,1,1,1,-76.29251861572266,354.728759765625,318.48651123046875,-51.029869079589844,336.6199951171875,267.1431884765625,lower,50,2025-11-18T16:28:09.735273,my_hand_data\videos\lower_seq50_20251118_162809_491272.avi,89.83740328379558,360,90,HIGH,VIDEO_RECORDING,2025-11-18T16:28:13.587159
2025-11-18 16:28:09.735273,22,1224,HandType.Right,0.6408078074455261,-12.146119117736816,361.5292663574219,338.14984130859375,0.029712168499827385,-0.9754141569137573,-0.2183675915002823,12.508576393127441,-170.20790100097656,-123.51271057128906,0.0,0.0,42.452388763427734,1,1,1,1,1,-76.29251861572266,354.728759765625,318.48651123046875,-51.029869079589844,336.6199951171875,267.1431884765625,lower,50,2025-11-18T16:28:09.735273,my_hand_data\videos\lower_seq50_20251118_162809_491272.avi,89.83740328379558,360,90,HIGH,VIDEO_RECORDING,2025-11-18T16:28:13.587159
2025-11-18 16:28:09.755347,23,1224,HandType.Right,0.6381323337554932,-11.766131401062012,357.94036865234375,335.83795166015625,0.02723553776741028,-0.9765240550041199,-0.21367976069450378,17.34556770324707,-167.1560821533203,-108.38442993164062,0.0,0.0,42.43010330200195,1,1,1,1,1,-76.0470199584961,351.5093078613281,316.3946533203125,-51.109901428222656,332.9434509277344,265.0608825683594,lower,50,2025-11-18T16:28:09.755347,my_hand_data\videos\lower_seq50_20251118_162809_491272.avi,89.83740328379558,360,90,HIGH,VIDEO_RECORDING,2025-11-18T16:28:13.587159
2025-11-18 16:28:09.765688,24,1224,HandType.Right,0.6366063356399536,-11.5620698928833,356.11004638671875,334.8121643066406,0.025427978485822678,-0.977327823638916,-0.21019920706748962,17.784664154052734,-159.5189666748047,-89.39958190917969,0.0,0.0,42.45405960083008,1,1,1,1,1,-75.91302490234375,349.91827392578125,315.52423095703125,-51.279258728027344,331.1504211425781,264.07647705078125,lower,50,2025-11-18T16:28:09.765688,my_hand_data\videos\lower_seq50_20251118_162809_491272.avi,89.83740328379558,360,90,HIGH,VIDEO_RECORDING,2025-11-18T16:28:13.587159
2025-11-18 16:28:09.776063,25,1224,HandType.Right,0.6369919180870056,-11.374235153198242,354.41650390625,333.6603698730469,0.02178167924284935,-0.9785694479942322,-0.20476168394088745,17.63869285583496,-159.03366088867188,-108.16028594970703,0.0,0.0,42.71253967285156,1,1,1,1,1,-75.83244323730469,348.4723205566406,314.7290344238281,-51.29880142211914,329.46978759765625,263.0638732910156,lower,50,2025-11-18T16:28:09.776063,my_hand_data\videos\lower_seq50_20251118_162809_491272.avi,89.83740328379558,360,90,HIGH,VIDEO_RECORDING,2025-11-18T16:28:13.587159
2025-11-18 16:28:09.786121,26,1224,HandType.Right,0.6400918364524841,-11.174999237060547,352.8415222167969,332.4194641113281,0.019555266946554184,-0.9793928265571594,-0.20101551711559296,17.747772216796875,-140.29649353027344,-110.53999328613281,0.0,0.0,42.83028030395508,1,1,1,1,1,-75.72298431396484,347.0953369140625,313.5268859863281,-51.176475524902344,327.9025573730469,261.8379821777344,lower,50,2025-11-18T16:28:09.786121,my_hand_data\videos\lower_seq50_20251118_162809_491272.avi,89.83740328379558,360,90,HIGH,VIDEO_RECORDING,2025-11-18T16:28:13.587159
2025-11-18 16:28:09.796162,27,1224,HandType.Right,0.6400918364524841,-11.174999237060547,352.8415222167969,332.4194641113281,0.019555266946554184,-0.9793928265571594,-0.20101551711559296,17.747772216796875,-140.29649353027344,-110.53999328613281,0.0,0.0,42.83028030395508,1,1,1,1,1,-75.72298431396484,347.0953369140625,313.5268859863281,-51.176475524902344,327.9025573730469,261.8379821777344,lower,50,2025-11-18T16:28:09.796162,my_hand_data\videos\lower_seq50_20251118_162809_491272.avi,89.83740328379558,360,90,HIGH,VIDEO_RECORDING,2025-11-18T16:28:13.587159
2025-11-18 16:28:09.806637,28,1224,HandType.Right,0.6412128210067749,-10.860342979431152,351.1463623046875,330.99530029296875,0.015408165752887726,-0.9801980257034302,-0.1974194347858429,28.21522331237793,-152.00531005859375,-127.70318603515625,0.0,0.0,42.88383865356445,1,1,1,1,1,-75.46282958984375,345.51336669921875,312.1950988769531,-51.06243896484375,326.2472229003906,260.44757080078125,lower,50,2025-11-18T16:28:09.806637,my_hand_data\videos\lower_seq50_20251118_162809_491272.avi,89.83740328379558,360,90,HIGH,VIDEO_RECORDING,2025-11-18T16:28:13.587159
2025-11-18 16:28:09.816686,29,1224,HandType.Right,0.6417632699012756,-10.584290504455566,349.5387878417969,329.59783935546875,0.011159289628267288,-0.9811923503875732,-0.19270974397659302,25.063772201538086,-145.95643615722656,-126.88089752197266,0.0,0.0,42.976558685302734,1,1,1,1,1,-75.20276641845703,344.09222412109375,310.98748779296875,-50.96883010864258,324.5213928222656,259.2051086425781,lower,50,2025-11-18T16:28:09.816686,my_hand_data\videos\lower_seq50_20251118_162809_491272.avi,89.83740328379558,360,90,HIGH,VIDEO_RECORDING,2025-11-18T16:28:13.587159
2025-11-18 16:28:09.827082,30,1224,HandType.Right,0.6422930955886841,-10.237847328186035,347.8777160644531,328.05474853515625,0.00810988899320364,-0.98200923204422,-0.18865856528282166,30.405717849731445,-145.7856903076172,-135.43048095703125,0.0,0.0,43.130615234375,1,1,1,1,1,-74.8520278930664,342.5846252441406,309.7071838378906,-50.74430465698242,322.74658203125,257.74554443359375,lower,50,2025-11-18T16:28:09.827082,my_hand_data\videos\lower_seq50_20251118_162809_491272.avi,89.83740328379558,360,90,HIGH,VIDEO_RECORDING,2025-11-18T16:28:13.587159
2025-11-18 16:28:09.847808,31,1224,HandType.Right,0.6422387361526489,-9.478645324707031,344.45660400390625,324.76116943359375,0.00235334737226367,-0.9840635657310486,-0.1778014898300171,36.513267517089844,-152.33639526367188,-150.86932373046875,0.0,0.0,43.12140655517578,1,1,1,1,1,-74.04661560058594,339.267578125,306.50921630859375,-50.05209732055664,319.234375,254.7665557861328,lower,50,2025-11-18T16:28:09.847808,my_hand_data\videos\lower_seq50_20251118_162809_491272.avi,89.83740328379558,360,90,HIGH,VIDEO_RECORDING,2025-11-18T16:28:13.587159
2025-11-18 16:28:09.847808,32,1224,HandType.Right,0.6420146226882935,-9.043503761291504,342.7400817871094,322.99139404296875,-0.0007992245955392718,-0.9850724339485168,-0.17213846743106842,38.89006423950195,-153.41270446777344,-158.17001342773438,0.0,0.0,43.119667053222656,1,1,1,1,1,-73.59082794189453,337.5664367675781,304.7881774902344,-49.783912658691406,317.5052795410156,253.0229034423828,lower,50,2025-11-18T16:28:09.847808,my_hand_data\videos\lower_seq50_20251118_162809_491272.avi,89.83740328379558,360,90,HIGH,VIDEO_RECORDING,2025-11-18T16:28:13.587159
2025-11-18 16:28:09.868254,33,1224,HandType.Right,0.6432356238365173,-8.624116897583008,341.1636657714844,321.231689453125,-1.646737291594036e-05,-0.985704779624939,-0.168481707572937,37.79964828491211,-142.0822296142578,-158.60536193847656,0.0,0.0,43.107078552246094,1,1,1,1,1,-73.18734741210938,336.03497314453125,303.05633544921875,-49.56121063232422,315.6650085449219,251.28013610839844,lower,50,2025-11-18T16:28:09.868254,my_hand_data\videos\lower_seq50_20251118_162809_491272.avi,89.83740328379558,360,90,HIGH,VIDEO_RECORDING,2025-11-18T16:28:13.587159
2025-11-18 16:28:09.868254,34,1224,HandType.Right,0.6432356238365173,-8.624116897583008,341.1636657714844,321.231689453125,-1.646737291594036e-05,-0.985704779624939,-0.168481707572937,37.79964828491211,-142.0822296142578,-158.60536193847656,0.0,0.0,43.107078552246094,1,1,1,1,1,-73.18734741210938,336.03497314453125,303.05633544921875,-49.56121063232422,315.6650085449219,251.28013610839844,lower,50,2025-11-18T16:28:09.868254,my_hand_data\videos\lower_seq50_20251118_162809_491272.avi,89.83740328379558,360,90,HIGH,VIDEO_RECORDING,2025-11-18T16:28:13.587159
2025-11-18 16:28:09.888729,35,1224,HandType.Right,0.6459437608718872,-7.89656400680542,338.12322998046875,318.174072265625,-0.004807008896023035,-0.9865171313285828,-0.1635875552892685,30.78349494934082,-132.9619903564453,-134.5052032470703,0.0,0.0,42.86760330200195,1,1,1,1,1,-72.44920349121094,333.2420654296875,300.1877136230469,-49.185707092285156,312.4954528808594,248.757568359375,lower,50,2025-11-18T16:28:09.888729,my_hand_data\videos\lower_seq50_20251118_162809_491272.avi,89.83740328379558,360,90,HIGH,VIDEO_RECORDING,2025-11-18T16:28:13.587159
2025-11-18 16:28:09.893886,36,1224,HandType.Right,0.6459437608718872,-7.89656400680542,338.12322998046875,318.174072265625,-0.004807008896023035,-0.9865171313285828,-0.1635875552892685,30.78349494934082,-132.9619903564453,-134.5052032470703,0.0,0.0,42.86760330200195,1,1,1,1,1,-72.44920349121094,333.2420654296875,300.1877136230469,-49.185707092285156,312.4954528808594,248.757568359375,lower,50,2025-11-18T16:28:09.893886,my_hand_data\videos\lower_seq50_20251118_162809_491272.avi,89.83740328379558,360,90,HIGH,VIDEO_RECORDING,2025-11-18T16:28:13.587159
2025-11-18 16:28:09.909099,37,1224,HandType.Right,0.6484403014183044,-7.169095039367676,335.5694885253906,315.42681884765625,-0.012002336792647839,-0.9870052337646484,-0.16023938357830048,32.04081344604492,-110.67804718017578,-118.08316040039062,0.0,0.0,42.588218688964844,1,1,1,1,1,-71.80863189697266,331.11676025390625,297.5861511230469,-48.93059539794922,310.00579833984375,246.42587280273438,lower,50,2025-11-18T16:28:09.909099,my_hand_data\videos\lower_seq50_20251118_162809_491272.avi,89.83740328379558,360,90,HIGH,VIDEO_RECORDING,2025-11-18T16:28:13.587159
2025-11-18 16:28:09.919185,38,1224,HandType.Right,0.650181770324707,-6.87363338470459,334.40545654296875,314.0219421386719,-0.014017431065440178,-0.9870778322219849,-0.15962715446949005,26.75310516357422,-105.40057373046875,-127.20740509033203,0.0,0.0,42.526519775390625,1,1,1,1,1,-71.54564666748047,330.1932067871094,296.2387390136719,-48.61900329589844,308.73089599609375,245.27365112304688,lower,50,2025-11-18T16:28:09.919185,my_hand_data\videos\lower_seq50_20251118_162809_491272.avi,89.83740328379558,360,90,HIGH,VIDEO_RECORDING,2025-11-18T16:28:13.587159
2025-11-18 16:28:09.929711,39,1224,HandType.Right,0.650181770324707,-6.87363338470459,334.40545654296875,314.0219421386719,-0.014017431065440178,-0.9870778322219849,-0.15962715446949005,26.75310516357422,-105.40057373046875,-127.20740509033203,0.0,0.0,42.526519775390625,1,1,1,1,1,-71.54564666748047,330.1932067871094,296.2387390136719,-48.61900329589844,308.73089599609375,245.27365112304688,lower,50,2025-11-18T16:28:09.929711,my_hand_data\videos\lower_seq50_20251118_162809_491272.avi,89.83740328379558,360,90,HIGH,VIDEO_RECORDING,2025-11-18T16:28:13.587159
2025-11-18 16:28:09.940213,40,1224,HandType.Right,0.6503130793571472,-6.584201335906982,333.30450439453125,312.70672607421875,-0.015348664484918118,-0.9871034026145935,-0.15934638679027557,25.545631408691406,-97.17131805419922,-116.0843734741211,0.0,0.0,42.52265167236328,1,1,1,1,1,-71.2881851196289,329.20855712890625,295.0044860839844,-48.30550003051758,307.57196044921875,244.1222686767578,lower,50,2025-11-18T16:28:09.940213,my_hand_data\videos\lower_seq50_20251118_162809_491272.avi,89.83740328379558,360,90,HIGH,VIDEO_RECORDING,2025-11-18T16:28:13.587159
2025-11-18 16:28:09.949800,41,1224,HandType.Right,0.6524571180343628,-6.323452472686768,332.36798095703125,311.5297546386719,-0.018025808036327362,-0.9869301319122314,-0.1601373851299286,23.952674865722656,-86.03150939941406,-108.11605834960938,0.0,0.0,42.326385498046875,1,1,1,1,1,-71.03363800048828,328.2594299316406,293.8419189453125,-48.1334228515625,306.5637512207031,243.0706787109375,lower,50,2025-11-18T16:28:09.949800,my_hand_data\videos\lower_seq50_20251118_162809_491272.avi,89.83740328379558,360,90,HIGH,VIDEO_RECORDING,2025-11-18T16:28:13.587159
2025-11-18 16:28:09.960236,42,1224,HandType.Right,0.6537620425224304,-6.0796990394592285,331.5123291015625,310.4498291015625,-0.020303426310420036,-0.987075924873352,-0.15896181762218475,21.52731704711914,-75.56645965576172,-95.37384796142578,0.0,0.0,42.06973648071289,1,1,1,1,1,-70.7608642578125,327.2435607910156,292.7201232910156,-48.116580963134766,305.66131591796875,242.15457153320312,lower,50,2025-11-18T16:28:09.960236,my_hand_data\videos\lower_seq50_20251118_162809_491272.avi,89.83740328379558,360,90,HIGH,VIDEO_RECORDING,2025-11-18T16:28:13.587159
2025-11-18 16:28:09.981065,43,1224,HandType.Right,0.6500217914581299,-5.671098709106445,329.3356018066406,307.82159423828125,-0.026600392535328865,-0.9874561429023743,-0.15563689172267914,17.665285110473633,-102.9514389038086,-122.69534301757812,0.0,0.0,41.78424835205078,1,1,1,1,1,-70.43296813964844,324.983154296875,290.1761779785156,-47.82066345214844,303.1107482910156,240.1510467529297,lower,50,2025-11-18T16:28:09.981065,my_hand_data\videos\lower_seq50_20251118_162809_491272.avi,89.83740328379558,360,90,HIGH,VIDEO_RECORDING,2025-11-18T16:28:13.587159
2025-11-18 16:28:09.981065,44,1224,HandType.Right,0.6498241424560547,-5.489076137542725,328.1893005371094,306.5494384765625,-0.03212641924619675,-0.9876351356506348,-0.15344282984733582,16.257822036743164,-102.38374328613281,-113.62672424316406,0.0,0.0,41.80384826660156,1,1,1,1,1,-70.5135498046875,323.9266052246094,289.078125,-48.05848693847656,301.9446716308594,239.31272888183594,lower,50,2025-11-18T16:28:09.981065,my_hand_data\videos\lower_seq50_20251118_162809_491272.avi,89.83740328379558,360,90,HIGH,VIDEO_RECORDING,2025-11-18T16:28:13.587159
2025-11-18 16:28:10.001519,45,1224,HandType.Right,0.6468386054039001,-5.2877092361450195,326.9393615722656,305.33087158203125,-0.03529268503189087,-0.9878828525543213,-0.15113547444343567,18.064695358276367,-112.13282012939453,-109.3181381225586,0.0,0.0,41.75705337524414,1,1,1,1,1,-70.36852264404297,322.7012634277344,287.8578186035156,-48.072269439697266,300.7095031738281,238.0983428955078,lower,50,2025-11-18T16:28:10.001519,my_hand_data\videos\lower_seq50_20251118_162809_491272.avi,89.83740328379558,360,90,HIGH,VIDEO_RECORDING,2025-11-18T16:28:13.587159
2025-11-18 16:28:10.001519,46,1224,HandType.Right,0.6468386054039001,-5.2877092361450195,326.9393615722656,305.33087158203125,-0.03529268503189087,-0.9878828525543213,-0.15113547444343567,18.064695358276367,-112.13282012939453,-109.3181381225586,0.0,0.0,41.75705337524414,1,1,1,1,1,-70.36852264404297,322.7012634277344,287.8578186035156,-48.072269439697266,300.7095031738281,238.0983428955078,lower,50,2025-11-18T16:28:10.001519,my_hand_data\videos\lower_seq50_20251118_162809_491272.avi,89.83740328379558,360,90,HIGH,VIDEO_RECORDING,2025-11-18T16:28:13.587159
2025-11-18 16:28:10.022086,47,1224,HandType.Right,0.6434033513069153,-5.082644462585449,324.27252197265625,302.64208984375,-0.04016399011015892,-0.9882611632347107,-0.14739979803562164,6.943483829498291,-121.6513442993164,-122.63245391845703,0.0,0.0,41.6586799621582,1,1,1,1,1,-70.16841888427734,320.0942687988281,285.1938781738281,-47.79599380493164,297.89190673828125,235.7159881591797,lower,50,2025-11-18T16:28:10.022086,my_hand_data\videos\lower_seq50_20251118_162809_491272.avi,89.83740328379558,360,90,HIGH,VIDEO_RECORDING,2025-11-18T16:28:13.587159
2025-11-18 16:28:10.027484,48,1224,HandType.Right,0.6434033513069153,-5.082644462585449,324.27252197265625,302.64208984375,-0.04016399011015892,-0.9882611632347107,-0.14739979803562164,6.943483829498291,-121.6513442993164,-122.63245391845703,0.0,0.0,41.6586799621582,1,1,1,1,1,-70.16841888427734,320.0942687988281,285.1938781738281,-47.79599380493164,297.89190673828125,235.7159881591797,lower,50,2025-11-18T16:28:10.027484,my_hand_data\videos\lower_seq50_20251118_162809_491272.avi,89.83740328379558,360,90,HIGH,VIDEO_RECORDING,2025-11-18T16:28:13.587159
2025-11-18 16:28:10.042615,49,1224,HandType.Right,0.644859790802002,-4.909278869628906,321.79638671875,299.9326171875,-0.043493691831827164,-0.9888899326324463,-0.14214444160461426,8.075251579284668,-118.38481903076172,-129.75579833984375,0.0,0.0,41.760780334472656,1,1,1,1,1,-69.97733306884766,317.8404541015625,282.6661071777344,-47.60159683227539,295.1415100097656,233.12661743164062,lower,50,2025-11-18T16:28:10.042615,my_hand_data\videos\lower_seq50_20251118_162809_491272.avi,89.83740328379558,360,90,HIGH,VIDEO_RECORDING,2025-11-18T16:28:13.587159
2025-11-18 16:28:10.052811,50,1224,HandType.Right,0.644859790802002,-4.909278869628906,321.79638671875,299.9326171875,-0.043493691831827164,-0.9888899326324463,-0.14214444160461426,8.075251579284668,-118.38481903076172,-129.75579833984375,0.0,0.0,41.760780334472656,1,1,1,1,1,-69.97733306884766,317.8404541015625,282.6661071777344,-47.60159683227539,295.1415100097656,233.12661743164062,lower,50,2025-11-18T16:28:10.052811,my_hand_data\videos\lower_seq50_20251118_162809_491272.avi,89.83740328379558,360,90,HIGH,VIDEO_RECORDING,2025-11-18T16:28:13.587159
2025-11-18 16:28:10.062985,51,1224,HandType.Right,0.646183431148529,-4.812882423400879,320.7864990234375,298.6319580078125,-0.04594571515917778,-0.9890508651733398,-0.14024025201797485,8.739498138427734,-91.56047821044922,-117.92070770263672,0.0,0.0,42.029449462890625,1,1,1,1,1,-69.94666290283203,317.1848449707031,281.6917419433594,-47.57502365112305,294.1312561035156,231.90826416015625,lower,50,2025-11-18T16:28:10.062985,my_hand_data\videos\lower_seq50_20251118_162809_491272.avi,89.83740328379558,360,90,HIGH,VIDEO_RECORDING,2025-11-18T16:28:13.587159
2025-11-18 16:28:10.072995,52,1224,HandType.Right,0.6468391418457031,-4.659358024597168,319.8298034667969,297.3655090332031,-0.04806920513510704,-0.9892352819442749,-0.13821327686309814,14.066710472106934,-87.65573120117188,-116.03872680664062,0.0,0.0,42.27168655395508,1,1,1,1,1,-69.86442565917969,316.49615478515625,280.724853515625,-47.50067901611328,293.1133728027344,230.74745178222656,lower,50,2025-11-18T16:28:10.072995,my_hand_data\videos\lower_seq50_20251118_162809_491272.avi,89.83740328379558,360,90,HIGH,VIDEO_RECORDING,2025-11-18T16:28:13.587159
2025-11-18 16:28:10.083491,53,1224,HandType.Right,0.6466794610023499,-4.479597091674805,318.8973083496094,296.2029113769531,-0.04960411414504051,-0.989424467086792,-0.13630349934101105,15.865941047668457,-82.3052978515625,-102.61343383789062,0.0,0.0,42.53761291503906,1,1,1,1,1,-69.74480438232422,315.83380126953125,279.8162841796875,-47.414730072021484,292.1854553222656,229.5867156982422,lower,50,2025-11-18T16:28:10.083491,my_hand_data\videos\lower_seq50_20251118_162809_491272.avi,89.83740328379558,360,90,HIGH,VIDEO_RECORDING,2025-11-18T16:28:13.587159
2025-11-18 16:28:10.104309,54,1224,HandType.Right,0.6473153829574585,-4.007452011108398,316.8454895019531,293.6773986816406,-0.05148034915328026,-0.9896342754364014,-0.13406629860401154,20.147104263305664,-92.86071014404297,-109.11255645751953,0.0,0.0,42.34630584716797,1,1,1,1,1,-69.25105285644531,313.7948913574219,277.33026123046875,-47.16367721557617,289.98486328125,227.1724395751953,lower,50,2025-11-18T16:28:10.104309,my_hand_data\videos\lower_seq50_20251118_162809_491272.avi,89.83740328379558,360,90,HIGH,VIDEO_RECORDING,2025-11-18T16:28:13.587159
2025-11-18 16:28:10.109079,55,1224,HandType.Right,0.6495828032493591,-3.8079915046691895,315.9255065917969,292.5071105957031,-0.05343615263700485,-0.989724338054657,-0.1326284557580948,17.579792022705078,-81.08519744873047,-103.14485931396484,0.0,0.0,42.19621276855469,1,1,1,1,1,-69.02794647216797,312.8701171875,276.18212890625,-47.139068603515625,288.9729309082031,226.07257080078125,lower,50,2025-11-18T16:28:10.109079,my_hand_data\videos\lower_seq50_20251118_162809_491272.avi,89.83740328379558,360,90,HIGH,VIDEO_RECORDING,2025-11-18T16:28:13.587159
2025-11-18 16:28:10.124183,56,1224,HandType.Right,0.6521949768066406,-3.6761929988861084,315.0686340332031,291.3609313964844,-0.05693685635924339,-0.9899299740791321,-0.1296026110649109,12.211474418640137,-79.39219665527344,-106.19668579101562,0.0,0.0,42.045799255371094,1,1,1,1,1,-68.86420440673828,312.0111389160156,275.0927429199219,-47.225990295410156,288.0627136230469,225.0724334716797,lower,50,2025-11-18T16:28:10.124183,my_hand_data\videos\lower_seq50_20251118_162809_491272.avi,89.83740328379558,360,90,HIGH,VIDEO_RECORDING,2025-11-18T16:28:13.587159
2025-11-18 16:28:10.124183,57,1224,HandType.Right,0.6521949768066406,-3.6761929988861084,315.0686340332031,291.3609313964844,-0.05693685635924339,-0.9899299740791321,-0.1296026110649109,12.211474418640137,-79.39219665527344,-106.19668579101562,0.0,0.0,42.045799255371094,1,1,1,1,1,-68.86420440673828,312.0111389160156,275.0927429199219,-47.225990295410156,288.0627136230469,225.0724334716797,lower,50,2025-11-18T16:28:10.124183,my_hand_data\videos\lower_seq50_20251118_162809_491272.avi,89.83740328379558,360,90,HIGH,VIDEO_RECORDING,2025-11-18T16:28:13.587159
2025-11-18 16:28:10.144699,58,1224,HandType.Right,0.6533375978469849,-3.5974395275115967,313.4557189941406,288.86566162109375,-0.059788621962070465,-0.9901190400123596,-0.12684498727321625,0.8829376101493835,-74.58870697021484,-114.25963592529297,0.0,0.0,42.194515228271484,1,1,1,1,1,-68.87849426269531,310.7460021972656,273.01043701171875,-47.226409912109375,286.2442626953125,223.05038452148438,lower,50,2025-11-18T16:28:10.144699,my_hand_data\videos\lower_seq50_20251118_162809_491272.avi,89.83740328379558,360,90,HIGH,VIDEO_RECORDING,2025-11-18T16:28:13.587159
2025-11-18 16:28:10.144699,59,1224,HandType.Right,0.6533375978469849,-3.5974395275115967,313.4557189941406,288.86566162109375,-0.059788621962070465,-0.9901190400123596,-0.12684498727321625,0.8829376101493835,-74.58870697021484,-114.25963592529297,0.0,0.0,42.194515228271484,1,1,1,1,1,-68.87849426269531,310.7460021972656,273.01043701171875,-47.226409912109375,286.2442626953125,223.05038452148438,lower,50,2025-11-18T16:28:10.144699,my_hand_data\videos\lower_seq50_20251118_162809_491272.avi,89.83740328379558,360,90,HIGH,VIDEO_RECORDING,2025-11-18T16:28:13.587159
2025-11-18 16:28:10.165230,60,1224,HandType.Right,0.6515054106712341,-3.602569103240967,311.7984924316406,286.5271911621094,-0.0658290833234787,-0.9900596141815186,-0.1242917850613594,-1.751108169555664,-78.05855560302734,-97.0919418334961,0.0,0.0,41.74186325073242,1,1,1,1,1,-68.8875503540039,309.0248718261719,270.75164794921875,-47.615230560302734,284.5960388183594,221.0863800048828,lower,50,2025-11-18T16:28:10.165230,my_hand_data\videos\lower_seq50_20251118_162809_491272.avi,89.83740328379558,360,90,HIGH,VIDEO_RECORDING,2025-11-18T16:28:13.587159
2025-11-18 16:28:10.175358,61,1224,HandType.Right,0.6515054106712341,-3.602569103240967,311.7984924316406,286.5271911621094,-0.0658290833234787,-0.9900596141815186,-0.1242917850613594,-1.751108169555664,-78.05855560302734,-97.0919418334961,0.0,0.0,41.74186325073242,1,1,1,1,1,-68.8875503540039,309.0248718261719,270.75164794921875,-47.615230560302734,284.5960388183594,221.0863800048828,lower,50,2025-11-18T16:28:10.175358,my_hand_data\videos\lower_seq50_20251118_162809_491272.avi,89.83740328379558,360,90,HIGH,VIDEO_RECORDING,2025-11-18T16:28:13.587159
2025-11-18 16:28:10.185445,62,1224,HandType.Right,0.6517102122306824,-3.5927746295928955,310.91497802734375,285.5893859863281,-0.07058625668287277,-0.9900147318840027,-0.12201791256666183,0.8827801942825317,-79.63213348388672,-84.52411651611328,0.0,0.0,41.552005767822266,1,1,1,1,1,-68.84281158447266,307.8533630371094,269.8096008300781,-47.900108337402344,283.83258056640625,220.20370483398438,lower,50,2025-11-18T16:28:10.185445,my_hand_data\videos\lower_seq50_20251118_162809_491272.avi,89.83740328379558,360,90,HIGH,VIDEO_RECORDING,2025-11-18T16:28:13.587159
2025-11-18 16:28:10.195526,63,1224,HandType.Right,0.6507970690727234,-3.615356922149658,309.95379638671875,284.5482177734375,-0.07291287183761597,-0.9900799989700317,-0.12010525166988373,-1.988749384880066,-84.64793395996094,-91.6944808959961,0.0,0.0,41.366249084472656,1,1,1,1,1,-68.8691177368164,306.621826171875,268.73504638671875,-48.05291748046875,282.7957763671875,219.32720947265625,lower,50,2025-11-18T16:28:10.195526,my_hand_data\videos\lower_seq50_20251118_162809_491272.avi,89.83740328379558,360,90,HIGH,VIDEO_RECORDING,2025-11-18T16:28:13.587159
2025-11-18 16:28:10.205820,64,1224,HandType.Right,0.6504682302474976,-3.661602020263672,309.0778503417969,283.5974426269531,-0.07652659714221954,-0.9899483323097229,-0.11893696337938309,-4.259871006011963,-80.68978118896484,-87.58053588867188,0.0,0.0,41.070308685302734,1,1,1,1,1,-68.89480590820312,305.6568603515625,267.7354736328125,-48.23146438598633,281.9761657714844,218.5869140625,lower,50,2025-11-18T16:28:10.205820,my_hand_data\videos\lower_seq50_20251118_162809_491272.avi,89.83740328379558,360,90,HIGH,VIDEO_RECORDING,2025-11-18T16:28:13.587159
2025-11-18 16:28:10.215871,65,1224,HandType.Right,0.6521975994110107,-3.699362277984619,308.17919921875,282.5364990234375,-0.08262127637863159,-0.9895030856132507,-0.11856383085250854,-3.3947913646698,-80.7915267944336,-95.38129425048828,0.0,0.0,40.608585357666016,1,1,1,1,1,-68.9295425415039,304.58538818359375,266.6539001464844,-48.6967658996582,281.4214172363281,217.81924438476562,lower,50,2025-11-18T16:28:10.215871,my_hand_data\videos\lower_seq50_20251118_162809_491272.avi,89.83740328379558,360,90,HIGH,VIDEO_RECORDING,2025-11-18T16:28:13.587159
2025-11-18 16:28:10.236279,66,1224,HandType.Right,0.6524589657783508,-3.8105568885803223,306.4770202636719,280.19708251953125,-0.09283498674631119,-0.9890388250350952,-0.11482096463441849,-5.4414544105529785,-78.93265533447266,-112.69597625732422,0.0,0.0,40.30263137817383,1,1,1,1,1,-69.08132934570312,302.799072265625,264.46160888671875,-49.37116241455078,279.73095703125,215.7645263671875,lower,50,2025-11-18T16:28:10.236279,my_hand_data\videos\lower_seq50_20251118_162809_491272.avi,89.83740328379558,360,90,HIGH,VIDEO_RECORDING,2025-11-18T16:28:13.587159
2025-11-18 16:28:10.236279,67,1224,HandType.Right,0.6524589657783508,-3.8105568885803223,306.4770202636719,280.19708251953125,-0.09283498674631119,-0.9890388250350952,-0.11482096463441849,-5.4414544105529785,-78.93265533447266,-112.69597625732422,0.0,0.0,40.30263137817383,1,1,1,1,1,-69.08132934570312,302.799072265625,264.46160888671875,-49.37116241455078,279.73095703125,215.7645263671875,lower,50,2025-11-18T16:28:10.236279,my_hand_data\videos\lower_seq50_20251118_162809_491272.avi,89.83740328379558,360,90,HIGH,VIDEO_RECORDING,2025-11-18T16:28:13.587159
2025-11-18 16:28:10.256666,68,1224,HandType.Right,0.6542364954948425,-4.156895160675049,304.6905517578125,277.6129455566406,-0.10149965435266495,-0.9886701107025146,-0.1105857715010643,-17.936962127685547,-85.0121078491211,-116.21912384033203,0.0,0.0,40.96080017089844,1,1,1,1,1,-69.51099395751953,301.6767272949219,262.936279296875,-50.25189971923828,277.9220886230469,213.48190307617188,lower,50,2025-11-18T16:28:10.256666,my_hand_data\videos\lower_seq50_20251118_162809_491272.avi,89.83740328379558,360,90,HIGH,VIDEO_RECORDING,2025-11-18T16:28:13.587159
2025-11-18 16:28:10.261013,69,1224,HandType.Right,0.6542364954948425,-4.156895160675049,304.6905517578125,277.6129455566406,-0.10149965435266495,-0.9886701107025146,-0.1105857715010643,-17.936962127685547,-85.0121078491211,-116.21912384033203,0.0,0.0,40.96080017089844,1,1,1,1,1,-69.51099395751953,301.6767272949219,262.936279296875,-50.25189971923828,277.9220886230469,213.48190307617188,lower,50,2025-11-18T16:28:10.261013,my_hand_data\videos\lower_seq50_20251118_162809_491272.avi,89.83740328379558,360,90,HIGH,VIDEO_RECORDING,2025-11-18T16:28:13.587159
2025-11-18 16:28:10.277275,70,1224,HandType.Right,0.6538640260696411,-4.702574253082275,302.90960693359375,275.1861267089844,-0.10549274832010269,-0.9881800413131714,-0.11122706532478333,-23.786052703857422,-84.50104522705078,-109.12860107421875,0.0,0.0,41.09453201293945,1,1,1,1,1,-70.23204803466797,300.2196960449219,260.85009765625,-50.945335388183594,276.2537841796875,211.37841796875,lower,50,2025-11-18T16:28:10.277275,my_hand_data\videos\lower_seq50_20251118_162809_491272.avi,89.83740328379558,360,90,HIGH,VIDEO_RECORDING,2025-11-18T16:28:13.587159
2025-11-18 16:28:10.287700,71,1224,HandType.Right,0.653886616230011,-4.981757164001465,302.0468444824219,274.09539794921875,-0.11085902899503708,-0.9877004623413086,-0.11026372015476227,-25.09961700439453,-77.5647964477539,-98.0607681274414,0.0,0.0,40.87725830078125,1,1,1,1,1,-70.55567169189453,299.3512268066406,259.8034973144531,-51.405540466308594,275.58929443359375,210.6491241455078,lower,50,2025-11-18T16:28:10.287700,my_hand_data\videos\lower_seq50_20251118_162809_491272.avi,89.83740328379558,360,90,HIGH,VIDEO_RECORDING,2025-11-18T16:28:13.587159
2025-11-18 16:28:10.297912,72,1224,HandType.Right,0.6551932692527771,-5.331223487854004,301.2940673828125,273.04296875,-0.11481860280036926,-0.9873960018157959,-0.10893028229475021,-31.726394653320312,-68.34199523925781,-95.5458755493164,0.0,0.0,40.85639953613281,1,1,1,1,1,-70.99495697021484,298.6029357910156,258.8163146972656,-51.89713668823242,274.8355712890625,209.78297424316406,lower,50,2025-11-18T16:28:10.297912,my_hand_data\videos\lower_seq50_20251118_162809_491272.avi,89.83740328379558,360,90,HIGH,VIDEO_RECORDING,2025-11-18T16:28:13.587159
2025-11-18 16:28:10.308424,73,1224,HandType.Right,0.6555641293525696,-5.738384246826172,300.39947509765625,271.95343017578125,-0.12068375200033188,-0.9869195222854614,-0.10688935965299606,-36.5691032409668,-80.34696197509766,-97.85769653320312,0.0,0.0,40.83722686767578,1,1,1,1,1,-71.41275787353516,297.868408203125,257.93353271484375,-52.46501159667969,273.9389953613281,208.9599609375,lower,50,2025-11-18T16:28:10.308424,my_hand_data\videos\lower_seq50_20251118_162809_491272.avi,89.83740328379558,360,90,HIGH,VIDEO_RECORDING,2025-11-18T16:28:13.587159
2025-11-18 16:28:10.318543,74,1224,HandType.Right,0.6555641293525696,-5.738384246826172,300.39947509765625,271.95343017578125,-0.12068375200033188,-0.9869195222854614,-0.10688935965299606,-36.5691032409668,-80.34696197509766,-97.85769653320312,0.0,0.0,40.83722686767578,1,1,1,1,1,-71.41275787353516,297.868408203125,257.93353271484375,-52.46501159667969,273.9389953613281,208.9599609375,lower,50,2025-11-18T16:28:10.318543,my_hand_data\videos\lower_seq50_20251118_162809_491272.avi,89.83740328379558,360,90,HIGH,VIDEO_RECORDING,2025-11-18T16:28:13.587159
2025-11-18 16:28:10.328619,75,1224,HandType.Right,0.6544405817985535,-6.152478218078613,299.4320373535156,270.7911071777344,-0.12567546963691711,-0.9864534735679626,-0.10542897135019302,-36.506568908691406,-85.29126739501953,-102.46868896484375,0.0,0.0,40.76409149169922,1,1,1,1,1,-71.8773193359375,297.005859375,256.9656066894531,-53.173072814941406,273.00787353515625,208.05787658691406,lower,50,2025-11-18T16:28:10.328619,my_hand_data\videos\lower_seq50_20251118_162809_491272.avi,89.83740328379558,360,90,HIGH,VIDEO_RECORDING,2025-11-18T16:28:13.587159
2025-11-18 16:28:10.338869,76,1224,HandType.Right,0.6545713543891907,-6.588217735290527,298.523681640625,269.7335510253906,-0.13022512197494507,-0.9861897826194763,-0.10232862830162048,-39.51213073730469,-82.3659439086914,-95.89777374267578,0.0,0.0,40.54094314575195,1,1,1,1,1,-72.28520965576172,296.2677917480469,256.1014099121094,-54.055606842041016,272.29071044921875,207.32009887695312,lower,50,2025-11-18T16:28:10.338869,my_hand_data\videos\lower_seq50_20251118_162809_491272.avi,89.83740328379558,360,90,HIGH,VIDEO_RECORDING,2025-11-18T16:28:13.587159
2025-11-18 16:28:10.349282,77,1224,HandType.Right,0.6551386713981628,-6.949416160583496,297.72381591796875,268.7901916503906,-0.13471195101737976,-0.9860329627990723,-0.09793698042631149,-31.90799903869629,-70.66062927246094,-83.3369140625,0.0,0.0,40.40096664428711,1,1,1,1,1,-72.60224151611328,295.5358581542969,255.2418670654297,-54.71378707885742,271.62615966796875,206.50454711914062,lower,50,2025-11-18T16:28:10.349282,my_hand_data\videos\lower_seq50_20251118_162809_491272.avi,89.83740328379558,360,90,HIGH,VIDEO_RECORDING,2025-11-18T16:28:13.587159
2025-11-18 16:28:10.369405,78,1224,HandType.Right,0.6591983437538147,-7.74273681640625,296.2251892089844,266.6657409667969,-0.13890597224235535,-0.9861400723457336,-0.090735524892807,-33.50276184082031,-67.81976318359375,-94.8022689819336,0.0,0.0,40.50880432128906,1,1,1,1,1,-73.37826538085938,294.2764892578125,253.40155029296875,-56.00917434692383,270.2555236816406,204.3313446044922,lower,50,2025-11-18T16:28:10.369405,my_hand_data\videos\lower_seq50_20251118_162809_491272.avi,89.83740328379558,360,90,HIGH,VIDEO_RECORDING,2025-11-18T16:28:13.587159
2025-11-18 16:28:10.369405,79,1224,HandType.Right,0.6591983437538147,-7.74273681640625,296.2251892089844,266.6657409667969,-0.13890597224235535,-0.9861400723457336,-0.090735524892807,-33.50276184082031,-67.81976318359375,-94.8022689819336,0.0,0.0,40.50880432128906,1,1,1,1,1,-73.37826538085938,294.2764892578125,253.40155029296875,-56.00917434692383,270.2555236816406,204.3313446044922,lower,50,2025-11-18T16:28:10.369405,my_hand_data\videos\lower_seq50_20251118_162809_491272.avi,89.83740328379558,360,90,HIGH,VIDEO_RECORDING,2025-11-18T16:28:13.587159
2025-11-18 16:28:10.389696,80,1224,HandType.Right,0.6597903966903687,-8.489026069641113,294.5289306640625,264.21881103515625,-0.13778313994407654,-0.9866101741790771,-0.08727042376995087,-33.96357727050781,-81.07559204101562,-113.16950988769531,0.0,0.0,40.76869583129883,1,1,1,1,1,-74.18309020996094,292.6554260253906,251.147216796875,-56.994380950927734,268.49725341796875,201.62364196777344,lower,50,2025-11-18T16:28:10.389696,my_hand_data\videos\lower_seq50_20251118_162809_491272.avi,89.83740328379558,360,90,HIGH,VIDEO_RECORDING,2025-11-18T16:28:13.587159
2025-11-18 16:28:10.389696,81,1224,HandType.Right,0.6597903966903687,-8.489026069641113,294.5289306640625,264.21881103515625,-0.13778313994407654,-0.9866101741790771,-0.08727042376995087,-33.96357727050781,-81.07559204101562,-113.16950988769531,0.0,0.0,40.76869583129883,1,1,1,1,1,-74.18309020996094,292.6554260253906,251.147216796875,-56.994380950927734,268.49725341796875,201.62364196777344,lower,50,2025-11-18T16:28:10.389696,my_hand_data\videos\lower_seq50_20251118_162809_491272.avi,89.83740328379558,360,90,HIGH,VIDEO_RECORDING,2025-11-18T16:28:13.587159
2025-11-18 16:28:10.410654,82,1224,HandType.Right,0.6601985692977905,-9.119205474853516,292.9776916503906,261.9496765136719,-0.14126302301883698,-0.9863128066062927,-0.08504010736942291,-25.930404663085938,-67.59111785888672,-100.74591827392578,0.0,0.0,40.40129852294922,1,1,1,1,1,-74.78636169433594,291.0879211425781,249.0347137451172,-58.05119323730469,267.10211181640625,199.6131591796875,lower,50,2025-11-18T16:28:10.410654,my_hand_data\videos\lower_seq50_20251118_162809_491272.avi,89.83740328379558,360,90,HIGH,VIDEO_RECORDING,2025-11-18T16:28:13.587159
2025-11-18 16:28:10.410654,83,1224,HandType.Right,0.6601985692977905,-9.119205474853516,292.9776916503906,261.9496765136719,-0.14126302301883698,-0.9863128066062927,-0.08504010736942291,-25.930404663085938,-67.59111785888672,-100.74591827392578,0.0,0.0,40.40129852294922,1,1,1,1,1,-74.78636169433594,291.0879211425781,249.0347137451172,-58.05119323730469,267.10211181640625,199.6131591796875,lower,50,2025-11-18T16:28:10.410654,my_hand_data\videos\lower_seq50_20251118_162809_491272.avi,89.83740328379558,360,90,HIGH,VIDEO_RECORDING,2025-11-18T16:28:13.587159
2025-11-18 16:28:10.431203,84,1224,HandType.Right,0.6627633571624756,-9.69869327545166,291.4303283691406,259.5920715332031,-0.14355969429016113,-0.9862545728683472,-0.08180762082338333,-25.747543334960938,-65.21743774414062,-105.64907836914062,0.0,0.0,40.30218505859375,1,1,1,1,1,-75.25688171386719,289.420166015625,246.9087371826172,-58.97975540161133,265.5846252441406,197.3004150390625,lower,50,2025-11-18T16:28:10.431203,my_hand_data\videos\lower_seq50_20251118_162809_491272.avi,89.83740328379558,360,90,HIGH,VIDEO_RECORDING,2025-11-18T16:28:13.587159
2025-11-18 16:28:10.441630,85,1224,HandType.Right,0.6650965809822083,-10.022246360778809,290.70379638671875,258.3852844238281,-0.1422712355852127,-0.9866046905517578,-0.07981311529874802,-29.36318016052246,-65.93455505371094,-109.5198974609375,0.0,0.0,40.4407844543457,1,1,1,1,1,-75.57502746582031,288.6949157714844,245.75633239746094,-59.29938507080078,264.77325439453125,196.0314483642578,lower,50,2025-11-18T16:28:10.441630,my_hand_data\videos\lower_seq50_20251118_162809_491272.avi,89.83740328379558,360,90,HIGH,VIDEO_RECORDING,2025-11-18T16:28:13.587159
2025-11-18 16:28:10.451683,86,1224,HandType.Right,0.6650965809822083,-10.022246360778809,290.70379638671875,258.3852844238281,-0.1422712355852127,-0.9866046905517578,-0.07981311529874802,-29.36318016052246,-65.93455505371094,-109.5198974609375,0.0,0.0,40.4407844543457,1,1,1,1,1,-75.57502746582031,288.6949157714844,245.75633239746094,-59.29938507080078,264.77325439453125,196.0314483642578,lower,50,2025-11-18T16:28:10.451683,my_hand_data\videos\lower_seq50_20251118_162809_491272.avi,89.83740328379558,360,90,HIGH,VIDEO_RECORDING,2025-11-18T16:28:13.587159
2025-11-18 16:28:10.461969,87,1224,HandType.Right,0.6656815409660339,-10.331660270690918,290.0159912109375,257.1799621582031,-0.1447640061378479,-0.9863927364349365,-0.07792797684669495,-27.030166625976562,-60.08567810058594,-105.2938232421875,0.0,0.0,40.1317253112793,1,1,1,1,1,-75.87494659423828,287.9308166503906,244.5792236328125,-59.8935432434082,264.104248046875,195.06454467773438,lower,50,2025-11-18T16:28:10.461969,my_hand_data\videos\lower_seq50_20251118_162809_491272.avi,89.83740328379558,360,90,HIGH,VIDEO_RECORDING,2025-11-18T16:28:13.587159
2025-11-18 16:28:10.472188,88,1224,HandType.Right,0.6665117740631104,-10.678074836730957,289.31439208984375,255.94287109375,-0.14719918370246887,-0.9862099289894104,-0.07564623653888702,-31.41509246826172,-63.626495361328125,-112.18827056884766,0.0,0.00030632552807219326,39.78474807739258,1,1,1,1,1,-76.1932373046875,287.1438293457031,243.3480682373047,-60.445804595947266,263.4754638671875,194.1270294189453,lower,50,2025-11-18T16:28:10.472188,my_hand_data\videos\lower_seq50_20251118_162809_491272.avi,89.83740328379558,360,90,HIGH,VIDEO_RECORDING,2025-11-18T16:28:13.587159
2025-11-18 16:28:10.482512,89,1224,HandType.Right,0.667102575302124,-11.044015884399414,288.62457275390625,254.70086669921875,-0.1527194082736969,-0.985765814781189,-0.07030325382947922,-32.687923431396484,-61.619346618652344,-110.9432601928711,0.0,0.012283483520150185,39.381778717041016,1,1,1,1,1,-76.5120620727539,286.4295959472656,242.1394805908203,-61.14417266845703,262.9201354980469,193.2176055908203,lower,50,2025-11-18T16:28:10.482512,my_hand_data\videos\lower_seq50_20251118_162809_491272.avi,89.83740328379558,360,90,HIGH,VIDEO_RECORDING,2025-11-18T16:28:13.587159
2025-11-18 16:28:10.502752,90,1224,HandType.Right,0.6700281500816345,-11.73953914642334,287.08782958984375,252.1679229736328,-0.16328953206539154,-0.9845784306526184,-0.0627843514084816,-30.352787017822266,-71.1729965209961,-112.9232406616211,0.0,0.01915186643600464,39.15439224243164,1,1,1,1,1,-77.1635971069336,285.028564453125,240.09835815429688,-62.526756286621094,261.497314453125,191.2440643310547,lower,50,2025-11-18T16:28:10.502752,my_hand_data\videos\lower_seq50_20251118_162809_491272.avi,89.83740328379558,360,90,HIGH,VIDEO_RECORDING,2025-11-18T16:28:13.587159
2025-11-18 16:28:10.506556,91,1224,HandType.Right,0.6706363558769226,-12.049179077148438,286.2771301269531,250.90756225585938,-0.16575096547603607,-0.9842565059661865,-0.061365317553281784,-28.12098503112793,-73.62522888183594,-114.46334838867188,0.0,0.022364052012562752,39.040863037109375,1,1,1,1,1,-77.4662094116211,284.17626953125,238.86228942871094,-62.94190216064453,260.74652099609375,190.058349609375,lower,50,2025-11-18T16:28:10.506556,my_hand_data\videos\lower_seq50_20251118_162809_491272.avi,89.83740328379558,360,90,HIGH,VIDEO_RECORDING,2025-11-18T16:28:13.587159
2025-11-18 16:28:10.523162,92,1224,HandType.Right,0.670260488986969,-12.360727310180664,285.3719787597656,249.56491088867188,-0.16665826737880707,-0.9841923713684082,-0.05991976335644722,-28.130725860595703,-81.72853088378906,-121.23242950439453,0.0,0.02082340233027935,39.08177947998047,1,1,1,1,1,-77.79779052734375,283.21807861328125,237.56344604492188,-63.283958435058594,259.7622375488281,188.71072387695312,lower,50,2025-11-18T16:28:10.523162,my_hand_data\videos\lower_seq50_20251118_162809_491272.avi,89.83740328379558,360,90,HIGH,VIDEO_RECORDING,2025-11-18T16:28:13.587159
2025-11-18 16:28:10.527697,93,1224,HandType.Right,0.670260488986969,-12.360727310180664,285.3719787597656,249.56491088867188,-0.16665826737880707,-0.9841923713684082,-0.05991976335644722,-28.130725860595703,-81.72853088378906,-121.23242950439453,0.0,0.02082340233027935,39.08177947998047,1,1,1,1,1,-77.79779052734375,283.21807861328125,237.56344604492188,-63.283958435058594,259.7622375488281,188.71072387695312,lower,50,2025-11-18T16:28:10.527697,my_hand_data\videos\lower_seq50_20251118_162809_491272.avi,89.83740328379558,360,90,HIGH,VIDEO_RECORDING,2025-11-18T16:28:13.587159
2025-11-18 16:28:10.543760,94,1224,HandType.Right,0.6728172898292542,-12.978658676147461,283.2175598144531,246.71646118164062,-0.16733014583587646,-0.9844552874565125,-0.05337023735046387,-27.490129470825195,-103.11933898925781,-128.62916564941406,0.0,0.0172675009816885,39.21261215209961,1,1,1,1,1,-78.50457000732422,281.0926818847656,234.84957885742188,-64.24797058105469,257.46435546875,185.86390686035156,lower,50,2025-11-18T16:28:10.543760,my_hand_data\videos\lower_seq50_20251118_162809_491272.avi,89.83740328379558,360,90,HIGH,VIDEO_RECORDING,2025-11-18T16:28:13.587159
2025-11-18 16:28:10.553842,95,1224,HandType.Right,0.6759816408157349,-13.329063415527344,282.201904296875,245.33946228027344,-0.16592317819595337,-0.9848425984382629,-0.050542425364255905,-31.367389678955078,-90.91795349121094,-123.26554870605469,0.0,0.02279554307460785,39.058387756347656,1,1,1,1,1,-78.83554077148438,279.9712219238281,233.46575927734375,-64.80073547363281,256.466796875,184.58270263671875,lower,50,2025-11-18T16:28:10.553842,my_hand_data\videos\lower_seq50_20251118_162809_491272.avi,89.83740328379558,360,90,HIGH,VIDEO_RECORDING,2025-11-18T16:28:13.587159
2025-11-18 16:28:10.564303,96,1224,HandType.Right,0.6789803504943848,-13.75665283203125,281.3201599121094,243.9242706298828,-0.16447292268276215,-0.9852554798126221,-0.04711980000138283,-37.79294204711914,-77.93286895751953,-125.0832748413086,0.0,0.018877781927585602,39.174964904785156,1,1,1,1,1,-79.18973541259766,279.03021240234375,232.1660919189453,-65.2317886352539,255.42926025390625,183.1439666748047,lower,50,2025-11-18T16:28:10.564303,my_hand_data\videos\lower_seq50_20251118_162809_491272.avi,89.83740328379558,360,90,HIGH,VIDEO_RECORDING,2025-11-18T16:28:13.587159
2025-11-18 16:28:10.574331,97,1224,HandType.Right,0.6809588074684143,-14.205950736999512,280.6507568359375,242.5399932861328,-0.16355518996715546,-0.985494077205658,-0.0452897772192955,-40.73419952392578,-60.69158172607422,-125.5004653930664,0.0,0.016212191432714462,39.20655059814453,1,1,1,1,1,-79.6112289428711,278.3772888183594,230.95291137695312,-65.71234130859375,254.70518493652344,181.83892822265625,lower,50,2025-11-18T16:28:10.574331,my_hand_data\videos\lower_seq50_20251118_162809_491272.avi,89.83740328379558,360,90,HIGH,VIDEO_RECORDING,2025-11-18T16:28:13.587159
2025-11-18 16:28:10.584790,98,1224,HandType.Right,0.6809588074684143,-14.205950736999512,280.6507568359375,242.5399932861328,-0.16355518996715546,-0.985494077205658,-0.0452897772192955,-40.73419952392578,-60.69158172607422,-125.5004653930664,0.0,0.016212191432714462,39.20655059814453,1,1,1,1,1,-79.6112289428711,278.3772888183594,230.95291137695312,-65.71234130859375,254.70518493652344,181.83892822265625,lower,50,2025-11-18T16:28:10.584790,my_hand_data\videos\lower_seq50_20251118_162809_491272.avi,89.83740328379558,360,90,HIGH,VIDEO_RECORDING,2025-11-18T16:28:13.587159
2025-11-18 16:28:10.595255,99,1224,HandType.Right,0.6834105253219604,-14.550410270690918,280.0294494628906,241.1524658203125,-0.1646175980567932,-0.9853648543357849,-0.04424025118350983,-30.818601608276367,-55.58673858642578,-124.14094543457031,0.0,0.01779540814459324,39.09800338745117,1,1,1,1,1,-79.94715118408203,277.76275634765625,229.7493896484375,-66.3373794555664,254.10848999023438,180.6055450439453,lower,50,2025-11-18T16:28:10.595255,my_hand_data\videos\lower_seq50_20251118_162809_491272.avi,89.83740328379558,360,90,HIGH,VIDEO_RECORDING,2025-11-18T16:28:13.587159
2025-11-18 16:28:10.605543,100,1224,HandType.Right,0.6824624538421631,-14.877498626708984,279.42926025390625,239.87603759765625,-0.16593515872955322,-0.9852449893951416,-0.04192664474248886,-29.141855239868164,-53.47313690185547,-113.72356414794922,0.0,0.017702482640743256,39.0675163269043,1,1,1,1,1,-80.24586486816406,277.1715393066406,228.581298828125,-66.72117614746094,253.49266052246094,179.4207305908203,lower,50,2025-11-18T16:28:10.605543,my_hand_data\videos\lower_seq50_20251118_162809_491272.avi,89.83740328379558,360,90,HIGH,VIDEO_RECORDING,2025-11-18T16:28:13.587159
2025-11-18 16:28:10.615730,101,1224,HandType.Right,0.6825879216194153,-15.191346168518066,278.6968688964844,238.561767578125,-0.16710731387138367,-0.9851555228233337,-0.0392901748418808,-28.798627853393555,-67.20496368408203,-120.59774017333984,0.0,0.016301175579428673,39.05995559692383,1,1,1,1,1,-80.54227447509766,276.4749450683594,227.350341796875,-67.17172241210938,252.72991943359375,178.11753845214844,lower,50,2025-11-18T16:28:10.615730,my_hand_data\videos\lower_seq50_20251118_162809_491272.avi,89.83740328379558,360,90,HIGH,VIDEO_RECORDING,2025-11-18T16:28:13.587159
2025-11-18 16:28:10.635881,102,1224,HandType.Right,0.6839560866355896,-15.85275936126709,277.11993408203125,236.03355407714844,-0.17265520989894867,-0.9843543767929077,-0.03516518324613571,-27.71648406982422,-67.76177215576172,-107.98918914794922,0.0,0.027125535532832146,38.672508239746094,1,1,1,1,1,-81.1717758178711,274.9346008300781,225.04647827148438,-68.36128997802734,251.24400329589844,176.0752716064453,lower,50,2025-11-18T16:28:10.635881,my_hand_data\videos\lower_seq50_20251118_162809_491272.avi,89.83740328379558,360,90,HIGH,VIDEO_RECORDING,2025-11-18T16:28:13.587159
2025-11-18 16:28:10.635881,103,1224,HandType.Right,0.6840904951095581,-16.146099090576172,276.1399841308594,234.68508911132812,-0.1771707385778427,-0.9836387038230896,-0.03264155983924866,-27.23418617248535,-90.98176574707031,-125.19458770751953,0.0,0.020115040242671967,38.962852478027344,1,1,1,1,1,-81.50594329833984,274.2492370605469,223.98751831054688,-68.78951263427734,250.27662658691406,174.83706665039062,lower,50,2025-11-18T16:28:10.635881,my_hand_data\videos\lower_seq50_20251118_162809_491272.avi,89.83740328379558,360,90,HIGH,VIDEO_RECORDING,2025-11-18T16:28:13.587159
2025-11-18 16:28:10.655783,104,1224,HandType.Right,0.6855472326278687,-16.381195068359375,275.3543395996094,233.41526794433594,-0.18121911585330963,-0.9829739928245544,-0.03036024607717991,-21.062307357788086,-70.385498046875,-113.76195526123047,0.0,0.018817266449332237,39.04560089111328,1,1,1,1,1,-81.82066345214844,273.58685302734375,222.87258911132812,-69.31014251708984,249.51498413085938,173.66110229492188,lower,50,2025-11-18T16:28:10.655783,my_hand_data\videos\lower_seq50_20251118_162809_491272.avi,89.83740328379558,360,90,HIGH,VIDEO_RECORDING,2025-11-18T16:28:13.587159
2025-11-18 16:28:10.659166,105,1224,HandType.Right,0.6855472326278687,-16.381195068359375,275.3543395996094,233.41526794433594,-0.18121911585330963,-0.9829739928245544,-0.03036024607717991,-21.062307357788086,-70.385498046875,-113.76195526123047,0.0,0.018817266449332237,39.04560089111328,1,1,1,1,1,-81.82066345214844,273.58685302734375,222.87258911132812,-69.31014251708984,249.51498413085938,173.66110229492188,lower,50,2025-11-18T16:28:10.659166,my_hand_data\videos\lower_seq50_20251118_162809_491272.avi,89.83740328379558,360,90,HIGH,VIDEO_RECORDING,2025-11-18T16:28:13.587159
2025-11-18 16:28:10.675936,106,1224,HandType.Right,0.6908507943153381,-16.842065811157227,274.0308837890625,230.8307647705078,-0.18412873148918152,-0.9825286865234375,-0.027092687785625458,-23.29384994506836,-55.24998092651367,-116.34343719482422,0.0,0.014621988870203495,39.11576461791992,1,1,1,1,1,-82.40950775146484,272.5321044921875,220.71139526367188,-70.29833984375,248.2155303955078,171.35009765625,lower,50,2025-11-18T16:28:10.675936,my_hand_data\videos\lower_seq50_20251118_162809_491272.avi,89.83740328379558,360,90,HIGH,VIDEO_RECORDING,2025-11-18T16:28:13.587159
2025-11-18 16:28:10.685981,107,1224,HandType.Right,0.6927976608276367,-17.14341926574707,273.3643493652344,229.50140380859375,-0.1852065920829773,-0.9823675155639648,-0.025546668097376823,-27.355863571166992,-60.50629806518555,-120.67581176757812,0.0,0.005670287646353245,39.34535598754883,1,1,1,1,1,-82.73368835449219,272.0977783203125,219.57681274414062,-70.64398193359375,247.45054626464844,170.00535583496094,lower,50,2025-11-18T16:28:10.685981,my_hand_data\videos\lower_seq50_20251118_162809_491272.avi,89.83740328379558,360,90,HIGH,VIDEO_RECORDING,2025-11-18T16:28:13.587159
2025-11-18 16:28:10.696096,108,1224,HandType.Right,0.6927976608276367,-17.14341926574707,273.3643493652344,229.50140380859375,-0.1852065920829773,-0.9823675155639648,-0.025546668097376823,-27.355863571166992,-60.50629806518555,-120.67581176757812,0.0,0.005670287646353245,39.34535598754883,1,1,1,1,1,-82.73368835449219,272.0977783203125,219.57681274414062,-70.64398193359375,247.45054626464844,170.00535583496094,lower,50,2025-11-18T16:28:10.696096,my_hand_data\videos\lower_seq50_20251118_162809_491272.avi,89.83740328379558,360,90,HIGH,VIDEO_RECORDING,2025-11-18T16:28:13.587159
2025-11-18 16:28:10.706410,109,1224,HandType.Right,0.6938139200210571,-17.396892547607422,272.7542724609375,228.35926818847656,-0.1859671175479889,-0.9822661280632019,-0.023864079266786575,-22.800626754760742,-54.876304626464844,-102.7374038696289,0.0,0.005697326734662056,39.38652038574219,1,1,1,1,1,-83.03388977050781,271.5989074707031,218.45355224609375,-71.12064361572266,246.95118713378906,168.8414306640625,lower,50,2025-11-18T16:28:10.706410,my_hand_data\videos\lower_seq50_20251118_162809_491272.avi,89.83740328379558,360,90,HIGH,VIDEO_RECORDING,2025-11-18T16:28:13.587159
2025-11-18 16:28:10.726473,110,1224,HandType.Right,0.6953868865966797,-17.92635154724121,271.3408203125,225.93112182617188,-0.18775655329227448,-0.9819484949111938,-0.022905677556991577,-24.493267059326172,-67.34259033203125,-108.93641662597656,0.0,0.005282403901219368,39.40981674194336,1,1,1,1,1,-83.63796997070312,270.49993896484375,216.14842224121094,-72.09089660644531,245.8682098388672,166.42059326171875,lower,50,2025-11-18T16:28:10.726473,my_hand_data\videos\lower_seq50_20251118_162809_491272.avi,89.83740328379558,360,90,HIGH,VIDEO_RECORDING,2025-11-18T16:28:13.587159
2025-11-18 16:28:10.728349,111,1224,HandType.Right,0.6960525512695312,-18.172779083251953,270.51666259765625,224.68951416015625,-0.18851174414157867,-0.9818118214607239,-0.022559240460395813,-21.965085983276367,-73.4609146118164,-110.67035675048828,0.0,0.002200748072937131,39.51549530029297,1,1,1,1,1,-83.8988037109375,269.80255126953125,215.06642150878906,-72.4720687866211,245.18490600585938,165.17149353027344,lower,50,2025-11-18T16:28:10.728349,my_hand_data\videos\lower_seq50_20251118_162809_491272.avi,89.83740328379558,360,90,HIGH,VIDEO_RECORDING,2025-11-18T16:28:13.587159
2025-11-18 16:28:10.746951,112,1224,HandType.Right,0.6959595084190369,-18.41766357421875,269.5978088378906,223.39453125,-0.19037368893623352,-0.9814605712890625,-0.022204795852303505,-21.027368545532227,-78.89842987060547,-111.19446563720703,0.0,0.005838145036250353,39.26734924316406,1,1,1,1,1,-84.08161926269531,268.8947448730469,213.7994842529297,-72.92130279541016,244.39781188964844,163.92698669433594,lower,50,2025-11-18T16:28:10.746951,my_hand_data\videos\lower_seq50_20251118_162809_491272.avi,89.83740328379558,360,90,HIGH,VIDEO_RECORDING,2025-11-18T16:28:13.587159
2025-11-18 16:28:10.751930,113,1224,HandType.Right,0.6945925951004028,-18.663686752319336,268.6452941894531,222.02603149414062,-0.19215604662895203,-0.9811407327651978,-0.020949305966496468,-23.293210983276367,-90.1841049194336,-129.56886291503906,0.0,0.00585559569299221,39.18608474731445,1,1,1,1,1,-84.29857635498047,267.9573974609375,212.47418212890625,-73.21517181396484,243.435546875,162.59739685058594,lower,50,2025-11-18T16:28:10.751930,my_hand_data\videos\lower_seq50_20251118_162809_491272.avi,89.83740328379558,360,90,HIGH,VIDEO_RECORDING,2025-11-18T16:28:13.587159
2025-11-18 16:28:10.767697,114,1224,HandType.Right,0.6939069628715515,-18.95043182373047,267.6954040527344,220.6093292236328,-0.19445620477199554,-0.9806945323944092,-0.02061598375439644,-26.58254051208496,-88.05915832519531,-131.33383178710938,0.0,0.00763191282749176,39.06187057495117,1,1,1,1,1,-84.53926086425781,267.01318359375,211.12234497070312,-73.53706359863281,242.47857666015625,161.30813598632812,lower,50,2025-11-18T16:28:10.767697,my_hand_data\videos\lower_seq50_20251118_162809_491272.avi,89.83740328379558,360,90,HIGH,VIDEO_RECORDING,2025-11-18T16:28:13.587159
2025-11-18 16:28:10.767697,115,1224,HandType.Right,0.6939069628715515,-18.95043182373047,267.6954040527344,220.6093292236328,-0.19445620477199554,-0.9806945323944092,-0.02061598375439644,-26.58254051208496,-88.05915832519531,-131.33383178710938,0.0,0.00763191282749176,39.06187057495117,1,1,1,1,1,-84.53926086425781,267.01318359375,211.12234497070312,-73.53706359863281,242.47857666015625,161.30813598632812,lower,50,2025-11-18T16:28:10.767697,my_hand_data\videos\lower_seq50_20251118_162809_491272.avi,89.83740328379558,360,90,HIGH,VIDEO_RECORDING,2025-11-18T16:28:13.587159
2025-11-18 16:28:10.788360,116,1224,HandType.Right,0.692226767539978,-19.68372917175293,265.969482421875,217.5792694091797,-0.20191994309425354,-0.9791930317878723,-0.020230930298566818,-37.564090728759766,-81.31847381591797,-144.86581420898438,0.0,0.03198028355836868,38.073307037353516,1,1,1,1,1,-85.10552215576172,265.09820556640625,208.18394470214844,-74.69236755371094,240.8081817626953,159.11277770996094,lower,50,2025-11-18T16:28:10.788360,my_hand_data\videos\lower_seq50_20251118_162809_491272.avi,89.83740328379558,360,90,HIGH,VIDEO_RECORDING,2025-11-18T16:28:13.587159
2025-11-18 16:28:10.791659,117,1224,HandType.Right,0.692226767539978,-19.68372917175293,265.969482421875,217.5792694091797,-0.20191994309425354,-0.9791930317878723,-0.020230930298566818,-37.564090728759766,-81.31847381591797,-144.86581420898438,0.0,0.03198028355836868,38.073307037353516,1,1,1,1,1,-85.10552215576172,265.09820556640625,208.18394470214844,-74.69236755371094,240.8081817626953,159.11277770996094,lower,50,2025-11-18T16:28:10.791659,my_hand_data\videos\lower_seq50_20251118_162809_491272.avi,89.83740328379558,360,90,HIGH,VIDEO_RECORDING,2025-11-18T16:28:13.587159
2025-11-18 16:28:10.808566,118,1224,HandType.Right,0.692936360836029,-20.55299186706543,264.1463623046875,214.51345825195312,-0.20657841861248016,-0.9782678484916687,-0.01781463623046875,-37.00371551513672,-80.18841552734375,-129.90512084960938,0.0,0.046086784452199936,37.722110748291016,1,1,1,1,1,-85.96000671386719,263.27801513671875,205.2933349609375,-75.73562622070312,239.0290985107422,156.731689453125,lower,50,2025-11-18T16:28:10.808566,my_hand_data\videos\lower_seq50_20251118_162809_491272.avi,89.83740328379558,360,90,HIGH,VIDEO_RECORDING,2025-11-18T16:28:13.587159
2025-11-18 16:28:10.818800,119,1224,HandType.Right,0.6925186514854431,-20.913251876831055,263.0715026855469,213.09481811523438,-0.20821724832057953,-0.9779334664344788,-0.017078224569559097,-31.665590286254883,-94.47483825683594,-124.69278717041016,0.0,0.05608240142464638,37.363956451416016,1,1,1,1,1,-86.26671600341797,262.0062255859375,203.9287872314453,-76.39422607421875,237.97274780273438,155.5902862548828,lower,50,2025-11-18T16:28:10.818800,my_hand_data\videos\lower_seq50_20251118_162809_491272.avi,89.83740328379558,360,90,HIGH,VIDEO_RECORDING,2025-11-18T16:28:13.587159
2025-11-18 16:28:10.828810,120,1224,HandType.Right,0.6925186514854431,-20.913251876831055,263.0715026855469,213.09481811523438,-0.20821724832057953,-0.9779334664344788,-0.017078224569559097,-31.665590286254883,-94.47483825683594,-124.69278717041016,0.0,0.05608240142464638,37.363956451416016,1,1,1,1,1,-86.26671600341797,262.0062255859375,203.9287872314453,-76.39422607421875,237.97274780273438,155.5902862548828,lower,50,2025-11-18T16:28:10.828810,my_hand_data\videos\lower_seq50_20251118_162809_491272.avi,89.83740328379558,360,90,HIGH,VIDEO_RECORDING,2025-11-18T16:28:13.587159
2025-11-18 16:28:10.839034,121,1224,HandType.Right,0.6915778517723083,-21.18687629699707,261.8291931152344,211.67059326171875,-0.21080388128757477,-0.9774207472801208,-0.014506173320114613,-25.087158203125,-113.90204620361328,-130.57974243164062,0.0,0.055332671850919724,37.389957427978516,1,1,1,1,1,-86.53667449951172,260.7283630371094,202.640625,-76.7652587890625,236.70391845703125,154.2474822998047,lower,50,2025-11-18T16:28:10.839034,my_hand_data\videos\lower_seq50_20251118_162809_491272.avi,89.83740328379558,360,90,HIGH,VIDEO_RECORDING,2025-11-18T16:28:13.587159
2025-11-18 16:28:10.859419,122,1224,HandType.Right,0.6884453892707825,-21.887514114379883,259.0727233886719,208.74522399902344,-0.2107202559709549,-0.9774646759033203,-0.012638110667467117,-35.63298416137695,-130.21104431152344,-135.3775177001953,0.0,0.05267670005559921,37.288028717041016,1,1,1,1,1,-87.1834716796875,258.0411376953125,199.83871459960938,-77.5821533203125,233.9024200439453,151.36367797851562,lower,50,2025-11-18T16:28:10.859419,my_hand_data\videos\lower_seq50_20251118_162809_491272.avi,89.83740328379558,360,90,HIGH,VIDEO_RECORDING,2025-11-18T16:28:13.587159
2025-11-18 16:28:10.862669,123,1224,HandType.Right,0.6888018846511841,-22.304746627807617,257.6984558105469,207.36720275878906,-0.21076256036758423,-0.9774631261825562,-0.012039398774504662,-37.21299743652344,-122.57022857666016,-122.90570831298828,0.0,0.05366938188672066,37.23373794555664,1,1,1,1,1,-87.5748062133789,256.8268127441406,198.52455139160156,-78.1494369506836,232.81849670410156,149.98757934570312,lower,50,2025-11-18T16:28:10.862669,my_hand_data\videos\lower_seq50_20251118_162809_491272.avi,89.83740328379558,360,90,HIGH,VIDEO_RECORDING,2025-11-18T16:28:13.587159
2025-11-18 16:28:10.880106,124,1224,HandType.Right,0.6899369359016418,-22.73741340637207,256.35546875,205.92739868164062,-0.21096660196781158,-0.9774295091629028,-0.011164240539073944,-38.75902557373047,-120.308349609375,-128.9798126220703,0.0,0.05540906637907028,37.12971496582031,1,1,1,1,1,-87.9686279296875,255.49575805664062,197.21261596679688,-78.69306182861328,231.59173583984375,148.6659393310547,lower,50,2025-11-18T16:28:10.880106,my_hand_data\videos\lower_seq50_20251118_162809_491272.avi,89.83740328379558,360,90,HIGH,VIDEO_RECORDING,2025-11-18T16:28:13.587159
2025-11-18 16:28:10.880106,125,1224,HandType.Right,0.6899369359016418,-22.73741340637207,256.35546875,205.92739868164062,-0.21096660196781158,-0.9774295091629028,-0.011164240539073944,-38.75902557373047,-120.308349609375,-128.9798126220703,0.0,0.05540906637907028,37.12971496582031,1,1,1,1,1,-87.9686279296875,255.49575805664062,197.21261596679688,-78.69306182861328,231.59173583984375,148.6659393310547,lower,50,2025-11-18T16:28:10.880106,my_hand_data\videos\lower_seq50_20251118_162809_491272.avi,89.83740328379558,360,90,HIGH,VIDEO_RECORDING,2025-11-18T16:28:13.587159
2025-11-18 16:28:10.900842,126,1224,HandType.Right,0.6909633874893188,-23.5963077545166,253.9571990966797,203.02549743652344,-0.21542131900787354,-0.9764853715896606,-0.008361988700926304,-36.77248764038086,-106.2459716796875,-126.59693908691406,0.0,0.09209935367107391,36.18971633911133,1,1,1,1,1,-88.58965301513672,252.72732543945312,194.39385986328125,-80.45909118652344,229.78289794921875,146.65489196777344,lower,50,2025-11-18T16:28:10.900842,my_hand_data\videos\lower_seq50_20251118_162809_491272.avi,89.83740328379558,360,90,HIGH,VIDEO_RECORDING,2025-11-18T16:28:13.587159
2025-11-18 16:28:10.905388,127,1224,HandType.Right,0.6909633874893188,-23.5963077545166,253.9571990966797,203.02549743652344,-0.21542131900787354,-0.9764853715896606,-0.008361988700926304,-36.77248764038086,-106.2459716796875,-126.59693908691406,0.0,0.09209935367107391,36.18971633911133,1,1,1,1,1,-88.58965301513672,252.72732543945312,194.39385986328125,-80.45909118652344,229.78289794921875,146.65489196777344,lower,50,2025-11-18T16:28:10.905388,my_hand_data\videos\lower_seq50_20251118_162809_491272.avi,89.83740328379558,360,90,HIGH,VIDEO_RECORDING,2025-11-18T16:28:13.587159
2025-11-18 16:28:10.921197,128,1224,HandType.Right,0.6882468461990356,-24.53099822998047,251.55087280273438,199.67254638671875,-0.22134508192539215,-0.9751850962638855,-0.004510821308940649,-43.99565124511719,-110.47347259521484,-157.9998321533203,0.0,0.12234704941511154,35.839290618896484,1,1,1,1,1,-89.35623168945312,249.7884979248047,191.2275848388672,-82.07752990722656,227.50741577148438,144.23765563964844,lower,50,2025-11-18T16:28:10.921197,my_hand_data\videos\lower_seq50_20251118_162809_491272.avi,89.83740328379558,360,90,HIGH,VIDEO_RECORDING,2025-11-18T16:28:13.587159
2025-11-18 16:28:10.931214,129,1224,HandType.Right,0.6882468461990356,-24.53099822998047,251.55087280273438,199.67254638671875,-0.22134508192539215,-0.9751850962638855,-0.004510821308940649,-43.99565124511719,-110.47347259521484,-157.9998321533203,0.0,0.12234704941511154,35.839290618896484,1,1,1,1,1,-89.35623168945312,249.7884979248047,191.2275848388672,-82.07752990722656,227.50741577148438,144.23765563964844,lower,50,2025-11-18T16:28:10.931214,my_hand_data\videos\lower_seq50_20251118_162809_491272.avi,89.83740328379558,360,90,HIGH,VIDEO_RECORDING,2025-11-18T16:28:13.587159
2025-11-18 16:28:10.941344,130,1224,HandType.Right,0.6864945292472839,-25.565126419067383,248.98255920410156,196.2348175048828,-0.22554852068424225,-0.9742314219474792,0.0010114617180079222,-53.16671371459961,-122.37859344482422,-164.76837158203125,0.0,0.1459207534790039,35.9246826171875,1,1,1,1,1,-90.33085632324219,246.6846466064453,187.9264678955078,-83.79939270019531,225.2467498779297,141.3810577392578,lower,50,2025-11-18T16:28:10.941344,my_hand_data\videos\lower_seq50_20251118_162809_491272.avi,89.83740328379558,360,90,HIGH,VIDEO_RECORDING,2025-11-18T16:28:13.587159
2025-11-18 16:28:10.951547,131,1224,HandType.Right,0.6857454180717468,-26.137592315673828,247.60621643066406,194.52203369140625,-0.22917917370796204,-0.9733709096908569,0.005101390182971954,-51.11763000488281,-122.89786529541016,-152.9405517578125,0.0,0.16226767003536224,36.14121627807617,1,1,1,1,1,-90.79238891601562,245.02777099609375,186.2187042236328,-84.8481674194336,224.36233520507812,139.89208984375,lower,50,2025-11-18T16:28:10.951547,my_hand_data\videos\lower_seq50_20251118_162809_491272.avi,89.83740328379558,360,90,HIGH,VIDEO_RECORDING,2025-11-18T16:28:13.587159
2025-11-18 16:28:10.962042,132,1224,HandType.Right,0.6857454180717468,-26.137592315673828,247.60621643066406,194.52203369140625,-0.22917917370796204,-0.9733709096908569,0.005101390182971954,-51.11763000488281,-122.89786529541016,-152.9405517578125,0.0,0.16226767003536224,36.14121627807617,1,1,1,1,1,-90.79238891601562,245.02777099609375,186.2187042236328,-84.8481674194336,224.36233520507812,139.89208984375,lower,50,2025-11-18T16:28:10.962042,my_hand_data\videos\lower_seq50_20251118_162809_491272.avi,89.83740328379558,360,90,HIGH,VIDEO_RECORDING,2025-11-18T16:28:13.587159
2025-11-18 16:28:10.972432,133,1224,HandType.Right,0.6864213943481445,-26.761682510375977,246.44256591796875,192.85272216796875,-0.22909198701381683,-0.9733895659446716,0.005438525695353746,-55.87186050415039,-104.17657470703125,-149.44615173339844,0.0,0.17679892480373383,36.2623291015625,1,1,1,1,1,-91.38888549804688,243.67127990722656,184.53550720214844,-85.87641143798828,223.90249633789062,138.3407745361328,lower,50,2025-11-18T16:28:10.972432,my_hand_data\videos\lower_seq50_20251118_162809_491272.avi,89.83740328379558,360,90,HIGH,VIDEO_RECORDING,2025-11-18T16:28:13.587159
2025-11-18 16:28:10.982788,134,1224,HandType.Right,0.6865148544311523,-27.3381404876709,245.29464721679688,191.1796875,-0.23171696066856384,-0.9727619886398315,0.006428611930459738,-50.44268798828125,-100.44821166992188,-146.39724731445312,0.0,0.18866708874702454,36.75949478149414,1,1,1,1,1,-91.91995239257812,242.33779907226562,182.9515838623047,-86.9593276977539,223.21987915039062,136.88311767578125,lower,50,2025-11-18T16:28:10.982788,my_hand_data\videos\lower_seq50_20251118_162809_491272.avi,89.83740328379558,360,90,HIGH,VIDEO_RECORDING,2025-11-18T16:28:13.587159
2025-11-18 16:28:11.003369,135,1224,HandType.Right,0.6846427917480469,-28.531740188598633,242.65028381347656,187.371826171875,-0.24006015062332153,-0.9706835746765137,0.012020835652947426,-53.432395935058594,-120.8718032836914,-173.190673828125,0.0,0.20988605916500092,38.303672790527344,1,1,1,1,1,-92.95138549804688,239.41342163085938,179.44638061523438,-89.08434295654297,221.36465454101562,133.66189575195312,lower,50,2025-11-18T16:28:11.003369,my_hand_data\videos\lower_seq50_20251118_162809_491272.avi,89.83740328379558,360,90,HIGH,VIDEO_RECORDING,2025-11-18T16:28:13.587159
2025-11-18 16:28:11.003369,136,1224,HandType.Right,0.6863123774528503,-29.148862838745117,241.4152374267578,185.65679931640625,-0.24694384634494781,-0.9688654541969299,0.017845619469881058,-55.66191101074219,-111.39643859863281,-154.6874542236328,0.0,0.22746823728084564,39.97688293457031,1,1,1,1,1,-93.376220703125,237.95526123046875,177.72581481933594,-90.32197570800781,220.8037872314453,132.20457458496094,lower,50,2025-11-18T16:28:11.003369,my_hand_data\videos\lower_seq50_20251118_162809_491272.avi,89.83740328379558,360,90,HIGH,VIDEO_RECORDING,2025-11-18T16:28:13.587159
2025-11-18 16:28:11.024028,137,1224,HandType.Right,0.6881124377250671,-29.825071334838867,240.04136657714844,183.6642608642578,-0.2487822026014328,-0.9683403968811035,0.020597174763679504,-60.83747482299805,-123.60501098632812,-179.2660675048828,0.0,0.23423130810260773,39.80274963378906,1,1,1,1,1,-93.83930206298828,236.33848571777344,175.7396240234375,-91.29914855957031,219.45350646972656,130.34866333007812,lower,50,2025-11-18T16:28:11.024028,my_hand_data\videos\lower_seq50_20251118_162809_491272.avi,89.83740328379558,360,90,HIGH,VIDEO_RECORDING,2025-11-18T16:28:13.587159
2025-11-18 16:28:11.028046,138,1224,HandType.Right,0.6881124377250671,-29.825071334838867,240.04136657714844,183.6642608642578,-0.2487822026014328,-0.9683403968811035,0.020597174763679504,-60.83747482299805,-123.60501098632812,-179.2660675048828,0.0,0.23423130810260773,39.80274963378906,1,1,1,1,1,-93.83930206298828,236.33848571777344,175.7396240234375,-91.29914855957031,219.45350646972656,130.34866333007812,lower,50,2025-11-18T16:28:11.028046,my_hand_data\videos\lower_seq50_20251118_162809_491272.avi,89.83740328379558,360,90,HIGH,VIDEO_RECORDING,2025-11-18T16:28:13.587159
2025-11-18 16:28:11.044598,139,1224,HandType.Right,0.6881088614463806,-31.172744750976562,237.09744262695312,179.5517120361328,-0.2535324692726135,-0.9669359922409058,0.0274960994720459,-55.673160552978516,-142.89938354492188,-186.1971435546875,0.0,0.26068636775016785,39.01475143432617,1,1,1,1,1,-94.99956512451172,233.09849548339844,171.6074676513672,-93.62818145751953,217.17947387695312,126.82803344726562,lower,50,2025-11-18T16:28:11.044598,my_hand_data\videos\lower_seq50_20251118_162809_491272.avi,89.83740328379558,360,90,HIGH,VIDEO_RECORDING,2025-11-18T16:28:13.587159
2025-11-18 16:28:11.048682,140,1224,HandType.Right,0.6881088614463806,-31.172744750976562,237.09744262695312,179.5517120361328,-0.2535324692726135,-0.9669359922409058,0.0274960994720459,-55.673160552978516,-142.89938354492188,-186.1971435546875,0.0,0.26068636775016785,39.01475143432617,1,1,1,1,1,-94.99956512451172,233.09849548339844,171.6074676513672,-93.62818145751953,217.17947387695312,126.82803344726562,lower,50,2025-11-18T16:28:11.048682,my_hand_data\videos\lower_seq50_20251118_162809_491272.avi,89.83740328379558,360,90,HIGH,VIDEO_RECORDING,2025-11-18T16:28:13.587159
2025-11-18 16:28:11.064763,141,1224,HandType.Right,0.690552294254303,-32.321693420410156,234.3475799560547,175.51934814453125,-0.26175007224082947,-0.9645604491233826,0.033317867666482925,-48.66642379760742,-123.05929565429688,-178.98793029785156,0.0,0.28476768732070923,38.26905822753906,1,1,1,1,1,-96.05479431152344,230.45155334472656,167.73365783691406,-96.02523803710938,215.61180114746094,123.47757720947266,lower,50,2025-11-18T16:28:11.064763,my_hand_data\videos\lower_seq50_20251118_162809_491272.avi,89.83740328379558,360,90,HIGH,VIDEO_RECORDING,2025-11-18T16:28:13.587159
2025-11-18 16:28:11.074519,142,1224,HandType.Right,0.6917116045951843,-32.88936996459961,233.0155487060547,173.4591522216797,-0.265028178691864,-0.9635331034660339,0.03693320229649544,-52.195308685302734,-122.47392272949219,-189.4258270263672,0.0,0.291011244058609,38.051551818847656,1,1,1,1,1,-96.5851821899414,229.09866333007812,165.86724853515625,-97.1634292602539,214.4182586669922,121.7979507446289,lower,50,2025-11-18T16:28:11.074519,my_hand_data\videos\lower_seq50_20251118_162809_491272.avi,89.83740328379558,360,90,HIGH,VIDEO_RECORDING,2025-11-18T16:28:13.587159
2025-11-18 16:28:11.084797,143,1224,HandType.Right,0.6917116045951843,-32.88936996459961,233.0155487060547,173.4591522216797,-0.265028178691864,-0.9635331034660339,0.03693320229649544,-52.195308685302734,-122.47392272949219,-189.4258270263672,0.0,0.291011244058609,38.051551818847656,1,1,1,1,1,-96.5851821899414,229.09866333007812,165.86724853515625,-97.1634292602539,214.4182586669922,121.7979507446289,lower,50,2025-11-18T16:28:11.084797,my_hand_data\videos\lower_seq50_20251118_162809_491272.avi,89.83740328379558,360,90,HIGH,VIDEO_RECORDING,2025-11-18T16:28:13.587159
2025-11-18 16:28:11.095128,144,1224,HandType.Right,0.6926202178001404,-33.49018096923828,231.72267150878906,171.37599182128906,-0.2708238363265991,-0.9617558121681213,0.04098999500274658,-53.95682144165039,-116.11016845703125,-187.0823211669922,0.0,0.30008402466773987,37.82663345336914,1,1,1,1,1,-97.0916519165039,227.7725830078125,164.13055419921875,-98.40352630615234,213.15086364746094,120.39781951904297,lower,50,2025-11-18T16:28:11.095128,my_hand_data\videos\lower_seq50_20251118_162809_491272.avi,89.83740328379558,360,90,HIGH,VIDEO_RECORDING,2025-11-18T16:28:13.587159
2025-11-18 16:28:11.105445,145,1224,HandType.Right,0.6927934885025024,-34.08049774169922,230.3016357421875,169.3098907470703,-0.2739061713218689,-0.9607143402099609,0.04475890100002289,-53.621437072753906,-129.0790557861328,-187.6735382080078,0.0,0.30652520060539246,37.62471389770508,1,1,1,1,1,-97.60816955566406,226.32965087890625,162.15684509277344,-99.21765899658203,211.67552185058594,118.68836975097656,lower,50,2025-11-18T16:28:11.105445,my_hand_data\videos\lower_seq50_20251118_162809_491272.avi,89.83740328379558,360,90,HIGH,VIDEO_RECORDING,2025-11-18T16:28:13.587159
2025-11-18 16:28:11.125827,146,1224,HandType.Right,0.688981831073761,-35.13323974609375,227.20066833496094,165.21441650390625,-0.27983567118644714,-0.9585568904876709,0.05348554626107216,-48.64977264404297,-142.02244567871094,-184.5068359375,0.0,0.31898704171180725,37.249176025390625,1,1,1,1,1,-98.50160217285156,223.2032470703125,158.25579833984375,-100.62480926513672,208.29745483398438,115.369140625,lower,50,2025-11-18T16:28:11.125827,my_hand_data\videos\lower_seq50_20251118_162809_491272.avi,89.83740328379558,360,90,HIGH,VIDEO_RECORDING,2025-11-18T16:28:13.587159
2025-11-18 16:28:11.125827,147,1224,HandType.Right,0.688981831073761,-35.13323974609375,227.20066833496094,165.21441650390625,-0.27983567118644714,-0.9585568904876709,0.05348554626107216,-48.64977264404297,-142.02244567871094,-184.5068359375,0.0,0.31898704171180725,37.249176025390625,1,1,1,1,1,-98.50160217285156,223.2032470703125,158.25579833984375,-100.62480926513672,208.29745483398438,115.369140625,lower,50,2025-11-18T16:28:11.125827,my_hand_data\videos\lower_seq50_20251118_162809_491272.avi,89.83740328379558,360,90,HIGH,VIDEO_RECORDING,2025-11-18T16:28:13.587159
2025-11-18 16:28:11.145898,148,1224,HandType.Right,0.6867721080780029,-36.1973762512207,224.2373809814453,161.27676391601562,-0.2808011770248413,-0.9579469561576843,0.059061892330646515,-46.532676696777344,-127.83934020996094,-169.77252197265625,0.0,0.3230058550834656,37.13155746459961,1,1,1,1,1,-99.6255111694336,220.4114227294922,154.61671447753906,-101.96600341796875,205.4929656982422,111.90167999267578,lower,50,2025-11-18T16:28:11.145898,my_hand_data\videos\lower_seq50_20251118_162809_491272.avi,89.83740328379558,360,90,HIGH,VIDEO_RECORDING,2025-11-18T16:28:13.587159
2025-11-18 16:28:11.150545,149,1224,HandType.Right,0.6867721080780029,-36.1973762512207,224.2373809814453,161.27676391601562,-0.2808011770248413,-0.9579469561576843,0.059061892330646515,-46.532676696777344,-127.83934020996094,-169.77252197265625,0.0,0.3230058550834656,37.13155746459961,1,1,1,1,1,-99.6255111694336,220.4114227294922,154.61671447753906,-101.96600341796875,205.4929656982422,111.90167999267578,lower,50,2025-11-18T16:28:11.150545,my_hand_data\videos\lower_seq50_20251118_162809_491272.avi,89.83740328379558,360,90,HIGH,VIDEO_RECORDING,2025-11-18T16:28:13.587159
2025-11-18 16:28:11.166231,150,1224,HandType.Right,0.6879643201828003,-37.041988372802734,221.22637939453125,157.4561004638672,-0.2815209925174713,-0.9574606418609619,0.06336487084627151,-35.931488037109375,-149.65499877929688,-177.3876953125,0.0,0.3316235840320587,36.95734786987305,1,1,1,1,1,-100.46077728271484,217.3944549560547,150.93099975585938,-103.05048370361328,203.08193969726562,108.35480499267578,lower,50,2025-11-18T16:28:11.166231,my_hand_data\videos\lower_seq50_20251118_162809_491272.avi,89.83740328379558,360,90,HIGH,VIDEO_RECORDING,2025-11-18T16:28:13.587159
2025-11-18 16:28:11.166231,151,1224,HandType.Right,0.6879643201828003,-37.041988372802734,221.22637939453125,157.4561004638672,-0.2815209925174713,-0.9574606418609619,0.06336487084627151,-35.931488037109375,-149.65499877929688,-177.3876953125,0.0,0.3316235840320587,36.95734786987305,1,1,1,1,1,-100.46077728271484,217.3944549560547,150.93099975585938,-103.05048370361328,203.08193969726562,108.35480499267578,lower,50,2025-11-18T16:28:11.166231,my_hand_data\videos\lower_seq50_20251118_162809_491272.avi,89.83740328379558,360,90,HIGH,VIDEO_RECORDING,2025-11-18T16:28:13.587159
2025-11-18 16:28:11.186539,152,1224,HandType.Right,0.6889926791191101,-37.66908264160156,217.8721923828125,153.57476806640625,-0.28058841824531555,-0.9574159979820251,0.06800562888383865,-26.063573837280273,-147.1822967529297,-166.7884979248047,0.0,0.3266039788722992,37.1952018737793,1,1,1,1,1,-100.9254150390625,213.7130126953125,147.40147399902344,-103.60437774658203,199.49447631835938,104.61349487304688,lower,50,2025-11-18T16:28:11.186539,my_hand_data\videos\lower_seq50_20251118_162809_491272.avi,89.83740328379558,360,90,HIGH,VIDEO_RECORDING,2025-11-18T16:28:13.587159
2025-11-18 16:28:11.196672,153,1224,HandType.Right,0.6918349266052246,-37.86344909667969,216.35768127441406,151.9273681640625,-0.28088614344596863,-0.957166314125061,0.070253886282444,-17.64531898498535,-137.49490356445312,-149.5592498779297,0.0,0.3255109488964081,37.27674865722656,1,1,1,1,1,-100.94822692871094,211.90904235839844,145.86444091796875,-103.7906265258789,197.99876403808594,102.94406127929688,lower,50,2025-11-18T16:28:11.196672,my_hand_data\videos\lower_seq50_20251118_162809_491272.avi,89.83740328379558,360,90,HIGH,VIDEO_RECORDING,2025-11-18T16:28:13.587159
2025-11-18 16:28:11.206918,154,1224,HandType.Right,0.6918349266052246,-37.86344909667969,216.35768127441406,151.9273681640625,-0.28088614344596863,-0.957166314125061,0.070253886282444,-17.64531898498535,-137.49490356445312,-149.5592498779297,0.0,0.3255109488964081,37.27674865722656,1,1,1,1,1,-100.94822692871094,211.90904235839844,145.86444091796875,-103.7906265258789,197.99876403808594,102.94406127929688,lower,50,2025-11-18T16:28:11.206918,my_hand_data\videos\lower_seq50_20251118_162809_491272.avi,89.83740328379558,360,90,HIGH,VIDEO_RECORDING,2025-11-18T16:28:13.587159
2025-11-18 16:28:11.217258,155,1224,HandType.Right,0.6951695084571838,-38.02659225463867,214.8982696533203,150.29949951171875,-0.28055518865585327,-0.9570762515068054,0.07275890558958054,-14.605610847473145,-130.65579223632812,-145.7367401123047,0.0,0.3246617317199707,37.36501693725586,1,1,1,1,1,-100.97869110107422,210.3419647216797,144.35255432128906,-104.03067016601562,196.82150268554688,101.29261016845703,lower,50,2025-11-18T16:28:11.217258,my_hand_data\videos\lower_seq50_20251118_162809_491272.avi,89.83740328379558,360,90,HIGH,VIDEO_RECORDING,2025-11-18T16:28:13.587159
2025-11-18 16:28:11.227614,156,1224,HandType.Right,0.696000874042511,-38.21664810180664,213.31668090820312,148.51051330566406,-0.28073549270629883,-0.9569321274757385,0.07394934445619583,-17.080482482910156,-142.13934326171875,-160.77850341796875,0.0,0.3165820240974426,37.669822692871094,1,1,1,1,1,-101.10006713867188,208.65200805664062,142.86366271972656,-104.21874237060547,195.23928833007812,99.46942901611328,lower,50,2025-11-18T16:28:11.227614,my_hand_data\videos\lower_seq50_20251118_162809_491272.avi,89.83740328379558,360,90,HIGH,VIDEO_RECORDING,2025-11-18T16:28:13.587159
2025-11-18 16:28:11.237922,157,1224,HandType.Right,0.6975944638252258,-38.36897277832031,211.67758178710938,146.7499237060547,-0.28097003698349,-0.9567442536354065,0.07547363638877869,-13.781515121459961,-148.2946319580078,-159.28564453125,0.0,0.3121752440929413,37.827388763427734,1,1,1,1,1,-101.0964126586914,206.9305877685547,141.29710388183594,-104.41193389892578,193.59608459472656,97.7256851196289,lower,50,2025-11-18T16:28:11.237922,my_hand_data\videos\lower_seq50_20251118_162809_491272.avi,89.83740328379558,360,90,HIGH,VIDEO_RECORDING,2025-11-18T16:28:13.587159
2025-11-18 16:28:11.258550,158,1224,HandType.Right,0.7013468146324158,-38.5897102355957,208.4630584716797,143.4071044921875,-0.286056786775589,-0.9546474814414978,0.08258120715618134,-10.075450897216797,-153.3286895751953,-158.93338012695312,0.0,0.3091992139816284,37.86734390258789,1,1,1,1,1,-100.85799407958984,203.10244750976562,138.01548767089844,-104.58222961425781,189.6575164794922,94.40426635742188,lower,50,2025-11-18T16:28:11.258550,my_hand_data\videos\lower_seq50_20251118_162809_491272.avi,89.83740328379558,360,90,HIGH,VIDEO_RECORDING,2025-11-18T16:28:13.587159
2025-11-18 16:28:11.258550,159,1224,HandType.Right,0.7041691541671753,-38.63668441772461,206.98985290527344,141.87574768066406,-0.2904970645904541,-0.9529755711555481,0.08630778640508652,-4.269688606262207,-133.90362548828125,-139.18960571289062,0.0,0.3126547038555145,37.84102249145508,1,1,1,1,1,-100.79083251953125,201.112060546875,136.46286010742188,-104.61103057861328,188.0872802734375,92.86306762695312,lower,50,2025-11-18T16:28:11.258550,my_hand_data\videos\lower_seq50_20251118_162809_491272.avi,89.83740328379558,360,90,HIGH,VIDEO_RECORDING,2025-11-18T16:28:13.587159
2025-11-18 16:28:11.278709,160,1224,HandType.Right,0.7063503861427307,-38.70904541015625,205.48219299316406,140.21083068847656,-0.2925102412700653,-0.9521633982658386,0.08844566345214844,-6.457428932189941,-134.54055786132812,-148.57325744628906,0.0,0.3169707953929901,37.779884338378906,1,1,1,1,1,-100.73328399658203,199.01040649414062,134.7237091064453,-104.68692016601562,186.56680297851562,91.13335418701172,lower,50,2025-11-18T16:28:11.278709,my_hand_data\videos\lower_seq50_20251118_162809_491272.avi,89.83740328379558,360,90,HIGH,VIDEO_RECORDING,2025-11-18T16:28:13.587159
2025-11-18 16:28:11.284698,161,1224,HandType.Right,0.7063503861427307,-38.70904541015625,205.48219299316406,140.21083068847656,-0.2925102412700653,-0.9521633982658386,0.08844566345214844,-6.457428932189941,-134.54055786132812,-148.57325744628906,0.0,0.3169707953929901,37.779884338378906,1,1,1,1,1,-100.73328399658203,199.01040649414062,134.7237091064453,-104.68692016601562,186.56680297851562,91.13335418701172,lower,50,2025-11-18T16:28:11.284698,my_hand_data\videos\lower_seq50_20251118_162809_491272.avi,89.83740328379558,360,90,HIGH,VIDEO_RECORDING,2025-11-18T16:28:13.587159
2025-11-18 16:28:11.299648,162,1224,HandType.Right,0.7095503211021423,-38.987335205078125,202.46380615234375,136.9601593017578,-0.2943262457847595,-0.9509715437889099,0.0950012132525444,-13.614211082458496,-137.95863342285156,-145.4691162109375,0.0,0.3263610899448395,37.561954498291016,1,1,1,1,1,-100.5333251953125,194.8836669921875,131.22650146484375,-104.80924224853516,183.36245727539062,87.77349853515625,lower,50,2025-11-18T16:28:11.299648,my_hand_data\videos\lower_seq50_20251118_162809_491272.avi,89.83740328379558,360,90,HIGH,VIDEO_RECORDING,2025-11-18T16:28:13.587159
2025-11-18 16:28:11.299648,163,1224,HandType.Right,0.7095503211021423,-38.987335205078125,202.46380615234375,136.9601593017578,-0.2943262457847595,-0.9509715437889099,0.0950012132525444,-13.614211082458496,-137.95863342285156,-145.4691162109375,0.0,0.3263610899448395,37.561954498291016,1,1,1,1,1,-100.5333251953125,194.8836669921875,131.22650146484375,-104.80924224853516,183.36245727539062,87.77349853515625,lower,50,2025-11-18T16:28:11.299648,my_hand_data\videos\lower_seq50_20251118_162809_491272.avi,89.83740328379558,360,90,HIGH,VIDEO_RECORDING,2025-11-18T16:28:13.587159
2025-11-18 16:28:11.319907,164,1224,HandType.Right,0.7117199897766113,-39.21846008300781,199.1495361328125,133.49835205078125,-0.2935045659542084,-0.9506784081459045,0.10032753646373749,-9.67590618133545,-144.8626708984375,-152.67355346679688,0.0,0.3250841200351715,37.643218994140625,1,1,1,1,1,-100.65591430664062,191.38107299804688,127.71907806396484,-104.88182067871094,180.13650512695312,84.14868927001953,lower,50,2025-11-18T16:28:11.319907,my_hand_data\videos\lower_seq50_20251118_162809_491272.avi,89.83740328379558,360,90,HIGH,VIDEO_RECORDING,2025-11-18T16:28:13.587159
2025-11-18 16:28:11.330233,165,1224,HandType.Right,0.7139723896980286,-39.312950134277344,197.61058044433594,131.81756591796875,-0.29150310158729553,-0.9510687589645386,0.10244118422269821,-8.470587730407715,-137.96234130859375,-150.6751251220703,0.0,0.32505929470062256,37.64776611328125,1,1,1,1,1,-100.63478088378906,189.7146453857422,126.0322036743164,-104.96966552734375,178.6334228515625,82.43450164794922,lower,50,2025-11-18T16:28:11.330233,my_hand_data\videos\lower_seq50_20251118_162809_491272.avi,89.83740328379558,360,90,HIGH,VIDEO_RECORDING,2025-11-18T16:28:13.587159
2025-11-18 16:28:11.340264,166,1224,HandType.Right,0.7139723896980286,-39.312950134277344,197.61058044433594,131.81756591796875,-0.29150310158729553,-0.9510687589645386,0.10244118422269821,-8.470587730407715,-137.96234130859375,-150.6751251220703,0.0,0.32505929470062256,37.64776611328125,1,1,1,1,1,-100.63478088378906,189.7146453857422,126.0322036743164,-104.96966552734375,178.6334228515625,82.43450164794922,lower,50,2025-11-18T16:28:11.340264,my_hand_data\videos\lower_seq50_20251118_162809_491272.avi,89.83740328379558,360,90,HIGH,VIDEO_RECORDING,2025-11-18T16:28:13.587159
2025-11-18 16:28:11.350463,167,1224,HandType.Right,0.716266930103302,-39.30131530761719,196.05923461914062,130.2154998779297,-0.2923927903175354,-0.9503536820411682,0.10646259039640427,1.0274378061294556,-136.99606323242188,-141.47523498535156,0.0,0.3219732642173767,37.74665069580078,1,1,1,1,1,-100.55128479003906,188.15753173828125,124.48526763916016,-104.92676544189453,177.07369995117188,80.78373718261719,lower,50,2025-11-18T16:28:11.350463,my_hand_data\videos\lower_seq50_20251118_162809_491272.avi,89.83740328379558,360,90,HIGH,VIDEO_RECORDING,2025-11-18T16:28:13.587159
2025-11-18 16:28:11.370549,168,1224,HandType.Right,0.7210838198661804,-39.18132019042969,193.19761657714844,127.06300354003906,-0.29469841718673706,-0.9489269852638245,0.11265163123607635,8.552603721618652,-121.7666015625,-137.38453674316406,0.0,0.3139670491218567,38.028907775878906,1,1,1,1,1,-100.49932861328125,185.9488067626953,121.7878189086914,-105.19806671142578,174.8570556640625,77.82880401611328,lower,50,2025-11-18T16:28:11.370549,my_hand_data\videos\lower_seq50_20251118_162809_491272.avi,89.83740328379558,360,90,HIGH,VIDEO_RECORDING,2025-11-18T16:28:13.587159
2025-11-18 16:28:11.370549,169,1224,HandType.Right,0.724294126033783,-39.105812072753906,191.90696716308594,125.4969482421875,-0.2959209978580475,-0.9482670426368713,0.11497987806797028,6.798104286193848,-116.20147705078125,-140.99754333496094,0.0,0.3141368627548218,37.971961975097656,1,1,1,1,1,-100.43853759765625,185.02554321289062,120.333251953125,-105.45966339111328,173.89962768554688,76.43077087402344,lower,50,2025-11-18T16:28:11.370549,my_hand_data\videos\lower_seq50_20251118_162809_491272.avi,89.83740328379558,360,90,HIGH,VIDEO_RECORDING,2025-11-18T16:28:13.587159
2025-11-18 16:28:11.390808,170,1224,HandType.Right,0.727199375629425,-39.033634185791016,190.6613311767578,123.97354125976562,-0.29804500937461853,-0.9472435712814331,0.11789297312498093,6.356331825256348,-109.69898986816406,-134.16119384765625,0.0,0.31588906049728394,37.90685272216797,1,1,1,1,1,-100.3802719116211,184.02215576171875,118.8612289428711,-105.67597961425781,173.11695861816406,75.007080078125,lower,50,2025-11-18T16:28:11.390808,my_hand_data\videos\lower_seq50_20251118_162809_491272.avi,89.83740328379558,360,90,HIGH,VIDEO_RECORDING,2025-11-18T16:28:13.587159
2025-11-18 16:28:11.390808,171,1224,HandType.Right,0.727199375629425,-39.033634185791016,190.6613311767578,123.97354125976562,-0.29804500937461853,-0.9472435712814331,0.11789297312498093,6.356331825256348,-109.69898986816406,-134.16119384765625,0.0,0.31588906049728394,37.90685272216797,1,1,1,1,1,-100.3802719116211,184.02215576171875,118.8612289428711,-105.67597961425781,173.11695861816406,75.007080078125,lower,50,2025-11-18T16:28:11.390808,my_hand_data\videos\lower_seq50_20251118_162809_491272.avi,89.83740328379558,360,90,HIGH,VIDEO_RECORDING,2025-11-18T16:28:13.587159
2025-11-18 16:28:11.411151,172,1224,HandType.Right,0.7299479842185974,-38.75153732299805,188.2547149658203,120.98554229736328,-0.3035777509212494,-0.9447075128555298,0.1239689439535141,15.890213966369629,-110.43331909179688,-137.98277282714844,0.0,0.313631534576416,37.99120330810547,1,1,1,1,1,-100.10145568847656,182.00733947753906,115.98652648925781,-105.46624755859375,171.27606201171875,72.02102661132812,lower,50,2025-11-18T16:28:11.411151,my_hand_data\videos\lower_seq50_20251118_162809_491272.avi,89.83740328379558,360,90,HIGH,VIDEO_RECORDING,2025-11-18T16:28:13.587159
2025-11-18 16:28:11.421654,173,1224,HandType.Right,0.7319017648696899,-38.49899673461914,187.0911407470703,119.56159973144531,-0.30765828490257263,-0.9429653882980347,0.12713249027729034,22.10619354248047,-101.85404205322266,-124.6451644897461,0.0,0.3118554651737213,38.05400466918945,1,1,1,1,1,-99.82868957519531,181.07113647460938,114.62993621826172,-105.27177429199219,170.4329833984375,70.58789825439453,lower,50,2025-11-18T16:28:11.421654,my_hand_data\videos\lower_seq50_20251118_162809_491272.avi,89.83740328379558,360,90,HIGH,VIDEO_RECORDING,2025-11-18T16:28:13.587159
2025-11-18 16:28:11.424163,174,1224,HandType.Right,0.7319017648696899,-38.49899673461914,187.0911407470703,119.56159973144531,-0.30765828490257263,-0.9429653882980347,0.12713249027729034,22.10619354248047,-101.85404205322266,-124.6451644897461,0.0,0.3118554651737213,38.05400466918945,1,1,1,1,1,-99.82868957519531,181.07113647460938,114.62993621826172,-105.27177429199219,170.4329833984375,70.58789825439453,lower,50,2025-11-18T16:28:11.424163,my_hand_data\videos\lower_seq50_20251118_162809_491272.avi,89.83740328379558,360,90,HIGH,VIDEO_RECORDING,2025-11-18T16:28:13.587159
2025-11-18 16:28:11.442004,175,1224,HandType.Right,0.7345725893974304,-38.12317657470703,184.77261352539062,116.40872192382812,-0.3123548626899719,-0.9409490823745728,0.13057303428649902,16.71514129638672,-105.56007385253906,-143.6855010986328,0.0,0.3041573762893677,38.239112854003906,1,1,1,1,1,-99.48430633544922,179.2107391357422,111.66636657714844,-105.12076568603516,168.55349731445312,67.37705993652344,lower,50,2025-11-18T16:28:11.442004,my_hand_data\videos\lower_seq50_20251118_162809_491272.avi,89.83740328379558,360,90,HIGH,VIDEO_RECORDING,2025-11-18T16:28:13.587159
2025-11-18 16:28:11.452461,176,1224,HandType.Right,0.7354280352592468,-37.93699264526367,183.5188751220703,114.7669677734375,-0.314330130815506,-0.9400398135185242,0.13236947357654572,16.736888885498047,-112.70632934570312,-147.58680725097656,0.0,0.2982642650604248,38.38899230957031,1,1,1,1,1,-99.3189926147461,178.18194580078125,110.11775970458984,-104.85479736328125,167.22341918945312,65.67935943603516,lower,50,2025-11-18T16:28:11.452461,my_hand_data\videos\lower_seq50_20251118_162809_491272.avi,89.83740328379558,360,90,HIGH,VIDEO_RECORDING,2025-11-18T16:28:13.587159
2025-11-18 16:28:11.462907,177,1224,HandType.Right,0.7354280352592468,-37.93699264526367,183.5188751220703,114.7669677734375,-0.314330130815506,-0.9400398135185242,0.13236947357654572,16.736888885498047,-112.70632934570312,-147.58680725097656,0.0,0.2982642650604248,38.38899230957031,1,1,1,1,1,-99.3189926147461,178.18194580078125,110.11775970458984,-104.85479736328125,167.22341918945312,65.67935943603516,lower,50,2025-11-18T16:28:11.462907,my_hand_data\videos\lower_seq50_20251118_162809_491272.avi,89.83740328379558,360,90,HIGH,VIDEO_RECORDING,2025-11-18T16:28:13.587159
2025-11-18 16:28:11.473033,178,1224,HandType.Right,0.7360996603965759,-37.760440826416016,182.26702880859375,113.08988189697266,-0.31590983271598816,-0.939361035823822,0.13342367112636566,15.88145923614502,-112.60618591308594,-150.85745239257812,0.0,0.2892568111419678,38.63096618652344,1,1,1,1,1,-99.20027923583984,177.24859619140625,108.56865692138672,-104.60926818847656,165.95639038085938,63.87066650390625,lower,50,2025-11-18T16:28:11.473033,my_hand_data\videos\lower_seq50_20251118_162809_491272.avi,89.83740328379558,360,90,HIGH,VIDEO_RECORDING,2025-11-18T16:28:13.587159
2025-11-18 16:28:11.483101,179,1224,HandType.Right,0.736984133720398,-37.54415512084961,181.09976196289062,111.48088836669922,-0.3176320791244507,-0.9387150406837463,0.13388048112392426,20.09507179260254,-108.45177459716797,-149.49331665039062,0.0,0.2792843282222748,38.94966506958008,1,1,1,1,1,-99.12541198730469,176.46810913085938,107.13590240478516,-104.23860168457031,164.79818725585938,62.1354866027832,lower,50,2025-11-18T16:28:11.483101,my_hand_data\videos\lower_seq50_20251118_162809_491272.avi,89.83740328379558,360,90,HIGH,VIDEO_RECORDING,2025-11-18T16:28:13.587159
2025-11-18 16:28:11.503614,180,1224,HandType.Right,0.738020658493042,-37.2645263671875,178.9676971435547,108.37458038330078,-0.32142311334609985,-0.9371378421783447,0.13586704432964325,10.667951583862305,-91.04721069335938,-134.1767578125,0.0,0.2583051919937134,39.54282760620117,1,1,1,1,1,-98.8144760131836,174.57876586914062,104.20916748046875,-103.82719421386719,162.92626953125,58.42048645019531,lower,50,2025-11-18T16:28:11.503614,my_hand_data\videos\lower_seq50_20251118_162809_491272.avi,89.83740328379558,360,90,HIGH,VIDEO_RECORDING,2025-11-18T16:28:13.587159
2025-11-18 16:28:11.509192,181,1224,HandType.Right,0.739927351474762,-37.132083892822266,177.88143920898438,106.8509292602539,-0.32300734519958496,-0.9364643096923828,0.1367509961128235,11.917889595031738,-97.74649047851562,-137.10516357421875,0.0,0.25165870785713196,39.724143981933594,1,1,1,1,1,-98.66764831542969,173.65914916992188,102.73707580566406,-103.69293212890625,162.0912322998047,56.68315887451172,lower,50,2025-11-18T16:28:11.509192,my_hand_data\videos\lower_seq50_20251118_162809_491272.avi,89.83740328379558,360,90,HIGH,VIDEO_RECORDING,2025-11-18T16:28:13.587159
2025-11-18 16:28:11.513674,182,1224,HandType.Right,0.739927351474762,-37.132083892822266,177.88143920898438,106.8509292602539,-0.32300734519958496,-0.9364643096923828,0.1367509961128235,11.917889595031738,-97.74649047851562,-137.10516357421875,0.0,0.25165870785713196,39.724143981933594,1,1,1,1,1,-98.66764831542969,173.65914916992188,102.73707580566406,-103.69293212890625,162.0912322998047,56.68315887451172,lower,50,2025-11-18T16:28:11.513674,my_hand_data\videos\lower_seq50_20251118_162809_491272.avi,89.83740328379558,360,90,HIGH,VIDEO_RECORDING,2025-11-18T16:28:13.587159
2025-11-18 16:28:11.534478,183,1224,HandType.Right,0.743303120136261,-37.01066589355469,175.61801147460938,103.87934875488281,-0.3265388309955597,-0.9350624680519104,0.1379513293504715,4.680405139923096,-102.85904693603516,-134.894287109375,0.0,0.23117297887802124,40.25087356567383,1,1,1,1,1,-98.53556060791016,171.78797912597656,99.86978912353516,-103.51642608642578,160.25289916992188,53.042457580566406,lower,50,2025-11-18T16:28:11.534478,my_hand_data\videos\lower_seq50_20251118_162809_491272.avi,89.83740328379558,360,90,HIGH,VIDEO_RECORDING,2025-11-18T16:28:13.587159
2025-11-18 16:28:11.534478,184,1224,HandType.Right,0.743303120136261,-37.01066589355469,175.61801147460938,103.87934875488281,-0.3265388309955597,-0.9350624680519104,0.1379513293504715,4.680405139923096,-102.85904693603516,-134.894287109375,0.0,0.23117297887802124,40.25087356567383,1,1,1,1,1,-98.53556060791016,171.78797912597656,99.86978912353516,-103.51642608642578,160.25289916992188,53.042457580566406,lower,50,2025-11-18T16:28:11.534478,my_hand_data\videos\lower_seq50_20251118_162809_491272.avi,89.83740328379558,360,90,HIGH,VIDEO_RECORDING,2025-11-18T16:28:13.587159
2025-11-18 16:28:11.554683,185,1224,HandType.Right,0.7459792494773865,-37.02009963989258,174.58436584472656,102.3406982421875,-0.32757169008255005,-0.9346215724945068,0.1384892761707306,-0.851298451423645,-93.26420593261719,-138.83013916015625,0.0,0.2245679795742035,40.42252731323242,1,1,1,1,1,-98.5290298461914,170.86871337890625,98.40021514892578,-103.53425598144531,159.47525024414062,51.298606872558594,lower,50,2025-11-18T16:28:11.554683,my_hand_data\videos\lower_seq50_20251118_162809_491272.avi,89.83740328379558,360,90,HIGH,VIDEO_RECORDING,2025-11-18T16:28:13.587159
2025-11-18 16:28:11.558734,186,1224,HandType.Right,0.7482321858406067,-37.07365798950195,173.54981994628906,100.68861389160156,-0.328750878572464,-0.9341310262680054,0.13900373876094818,-4.896245002746582,-94.57321166992188,-151.027099609375,0.0,0.20782539248466492,40.8591423034668,1,1,1,1,1,-98.55924987792969,170.0477752685547,96.98101043701172,-103.58596801757812,158.57492065429688,49.28517150878906,lower,50,2025-11-18T16:28:11.558734,my_hand_data\videos\lower_seq50_20251118_162809_491272.avi,89.83740328379558,360,90,HIGH,VIDEO_RECORDING,2025-11-18T16:28:13.587159
2025-11-18 16:28:11.575119,187,1224,HandType.Right,0.7519209980964661,-37.18932342529297,171.43563842773438,97.42630004882812,-0.3327249586582184,-0.932607889175415,0.13977327942848206,-8.804251670837402,-95.2518081665039,-149.74119567871094,0.0,0.17731504142284393,41.66846466064453,1,1,1,1,1,-98.5565185546875,168.37644958496094,94.14329528808594,-103.64705657958984,156.79373168945312,45.3646240234375,lower,50,2025-11-18T16:28:11.575119,my_hand_data\videos\lower_seq50_20251118_162809_491272.avi,89.83740328379558,360,90,HIGH,VIDEO_RECORDING,2025-11-18T16:28:13.587159
2025-11-18 16:28:11.585345,188,1224,HandType.Right,0.7519209980964661,-37.18932342529297,171.43563842773438,97.42630004882812,-0.3327249586582184,-0.932607889175415,0.13977327942848206,-8.804251670837402,-95.2518081665039,-149.74119567871094,0.0,0.17731504142284393,41.66846466064453,1,1,1,1,1,-98.5565185546875,168.37644958496094,94.14329528808594,-103.64705657958984,156.79373168945312,45.3646240234375,lower,50,2025-11-18T16:28:11.585345,my_hand_data\videos\lower_seq50_20251118_162809_491272.avi,89.83740328379558,360,90,HIGH,VIDEO_RECORDING,2025-11-18T16:28:13.587159
2025-11-18 16:28:11.595574,189,1224,HandType.Right,0.7552407383918762,-37.30897903442383,170.4995880126953,95.86766052246094,-0.3354239761829376,-0.9316311478614807,0.1398361623287201,-10.94749927520752,-85.64057159423828,-142.60145568847656,0.0,0.16035637259483337,42.149044036865234,1,1,1,1,1,-98.58602142333984,167.66165161132812,92.7183609008789,-103.50310516357422,155.83416748046875,43.359214782714844,lower,50,2025-11-18T16:28:11.595574,my_hand_data\videos\lower_seq50_20251118_162809_491272.avi,89.83740328379558,360,90,HIGH,VIDEO_RECORDING,2025-11-18T16:28:13.587159
2025-11-18 16:28:11.605719,190,1224,HandType.Right,0.7582548260688782,-37.46673583984375,169.5594940185547,94.19881439208984,-0.3378960192203522,-0.9308428168296814,0.1391327977180481,-13.912675857543945,-82.90740203857422,-147.17788696289062,0.0,0.14501363039016724,42.581233978271484,1,1,1,1,1,-98.72637939453125,167.10107421875,91.22050476074219,-103.46314239501953,154.8821258544922,41.3751106262207,lower,50,2025-11-18T16:28:11.605719,my_hand_data\videos\lower_seq50_20251118_162809_491272.avi,89.83740328379558,360,90,HIGH,VIDEO_RECORDING,2025-11-18T16:28:13.587159
2025-11-18 16:28:11.626379,191,1224,HandType.Right,0.7623230218887329,-38.02952575683594,167.79409790039062,90.75126647949219,-0.3410625755786896,-0.9300042390823364,0.13699781894683838,-31.42315101623535,-78.45858001708984,-158.17507934570312,0.0,0.12002942711114883,43.296775817871094,1,1,1,1,1,-99.17511749267578,165.7022247314453,88.07560729980469,-103.43785095214844,152.5985870361328,37.498497009277344,lower,50,2025-11-18T16:28:11.626379,my_hand_data\videos\lower_seq50_20251118_162809_491272.avi,89.83740328379558,360,90,HIGH,VIDEO_RECORDING,2025-11-18T16:28:13.587159
2025-11-18 16:28:11.630203,192,1224,HandType.Right,0.7623230218887329,-38.02952575683594,167.79409790039062,90.75126647949219,-0.3410625755786896,-0.9300042390823364,0.13699781894683838,-31.42315101623535,-78.45858001708984,-158.17507934570312,0.0,0.12002942711114883,43.296775817871094,1,1,1,1,1,-99.17511749267578,165.7022247314453,88.07560729980469,-103.43785095214844,152.5985870361328,37.498497009277344,lower,50,2025-11-18T16:28:11.630203,my_hand_data\videos\lower_seq50_20251118_162809_491272.avi,89.83740328379558,360,90,HIGH,VIDEO_RECORDING,2025-11-18T16:28:13.587159
2025-11-18 16:28:11.647153,193,1224,HandType.Right,0.7657900452613831,-38.89860916137695,165.96070861816406,87.19982147216797,-0.3429349362850189,-0.9296290278434753,0.1348535567522049,-40.10280990600586,-85.07830047607422,-158.65232849121094,0.0,0.10353612154722214,43.691593170166016,1,1,1,1,1,-99.8538589477539,164.1090545654297,84.75186157226562,-103.98298645019531,150.1365966796875,33.794490814208984,lower,50,2025-11-18T16:28:11.647153,my_hand_data\videos\lower_seq50_20251118_162809_491272.avi,89.83740328379558,360,90,HIGH,VIDEO_RECORDING,2025-11-18T16:28:13.587159
2025-11-18 16:28:11.647153,194,1224,HandType.Right,0.7673928141593933,-39.4359016418457,165.0435791015625,85.3275375366211,-0.344320684671402,-0.9293177723884583,0.13346055150032043,-47.805992126464844,-81.60234069824219,-166.5878143310547,0.0,0.09335552155971527,44.00870132446289,1,1,1,1,1,-100.34983825683594,163.33596801757812,83.14115142822266,-104.23417663574219,148.58352661132812,32.0133056640625,lower,50,2025-11-18T16:28:11.647153,my_hand_data\videos\lower_seq50_20251118_162809_491272.avi,89.83740328379558,360,90,HIGH,VIDEO_RECORDING,2025-11-18T16:28:13.587159
2025-11-18 16:28:11.667428,195,1224,HandType.Right,0.7675232291221619,-40.00300598144531,164.04348754882812,83.46345520019531,-0.345034658908844,-0.92913818359375,0.13286563754081726,-51.875606536865234,-91.48198699951172,-170.51611328125,0.0,0.08205155283212662,44.36226272583008,1,1,1,1,1,-100.890869140625,162.60604858398438,81.51695251464844,-104.45317077636719,147.11451721191406,30.161130905151367,lower,50,2025-11-18T16:28:11.667428,my_hand_data\videos\lower_seq50_20251118_162809_491272.avi,89.83740328379558,360,90,HIGH,VIDEO_RECORDING,2025-11-18T16:28:13.587159
2025-11-18 16:28:11.667428,196,1224,HandType.Right,0.7675232291221619,-40.00300598144531,164.04348754882812,83.46345520019531,-0.345034658908844,-0.92913818359375,0.13286563754081726,-51.875606536865234,-91.48198699951172,-170.51611328125,0.0,0.08205155283212662,44.36226272583008,1,1,1,1,1,-100.890869140625,162.60604858398438,81.51695251464844,-104.45317077636719,147.11451721191406,30.161130905151367,lower,50,2025-11-18T16:28:11.667428,my_hand_data\videos\lower_seq50_20251118_162809_491272.avi,89.83740328379558,360,90,HIGH,VIDEO_RECORDING,2025-11-18T16:28:13.587159
2025-11-18 16:28:11.687795,197,1224,HandType.Right,0.7679255604743958,-41.28113555908203,161.8678741455078,79.63636016845703,-0.34812891483306885,-0.9278913736343384,0.13350588083267212,-60.29257583618164,-94.14649963378906,-168.3822784423828,0.0,0.061506010591983795,45.0267219543457,1,1,1,1,1,-102.04656219482422,161.04747009277344,78.13677978515625,-104.98212432861328,143.94468688964844,26.47663688659668,lower,50,2025-11-18T16:28:11.687795,my_hand_data\videos\lower_seq50_20251118_162809_491272.avi,89.83740328379558,360,90,HIGH,VIDEO_RECORDING,2025-11-18T16:28:13.587159
2025-11-18 16:28:11.698266,198,1224,HandType.Right,0.7674117684364319,-41.986900329589844,160.84124755859375,77.68585968017578,-0.35009026527404785,-0.9270859360694885,0.13397198915481567,-63.11040496826172,-91.80253601074219,-174.41685485839844,0.0,0.05138831585645676,45.37002944946289,1,1,1,1,1,-102.7293930053711,160.437744140625,76.44916534423828,-105.41252136230469,142.5428924560547,24.658906936645508,lower,50,2025-11-18T16:28:11.698266,my_hand_data\videos\lower_seq50_20251118_162809_491272.avi,89.83740328379558,360,90,HIGH,VIDEO_RECORDING,2025-11-18T16:28:13.587159
2025-11-18 16:28:11.708413,199,1224,HandType.Right,0.767036497592926,-42.67169952392578,159.81582641601562,75.81575775146484,-0.3534623682498932,-0.9255544543266296,0.13569551706314087,-62.19819641113281,-93.1357192993164,-169.8546905517578,0.0,0.04683908075094223,45.55678176879883,1,1,1,1,1,-103.3507308959961,159.7094268798828,74.71971893310547,-105.76192474365234,140.83509826660156,23.083980560302734,lower,50,2025-11-18T16:28:11.708413,my_hand_data\videos\lower_seq50_20251118_162809_491272.avi,89.83740328379558,360,90,HIGH,VIDEO_RECORDING,2025-11-18T16:28:13.587159
2025-11-18 16:28:11.718665,200,1224,HandType.Right,0.767036497592926,-42.67169952392578,159.81582641601562,75.81575775146484,-0.3534623682498932,-0.9255544543266296,0.13569551706314087,-62.19819641113281,-93.1357192993164,-169.8546905517578,0.0,0.04683908075094223,45.55678176879883,1,1,1,1,1,-103.3507308959961,159.7094268798828,74.71971893310547,-105.76192474365234,140.83509826660156,23.083980560302734,lower,50,2025-11-18T16:28:11.718665,my_hand_data\videos\lower_seq50_20251118_162809_491272.avi,89.83740328379558,360,90,HIGH,VIDEO_RECORDING,2025-11-18T16:28:13.587159
2025-11-18 16:28:11.728868,201,1224,HandType.Right,0.7664379477500916,-43.4377326965332,158.769775390625,73.99446868896484,-0.35586491227149963,-0.9245402812957764,0.13632848858833313,-69.39313507080078,-94.75946044921875,-164.9867706298828,0.0,0.04094337299466133,45.717620849609375,1,1,1,1,1,-103.91967010498047,158.87330627441406,73.05178833007812,-106.22348022460938,139.09288024902344,21.522794723510742,lower,50,2025-11-18T16:28:11.728868,my_hand_data\videos\lower_seq50_20251118_162809_491272.avi,89.83740328379558,360,90,HIGH,VIDEO_RECORDING,2025-11-18T16:28:13.587159
2025-11-18 16:28:11.739147,202,1224,HandType.Right,0.7659004926681519,-44.17988586425781,157.67547607421875,72.1648941040039,-0.35822227597236633,-0.9235799908638,0.13666307926177979,-67.12673950195312,-98.97801208496094,-165.48219299316406,0.0,0.03615540266036987,45.89942169189453,1,1,1,1,1,-104.58451843261719,158.06793212890625,71.44397735595703,-106.56669616699219,137.24197387695312,20.12687873840332,lower,50,2025-11-18T16:28:11.739147,my_hand_data\videos\lower_seq50_20251118_162809_491272.avi,89.83740328379558,360,90,HIGH,VIDEO_RECORDING,2025-11-18T16:28:13.587159
2025-11-18 16:28:11.759611,203,1224,HandType.Right,0.7655370235443115,-45.75420379638672,155.6437530517578,68.52348327636719,-0.3611718416213989,-0.922262966632843,0.13778941333293915,-70.18738555908203,-94.28463745117188,-162.48785400390625,0.0,0.025861632078886032,46.26223373413086,1,1,1,1,1,-106.03186798095703,156.348388671875,68.22999572753906,-107.41828155517578,133.51486206054688,17.338729858398438,lower,50,2025-11-18T16:28:11.759611,my_hand_data\videos\lower_seq50_20251118_162809_491272.avi,89.83740328379558,360,90,HIGH,VIDEO_RECORDING,2025-11-18T16:28:13.587159
2025-11-18 16:28:11.761621,204,1224,HandType.Right,0.7655370235443115,-45.75420379638672,155.6437530517578,68.52348327636719,-0.3611718416213989,-0.922262966632843,0.13778941333293915,-70.18738555908203,-94.28463745117188,-162.48785400390625,0.0,0.025861632078886032,46.26223373413086,1,1,1,1,1,-106.03186798095703,156.348388671875,68.22999572753906,-107.41828155517578,133.51486206054688,17.338729858398438,lower,50,2025-11-18T16:28:11.761621,my_hand_data\videos\lower_seq50_20251118_162809_491272.avi,89.83740328379558,360,90,HIGH,VIDEO_RECORDING,2025-11-18T16:28:13.587159
2025-11-18 16:28:11.779823,205,1224,HandType.Right,0.7652357816696167,-47.21614456176758,153.45396423339844,64.82644653320312,-0.3646097183227539,-0.920587956905365,0.13991984724998474,-65.76087188720703,-101.290771484375,-165.9375762939453,0.0,0.015591752715408802,46.62928009033203,1,1,1,1,1,-107.39534759521484,154.5709991455078,65.01231384277344,-108.6675796508789,130.599853515625,14.226186752319336,lower,50,2025-11-18T16:28:11.779823,my_hand_data\videos\lower_seq50_20251118_162809_491272.avi,89.83740328379558,360,90,HIGH,VIDEO_RECORDING,2025-11-18T16:28:13.587159
2025-11-18 16:28:11.784601,206,1224,HandType.Right,0.7649362087249756,-47.93136978149414,152.45127868652344,62.991573333740234,-0.36662617325782776,-0.9197351932525635,0.14025835692882538,-63.6379508972168,-89.2149658203125,-163.25949096679688,0.0,0.013362489640712738,46.732173919677734,1,1,1,1,1,-108.00309753417969,153.80152893066406,63.41532516479492,-109.25286865234375,129.21229553222656,12.829702377319336,lower,50,2025-11-18T16:28:11.784601,my_hand_data\videos\lower_seq50_20251118_162809_491272.avi,89.83740328379558,360,90,HIGH,VIDEO_RECORDING,2025-11-18T16:28:13.587159
2025-11-18 16:28:11.800060,207,1224,HandType.Right,0.7653598785400391,-48.54817581176758,151.40386962890625,61.33986282348633,-0.3689746856689453,-0.9187745451927185,0.14039599895477295,-54.79300308227539,-93.04471588134766,-146.7275390625,0.0,0.00886632315814495,46.92048645019531,1,1,1,1,1,-108.54325866699219,153.0563201904297,62.0388298034668,-109.72545623779297,127.94229125976562,11.520792007446289,lower,50,2025-11-18T16:28:11.800060,my_hand_data\videos\lower_seq50_20251118_162809_491272.avi,89.83740328379558,360,90,HIGH,VIDEO_RECORDING,2025-11-18T16:28:13.587159
2025-11-18 16:28:11.800060,208,1224,HandType.Right,0.7653598785400391,-48.54817581176758,151.40386962890625,61.33986282348633,-0.3689746856689453,-0.9187745451927185,0.14039599895477295,-54.79300308227539,-93.04471588134766,-146.7275390625,0.0,0.00886632315814495,46.92048645019531,1,1,1,1,1,-108.54325866699219,153.0563201904297,62.0388298034668,-109.72545623779297,127.94229125976562,11.520792007446289,lower,50,2025-11-18T16:28:11.800060,my_hand_data\videos\lower_seq50_20251118_162809_491272.avi,89.83740328379558,360,90,HIGH,VIDEO_RECORDING,2025-11-18T16:28:13.587159
2025-11-18 16:28:11.820455,209,1224,HandType.Right,0.7650022506713867,-49.69403839111328,149.33531188964844,58.01495361328125,-0.373413622379303,-0.91704261302948,0.13998247683048248,-48.22655487060547,-96.6042251586914,-146.2475128173828,0.0,0.0,47.35093307495117,1,1,1,1,1,-109.59452056884766,151.63027954101562,59.27889633178711,-110.7440414428711,125.62198638916016,8.823152542114258,lower,50,2025-11-18T16:28:11.820455,my_hand_data\videos\lower_seq50_20251118_162809_491272.avi,89.83740328379558,360,90,HIGH,VIDEO_RECORDING,2025-11-18T16:28:13.587159
2025-11-18 16:28:11.830596,210,1224,HandType.Right,0.7664481997489929,-50.22859573364258,148.34620666503906,56.49260330200195,-0.37570714950561523,-0.9160698056221008,0.14021512866020203,-48.14945983886719,-89.09283447265625,-137.12393188476562,0.0,0.0,47.60341262817383,1,1,1,1,1,-110.06497192382812,150.89173889160156,58.063419342041016,-111.15995025634766,124.39610290527344,7.627945423126221,lower,50,2025-11-18T16:28:11.830596,my_hand_data\videos\lower_seq50_20251118_162809_491272.avi,89.83740328379558,360,90,HIGH,VIDEO_RECORDING,2025-11-18T16:28:13.587159
2025-11-18 16:28:11.840192,211,1224,HandType.Right,0.7664481997489929,-50.22859573364258,148.34620666503906,56.49260330200195,-0.37570714950561523,-0.9160698056221008,0.14021512866020203,-48.14945983886719,-89.09283447265625,-137.12393188476562,0.0,0.0,47.60341262817383,1,1,1,1,1,-110.06497192382812,150.89173889160156,58.063419342041016,-111.15995025634766,124.39610290527344,7.627945423126221,lower,50,2025-11-18T16:28:11.840192,my_hand_data\videos\lower_seq50_20251118_162809_491272.avi,89.83740328379558,360,90,HIGH,VIDEO_RECORDING,2025-11-18T16:28:13.587159
2025-11-18 16:28:11.850356,212,1224,HandType.Right,0.7666387557983398,-50.74421691894531,147.34793090820312,54.910987854003906,-0.3778836131095886,-0.9152408242225647,0.1397790014743805,-45.90247344970703,-88.87017822265625,-140.80075073242188,0.0,0.0,48.00041961669922,1,1,1,1,1,-110.60130310058594,150.35411071777344,56.89581298828125,-111.584228515625,123.2964859008789,6.362203598022461,lower,50,2025-11-18T16:28:11.850356,my_hand_data\videos\lower_seq50_20251118_162809_491272.avi,89.83740328379558,360,90,HIGH,VIDEO_RECORDING,2025-11-18T16:28:13.587159
2025-11-18 16:28:11.860433,213,1224,HandType.Right,0.766930103302002,-51.21974182128906,146.30511474609375,53.3347282409668,-0.37982049584388733,-0.9145707488059998,0.13891252875328064,-42.2199821472168,-92.58706665039062,-139.95010375976562,0.0,0.0,48.186317443847656,1,1,1,1,1,-111.04613494873047,149.58338928222656,55.587440490722656,-112.02174377441406,122.22603607177734,5.044147491455078,lower,50,2025-11-18T16:28:11.860433,my_hand_data\videos\lower_seq50_20251118_162809_491272.avi,89.83740328379558,360,90,HIGH,VIDEO_RECORDING,2025-11-18T16:28:13.587159
2025-11-18 16:28:11.880928,214,1224,HandType.Right,0.7695186138153076,-52.07869338989258,144.14401245117188,50.43000793457031,-0.3854547441005707,-0.9121941924095154,0.13901931047439575,-37.277896881103516,-98.92915344238281,-127.3877944946289,0.0,0.0,48.81791687011719,1,1,1,1,1,-111.8065414428711,148.15853881835938,53.32380676269531,-112.896484375,120.37295532226562,2.3277289867401123,lower,50,2025-11-18T16:28:11.880928,my_hand_data\videos\lower_seq50_20251118_162809_491272.avi,89.83740328379558,360,90,HIGH,VIDEO_RECORDING,2025-11-18T16:28:13.587159
2025-11-18 16:28:11.880928,215,1224,HandType.Right,0.7695186138153076,-52.07869338989258,144.14401245117188,50.43000793457031,-0.3854547441005707,-0.9121941924095154,0.13901931047439575,-37.277896881103516,-98.92915344238281,-127.3877944946289,0.0,0.0,48.81791687011719,1,1,1,1,1,-111.8065414428711,148.15853881835938,53.32380676269531,-112.896484375,120.37295532226562,2.3277289867401123,lower,50,2025-11-18T16:28:11.880928,my_hand_data\videos\lower_seq50_20251118_162809_491272.avi,89.83740328379558,360,90,HIGH,VIDEO_RECORDING,2025-11-18T16:28:13.587159
2025-11-18 16:28:11.901467,216,1224,HandType.Right,0.7667160034179688,-52.90816879272461,142.25201416015625,47.64464569091797,-0.39196109771728516,-0.9093905687332153,0.13919499516487122,-38.083457946777344,-81.17242431640625,-122.07075500488281,0.0,0.0,49.08362579345703,1,1,1,1,1,-112.41647338867188,146.427978515625,50.98612594604492,-113.68193054199219,119.17832946777344,-0.4582218825817108,lower,50,2025-11-18T16:28:11.901467,my_hand_data\videos\lower_seq50_20251118_162809_491272.avi,89.83740328379558,360,90,HIGH,VIDEO_RECORDING,2025-11-18T16:28:13.587159
2025-11-18 16:28:11.901467,217,1224,HandType.Right,0.7667160034179688,-52.90816879272461,142.25201416015625,47.64464569091797,-0.39196109771728516,-0.9093905687332153,0.13919499516487122,-38.083457946777344,-81.17242431640625,-122.07075500488281,0.0,0.0,49.08362579345703,1,1,1,1,1,-112.41647338867188,146.427978515625,50.98612594604492,-113.68193054199219,119.17832946777344,-0.4582218825817108,lower,50,2025-11-18T16:28:11.901467,my_hand_data\videos\lower_seq50_20251118_162809_491272.avi,89.83740328379558,360,90,HIGH,VIDEO_RECORDING,2025-11-18T16:28:13.587159
2025-11-18 16:28:11.921118,218,1224,HandType.Right,0.7616041302680969,-53.72329330444336,140.23292541503906,44.676109313964844,-0.3990662097930908,-0.9063166379928589,0.13905508816242218,-37.16067123413086,-87.22129821777344,-129.56436157226562,0.0,0.0,49.219058990478516,1,1,1,1,1,-112.95854949951172,144.56825256347656,48.40800476074219,-114.45658111572266,117.62948608398438,-3.2173283100128174,lower,50,2025-11-18T16:28:11.921118,my_hand_data\videos\lower_seq50_20251118_162809_491272.avi,89.83740328379558,360,90,HIGH,VIDEO_RECORDING,2025-11-18T16:28:13.587159
2025-11-18 16:28:11.931603,219,1224,HandType.Right,0.7616041302680969,-53.72329330444336,140.23292541503906,44.676109313964844,-0.3990662097930908,-0.9063166379928589,0.13905508816242218,-37.16067123413086,-87.22129821777344,-129.56436157226562,0.0,0.0,49.219058990478516,1,1,1,1,1,-112.95854949951172,144.56825256347656,48.40800476074219,-114.45658111572266,117.62948608398438,-3.2173283100128174,lower,50,2025-11-18T16:28:11.931603,my_hand_data\videos\lower_seq50_20251118_162809_491272.avi,89.83740328379558,360,90,HIGH,VIDEO_RECORDING,2025-11-18T16:28:13.587159
2025-11-18 16:28:11.942047,220,1224,HandType.Right,0.7577629685401917,-54.608482360839844,138.19166564941406,41.72943878173828,-0.4061300456523895,-0.902983546257019,0.14028224349021912,-37.01720428466797,-98.24736022949219,-133.34390258789062,0.0,0.0,49.48299789428711,1,1,1,1,1,-113.58745574951172,142.9530792236328,45.89060592651367,-115.35932159423828,115.8883285522461,-5.903154373168945,lower,50,2025-11-18T16:28:11.942047,my_hand_data\videos\lower_seq50_20251118_162809_491272.avi,89.83740328379558,360,90,HIGH,VIDEO_RECORDING,2025-11-18T16:28:13.587159
2025-11-18 16:28:11.952167,221,1224,HandType.Right,0.7566050291061401,-55.000831604003906,137.13624572753906,40.22433090209961,-0.4098878800868988,-0.9012235999107361,0.1406697779893875,-35.295799255371094,-94.94681549072266,-135.40005493164062,0.0,0.0,49.620567321777344,1,1,1,1,1,-113.92152404785156,142.133056640625,44.515830993652344,-115.84736633300781,115.01274871826172,-7.409919261932373,lower,50,2025-11-18T16:28:11.952167,my_hand_data\videos\lower_seq50_20251118_162809_491272.avi,89.83740328379558,360,90,HIGH,VIDEO_RECORDING,2025-11-18T16:28:13.587159
2025-11-18 16:28:11.962519,222,1224,HandType.Right,0.7566050291061401,-55.000831604003906,137.13624572753906,40.22433090209961,-0.4098878800868988,-0.9012235999107361,0.1406697779893875,-35.295799255371094,-94.94681549072266,-135.40005493164062,0.0,0.0,49.620567321777344,1,1,1,1,1,-113.92152404785156,142.133056640625,44.515830993652344,-115.84736633300781,115.01274871826172,-7.409919261932373,lower,50,2025-11-18T16:28:11.962519,my_hand_data\videos\lower_seq50_20251118_162809_491272.avi,89.83740328379558,360,90,HIGH,VIDEO_RECORDING,2025-11-18T16:28:13.587159
2025-11-18 16:28:11.972543,223,1224,HandType.Right,0.7556383609771729,-55.39076614379883,136.19097900390625,38.7728271484375,-0.4129953682422638,-0.8997240662574768,0.14117859303951263,-35.46176528930664,-85.96461486816406,-132.00306701660156,0.0,0.0,49.750465393066406,1,1,1,1,1,-114.22825622558594,141.305908203125,43.17418670654297,-116.22550964355469,114.10003662109375,-8.868556022644043,lower,50,2025-11-18T16:28:11.972543,my_hand_data\videos\lower_seq50_20251118_162809_491272.avi,89.83740328379558,360,90,HIGH,VIDEO_RECORDING,2025-11-18T16:28:13.587159
2025-11-18 16:28:11.982883,224,1224,HandType.Right,0.7537411451339722,-55.783599853515625,135.19009399414062,37.352699279785156,-0.41561517119407654,-0.8984701633453369,0.1414758563041687,-35.20013427734375,-89.68502807617188,-127.25149536132812,0.0,0.0,49.91612243652344,1,1,1,1,1,-114.61054992675781,140.46368408203125,41.92160415649414,-116.7344741821289,113.28150177001953,-10.319080352783203,lower,50,2025-11-18T16:28:11.982883,my_hand_data\videos\lower_seq50_20251118_162809_491272.avi,89.83740328379558,360,90,HIGH,VIDEO_RECORDING,2025-11-18T16:28:13.587159
2025-11-18 16:28:12.003516,225,1224,HandType.Right,0.7508424520492554,-56.54108810424805,133.38861083984375,34.66572189331055,-0.42048558592796326,-0.8962540030479431,0.14114037156105042,-35.24696731567383,-80.55175018310547,-125.95484161376953,0.0,0.0,49.86215591430664,1,1,1,1,1,-115.32072448730469,138.83348083496094,39.27190017700195,-117.60247039794922,111.84642791748047,-13.015721321105957,lower,50,2025-11-18T16:28:12.003516,my_hand_data\videos\lower_seq50_20251118_162809_491272.avi,89.83740328379558,360,90,HIGH,VIDEO_RECORDING,2025-11-18T16:28:13.587159
2025-11-18 16:28:12.003516,226,1224,HandType.Right,0.7508424520492554,-56.54108810424805,133.38861083984375,34.66572189331055,-0.42048558592796326,-0.8962540030479431,0.14114037156105042,-35.24696731567383,-80.55175018310547,-125.95484161376953,0.0,0.0,49.86215591430664,1,1,1,1,1,-115.32072448730469,138.83348083496094,39.27190017700195,-117.60247039794922,111.84642791748047,-13.015721321105957,lower,50,2025-11-18T16:28:12.003516,my_hand_data\videos\lower_seq50_20251118_162809_491272.avi,89.83740328379558,360,90,HIGH,VIDEO_RECORDING,2025-11-18T16:28:13.587159
2025-11-18 16:28:12.023688,227,1224,HandType.Right,0.7454755902290344,-57.190006256103516,131.63043212890625,31.869062423706055,-0.42235809564590454,-0.8960058093070984,0.13706648349761963,-28.44029426574707,-81.54650115966797,-124.82090759277344,0.0,0.0,49.81835174560547,1,1,1,1,1,-115.95931243896484,137.32720947265625,36.47357940673828,-118.30268859863281,110.17349243164062,-15.754636764526367,lower,50,2025-11-18T16:28:12.023688,my_hand_data\videos\lower_seq50_20251118_162809_491272.avi,89.83740328379558,360,90,HIGH,VIDEO_RECORDING,2025-11-18T16:28:13.587159
2025-11-18 16:28:12.024695,228,1224,HandType.Right,0.7454755902290344,-57.190006256103516,131.63043212890625,31.869062423706055,-0.42235809564590454,-0.8960058093070984,0.13706648349761963,-28.44029426574707,-81.54650115966797,-124.82090759277344,0.0,0.0,49.81835174560547,1,1,1,1,1,-115.95931243896484,137.32720947265625,36.47357940673828,-118.30268859863281,110.17349243164062,-15.754636764526367,lower,50,2025-11-18T16:28:12.024695,my_hand_data\videos\lower_seq50_20251118_162809_491272.avi,89.83740328379558,360,90,HIGH,VIDEO_RECORDING,2025-11-18T16:28:13.587159
2025-11-18 16:28:12.044022,229,1224,HandType.Right,0.7401849031448364,-57.86606979370117,129.93093872070312,29.003843307495117,-0.42259860038757324,-0.8966853022575378,0.13177959620952606,-28.399335861206055,-81.11106872558594,-126.15972137451172,0.0,0.0,49.631439208984375,1,1,1,1,1,-116.61280822753906,135.96963500976562,33.44061279296875,-118.96453857421875,108.26773834228516,-18.372573852539062,lower,50,2025-11-18T16:28:12.044022,my_hand_data\videos\lower_seq50_20251118_162809_491272.avi,89.83740328379558,360,90,HIGH,VIDEO_RECORDING,2025-11-18T16:28:13.587159
2025-11-18 16:28:12.050881,230,1224,HandType.Right,0.7401849031448364,-57.86606979370117,129.93093872070312,29.003843307495117,-0.42259860038757324,-0.8966853022575378,0.13177959620952606,-28.399335861206055,-81.11106872558594,-126.15972137451172,0.0,0.0,49.631439208984375,1,1,1,1,1,-116.61280822753906,135.96963500976562,33.44061279296875,-118.96453857421875,108.26773834228516,-18.372573852539062,lower,50,2025-11-18T16:28:12.050881,my_hand_data\videos\lower_seq50_20251118_162809_491272.avi,89.83740328379558,360,90,HIGH,VIDEO_RECORDING,2025-11-18T16:28:13.587159
2025-11-18 16:28:12.064841,231,1224,HandType.Right,0.7353891730308533,-58.52751541137695,128.0202178955078,26.055139541625977,-0.4225011467933655,-0.8969020247459412,0.13061203062534332,-31.833209991455078,-86.01307678222656,-128.6723175048828,0.0,0.0,49.573814392089844,1,1,1,1,1,-117.30670928955078,134.3394317626953,30.359928131103516,-119.56627655029297,105.8781967163086,-21.067638397216797,lower,50,2025-11-18T16:28:12.064841,my_hand_data\videos\lower_seq50_20251118_162809_491272.avi,89.83740328379558,360,90,HIGH,VIDEO_RECORDING,2025-11-18T16:28:13.587159
2025-11-18 16:28:12.074963,232,1224,HandType.Right,0.7353891730308533,-58.52751541137695,128.0202178955078,26.055139541625977,-0.4225011467933655,-0.8969020247459412,0.13061203062534332,-31.833209991455078,-86.01307678222656,-128.6723175048828,0.0,0.0,49.573814392089844,1,1,1,1,1,-117.30670928955078,134.3394317626953,30.359928131103516,-119.56627655029297,105.8781967163086,-21.067638397216797,lower,50,2025-11-18T16:28:12.074963,my_hand_data\videos\lower_seq50_20251118_162809_491272.avi,89.83740328379558,360,90,HIGH,VIDEO_RECORDING,2025-11-18T16:28:13.587159
2025-11-18 16:28:12.085056,233,1224,HandType.Right,0.7357878684997559,-59.13019561767578,126.2942123413086,23.505931854248047,-0.42187535762786865,-0.8971456289291382,0.13096149265766144,-28.14139747619629,-78.33629608154297,-113.14290618896484,0.0,0.0,49.47114562988281,1,1,1,1,1,-118.02285766601562,132.76132202148438,27.503602981567383,-120.10374450683594,103.91851806640625,-23.71329689025879,lower,50,2025-11-18T16:28:12.085056,my_hand_data\videos\lower_seq50_20251118_162809_491272.avi,89.83740328379558,360,90,HIGH,VIDEO_RECORDING,2025-11-18T16:28:13.587159
2025-11-18 16:28:12.095526,234,1224,HandType.Right,0.7357878684997559,-59.13019561767578,126.2942123413086,23.505931854248047,-0.42187535762786865,-0.8971456289291382,0.13096149265766144,-28.14139747619629,-78.33629608154297,-113.14290618896484,0.0,0.0,49.47114562988281,1,1,1,1,1,-118.02285766601562,132.76132202148438,27.503602981567383,-120.10374450683594,103.91851806640625,-23.71329689025879,lower,50,2025-11-18T16:28:12.095526,my_hand_data\videos\lower_seq50_20251118_162809_491272.avi,89.83740328379558,360,90,HIGH,VIDEO_RECORDING,2025-11-18T16:28:13.587159
2025-11-18 16:28:12.105926,235,1224,HandType.Right,0.7357744574546814,-59.42768859863281,125.48101043701172,22.28966522216797,-0.4215087294578552,-0.897223949432373,0.13160404562950134,-27.158554077148438,-74.2380599975586,-111.03394317626953,0.0,0.0,49.312686920166016,1,1,1,1,1,-118.3250732421875,131.8694305419922,26.008472442626953,-120.42618560791016,103.04356384277344,-25.160371780395508,lower,50,2025-11-18T16:28:12.105926,my_hand_data\videos\lower_seq50_20251118_162809_491272.avi,89.83740328379558,360,90,HIGH,VIDEO_RECORDING,2025-11-18T16:28:13.587159
2025-11-18 16:28:12.116362,236,1224,HandType.Right,0.7361739277839661,-59.80644226074219,124.7098159790039,21.036832809448242,-0.4207945466041565,-0.8974347710609436,0.132449209690094,-32.68482971191406,-66.55078887939453,-108.11460876464844,0.0,0.0,49.1390380859375,1,1,1,1,1,-118.72486877441406,131.03338623046875,24.414281845092773,-120.90381622314453,102.26653289794922,-26.719064712524414,lower,50,2025-11-18T16:28:12.116362,my_hand_data\videos\lower_seq50_20251118_162809_491272.avi,89.83740328379558,360,90,HIGH,VIDEO_RECORDING,2025-11-18T16:28:13.587159
2025-11-18 16:28:12.136520,237,1224,HandType.Right,0.7361420392990112,-60.522003173828125,123.31336212158203,18.58291244506836,-0.419719398021698,-0.8977665305137634,0.133607417345047,-31.945615768432617,-65.69046020507812,-113.55561065673828,0.0,0.0,48.595184326171875,1,1,1,1,1,-119.3933334350586,129.06991577148438,21.298215866088867,-121.65167236328125,100.73432922363281,-29.5268497467041,lower,50,2025-11-18T16:28:12.136520,my_hand_data\videos\lower_seq50_20251118_162809_491272.avi,89.83740328379558,360,90,HIGH,VIDEO_RECORDING,2025-11-18T16:28:13.587159
2025-11-18 16:28:12.140539,238,1224,HandType.Right,0.7336322665214539,-60.884395599365234,122.60459899902344,17.312074661254883,-0.4187156558036804,-0.8981869220733643,0.133930966258049,-32.72434997558594,-64.00257873535156,-114.7586669921875,0.0,0.0,48.52752685546875,1,1,1,1,1,-119.72383880615234,128.21389770507812,19.8022403717041,-121.98906707763672,99.8614730834961,-31.031152725219727,lower,50,2025-11-18T16:28:12.140539,my_hand_data\videos\lower_seq50_20251118_162809_491272.avi,89.83740328379558,360,90,HIGH,VIDEO_RECORDING,2025-11-18T16:28:13.587159
2025-11-18 16:28:12.156837,239,1224,HandType.Right,0.7307893633842468,-61.28559875488281,121.92350006103516,15.971999168395996,-0.4176722466945648,-0.8985984325408936,0.1344272643327713,-36.00178146362305,-61.11796951293945,-120.2508316040039,0.0,0.0,48.37611770629883,1,1,1,1,1,-119.97590637207031,127.2984619140625,18.289636611938477,-122.39440155029297,99.1169662475586,-32.521888732910156,lower,50,2025-11-18T16:28:12.156837,my_hand_data\videos\lower_seq50_20251118_162809_491272.avi,89.83740328379558,360,90,HIGH,VIDEO_RECORDING,2025-11-18T16:28:13.587159
2025-11-18 16:28:12.156837,240,1224,HandType.Right,0.7307893633842468,-61.28559875488281,121.92350006103516,15.971999168395996,-0.4176722466945648,-0.8985984325408936,0.1344272643327713,-36.00178146362305,-61.11796951293945,-120.2508316040039,0.0,0.0,48.37611770629883,1,1,1,1,1,-119.97590637207031,127.2984619140625,18.289636611938477,-122.39440155029297,99.1169662475586,-32.521888732910156,lower,50,2025-11-18T16:28:12.156837,my_hand_data\videos\lower_seq50_20251118_162809_491272.avi,89.83740328379558,360,90,HIGH,VIDEO_RECORDING,2025-11-18T16:28:13.587159
2025-11-18 16:28:12.177312,241,1224,HandType.Right,0.7251584529876709,-62.097984313964844,120.70936584472656,13.442441940307617,-0.41502049565315247,-0.899856448173523,0.13422498106956482,-37.97624206542969,-45.948001861572266,-115.23640441894531,0.0,0.0,47.9185676574707,1,1,1,1,1,-120.21163177490234,125.63091278076172,15.196455955505371,-122.94157409667969,97.57135772705078,-35.313140869140625,lower,50,2025-11-18T16:28:12.177312,my_hand_data\videos\lower_seq50_20251118_162809_491272.avi,89.83740328379558,360,90,HIGH,VIDEO_RECORDING,2025-11-18T16:28:13.587159
2025-11-18 16:28:12.179319,242,1224,HandType.Right,0.7251584529876709,-62.097984313964844,120.70936584472656,13.442441940307617,-0.41502049565315247,-0.899856448173523,0.13422498106956482,-37.97624206542969,-45.948001861572266,-115.23640441894531,0.0,0.0,47.9185676574707,1,1,1,1,1,-120.21163177490234,125.63091278076172,15.196455955505371,-122.94157409667969,97.57135772705078,-35.313140869140625,lower,50,2025-11-18T16:28:12.179319,my_hand_data\videos\lower_seq50_20251118_162809_491272.avi,89.83740328379558,360,90,HIGH,VIDEO_RECORDING,2025-11-18T16:28:13.587159
2025-11-18 16:28:12.197381,243,1224,HandType.Right,0.720080554485321,-62.920589447021484,119.57740783691406,11.063236236572266,-0.4114035367965698,-0.9016332626342773,0.13343381881713867,-35.77143096923828,-44.32469940185547,-107.50896453857422,0.0,0.0,47.43513488769531,1,1,1,1,1,-120.24018096923828,123.90380859375,12.239106178283691,-123.31214904785156,96.02334594726562,-37.99906921386719,lower,50,2025-11-18T16:28:12.197381,my_hand_data\videos\lower_seq50_20251118_162809_491272.avi,89.83740328379558,360,90,HIGH,VIDEO_RECORDING,2025-11-18T16:28:13.587159
2025-11-18 16:28:12.207559,244,1224,HandType.Right,0.720080554485321,-62.920589447021484,119.57740783691406,11.063236236572266,-0.4114035367965698,-0.9016332626342773,0.13343381881713867,-35.77143096923828,-44.32469940185547,-107.50896453857422,0.0,0.0,47.43513488769531,1,1,1,1,1,-120.24018096923828,123.90380859375,12.239106178283691,-123.31214904785156,96.02334594726562,-37.99906921386719,lower,50,2025-11-18T16:28:12.207559,my_hand_data\videos\lower_seq50_20251118_162809_491272.avi,89.83740328379558,360,90,HIGH,VIDEO_RECORDING,2025-11-18T16:28:13.587159
2025-11-18 16:28:12.217608,245,1224,HandType.Right,0.7188165187835693,-63.36687088012695,119.13107299804688,9.85416316986084,-0.4090474843978882,-0.9028913378715515,0.13216425478458405,-39.417179107666016,-39.421695709228516,-106.78978729248047,0.0,0.0,47.2553596496582,1,1,1,1,1,-120.2830810546875,123.00701904296875,10.766447067260742,-123.28822326660156,95.05897521972656,-39.316680908203125,lower,50,2025-11-18T16:28:12.217608,my_hand_data\videos\lower_seq50_20251118_162809_491272.avi,89.83740328379558,360,90,HIGH,VIDEO_RECORDING,2025-11-18T16:28:13.587159
2025-11-18 16:28:12.227618,246,1224,HandType.Right,0.7185313105583191,-63.744110107421875,118.66824340820312,8.504794120788574,-0.40719178318977356,-0.9040393233299255,0.1300297975540161,-35.315185546875,-43.328369140625,-126.32176208496094,0.0,0.0,47.17439270019531,1,1,1,1,1,-120.29863739013672,122.1540756225586,9.350817680358887,-123.43991088867188,94.13227081298828,-40.67049026489258,lower,50,2025-11-18T16:28:12.227618,my_hand_data\videos\lower_seq50_20251118_162809_491272.avi,89.83740328379558,360,90,HIGH,VIDEO_RECORDING,2025-11-18T16:28:13.587159
2025-11-18 16:28:12.237812,247,1224,HandType.Right,0.7193698287010193,-64.05533599853516,118.18207550048828,7.260592937469482,-0.4054751992225647,-0.9051415324211121,0.12770524621009827,-26.86932945251465,-41.97210693359375,-107.41612243652344,0.0,0.0,47.02550506591797,1,1,1,1,1,-120.29044342041016,121.26512908935547,7.946877956390381,-123.55329132080078,93.23458099365234,-41.958675384521484,lower,50,2025-11-18T16:28:12.237812,my_hand_data\videos\lower_seq50_20251118_162809_491272.avi,89.83740328379558,360,90,HIGH,VIDEO_RECORDING,2025-11-18T16:28:13.587159
2025-11-18 16:28:12.258360,248,1224,HandType.Right,0.7183663249015808,-64.67302703857422,117.3631591796875,4.82490348815918,-0.40519535541534424,-0.9054761528968811,0.12621290981769562,-29.766036987304688,-36.07644271850586,-106.0165023803711,0.0,0.0,46.8341178894043,1,1,1,1,1,-120.5411376953125,119.80001068115234,5.405424118041992,-124.03382873535156,92.10623168945312,-44.46773910522461,lower,50,2025-11-18T16:28:12.258360,my_hand_data\videos\lower_seq50_20251118_162809_491272.avi,89.83740328379558,360,90,HIGH,VIDEO_RECORDING,2025-11-18T16:28:13.587159
2025-11-18 16:28:12.258360,249,1224,HandType.Right,0.7181552052497864,-65.03006744384766,116.94428253173828,3.553678035736084,-0.40497517585754395,-0.9056875109672546,0.12540048360824585,-32.20639419555664,-37.78409957885742,-114.66944122314453,0.0,0.0,46.8902473449707,1,1,1,1,1,-120.72195434570312,119.25477600097656,4.120627403259277,-124.3265151977539,91.49141693115234,-45.856781005859375,lower,50,2025-11-18T16:28:12.258360,my_hand_data\videos\lower_seq50_20251118_162809_491272.avi,89.83740328379558,360,90,HIGH,VIDEO_RECORDING,2025-11-18T16:28:13.587159
2025-11-18 16:28:12.277967,250,1224,HandType.Right,0.717624306678772,-65.355712890625,116.42683410644531,2.2315564155578613,-0.40473729372024536,-0.9058375358581543,0.12508441507816315,-29.350528717041016,-46.63840866088867,-119.16373443603516,0.0,0.0,46.9766845703125,1,1,1,1,1,-120.92195129394531,118.64967346191406,2.755817413330078,-124.6530990600586,90.88389587402344,-47.45826721191406,lower,50,2025-11-18T16:28:12.277967,my_hand_data\videos\lower_seq50_20251118_162809_491272.avi,89.83740328379558,360,90,HIGH,VIDEO_RECORDING,2025-11-18T16:28:13.587159
2025-11-18 16:28:12.277967,251,1224,HandType.Right,0.717624306678772,-65.355712890625,116.42683410644531,2.2315564155578613,-0.40473729372024536,-0.9058375358581543,0.12508441507816315,-29.350528717041016,-46.63840866088867,-119.16373443603516,0.0,0.0,46.9766845703125,1,1,1,1,1,-120.92195129394531,118.64967346191406,2.755817413330078,-124.6530990600586,90.88389587402344,-47.45826721191406,lower,50,2025-11-18T16:28:12.277967,my_hand_data\videos\lower_seq50_20251118_162809_491272.avi,89.83740328379558,360,90,HIGH,VIDEO_RECORDING,2025-11-18T16:28:13.587159
2025-11-18 16:28:12.298530,252,1224,HandType.Right,0.7167986631393433,-65.74757385253906,115.9912338256836,0.8783308863639832,-0.40448567271232605,-0.9059849977493286,0.12483014911413193,-35.488136291503906,-39.4490852355957,-122.55257415771484,0.0,0.0,47.021820068359375,1,1,1,1,1,-121.1486587524414,118.13172149658203,1.3578944206237793,-125.18782806396484,90.45162200927734,-49.079830169677734,lower,50,2025-11-18T16:28:12.298530,my_hand_data\videos\lower_seq50_20251118_162809_491272.avi,89.83740328379558,360,90,HIGH,VIDEO_RECORDING,2025-11-18T16:28:13.587159
2025-11-18 16:28:12.308897,253,1224,HandType.Right,0.7167635560035706,-66.58001708984375,115.06340026855469,-1.9469014406204224,-0.4042554497718811,-0.9061594605445862,0.12430812418460846,-38.9285774230957,-41.5294303894043,-129.97476196289062,0.0,0.0,47.21495056152344,1,1,1,1,1,-121.90584564208984,117.21226501464844,-1.4412144422531128,-126.22086334228516,89.57102966308594,-52.23283004760742,lower,50,2025-11-18T16:28:12.308897,my_hand_data\videos\lower_seq50_20251118_162809_491272.avi,89.83740328379558,360,90,HIGH,VIDEO_RECORDING,2025-11-18T16:28:13.587159
2025-11-18 16:28:12.313900,254,1224,HandType.Right,0.7167635560035706,-66.58001708984375,115.06340026855469,-1.9469014406204224,-0.4042554497718811,-0.9061594605445862,0.12430812418460846,-38.9285774230957,-41.5294303894043,-129.97476196289062,0.0,0.0,47.21495056152344,1,1,1,1,1,-121.90584564208984,117.21226501464844,-1.4412144422531128,-126.22086334228516,89.57102966308594,-52.23283004760742,lower,50,2025-11-18T16:28:12.313900,my_hand_data\videos\lower_seq50_20251118_162809_491272.avi,89.83740328379558,360,90,HIGH,VIDEO_RECORDING,2025-11-18T16:28:13.587159
2025-11-18 16:28:12.329176,255,1224,HandType.Right,0.7167757153511047,-66.96603393554688,114.55297088623047,-3.327324151992798,-0.40486451983451843,-0.9058613777160645,0.12449850887060165,-35.36203384399414,-46.759639739990234,-126.45866394042969,0.0,0.0,47.26901626586914,1,1,1,1,1,-122.27261352539062,116.78302001953125,-2.7792623043060303,-126.759765625,89.3388900756836,-53.72245788574219,lower,50,2025-11-18T16:28:12.329176,my_hand_data\videos\lower_seq50_20251118_162809_491272.avi,89.83740328379558,360,90,HIGH,VIDEO_RECORDING,2025-11-18T16:28:13.587159
2025-11-18 16:28:12.339405,256,1224,HandType.Right,0.7174906134605408,-67.308349609375,114.05335235595703,-4.6541523933410645,-0.4064435064792633,-0.9051210880279541,0.12473776191473007,-30.640438079833984,-44.72071075439453,-118.76368713378906,0.0,0.0,47.441497802734375,1,1,1,1,1,-122.63846588134766,116.256103515625,-3.897224187850952,-127.10127258300781,89.06586456298828,-55.087039947509766,lower,50,2025-11-18T16:28:12.339405,my_hand_data\videos\lower_seq50_20251118_162809_491272.avi,89.83740328379558,360,90,HIGH,VIDEO_RECORDING,2025-11-18T16:28:13.587159
2025-11-18 16:28:12.349828,257,1224,HandType.Right,0.7201387286186218,-67.75160217285156,113.57661437988281,-5.994884014129639,-0.4076181650161743,-0.9043847322463989,0.12623679637908936,-38.25132369995117,-41.1402702331543,-115.70002746582031,0.0,0.0,47.544525146484375,1,1,1,1,1,-123.0186996459961,115.65585327148438,-5.195171356201172,-127.51275634765625,88.59363555908203,-56.57537841796875,lower,50,2025-11-18T16:28:12.349828,my_hand_data\videos\lower_seq50_20251118_162809_491272.avi,89.83740328379558,360,90,HIGH,VIDEO_RECORDING,2025-11-18T16:28:13.587159
2025-11-18 16:28:12.370284,258,1224,HandType.Right,0.7336897850036621,-68.5807113647461,112.4320297241211,-8.479594230651855,-0.40840333700180054,-0.9033265113830566,0.13117888569831848,-37.8110237121582,-53.245704650878906,-113.52314758300781,0.0,0.0,47.82365798950195,1,1,1,1,1,-123.81617736816406,114.42633819580078,-7.886959075927734,-128.14939880371094,87.0850830078125,-59.6458740234375,lower,50,2025-11-18T16:28:12.370284,my_hand_data\videos\lower_seq50_20251118_162809_491272.avi,89.83740328379558,360,90,HIGH,VIDEO_RECORDING,2025-11-18T16:28:13.587159
2025-11-18 16:28:12.372292,259,1224,HandType.Right,0.7365394234657288,-69.07857513427734,111.7934341430664,-9.868158340454102,-0.40849438309669495,-0.9028332829475403,0.13425499200820923,-44.41273880004883,-56.9661750793457,-123.86834716796875,0.0,0.0,47.973228454589844,1,1,1,1,1,-124.38304901123047,113.8624267578125,-9.39978313446045,-128.55738830566406,86.3606185913086,-61.29011535644531,lower,50,2025-11-18T16:28:12.372292,my_hand_data\videos\lower_seq50_20251118_162809_491272.avi,89.83740328379558,360,90,HIGH,VIDEO_RECORDING,2025-11-18T16:28:13.587159
2025-11-18 16:28:12.390494,260,1224,HandType.Right,0.7351884245872498,-69.51837921142578,111.13587951660156,-11.222728729248047,-0.4091360867023468,-0.9021583795547485,0.13681364059448242,-39.23992156982422,-58.66856384277344,-120.85742950439453,0.0,0.0,47.95726776123047,1,1,1,1,1,-124.83416748046875,113.23835754394531,-10.868616104125977,-128.9282684326172,85.85340881347656,-62.727027893066406,lower,50,2025-11-18T16:28:12.390494,my_hand_data\videos\lower_seq50_20251118_162809_491272.avi,89.83740328379558,360,90,HIGH,VIDEO_RECORDING,2025-11-18T16:28:13.587159
2025-11-18 16:28:12.390494,261,1224,HandType.Right,0.7351884245872498,-69.51837921142578,111.13587951660156,-11.222728729248047,-0.4091360867023468,-0.9021583795547485,0.13681364059448242,-39.23992156982422,-58.66856384277344,-120.85742950439453,0.0,0.0,47.95726776123047,1,1,1,1,1,-124.83416748046875,113.23835754394531,-10.868616104125977,-128.9282684326172,85.85340881347656,-62.727027893066406,lower,50,2025-11-18T16:28:12.390494,my_hand_data\videos\lower_seq50_20251118_162809_491272.avi,89.83740328379558,360,90,HIGH,VIDEO_RECORDING,2025-11-18T16:28:13.587159
2025-11-18 16:28:12.410851,262,1224,HandType.Right,0.7305080890655518,-70.46210479736328,109.96337127685547,-13.986885070800781,-0.41190555691719055,-0.9002864360809326,0.14077675342559814,-44.65373611450195,-51.718990325927734,-122.02201080322266,0.0,0.0,47.749755859375,1,1,1,1,1,-125.78645324707031,112.1701431274414,-13.7501859664917,-129.9009552001953,86.12503814697266,-65.67210388183594,lower,50,2025-11-18T16:28:12.410851,my_hand_data\videos\lower_seq50_20251118_162809_491272.avi,89.83740328379558,360,90,HIGH,VIDEO_RECORDING,2025-11-18T16:28:13.587159
2025-11-18 16:28:12.410851,263,1224,HandType.Right,0.7305080890655518,-70.46210479736328,109.96337127685547,-13.986885070800781,-0.41190555691719055,-0.9002864360809326,0.14077675342559814,-44.65373611450195,-51.718990325927734,-122.02201080322266,0.0,0.0,47.749755859375,1,1,1,1,1,-125.78645324707031,112.1701431274414,-13.7501859664917,-129.9009552001953,86.12503814697266,-65.67210388183594,lower,50,2025-11-18T16:28:12.410851,my_hand_data\videos\lower_seq50_20251118_162809_491272.avi,89.83740328379558,360,90,HIGH,VIDEO_RECORDING,2025-11-18T16:28:13.587159
2025-11-18 16:28:12.431416,264,1224,HandType.Right,0.7300822734832764,-71.51425170898438,108.65343475341797,-16.938100814819336,-0.41504713892936707,-0.8982924222946167,0.14424480497837067,-48.666778564453125,-61.35715103149414,-128.94688415527344,0.0,0.0,47.882530212402344,1,1,1,1,1,-126.91044616699219,111.38970947265625,-16.693138122558594,-131.52365112304688,86.18134307861328,-69.00701141357422,lower,50,2025-11-18T16:28:12.431416,my_hand_data\videos\lower_seq50_20251118_162809_491272.avi,89.83740328379558,360,90,HIGH,VIDEO_RECORDING,2025-11-18T16:28:13.587159
2025-11-18 16:28:12.441565,265,1224,HandType.Right,0.732164740562439,-72.05658721923828,107.95426940917969,-18.333391189575195,-0.4168759286403656,-0.8971403241157532,0.14612895250320435,-49.66458511352539,-64.02581787109375,-127.77387237548828,0.0,0.0,48.066368103027344,1,1,1,1,1,-127.80618286132812,111.0842056274414,-18.08922004699707,-132.2288818359375,86.00531768798828,-70.60548400878906,lower,50,2025-11-18T16:28:12.441565,my_hand_data\videos\lower_seq50_20251118_162809_491272.avi,89.83740328379558,360,90,HIGH,VIDEO_RECORDING,2025-11-18T16:28:13.587159
2025-11-18 16:28:12.452026,266,1224,HandType.Right,0.732164740562439,-72.05658721923828,107.95426940917969,-18.333391189575195,-0.4168759286403656,-0.8971403241157532,0.14612895250320435,-49.66458511352539,-64.02581787109375,-127.77387237548828,0.0,0.0,48.066368103027344,1,1,1,1,1,-127.80618286132812,111.0842056274414,-18.08922004699707,-132.2288818359375,86.00531768798828,-70.60548400878906,lower,50,2025-11-18T16:28:12.452026,my_hand_data\videos\lower_seq50_20251118_162809_491272.avi,89.83740328379558,360,90,HIGH,VIDEO_RECORDING,2025-11-18T16:28:13.587159
2025-11-18 16:28:12.469389,267,1224,HandType.Right,0.7288587093353271,-73.38268280029297,106.735107421875,-21.47218132019043,-0.41980811953544617,-0.8950865864753723,0.15027011930942535,-59.69157409667969,-57.74530792236328,-147.83978271484375,0.0,0.0,48.697486877441406,1,1,1,1,1,-129.68646240234375,110.9008560180664,-21.013282775878906,-133.57684326171875,85.40831756591797,-73.92303466796875,lower,50,2025-11-18T16:28:12.469389,my_hand_data\videos\lower_seq50_20251118_162809_491272.avi,89.83740328379558,360,90,HIGH,VIDEO_RECORDING,2025-11-18T16:28:13.587159
2025-11-18 16:28:12.472409,268,1224,HandType.Right,0.7208134531974792,-74.06773376464844,106.11593627929688,-23.073360443115234,-0.4219154119491577,-0.8936501741409302,0.15289463102817535,-62.64762878417969,-56.622554779052734,-146.42697143554688,0.0,0.0,49.03347396850586,1,1,1,1,1,-130.69912719726562,110.9939956665039,-22.456642150878906,-134.4722900390625,85.51905059814453,-75.659423828125,lower,50,2025-11-18T16:28:12.472409,my_hand_data\videos\lower_seq50_20251118_162809_491272.avi,89.83740328379558,360,90,HIGH,VIDEO_RECORDING,2025-11-18T16:28:13.587159
2025-11-18 16:28:12.493363,269,1224,HandType.Right,0.7132865190505981,-74.69390869140625,105.54801940917969,-24.516420364379883,-0.4239932596683502,-0.8922609090805054,0.15524223446846008,-56.0738410949707,-50.856651306152344,-129.22547912597656,0.0,0.0,49.153987884521484,1,1,1,1,1,-131.64151000976562,110.8458023071289,-23.905805587768555,-135.1038055419922,85.46591186523438,-77.1843490600586,lower,50,2025-11-18T16:28:12.493363,my_hand_data\videos\lower_seq50_20251118_162809_491272.avi,89.83740328379558,360,90,HIGH,VIDEO_RECORDING,2025-11-18T16:28:13.587159
2025-11-18 16:28:12.493363,270,1224,HandType.Right,0.7083004117012024,-75.43250274658203,105.08729553222656,-25.93564224243164,-0.4258214235305786,-0.8912317156791687,0.15614798665046692,-66.27725219726562,-41.34333038330078,-127.35295867919922,0.0,0.0,49.25502395629883,1,1,1,1,1,-132.67698669433594,110.9271469116211,-25.401777267456055,-135.7860870361328,85.51866149902344,-78.70780944824219,lower,50,2025-11-18T16:28:12.493363,my_hand_data\videos\lower_seq50_20251118_162809_491272.avi,89.83740328379558,360,90,HIGH,VIDEO_RECORDING,2025-11-18T16:28:13.587159
2025-11-18 16:28:12.513835,271,1224,HandType.Right,0.7038807272911072,-76.19397735595703,104.58346557617188,-27.286523818969727,-0.4274809658527374,-0.8902296423912048,0.15732523798942566,-68.60102081298828,-45.38969039916992,-121.70106506347656,0.0,0.0,49.265167236328125,1,1,1,1,1,-133.71461486816406,110.89063262939453,-26.873762130737305,-136.5391845703125,85.44651794433594,-80.29450225830078,lower,50,2025-11-18T16:28:12.513835,my_hand_data\videos\lower_seq50_20251118_162809_491272.avi,89.83740328379558,360,90,HIGH,VIDEO_RECORDING,2025-11-18T16:28:13.587159
2025-11-18 16:28:12.513835,272,1224,HandType.Right,0.7038807272911072,-76.19397735595703,104.58346557617188,-27.286523818969727,-0.4274809658527374,-0.8902296423912048,0.15732523798942566,-68.60102081298828,-45.38969039916992,-121.70106506347656,0.0,0.0,49.265167236328125,1,1,1,1,1,-133.71461486816406,110.89063262939453,-26.873762130737305,-136.5391845703125,85.44651794433594,-80.29450225830078,lower,50,2025-11-18T16:28:12.513835,my_hand_data\videos\lower_seq50_20251118_162809_491272.avi,89.83740328379558,360,90,HIGH,VIDEO_RECORDING,2025-11-18T16:28:13.587159
2025-11-18 16:28:12.534350,273,1224,HandType.Right,0.7000589370727539,-77.81990814208984,103.72624969482422,-29.902387619018555,-0.4303809702396393,-0.8883524537086487,0.1600065529346466,-75.92435455322266,-36.90985107421875,-120.1036376953125,0.0,0.0,49.43829345703125,1,1,1,1,1,-135.5767822265625,110.78270721435547,-29.869081497192383,-138.05239868164062,85.7099609375,-83.5547103881836,lower,50,2025-11-18T16:28:12.534350,my_hand_data\videos\lower_seq50_20251118_162809_491272.avi,89.83740328379558,360,90,HIGH,VIDEO_RECORDING,2025-11-18T16:28:13.587159
2025-11-18 16:28:12.534350,274,1224,HandType.Right,0.7000589370727539,-77.81990814208984,103.72624969482422,-29.902387619018555,-0.4303809702396393,-0.8883524537086487,0.1600065529346466,-75.92435455322266,-36.90985107421875,-120.1036376953125,0.0,0.0,49.43829345703125,1,1,1,1,1,-135.5767822265625,110.78270721435547,-29.869081497192383,-138.05239868164062,85.7099609375,-83.5547103881836,lower,50,2025-11-18T16:28:12.534350,my_hand_data\videos\lower_seq50_20251118_162809_491272.avi,89.83740328379558,360,90,HIGH,VIDEO_RECORDING,2025-11-18T16:28:13.587159
2025-11-18 16:28:12.554725,275,1224,HandType.Right,0.7009909749031067,-79.41065979003906,103.08538055419922,-32.328521728515625,-0.4331847131252289,-0.8864871263504028,0.16276246309280396,-71.68336486816406,-24.199365615844727,-111.94300079345703,0.0,0.0,49.66252136230469,1,1,1,1,1,-137.27577209472656,110.77960205078125,-32.52471160888672,-139.21266174316406,86.0391845703125,-86.65637969970703,lower,50,2025-11-18T16:28:12.554725,my_hand_data\videos\lower_seq50_20251118_162809_491272.avi,89.83740328379558,360,90,HIGH,VIDEO_RECORDING,2025-11-18T16:28:13.587159
2025-11-18 16:28:12.564944,276,1224,HandType.Right,0.7007565498352051,-80.27137756347656,102.76244354248047,-33.59864044189453,-0.43369704484939575,-0.8860153555870056,0.16396230459213257,-75.44896697998047,-28.307954788208008,-111.33572387695312,0.0,0.0,49.696258544921875,1,1,1,1,1,-138.18345642089844,110.73033142089844,-33.9325065612793,-139.8107147216797,85.98189544677734,-88.1041259765625,lower,50,2025-11-18T16:28:12.564944,my_hand_data\videos\lower_seq50_20251118_162809_491272.avi,89.83740328379558,360,90,HIGH,VIDEO_RECORDING,2025-11-18T16:28:13.587159
2025-11-18 16:28:12.575344,277,1224,HandType.Right,0.7012176513671875,-81.09614562988281,102.3044204711914,-35.014888763427734,-0.43363699316978455,-0.8857545852661133,0.16552282869815826,-72.1898193359375,-40.089595794677734,-123.96041107177734,0.0,0.0,49.66584396362305,1,1,1,1,1,-139.00730895996094,110.5376968383789,-35.455379486083984,-140.58888244628906,85.88119506835938,-89.63733673095703,lower,50,2025-11-18T16:28:12.575344,my_hand_data\videos\lower_seq50_20251118_162809_491272.avi,89.83740328379558,360,90,HIGH,VIDEO_RECORDING,2025-11-18T16:28:13.587159
2025-11-18 16:28:12.585480,278,1224,HandType.Right,0.7012176513671875,-81.09614562988281,102.3044204711914,-35.014888763427734,-0.43363699316978455,-0.8857545852661133,0.16552282869815826,-72.1898193359375,-40.089595794677734,-123.96041107177734,0.0,0.0,49.66584396362305,1,1,1,1,1,-139.00730895996094,110.5376968383789,-35.455379486083984,-140.58888244628906,85.88119506835938,-89.63733673095703,lower,50,2025-11-18T16:28:12.585480,my_hand_data\videos\lower_seq50_20251118_162809_491272.avi,89.83740328379558,360,90,HIGH,VIDEO_RECORDING,2025-11-18T16:28:13.587159
2025-11-18 16:28:12.595910,279,1224,HandType.Right,0.697842538356781,-82.71903228759766,101.38555908203125,-37.77671813964844,-0.4319247603416443,-0.8860799670219421,0.16823595762252808,-69.69329833984375,-39.168941497802734,-122.70440673828125,0.0,0.0,49.469947814941406,1,1,1,1,1,-140.66683959960938,110.31128692626953,-38.68160629272461,-142.0226287841797,85.47403717041016,-92.63994598388672,lower,50,2025-11-18T16:28:12.595910,my_hand_data\videos\lower_seq50_20251118_162809_491272.avi,89.83740328379558,360,90,HIGH,VIDEO_RECORDING,2025-11-18T16:28:13.587159
2025-11-18 16:28:12.606053,280,1224,HandType.Right,0.697842538356781,-82.71903228759766,101.38555908203125,-37.77671813964844,-0.4319247603416443,-0.8860799670219421,0.16823595762252808,-69.69329833984375,-39.168941497802734,-122.70440673828125,0.0,0.0,49.469947814941406,1,1,1,1,1,-140.66683959960938,110.31128692626953,-38.68160629272461,-142.0226287841797,85.47403717041016,-92.63994598388672,lower,50,2025-11-18T16:28:12.606053,my_hand_data\videos\lower_seq50_20251118_162809_491272.avi,89.83740328379558,360,90,HIGH,VIDEO_RECORDING,2025-11-18T16:28:13.587159
2025-11-18 16:28:12.616492,281,1224,HandType.Right,0.6962733268737793,-83.58112335205078,100.98726654052734,-39.22439193725586,-0.4310437738895416,-0.8863142728805542,0.16925804316997528,-76.5212173461914,-35.35328674316406,-128.49911499023438,0.0,0.0,49.36963653564453,1,1,1,1,1,-141.5548553466797,110.16902160644531,-40.42008590698242,-142.76748657226562,85.61004638671875,-94.46015930175781,lower,50,2025-11-18T16:28:12.616492,my_hand_data\videos\lower_seq50_20251118_162809_491272.avi,89.83740328379558,360,90,HIGH,VIDEO_RECORDING,2025-11-18T16:28:13.587159
2025-11-18 16:28:12.636916,282,1224,HandType.Right,0.691897988319397,-85.21283721923828,100.06012725830078,-42.332244873046875,-0.4299338757991791,-0.8869624137878418,0.16868458688259125,-76.25912475585938,-39.99337387084961,-147.4978790283203,0.0,0.0,47.07262420654297,1,1,1,1,1,-143.48733520507812,109.72761535644531,-43.94281005859375,-144.3490447998047,85.79694366455078,-98.12771606445312,lower,50,2025-11-18T16:28:12.636916,my_hand_data\videos\lower_seq50_20251118_162809_491272.avi,89.83740328379558,360,90,HIGH,VIDEO_RECORDING,2025-11-18T16:28:13.587159
2025-11-18 16:28:12.636916,283,1224,HandType.Right,0.6842615604400635,-86.01596069335938,99.73948669433594,-43.78056335449219,-0.43179434537887573,-0.886237621307373,0.16773951053619385,-71.95811462402344,-28.728485107421875,-129.765869140625,0.0,0.0,46.26335144042969,1,1,1,1,1,-144.38735961914062,109.5706787109375,-45.67573165893555,-145.24746704101562,85.72886657714844,-99.52629852294922,lower,50,2025-11-18T16:28:12.636916,my_hand_data\videos\lower_seq50_20251118_162809_491272.avi,89.83740328379558,360,90,HIGH,VIDEO_RECORDING,2025-11-18T16:28:13.587159
2025-11-18 16:28:12.657531,284,1224,HandType.Right,0.6775934100151062,-86.77294158935547,99.47847747802734,-45.228397369384766,-0.4341856837272644,-0.8852064609527588,0.16701000928878784,-67.8968505859375,-23.41156578063965,-129.8621063232422,0.0,0.0,48.05638885498047,1,1,1,1,1,-145.14144897460938,109.3834457397461,-47.26823806762695,-146.07339477539062,85.69749450683594,-100.88079833984375,lower,50,2025-11-18T16:28:12.657531,my_hand_data\videos\lower_seq50_20251118_162809_491272.avi,89.83740328379558,360,90,HIGH,VIDEO_RECORDING,2025-11-18T16:28:13.587159
2025-11-18 16:28:12.661556,285,1224,HandType.Right,0.6775934100151062,-86.77294158935547,99.47847747802734,-45.228397369384766,-0.4341856837272644,-0.8852064609527588,0.16701000928878784,-67.8968505859375,-23.41156578063965,-129.8621063232422,0.0,0.0,48.05638885498047,1,1,1,1,1,-145.14144897460938,109.3834457397461,-47.26823806762695,-146.07339477539062,85.69749450683594,-100.88079833984375,lower,50,2025-11-18T16:28:12.661556,my_hand_data\videos\lower_seq50_20251118_162809_491272.avi,89.83740328379558,360,90,HIGH,VIDEO_RECORDING,2025-11-18T16:28:13.587159
2025-11-18 16:28:12.677787,286,1224,HandType.Right,0.6707459688186646,-87.65885162353516,99.33417510986328,-46.530357360839844,-0.43626847863197327,-0.8841906189918518,0.1669633537530899,-80.79391479492188,-13.159775733947754,-118.73778533935547,0.0,0.0,48.26912307739258,1,1,1,1,1,-145.9382781982422,109.16405487060547,-48.921138763427734,-146.91436767578125,85.55599212646484,-102.0242691040039,lower,50,2025-11-18T16:28:12.677787,my_hand_data\videos\lower_seq50_20251118_162809_491272.avi,89.83740328379558,360,90,HIGH,VIDEO_RECORDING,2025-11-18T16:28:13.587159
2025-11-18 16:28:12.684423,287,1224,HandType.Right,0.6653333306312561,-88.57516479492188,99.11175537109375,-47.75288391113281,-0.43635284900665283,-0.8841294050216675,0.1670670360326767,-80.61219787597656,-19.567161560058594,-107.5508041381836,0.0,0.0,47.88671112060547,1,1,1,1,1,-146.8228302001953,108.84494018554688,-50.5374870300293,-147.54405212402344,85.32442474365234,-103.22362518310547,lower,50,2025-11-18T16:28:12.684423,my_hand_data\videos\lower_seq50_20251118_162809_491272.avi,89.83740328379558,360,90,HIGH,VIDEO_RECORDING,2025-11-18T16:28:13.587159
2025-11-18 16:28:12.698243,288,1224,HandType.Right,0.6492328643798828,-90.33246612548828,98.5582504272461,-50.12059783935547,-0.43555504083633423,-0.8849483132362366,0.1647975891828537,-82.48640441894531,-27.326696395874023,-109.44857025146484,0.0,0.0010778913274407387,47.442352294921875,1,1,1,1,1,-148.6904296875,108.40129089355469,-53.31446075439453,-149.24708557128906,85.11549377441406,-105.5332260131836,lower,50,2025-11-18T16:28:12.698243,my_hand_data\videos\lower_seq50_20251118_162809_491272.avi,89.83740328379558,360,90,HIGH,VIDEO_RECORDING,2025-11-18T16:28:13.587159
2025-11-18 16:28:12.708519,289,1224,HandType.Right,0.6492328643798828,-90.33246612548828,98.5582504272461,-50.12059783935547,-0.43555504083633423,-0.8849483132362366,0.1647975891828537,-82.48640441894531,-27.326696395874023,-109.44857025146484,0.0,0.0010778913274407387,47.442352294921875,1,1,1,1,1,-148.6904296875,108.40129089355469,-53.31446075439453,-149.24708557128906,85.11549377441406,-105.5332260131836,lower,50,2025-11-18T16:28:12.708519,my_hand_data\videos\lower_seq50_20251118_162809_491272.avi,89.83740328379558,360,90,HIGH,VIDEO_RECORDING,2025-11-18T16:28:13.587159
2025-11-18 16:28:12.718548,290,1224,HandType.Right,0.6244552731513977,-91.94696044921875,97.83900451660156,-52.44977569580078,-0.4363347291946411,-0.8857106566429138,0.15852004289627075,-80.24784851074219,-34.1903076171875,-111.34044647216797,0.0,0.010677225887775421,47.26158905029297,1,1,1,1,1,-150.57081604003906,108.3822021484375,-55.78172302246094,-151.10037231445312,85.49695587158203,-107.86109924316406,lower,50,2025-11-18T16:28:12.718548,my_hand_data\videos\lower_seq50_20251118_162809_491272.avi,89.83740328379558,360,90,HIGH,VIDEO_RECORDING,2025-11-18T16:28:13.587159
2025-11-18 16:28:12.728820,291,1224,HandType.Right,0.6244552731513977,-91.94696044921875,97.83900451660156,-52.44977569580078,-0.4363347291946411,-0.8857106566429138,0.15852004289627075,-80.24784851074219,-34.1903076171875,-111.34044647216797,0.0,0.010677225887775421,47.26158905029297,1,1,1,1,1,-150.57081604003906,108.3822021484375,-55.78172302246094,-151.10037231445312,85.49695587158203,-107.86109924316406,lower,50,2025-11-18T16:28:12.728820,my_hand_data\videos\lower_seq50_20251118_162809_491272.avi,89.83740328379558,360,90,HIGH,VIDEO_RECORDING,2025-11-18T16:28:13.587159
2025-11-18 16:28:12.739040,292,1224,HandType.Right,0.6114854216575623,-92.59639739990234,97.50213623046875,-53.323341369628906,-0.43883225321769714,-0.8849141597747803,0.15605509281158447,-56.95816421508789,-29.544862747192383,-76.61503601074219,0.0,0.012653421610593796,47.20110321044922,1,1,1,1,1,-151.36878967285156,108.29132080078125,-56.91200637817383,-151.61386108398438,85.4842300415039,-108.97616577148438,lower,50,2025-11-18T16:28:12.739040,my_hand_data\videos\lower_seq50_20251118_162809_491272.avi,89.83740328379558,360,90,HIGH,VIDEO_RECORDING,2025-11-18T16:28:13.587159
2025-11-18 16:28:12.749336,293,1224,HandType.Right,0.60015869140625,-93.4149169921875,97.13937377929688,-54.48598098754883,-0.4399079382419586,-0.8850719928741455,0.1520809680223465,-74.75027465820312,-33.1292724609375,-106.1772232055664,0.0,0.011295882984995842,47.26179504394531,1,1,1,1,1,-152.2018585205078,108.49347686767578,-58.170833587646484,-152.37411499023438,85.70364379882812,-110.32550048828125,lower,50,2025-11-18T16:28:12.749336,my_hand_data\videos\lower_seq50_20251118_162809_491272.avi,89.83740328379558,360,90,HIGH,VIDEO_RECORDING,2025-11-18T16:28:13.587159
2025-11-18 16:28:12.769437,294,1224,HandType.Right,0.5669787526130676,-94.8150405883789,96.64038848876953,-56.4046630859375,-0.44327908754348755,-0.8846786618232727,0.1443859189748764,-69.92362976074219,-20.166521072387695,-85.8918685913086,0.0,0.015943322330713272,47.184810638427734,1,1,1,1,1,-153.5111083984375,108.64318084716797,-60.190834045410156,-153.59658813476562,85.76298522949219,-112.19297790527344,lower,50,2025-11-18T16:28:12.769437,my_hand_data\videos\lower_seq50_20251118_162809_491272.avi,89.83740328379558,360,90,HIGH,VIDEO_RECORDING,2025-11-18T16:28:13.587159
2025-11-18 16:28:12.773452,295,1224,HandType.Right,0.5509354472160339,-95.56690979003906,96.381103515625,-57.330814361572266,-0.44426020979881287,-0.8847683072090149,0.14077618718147278,-67.24527740478516,-23.189804077148438,-82.83251953125,0.0,0.01796252466738224,47.13322067260742,1,1,1,1,1,-154.19480895996094,108.74591827392578,-61.129249572753906,-154.3508758544922,86.08460235595703,-113.1820068359375,lower,50,2025-11-18T16:28:12.773452,my_hand_data\videos\lower_seq50_20251118_162809_491272.avi,89.83740328379558,360,90,HIGH,VIDEO_RECORDING,2025-11-18T16:28:13.587159
2025-11-18 16:28:12.789825,296,1224,HandType.Right,0.5351002812385559,-96.18083190917969,96.1197280883789,-58.252098083496094,-0.4458056390285492,-0.8846785426139832,0.13638639450073242,-56.05089569091797,-23.863588333129883,-84.11257934570312,0.0,0.015795746818184853,47.14570617675781,1,1,1,1,1,-154.72862243652344,108.95256805419922,-62.12144470214844,-154.98133850097656,86.37184143066406,-114.32708740234375,lower,50,2025-11-18T16:28:12.789825,my_hand_data\videos\lower_seq50_20251118_162809_491272.avi,89.83740328379558,360,90,HIGH,VIDEO_RECORDING,2025-11-18T16:28:13.587159
2025-11-18 16:28:12.789825,297,1224,HandType.Right,0.5351002812385559,-96.18083190917969,96.1197280883789,-58.252098083496094,-0.4458056390285492,-0.8846785426139832,0.13638639450073242,-56.05089569091797,-23.863588333129883,-84.11257934570312,0.0,0.015795746818184853,47.14570617675781,1,1,1,1,1,-154.72862243652344,108.95256805419922,-62.12144470214844,-154.98133850097656,86.37184143066406,-114.32708740234375,lower,50,2025-11-18T16:28:12.789825,my_hand_data\videos\lower_seq50_20251118_162809_491272.avi,89.83740328379558,360,90,HIGH,VIDEO_RECORDING,2025-11-18T16:28:13.587159
2025-11-18 16:28:12.810582,298,1224,HandType.Right,0.499575674533844,-97.34608459472656,95.60904693603516,-60.048919677734375,-0.44887518882751465,-0.884570300579071,0.12667471170425415,-48.12480545043945,-22.20624542236328,-87.6180419921875,0.0,0.017867717891931534,46.987796783447266,1,1,1,1,1,-155.62806701660156,109.46365356445312,-63.90397262573242,-156.61668395996094,88.06929779052734,-116.58129119873047,lower,50,2025-11-18T16:28:12.810582,my_hand_data\videos\lower_seq50_20251118_162809_491272.avi,89.83740328379558,360,90,HIGH,VIDEO_RECORDING,2025-11-18T16:28:13.587159
2025-11-18 16:28:12.820591,299,1224,HandType.Right,0.4800494909286499,-97.75994873046875,95.342529296875,-61.02690124511719,-0.4524585008621216,-0.8833773732185364,0.12217105180025101,-36.160736083984375,-23.286245346069336,-85.45037078857422,0.0,0.0171713475137949,47.011253356933594,1,1,1,1,1,-156.0020751953125,109.54154968261719,-64.82323455810547,-157.17347717285156,88.6631088256836,-117.7543716430664,lower,50,2025-11-18T16:28:12.820591,my_hand_data\videos\lower_seq50_20251118_162809_491272.avi,89.83740328379558,360,90,HIGH,VIDEO_RECORDING,2025-11-18T16:28:13.587159
2025-11-18 16:28:12.830927,300,1224,HandType.Right,0.4615386724472046,-98.18958282470703,94.94585418701172,-62.23648452758789,-0.45343175530433655,-0.8835559487342834,0.11716865003108978,-38.81452178955078,-35.83660125732422,-109.27686309814453,0.0,0.009704019874334335,47.20246124267578,1,1,1,1,1,-156.3993682861328,109.76448059082031,-65.97611236572266,-157.72598266601562,89.00823974609375,-119.25765991210938,lower,50,2025-11-18T16:28:12.830927,my_hand_data\videos\lower_seq50_20251118_162809_491272.avi,89.83740328379558,360,90,HIGH,VIDEO_RECORDING,2025-11-18T16:28:13.587159
2025-11-18 16:28:12.841247,301,1224,HandType.Right,0.4615386724472046,-98.18958282470703,94.94585418701172,-62.23648452758789,-0.45343175530433655,-0.8835559487342834,0.11716865003108978,-38.81452178955078,-35.83660125732422,-109.27686309814453,0.0,0.009704019874334335,47.20246124267578,1,1,1,1,1,-156.3993682861328,109.76448059082031,-65.97611236572266,-157.72598266601562,89.00823974609375,-119.25765991210938,lower,50,2025-11-18T16:28:12.841247,my_hand_data\videos\lower_seq50_20251118_162809_491272.avi,89.83740328379558,360,90,HIGH,VIDEO_RECORDING,2025-11-18T16:28:13.587159
2025-11-18 16:28:12.851418,302,1224,HandType.Right,0.448266863822937,-98.66580200195312,94.40481567382812,-63.594215393066406,-0.45295459032058716,-0.884247362613678,0.11374838650226593,-42.913719177246094,-48.7557373046875,-122.35104370117188,0.0,0.0,47.5268440246582,1,1,1,1,1,-156.83432006835938,109.79133605957031,-67.28360748291016,-158.21923828125,89.0850601196289,-121.10686492919922,lower,50,2025-11-18T16:28:12.851418,my_hand_data\videos\lower_seq50_20251118_162809_491272.avi,89.83740328379558,360,90,HIGH,VIDEO_RECORDING,2025-11-18T16:28:13.587159
2025-11-18 16:28:12.861727,303,1224,HandType.Right,0.4369157552719116,-99.04662322998047,93.97665405273438,-64.89122772216797,-0.45340827107429504,-0.8841961026191711,0.11233046650886536,-34.26533889770508,-38.52421951293945,-116.70079040527344,0.0,0.0,47.98093032836914,1,1,1,1,1,-157.21795654296875,109.70260620117188,-68.42477416992188,-158.54537963867188,89.30602264404297,-123.02899169921875,lower,50,2025-11-18T16:28:12.861727,my_hand_data\videos\lower_seq50_20251118_162809_491272.avi,89.83740328379558,360,90,HIGH,VIDEO_RECORDING,2025-11-18T16:28:13.587159
2025-11-18 16:28:12.872034,304,1224,HandType.Right,0.42713963985443115,-99.49059295654297,93.5360336303711,-66.16038513183594,-0.4541027843952179,-0.8839765191078186,0.11124808341264725,-40.512020111083984,-40.20677185058594,-115.809326171875,0.0,0.0,43.91035461425781,1,1,1,1,1,-157.6693115234375,109.92445373535156,-69.56488037109375,-158.87088012695312,89.63479614257812,-124.78564453125,lower,50,2025-11-18T16:28:12.872034,my_hand_data\videos\lower_seq50_20251118_162809_491272.avi,89.83740328379558,360,90,HIGH,VIDEO_RECORDING,2025-11-18T16:28:13.587159
2025-11-18 16:28:12.882051,305,1224,HandType.Right,0.4207444190979004,-99.72793579101562,92.9865951538086,-67.41133117675781,-0.45600396394729614,-0.883078932762146,0.11059814691543579,-21.512239456176758,-49.79909896850586,-113.38269805908203,0.0,0.0,38.911537170410156,1,1,1,1,1,-158.04299926757812,110.0130844116211,-70.52020263671875,-158.96546936035156,89.88359069824219,-126.520263671875,lower,50,2025-11-18T16:28:12.882051,my_hand_data\videos\lower_seq50_20251118_162809_491272.avi,89.83740328379558,360,90,HIGH,VIDEO_RECORDING,2025-11-18T16:28:13.587159
2025-11-18 16:28:12.902245,306,1224,HandType.Right,0.4058229327201843,-100.3102798461914,91.98359680175781,-69.3460693359375,-0.45964905619621277,-0.880906343460083,0.11281313747167587,-24.192895889282227,-34.09696578979492,-80.08306884765625,0.0,0.0,38.49500274658203,1,1,1,1,1,-159.01034545898438,109.70111846923828,-71.89591979980469,-159.48301696777344,90.12911224365234,-129.03195190429688,lower,50,2025-11-18T16:28:12.902245,my_hand_data\videos\lower_seq50_20251118_162809_491272.avi,89.83740328379558,360,90,HIGH,VIDEO_RECORDING,2025-11-18T16:28:13.587159
2025-11-18 16:28:12.902245,307,1224,HandType.Right,0.4058229327201843,-100.3102798461914,91.98359680175781,-69.3460693359375,-0.45964905619621277,-0.880906343460083,0.11281313747167587,-24.192895889282227,-34.09696578979492,-80.08306884765625,0.0,0.0,38.49500274658203,1,1,1,1,1,-159.01034545898438,109.70111846923828,-71.89591979980469,-159.48301696777344,90.12911224365234,-129.03195190429688,lower,50,2025-11-18T16:28:12.902245,my_hand_data\videos\lower_seq50_20251118_162809_491272.avi,89.83740328379558,360,90,HIGH,VIDEO_RECORDING,2025-11-18T16:28:13.587159
2025-11-18 16:28:12.922474,308,1224,HandType.Right,0.38276350498199463,-100.88424682617188,91.15206146240234,-71.86090087890625,-0.4653560221195221,-0.8777808547019958,0.11377405375242233,-20.849716186523438,-36.3393440246582,-113.5200424194336,0.0,0.0,46.338199615478516,1,1,1,1,1,-159.9863739013672,109.86946105957031,-73.90353393554688,-159.9273223876953,90.07128143310547,-131.83566284179688,lower,50,2025-11-18T16:28:12.922474,my_hand_data\videos\lower_seq50_20251118_162809_491272.avi,89.83740328379558,360,90,HIGH,VIDEO_RECORDING,2025-11-18T16:28:13.587159
2025-11-18 16:28:12.926093,309,1224,HandType.Right,0.38276350498199463,-100.88424682617188,91.15206146240234,-71.86090087890625,-0.4653560221195221,-0.8777808547019958,0.11377405375242233,-20.849716186523438,-36.3393440246582,-113.5200424194336,0.0,0.0,46.338199615478516,1,1,1,1,1,-159.9863739013672,109.86946105957031,-73.90353393554688,-159.9273223876953,90.07128143310547,-131.83566284179688,lower,50,2025-11-18T16:28:12.926093,my_hand_data\videos\lower_seq50_20251118_162809_491272.avi,89.83740328379558,360,90,HIGH,VIDEO_RECORDING,2025-11-18T16:28:13.587159
2025-11-18 16:28:12.942851,310,1224,HandType.Right,0.37000560760498047,-101.75096893310547,90.37950134277344,-74.3884506225586,-0.46851110458374023,-0.8760025501251221,0.11452905833721161,-36.5657844543457,-33.24140930175781,-110.15692138671875,0.0,0.0,48.653648376464844,1,1,1,1,1,-161.1019744873047,109.65222930908203,-76.29075622558594,-160.49420166015625,89.37926483154297,-134.45498657226562,lower,50,2025-11-18T16:28:12.942851,my_hand_data\videos\lower_seq50_20251118_162809_491272.avi,89.83740328379558,360,90,HIGH,VIDEO_RECORDING,2025-11-18T16:28:13.587159
2025-11-18 16:28:12.952986,311,1224,HandType.Right,0.3615487813949585,-102.05717468261719,90.17918395996094,-75.7034683227539,-0.47175613045692444,-0.8741637468338013,0.1152556985616684,-27.57823944091797,-18.041799545288086,-118.43830871582031,0.0,0.0,48.803306579589844,1,1,1,1,1,-161.596923828125,109.4620361328125,-77.46260070800781,-160.71853637695312,89.1766128540039,-135.6409149169922,lower,50,2025-11-18T16:28:12.952986,my_hand_data\videos\lower_seq50_20251118_162809_491272.avi,89.83740328379558,360,90,HIGH,VIDEO_RECORDING,2025-11-18T16:28:13.587159
2025-11-18 16:28:12.963196,312,1224,HandType.Right,0.35518187284469604,-102.48380279541016,89.88236999511719,-77.06488037109375,-0.472799688577652,-0.8736928701400757,0.11454804241657257,-38.483978271484375,-26.77389907836914,-122.80447387695312,0.0,0.0,48.648990631103516,1,1,1,1,1,-162.13063049316406,109.24226379394531,-78.78247833251953,-161.01548767089844,88.85580444335938,-136.9835968017578,lower,50,2025-11-18T16:28:12.963196,my_hand_data\videos\lower_seq50_20251118_162809_491272.avi,89.83740328379558,360,90,HIGH,VIDEO_RECORDING,2025-11-18T16:28:13.587159
2025-11-18 16:28:12.973644,313,1224,HandType.Right,0.35518187284469604,-102.48380279541016,89.88236999511719,-77.06488037109375,-0.472799688577652,-0.8736928701400757,0.11454804241657257,-38.483978271484375,-26.77389907836914,-122.80447387695312,0.0,0.0,48.648990631103516,1,1,1,1,1,-162.13063049316406,109.24226379394531,-78.78247833251953,-161.01548767089844,88.85580444335938,-136.9835968017578,lower,50,2025-11-18T16:28:12.973644,my_hand_data\videos\lower_seq50_20251118_162809_491272.avi,89.83740328379558,360,90,HIGH,VIDEO_RECORDING,2025-11-18T16:28:13.587159
2025-11-18 16:28:12.983993,314,1224,HandType.Right,0.3513551950454712,-102.80952453613281,89.71025848388672,-78.21910095214844,-0.47619912028312683,-0.8717800378799438,0.11503900587558746,-29.896121978759766,-15.797544479370117,-105.9409408569336,0.0,0.0,48.1463623046875,1,1,1,1,1,-162.52139282226562,109.2538833618164,-79.91162109375,-161.2846221923828,88.73101806640625,-138.0967254638672,lower,50,2025-11-18T16:28:12.983993,my_hand_data\videos\lower_seq50_20251118_162809_491272.avi,89.83740328379558,360,90,HIGH,VIDEO_RECORDING,2025-11-18T16:28:13.587159
2025-11-18 16:28:12.994372,315,1224,HandType.Right,0.34692609310150146,-103.3782958984375,89.62816619873047,-79.6363296508789,-0.4779967665672302,-0.8707744479179382,0.11519978940486908,-51.556758880615234,-7.441335201263428,-128.46505737304688,0.0,0.0,47.802921295166016,1,1,1,1,1,-163.0950927734375,109.26236724853516,-81.23020935058594,-161.6859893798828,88.74935913085938,-139.5057373046875,lower,50,2025-11-18T16:28:12.994372,my_hand_data\videos\lower_seq50_20251118_162809_491272.avi,89.83740328379558,360,90,HIGH,VIDEO_RECORDING,2025-11-18T16:28:13.587159
2025-11-18 16:28:13.004522,316,1224,HandType.Right,0.34328776597976685,-103.8023681640625,89.50544738769531,-80.84907531738281,-0.47962072491645813,-0.8699324727058411,0.11481038480997086,-38.166481018066406,-11.044780731201172,-109.1480941772461,0.0,0.0,48.197635650634766,1,1,1,1,1,-163.50758361816406,109.4561538696289,-82.41620635986328,-161.96954345703125,88.64641571044922,-140.71807861328125,lower,50,2025-11-18T16:28:13.004522,my_hand_data\videos\lower_seq50_20251118_162809_491272.avi,89.83740328379558,360,90,HIGH,VIDEO_RECORDING,2025-11-18T16:28:13.587159
2025-11-18 16:28:13.025093,317,1224,HandType.Right,0.3394726514816284,-104.43006134033203,89.0107650756836,-83.48493194580078,-0.482654333114624,-0.8682778477668762,0.11462294310331345,-30.479816436767578,-24.139753341674805,-121.13420104980469,0.0,0.0,49.75690460205078,1,1,1,1,1,-164.3355712890625,109.22953033447266,-84.77452087402344,-162.203857421875,88.37791442871094,-143.5982208251953,lower,50,2025-11-18T16:28:13.025093,my_hand_data\videos\lower_seq50_20251118_162809_491272.avi,89.83740328379558,360,90,HIGH,VIDEO_RECORDING,2025-11-18T16:28:13.587159
2025-11-18 16:28:13.029112,318,1224,HandType.Right,0.337460458278656,-104.56128692626953,88.75279235839844,-84.84489440917969,-0.48533448576927185,-0.8667852282524109,0.11460300534963608,-12.042231559753418,-23.673425674438477,-124.80204010009766,0.0,0.0,50.00189208984375,1,1,1,1,1,-164.6143798828125,108.9984359741211,-86.05143737792969,-161.9983673095703,88.1259765625,-145.0635528564453,lower,50,2025-11-18T16:28:13.029112,my_hand_data\videos\lower_seq50_20251118_162809_491272.avi,89.83740328379558,360,90,HIGH,VIDEO_RECORDING,2025-11-18T16:28:13.587159
2025-11-18 16:28:13.045691,319,1224,HandType.Right,0.3400399684906006,-104.80773162841797,88.40970611572266,-86.01588439941406,-0.48738107085227966,-0.8655978441238403,0.114891417324543,-21.960891723632812,-30.57243537902832,-104.34756469726562,0.0,0.0,50.37851333618164,1,1,1,1,1,-165.2039794921875,108.69681549072266,-86.9266586303711,-161.97491455078125,88.01453399658203,-146.4700469970703,lower,50,2025-11-18T16:28:13.045691,my_hand_data\videos\lower_seq50_20251118_162809_491272.avi,89.83740328379558,360,90,HIGH,VIDEO_RECORDING,2025-11-18T16:28:13.587159
2025-11-18 16:28:13.049706,320,1224,HandType.Right,0.3400399684906006,-104.80773162841797,88.40970611572266,-86.01588439941406,-0.48738107085227966,-0.8655978441238403,0.114891417324543,-21.960891723632812,-30.57243537902832,-104.34756469726562,0.0,0.0,50.37851333618164,1,1,1,1,1,-165.2039794921875,108.69681549072266,-86.9266586303711,-161.97491455078125,88.01453399658203,-146.4700469970703,lower,50,2025-11-18T16:28:13.049706,my_hand_data\videos\lower_seq50_20251118_162809_491272.avi,89.83740328379558,360,90,HIGH,VIDEO_RECORDING,2025-11-18T16:28:13.587159
2025-11-18 16:28:13.066117,321,1224,HandType.Right,0.3409664034843445,-104.98992919921875,88.11304473876953,-87.22516632080078,-0.4895535409450531,-0.8642763495445251,0.11560148000717163,-16.686359405517578,-27.169891357421875,-110.74991607666016,0.0,0.0,50.76679229736328,1,1,1,1,1,-165.7069549560547,108.4083480834961,-87.86708068847656,-161.88238525390625,87.92332458496094,-147.9053955078125,lower,50,2025-11-18T16:28:13.066117,my_hand_data\videos\lower_seq50_20251118_162809_491272.avi,89.83740328379558,360,90,HIGH,VIDEO_RECORDING,2025-11-18T16:28:13.587159
2025-11-18 16:28:13.071334,322,1224,HandType.Right,0.342865526676178,-105.29817199707031,87.91593170166016,-88.0858154296875,-0.4921428859233856,-0.8624684810638428,0.11808278411626816,-27.554000854492188,-17.619714736938477,-76.93344116210938,0.0,0.0,50.927818298339844,1,1,1,1,1,-166.18006896972656,108.30756378173828,-88.60369873046875,-161.9471893310547,88.40322875976562,-149.0419158935547,lower,50,2025-11-18T16:28:13.071334,my_hand_data\videos\lower_seq50_20251118_162809_491272.avi,89.83740328379558,360,90,HIGH,VIDEO_RECORDING,2025-11-18T16:28:13.587159
2025-11-18 16:28:13.086396,323,1224,HandType.Right,0.3434014320373535,-106.1281967163086,87.79071044921875,-90.18704223632812,-0.4954833686351776,-0.8601953983306885,0.12066531926393509,-38.71413803100586,-2.549901247024536,-97.49445343017578,0.0,0.0,51.11722946166992,1,1,1,1,1,-167.10484313964844,108.0970230102539,-90.68836212158203,-162.26194763183594,88.96280670166016,-151.5024871826172,lower,50,2025-11-18T16:28:13.086396,my_hand_data\videos\lower_seq50_20251118_162809_491272.avi,89.83740328379558,360,90,HIGH,VIDEO_RECORDING,2025-11-18T16:28:13.587159
2025-11-18 16:28:13.096839,324,1224,HandType.Right,0.3434014320373535,-106.1281967163086,87.79071044921875,-90.18704223632812,-0.4954833686351776,-0.8601953983306885,0.12066531926393509,-38.71413803100586,-2.549901247024536,-97.49445343017578,0.0,0.0,51.11722946166992,1,1,1,1,1,-167.10484313964844,108.0970230102539,-90.68836212158203,-162.26194763183594,88.96280670166016,-151.5024871826172,lower,50,2025-11-18T16:28:13.096839,my_hand_data\videos\lower_seq50_20251118_162809_491272.avi,89.83740328379558,360,90,HIGH,VIDEO_RECORDING,2025-11-18T16:28:13.587159
2025-11-18 16:28:13.107017,325,1224,HandType.Right,0.3409651517868042,-106.52500915527344,87.76178741455078,-91.14089965820312,-0.4976024031639099,-0.858745276927948,0.1222635805606842,-35.78736114501953,-2.608269691467285,-86.02583312988281,0.0,0.0,51.21897888183594,1,1,1,1,1,-167.60256958007812,107.96056365966797,-91.66385650634766,-162.45556640625,89.36492919921875,-152.66409301757812,lower,50,2025-11-18T16:28:13.107017,my_hand_data\videos\lower_seq50_20251118_162809_491272.avi,89.83740328379558,360,90,HIGH,VIDEO_RECORDING,2025-11-18T16:28:13.587159
2025-11-18 16:28:13.117257,326,1224,HandType.Right,0.34096670150756836,-107.00847625732422,87.7259292602539,-92.14651489257812,-0.498729407787323,-0.8578801155090332,0.12373631447553635,-43.38363265991211,-3.217714786529541,-90.23798370361328,0.0,0.0,51.33099365234375,1,1,1,1,1,-168.24307250976562,107.67105102539062,-92.62518310546875,-162.71632385253906,89.74971771240234,-153.91275024414062,lower,50,2025-11-18T16:28:13.117257,my_hand_data\videos\lower_seq50_20251118_162809_491272.avi,89.83740328379558,360,90,HIGH,VIDEO_RECORDING,2025-11-18T16:28:13.587159
2025-11-18 16:28:13.127634,327,1224,HandType.Right,0.33860403299331665,-107.42930603027344,87.66881561279297,-93.31675720214844,-0.5001257061958313,-0.8569232821464539,0.12472681701183319,-37.307640075683594,-5.063403129577637,-103.74498748779297,0.0,0.0,51.51167297363281,1,1,1,1,1,-168.81126403808594,107.55552673339844,-93.77535247802734,-162.86727905273438,89.87252044677734,-155.34176635742188,lower,50,2025-11-18T16:28:13.127634,my_hand_data\videos\lower_seq50_20251118_162809_491272.avi,89.83740328379558,360,90,HIGH,VIDEO_RECORDING,2025-11-18T16:28:13.587159
2025-11-18 16:28:13.137912,328,1224,HandType.Right,0.33805131912231445,-107.75651550292969,87.59858703613281,-94.34368896484375,-0.5008304119110107,-0.8564103841781616,0.12542016804218292,-28.42828369140625,-6.101104259490967,-89.22128295898438,0.0,0.0,51.6637077331543,1,1,1,1,1,-169.28866577148438,107.49197387695312,-94.80107879638672,-163.0575714111328,90.01472473144531,-156.6268768310547,lower,50,2025-11-18T16:28:13.137912,my_hand_data\videos\lower_seq50_20251118_162809_491272.avi,89.83740328379558,360,90,HIGH,VIDEO_RECORDING,2025-11-18T16:28:13.587159
2025-11-18 16:28:13.158469,329,1224,HandType.Right,0.3413618803024292,-108.65184020996094,87.45759582519531,-96.57315826416016,-0.4976319670677185,-0.8580745458602905,0.1267695128917694,-37.67763137817383,-0.5053660869598389,-96.1781997680664,0.0,0.0,52.01640701293945,1,1,1,1,1,-170.7436981201172,107.17829895019531,-96.85643005371094,-163.57057189941406,89.9537124633789,-159.1719512939453,lower,50,2025-11-18T16:28:13.158469,my_hand_data\videos\lower_seq50_20251118_162809_491272.avi,89.83740328379558,360,90,HIGH,VIDEO_RECORDING,2025-11-18T16:28:13.587159
2025-11-18 16:28:13.160479,330,1224,HandType.Right,0.344595730304718,-109.0672836303711,87.56172943115234,-97.51741027832031,-0.4964028000831604,-0.8586230278015137,0.1278698593378067,-37.488399505615234,9.396798133850098,-85.2060546875,0.0,0.0,52.068199157714844,1,1,1,1,1,-171.33099365234375,107.11460876464844,-97.81974029541016,-163.78887939453125,90.22501373291016,-160.27012634277344,lower,50,2025-11-18T16:28:13.160479,my_hand_data\videos\lower_seq50_20251118_162809_491272.avi,89.83740328379558,360,90,HIGH,VIDEO_RECORDING,2025-11-18T16:28:13.587159
2025-11-18 16:28:13.178581,331,1224,HandType.Right,0.3462589979171753,-109.52924346923828,87.55645751953125,-98.49813079833984,-0.4939556121826172,-0.8598836660385132,0.12887196242809296,-41.599037170410156,-0.47440919280052185,-88.3138427734375,0.0,0.0,52.12062454223633,1,1,1,1,1,-171.93490600585938,107.01554870605469,-98.83030700683594,-164.1432342529297,90.2725830078125,-161.3658447265625,lower,50,2025-11-18T16:28:13.178581,my_hand_data\videos\lower_seq50_20251118_162809_491272.avi,89.83740328379558,360,90,HIGH,VIDEO_RECORDING,2025-11-18T16:28:13.587159
2025-11-18 16:28:13.182557,332,1224,HandType.Right,0.3462589979171753,-109.52924346923828,87.55645751953125,-98.49813079833984,-0.4939556121826172,-0.8598836660385132,0.12887196242809296,-41.599037170410156,-0.47440919280052185,-88.3138427734375,0.0,0.0,52.12062454223633,1,1,1,1,1,-171.93490600585938,107.01554870605469,-98.83030700683594,-164.1432342529297,90.2725830078125,-161.3658447265625,lower,50,2025-11-18T16:28:13.182557,my_hand_data\videos\lower_seq50_20251118_162809_491272.avi,89.83740328379558,360,90,HIGH,VIDEO_RECORDING,2025-11-18T16:28:13.587159
2025-11-18 16:28:13.198892,333,1224,HandType.Right,0.3472181558609009,-110.04574584960938,87.592529296875,-99.4458236694336,-0.4913623332977295,-0.861192524433136,0.13004012405872345,-46.369140625,3.2381670475006104,-85.07820892333984,0.0,0.0,52.198158264160156,1,1,1,1,1,-172.6397247314453,106.85737609863281,-99.78089141845703,-164.51370239257812,90.44710540771484,-162.498779296875,lower,50,2025-11-18T16:28:13.198892,my_hand_data\videos\lower_seq50_20251118_162809_491272.avi,89.83740328379558,360,90,HIGH,VIDEO_RECORDING,2025-11-18T16:28:13.587159
2025-11-18 16:28:13.209259,334,1224,HandType.Right,0.3475290536880493,-111.19436645507812,88.03614044189453,-101.60802459716797,-0.4882207214832306,-0.8630650043487549,0.12945793569087982,-50.48145294189453,25.024805068969727,-101.14960479736328,0.0,0.0,52.20071029663086,1,1,1,1,1,-173.99148559570312,107.07315826416016,-102.03543090820312,-165.50994873046875,91.18199920654297,-164.8718719482422,lower,50,2025-11-18T16:28:13.209259,my_hand_data\videos\lower_seq50_20251118_162809_491272.avi,89.83740328379558,360,90,HIGH,VIDEO_RECORDING,2025-11-18T16:28:13.587159
2025-11-18 16:28:13.219529,335,1224,HandType.Right,0.34694480895996094,-111.72449493408203,88.37651062011719,-102.66153717041016,-0.4879056513309479,-0.8632716536521912,0.12926769256591797,-46.74061965942383,30.009870529174805,-92.88571166992188,0.0,0.0,52.12062454223633,1,1,1,1,1,-174.5454559326172,107.21282958984375,-103.23497009277344,-165.91375732421875,91.65899658203125,-166.02178955078125,lower,50,2025-11-18T16:28:13.219529,my_hand_data\videos\lower_seq50_20251118_162809_491272.avi,89.83740328379558,360,90,HIGH,VIDEO_RECORDING,2025-11-18T16:28:13.587159
2025-11-18 16:28:13.229735,336,1224,HandType.Right,0.34694480895996094,-111.72449493408203,88.37651062011719,-102.66153717041016,-0.4879056513309479,-0.8632716536521912,0.12926769256591797,-46.74061965942383,30.009870529174805,-92.88571166992188,0.0,0.0,52.12062454223633,1,1,1,1,1,-174.5454559326172,107.21282958984375,-103.23497009277344,-165.91375732421875,91.65899658203125,-166.02178955078125,lower,50,2025-11-18T16:28:13.229735,my_hand_data\videos\lower_seq50_20251118_162809_491272.avi,89.83740328379558,360,90,HIGH,VIDEO_RECORDING,2025-11-18T16:28:13.587159
2025-11-18 16:28:13.240030,337,1224,HandType.Right,0.34374791383743286,-112.31362915039062,88.6829605102539,-103.71558380126953,-0.48706090450286865,-0.863776445388794,0.12908095121383667,-53.353973388671875,27.75310707092285,-95.45780181884766,0.0,0.0,52.08637237548828,1,1,1,1,1,-175.15036010742188,107.45846557617188,-104.38959503173828,-166.4034881591797,92.01500701904297,-167.2018585205078,lower,50,2025-11-18T16:28:13.240030,my_hand_data\videos\lower_seq50_20251118_162809_491272.avi,89.83740328379558,360,90,HIGH,VIDEO_RECORDING,2025-11-18T16:28:13.587159
2025-11-18 16:28:13.260231,338,1224,HandType.Right,0.33533143997192383,-113.37296295166016,88.98741149902344,-105.88373565673828,-0.48350298404693604,-0.865605890750885,0.1301971971988678,-49.37276077270508,10.575584411621094,-100.86115264892578,0.0,0.0,52.128028869628906,1,1,1,1,1,-176.2847900390625,107.7386474609375,-106.61162567138672,-167.3759765625,92.34495544433594,-169.5590057373047,lower,50,2025-11-18T16:28:13.260231,my_hand_data\videos\lower_seq50_20251118_162809_491272.avi,89.83740328379558,360,90,HIGH,VIDEO_RECORDING,2025-11-18T16:28:13.587159
2025-11-18 16:28:13.260231,339,1224,HandType.Right,0.33062994480133057,-113.88786315917969,89.14093780517578,-107.01644134521484,-0.4818035960197449,-0.8664568662643433,0.13083495199680328,-46.576026916503906,13.887691497802734,-102.46141052246094,0.0,0.0,52.130409240722656,1,1,1,1,1,-176.8319549560547,107.78034210205078,-107.80836486816406,-167.70851135253906,92.56669616699219,-170.88462829589844,lower,50,2025-11-18T16:28:13.260231,my_hand_data\videos\lower_seq50_20251118_162809_491272.avi,89.83740328379558,360,90,HIGH,VIDEO_RECORDING,2025-11-18T16:28:13.587159
2025-11-18 16:28:13.281242,340,1224,HandType.Right,0.3280966281890869,-114.38536834716797,89.22000885009766,-108.10380554199219,-0.4794159233570099,-0.8676237463951111,0.13186883926391602,-44.97809982299805,7.148541450500488,-98.30620574951172,0.0,0.0,52.204559326171875,1,1,1,1,1,-177.4005584716797,107.85231018066406,-108.9214096069336,-168.02944946289062,92.71648406982422,-172.18348693847656,lower,50,2025-11-18T16:28:13.281242,my_hand_data\videos\lower_seq50_20251118_162809_491272.avi,89.83740328379558,360,90,HIGH,VIDEO_RECORDING,2025-11-18T16:28:13.587159
2025-11-18 16:28:13.281242,341,1224,HandType.Right,0.3224143981933594,-115.0084228515625,89.35739135742188,-109.3176040649414,-0.4751983880996704,-0.8698685169219971,0.13234537839889526,-55.309207916259766,12.195606231689453,-107.74897003173828,0.0,0.0,52.149654388427734,1,1,1,1,1,-178.10008239746094,107.79656982421875,-110.25981140136719,-168.5959930419922,92.8273696899414,-173.51393127441406,lower,50,2025-11-18T16:28:13.281242,my_hand_data\videos\lower_seq50_20251118_162809_491272.avi,89.83740328379558,360,90,HIGH,VIDEO_RECORDING,2025-11-18T16:28:13.587159
2025-11-18 16:28:13.301651,342,1224,HandType.Right,0.320963978767395,-115.69190216064453,89.50342559814453,-110.52454376220703,-0.4694635570049286,-0.8729348182678223,0.13262268900871277,-60.986236572265625,13.030645370483398,-107.69561004638672,0.0,0.0,52.11119079589844,1,1,1,1,1,-178.92599487304688,107.84941864013672,-111.5790786743164,-169.19754028320312,92.73914337158203,-174.8060302734375,lower,50,2025-11-18T16:28:13.301651,my_hand_data\videos\lower_seq50_20251118_162809_491272.avi,89.83740328379558,360,90,HIGH,VIDEO_RECORDING,2025-11-18T16:28:13.587159
2025-11-18 16:28:13.305668,343,1224,HandType.Right,0.320963978767395,-115.69190216064453,89.50342559814453,-110.52454376220703,-0.4694635570049286,-0.8729348182678223,0.13262268900871277,-60.986236572265625,13.030645370483398,-107.69561004638672,0.0,0.0,52.11119079589844,1,1,1,1,1,-178.92599487304688,107.84941864013672,-111.5790786743164,-169.19754028320312,92.73914337158203,-174.8060302734375,lower,50,2025-11-18T16:28:13.305668,my_hand_data\videos\lower_seq50_20251118_162809_491272.avi,89.83740328379558,360,90,HIGH,VIDEO_RECORDING,2025-11-18T16:28:13.587159
2025-11-18 16:28:13.322021,344,1224,HandType.Right,0.3136752247810364,-116.9561767578125,89.80581665039062,-112.82759094238281,-0.4592167139053345,-0.8783754110336304,0.13257703185081482,-57.279869079589844,13.401830673217773,-110.27961730957031,0.0,0.0,51.91011428833008,1,1,1,1,1,-180.36300659179688,107.98030853271484,-114.23741912841797,-170.35255432128906,92.63541412353516,-177.2498016357422,lower,50,2025-11-18T16:28:13.322021,my_hand_data\videos\lower_seq50_20251118_162809_491272.avi,89.83740328379558,360,90,HIGH,VIDEO_RECORDING,2025-11-18T16:28:13.587159
2025-11-18 16:28:13.326256,345,1224,HandType.Right,0.3136752247810364,-116.9561767578125,89.80581665039062,-112.82759094238281,-0.4592167139053345,-0.8783754110336304,0.13257703185081482,-57.279869079589844,13.401830673217773,-110.27961730957031,0.0,0.0,51.91011428833008,1,1,1,1,1,-180.36300659179688,107.98030853271484,-114.23741912841797,-170.35255432128906,92.63541412353516,-177.2498016357422,lower,50,2025-11-18T16:28:13.326256,my_hand_data\videos\lower_seq50_20251118_162809_491272.avi,89.83740328379558,360,90,HIGH,VIDEO_RECORDING,2025-11-18T16:28:13.587159
2025-11-18 16:28:13.342383,346,1224,HandType.Right,0.30776405334472656,-118.37226104736328,90.2507095336914,-115.0909423828125,-0.45040929317474365,-0.8828885555267334,0.13281312584877014,-60.80241012573242,14.097098350524902,-98.00118255615234,0.0,0.0,51.7614631652832,1,1,1,1,1,-181.93707275390625,108.28323364257812,-116.71644592285156,-171.72073364257812,93.02044677734375,-179.59815979003906,lower,50,2025-11-18T16:28:13.342383,my_hand_data\videos\lower_seq50_20251118_162809_491272.avi,89.83740328379558,360,90,HIGH,VIDEO_RECORDING,2025-11-18T16:28:13.587159
2025-11-18 16:28:13.352724,347,1224,HandType.Right,0.306581974029541,-119.04129791259766,90.61540985107422,-116.31901550292969,-0.4472340941429138,-0.8845002055168152,0.1328197568655014,-60.28455352783203,32.861637115478516,-110.6574935913086,0.0,0.0,51.63587188720703,1,1,1,1,1,-182.62545776367188,108.65457916259766,-118.09512329101562,-172.3616180419922,93.313720703125,-180.84149169921875,lower,50,2025-11-18T16:28:13.352724,my_hand_data\videos\lower_seq50_20251118_162809_491272.avi,89.83740328379558,360,90,HIGH,VIDEO_RECORDING,2025-11-18T16:28:13.587159
2025-11-18 16:28:13.362894,348,1224,HandType.Right,0.30748802423477173,-119.77680206298828,90.98868560791016,-117.59001159667969,-0.4437531530857086,-0.8863974213600159,0.1318436712026596,-66.15443420410156,33.57419967651367,-114.3181381225586,0.0,0.0,51.546607971191406,1,1,1,1,1,-183.38552856445312,109.03773498535156,-119.46110534667969,-173.0472412109375,93.64827728271484,-182.11123657226562,lower,50,2025-11-18T16:28:13.362894,my_hand_data\videos\lower_seq50_20251118_162809_491272.avi,89.83740328379558,360,90,HIGH,VIDEO_RECORDING,2025-11-18T16:28:13.587159
2025-11-18 16:28:13.373366,349,1224,HandType.Right,0.30748802423477173,-119.77680206298828,90.98868560791016,-117.59001159667969,-0.4437531530857086,-0.8863974213600159,0.1318436712026596,-66.15443420410156,33.57419967651367,-114.3181381225586,0.0,0.0,51.546607971191406,1,1,1,1,1,-183.38552856445312,109.03773498535156,-119.46110534667969,-173.0472412109375,93.64827728271484,-182.11123657226562,lower,50,2025-11-18T16:28:13.373366,my_hand_data\videos\lower_seq50_20251118_162809_491272.avi,89.83740328379558,360,90,HIGH,VIDEO_RECORDING,2025-11-18T16:28:13.587159
2025-11-18 16:28:13.383497,350,1224,HandType.Right,0.30885082483291626,-120.43905639648438,91.30854797363281,-118.74024200439453,-0.441246896982193,-0.8877658843994141,0.1310456395149231,-60.111961364746094,29.033132553100586,-104.40508270263672,0.0,0.0,51.44926834106445,1,1,1,1,1,-184.01527404785156,109.45476531982422,-120.68095397949219,-173.68692016601562,93.9987564086914,-183.28005981445312,lower,50,2025-11-18T16:28:13.383497,my_hand_data\videos\lower_seq50_20251118_162809_491272.avi,89.83740328379558,360,90,HIGH,VIDEO_RECORDING,2025-11-18T16:28:13.587159
2025-11-18 16:28:13.393786,351,1224,HandType.Right,0.3122468590736389,-121.08460998535156,91.68479919433594,-119.79224395751953,-0.43851372599601746,-0.8892321586608887,0.130276158452034,-58.23676300048828,33.94295120239258,-94.90319061279297,0.0,0.0,51.35059356689453,1,1,1,1,1,-184.66546630859375,109.8380355834961,-121.7656478881836,-174.35113525390625,94.31962585449219,-184.29136657714844,lower,50,2025-11-18T16:28:13.393786,my_hand_data\videos\lower_seq50_20251118_162809_491272.avi,89.83740328379558,360,90,HIGH,VIDEO_RECORDING,2025-11-18T16:28:13.587159
2025-11-18 16:28:13.414301,352,1224,HandType.Right,0.3136860132217407,-122.28064727783203,92.56172943115234,-122.02385711669922,-0.43396860361099243,-0.8919281363487244,0.1270253211259842,-51.11235427856445,41.84233093261719,-98.56806945800781,0.0,0.0,51.201637268066406,1,1,1,1,1,-185.86715698242188,110.69808959960938,-124.01492309570312,-175.56813049316406,95.18766784667969,-186.43873596191406,lower,50,2025-11-18T16:28:13.414301,my_hand_data\videos\lower_seq50_20251118_162809_491272.avi,89.83740328379558,360,90,HIGH,VIDEO_RECORDING,2025-11-18T16:28:13.587159
2025-11-18 16:28:13.417303,353,1224,HandType.Right,0.31554102897644043,-122.77600860595703,92.96855926513672,-122.9211196899414,-0.4319421947002411,-0.893161416053772,0.12525403499603271,-44.792972564697266,36.78730010986328,-81.13359069824219,0.0,0.0,51.11531066894531,1,1,1,1,1,-186.37696838378906,111.16142272949219,-124.87919616699219,-176.1250457763672,95.59514617919922,-187.2431640625,lower,50,2025-11-18T16:28:13.417303,my_hand_data\videos\lower_seq50_20251118_162809_491272.avi,89.83740328379558,360,90,HIGH,VIDEO_RECORDING,2025-11-18T16:28:13.587159
2025-11-18 16:28:13.434460,354,1224,HandType.Right,0.31693750619888306,-123.21094512939453,93.34990692138672,-123.88134002685547,-0.43028783798217773,-0.8941166996955872,0.12412767857313156,-39.67281723022461,34.78510284423828,-87.58751678466797,0.0,0.0,51.14418029785156,1,1,1,1,1,-186.9019317626953,111.57242584228516,-125.68326568603516,-176.6388397216797,96.0305404663086,-188.16421508789062,lower,50,2025-11-18T16:28:13.434460,my_hand_data\videos\lower_seq50_20251118_162809_491272.avi,89.83740328379558,360,90,HIGH,VIDEO_RECORDING,2025-11-18T16:28:13.587159
2025-11-18 16:28:13.434460,355,1224,HandType.Right,0.31693750619888306,-123.21094512939453,93.34990692138672,-123.88134002685547,-0.43028783798217773,-0.8941166996955872,0.12412767857313156,-39.67281723022461,34.78510284423828,-87.58751678466797,0.0,0.0,51.14418029785156,1,1,1,1,1,-186.9019317626953,111.57242584228516,-125.68326568603516,-176.6388397216797,96.0305404663086,-188.16421508789062,lower,50,2025-11-18T16:28:13.434460,my_hand_data\videos\lower_seq50_20251118_162809_491272.avi,89.83740328379558,360,90,HIGH,VIDEO_RECORDING,2025-11-18T16:28:13.587159
2025-11-18 16:28:13.454583,356,1224,HandType.Right,0.31878662109375,-124.05842590332031,94.13562774658203,-125.49491119384766,-0.4286121726036072,-0.8953807353973389,0.12076813727617264,-37.00402069091797,33.545536041259766,-75.07391357421875,0.0,0.0,51.113525390625,1,1,1,1,1,-187.7781219482422,112.4718246459961,-127.05403900146484,-177.5542755126953,97.2561264038086,-189.66705322265625,lower,50,2025-11-18T16:28:13.454583,my_hand_data\videos\lower_seq50_20251118_162809_491272.avi,89.83740328379558,360,90,HIGH,VIDEO_RECORDING,2025-11-18T16:28:13.587159
2025-11-18 16:28:13.464754,357,1224,HandType.Right,0.3167058229446411,-124.38186645507812,94.4157485961914,-126.2556381225586,-0.42800724506378174,-0.8958463668823242,0.1194533184170723,-28.943084716796875,25.067209243774414,-68.07379150390625,0.0,0.0,51.13220977783203,1,1,1,1,1,-188.07659912109375,112.96134948730469,-127.724853515625,-177.9320831298828,97.76549530029297,-190.4685821533203,lower,50,2025-11-18T16:28:13.464754,my_hand_data\videos\lower_seq50_20251118_162809_491272.avi,89.83740328379558,360,90,HIGH,VIDEO_RECORDING,2025-11-18T16:28:13.587159
2025-11-18 16:28:13.474998,358,1224,HandType.Right,0.3167058229446411,-124.38186645507812,94.4157485961914,-126.2556381225586,-0.42800724506378174,-0.8958463668823242,0.1194533184170723,-28.943084716796875,25.067209243774414,-68.07379150390625,0.0,0.0,51.13220977783203,1,1,1,1,1,-188.07659912109375,112.96134948730469,-127.724853515625,-177.9320831298828,97.76549530029297,-190.4685821533203,lower,50,2025-11-18T16:28:13.474998,my_hand_data\videos\lower_seq50_20251118_162809_491272.avi,89.83740328379558,360,90,HIGH,VIDEO_RECORDING,2025-11-18T16:28:13.587159
2025-11-18 16:28:13.485093,359,1224,HandType.Right,0.31522178649902344,-124.943603515625,94.9725112915039,-127.59135437011719,-0.42854297161102295,-0.8959201574325562,0.11695314198732376,-25.26820182800293,25.136377334594727,-65.82962036132812,0.0,0.0,51.14646530151367,1,1,1,1,1,-188.62002563476562,113.66581726074219,-128.95912170410156,-178.55072021484375,98.63346099853516,-191.8653564453125,lower,50,2025-11-18T16:28:13.485093,my_hand_data\videos\lower_seq50_20251118_162809_491272.avi,89.83740328379558,360,90,HIGH,VIDEO_RECORDING,2025-11-18T16:28:13.587159
2025-11-18 16:28:13.495382,360,1224,HandType.Right,0.31522178649902344,-124.943603515625,94.9725112915039,-127.59135437011719,-0.42854297161102295,-0.8959201574325562,0.11695314198732376,-25.26820182800293,25.136377334594727,-65.82962036132812,0.0,0.0,51.14646530151367,1,1,1,1,1,-188.62002563476562,113.66581726074219,-128.95912170410156,-178.55072021484375,98.63346099853516,-191.8653564453125,lower,50,2025-11-18T16:28:13.495382,my_hand_data\videos\lower_seq50_20251118_162809_491272.avi,89.83740328379558,360,90,HIGH,VIDEO_RECORDING,2025-11-18T16:28:13.587159
