timestamp,frame_id,hand_id,hand_type,confidence,palm_x,palm_y,palm_z,palm_normal_x,palm_normal_y,palm_normal_z,palm_velocity_x,palm_velocity_y,palm_velocity_z,grab_strength,pinch_strength,pinch_distance,thumb_extended,index_extended,middle_extended,ring_extended,pinky_extended,thumb_tip_x,thumb_tip_y,thumb_tip_z,index_tip_x,index_tip_y,index_tip_z,gesture_type,sequence_id,recording_timestamp,video_file_path,performance_actual_fps,performance_total_frames,performance_target_fps,performance_quality,performance_mode,video_recording_time
2025-11-18 16:26:54.930158,1,1218,HandType.Left,0.6119602918624878,46.736541748046875,420.4938049316406,57.146183013916016,0.5104221105575562,-0.18087433278560638,0.8406865000724792,-19.502395629882812,-16.922592163085938,-26.210819244384766,1.0,1.0,16.405414581298828,0,0,0,0,0,82.79800415039062,444.9732360839844,87.22073364257812,80.08456420898438,429.0773620605469,84.11048126220703,lower,41,2025-11-18T16:26:54.930158,my_hand_data\videos\lower_seq41_20251118_162654_914194.avi,89.79928960779824,360,90,HIGH,VIDEO_RECORDING,2025-11-18T16:26:58.982298
2025-11-18 16:26:54.950264,2,1218,HandType.Left,0.6151392459869385,46.30287551879883,419.8763732910156,56.55995559692383,0.5114369988441467,-0.17868973314762115,0.8405368328094482,-17.773881912231445,-33.48151397705078,-25.00853157043457,1.0,1.0,15.731529235839844,0,0,0,0,0,82.40526580810547,443.75469970703125,86.5064926147461,79.76834869384766,428.5098876953125,83.5512924194336,lower,41,2025-11-18T16:26:54.950264,my_hand_data\videos\lower_seq41_20251118_162654_914194.avi,89.79928960779824,360,90,HIGH,VIDEO_RECORDING,2025-11-18T16:26:58.982298
2025-11-18 16:26:54.950264,3,1218,HandType.Left,0.6151392459869385,46.30287551879883,419.8763732910156,56.55995559692383,0.5114369988441467,-0.17868973314762115,0.8405368328094482,-17.773881912231445,-33.48151397705078,-25.00853157043457,1.0,1.0,15.731529235839844,0,0,0,0,0,82.40526580810547,443.75469970703125,86.5064926147461,79.76834869384766,428.5098876953125,83.5512924194336,lower,41,2025-11-18T16:26:54.950264,my_hand_data\videos\lower_seq41_20251118_162654_914194.avi,89.79928960779824,360,90,HIGH,VIDEO_RECORDING,2025-11-18T16:26:58.982298
2025-11-18 16:26:54.970765,4,1218,HandType.Left,0.6172101497650146,46.07768249511719,419.353759765625,56.26662826538086,0.5117669701576233,-0.1779906153678894,0.8404843211174011,-20.22931671142578,-46.94635772705078,-26.34974479675293,1.0,1.0,15.320990562438965,0,0,0,0,0,82.23613739013672,442.8108825683594,86.18022155761719,79.62821197509766,427.9845886230469,83.24065399169922,lower,41,2025-11-18T16:26:54.970765,my_hand_data\videos\lower_seq41_20251118_162654_914194.avi,89.79928960779824,360,90,HIGH,VIDEO_RECORDING,2025-11-18T16:26:58.982298
2025-11-18 16:26:54.970765,5,1218,HandType.Left,0.618361234664917,45.871490478515625,418.7662658691406,55.99856185913086,0.5118040442466736,-0.17717279493808746,0.8406345248222351,-18.566024780273438,-52.89986038208008,-24.137218475341797,1.0,1.0,14.795710563659668,0,0,0,0,0,82.14472961425781,441.7194519042969,85.79998016357422,79.65548706054688,427.4009704589844,82.95388793945312,lower,41,2025-11-18T16:26:54.970765,my_hand_data\videos\lower_seq41_20251118_162654_914194.avi,89.79928960779824,360,90,HIGH,VIDEO_RECORDING,2025-11-18T16:26:58.982298
2025-11-18 16:26:54.991307,6,1218,HandType.Left,0.619731605052948,45.707550048828125,418.1080017089844,55.734130859375,0.5119553208351135,-0.1754957139492035,0.8408941626548767,-14.565787315368652,-58.4841194152832,-23.494571685791016,1.0,1.0,14.511284828186035,0,0,0,0,0,82.07731628417969,440.7655029296875,85.53044128417969,79.5133285522461,426.74749755859375,82.68650817871094,lower,41,2025-11-18T16:26:54.991307,my_hand_data\videos\lower_seq41_20251118_162654_914194.avi,89.79928960779824,360,90,HIGH,VIDEO_RECORDING,2025-11-18T16:26:58.982298
2025-11-18 16:26:54.997141,7,1218,HandType.Left,0.620800793170929,45.59638214111328,417.43499755859375,55.49517059326172,0.5115911364555359,-0.17539705336093903,0.8411363363265991,-10.169118881225586,-61.562774658203125,-21.858810424804688,1.0,1.0,14.32794189453125,0,0,0,0,0,82.06132507324219,439.8969421386719,85.28106689453125,79.46974182128906,426.0656433105469,82.45881652832031,lower,41,2025-11-18T16:26:54.997141,my_hand_data\videos\lower_seq41_20251118_162654_914194.avi,89.79928960779824,360,90,HIGH,VIDEO_RECORDING,2025-11-18T16:26:58.982298
2025-11-18 16:26:55.011844,8,1218,HandType.Left,0.6222373843193054,45.515682220458984,416.7722473144531,55.21064376831055,0.5116211771965027,-0.175432026386261,0.8411107659339905,-7.275720596313477,-59.75084686279297,-25.651628494262695,1.0,1.0,14.290145874023438,0,0,0,0,0,81.98809814453125,439.2077331542969,84.96710968017578,79.40101623535156,425.3934326171875,82.2256088256836,lower,41,2025-11-18T16:26:55.011844,my_hand_data\videos\lower_seq41_20251118_162654_914194.avi,89.79928960779824,360,90,HIGH,VIDEO_RECORDING,2025-11-18T16:26:58.982298
2025-11-18 16:26:55.021924,9,1218,HandType.Left,0.6217573881149292,45.40904998779297,416.1264953613281,54.90949630737305,0.5115314722061157,-0.1756451278924942,0.8411208987236023,-9.443056106567383,-57.18749237060547,-26.669023513793945,1.0,1.0,14.400285720825195,0,0,0,0,0,81.91824340820312,438.6256103515625,84.8037338256836,79.27920532226562,424.7330627441406,81.95040130615234,lower,41,2025-11-18T16:26:55.021924,my_hand_data\videos\lower_seq41_20251118_162654_914194.avi,89.79928960779824,360,90,HIGH,VIDEO_RECORDING,2025-11-18T16:26:58.982298
2025-11-18 16:26:55.031996,10,1218,HandType.Left,0.6222246289253235,45.32002258300781,415.3592224121094,54.51061248779297,0.511249840259552,-0.17603854835033417,0.841209888458252,-8.121556282043457,-69.9932632446289,-36.38790512084961,1.0,1.0,14.423155784606934,0,0,0,0,0,81.84154510498047,437.8607482910156,84.3309326171875,78.95651245117188,423.9347229003906,81.60958862304688,lower,41,2025-11-18T16:26:55.031996,my_hand_data\videos\lower_seq41_20251118_162654_914194.avi,89.79928960779824,360,90,HIGH,VIDEO_RECORDING,2025-11-18T16:26:58.982298
2025-11-18 16:26:55.042014,11,1218,HandType.Left,0.6207561492919922,45.172454833984375,414.5715026855469,54.15442657470703,0.5112074613571167,-0.17598621547222137,0.8412465453147888,-13.225251197814941,-70.59690856933594,-31.921974182128906,1.0,1.0,14.47658920288086,0,0,0,0,0,81.69637298583984,437.1298522949219,84.06767272949219,78.80325317382812,423.1847229003906,81.22831726074219,lower,41,2025-11-18T16:26:55.042014,my_hand_data\videos\lower_seq41_20251118_162654_914194.avi,89.79928960779824,360,90,HIGH,VIDEO_RECORDING,2025-11-18T16:26:58.982298
2025-11-18 16:26:55.052138,12,1218,HandType.Left,0.6207561492919922,45.172454833984375,414.5715026855469,54.15442657470703,0.5112074613571167,-0.17598621547222137,0.8412465453147888,-13.225251197814941,-70.59690856933594,-31.921974182128906,1.0,1.0,14.47658920288086,0,0,0,0,0,81.69637298583984,437.1298522949219,84.06767272949219,78.80325317382812,423.1847229003906,81.22831726074219,lower,41,2025-11-18T16:26:55.052138,my_hand_data\videos\lower_seq41_20251118_162654_914194.avi,89.79928960779824,360,90,HIGH,VIDEO_RECORDING,2025-11-18T16:26:58.982298
2025-11-18 16:26:55.062557,13,1218,HandType.Left,0.6227166056632996,44.847084045410156,413.2184753417969,53.2917594909668,0.5110625624656677,-0.17709815502166748,0.8411012887954712,-20.585067749023438,-67.66989135742188,-37.49834442138672,1.0,1.0,14.865667343139648,0,0,0,0,0,81.3082504272461,436.1559753417969,82.93877410888672,77.97290802001953,421.75592041015625,80.43977355957031,lower,41,2025-11-18T16:26:55.062557,my_hand_data\videos\lower_seq41_20251118_162654_914194.avi,89.79928960779824,360,90,HIGH,VIDEO_RECORDING,2025-11-18T16:26:58.982298
2025-11-18 16:26:55.083020,14,1218,HandType.Left,0.62283855676651,44.5874137878418,412.46319580078125,52.864219665527344,0.5108789205551147,-0.17764240503311157,0.8410980701446533,-22.73219108581543,-66.11808776855469,-37.42814636230469,1.0,1.0,14.933820724487305,0,0,0,0,0,81.0452880859375,435.46612548828125,82.2890853881836,77.55233001708984,420.9446105957031,80.03873443603516,lower,41,2025-11-18T16:26:55.083020,my_hand_data\videos\lower_seq41_20251118_162654_914194.avi,89.79928960779824,360,90,HIGH,VIDEO_RECORDING,2025-11-18T16:26:58.982298
2025-11-18 16:26:55.083020,15,1218,HandType.Left,0.6233094930648804,44.21240997314453,411.7142333984375,52.499977111816406,0.5104946494102478,-0.17848390340805054,0.8411532044410706,-34.032718658447266,-67.97062683105469,-33.05588912963867,1.0,1.0,14.84824275970459,0,0,0,0,0,80.66646575927734,434.61407470703125,81.75859069824219,77.12857818603516,420.1424255371094,79.6967544555664,lower,41,2025-11-18T16:26:55.083020,my_hand_data\videos\lower_seq41_20251118_162654_914194.avi,89.79928960779824,360,90,HIGH,VIDEO_RECORDING,2025-11-18T16:26:58.982298
2025-11-18 16:26:55.103564,16,1218,HandType.Left,0.6228405237197876,43.80476760864258,410.9620666503906,52.13853073120117,0.5105404257774353,-0.17890913784503937,0.8410350680351257,-36.99452209472656,-68.25994873046875,-32.80203628540039,1.0,1.0,15.012407302856445,0,0,0,0,0,80.25133514404297,434.0429992675781,81.29603576660156,76.5746078491211,419.3868713378906,79.33770751953125,lower,41,2025-11-18T16:26:55.103564,my_hand_data\videos\lower_seq41_20251118_162654_914194.avi,89.79928960779824,360,90,HIGH,VIDEO_RECORDING,2025-11-18T16:26:58.982298
2025-11-18 16:26:55.103564,17,1218,HandType.Left,0.6226567029953003,43.342010498046875,410.0002136230469,51.69845962524414,0.5109652876853943,-0.17992734909057617,0.840559720993042,-41.7424201965332,-86.76447296142578,-39.69596862792969,1.0,1.0,15.174015045166016,0,0,0,0,0,79.82310485839844,433.2625732421875,80.78204345703125,76.06632232666016,418.4276123046875,78.90593719482422,lower,41,2025-11-18T16:26:55.103564,my_hand_data\videos\lower_seq41_20251118_162654_914194.avi,89.79928960779824,360,90,HIGH,VIDEO_RECORDING,2025-11-18T16:26:58.982298
2025-11-18 16:26:55.123768,18,1218,HandType.Left,0.6227591037750244,42.860015869140625,409.0354309082031,51.312095642089844,0.5110766291618347,-0.18039318919181824,0.8403921127319336,-43.0774040222168,-86.2245864868164,-34.53068161010742,1.0,1.0,15.161334037780762,0,0,0,0,0,79.3619613647461,432.3177490234375,80.30903625488281,75.60124969482422,417.48016357421875,78.51561737060547,lower,41,2025-11-18T16:26:55.123768,my_hand_data\videos\lower_seq41_20251118_162654_914194.avi,89.79928960779824,360,90,HIGH,VIDEO_RECORDING,2025-11-18T16:26:58.982298
2025-11-18 16:26:55.133933,19,1218,HandType.Left,0.6217005848884583,42.42122268676758,407.9940490722656,50.90557098388672,0.5111873745918274,-0.18068784475326538,0.8402615189552307,-39.62010955810547,-94.03215026855469,-36.70650863647461,1.0,1.0,15.310952186584473,0,0,0,0,0,78.95111846923828,431.44775390625,79.90644073486328,75.3055648803711,416.45758056640625,78.0820541381836,lower,41,2025-11-18T16:26:55.133933,my_hand_data\videos\lower_seq41_20251118_162654_914194.avi,89.79928960779824,360,90,HIGH,VIDEO_RECORDING,2025-11-18T16:26:58.982298
2025-11-18 16:26:55.144096,20,1218,HandType.Left,0.6224759817123413,42.04241943359375,406.8693542480469,50.512351989746094,0.5114765763282776,-0.1805657297372818,0.8401117324829102,-34.13896560668945,-101.35969543457031,-35.438232421875,1.0,1.0,15.36583423614502,0,0,0,0,0,78.60574340820312,430.4077453613281,79.49159240722656,74.96836853027344,415.36712646484375,77.66436767578125,lower,41,2025-11-18T16:26:55.144096,my_hand_data\videos\lower_seq41_20251118_162654_914194.avi,89.79928960779824,360,90,HIGH,VIDEO_RECORDING,2025-11-18T16:26:58.982298
2025-11-18 16:26:55.154312,21,1218,HandType.Left,0.6234145164489746,41.693904876708984,405.66156005859375,50.0963134765625,0.512052059173584,-0.17954301834106445,0.8399803638458252,-31.344066619873047,-108.62407684326172,-37.41688537597656,1.0,1.0,15.342360496520996,0,0,0,0,0,78.37275695800781,429.2091064453125,79.121337890625,74.82965850830078,414.214111328125,77.20331573486328,lower,41,2025-11-18T16:26:55.154312,my_hand_data\videos\lower_seq41_20251118_162654_914194.avi,89.79928960779824,360,90,HIGH,VIDEO_RECORDING,2025-11-18T16:26:58.982298
2025-11-18 16:26:55.163830,22,1218,HandType.Left,0.6252318620681763,41.3239631652832,404.4732360839844,49.688289642333984,0.5125390291213989,-0.17791737616062164,0.840029239654541,-33.25297927856445,-106.81472778320312,-36.6761474609375,1.0,1.0,15.042725563049316,0,0,0,0,0,78.149169921875,427.78375244140625,78.7781753540039,74.77149963378906,413.1200256347656,76.74305725097656,lower,41,2025-11-18T16:26:55.163830,my_hand_data\videos\lower_seq41_20251118_162654_914194.avi,89.79928960779824,360,90,HIGH,VIDEO_RECORDING,2025-11-18T16:26:58.982298
2025-11-18 16:26:55.173848,23,1218,HandType.Left,0.6260148286819458,40.98118591308594,403.3432922363281,49.325599670410156,0.5128599405288696,-0.17666828632354736,0.8400970101356506,-29.94217872619629,-98.70301055908203,-31.681659698486328,1.0,1.0,14.897931098937988,0,0,0,0,0,77.8509750366211,426.5459289550781,78.46976470947266,74.65760040283203,412.043701171875,76.32544708251953,lower,41,2025-11-18T16:26:55.173848,my_hand_data\videos\lower_seq41_20251118_162654_914194.avi,89.79928960779824,360,90,HIGH,VIDEO_RECORDING,2025-11-18T16:26:58.982298
2025-11-18 16:26:55.194263,24,1218,HandType.Left,0.626585066318512,40.22454071044922,401.1325988769531,48.78700256347656,0.5146307945251465,-0.17299772799015045,0.8397778868675232,-34.062992095947266,-94.89302062988281,-24.082509994506836,1.0,1.0,14.17795181274414,0,0,0,0,0,77.24115753173828,423.62811279296875,78.07366180419922,74.2599868774414,409.9273986816406,75.64820861816406,lower,41,2025-11-18T16:26:55.194263,my_hand_data\videos\lower_seq41_20251118_162654_914194.avi,89.79928960779824,360,90,HIGH,VIDEO_RECORDING,2025-11-18T16:26:58.982298
2025-11-18 16:26:55.194263,25,1218,HandType.Left,0.626585066318512,40.22454071044922,401.1325988769531,48.78700256347656,0.5146307945251465,-0.17299772799015045,0.8397778868675232,-34.062992095947266,-94.89302062988281,-24.082509994506836,1.0,1.0,14.17795181274414,0,0,0,0,0,77.24115753173828,423.62811279296875,78.07366180419922,74.2599868774414,409.9273986816406,75.64820861816406,lower,41,2025-11-18T16:26:55.194263,my_hand_data\videos\lower_seq41_20251118_162654_914194.avi,89.79928960779824,360,90,HIGH,VIDEO_RECORDING,2025-11-18T16:26:58.982298
2025-11-18 16:26:55.214413,26,1218,HandType.Left,0.6277565956115723,39.77671432495117,400.1539306640625,48.54594802856445,0.5153434872627258,-0.17116869986057281,0.8397156596183777,-39.37973403930664,-86.06137084960938,-21.197479248046875,1.0,1.0,13.6508150100708,0,0,0,0,0,76.87174224853516,422.0967712402344,78.06178283691406,73.96324157714844,409.0142822265625,75.34192657470703,lower,41,2025-11-18T16:26:55.214413,my_hand_data\videos\lower_seq41_20251118_162654_914194.avi,89.79928960779824,360,90,HIGH,VIDEO_RECORDING,2025-11-18T16:26:58.982298
2025-11-18 16:26:55.214413,27,1218,HandType.Left,0.6285120248794556,39.23431396484375,399.22064208984375,48.375022888183594,0.5155094861984253,-0.1688389629125595,0.8400853276252747,-49.64311599731445,-85.41922760009766,-15.64368724822998,1.0,1.0,12.892312049865723,0,0,0,0,0,76.38129425048828,420.3918151855469,77.99842834472656,73.53815460205078,408.1522216796875,75.08964538574219,lower,41,2025-11-18T16:26:55.214413,my_hand_data\videos\lower_seq41_20251118_162654_914194.avi,89.79928960779824,360,90,HIGH,VIDEO_RECORDING,2025-11-18T16:26:58.982298
2025-11-18 16:26:55.235359,28,1218,HandType.Left,0.6309020519256592,38.82215881347656,398.2566833496094,48.182395935058594,0.5155890583992004,-0.1674502044916153,0.8403144478797913,-37.47518539428711,-87.6465072631836,-17.514904022216797,1.0,1.0,12.384500503540039,0,0,0,0,0,75.9968032836914,418.8680114746094,77.93720245361328,73.11161041259766,407.2115783691406,74.8961181640625,lower,41,2025-11-18T16:26:55.235359,my_hand_data\videos\lower_seq41_20251118_162654_914194.avi,89.79928960779824,360,90,HIGH,VIDEO_RECORDING,2025-11-18T16:26:58.982298
2025-11-18 16:26:55.240763,29,1218,HandType.Left,0.6304214000701904,38.41627502441406,397.3441162109375,48.018089294433594,0.5158552527427673,-0.16568410396575928,0.8405011296272278,-35.93802261352539,-80.80110168457031,-14.547991752624512,1.0,1.0,12.213510513305664,0,0,0,0,0,75.65269470214844,417.7279968261719,78.16252136230469,72.71703338623047,406.4180603027344,74.65167999267578,lower,41,2025-11-18T16:26:55.240763,my_hand_data\videos\lower_seq41_20251118_162654_914194.avi,89.79928960779824,360,90,HIGH,VIDEO_RECORDING,2025-11-18T16:26:58.982298
2025-11-18 16:26:55.255908,30,1218,HandType.Left,0.6289340853691101,38.06150436401367,396.54248046875,47.893245697021484,0.5156345963478088,-0.16378691792488098,0.8410082459449768,-31.704404830932617,-71.63924407958984,-11.156837463378906,1.0,1.0,12.10254955291748,0,0,0,0,0,75.29117584228516,416.8774108886719,78.1852035522461,72.30923461914062,405.76873779296875,74.46891784667969,lower,41,2025-11-18T16:26:55.255908,my_hand_data\videos\lower_seq41_20251118_162654_914194.avi,89.79928960779824,360,90,HIGH,VIDEO_RECORDING,2025-11-18T16:26:58.982298
2025-11-18 16:26:55.266223,31,1218,HandType.Left,0.6300082802772522,37.802146911621094,395.89532470703125,47.72826385498047,0.5153862833976746,-0.162859246134758,0.8413404822349548,-23.49024200439453,-58.613338470458984,-14.942654609680176,1.0,1.0,12.270574569702148,0,0,0,0,0,75.00694274902344,416.24029541015625,78.1357421875,71.44161987304688,405.1227111816406,74.32826232910156,lower,41,2025-11-18T16:26:55.266223,my_hand_data\videos\lower_seq41_20251118_162654_914194.avi,89.79928960779824,360,90,HIGH,VIDEO_RECORDING,2025-11-18T16:26:58.982298
2025-11-18 16:26:55.276507,32,1218,HandType.Left,0.6297858953475952,37.532684326171875,395.3479919433594,47.595516204833984,0.5151486396789551,-0.1615091860294342,0.8417462110519409,-24.289154052734375,-49.3380126953125,-11.965723991394043,1.0,1.0,12.373631477355957,0,0,0,0,0,74.68460083007812,415.73602294921875,78.06853485107422,70.85038757324219,404.5987854003906,74.19598388671875,lower,41,2025-11-18T16:26:55.276507,my_hand_data\videos\lower_seq41_20251118_162654_914194.avi,89.79928960779824,360,90,HIGH,VIDEO_RECORDING,2025-11-18T16:26:58.982298
2025-11-18 16:26:55.286543,33,1218,HandType.Left,0.6304892897605896,37.24494934082031,394.8114929199219,47.46518325805664,0.5143867135047913,-0.16041328012943268,0.8424214124679565,-25.0552978515625,-46.715171813964844,-11.348882675170898,1.0,1.0,12.433484077453613,0,0,0,0,0,74.34485626220703,415.23370361328125,77.90174865722656,70.28873443603516,404.0589904785156,74.09343719482422,lower,41,2025-11-18T16:26:55.286543,my_hand_data\videos\lower_seq41_20251118_162654_914194.avi,89.79928960779824,360,90,HIGH,VIDEO_RECORDING,2025-11-18T16:26:58.982298
2025-11-18 16:26:55.296773,34,1218,HandType.Left,0.631646990776062,36.97134017944336,394.2764587402344,47.32731628417969,0.5134069919586182,-0.16124175488948822,0.8428608179092407,-25.115583419799805,-49.113067626953125,-12.655268669128418,1.0,1.0,12.41718578338623,0,0,0,0,0,74.04438781738281,414.75543212890625,77.50945281982422,69.95756530761719,403.4869689941406,73.99324035644531,lower,41,2025-11-18T16:26:55.296773,my_hand_data\videos\lower_seq41_20251118_162654_914194.avi,89.79928960779824,360,90,HIGH,VIDEO_RECORDING,2025-11-18T16:26:58.982298
2025-11-18 16:26:55.306817,35,1218,HandType.Left,0.6339572072029114,36.68598556518555,393.7572021484375,47.261383056640625,0.5126746296882629,-0.16107480227947235,0.8433383703231812,-26.389881134033203,-48.022274017333984,-6.097896099090576,1.0,1.0,12.383426666259766,0,0,0,0,0,73.72239685058594,414.2662353515625,77.41221618652344,69.674072265625,402.9936828613281,73.9819107055664,lower,41,2025-11-18T16:26:55.306817,my_hand_data\videos\lower_seq41_20251118_162654_914194.avi,89.79928960779824,360,90,HIGH,VIDEO_RECORDING,2025-11-18T16:26:58.982298
2025-11-18 16:26:55.326974,36,1218,HandType.Left,0.6326373219490051,35.88405227661133,392.6469421386719,47.11252975463867,0.5112850069999695,-0.16095198690891266,0.8442050218582153,-39.391971588134766,-50.88613510131836,-6.308330059051514,1.0,1.0,12.39784049987793,0,0,0,0,0,72.82626342773438,413.28448486328125,76.9944076538086,68.80577087402344,401.869140625,73.87943267822266,lower,41,2025-11-18T16:26:55.326974,my_hand_data\videos\lower_seq41_20251118_162654_914194.avi,89.79928960779824,360,90,HIGH,VIDEO_RECORDING,2025-11-18T16:26:58.982298
2025-11-18 16:26:55.331840,37,1218,HandType.Left,0.6326373219490051,35.88405227661133,392.6469421386719,47.11252975463867,0.5112850069999695,-0.16095198690891266,0.8442050218582153,-39.391971588134766,-50.88613510131836,-6.308330059051514,1.0,1.0,12.39784049987793,0,0,0,0,0,72.82626342773438,413.28448486328125,76.9944076538086,68.80577087402344,401.869140625,73.87943267822266,lower,41,2025-11-18T16:26:55.331840,my_hand_data\videos\lower_seq41_20251118_162654_914194.avi,89.79928960779824,360,90,HIGH,VIDEO_RECORDING,2025-11-18T16:26:58.982298
2025-11-18 16:26:55.347366,38,1218,HandType.Left,0.6341258883476257,35.35322189331055,391.7273254394531,46.84908676147461,0.511013388633728,-0.16090010106563568,0.8443793654441833,-46.51095962524414,-80.57808685302734,-23.082780838012695,1.0,1.0,12.576985359191895,0,0,0,0,0,72.28125762939453,412.57220458984375,76.78756713867188,68.29117584228516,400.9691467285156,73.63529205322266,lower,41,2025-11-18T16:26:55.347366,my_hand_data\videos\lower_seq41_20251118_162654_914194.avi,89.79928960779824,360,90,HIGH,VIDEO_RECORDING,2025-11-18T16:26:58.982298
2025-11-18 16:26:55.347366,39,1218,HandType.Left,0.6349785327911377,34.817928314208984,390.6965026855469,46.49538803100586,0.5109585523605347,-0.16034385561943054,0.8445183038711548,-48.99283218383789,-94.34392547607422,-32.37212371826172,1.0,1.0,12.538537979125977,0,0,0,0,0,71.74372863769531,411.563720703125,76.54269409179688,67.82731628417969,400.02996826171875,73.27479553222656,lower,41,2025-11-18T16:26:55.347366,my_hand_data\videos\lower_seq41_20251118_162654_914194.avi,89.79928960779824,360,90,HIGH,VIDEO_RECORDING,2025-11-18T16:26:58.982298
2025-11-18 16:26:55.368072,40,1218,HandType.Left,0.6353179812431335,34.39228820800781,389.7508850097656,46.149864196777344,0.5107054114341736,-0.15930712223052979,0.8448675870895386,-37.73057174682617,-83.8259506225586,-30.628681182861328,1.0,1.0,12.545035362243652,0,0,0,0,0,71.33714294433594,410.654296875,76.21167755126953,67.465087890625,399.1054382324219,72.93708038330078,lower,41,2025-11-18T16:26:55.368072,my_hand_data\videos\lower_seq41_20251118_162654_914194.avi,89.79928960779824,360,90,HIGH,VIDEO_RECORDING,2025-11-18T16:26:58.982298
2025-11-18 16:26:55.378146,41,1218,HandType.Left,0.6355589032173157,34.00648880004883,388.7073059082031,45.77790451049805,0.510506272315979,-0.15850701928138733,0.8451383709907532,-34.57597732543945,-93.5278549194336,-33.335853576660156,1.0,1.0,12.503652572631836,0,0,0,0,0,70.98637390136719,409.6427001953125,75.77350616455078,67.1611328125,398.1014709472656,72.56985473632812,lower,41,2025-11-18T16:26:55.378146,my_hand_data\videos\lower_seq41_20251118_162654_914194.avi,89.79928960779824,360,90,HIGH,VIDEO_RECORDING,2025-11-18T16:26:58.982298
2025-11-18 16:26:55.388520,42,1218,HandType.Left,0.6372601985931396,33.70853805541992,387.8850402832031,45.42020797729492,0.5101879835128784,-0.1577577292919159,0.8454707264900208,-27.066856384277344,-74.69515991210938,-32.49409103393555,1.0,1.0,12.43865966796875,0,0,0,0,0,70.78412628173828,408.769287109375,75.3934555053711,66.95719909667969,397.2913513183594,72.2130126953125,lower,41,2025-11-18T16:26:55.388520,my_hand_data\videos\lower_seq41_20251118_162654_914194.avi,89.79928960779824,360,90,HIGH,VIDEO_RECORDING,2025-11-18T16:26:58.982298
2025-11-18 16:26:55.398651,43,1218,HandType.Left,0.6360632181167603,33.409637451171875,387.0794982910156,45.09326171875,0.5098876357078552,-0.1577024757862091,0.8456621766090393,-26.500499725341797,-71.41998291015625,-28.987165451049805,1.0,1.0,12.342522621154785,0,0,0,0,0,70.50434112548828,407.9111328125,75.03850555419922,66.88323974609375,396.4851379394531,71.87648010253906,lower,41,2025-11-18T16:26:55.398651,my_hand_data\videos\lower_seq41_20251118_162654_914194.avi,89.79928960779824,360,90,HIGH,VIDEO_RECORDING,2025-11-18T16:26:58.982298
2025-11-18 16:26:55.409007,44,1218,HandType.Left,0.6356642246246338,33.266845703125,386.3423156738281,44.755130767822266,0.5095500946044922,-0.15709495544433594,0.8459786772727966,-13.123061180114746,-67.75048065185547,-31.075529098510742,1.0,1.0,12.458148002624512,0,0,0,0,0,70.39452362060547,407.2793273925781,74.74039459228516,66.64657592773438,395.77301025390625,71.52315521240234,lower,41,2025-11-18T16:26:55.409007,my_hand_data\videos\lower_seq41_20251118_162654_914194.avi,89.79928960779824,360,90,HIGH,VIDEO_RECORDING,2025-11-18T16:26:58.982298
2025-11-18 16:26:55.419401,45,1218,HandType.Left,0.6354503035545349,33.130287170410156,385.65008544921875,44.45209884643555,0.5093404054641724,-0.15636619925498962,0.8462399244308472,-12.171212196350098,-61.69565963745117,-27.00802230834961,1.0,1.0,12.538469314575195,0,0,0,0,0,70.26070404052734,406.6637268066406,74.512939453125,66.45333862304688,395.1104431152344,71.2187728881836,lower,41,2025-11-18T16:26:55.419401,my_hand_data\videos\lower_seq41_20251118_162654_914194.avi,89.79928960779824,360,90,HIGH,VIDEO_RECORDING,2025-11-18T16:26:58.982298
2025-11-18 16:26:55.429876,46,1218,HandType.Left,0.6360458731651306,33.010719299316406,385.0302734375,44.18345260620117,0.5090941786766052,-0.15588052570819855,0.8464776277542114,-10.672677993774414,-55.32496643066406,-23.979843139648438,1.0,1.0,12.720447540283203,0,0,0,0,0,70.16323852539062,406.1906433105469,74.31173706054688,66.19580078125,394.4949035644531,70.96601867675781,lower,41,2025-11-18T16:26:55.429876,my_hand_data\videos\lower_seq41_20251118_162654_914194.avi,89.79928960779824,360,90,HIGH,VIDEO_RECORDING,2025-11-18T16:26:58.982298
2025-11-18 16:26:55.450237,47,1218,HandType.Left,0.637628972530365,32.49818801879883,383.4830627441406,43.734012603759766,0.508585512638092,-0.15546759963035583,0.8468592762947083,-22.16936492919922,-66.62996673583984,-17.723276138305664,1.0,1.0,12.797408103942871,0,0,0,0,0,69.6921615600586,404.62335205078125,73.84809875488281,65.36677551269531,392.9058837890625,70.5794448852539,lower,41,2025-11-18T16:26:55.450237,my_hand_data\videos\lower_seq41_20251118_162654_914194.avi,89.79928960779824,360,90,HIGH,VIDEO_RECORDING,2025-11-18T16:26:58.982298
2025-11-18 16:26:55.450237,48,1218,HandType.Left,0.637628972530365,32.49818801879883,383.4830627441406,43.734012603759766,0.508585512638092,-0.15546759963035583,0.8468592762947083,-22.16936492919922,-66.62996673583984,-17.723276138305664,1.0,1.0,12.797408103942871,0,0,0,0,0,69.6921615600586,404.62335205078125,73.84809875488281,65.36677551269531,392.9058837890625,70.5794448852539,lower,41,2025-11-18T16:26:55.450237,my_hand_data\videos\lower_seq41_20251118_162654_914194.avi,89.79928960779824,360,90,HIGH,VIDEO_RECORDING,2025-11-18T16:26:58.982298
2025-11-18 16:26:55.470366,49,1218,HandType.Left,0.6358684301376343,32.20158386230469,382.6771240234375,43.49107360839844,0.5086621046066284,-0.15393245220184326,0.8470936417579651,-26.993431091308594,-73.34644317626953,-22.109561920166016,1.0,1.0,12.773155212402344,0,0,0,0,0,69.38676452636719,403.80377197265625,73.56101989746094,64.9451904296875,392.1272888183594,70.33159637451172,lower,41,2025-11-18T16:26:55.470366,my_hand_data\videos\lower_seq41_20251118_162654_914194.avi,89.79928960779824,360,90,HIGH,VIDEO_RECORDING,2025-11-18T16:26:58.982298
2025-11-18 16:26:55.476326,50,1218,HandType.Left,0.6350918412208557,31.668779373168945,381.5846252441406,43.18330764770508,0.5087797045707703,-0.1536363661289215,0.8470767736434937,-46.88543701171875,-96.13809967041016,-27.082427978515625,1.0,1.0,12.694900512695312,0,0,0,0,0,68.83458709716797,402.7196960449219,73.12369537353516,64.46995544433594,391.06494140625,70.02275085449219,lower,41,2025-11-18T16:26:55.476326,my_hand_data\videos\lower_seq41_20251118_162654_914194.avi,89.79928960779824,360,90,HIGH,VIDEO_RECORDING,2025-11-18T16:26:58.982298
2025-11-18 16:26:55.490647,51,1218,HandType.Left,0.6371131539344788,31.122072219848633,380.42864990234375,42.93098831176758,0.5086416006088257,-0.1536840945482254,0.8471511006355286,-49.062843322753906,-103.740478515625,-22.643936157226562,1.0,1.0,12.68962574005127,0,0,0,0,0,68.31123352050781,401.5739440917969,72.8870620727539,63.97807693481445,389.9188537597656,69.79185485839844,lower,41,2025-11-18T16:26:55.490647,my_hand_data\videos\lower_seq41_20251118_162654_914194.avi,89.79928960779824,360,90,HIGH,VIDEO_RECORDING,2025-11-18T16:26:58.982298
2025-11-18 16:26:55.500834,52,1218,HandType.Left,0.6388618350028992,30.563594818115234,379.1322937011719,42.63145446777344,0.5086543560028076,-0.15369918942451477,0.8471406698226929,-51.26462936401367,-118.99654388427734,-27.495361328125,1.0,1.0,12.585386276245117,0,0,0,0,0,67.82655334472656,400.1276550292969,72.66333770751953,63.4434814453125,388.62957763671875,69.49748992919922,lower,41,2025-11-18T16:26:55.500834,my_hand_data\videos\lower_seq41_20251118_162654_914194.avi,89.79928960779824,360,90,HIGH,VIDEO_RECORDING,2025-11-18T16:26:58.982298
2025-11-18 16:26:55.510935,53,1218,HandType.Left,0.6395372748374939,30.13102149963379,377.9262390136719,42.367679595947266,0.5083837509155273,-0.15363170206546783,0.8473153114318848,-39.19664764404297,-109.28470611572266,-23.901264190673828,1.0,1.0,12.329421997070312,0,0,0,0,0,67.4216537475586,398.630126953125,72.43936920166016,63.00080490112305,387.42791748046875,69.26634216308594,lower,41,2025-11-18T16:26:55.510935,my_hand_data\videos\lower_seq41_20251118_162654_914194.avi,89.79928960779824,360,90,HIGH,VIDEO_RECORDING,2025-11-18T16:26:58.982298
2025-11-18 16:26:55.520961,54,1218,HandType.Left,0.6401832699775696,29.690223693847656,376.6360168457031,42.088783264160156,0.5080916285514832,-0.1540522575378418,0.8474141955375671,-39.51572036743164,-115.66058349609375,-25.001863479614258,1.0,1.0,11.735506057739258,0,0,0,0,0,67.00727081298828,396.66107177734375,72.18001556396484,62.648719787597656,386.11273193359375,68.99604034423828,lower,41,2025-11-18T16:26:55.520961,my_hand_data\videos\lower_seq41_20251118_162654_914194.avi,89.79928960779824,360,90,HIGH,VIDEO_RECORDING,2025-11-18T16:26:58.982298
2025-11-18 16:26:55.531059,55,1218,HandType.Left,0.640580952167511,29.31057357788086,375.1640930175781,41.79156494140625,0.5080092549324036,-0.1552843451499939,0.8472386598587036,-33.93971633911133,-131.5867919921875,-26.5706844329834,1.0,1.0,11.790961265563965,0,0,0,0,0,66.75885009765625,395.13629150390625,71.99474334716797,62.277076721191406,384.6027526855469,68.71345520019531,lower,41,2025-11-18T16:26:55.531059,my_hand_data\videos\lower_seq41_20251118_162654_914194.avi,89.79928960779824,360,90,HIGH,VIDEO_RECORDING,2025-11-18T16:26:58.982298
2025-11-18 16:26:55.541464,56,1218,HandType.Left,0.6404839158058167,28.896224975585938,373.55657958984375,41.47188186645508,0.5080639719963074,-0.15615378320217133,0.8470460176467896,-36.32407760620117,-140.9250030517578,-28.024906158447266,1.0,1.0,11.618387222290039,0,0,0,0,0,66.3938217163086,393.3575134277344,71.67960357666016,62.08348846435547,382.9705505371094,68.39772033691406,lower,41,2025-11-18T16:26:55.541464,my_hand_data\videos\lower_seq41_20251118_162654_914194.avi,89.79928960779824,360,90,HIGH,VIDEO_RECORDING,2025-11-18T16:26:58.982298
2025-11-18 16:26:55.551636,57,1218,HandType.Left,0.6409825086593628,28.437419891357422,371.90435791015625,41.124141693115234,0.508287787437439,-0.15655258297920227,0.846838116645813,-43.141029357910156,-155.35740661621094,-32.69782638549805,1.0,1.0,11.383405685424805,0,0,0,0,0,66.05340576171875,391.5155334472656,71.24928283691406,61.93061065673828,381.3108215332031,68.04336547851562,lower,41,2025-11-18T16:26:55.551636,my_hand_data\videos\lower_seq41_20251118_162654_914194.avi,89.79928960779824,360,90,HIGH,VIDEO_RECORDING,2025-11-18T16:26:58.982298
2025-11-18 16:26:55.571806,58,1218,HandType.Left,0.6444222331047058,27.551616668701172,368.7699279785156,40.4112663269043,0.508573055267334,-0.15737737715244293,0.8465139269828796,-40.53668212890625,-150.23069763183594,-35.680301666259766,1.0,1.0,10.618969917297363,0,0,0,0,0,65.55810546875,387.2948913574219,70.69757843017578,61.43122100830078,378.07061767578125,67.280517578125,lower,41,2025-11-18T16:26:55.571806,my_hand_data\videos\lower_seq41_20251118_162654_914194.avi,89.79928960779824,360,90,HIGH,VIDEO_RECORDING,2025-11-18T16:26:58.982298
2025-11-18 16:26:55.577305,59,1218,HandType.Left,0.6444222331047058,27.551616668701172,368.7699279785156,40.4112663269043,0.508573055267334,-0.15737737715244293,0.8465139269828796,-40.53668212890625,-150.23069763183594,-35.680301666259766,1.0,1.0,10.618969917297363,0,0,0,0,0,65.55810546875,387.2948913574219,70.69757843017578,61.43122100830078,378.07061767578125,67.280517578125,lower,41,2025-11-18T16:26:55.577305,my_hand_data\videos\lower_seq41_20251118_162654_914194.avi,89.79928960779824,360,90,HIGH,VIDEO_RECORDING,2025-11-18T16:26:58.982298
2025-11-18 16:26:55.592185,60,1218,HandType.Left,0.6460852026939392,27.168821334838867,367.0027160644531,39.96062088012695,0.5088702440261841,-0.1570318639278412,0.8463994860649109,-34.15061569213867,-157.6580810546875,-40.20392990112305,1.0,1.0,10.422800064086914,0,0,0,0,0,65.33761596679688,385.2206726074219,70.42135620117188,61.290592193603516,376.31134033203125,66.7650146484375,lower,41,2025-11-18T16:26:55.592185,my_hand_data\videos\lower_seq41_20251118_162654_914194.avi,89.79928960779824,360,90,HIGH,VIDEO_RECORDING,2025-11-18T16:26:58.982298
2025-11-18 16:26:55.592185,61,1218,HandType.Left,0.6499391794204712,26.8541202545166,365.2621765136719,39.45343017578125,0.5096059441566467,-0.15615932643413544,0.8461182117462158,-27.995882034301758,-154.83935546875,-45.119728088378906,1.0,1.0,10.484089851379395,0,0,0,0,0,65.17860412597656,383.2558288574219,70.47605895996094,61.12430953979492,374.58660888671875,66.19176483154297,lower,41,2025-11-18T16:26:55.592185,my_hand_data\videos\lower_seq41_20251118_162654_914194.avi,89.79928960779824,360,90,HIGH,VIDEO_RECORDING,2025-11-18T16:26:58.982298
2025-11-18 16:26:55.612590,62,1218,HandType.Left,0.6535958647727966,26.512161254882812,363.69189453125,39.00602340698242,0.5098664164543152,-0.1550743281841278,0.8461608290672302,-31.424346923828125,-144.30128479003906,-41.11438751220703,1.0,1.0,10.405932426452637,0,0,0,0,0,64.99007415771484,381.57269287109375,70.24791717529297,61.135047912597656,373.0210876464844,65.74322509765625,lower,41,2025-11-18T16:26:55.612590,my_hand_data\videos\lower_seq41_20251118_162654_914194.avi,89.79928960779824,360,90,HIGH,VIDEO_RECORDING,2025-11-18T16:26:58.982298
2025-11-18 16:26:55.612590,63,1218,HandType.Left,0.6538675427436829,26.220905303955078,362.1868896484375,38.55876922607422,0.5096828937530518,-0.15391649305820465,0.8464827537536621,-25.963193893432617,-134.15927124023438,-39.869319915771484,1.0,1.0,10.454129219055176,0,0,0,0,0,64.71568298339844,380.0466613769531,69.99185180664062,60.88908386230469,371.5326843261719,65.28460693359375,lower,41,2025-11-18T16:26:55.612590,my_hand_data\videos\lower_seq41_20251118_162654_914194.avi,89.79928960779824,360,90,HIGH,VIDEO_RECORDING,2025-11-18T16:26:58.982298
2025-11-18 16:26:55.632392,64,1218,HandType.Left,0.6551651954650879,25.9097900390625,360.7467346191406,38.078121185302734,0.5100606083869934,-0.15235204994678497,0.846538245677948,-27.857791900634766,-128.95530700683594,-43.03818130493164,1.0,1.0,10.436356544494629,0,0,0,0,0,64.4521713256836,378.4220886230469,69.83070373535156,60.711307525634766,370.09527587890625,64.77227783203125,lower,41,2025-11-18T16:26:55.632392,my_hand_data\videos\lower_seq41_20251118_162654_914194.avi,89.79928960779824,360,90,HIGH,VIDEO_RECORDING,2025-11-18T16:26:58.982298
2025-11-18 16:26:55.642880,65,1218,HandType.Left,0.6580895781517029,25.585289001464844,359.1075744628906,37.50191879272461,0.5103341937065125,-0.15153615176677704,0.8465198278427124,-29.17118263244629,-147.3524169921875,-51.79796600341797,1.0,1.0,10.587146759033203,0,0,0,0,0,64.16959381103516,376.760498046875,69.60429382324219,60.44134521484375,368.4621887207031,64.19232940673828,lower,41,2025-11-18T16:26:55.642880,my_hand_data\videos\lower_seq41_20251118_162654_914194.avi,89.79928960779824,360,90,HIGH,VIDEO_RECORDING,2025-11-18T16:26:58.982298
2025-11-18 16:26:55.653078,66,1218,HandType.Left,0.6606932282447815,25.151498794555664,357.3193664550781,36.951568603515625,0.5106538534164429,-0.15103638172149658,0.8464163541793823,-39.15776062011719,-161.42041015625,-49.67946243286133,1.0,1.0,10.296905517578125,0,0,0,0,0,63.81081008911133,374.63800048828125,69.06591033935547,60.236228942871094,366.66680908203125,63.62030029296875,lower,41,2025-11-18T16:26:55.653078,my_hand_data\videos\lower_seq41_20251118_162654_914194.avi,89.79928960779824,360,90,HIGH,VIDEO_RECORDING,2025-11-18T16:26:58.982298
2025-11-18 16:26:55.663553,67,1218,HandType.Left,0.6610656380653381,24.81412696838379,355.521240234375,36.420528411865234,0.5109496116638184,-0.1495402455329895,0.846503496170044,-30.712106704711914,-163.6871337890625,-48.3422966003418,1.0,1.0,10.0556640625,0,0,0,0,0,63.527732849121094,372.7380676269531,68.51473236083984,60.271827697753906,364.9358215332031,63.070430755615234,lower,41,2025-11-18T16:26:55.663553,my_hand_data\videos\lower_seq41_20251118_162654_914194.avi,89.79928960779824,360,90,HIGH,VIDEO_RECORDING,2025-11-18T16:26:58.982298
2025-11-18 16:26:55.673902,68,1218,HandType.Left,0.6629080772399902,24.57427215576172,353.85955810546875,35.949039459228516,0.5108970403671265,-0.14766915142536163,0.8468636274337769,-19.99126434326172,-138.49659729003906,-39.29753494262695,1.0,1.0,9.950457572937012,0,0,0,0,0,63.4665641784668,370.94073486328125,68.10079956054688,60.22679901123047,363.31878662109375,62.59140396118164,lower,41,2025-11-18T16:26:55.673902,my_hand_data\videos\lower_seq41_20251118_162654_914194.avi,89.79928960779824,360,90,HIGH,VIDEO_RECORDING,2025-11-18T16:26:58.982298
2025-11-18 16:26:55.684320,69,1218,HandType.Left,0.6667500734329224,24.324262619018555,352.0300598144531,35.45169448852539,0.5112349987030029,-0.14586187899112701,0.8469728827476501,-24.16248321533203,-176.8146514892578,-48.06631088256836,1.0,1.0,9.802474975585938,0,0,0,0,0,63.35444641113281,368.7760925292969,67.86536407470703,60.198753356933594,361.5144348144531,62.09993362426758,lower,41,2025-11-18T16:26:55.684320,my_hand_data\videos\lower_seq41_20251118_162654_914194.avi,89.79928960779824,360,90,HIGH,VIDEO_RECORDING,2025-11-18T16:26:58.982298
2025-11-18 16:26:55.704657,70,1218,HandType.Left,0.6673597693443298,24.140729904174805,350.47222900390625,34.948089599609375,0.5115144848823547,-0.1458657830953598,0.8468034863471985,-16.46483039855957,-139.75552368164062,-45.17867660522461,1.0,1.0,9.758294105529785,0,0,0,0,0,63.194156646728516,367.0174255371094,67.57946014404297,60.22723388671875,359.9528503417969,61.553741455078125,lower,41,2025-11-18T16:26:55.704657,my_hand_data\videos\lower_seq41_20251118_162654_914194.avi,89.79928960779824,360,90,HIGH,VIDEO_RECORDING,2025-11-18T16:26:58.982298
2025-11-18 16:26:55.709124,71,1218,HandType.Left,0.6686156392097473,23.93460464477539,349.07037353515625,34.437469482421875,0.5117071866989136,-0.1460868865251541,0.8466489315032959,-18.877544403076172,-128.38479614257812,-46.7641716003418,1.0,1.0,9.4484224319458,0,0,0,0,0,63.0708122253418,365.14727783203125,67.11085510253906,60.26737976074219,358.5164489746094,61.01008605957031,lower,41,2025-11-18T16:26:55.709124,my_hand_data\videos\lower_seq41_20251118_162654_914194.avi,89.79928960779824,360,90,HIGH,VIDEO_RECORDING,2025-11-18T16:26:58.982298
2025-11-18 16:26:55.724335,72,1218,HandType.Left,0.6691506505012512,23.626277923583984,347.90777587890625,34.037689208984375,0.5119070410728455,-0.14609777927398682,0.8465262055397034,-27.4654541015625,-103.56401062011719,-35.61227035522461,1.0,1.0,9.195292472839355,0,0,0,0,0,62.88618469238281,363.607666015625,66.70989227294922,60.18754577636719,357.3395690917969,60.56569290161133,lower,41,2025-11-18T16:26:55.724335,my_hand_data\videos\lower_seq41_20251118_162654_914194.avi,89.79928960779824,360,90,HIGH,VIDEO_RECORDING,2025-11-18T16:26:58.982298
2025-11-18 16:26:55.724335,73,1218,HandType.Left,0.6700937747955322,23.14015007019043,346.6210021972656,33.6734733581543,0.5123677253723145,-0.14516319334506989,0.8464082479476929,-43.56759262084961,-115.3233642578125,-32.641666412353516,1.0,1.0,8.837691307067871,0,0,0,0,0,62.544837951660156,361.6402282714844,66.50999450683594,60.173065185546875,356.06097412109375,60.09658432006836,lower,41,2025-11-18T16:26:55.724335,my_hand_data\videos\lower_seq41_20251118_162654_914194.avi,89.79928960779824,360,90,HIGH,VIDEO_RECORDING,2025-11-18T16:26:58.982298
2025-11-18 16:26:55.744056,74,1218,HandType.Left,0.6699512004852295,22.56624412536621,345.4947204589844,33.40568161010742,0.5125547647476196,-0.14484526216983795,0.8463494777679443,-46.70082092285156,-91.64804077148438,-21.791095733642578,1.0,1.0,8.720319747924805,0,0,0,0,0,62.071022033691406,360.3067626953125,66.24696350097656,59.83169174194336,354.9302978515625,59.773704528808594,lower,41,2025-11-18T16:26:55.744056,my_hand_data\videos\lower_seq41_20251118_162654_914194.avi,89.79928960779824,360,90,HIGH,VIDEO_RECORDING,2025-11-18T16:26:58.982298
2025-11-18 16:26:55.754120,75,1218,HandType.Left,0.6713963747024536,21.9263916015625,344.3342590332031,33.18457794189453,0.5129480361938477,-0.1451118439435959,0.8460655212402344,-63.99800491333008,-116.06977844238281,-22.11471176147461,1.0,1.0,8.584858894348145,0,0,0,0,0,61.52473449707031,359.01336669921875,66.02726745605469,59.700408935546875,353.7372131347656,59.52366256713867,lower,41,2025-11-18T16:26:55.754120,my_hand_data\videos\lower_seq41_20251118_162654_914194.avi,89.79928960779824,360,90,HIGH,VIDEO_RECORDING,2025-11-18T16:26:58.982298
2025-11-18 16:26:55.764609,76,1218,HandType.Left,0.6730428338050842,21.364107131958008,343.0970764160156,32.87914276123047,0.5132814645767212,-0.14566394686698914,0.845768392086029,-50.00764083862305,-110.02986145019531,-27.164304733276367,1.0,1.0,8.535605430603027,0,0,0,0,0,61.064720153808594,357.5478515625,65.74195861816406,59.26021957397461,352.417724609375,59.18144989013672,lower,41,2025-11-18T16:26:55.764609,my_hand_data\videos\lower_seq41_20251118_162654_914194.avi,89.79928960779824,360,90,HIGH,VIDEO_RECORDING,2025-11-18T16:26:58.982298
2025-11-18 16:26:55.775121,77,1218,HandType.Left,0.674149751663208,20.80808448791504,341.89605712890625,32.576416015625,0.514011800289154,-0.14417321979999542,0.8455802202224731,-51.4073486328125,-111.04280853271484,-27.988811492919922,1.0,1.0,8.309734344482422,0,0,0,0,0,60.62398147583008,355.9720458984375,65.4438705444336,59.02083969116211,351.20330810546875,58.84660720825195,lower,41,2025-11-18T16:26:55.775121,my_hand_data\videos\lower_seq41_20251118_162654_914194.avi,89.79928960779824,360,90,HIGH,VIDEO_RECORDING,2025-11-18T16:26:58.982298
2025-11-18 16:26:55.785420,78,1218,HandType.Left,0.6763289570808411,20.19114875793457,340.5942687988281,32.25883865356445,0.5141772627830505,-0.14257298409938812,0.8457509279251099,-54.843605041503906,-115.72369384765625,-28.23166847229004,1.0,1.0,8.28817081451416,0,0,0,0,0,60.08152770996094,354.6224060058594,65.16724395751953,58.71751022338867,349.912841796875,58.498592376708984,lower,41,2025-11-18T16:26:55.785420,my_hand_data\videos\lower_seq41_20251118_162654_914194.avi,89.79928960779824,360,90,HIGH,VIDEO_RECORDING,2025-11-18T16:26:58.982298
2025-11-18 16:26:55.795852,79,1218,HandType.Left,0.6783700585365295,19.624412536621094,339.4854431152344,31.88681983947754,0.5144272446632385,-0.14217722415924072,0.8456655740737915,-52.665714263916016,-103.04082489013672,-34.571014404296875,1.0,1.0,8.316366195678711,0,0,0,0,0,59.645565032958984,353.3749084472656,64.88153839111328,58.32549285888672,348.7616271972656,58.102210998535156,lower,41,2025-11-18T16:26:55.795852,my_hand_data\videos\lower_seq41_20251118_162654_914194.avi,89.79928960779824,360,90,HIGH,VIDEO_RECORDING,2025-11-18T16:26:58.982298
2025-11-18 16:26:55.816329,80,1218,HandType.Left,0.6792047023773193,18.490312576293945,337.5895080566406,31.034374237060547,0.5162903070449829,-0.1397715061903,0.8449309468269348,-50.138851165771484,-80.32756042480469,-40.88798904418945,1.0,1.0,8.569230079650879,0,0,0,0,0,58.77869415283203,351.2553405761719,64.4230728149414,57.99320602416992,346.84259033203125,57.12348937988281,lower,41,2025-11-18T16:26:55.816329,my_hand_data\videos\lower_seq41_20251118_162654_914194.avi,89.79928960779824,360,90,HIGH,VIDEO_RECORDING,2025-11-18T16:26:58.982298
2025-11-18 16:26:55.816329,81,1218,HandType.Left,0.6792047023773193,18.490312576293945,337.5895080566406,31.034374237060547,0.5162903070449829,-0.1397715061903,0.8449309468269348,-50.138851165771484,-80.32756042480469,-40.88798904418945,1.0,1.0,8.569230079650879,0,0,0,0,0,58.77869415283203,351.2553405761719,64.4230728149414,57.99320602416992,346.84259033203125,57.12348937988281,lower,41,2025-11-18T16:26:55.816329,my_hand_data\videos\lower_seq41_20251118_162654_914194.avi,89.79928960779824,360,90,HIGH,VIDEO_RECORDING,2025-11-18T16:26:58.982298
2025-11-18 16:26:55.836592,82,1218,HandType.Left,0.6799272894859314,17.99299430847168,336.7060852050781,30.614246368408203,0.5174850225448608,-0.13742975890636444,0.8445841073989868,-43.95203399658203,-78.07461547851562,-37.13007736206055,1.0,1.0,8.74508285522461,0,0,0,0,0,58.485626220703125,350.46337890625,64.1210708618164,57.86162567138672,345.94488525390625,56.65981674194336,lower,41,2025-11-18T16:26:55.836592,my_hand_data\videos\lower_seq41_20251118_162654_914194.avi,89.79928960779824,360,90,HIGH,VIDEO_RECORDING,2025-11-18T16:26:58.982298
2025-11-18 16:26:55.836592,83,1218,HandType.Left,0.6809892654418945,17.61125373840332,335.74993896484375,30.226125717163086,0.5177552103996277,-0.13700520992279053,0.8444874882698059,-34.44375991821289,-86.27256774902344,-35.01960372924805,1.0,1.0,8.883004188537598,0,0,0,0,0,58.19181823730469,349.5346374511719,63.86134719848633,57.60416793823242,344.9632263183594,56.26762390136719,lower,41,2025-11-18T16:26:55.836592,my_hand_data\videos\lower_seq41_20251118_162654_914194.avi,89.79928960779824,360,90,HIGH,VIDEO_RECORDING,2025-11-18T16:26:58.982298
2025-11-18 16:26:55.856950,84,1218,HandType.Left,0.682823657989502,17.191144943237305,334.6099548339844,29.890474319458008,0.5184330940246582,-0.1373888999223709,0.8440091013908386,-38.27183151245117,-103.85214233398438,-30.577716827392578,1.0,1.0,9.018148422241211,0,0,0,0,0,57.8459587097168,348.4858093261719,63.580318450927734,57.278785705566406,343.7497253417969,55.92689895629883,lower,41,2025-11-18T16:26:55.856950,my_hand_data\videos\lower_seq41_20251118_162654_914194.avi,89.79928960779824,360,90,HIGH,VIDEO_RECORDING,2025-11-18T16:26:58.982298
2025-11-18 16:26:55.856950,85,1218,HandType.Left,0.6843035817146301,16.794788360595703,333.43792724609375,29.630741119384766,0.5192071795463562,-0.13727489113807678,0.843551754951477,-35.39527130126953,-104.6634750366211,-23.1945858001709,1.0,1.0,9.078993797302246,0,0,0,0,0,57.46965026855469,347.38470458984375,63.33139419555664,57.05820083618164,342.56304931640625,55.649566650390625,lower,41,2025-11-18T16:26:55.856950,my_hand_data\videos\lower_seq41_20251118_162654_914194.avi,89.79928960779824,360,90,HIGH,VIDEO_RECORDING,2025-11-18T16:26:58.982298
2025-11-18 16:26:55.877623,86,1218,HandType.Left,0.6857317686080933,16.360389709472656,332.2724609375,29.420787811279297,0.5199716091156006,-0.1370847225189209,0.8431116342544556,-38.81676483154297,-104.14258575439453,-18.760847091674805,0.9981324076652527,1.0,9.188915252685547,0,0,0,0,0,57.05533218383789,346.37109375,63.115535736083984,56.84907150268555,341.3770446777344,55.40495300292969,lower,41,2025-11-18T16:26:55.877623,my_hand_data\videos\lower_seq41_20251118_162654_914194.avi,89.79928960779824,360,90,HIGH,VIDEO_RECORDING,2025-11-18T16:26:58.982298
2025-11-18 16:26:55.887791,87,1218,HandType.Left,0.685949981212616,15.82429313659668,331.0489501953125,29.201608657836914,0.5207406878471375,-0.13701677322387695,0.842647910118103,-46.71459197998047,-106.61597442626953,-19.098936080932617,0.9933292865753174,1.0,9.299511909484863,0,0,0,0,0,56.53068161010742,345.15966796875,62.90549850463867,56.664493560791016,340.10052490234375,55.10369873046875,lower,41,2025-11-18T16:26:55.887791,my_hand_data\videos\lower_seq41_20251118_162654_914194.avi,89.79928960779824,360,90,HIGH,VIDEO_RECORDING,2025-11-18T16:26:58.982298
2025-11-18 16:26:55.897929,88,1218,HandType.Left,0.687089204788208,15.291998863220215,329.7510681152344,28.982707977294922,0.5215221643447876,-0.138108029961586,0.8419862389564514,-50.59352493286133,-123.36112213134766,-20.806047439575195,0.9939639568328857,1.0,9.421785354614258,0,0,0,0,0,56.1063346862793,343.9057922363281,62.6854133605957,56.21223831176758,338.61602783203125,54.88943862915039,lower,41,2025-11-18T16:26:55.897929,my_hand_data\videos\lower_seq41_20251118_162654_914194.avi,89.79928960779824,360,90,HIGH,VIDEO_RECORDING,2025-11-18T16:26:58.982298
2025-11-18 16:26:55.908086,89,1218,HandType.Left,0.6880794167518616,14.874991416931152,328.4054260253906,28.78717803955078,0.5218771696090698,-0.13927747309207916,0.8415735363960266,-37.28606414794922,-120.31694030761719,-17.483095169067383,0.993125319480896,1.0,9.075636863708496,0,0,0,0,0,55.849327087402344,342.1257019042969,62.291542053222656,55.967533111572266,337.14019775390625,54.70880126953125,lower,41,2025-11-18T16:26:55.908086,my_hand_data\videos\lower_seq41_20251118_162654_914194.avi,89.79928960779824,360,90,HIGH,VIDEO_RECORDING,2025-11-18T16:26:58.982298
2025-11-18 16:26:55.918159,90,1218,HandType.Left,0.6876261830329895,14.4849853515625,327.158935546875,28.664085388183594,0.5219860076904297,-0.14146368205547333,0.8411412835121155,-34.99070739746094,-111.83412170410156,-11.04355525970459,0.994823157787323,1.0,8.956178665161133,0,0,0,0,0,55.57218551635742,340.7029724121094,62.03232955932617,55.647613525390625,335.70465087890625,54.60102844238281,lower,41,2025-11-18T16:26:55.918159,my_hand_data\videos\lower_seq41_20251118_162654_914194.avi,89.79928960779824,360,90,HIGH,VIDEO_RECORDING,2025-11-18T16:26:58.982298
2025-11-18 16:26:55.938690,91,1218,HandType.Left,0.6896820664405823,13.793096542358398,324.7155456542969,28.53301429748535,0.5217885375022888,-0.14554636180400848,0.8405670523643494,-33.0425910949707,-109.37229919433594,-5.342095851898193,0.9844406843185425,1.0,8.46395206451416,0,0,0,0,0,54.94211959838867,337.2143859863281,61.728660583496094,55.357879638671875,332.9020690917969,54.457515716552734,lower,41,2025-11-18T16:26:55.938690,my_hand_data\videos\lower_seq41_20251118_162654_914194.avi,89.79928960779824,360,90,HIGH,VIDEO_RECORDING,2025-11-18T16:26:58.982298
2025-11-18 16:26:55.938690,92,1218,HandType.Left,0.6896820664405823,13.793096542358398,324.7155456542969,28.53301429748535,0.5217885375022888,-0.14554636180400848,0.8405670523643494,-33.0425910949707,-109.37229919433594,-5.342095851898193,0.9844406843185425,1.0,8.46395206451416,0,0,0,0,0,54.94211959838867,337.2143859863281,61.728660583496094,55.357879638671875,332.9020690917969,54.457515716552734,lower,41,2025-11-18T16:26:55.938690,my_hand_data\videos\lower_seq41_20251118_162654_914194.avi,89.79928960779824,360,90,HIGH,VIDEO_RECORDING,2025-11-18T16:26:58.982298
2025-11-18 16:26:55.958672,93,1218,HandType.Left,0.6906946301460266,13.40567684173584,323.3417053222656,28.475725173950195,0.5218045711517334,-0.14710530638694763,0.8402856588363647,-33.62732696533203,-119.24615478515625,-4.972620964050293,0.978685736656189,1.0,8.208548545837402,0,0,0,0,0,54.556129455566406,335.2718200683594,61.587074279785156,55.31919479370117,331.4233703613281,54.3768424987793,lower,41,2025-11-18T16:26:55.958672,my_hand_data\videos\lower_seq41_20251118_162654_914194.avi,89.79928960779824,360,90,HIGH,VIDEO_RECORDING,2025-11-18T16:26:58.982298
2025-11-18 16:26:55.960569,94,1218,HandType.Left,0.6925687789916992,12.970504760742188,321.6954650878906,28.43549919128418,0.5220587253570557,-0.14881733059883118,0.839826226234436,-40.304832458496094,-152.470947265625,-3.725759744644165,0.9749321937561035,1.0,8.318222999572754,0,0,0,0,0,54.182395935058594,333.6369323730469,61.56338882446289,54.89158630371094,329.5985412597656,54.325897216796875,lower,41,2025-11-18T16:26:55.960569,my_hand_data\videos\lower_seq41_20251118_162654_914194.avi,89.79928960779824,360,90,HIGH,VIDEO_RECORDING,2025-11-18T16:26:58.982298
2025-11-18 16:26:55.979143,95,1218,HandType.Left,0.692351222038269,12.574933052062988,320.0552062988281,28.361835479736328,0.5224639177322388,-0.15112493932247162,0.8391619324684143,-35.4804801940918,-147.12344360351562,-6.6071553230285645,0.9748477339744568,1.0,8.430191040039062,0,0,0,0,0,53.86946105957031,332.02484130859375,61.51180648803711,54.53276824951172,327.7903747558594,54.252506256103516,lower,41,2025-11-18T16:26:55.979143,my_hand_data\videos\lower_seq41_20251118_162654_914194.avi,89.79928960779824,360,90,HIGH,VIDEO_RECORDING,2025-11-18T16:26:58.982298
2025-11-18 16:26:55.989256,96,1218,HandType.Left,0.6924360990524292,12.142187118530273,318.570068359375,28.24119758605957,0.5230178236961365,-0.15336915850639343,0.8384093642234802,-40.0802116394043,-137.55029296875,-11.173236846923828,0.9717164635658264,1.0,8.547981262207031,0,0,0,0,0,53.50939178466797,330.5838623046875,61.39653778076172,54.15815734863281,326.14410400390625,54.120849609375,lower,41,2025-11-18T16:26:55.989256,my_hand_data\videos\lower_seq41_20251118_162654_914194.avi,89.79928960779824,360,90,HIGH,VIDEO_RECORDING,2025-11-18T16:26:58.982298
2025-11-18 16:26:55.999336,97,1218,HandType.Left,0.6917047500610352,11.792530059814453,317.2257385253906,28.079992294311523,0.5232476592063904,-0.15531279146671295,0.8379079699516296,-31.241683959960938,-120.1158447265625,-14.403703689575195,0.9687652587890625,1.0,8.583444595336914,0,0,0,0,0,53.1961555480957,329.1963806152344,61.220088958740234,53.957122802734375,324.6927795410156,53.952762603759766,lower,41,2025-11-18T16:26:55.999336,my_hand_data\videos\lower_seq41_20251118_162654_914194.avi,89.79928960779824,360,90,HIGH,VIDEO_RECORDING,2025-11-18T16:26:58.982298
2025-11-18 16:26:56.009484,98,1218,HandType.Left,0.6907198429107666,11.383772850036621,315.6762390136719,27.930116653442383,0.5235057473182678,-0.15663769841194153,0.8375000357627869,-35.859073638916016,-135.9305419921875,-13.148035049438477,0.9517431259155273,1.0,8.43515682220459,0,0,0,0,0,52.80116653442383,327.2854919433594,61.02146911621094,53.8753547668457,323.1213684082031,53.7648811340332,lower,41,2025-11-18T16:26:56.009484,my_hand_data\videos\lower_seq41_20251118_162654_914194.avi,89.79928960779824,360,90,HIGH,VIDEO_RECORDING,2025-11-18T16:26:58.982298
2025-11-18 16:26:56.020030,99,1218,HandType.Left,0.6915313601493835,11.152669906616211,314.1966552734375,27.745834350585938,0.5235832929611206,-0.1591556817293167,0.8369767069816589,-18.882532119750977,-120.89159393310547,-15.0570707321167,0.95475834608078,1.0,8.398812294006348,0,0,0,0,0,52.59471130371094,325.6782531738281,60.83197021484375,53.60371780395508,321.5406799316406,53.593017578125,lower,41,2025-11-18T16:26:56.020030,my_hand_data\videos\lower_seq41_20251118_162654_914194.avi,89.79928960779824,360,90,HIGH,VIDEO_RECORDING,2025-11-18T16:26:58.982298
2025-11-18 16:26:56.030190,100,1218,HandType.Left,0.6924358010292053,10.906086921691895,312.74884033203125,27.618213653564453,0.5237137675285339,-0.16100473701953888,0.8365412950515747,-25.46818733215332,-149.5383758544922,-13.181235313415527,0.9560098648071289,1.0,8.345772743225098,0,0,0,0,0,52.34379577636719,324.06622314453125,60.686805725097656,53.36260223388672,320.0163879394531,53.46096420288086,lower,41,2025-11-18T16:26:56.030190,my_hand_data\videos\lower_seq41_20251118_162654_914194.avi,89.79928960779824,360,90,HIGH,VIDEO_RECORDING,2025-11-18T16:26:58.982298
2025-11-18 16:26:56.040397,101,1218,HandType.Left,0.6924358010292053,10.906086921691895,312.74884033203125,27.618213653564453,0.5237137675285339,-0.16100473701953888,0.8365412950515747,-25.46818733215332,-149.5383758544922,-13.181235313415527,0.9560098648071289,1.0,8.345772743225098,0,0,0,0,0,52.34379577636719,324.06622314453125,60.686805725097656,53.36260223388672,320.0163879394531,53.46096420288086,lower,41,2025-11-18T16:26:56.040397,my_hand_data\videos\lower_seq41_20251118_162654_914194.avi,89.79928960779824,360,90,HIGH,VIDEO_RECORDING,2025-11-18T16:26:58.982298
2025-11-18 16:26:56.061208,102,1218,HandType.Left,0.6914271712303162,10.025006294250488,308.7738952636719,27.29683494567871,0.5239135026931763,-0.16526655852794647,0.8355845808982849,-35.07535934448242,-115.8947525024414,-8.286715507507324,0.9553387761116028,1.0,8.54117202758789,0,0,0,0,0,51.70857238769531,320.37933349609375,60.23960876464844,52.853206634521484,315.80126953125,53.120426177978516,lower,41,2025-11-18T16:26:56.061208,my_hand_data\videos\lower_seq41_20251118_162654_914194.avi,89.79928960779824,360,90,HIGH,VIDEO_RECORDING,2025-11-18T16:26:58.982298
2025-11-18 16:26:56.061208,103,1218,HandType.Left,0.6914271712303162,10.025006294250488,308.7738952636719,27.29683494567871,0.5239135026931763,-0.16526655852794647,0.8355845808982849,-35.07535934448242,-115.8947525024414,-8.286715507507324,0.9553387761116028,1.0,8.54117202758789,0,0,0,0,0,51.70857238769531,320.37933349609375,60.23960876464844,52.853206634521484,315.80126953125,53.120426177978516,lower,41,2025-11-18T16:26:56.061208,my_hand_data\videos\lower_seq41_20251118_162654_914194.avi,89.79928960779824,360,90,HIGH,VIDEO_RECORDING,2025-11-18T16:26:58.982298
2025-11-18 16:26:56.081064,104,1218,HandType.Left,0.69081050157547,9.71028995513916,307.52728271484375,27.14226531982422,0.5238907933235168,-0.16754662990570068,0.8351446390151978,-29.156566619873047,-115.49349975585938,-14.319840431213379,0.957720935344696,1.0,8.804303169250488,0,0,0,0,0,51.45494842529297,319.53961181640625,60.10639572143555,52.56991958618164,314.4689636230469,52.99576187133789,lower,41,2025-11-18T16:26:56.081064,my_hand_data\videos\lower_seq41_20251118_162654_914194.avi,89.79928960779824,360,90,HIGH,VIDEO_RECORDING,2025-11-18T16:26:58.982298
2025-11-18 16:26:56.081064,105,1218,HandType.Left,0.6916351914405823,9.437966346740723,306.093017578125,26.977157592773438,0.5234461426734924,-0.17067869007587433,0.8347891569137573,-24.342851638793945,-128.20790100097656,-14.758930206298828,0.9521800875663757,1.0,8.94571304321289,0,0,0,0,0,51.25193405151367,318.2042236328125,59.973731994628906,52.380027770996094,312.8766174316406,52.876564025878906,lower,41,2025-11-18T16:26:56.081064,my_hand_data\videos\lower_seq41_20251118_162654_914194.avi,89.79928960779824,360,90,HIGH,VIDEO_RECORDING,2025-11-18T16:26:58.982298
2025-11-18 16:26:56.101962,106,1218,HandType.Left,0.693783700466156,9.069292068481445,304.7834167480469,26.797752380371094,0.5235530734062195,-0.17308369278907776,0.8342267274856567,-32.66942596435547,-116.04622650146484,-15.897626876831055,0.9432869553565979,1.0,9.094003677368164,0,0,0,0,0,50.9696044921875,316.8144836425781,59.83304214477539,52.45038986206055,311.3755187988281,52.696807861328125,lower,41,2025-11-18T16:26:56.101962,my_hand_data\videos\lower_seq41_20251118_162654_914194.avi,89.79928960779824,360,90,HIGH,VIDEO_RECORDING,2025-11-18T16:26:58.982298
2025-11-18 16:26:56.108237,107,1218,HandType.Left,0.6946938037872314,8.637475967407227,303.5125732421875,26.590425491333008,0.5240939259529114,-0.1758083552122116,0.8333168625831604,-39.569007873535156,-116.45366668701172,-18.998241424560547,0.9314894080162048,1.0,9.381762504577637,0,0,0,0,0,50.5604248046875,315.51336669921875,59.82115936279297,52.33267593383789,309.9681396484375,52.46405029296875,lower,41,2025-11-18T16:26:56.108237,my_hand_data\videos\lower_seq41_20251118_162654_914194.avi,89.79928960779824,360,90,HIGH,VIDEO_RECORDING,2025-11-18T16:26:58.982298
2025-11-18 16:26:56.122625,108,1218,HandType.Left,0.6961461305618286,8.227826118469238,302.404052734375,26.349794387817383,0.5245285034179688,-0.1771906465291977,0.8327504396438599,-35.7210578918457,-96.66082763671875,-20.982826232910156,0.9294889569282532,1.0,9.636614799499512,0,0,0,0,0,50.25545120239258,314.41522216796875,59.7855339050293,52.00558090209961,308.7461242675781,52.19193649291992,lower,41,2025-11-18T16:26:56.122625,my_hand_data\videos\lower_seq41_20251118_162654_914194.avi,89.79928960779824,360,90,HIGH,VIDEO_RECORDING,2025-11-18T16:26:58.982298
2025-11-18 16:26:56.132863,109,1218,HandType.Left,0.6983000636100769,7.832948207855225,301.5115661621094,26.101661682128906,0.524833619594574,-0.17892985045909882,0.8321861028671265,-36.07181167602539,-81.5282974243164,-22.666662216186523,0.9262677431106567,1.0,9.930368423461914,0,0,0,0,0,49.89929962158203,313.47064208984375,59.84834671020508,51.67985916137695,307.7835998535156,51.90483474731445,lower,41,2025-11-18T16:26:56.133367,my_hand_data\videos\lower_seq41_20251118_162654_914194.avi,89.79928960779824,360,90,HIGH,VIDEO_RECORDING,2025-11-18T16:26:58.982298
2025-11-18 16:26:56.133367,110,1218,HandType.Left,0.6983143091201782,7.494093418121338,300.6847229003906,25.843141555786133,0.5247714519500732,-0.17946042120456696,0.8321110606193542,-31.070528030395508,-75.81548309326172,-23.704469680786133,0.9251143336296082,1.0,10.038122177124023,0,0,0,0,0,49.5756950378418,312.6492919921875,59.69765853881836,51.38097381591797,306.9429016113281,51.638999938964844,lower,41,2025-11-18T16:26:56.133367,my_hand_data\videos\lower_seq41_20251118_162654_914194.avi,89.79928960779824,360,90,HIGH,VIDEO_RECORDING,2025-11-18T16:26:58.982298
2025-11-18 16:26:56.153346,111,1218,HandType.Left,0.6983780264854431,7.23529577255249,299.90496826171875,25.566097259521484,0.5246425271034241,-0.17986445128917694,0.8321051597595215,-22.880151748657227,-68.93746948242188,-24.493370056152344,0.9255247712135315,1.0,10.015360832214355,0,0,0,0,0,49.32746505737305,311.75634765625,59.48351287841797,51.092384338378906,306.1578674316406,51.36874008178711,lower,41,2025-11-18T16:26:56.153346,my_hand_data\videos\lower_seq41_20251118_162654_914194.avi,89.79928960779824,360,90,HIGH,VIDEO_RECORDING,2025-11-18T16:26:58.982298
2025-11-18 16:26:56.163555,112,1218,HandType.Left,0.6996163725852966,7.0568766593933105,299.0173034667969,25.2641544342041,0.52461177110672,-0.17983996868133545,0.8321298360824585,-16.418439865112305,-81.6860122680664,-27.785240173339844,0.9282196760177612,1.0,10.055065155029297,0,0,0,0,0,49.13284683227539,310.8979187011719,59.304237365722656,50.704708099365234,305.2971496582031,51.10271453857422,lower,41,2025-11-18T16:26:56.163555,my_hand_data\videos\lower_seq41_20251118_162654_914194.avi,89.79928960779824,360,90,HIGH,VIDEO_RECORDING,2025-11-18T16:26:58.982298
2025-11-18 16:26:56.173956,113,1218,HandType.Left,0.6996554732322693,6.867783069610596,298.13897705078125,24.94179916381836,0.5245271921157837,-0.18011510372161865,0.8321236968040466,-17.066190719604492,-79.27174377441406,-29.093433380126953,0.9301608800888062,1.0,10.133666038513184,0,0,0,0,0,48.9190559387207,310.17401123046875,58.99456024169922,50.47663116455078,304.42327880859375,50.7973518371582,lower,41,2025-11-18T16:26:56.173956,my_hand_data\videos\lower_seq41_20251118_162654_914194.avi,89.79928960779824,360,90,HIGH,VIDEO_RECORDING,2025-11-18T16:26:58.982298
2025-11-18 16:26:56.194522,114,1218,HandType.Left,0.6993585824966431,6.495294094085693,296.50390625,24.406557083129883,0.5239529013633728,-0.18055672943592072,0.8323897123336792,-19.492265701293945,-71.6467056274414,-21.850284576416016,0.9353041648864746,1.0,10.23210620880127,0,0,0,0,0,48.54727554321289,308.639892578125,58.53266906738281,50.162879943847656,302.8614807128906,50.24437713623047,lower,41,2025-11-18T16:26:56.194522,my_hand_data\videos\lower_seq41_20251118_162654_914194.avi,89.79928960779824,360,90,HIGH,VIDEO_RECORDING,2025-11-18T16:26:58.982298
2025-11-18 16:26:56.198390,115,1218,HandType.Left,0.6993585824966431,6.495294094085693,296.50390625,24.406557083129883,0.5239529013633728,-0.18055672943592072,0.8323897123336792,-19.492265701293945,-71.6467056274414,-21.850284576416016,0.9353041648864746,1.0,10.23210620880127,0,0,0,0,0,48.54727554321289,308.639892578125,58.53266906738281,50.162879943847656,302.8614807128906,50.24437713623047,lower,41,2025-11-18T16:26:56.198390,my_hand_data\videos\lower_seq41_20251118_162654_914194.avi,89.79928960779824,360,90,HIGH,VIDEO_RECORDING,2025-11-18T16:26:58.982298
2025-11-18 16:26:56.215052,116,1218,HandType.Left,0.7017413377761841,6.244784832000732,295.5198974609375,24.065876007080078,0.5241220593452454,-0.18133875727653503,0.8321131467819214,-23.035348892211914,-90.48365020751953,-31.326906204223633,0.9398011565208435,1.0,10.489523887634277,0,0,0,0,0,48.309146881103516,307.70770263671875,58.42509078979492,49.930763244628906,301.8622741699219,49.8675537109375,lower,41,2025-11-18T16:26:56.215052,my_hand_data\videos\lower_seq41_20251118_162654_914194.avi,89.79928960779824,360,90,HIGH,VIDEO_RECORDING,2025-11-18T16:26:58.982298
2025-11-18 16:26:56.219251,117,1218,HandType.Left,0.7030135989189148,5.941977500915527,294.6180114746094,23.722379684448242,0.5243487358093262,-0.18103457987308502,0.8320366144180298,-27.463024139404297,-81.79480743408203,-31.153308868408203,0.943284273147583,1.0,10.7190580368042,0,0,0,0,0,48.08054733276367,306.8951416015625,58.30083465576172,49.635807037353516,300.9951477050781,49.48780822753906,lower,41,2025-11-18T16:26:56.219251,my_hand_data\videos\lower_seq41_20251118_162654_914194.avi,89.79928960779824,360,90,HIGH,VIDEO_RECORDING,2025-11-18T16:26:58.982298
2025-11-18 16:26:56.235512,118,1218,HandType.Left,0.7032995223999023,5.597952365875244,293.65869140625,23.34724998474121,0.524734616279602,-0.17959962785243988,0.8321043252944946,-30.705577850341797,-85.62257385253906,-33.48176574707031,0.9499703645706177,1.0,10.914965629577637,0,0,0,0,0,47.76932144165039,306.1726989746094,58.04783248901367,49.27024459838867,300.1354675292969,49.079246520996094,lower,41,2025-11-18T16:26:56.235512,my_hand_data\videos\lower_seq41_20251118_162654_914194.avi,89.79928960779824,360,90,HIGH,VIDEO_RECORDING,2025-11-18T16:26:58.982298
2025-11-18 16:26:56.235512,119,1218,HandType.Left,0.7039703726768494,5.175065994262695,292.7274169921875,22.95125961303711,0.5249100923538208,-0.178882896900177,0.832148015499115,-38.20456314086914,-84.13546752929688,-35.774818420410156,0.9515258073806763,1.0,11.07345199584961,0,0,0,0,0,47.354087829589844,305.2994689941406,57.82498550415039,48.886234283447266,299.2574768066406,48.672489166259766,lower,41,2025-11-18T16:26:56.235512,my_hand_data\videos\lower_seq41_20251118_162654_914194.avi,89.79928960779824,360,90,HIGH,VIDEO_RECORDING,2025-11-18T16:26:58.982298
2025-11-18 16:26:56.256025,120,1218,HandType.Left,0.7029075026512146,4.548430919647217,291.7286682128906,22.55942153930664,0.5254730582237244,-0.17854580283164978,0.8318650722503662,-54.72318649291992,-87.2183609008789,-34.21858596801758,0.9496787786483765,1.0,11.471053123474121,0,0,0,0,0,46.73133850097656,304.69378662109375,57.56874465942383,48.68720626831055,298.3554992675781,48.210018157958984,lower,41,2025-11-18T16:26:56.256025,my_hand_data\videos\lower_seq41_20251118_162654_914194.avi,89.79928960779824,360,90,HIGH,VIDEO_RECORDING,2025-11-18T16:26:58.982298
2025-11-18 16:26:56.266132,121,1218,HandType.Left,0.7030951976776123,3.956681966781616,290.70306396484375,22.102006912231445,0.5258792638778687,-0.17715640366077423,0.8319053649902344,-54.94417953491211,-95.2280044555664,-42.471290588378906,0.9520778656005859,1.0,11.661194801330566,0,0,0,0,0,46.13562774658203,303.9035339355469,57.222904205322266,48.10609817504883,297.4515075683594,47.71122360229492,lower,41,2025-11-18T16:26:56.266132,my_hand_data\videos\lower_seq41_20251118_162654_914194.avi,89.79928960779824,360,90,HIGH,VIDEO_RECORDING,2025-11-18T16:26:58.982298
2025-11-18 16:26:56.276415,122,1218,HandType.Left,0.7031033635139465,3.3992762565612793,289.53155517578125,21.601104736328125,0.5263051390647888,-0.17665435373783112,0.8317428231239319,-49.91096878051758,-104.89940643310547,-44.85152053833008,0.9511053562164307,1.0,11.922516822814941,0,0,0,0,0,45.55144500732422,303.0556335449219,56.83332824707031,47.52828598022461,296.3478088378906,47.17705535888672,lower,41,2025-11-18T16:26:56.276415,my_hand_data\videos\lower_seq41_20251118_162654_914194.avi,89.79928960779824,360,90,HIGH,VIDEO_RECORDING,2025-11-18T16:26:58.982298
2025-11-18 16:26:56.286485,123,1218,HandType.Left,0.7051286697387695,3.0064988136291504,288.1499938964844,21.043973922729492,0.5268954634666443,-0.1769191473722458,0.8313126564025879,-35.50048065185547,-124.86959075927734,-50.355323791503906,0.9543837308883667,1.0,11.935639381408691,0,0,0,0,0,45.072853088378906,301.6943359375,56.341304779052734,46.89897155761719,295.0111999511719,46.62222671508789,lower,41,2025-11-18T16:26:56.286485,my_hand_data\videos\lower_seq41_20251118_162654_914194.avi,89.79928960779824,360,90,HIGH,VIDEO_RECORDING,2025-11-18T16:26:58.982298
2025-11-18 16:26:56.296561,124,1218,HandType.Left,0.7057249546051025,2.6838924884796143,286.8313903808594,20.48827362060547,0.5273438692092896,-0.17840223014354706,0.8307111859321594,-29.287912368774414,-119.71002197265625,-50.44927215576172,0.959247350692749,1.0,11.907633781433105,0,0,0,0,0,44.594608306884766,300.3241271972656,55.77768325805664,46.430564880371094,293.68475341796875,46.0648193359375,lower,41,2025-11-18T16:26:56.296561,my_hand_data\videos\lower_seq41_20251118_162654_914194.avi,89.79928960779824,360,90,HIGH,VIDEO_RECORDING,2025-11-18T16:26:58.982298
2025-11-18 16:26:56.306700,125,1218,HandType.Left,0.7057249546051025,2.6838924884796143,286.8313903808594,20.48827362060547,0.5273438692092896,-0.17840223014354706,0.8307111859321594,-29.287912368774414,-119.71002197265625,-50.44927215576172,0.959247350692749,1.0,11.907633781433105,0,0,0,0,0,44.594608306884766,300.3241271972656,55.77768325805664,46.430564880371094,293.68475341796875,46.0648193359375,lower,41,2025-11-18T16:26:56.306700,my_hand_data\videos\lower_seq41_20251118_162654_914194.avi,89.79928960779824,360,90,HIGH,VIDEO_RECORDING,2025-11-18T16:26:58.982298
2025-11-18 16:26:56.327211,126,1218,HandType.Left,0.7072045803070068,1.1407560110092163,282.3648376464844,19.247346878051758,0.5279810428619385,-0.180470809340477,0.82985919713974,-49.337486267089844,-139.2563018798828,-35.739688873291016,0.9636288285255432,1.0,11.76878547668457,0,0,0,0,0,42.87269592285156,295.8034973144531,54.361000061035156,44.92466735839844,289.3407897949219,44.74189758300781,lower,41,2025-11-18T16:26:56.327211,my_hand_data\videos\lower_seq41_20251118_162654_914194.avi,89.79928960779824,360,90,HIGH,VIDEO_RECORDING,2025-11-18T16:26:58.982298
2025-11-18 16:26:56.327211,127,1218,HandType.Left,0.7072045803070068,1.1407560110092163,282.3648376464844,19.247346878051758,0.5279810428619385,-0.180470809340477,0.82985919713974,-49.337486267089844,-139.2563018798828,-35.739688873291016,0.9636288285255432,1.0,11.76878547668457,0,0,0,0,0,42.87269592285156,295.8034973144531,54.361000061035156,44.92466735839844,289.3407897949219,44.74189758300781,lower,41,2025-11-18T16:26:56.327211,my_hand_data\videos\lower_seq41_20251118_162654_914194.avi,89.79928960779824,360,90,HIGH,VIDEO_RECORDING,2025-11-18T16:26:58.982298
2025-11-18 16:26:56.347491,128,1218,HandType.Left,0.706712543964386,0.615319013595581,280.3710632324219,18.825361251831055,0.527860164642334,-0.18121424317359924,0.8297740817070007,-47.525054931640625,-180.3330078125,-38.16799545288086,0.9677579402923584,1.0,11.774977684020996,0,0,0,0,0,42.351680755615234,293.9873352050781,53.8653564453125,44.292564392089844,287.3691101074219,44.321659088134766,lower,41,2025-11-18T16:26:56.347491,my_hand_data\videos\lower_seq41_20251118_162654_914194.avi,89.79928960779824,360,90,HIGH,VIDEO_RECORDING,2025-11-18T16:26:58.982298
2025-11-18 16:26:56.347491,129,1218,HandType.Left,0.706712543964386,0.615319013595581,280.3710632324219,18.825361251831055,0.527860164642334,-0.18121424317359924,0.8297740817070007,-47.525054931640625,-180.3330078125,-38.16799545288086,0.9677579402923584,1.0,11.774977684020996,0,0,0,0,0,42.351680755615234,293.9873352050781,53.8653564453125,44.292564392089844,287.3691101074219,44.321659088134766,lower,41,2025-11-18T16:26:56.347491,my_hand_data\videos\lower_seq41_20251118_162654_914194.avi,89.79928960779824,360,90,HIGH,VIDEO_RECORDING,2025-11-18T16:26:58.982298
2025-11-18 16:26:56.367990,130,1218,HandType.Left,0.7068299055099487,-0.4593850076198578,276.4738464355469,17.900920867919922,0.5281838774681091,-0.18107232451438904,0.8295990824699402,-46.39924621582031,-174.7705841064453,-44.495784759521484,0.9743665456771851,1.0,11.908352851867676,0,0,0,0,0,41.30190658569336,290.5437927246094,52.92654037475586,42.936546325683594,283.4891662597656,43.473018646240234,lower,41,2025-11-18T16:26:56.367990,my_hand_data\videos\lower_seq41_20251118_162654_914194.avi,89.79928960779824,360,90,HIGH,VIDEO_RECORDING,2025-11-18T16:26:58.982298
2025-11-18 16:26:56.375022,131,1218,HandType.Left,0.7068510055541992,-0.9283056855201721,274.7306823730469,17.3085994720459,0.5281661152839661,-0.181080162525177,0.829608678817749,-42.03304672241211,-156.25279235839844,-53.09437942504883,0.980499267578125,1.0,11.927118301391602,0,0,0,0,0,40.830196380615234,288.98223876953125,52.39849853515625,42.16295623779297,281.7796630859375,42.985591888427734,lower,41,2025-11-18T16:26:56.375022,my_hand_data\videos\lower_seq41_20251118_162654_914194.avi,89.79928960779824,360,90,HIGH,VIDEO_RECORDING,2025-11-18T16:26:58.982298
2025-11-18 16:26:56.388582,132,1218,HandType.Left,0.7060474753379822,-1.4600207805633545,272.8686218261719,16.710765838623047,0.527906060218811,-0.18027150630950928,0.829950213432312,-48.9383430480957,-171.3822479248047,-55.023773193359375,0.9828221797943115,1.0,11.703014373779297,0,0,0,0,0,40.30245590209961,287.0851745605469,51.66841125488281,41.51020050048828,279.9914855957031,42.439029693603516,lower,41,2025-11-18T16:26:56.388582,my_hand_data\videos\lower_seq41_20251118_162654_914194.avi,89.79928960779824,360,90,HIGH,VIDEO_RECORDING,2025-11-18T16:26:58.982298
2025-11-18 16:26:56.398755,133,1218,HandType.Left,0.7059224843978882,-2.0090930461883545,270.80194091796875,16.115102767944336,0.5274718403816223,-0.17944611608982086,0.830405056476593,-48.53034210205078,-182.6666717529297,-52.64839172363281,0.9878882169723511,1.0,11.474437713623047,0,0,0,0,0,39.75412368774414,284.93560791015625,50.95970153808594,40.85279083251953,277.9864501953125,41.89521789550781,lower,41,2025-11-18T16:26:56.398755,my_hand_data\videos\lower_seq41_20251118_162654_914194.avi,89.79928960779824,360,90,HIGH,VIDEO_RECORDING,2025-11-18T16:26:58.982298
2025-11-18 16:26:56.409256,134,1218,HandType.Left,0.7061415314674377,-2.549074649810791,268.841064453125,15.495786666870117,0.5270969271659851,-0.17843246459960938,0.8308613896369934,-49.44886016845703,-179.56541442871094,-56.71387481689453,0.9930446147918701,1.0,11.348562240600586,0,0,0,0,0,39.22862243652344,282.930908203125,50.31254577636719,40.235328674316406,276.11572265625,41.29425048828125,lower,41,2025-11-18T16:26:56.409256,my_hand_data\videos\lower_seq41_20251118_162654_914194.avi,89.79928960779824,360,90,HIGH,VIDEO_RECORDING,2025-11-18T16:26:58.982298
2025-11-18 16:26:56.419480,135,1218,HandType.Left,0.7063097953796387,-3.105123996734619,266.85491943359375,14.801019668579102,0.526996910572052,-0.17623376846313477,0.8313939571380615,-49.74052047729492,-177.6682891845703,-62.14932632446289,1.0,1.0,11.25662612915039,0,0,0,0,0,38.66426086425781,281.0434875488281,49.57215881347656,39.461978912353516,274.2724304199219,40.61514663696289,lower,41,2025-11-18T16:26:56.419480,my_hand_data\videos\lower_seq41_20251118_162654_914194.avi,89.79928960779824,360,90,HIGH,VIDEO_RECORDING,2025-11-18T16:26:58.982298
2025-11-18 16:26:56.429923,136,1218,HandType.Left,0.705102801322937,-3.6835782527923584,264.91070556640625,14.071908950805664,0.5271275043487549,-0.17275065183639526,0.8320419192314148,-51.74473571777344,-173.91697692871094,-65.22150421142578,1.0,1.0,11.173970222473145,0,0,0,0,0,38.00907516479492,279.1668701171875,48.83992004394531,38.8438720703125,272.5393371582031,39.8824348449707,lower,41,2025-11-18T16:26:56.429923,my_hand_data\videos\lower_seq41_20251118_162654_914194.avi,89.79928960779824,360,90,HIGH,VIDEO_RECORDING,2025-11-18T16:26:58.982298
2025-11-18 16:26:56.440113,137,1218,HandType.Left,0.705102801322937,-3.6835782527923584,264.91070556640625,14.071908950805664,0.5271275043487549,-0.17275065183639526,0.8320419192314148,-51.74473571777344,-173.91697692871094,-65.22150421142578,1.0,1.0,11.173970222473145,0,0,0,0,0,38.00907516479492,279.1668701171875,48.83992004394531,38.8438720703125,272.5393371582031,39.8824348449707,lower,41,2025-11-18T16:26:56.440113,my_hand_data\videos\lower_seq41_20251118_162654_914194.avi,89.79928960779824,360,90,HIGH,VIDEO_RECORDING,2025-11-18T16:26:58.982298
2025-11-18 16:26:56.460790,138,1218,HandType.Left,0.7057321071624756,-5.299091815948486,259.6055908203125,11.51490306854248,0.5285008549690247,-0.16247734427452087,0.8332394361495972,-55.409820556640625,-159.1786346435547,-81.41822052001953,1.0,1.0,10.866433143615723,0,0,0,0,0,36.316612243652344,274.06561279296875,46.07831573486328,37.19160079956055,267.79266357421875,37.248600006103516,lower,41,2025-11-18T16:26:56.460790,my_hand_data\videos\lower_seq41_20251118_162654_914194.avi,89.79928960779824,360,90,HIGH,VIDEO_RECORDING,2025-11-18T16:26:58.982298
2025-11-18 16:26:56.460790,139,1218,HandType.Left,0.7057321071624756,-5.299091815948486,259.6055908203125,11.51490306854248,0.5285008549690247,-0.16247734427452087,0.8332394361495972,-55.409820556640625,-159.1786346435547,-81.41822052001953,1.0,1.0,10.866433143615723,0,0,0,0,0,36.316612243652344,274.06561279296875,46.07831573486328,37.19160079956055,267.79266357421875,37.248600006103516,lower,41,2025-11-18T16:26:56.460790,my_hand_data\videos\lower_seq41_20251118_162654_914194.avi,89.79928960779824,360,90,HIGH,VIDEO_RECORDING,2025-11-18T16:26:58.982298
2025-11-18 16:26:56.480536,140,1218,HandType.Left,0.7057726383209229,-5.8912506103515625,257.9679260253906,10.670001983642578,0.5289449691772461,-0.15861926972866058,0.8337008953094482,-52.343231201171875,-144.75929260253906,-74.68408203125,1.0,1.0,10.48937702178955,0,0,0,0,0,35.71195602416992,272.4343566894531,44.87421798706055,36.58867263793945,266.353271484375,36.37252426147461,lower,41,2025-11-18T16:26:56.480536,my_hand_data\videos\lower_seq41_20251118_162654_914194.avi,89.79928960779824,360,90,HIGH,VIDEO_RECORDING,2025-11-18T16:26:58.982298
2025-11-18 16:26:56.480536,141,1218,HandType.Left,0.7057726383209229,-5.8912506103515625,257.9679260253906,10.670001983642578,0.5289449691772461,-0.15861926972866058,0.8337008953094482,-52.343231201171875,-144.75929260253906,-74.68408203125,1.0,1.0,10.48937702178955,0,0,0,0,0,35.71195602416992,272.4343566894531,44.87421798706055,36.58867263793945,266.353271484375,36.37252426147461,lower,41,2025-11-18T16:26:56.480536,my_hand_data\videos\lower_seq41_20251118_162654_914194.avi,89.79928960779824,360,90,HIGH,VIDEO_RECORDING,2025-11-18T16:26:58.982298
2025-11-18 16:26:56.500722,142,1218,HandType.Left,0.7067133784294128,-6.963650226593018,254.8641815185547,8.868979454040527,0.5312114953994751,-0.15034858882427216,0.8337923288345337,-47.83799743652344,-137.89292907714844,-83.4524917602539,1.0,1.0,10.660902976989746,0,0,0,0,0,34.6474494934082,269.7917175292969,43.087738037109375,35.410770416259766,263.5850524902344,34.45353317260742,lower,41,2025-11-18T16:26:56.500722,my_hand_data\videos\lower_seq41_20251118_162654_914194.avi,89.79928960779824,360,90,HIGH,VIDEO_RECORDING,2025-11-18T16:26:58.982298
2025-11-18 16:26:56.511198,143,1218,HandType.Left,0.7071006298065186,-7.518582344055176,253.47244262695312,8.039345741271973,0.5323436260223389,-0.14695163071155548,0.8336759209632874,-49.314151763916016,-123.67678833007812,-73.72554016113281,1.0,1.0,10.741698265075684,0,0,0,0,0,34.10356521606445,268.6702880859375,42.20076370239258,34.815921783447266,262.32586669921875,33.562191009521484,lower,41,2025-11-18T16:26:56.511198,my_hand_data\videos\lower_seq41_20251118_162654_914194.avi,89.79928960779824,360,90,HIGH,VIDEO_RECORDING,2025-11-18T16:26:58.982298
2025-11-18 16:26:56.521353,144,1218,HandType.Left,0.7069048881530762,-8.04360294342041,252.14764404296875,7.200345516204834,0.5335302352905273,-0.14474664628505707,0.8333029747009277,-48.087642669677734,-121.34088897705078,-76.8455810546875,1.0,1.0,10.788920402526855,0,0,0,0,0,33.593849182128906,267.61236572265625,41.21576690673828,34.3385009765625,261.1147155761719,32.63515853881836,lower,41,2025-11-18T16:26:56.521353,my_hand_data\videos\lower_seq41_20251118_162654_914194.avi,89.79928960779824,360,90,HIGH,VIDEO_RECORDING,2025-11-18T16:26:58.982298
2025-11-18 16:26:56.531776,145,1218,HandType.Left,0.7074476480484009,-8.552098274230957,250.77244567871094,6.3134074211120605,0.5352321267127991,-0.1417449563741684,0.8327273726463318,-45.74440383911133,-123.71326446533203,-79.78932189941406,1.0,1.0,10.691307067871094,0,0,0,0,0,33.10771942138672,266.3380432128906,40.221675872802734,33.70892333984375,259.9041748046875,31.70416831970215,lower,41,2025-11-18T16:26:56.531776,my_hand_data\videos\lower_seq41_20251118_162654_914194.avi,89.79928960779824,360,90,HIGH,VIDEO_RECORDING,2025-11-18T16:26:58.982298
2025-11-18 16:26:56.541951,146,1218,HandType.Left,0.7081749439239502,-9.126008033752441,249.5902099609375,5.457718372344971,0.5370590686798096,-0.13832806050777435,0.8321255445480347,-52.11680221557617,-107.35881042480469,-77.70515441894531,1.0,1.0,10.851333618164062,0,0,0,0,0,32.594696044921875,265.5108947753906,39.3474006652832,33.14860916137695,258.88897705078125,30.768657684326172,lower,41,2025-11-18T16:26:56.541951,my_hand_data\videos\lower_seq41_20251118_162654_914194.avi,89.79928960779824,360,90,HIGH,VIDEO_RECORDING,2025-11-18T16:26:58.982298
2025-11-18 16:26:56.552315,147,1218,HandType.Left,0.7082419991493225,-9.649751663208008,248.43017578125,4.623815059661865,0.5382803678512573,-0.13570672273635864,0.8317679762840271,-47.205326080322266,-104.55540466308594,-75.1603012084961,1.0,1.0,10.797965049743652,0,0,0,0,0,32.10527420043945,264.48199462890625,38.38418960571289,32.572776794433594,257.84307861328125,29.881114959716797,lower,41,2025-11-18T16:26:56.552315,my_hand_data\videos\lower_seq41_20251118_162654_914194.avi,89.79928960779824,360,90,HIGH,VIDEO_RECORDING,2025-11-18T16:26:58.982298
2025-11-18 16:26:56.562741,148,1218,HandType.Left,0.7069349884986877,-10.248043060302734,247.04684448242188,3.940319538116455,0.5395745038986206,-0.13266785442829132,0.8314196467399597,-53.437992095947266,-123.55484008789062,-61.048179626464844,1.0,1.0,10.769608497619629,0,0,0,0,0,31.5307674407959,263.2803955078125,37.5837516784668,32.06444549560547,256.6780090332031,29.092100143432617,lower,41,2025-11-18T16:26:56.562741,my_hand_data\videos\lower_seq41_20251118_162654_914194.avi,89.79928960779824,360,90,HIGH,VIDEO_RECORDING,2025-11-18T16:26:58.982298
2025-11-18 16:26:56.583104,149,1218,HandType.Left,0.7068337798118591,-11.316023826599121,244.8074951171875,2.4275312423706055,0.5420048236846924,-0.12832841277122498,0.830519437789917,-48.241546630859375,-98.98925018310547,-69.48777770996094,1.0,1.0,10.940689086914062,0,0,0,0,0,30.62000274658203,261.3321228027344,36.05918884277344,30.896467208862305,254.5869598388672,27.449600219726562,lower,41,2025-11-18T16:26:56.583104,my_hand_data\videos\lower_seq41_20251118_162654_914194.avi,89.79928960779824,360,90,HIGH,VIDEO_RECORDING,2025-11-18T16:26:58.982298
2025-11-18 16:26:56.583104,150,1218,HandType.Left,0.7068337798118591,-11.316023826599121,244.8074951171875,2.4275312423706055,0.5420048236846924,-0.12832841277122498,0.830519437789917,-48.241546630859375,-98.98925018310547,-69.48777770996094,1.0,1.0,10.940689086914062,0,0,0,0,0,30.62000274658203,261.3321228027344,36.05918884277344,30.896467208862305,254.5869598388672,27.449600219726562,lower,41,2025-11-18T16:26:56.583104,my_hand_data\videos\lower_seq41_20251118_162654_914194.avi,89.79928960779824,360,90,HIGH,VIDEO_RECORDING,2025-11-18T16:26:58.982298
2025-11-18 16:26:56.603874,151,1218,HandType.Left,0.7068199515342712,-12.352931022644043,242.396728515625,1.035758376121521,0.5439879298210144,-0.12561288475990295,0.8296375870704651,-50.416473388671875,-110.3843994140625,-61.774070739746094,1.0,1.0,10.89709758758545,0,0,0,0,0,29.74060821533203,258.9173583984375,34.54547882080078,29.940826416015625,252.3074188232422,25.88433837890625,lower,41,2025-11-18T16:26:56.603874,my_hand_data\videos\lower_seq41_20251118_162654_914194.avi,89.79928960779824,360,90,HIGH,VIDEO_RECORDING,2025-11-18T16:26:58.982298
2025-11-18 16:26:56.603874,152,1218,HandType.Left,0.7068199515342712,-12.352931022644043,242.396728515625,1.035758376121521,0.5439879298210144,-0.12561288475990295,0.8296375870704651,-50.416473388671875,-110.3843994140625,-61.774070739746094,1.0,1.0,10.89709758758545,0,0,0,0,0,29.74060821533203,258.9173583984375,34.54547882080078,29.940826416015625,252.3074188232422,25.88433837890625,lower,41,2025-11-18T16:26:56.603874,my_hand_data\videos\lower_seq41_20251118_162654_914194.avi,89.79928960779824,360,90,HIGH,VIDEO_RECORDING,2025-11-18T16:26:58.982298
2025-11-18 16:26:56.624543,153,1218,HandType.Left,0.7068794965744019,-12.816533088684082,241.23370361328125,0.25707298517227173,0.5449256300926208,-0.12422232329845428,0.8292315006256104,-42.322547912597656,-106.17398834228516,-71.08685302734375,1.0,1.0,10.734793663024902,0,0,0,0,0,29.347747802734375,257.82305908203125,33.56708908081055,29.3244571685791,251.2338409423828,25.092571258544922,lower,41,2025-11-18T16:26:56.624543,my_hand_data\videos\lower_seq41_20251118_162654_914194.avi,89.79928960779824,360,90,HIGH,VIDEO_RECORDING,2025-11-18T16:26:58.982298
2025-11-18 16:26:56.624543,154,1218,HandType.Left,0.7068445682525635,-13.285115242004395,240.01602172851562,-0.4663027822971344,0.5461271405220032,-0.12271196395158768,0.8286657333374023,-42.43635940551758,-110.27647399902344,-65.51129913330078,1.0,1.0,10.769964218139648,0,0,0,0,0,28.984588623046875,256.84783935546875,32.76137924194336,28.615312576293945,250.1240997314453,24.356197357177734,lower,41,2025-11-18T16:26:56.624543,my_hand_data\videos\lower_seq41_20251118_162654_914194.avi,89.79928960779824,360,90,HIGH,VIDEO_RECORDING,2025-11-18T16:26:58.982298
2025-11-18 16:26:56.645484,155,1218,HandType.Left,0.7073842883110046,-13.662935256958008,238.8583221435547,-1.2094101905822754,0.5470595359802246,-0.12214941531419754,0.8281336426734924,-33.0031852722168,-101.12708282470703,-64.91155242919922,1.0,1.0,10.7915620803833,0,0,0,0,0,28.730838775634766,255.62718200683594,32.06877517700195,28.08782386779785,248.9661102294922,23.602697372436523,lower,41,2025-11-18T16:26:56.645484,my_hand_data\videos\lower_seq41_20251118_162654_914194.avi,89.79928960779824,360,90,HIGH,VIDEO_RECORDING,2025-11-18T16:26:58.982298
2025-11-18 16:26:56.655768,156,1218,HandType.Left,0.7078673839569092,-14.071879386901855,237.4762420654297,-1.8975871801376343,0.5476885437965393,-0.12236951291561127,0.8276852965354919,-37.1564826965332,-125.57561492919922,-62.527442932128906,1.0,1.0,10.767362594604492,0,0,0,0,0,28.430233001708984,254.26736450195312,31.296175003051758,27.460830688476562,247.56271362304688,22.926944732666016,lower,41,2025-11-18T16:26:56.655768,my_hand_data\videos\lower_seq41_20251118_162654_914194.avi,89.79928960779824,360,90,HIGH,VIDEO_RECORDING,2025-11-18T16:26:58.982298
2025-11-18 16:26:56.665863,157,1218,HandType.Left,0.7070621252059937,-14.435203552246094,235.944091796875,-2.616095781326294,0.5482258796691895,-0.12193576991558075,0.8273935317993164,-33.13485336303711,-139.73126220703125,-65.52745819091797,1.0,1.0,10.873699188232422,0,0,0,0,0,28.1187686920166,252.7784423828125,30.640329360961914,26.94500732421875,246.01577758789062,22.206707000732422,lower,41,2025-11-18T16:26:56.665863,my_hand_data\videos\lower_seq41_20251118_162654_914194.avi,89.79928960779824,360,90,HIGH,VIDEO_RECORDING,2025-11-18T16:26:58.982298
2025-11-18 16:26:56.675983,158,1218,HandType.Left,0.7070611119270325,-14.829712867736816,234.4584503173828,-3.356326103210449,0.5487692356109619,-0.12131647020578384,0.8271243572235107,-35.369319915771484,-133.19320678710938,-66.36456298828125,1.0,1.0,11.13225269317627,0,0,0,0,0,27.811487197875977,251.6512908935547,29.893383026123047,26.305326461791992,244.52191162109375,21.477298736572266,lower,41,2025-11-18T16:26:56.675983,my_hand_data\videos\lower_seq41_20251118_162654_914194.avi,89.79928960779824,360,90,HIGH,VIDEO_RECORDING,2025-11-18T16:26:58.982298
2025-11-18 16:26:56.686352,159,1218,HandType.Left,0.7075377702713013,-15.26146411895752,232.97142028808594,-4.0397748947143555,0.5493102073669434,-0.12097097933292389,0.8268157839775085,-39.0689811706543,-134.56112670898438,-61.844970703125,1.0,1.0,11.16037368774414,0,0,0,0,0,27.465469360351562,250.20948791503906,29.174638748168945,25.525320053100586,243.02932739257812,20.853878021240234,lower,41,2025-11-18T16:26:56.686352,my_hand_data\videos\lower_seq41_20251118_162654_914194.avi,89.79928960779824,360,90,HIGH,VIDEO_RECORDING,2025-11-18T16:26:58.982298
2025-11-18 16:26:56.696642,160,1218,HandType.Left,0.7051267027854919,-15.60950756072998,231.4978485107422,-4.730817794799805,0.5496989488601685,-0.12040480226278305,0.8266400694847107,-31.150407791137695,-131.88613891601562,-61.84933853149414,1.0,1.0,11.20108413696289,0,0,0,0,0,27.154748916625977,248.82656860351562,28.457473754882812,25.0733699798584,241.564208984375,20.187631607055664,lower,41,2025-11-18T16:26:56.696642,my_hand_data\videos\lower_seq41_20251118_162654_914194.avi,89.79928960779824,360,90,HIGH,VIDEO_RECORDING,2025-11-18T16:26:58.982298
2025-11-18 16:26:56.707053,161,1218,HandType.Left,0.7040964961051941,-15.94360065460205,229.99630737304688,-5.4089789390563965,0.5501540303230286,-0.11982613056898117,0.8264213800430298,-30.190942764282227,-135.69039916992188,-61.2833366394043,1.0,1.0,11.324722290039062,0,0,0,0,0,26.858705520629883,247.53778076171875,27.765939712524414,24.68654441833496,240.0836181640625,19.521759033203125,lower,41,2025-11-18T16:26:56.707053,my_hand_data\videos\lower_seq41_20251118_162654_914194.avi,89.79928960779824,360,90,HIGH,VIDEO_RECORDING,2025-11-18T16:26:58.982298
2025-11-18 16:26:56.727637,162,1218,HandType.Left,0.704127848148346,-16.567718505859375,226.97755432128906,-6.792125701904297,0.5516871809959412,-0.11715397983789444,0.8257821798324585,-31.099834442138672,-132.82806396484375,-58.70366668701172,1.0,1.0,11.55613899230957,0,0,0,0,0,26.2724609375,244.87075805664062,26.403642654418945,24.09487533569336,237.1490020751953,18.086374282836914,lower,41,2025-11-18T16:26:56.727637,my_hand_data\videos\lower_seq41_20251118_162654_914194.avi,89.79928960779824,360,90,HIGH,VIDEO_RECORDING,2025-11-18T16:26:58.982298
2025-11-18 16:26:56.727637,163,1218,HandType.Left,0.704127848148346,-16.567718505859375,226.97755432128906,-6.792125701904297,0.5516871809959412,-0.11715397983789444,0.8257821798324585,-31.099834442138672,-132.82806396484375,-58.70366668701172,1.0,1.0,11.55613899230957,0,0,0,0,0,26.2724609375,244.87075805664062,26.403642654418945,24.09487533569336,237.1490020751953,18.086374282836914,lower,41,2025-11-18T16:26:56.727637,my_hand_data\videos\lower_seq41_20251118_162654_914194.avi,89.79928960779824,360,90,HIGH,VIDEO_RECORDING,2025-11-18T16:26:58.982298
2025-11-18 16:26:56.748036,164,1218,HandType.Left,0.7036458253860474,-16.906452178955078,225.41864013671875,-7.410200595855713,0.5520802140235901,-0.11657030880451202,0.825602114200592,-29.960491180419922,-137.88352966308594,-54.66786193847656,1.0,1.0,11.49535083770752,0,0,0,0,0,25.979379653930664,243.28758239746094,25.786100387573242,23.779624938964844,235.64720153808594,17.483766555786133,lower,41,2025-11-18T16:26:56.748036,my_hand_data\videos\lower_seq41_20251118_162654_914194.avi,89.79928960779824,360,90,HIGH,VIDEO_RECORDING,2025-11-18T16:26:58.982298
2025-11-18 16:26:56.748036,165,1218,HandType.Left,0.7035931944847107,-17.124780654907227,224.0393829345703,-8.046760559082031,0.5525239706039429,-0.11775011569261551,0.8251376748085022,-20.008075714111328,-126.39863586425781,-58.33578109741211,1.0,1.0,11.445253372192383,0,0,0,0,0,25.7913761138916,241.83670043945312,25.146425247192383,23.480392456054688,234.2577362060547,16.887340545654297,lower,41,2025-11-18T16:26:56.748036,my_hand_data\videos\lower_seq41_20251118_162654_914194.avi,89.79928960779824,360,90,HIGH,VIDEO_RECORDING,2025-11-18T16:26:58.982298
2025-11-18 16:26:56.767802,166,1218,HandType.Left,0.7031266689300537,-17.416362762451172,222.51718139648438,-8.642550468444824,0.5528510808944702,-0.11850956827402115,0.824809730052948,-26.278118133544922,-137.18472290039062,-53.694091796875,1.0,1.0,11.633610725402832,0,0,0,0,0,25.546457290649414,240.63827514648438,24.56087303161621,23.272401809692383,232.7520294189453,16.31607437133789,lower,41,2025-11-18T16:26:56.767802,my_hand_data\videos\lower_seq41_20251118_162654_914194.avi,89.79928960779824,360,90,HIGH,VIDEO_RECORDING,2025-11-18T16:26:58.982298
2025-11-18 16:26:56.777408,167,1218,HandType.Left,0.7030459046363831,-17.777170181274414,221.0465087890625,-9.197976112365723,0.5528650283813477,-0.11981086432933807,0.8246124386787415,-32.31013107299805,-131.69760131835938,-49.73817443847656,1.0,1.0,11.772456169128418,0,0,0,0,0,25.25874900817871,239.38987731933594,24.012252807617188,22.97563934326172,231.2845916748047,15.785316467285156,lower,41,2025-11-18T16:26:56.777408,my_hand_data\videos\lower_seq41_20251118_162654_914194.avi,89.79928960779824,360,90,HIGH,VIDEO_RECORDING,2025-11-18T16:26:58.982298
2025-11-18 16:26:56.787510,168,1218,HandType.Left,0.702191948890686,-18.106584548950195,219.61572265625,-9.774443626403809,0.5531913042068481,-0.11975480616092682,0.8244017362594604,-28.880807876586914,-125.44123840332031,-50.54066848754883,1.0,1.0,12.047220230102539,0,0,0,0,0,24.996992111206055,238.27716064453125,23.60611915588379,22.750444412231445,229.94216918945312,15.2027587890625,lower,41,2025-11-18T16:26:56.787510,my_hand_data\videos\lower_seq41_20251118_162654_914194.avi,89.79928960779824,360,90,HIGH,VIDEO_RECORDING,2025-11-18T16:26:58.982298
2025-11-18 16:26:56.797544,169,1218,HandType.Left,0.7023080587387085,-18.526172637939453,218.23760986328125,-10.366124153137207,0.5541958212852478,-0.11893186718225479,0.8238459825515747,-38.74321746826172,-127.24951934814453,-54.63346862792969,1.0,1.0,12.210487365722656,0,0,0,0,0,24.713096618652344,237.01988220214844,23.148908615112305,22.39328384399414,228.6234588623047,14.592358589172363,lower,41,2025-11-18T16:26:56.797544,my_hand_data\videos\lower_seq41_20251118_162654_914194.avi,89.79928960779824,360,90,HIGH,VIDEO_RECORDING,2025-11-18T16:26:58.982298
2025-11-18 16:26:56.808033,170,1218,HandType.Left,0.7033056616783142,-18.959638595581055,216.9445343017578,-10.874963760375977,0.5545336604118347,-0.11886852979660034,0.823627769947052,-39.46327209472656,-117.72346496582031,-46.32558822631836,1.0,1.0,12.308374404907227,0,0,0,0,0,24.394248962402344,235.8109893798828,22.72294807434082,22.077678680419922,227.35279846191406,14.086479187011719,lower,41,2025-11-18T16:26:56.808033,my_hand_data\videos\lower_seq41_20251118_162654_914194.avi,89.79928960779824,360,90,HIGH,VIDEO_RECORDING,2025-11-18T16:26:58.982298
2025-11-18 16:26:56.818183,171,1218,HandType.Left,0.7060906887054443,-19.41570281982422,215.81288146972656,-11.402901649475098,0.5552249550819397,-0.11875051259994507,0.8231789469718933,-40.869712829589844,-101.41215515136719,-47.31046676635742,1.0,1.0,12.467097282409668,0,0,0,0,0,24.013160705566406,234.73902893066406,22.369115829467773,21.601268768310547,226.2122039794922,13.599592208862305,lower,41,2025-11-18T16:26:56.818183,my_hand_data\videos\lower_seq41_20251118_162654_914194.avi,89.79928960779824,360,90,HIGH,VIDEO_RECORDING,2025-11-18T16:26:58.982298
2025-11-18 16:26:56.838183,172,1218,HandType.Left,0.7071874737739563,-19.9022274017334,214.69094848632812,-11.884243965148926,0.5555343627929688,-0.11900012195110321,0.822934091091156,-43.85862731933594,-101.13841247558594,-43.391510009765625,1.0,1.0,12.544105529785156,0,0,0,0,0,23.68414878845215,233.674072265625,21.982526779174805,21.20286750793457,225.06463623046875,13.203265190124512,lower,41,2025-11-18T16:26:56.838183,my_hand_data\videos\lower_seq41_20251118_162654_914194.avi,89.79928960779824,360,90,HIGH,VIDEO_RECORDING,2025-11-18T16:26:58.982298
2025-11-18 16:26:56.838183,173,1218,HandType.Left,0.70685213804245,-20.335901260375977,213.57373046875,-12.42921257019043,0.5562900900840759,-0.11824570596218109,0.8225322365760803,-38.10842514038086,-98.17443084716797,-47.88827896118164,1.0,1.0,12.89410400390625,0,0,0,0,0,23.48166847229004,232.77317810058594,21.721651077270508,20.747272491455078,223.94256591796875,12.735280990600586,lower,41,2025-11-18T16:26:56.838183,my_hand_data\videos\lower_seq41_20251118_162654_914194.avi,89.79928960779824,360,90,HIGH,VIDEO_RECORDING,2025-11-18T16:26:58.982298
2025-11-18 16:26:56.858261,174,1218,HandType.Left,0.7080734968185425,-20.75618553161621,212.60067749023438,-12.9025297164917,0.5566349029541016,-0.11895645409822464,0.8221964240074158,-37.63295364379883,-87.12860870361328,-42.38156509399414,1.0,1.0,13.413071632385254,0,0,0,0,0,23.346607208251953,232.0558319091797,21.56438636779785,20.142637252807617,222.91053771972656,12.312163352966309,lower,41,2025-11-18T16:26:56.858261,my_hand_data\videos\lower_seq41_20251118_162654_914194.avi,89.79928960779824,360,90,HIGH,VIDEO_RECORDING,2025-11-18T16:26:58.982298
2025-11-18 16:26:56.858261,175,1218,HandType.Left,0.7096024751663208,-21.24970817565918,211.56478881835938,-13.452638626098633,0.5575855374336243,-0.11853650212287903,0.8216127157211304,-45.69223403930664,-95.9067611694336,-50.931297302246094,1.0,1.0,13.88232421875,0,0,0,0,0,23.032493591308594,231.28587341308594,21.221250534057617,19.169353485107422,221.8485107421875,11.826194763183594,lower,41,2025-11-18T16:26:56.858261,my_hand_data\videos\lower_seq41_20251118_162654_914194.avi,89.79928960779824,360,90,HIGH,VIDEO_RECORDING,2025-11-18T16:26:58.982298
2025-11-18 16:26:56.878847,176,1218,HandType.Left,0.7102506756782532,-21.69532012939453,210.62762451171875,-14.03070068359375,0.558270275592804,-0.11814603209495544,0.821203887462616,-38.79953384399414,-81.5990982055664,-50.331939697265625,1.0,1.0,14.065362930297852,0,0,0,0,0,22.722686767578125,230.44093322753906,20.741952896118164,18.491472244262695,220.9214630126953,11.303149223327637,lower,41,2025-11-18T16:26:56.878847,my_hand_data\videos\lower_seq41_20251118_162654_914194.avi,89.79928960779824,360,90,HIGH,VIDEO_RECORDING,2025-11-18T16:26:58.982298
2025-11-18 16:26:56.889042,177,1218,HandType.Left,0.710269033908844,-22.143142700195312,209.69920349121094,-14.596219062805176,0.5587635040283203,-0.11832937598228455,0.8208419680595398,-41.09218978881836,-85.19114685058594,-51.89190673828125,1.0,1.0,14.262572288513184,0,0,0,0,0,22.381755828857422,229.6602783203125,20.264951705932617,17.900053024291992,219.9982147216797,10.779315948486328,lower,41,2025-11-18T16:26:56.889042,my_hand_data\videos\lower_seq41_20251118_162654_914194.avi,89.79928960779824,360,90,HIGH,VIDEO_RECORDING,2025-11-18T16:26:58.982298
2025-11-18 16:26:56.899267,178,1218,HandType.Left,0.7093721628189087,-22.564002990722656,208.7702178955078,-15.154308319091797,0.5592725276947021,-0.11825888603925705,0.8205053806304932,-38.558013916015625,-85.11097717285156,-51.130470275878906,1.0,1.0,14.465760231018066,0,0,0,0,0,22.02040672302246,228.9311065673828,19.74854850769043,17.368383407592773,219.08108520507812,10.224055290222168,lower,41,2025-11-18T16:26:56.899267,my_hand_data\videos\lower_seq41_20251118_162654_914194.avi,89.79928960779824,360,90,HIGH,VIDEO_RECORDING,2025-11-18T16:26:58.982298
2025-11-18 16:26:56.909497,179,1218,HandType.Left,0.709257185459137,-23.076345443725586,207.93612670898438,-15.743925094604492,0.5601083040237427,-0.11722425371408463,0.8200836181640625,-46.03254699707031,-74.941650390625,-52.97553634643555,1.0,1.0,14.657462120056152,0,0,0,0,0,21.611331939697266,228.1665496826172,19.315650939941406,16.76114273071289,218.27297973632812,9.62282943725586,lower,41,2025-11-18T16:26:56.909497,my_hand_data\videos\lower_seq41_20251118_162654_914194.avi,89.79928960779824,360,90,HIGH,VIDEO_RECORDING,2025-11-18T16:26:58.982298
2025-11-18 16:26:56.919621,180,1218,HandType.Left,0.7080990672111511,-23.52374267578125,207.1517333984375,-16.349292755126953,0.5605345964431763,-0.11695059388875961,0.8198314309120178,-39.92112731933594,-69.99092102050781,-54.01694107055664,1.0,1.0,14.87882137298584,0,0,0,0,0,21.23468017578125,227.582763671875,18.76485252380371,16.220834732055664,217.49522399902344,9.005492210388184,lower,41,2025-11-18T16:26:56.919621,my_hand_data\videos\lower_seq41_20251118_162654_914194.avi,89.79928960779824,360,90,HIGH,VIDEO_RECORDING,2025-11-18T16:26:58.982298
2025-11-18 16:26:56.929401,181,1218,HandType.Left,0.7078784108161926,-23.999265670776367,206.51490783691406,-17.03114128112793,0.5612547993659973,-0.11646755039691925,0.8194073438644409,-43.0844841003418,-57.698577880859375,-61.77842330932617,1.0,1.0,15.045637130737305,0,0,0,0,0,20.84391975402832,227.10183715820312,18.105810165405273,15.734936714172363,216.85848999023438,8.295561790466309,lower,41,2025-11-18T16:26:56.929401,my_hand_data\videos\lower_seq41_20251118_162654_914194.avi,89.79928960779824,360,90,HIGH,VIDEO_RECORDING,2025-11-18T16:26:58.982298
2025-11-18 16:26:56.939546,182,1218,HandType.Left,0.7083125114440918,-24.50035858154297,205.7578125,-17.742870330810547,0.5619773864746094,-0.11414366215467453,0.81923907995224,-45.143524169921875,-68.20763397216797,-64.11975860595703,1.0,1.0,15.36011791229248,0,0,0,0,0,20.476810455322266,226.6027069091797,17.558488845825195,15.165448188781738,216.14186096191406,7.573194980621338,lower,41,2025-11-18T16:26:56.939546,my_hand_data\videos\lower_seq41_20251118_162654_914194.avi,89.79928960779824,360,90,HIGH,VIDEO_RECORDING,2025-11-18T16:26:58.982298
2025-11-18 16:26:56.960035,183,1218,HandType.Left,0.7082914113998413,-25.37750244140625,204.0493927001953,-19.154850006103516,0.5633607506752014,-0.1112278550863266,0.8186898231506348,-41.876224517822266,-78.10932159423828,-65.24908447265625,1.0,1.0,15.701629638671875,0,0,0,0,0,19.740093231201172,225.2777557373047,16.22933578491211,14.181729316711426,214.54417419433594,6.108947277069092,lower,41,2025-11-18T16:26:56.960035,my_hand_data\videos\lower_seq41_20251118_162654_914194.avi,89.79928960779824,360,90,HIGH,VIDEO_RECORDING,2025-11-18T16:26:58.982298
2025-11-18 16:26:56.963921,184,1218,HandType.Left,0.7082914113998413,-25.37750244140625,204.0493927001953,-19.154850006103516,0.5633607506752014,-0.1112278550863266,0.8186898231506348,-41.876224517822266,-78.10932159423828,-65.24908447265625,1.0,1.0,15.701629638671875,0,0,0,0,0,19.740093231201172,225.2777557373047,16.22933578491211,14.181729316711426,214.54417419433594,6.108947277069092,lower,41,2025-11-18T16:26:56.963921,my_hand_data\videos\lower_seq41_20251118_162654_914194.avi,89.79928960779824,360,90,HIGH,VIDEO_RECORDING,2025-11-18T16:26:58.982298
2025-11-18 16:26:56.980314,185,1218,HandType.Left,0.7081956267356873,-25.866750717163086,203.19789123535156,-19.809602737426758,0.5644399523735046,-0.10906310379505157,0.8182376027107239,-43.35371780395508,-75.45348358154297,-58.01967239379883,1.0,1.0,15.828761100769043,0,0,0,0,0,19.344024658203125,224.70880126953125,15.522489547729492,13.672150611877441,213.8673095703125,5.371369361877441,lower,41,2025-11-18T16:26:56.980314,my_hand_data\videos\lower_seq41_20251118_162654_914194.avi,89.79928960779824,360,90,HIGH,VIDEO_RECORDING,2025-11-18T16:26:58.982298
2025-11-18 16:26:56.985471,186,1218,HandType.Left,0.7085011005401611,-26.415939331054688,202.31903076171875,-20.516836166381836,0.5653313398361206,-0.10857430845499039,0.8176870346069336,-49.29010009765625,-78.87890625,-63.47463607788086,1.0,1.0,15.87685489654541,0,0,0,0,0,18.90375518798828,223.92274475097656,14.72324275970459,13.115402221679688,213.0409698486328,4.59262752532959,lower,41,2025-11-18T16:26:56.985471,my_hand_data\videos\lower_seq41_20251118_162654_914194.avi,89.79928960779824,360,90,HIGH,VIDEO_RECORDING,2025-11-18T16:26:58.982298
2025-11-18 16:26:57.000417,187,1218,HandType.Left,0.7094221115112305,-27.01556396484375,201.31887817382812,-21.208023071289062,0.5663171410560608,-0.107292041182518,0.817173957824707,-55.17842483520508,-92.035888671875,-63.6041374206543,1.0,1.0,15.966718673706055,0,0,0,0,0,18.3973388671875,223.05516052246094,14.021627426147461,12.436613082885742,212.12168884277344,3.8781185150146484,lower,41,2025-11-18T16:26:57.000417,my_hand_data\videos\lower_seq41_20251118_162654_914194.avi,89.79928960779824,360,90,HIGH,VIDEO_RECORDING,2025-11-18T16:26:58.982298
2025-11-18 16:26:57.010574,188,1218,HandType.Left,0.7099354863166809,-27.6061954498291,200.28347778320312,-21.87718391418457,0.567539393901825,-0.10649125277996063,0.8164304494857788,-53.58654022216797,-93.93946075439453,-60.71151351928711,1.0,1.0,15.996007919311523,0,0,0,0,0,17.86382484436035,222.09170532226562,13.315135955810547,11.828948020935059,211.1424102783203,3.17427134513855,lower,41,2025-11-18T16:26:57.010574,my_hand_data\videos\lower_seq41_20251118_162654_914194.avi,89.79928960779824,360,90,HIGH,VIDEO_RECORDING,2025-11-18T16:26:58.982298
2025-11-18 16:26:57.020945,189,1218,HandType.Left,0.7104237079620361,-28.17694091796875,199.42340087890625,-22.617603302001953,0.5692486763000488,-0.10686342418193817,0.815190851688385,-51.15592575073242,-77.08870697021484,-66.36361694335938,1.0,1.0,15.967109680175781,0,0,0,0,0,17.33728790283203,221.14593505859375,12.56765079498291,11.256978034973145,210.30674743652344,2.362821340560913,lower,41,2025-11-18T16:26:57.020945,my_hand_data\videos\lower_seq41_20251118_162654_914194.avi,89.79928960779824,360,90,HIGH,VIDEO_RECORDING,2025-11-18T16:26:58.982298
2025-11-18 16:26:57.031388,190,1218,HandType.Left,0.7107799053192139,-28.680192947387695,198.40029907226562,-23.349308013916016,0.5707261562347412,-0.10707781463861465,0.8141289949417114,-44.845096588134766,-91.1690444946289,-65.20271301269531,1.0,1.0,15.99286937713623,0,0,0,0,0,16.86533546447754,220.07752990722656,11.81059741973877,10.766670227050781,209.30274963378906,1.5051848888397217,lower,41,2025-11-18T16:26:57.031388,my_hand_data\videos\lower_seq41_20251118_162654_914194.avi,89.79928960779824,360,90,HIGH,VIDEO_RECORDING,2025-11-18T16:26:58.982298
2025-11-18 16:26:57.041483,191,1218,HandType.Left,0.7113053798675537,-29.271759033203125,197.4003143310547,-24.050617218017578,0.5719897747039795,-0.1074514091014862,0.8131924271583557,-52.69138717651367,-89.06987762451172,-62.466182708740234,1.0,1.0,15.768975257873535,0,0,0,0,0,16.312931060791016,218.89089965820312,11.035821914672852,10.499756813049316,208.39283752441406,0.6571281552314758,lower,41,2025-11-18T16:26:57.041483,my_hand_data\videos\lower_seq41_20251118_162654_914194.avi,89.79928960779824,360,90,HIGH,VIDEO_RECORDING,2025-11-18T16:26:58.982298
2025-11-18 16:26:57.051814,192,1218,HandType.Left,0.7128607630729675,-29.821826934814453,196.35113525390625,-24.836679458618164,0.5735166668891907,-0.10865766555070877,0.8119557499885559,-50.2896614074707,-95.92036437988281,-71.86528015136719,1.0,1.0,15.784585952758789,0,0,0,0,0,15.794392585754395,217.82244873046875,10.215211868286133,9.791016578674316,207.34881591796875,-0.1341886818408966,lower,41,2025-11-18T16:26:57.051814,my_hand_data\videos\lower_seq41_20251118_162654_914194.avi,89.79928960779824,360,90,HIGH,VIDEO_RECORDING,2025-11-18T16:26:58.982298
2025-11-18 16:26:57.062262,193,1218,HandType.Left,0.7139192819595337,-30.332059860229492,195.1198272705078,-25.50446891784668,0.575037956237793,-0.10859544575214386,0.8108873963356018,-44.015907287597656,-106.22077178955078,-57.607784271240234,1.0,1.0,15.73692512512207,0,0,0,0,0,15.320357322692871,216.5849609375,9.51215648651123,9.285237312316895,206.17088317871094,-0.8144080638885498,lower,41,2025-11-18T16:26:57.062262,my_hand_data\videos\lower_seq41_20251118_162654_914194.avi,89.79928960779824,360,90,HIGH,VIDEO_RECORDING,2025-11-18T16:26:58.982298
2025-11-18 16:26:57.082391,194,1218,HandType.Left,0.7157634496688843,-31.474395751953125,192.86167907714844,-26.88636016845703,0.5782126188278198,-0.10697699338197708,0.8088424205780029,-53.82749557495117,-97.33280181884766,-63.84418487548828,1.0,1.0,15.395732879638672,0,0,0,0,0,14.256000518798828,214.0402374267578,8.107246398925781,8.206464767456055,204.17843627929688,-2.2803285121917725,lower,41,2025-11-18T16:26:57.082391,my_hand_data\videos\lower_seq41_20251118_162654_914194.avi,89.79928960779824,360,90,HIGH,VIDEO_RECORDING,2025-11-18T16:26:58.982298
2025-11-18 16:26:57.085898,195,1218,HandType.Left,0.7157634496688843,-31.474395751953125,192.86167907714844,-26.88636016845703,0.5782126188278198,-0.10697699338197708,0.8088424205780029,-53.82749557495117,-97.33280181884766,-63.84418487548828,1.0,1.0,15.395732879638672,0,0,0,0,0,14.256000518798828,214.0402374267578,8.107246398925781,8.206464767456055,204.17843627929688,-2.2803285121917725,lower,41,2025-11-18T16:26:57.085898,my_hand_data\videos\lower_seq41_20251118_162654_914194.avi,89.79928960779824,360,90,HIGH,VIDEO_RECORDING,2025-11-18T16:26:58.982298
2025-11-18 16:26:57.102687,196,1218,HandType.Left,0.7185765504837036,-32.14517593383789,191.8770751953125,-27.546932220458984,0.5796853303909302,-0.10752281546592712,0.807715117931366,-59.907108306884766,-87.9341812133789,-58.995445251464844,1.0,1.0,15.294187545776367,0,0,0,0,0,13.628240585327148,212.95416259765625,7.424849987030029,7.600806713104248,203.20362854003906,-2.933755397796631,lower,41,2025-11-18T16:26:57.102687,my_hand_data\videos\lower_seq41_20251118_162654_914194.avi,89.79928960779824,360,90,HIGH,VIDEO_RECORDING,2025-11-18T16:26:58.982298
2025-11-18 16:26:57.102687,197,1218,HandType.Left,0.7179244160652161,-32.71088790893555,190.85748291015625,-28.105148315429688,0.581220805644989,-0.10960233956575394,0.8063309788703918,-51.17267990112305,-92.22956848144531,-50.49441146850586,1.0,1.0,15.161731719970703,0,0,0,0,0,13.21580982208252,211.83999633789062,6.723629474639893,7.030062198638916,202.17408752441406,-3.4519786834716797,lower,41,2025-11-18T16:26:57.102687,my_hand_data\videos\lower_seq41_20251118_162654_914194.avi,89.79928960779824,360,90,HIGH,VIDEO_RECORDING,2025-11-18T16:26:58.982298
2025-11-18 16:26:57.123291,198,1218,HandType.Left,0.7181338667869568,-33.33892059326172,189.84259033203125,-28.729814529418945,0.5831051468849182,-0.10961412638425827,0.8049678206443787,-56.33060073852539,-91.03022766113281,-56.02906036376953,1.0,1.0,15.097090721130371,0,0,0,0,0,12.781039237976074,210.7600860595703,6.103165626525879,6.466612339019775,201.21780395507812,-4.054261207580566,lower,41,2025-11-18T16:26:57.123291,my_hand_data\videos\lower_seq41_20251118_162654_914194.avi,89.79928960779824,360,90,HIGH,VIDEO_RECORDING,2025-11-18T16:26:58.982298
2025-11-18 16:26:57.133515,199,1218,HandType.Left,0.7179751396179199,-33.98806381225586,188.78579711914062,-29.326669692993164,0.5848629474639893,-0.10950879752635956,0.8037058711051941,-58.68248748779297,-95.53298950195312,-53.955352783203125,1.0,1.0,14.8919095993042,0,0,0,0,0,12.19299030303955,209.51959228515625,5.51893949508667,5.838468551635742,200.26116943359375,-4.61480188369751,lower,41,2025-11-18T16:26:57.133515,my_hand_data\videos\lower_seq41_20251118_162654_914194.avi,89.79928960779824,360,90,HIGH,VIDEO_RECORDING,2025-11-18T16:26:58.982298
2025-11-18 16:26:57.143585,200,1218,HandType.Left,0.7176085710525513,-34.558204650878906,187.90902709960938,-29.898853302001953,0.5860862135887146,-0.11024421453475952,0.8027136325836182,-50.8690299987793,-78.22702026367188,-51.05137634277344,1.0,1.0,14.759258270263672,0,0,0,0,0,11.808219909667969,208.45053100585938,4.903249263763428,5.223918914794922,199.4000244140625,-5.155692100524902,lower,41,2025-11-18T16:26:57.143585,my_hand_data\videos\lower_seq41_20251118_162654_914194.avi,89.79928960779824,360,90,HIGH,VIDEO_RECORDING,2025-11-18T16:26:58.982298
2025-11-18 16:26:57.154087,201,1218,HandType.Left,0.7170966267585754,-35.14491653442383,186.94094848632812,-30.432880401611328,0.5872615575790405,-0.1104477196931839,0.8018261194229126,-52.45052719116211,-86.54459381103516,-47.7407341003418,1.0,1.0,14.75387954711914,0,0,0,0,0,11.323991775512695,207.56822204589844,4.225537300109863,4.591509819030762,198.4303741455078,-5.664743423461914,lower,41,2025-11-18T16:26:57.154087,my_hand_data\videos\lower_seq41_20251118_162654_914194.avi,89.79928960779824,360,90,HIGH,VIDEO_RECORDING,2025-11-18T16:26:58.982298
2025-11-18 16:26:57.164531,202,1218,HandType.Left,0.7180542349815369,-35.75416946411133,185.9543914794922,-31.058156967163086,0.5889178514480591,-0.1106189712882042,0.8005867600440979,-55.201087951660156,-89.38555908203125,-56.65266418457031,1.0,1.0,14.799845695495605,0,0,0,0,0,10.829925537109375,206.62362670898438,3.597233533859253,3.931466579437256,197.45301818847656,-6.262842655181885,lower,41,2025-11-18T16:26:57.164531,my_hand_data\videos\lower_seq41_20251118_162654_914194.avi,89.79928960779824,360,90,HIGH,VIDEO_RECORDING,2025-11-18T16:26:58.982298
2025-11-18 16:26:57.174651,203,1218,HandType.Left,0.7192824482917786,-36.26723861694336,184.97105407714844,-31.71137046813965,0.5900729298591614,-0.11166493594646454,0.7995904684066772,-46.651153564453125,-89.41146850585938,-59.3939094543457,1.0,1.0,14.920330047607422,0,0,0,0,0,10.452866554260254,205.65045166015625,2.923168182373047,2.979658603668213,196.4418487548828,-6.823850631713867,lower,41,2025-11-18T16:26:57.174651,my_hand_data\videos\lower_seq41_20251118_162654_914194.avi,89.79928960779824,360,90,HIGH,VIDEO_RECORDING,2025-11-18T16:26:58.982298
2025-11-18 16:26:57.184735,204,1218,HandType.Left,0.7201370596885681,-36.8584098815918,184.009033203125,-32.3441162109375,0.5915383696556091,-0.11239656805992126,0.7984042763710022,-53.27274703979492,-86.6922378540039,-57.019466400146484,1.0,1.0,15.147212982177734,0,0,0,0,0,10.02042007446289,204.9373321533203,2.1931118965148926,2.213932514190674,195.41421508789062,-7.399084091186523,lower,41,2025-11-18T16:26:57.184735,my_hand_data\videos\lower_seq41_20251118_162654_914194.avi,89.79928960779824,360,90,HIGH,VIDEO_RECORDING,2025-11-18T16:26:58.982298
2025-11-18 16:26:57.205657,205,1218,HandType.Left,0.721333920955658,-38.1340217590332,181.94577026367188,-33.512996673583984,0.5952492356300354,-0.11255835741758347,0.7956185936927795,-62.430633544921875,-95.48686981201172,-52.949493408203125,1.0,1.0,15.554410934448242,0,0,0,0,0,9.135842323303223,203.36387634277344,0.7896460294723511,0.7546060085296631,193.28392028808594,-8.51463508605957,lower,41,2025-11-18T16:26:57.205657,my_hand_data\videos\lower_seq41_20251118_162654_914194.avi,89.79928960779824,360,90,HIGH,VIDEO_RECORDING,2025-11-18T16:26:58.982298
2025-11-18 16:26:57.210769,206,1218,HandType.Left,0.721333920955658,-38.1340217590332,181.94577026367188,-33.512996673583984,0.5952492356300354,-0.11255835741758347,0.7956185936927795,-62.430633544921875,-95.48686981201172,-52.949493408203125,1.0,1.0,15.554410934448242,0,0,0,0,0,9.135842323303223,203.36387634277344,0.7896460294723511,0.7546060085296631,193.28392028808594,-8.51463508605957,lower,41,2025-11-18T16:26:57.210769,my_hand_data\videos\lower_seq41_20251118_162654_914194.avi,89.79928960779824,360,90,HIGH,VIDEO_RECORDING,2025-11-18T16:26:58.982298
2025-11-18 16:26:57.225878,207,1218,HandType.Left,0.7217289209365845,-38.78184509277344,180.8384246826172,-34.07780838012695,0.5966393351554871,-0.11270973831415176,0.7945552468299866,-57.0318603515625,-97.48678588867188,-49.7237548828125,1.0,1.0,15.765026092529297,0,0,0,0,0,8.65936279296875,202.45045471191406,0.0158064067363739,-0.12693926692008972,192.08580017089844,-9.046027183532715,lower,41,2025-11-18T16:26:57.225878,my_hand_data\videos\lower_seq41_20251118_162654_914194.avi,89.79928960779824,360,90,HIGH,VIDEO_RECORDING,2025-11-18T16:26:58.982298
2025-11-18 16:26:57.225878,208,1218,HandType.Left,0.7229678630828857,-39.317909240722656,179.82945251464844,-34.576847076416016,0.5976396203041077,-0.11395197361707687,0.7936257719993591,-49.19830322265625,-92.59940338134766,-45.80021667480469,1.0,1.0,16.080739974975586,0,0,0,0,0,8.290544509887695,201.87924194335938,-0.768426775932312,-0.8718743920326233,190.99803161621094,-9.466862678527832,lower,41,2025-11-18T16:26:57.225878,my_hand_data\videos\lower_seq41_20251118_162654_914194.avi,89.79928960779824,360,90,HIGH,VIDEO_RECORDING,2025-11-18T16:26:58.982298
2025-11-18 16:26:57.246052,209,1218,HandType.Left,0.7244889140129089,-39.9382438659668,178.65390014648438,-35.02847671508789,0.5987651348114014,-0.11672182381153107,0.7923738956451416,-56.07789611816406,-106.2697982788086,-40.826847076416016,1.0,1.0,16.52617835998535,0,0,0,0,0,7.904850006103516,201.2041015625,-1.5847198963165283,-1.6174092292785645,189.65110778808594,-9.853937149047852,lower,41,2025-11-18T16:26:57.246052,my_hand_data\videos\lower_seq41_20251118_162654_914194.avi,89.79928960779824,360,90,HIGH,VIDEO_RECORDING,2025-11-18T16:26:58.982298
2025-11-18 16:26:57.251186,210,1218,HandType.Left,0.7255050539970398,-40.600948333740234,177.65652465820312,-35.506160736083984,0.5998653769493103,-0.11849650740623474,0.7912774682044983,-58.954315185546875,-88.7269287109375,-42.49497985839844,1.0,1.0,16.925168991088867,0,0,0,0,0,7.430843830108643,200.74366760253906,-2.3355298042297363,-2.350639581680298,188.6093292236328,-10.276712417602539,lower,41,2025-11-18T16:26:57.251186,my_hand_data\videos\lower_seq41_20251118_162654_914194.avi,89.79928960779824,360,90,HIGH,VIDEO_RECORDING,2025-11-18T16:26:58.982298
2025-11-18 16:26:57.266468,211,1218,HandType.Left,0.7262075543403625,-41.312076568603516,176.59829711914062,-35.98726272583008,0.601081371307373,-0.11987420916557312,0.7901464104652405,-63.211143493652344,-94.0648422241211,-42.76462936401367,1.0,1.0,16.974267959594727,0,0,0,0,0,6.928950309753418,199.8310089111328,-3.0707082748413086,-2.972651243209839,187.55206298828125,-10.746296882629395,lower,41,2025-11-18T16:26:57.266468,my_hand_data\videos\lower_seq41_20251118_162654_914194.avi,89.79928960779824,360,90,HIGH,VIDEO_RECORDING,2025-11-18T16:26:58.982298
2025-11-18 16:26:57.277023,212,1218,HandType.Left,0.7266215682029724,-42.01506805419922,175.62550354003906,-36.5553092956543,0.6024315357208252,-0.12119384855031967,0.7889159321784973,-65.61454772949219,-90.79595947265625,-53.01918029785156,1.0,1.0,16.927385330200195,0,0,0,0,0,6.365604877471924,198.9403533935547,-3.875434398651123,-3.5784430503845215,186.61158752441406,-11.297568321228027,lower,41,2025-11-18T16:26:57.277023,my_hand_data\videos\lower_seq41_20251118_162654_914194.avi,89.79928960779824,360,90,HIGH,VIDEO_RECORDING,2025-11-18T16:26:58.982298
2025-11-18 16:26:57.287160,213,1218,HandType.Left,0.7265289425849915,-42.609683990478516,174.5905303955078,-37.13654327392578,0.6037434935569763,-0.12150873243808746,0.7878638505935669,-52.9958381652832,-92.24396514892578,-51.8033561706543,1.0,1.0,17.02985382080078,0,0,0,0,0,5.902759552001953,198.239013671875,-4.805248260498047,-4.180144309997559,185.65599060058594,-11.844001770019531,lower,41,2025-11-18T16:26:57.287160,my_hand_data\videos\lower_seq41_20251118_162654_914194.avi,89.79928960779824,360,90,HIGH,VIDEO_RECORDING,2025-11-18T16:26:58.982298
2025-11-18 16:26:57.297359,214,1218,HandType.Left,0.7260124683380127,-43.17167282104492,173.55831909179688,-37.646724700927734,0.6047340631484985,-0.12171213328838348,0.7870723009109497,-50.416255950927734,-92.60001373291016,-45.76852035522461,1.0,1.0,17.06303596496582,0,0,0,0,0,5.4398627281188965,197.5317840576172,-5.617864608764648,-4.722107410430908,184.7783203125,-12.346883773803711,lower,41,2025-11-18T16:26:57.297359,my_hand_data\videos\lower_seq41_20251118_162654_914194.avi,89.79928960779824,360,90,HIGH,VIDEO_RECORDING,2025-11-18T16:26:58.982298
2025-11-18 16:26:57.307597,215,1218,HandType.Left,0.7255460023880005,-43.66862869262695,172.65138244628906,-38.20731735229492,0.605726957321167,-0.121841661632061,0.7862883806228638,-44.74263381958008,-81.65440368652344,-50.471920013427734,1.0,1.0,17.288005828857422,0,0,0,0,0,4.9757399559021,196.98171997070312,-6.546199321746826,-5.652416706085205,183.94337463378906,-12.88348388671875,lower,41,2025-11-18T16:26:57.307597,my_hand_data\videos\lower_seq41_20251118_162654_914194.avi,89.79928960779824,360,90,HIGH,VIDEO_RECORDING,2025-11-18T16:26:58.982298
2025-11-18 16:26:57.328065,216,1218,HandType.Left,0.7238938808441162,-44.60421371459961,170.82080078125,-39.3421516418457,0.6073585748672485,-0.12173597514629364,0.7850451469421387,-42.801116943359375,-81.51606750488281,-52.476585388183594,1.0,1.0,17.94179344177246,0,0,0,0,0,4.035144805908203,196.16664123535156,-8.399650573730469,-7.637396335601807,182.3380584716797,-14.001965522766113,lower,41,2025-11-18T16:26:57.328065,my_hand_data\videos\lower_seq41_20251118_162654_914194.avi,89.79928960779824,360,90,HIGH,VIDEO_RECORDING,2025-11-18T16:26:58.982298
2025-11-18 16:26:57.328065,217,1218,HandType.Left,0.7238938808441162,-44.60421371459961,170.82080078125,-39.3421516418457,0.6073585748672485,-0.12173597514629364,0.7850451469421387,-42.801116943359375,-81.51606750488281,-52.476585388183594,1.0,1.0,17.94179344177246,0,0,0,0,0,4.035144805908203,196.16664123535156,-8.399650573730469,-7.637396335601807,182.3380584716797,-14.001965522766113,lower,41,2025-11-18T16:26:57.328065,my_hand_data\videos\lower_seq41_20251118_162654_914194.avi,89.79928960779824,360,90,HIGH,VIDEO_RECORDING,2025-11-18T16:26:58.982298
2025-11-18 16:26:57.348698,218,1218,HandType.Left,0.7238333821296692,-45.51094055175781,168.7742462158203,-40.284706115722656,0.6076841354370117,-0.12463367730379105,0.7843381762504578,-39.392608642578125,-97.26270294189453,-39.550086975097656,1.0,1.0,18.12779426574707,0,0,0,0,0,2.9861106872558594,194.65234375,-10.379009246826172,-9.658824920654297,180.3329315185547,-14.913697242736816,lower,41,2025-11-18T16:26:57.348698,my_hand_data\videos\lower_seq41_20251118_162654_914194.avi,89.79928960779824,360,90,HIGH,VIDEO_RECORDING,2025-11-18T16:26:58.982298
2025-11-18 16:26:57.348698,219,1218,HandType.Left,0.7238333821296692,-45.51094055175781,168.7742462158203,-40.284706115722656,0.6076841354370117,-0.12463367730379105,0.7843381762504578,-39.392608642578125,-97.26270294189453,-39.550086975097656,1.0,1.0,18.12779426574707,0,0,0,0,0,2.9861106872558594,194.65234375,-10.379009246826172,-9.658824920654297,180.3329315185547,-14.913697242736816,lower,41,2025-11-18T16:26:57.348698,my_hand_data\videos\lower_seq41_20251118_162654_914194.avi,89.79928960779824,360,90,HIGH,VIDEO_RECORDING,2025-11-18T16:26:58.982298
2025-11-18 16:26:57.369277,220,1218,HandType.Left,0.7251128554344177,-46.124149322509766,167.93739318847656,-40.72623825073242,0.6084305047988892,-0.12912717461585999,0.7830315828323364,-54.88791275024414,-74.90660095214844,-39.52136993408203,1.0,0.9913688898086548,18.111692428588867,0,0,0,0,0,2.3280978202819824,193.84640502929688,-11.243626594543457,-10.798931121826172,179.3553009033203,-15.264604568481445,lower,41,2025-11-18T16:26:57.369277,my_hand_data\videos\lower_seq41_20251118_162654_914194.avi,89.79928960779824,360,90,HIGH,VIDEO_RECORDING,2025-11-18T16:26:58.982298
2025-11-18 16:26:57.369277,221,1218,HandType.Left,0.7266460061073303,-46.77605056762695,166.90965270996094,-41.141815185546875,0.6086892485618591,-0.13259054720401764,0.7822512984275818,-58.550559997558594,-92.30695343017578,-37.32488250732422,1.0,0.9761897325515747,18.260295867919922,0,0,0,0,0,1.5949831008911133,193.31771850585938,-12.180537223815918,-11.864513397216797,178.26271057128906,-15.534547805786133,lower,41,2025-11-18T16:26:57.369277,my_hand_data\videos\lower_seq41_20251118_162654_914194.avi,89.79928960779824,360,90,HIGH,VIDEO_RECORDING,2025-11-18T16:26:58.982298
2025-11-18 16:26:57.389814,222,1218,HandType.Left,0.727989137172699,-47.53559494018555,165.7535400390625,-41.5376091003418,0.6088498830795288,-0.13670042157173157,0.7814184427261353,-69.9653549194336,-106.49539184570312,-36.45869445800781,1.0,0.9657194018363953,18.313220977783203,0,0,0,0,0,0.7839128375053406,192.5555877685547,-13.026321411132812,-12.788475036621094,177.0130615234375,-15.777584075927734,lower,41,2025-11-18T16:26:57.389814,my_hand_data\videos\lower_seq41_20251118_162654_914194.avi,89.79928960779824,360,90,HIGH,VIDEO_RECORDING,2025-11-18T16:26:58.982298
2025-11-18 16:26:57.399921,223,1218,HandType.Left,0.729860782623291,-48.24165725708008,164.55792236328125,-41.98028564453125,0.6088917255401611,-0.13844718039035797,0.7810782790184021,-62.21919631958008,-105.35907745361328,-39.00926971435547,1.0,0.9608231782913208,18.326017379760742,0,0,0,0,0,0.03913417458534241,191.64625549316406,-13.714261054992676,-13.51641845703125,175.82308959960938,-16.110166549682617,lower,41,2025-11-18T16:26:57.399921,my_hand_data\videos\lower_seq41_20251118_162654_914194.avi,89.79928960779824,360,90,HIGH,VIDEO_RECORDING,2025-11-18T16:26:58.982298
2025-11-18 16:26:57.410182,224,1218,HandType.Left,0.7301132678985596,-48.99053192138672,163.223876953125,-42.418800354003906,0.6091143488883972,-0.1390390843153,0.7807995080947876,-68.74203491210938,-122.45626068115234,-40.2526741027832,1.0,0.9522472023963928,18.488384246826172,0,0,0,0,0,-0.7620863914489746,190.91070556640625,-14.565210342407227,-14.191597938537598,174.5532684326172,-16.54309844970703,lower,41,2025-11-18T16:26:57.410182,my_hand_data\videos\lower_seq41_20251118_162654_914194.avi,89.79928960779824,360,90,HIGH,VIDEO_RECORDING,2025-11-18T16:26:58.982298
2025-11-18 16:26:57.420497,225,1218,HandType.Left,0.7299255728721619,-49.70750427246094,161.9021453857422,-42.867801666259766,0.6093368530273438,-0.13941839337348938,0.780558168888092,-64.3773422241211,-118.6797866821289,-40.316383361816406,1.0,0.9509302973747253,18.430936813354492,0,0,0,0,0,-1.4688074588775635,189.85655212402344,-15.312973022460938,-14.809913635253906,173.34498596191406,-16.98055648803711,lower,41,2025-11-18T16:26:57.420497,my_hand_data\videos\lower_seq41_20251118_162654_914194.avi,89.79928960779824,360,90,HIGH,VIDEO_RECORDING,2025-11-18T16:26:58.982298
2025-11-18 16:26:57.430980,226,1218,HandType.Left,0.7291526794433594,-50.421958923339844,160.6072540283203,-43.35214614868164,0.6099985837936401,-0.1386585533618927,0.78017657995224,-63.733978271484375,-115.51148223876953,-43.20655822753906,1.0,0.9442070126533508,18.546703338623047,0,0,0,0,0,-2.1512656211853027,189.01441955566406,-16.058120727539062,-15.48442268371582,172.18701171875,-17.47748565673828,lower,41,2025-11-18T16:26:57.430980,my_hand_data\videos\lower_seq41_20251118_162654_914194.avi,89.79928960779824,360,90,HIGH,VIDEO_RECORDING,2025-11-18T16:26:58.982298
2025-11-18 16:26:57.441315,227,1218,HandType.Left,0.7274660468101501,-51.10405731201172,159.34230041503906,-43.82145309448242,0.6104127764701843,-0.13818347454071045,0.7799368500709534,-61.572303771972656,-114.18711853027344,-42.36381530761719,1.0,0.9388087391853333,18.607051849365234,0,0,0,0,0,-2.7333273887634277,188.0310821533203,-16.79231834411621,-16.153533935546875,171.02682495117188,-17.969545364379883,lower,41,2025-11-18T16:26:57.441315,my_hand_data\videos\lower_seq41_20251118_162654_914194.avi,89.79928960779824,360,90,HIGH,VIDEO_RECORDING,2025-11-18T16:26:58.982298
2025-11-18 16:26:57.451711,228,1218,HandType.Left,0.7267690300941467,-51.84107208251953,158.11061096191406,-44.29546356201172,0.6110056638717651,-0.13774102926254272,0.7795507907867432,-67.09871673583984,-112.13489532470703,-43.15445327758789,1.0,0.930213212966919,18.63262939453125,0,0,0,0,0,-3.2939984798431396,187.11477661132812,-17.73051643371582,-16.88739585876465,169.85755920410156,-18.4499568939209,lower,41,2025-11-18T16:26:57.451711,my_hand_data\videos\lower_seq41_20251118_162654_914194.avi,89.79928960779824,360,90,HIGH,VIDEO_RECORDING,2025-11-18T16:26:58.982298
2025-11-18 16:26:57.472084,229,1218,HandType.Left,0.7261977195739746,-53.15998840332031,155.77760314941406,-45.2877197265625,0.6113000512123108,-0.13741658627986908,0.779377281665802,-57.784053802490234,-104.2880859375,-45.00497817993164,1.0,0.9249216914176941,18.39849281311035,0,0,0,0,0,-4.251856327056885,184.95501708984375,-19.4868221282959,-18.07501983642578,167.64602661132812,-19.449655532836914,lower,41,2025-11-18T16:26:57.472084,my_hand_data\videos\lower_seq41_20251118_162654_914194.avi,89.79928960779824,360,90,HIGH,VIDEO_RECORDING,2025-11-18T16:26:58.982298
2025-11-18 16:26:57.472084,230,1218,HandType.Left,0.7261977195739746,-53.15998840332031,155.77760314941406,-45.2877197265625,0.6113000512123108,-0.13741658627986908,0.779377281665802,-57.784053802490234,-104.2880859375,-45.00497817993164,1.0,0.9249216914176941,18.39849281311035,0,0,0,0,0,-4.251856327056885,184.95501708984375,-19.4868221282959,-18.07501983642578,167.64602661132812,-19.449655532836914,lower,41,2025-11-18T16:26:57.472084,my_hand_data\videos\lower_seq41_20251118_162654_914194.avi,89.79928960779824,360,90,HIGH,VIDEO_RECORDING,2025-11-18T16:26:58.982298
2025-11-18 16:26:57.492754,231,1218,HandType.Left,0.7266998291015625,-54.339439392089844,153.70460510253906,-46.24523162841797,0.6119846105575562,-0.13938367366790771,0.7784902453422546,-57.21894454956055,-84.85365295410156,-44.012821197509766,1.0,0.9189446568489075,18.143705368041992,0,0,0,0,0,-5.241647243499756,182.9787139892578,-21.176729202270508,-19.30561637878418,165.62855529785156,-20.443920135498047,lower,41,2025-11-18T16:26:57.492754,my_hand_data\videos\lower_seq41_20251118_162654_914194.avi,89.79928960779824,360,90,HIGH,VIDEO_RECORDING,2025-11-18T16:26:58.982298
2025-11-18 16:26:57.492754,232,1218,HandType.Left,0.7266998291015625,-54.339439392089844,153.70460510253906,-46.24523162841797,0.6119846105575562,-0.13938367366790771,0.7784902453422546,-57.21894454956055,-84.85365295410156,-44.012821197509766,1.0,0.9189446568489075,18.143705368041992,0,0,0,0,0,-5.241647243499756,182.9787139892578,-21.176729202270508,-19.30561637878418,165.62855529785156,-20.443920135498047,lower,41,2025-11-18T16:26:57.492754,my_hand_data\videos\lower_seq41_20251118_162654_914194.avi,89.79928960779824,360,90,HIGH,VIDEO_RECORDING,2025-11-18T16:26:58.982298
2025-11-18 16:26:57.513577,233,1218,HandType.Left,0.726734459400177,-54.97627258300781,152.784912109375,-46.682167053222656,0.6123613715171814,-0.1417720764875412,0.7777622938156128,-55.594154357910156,-80.28841400146484,-38.14372253417969,1.0,0.9157012104988098,17.957807540893555,0,0,0,0,0,-5.804274082183838,182.11648559570312,-22.12727165222168,-19.912023544311523,164.68821716308594,-20.89583969116211,lower,41,2025-11-18T16:26:57.513577,my_hand_data\videos\lower_seq41_20251118_162654_914194.avi,89.79928960779824,360,90,HIGH,VIDEO_RECORDING,2025-11-18T16:26:58.982298
2025-11-18 16:26:57.518826,234,1218,HandType.Left,0.7259218692779541,-55.75107955932617,152.03579711914062,-47.094234466552734,0.6125125885009766,-0.14356498420238495,0.7773142457008362,-71.29907989501953,-68.93399047851562,-37.918983459472656,1.0,0.9149589538574219,17.801366806030273,0,0,0,0,0,-6.5090508460998535,181.4254150390625,-23.029558181762695,-20.54913330078125,163.94398498535156,-21.365692138671875,lower,41,2025-11-18T16:26:57.518826,my_hand_data\videos\lower_seq41_20251118_162654_914194.avi,89.79928960779824,360,90,HIGH,VIDEO_RECORDING,2025-11-18T16:26:58.982298
2025-11-18 16:26:57.533892,235,1218,HandType.Left,0.7243232727050781,-56.4864501953125,151.13912963867188,-47.47918701171875,0.6123471260070801,-0.1448373794555664,0.7772085070610046,-66.83379364013672,-81.49403381347656,-34.986026763916016,1.0,0.9179845452308655,17.559139251708984,0,0,0,0,0,-7.218073844909668,180.56907653808594,-23.957347869873047,-21.068193435668945,163.1172332763672,-21.8068904876709,lower,41,2025-11-18T16:26:57.533892,my_hand_data\videos\lower_seq41_20251118_162654_914194.avi,89.79928960779824,360,90,HIGH,VIDEO_RECORDING,2025-11-18T16:26:58.982298
2025-11-18 16:26:57.543654,236,1218,HandType.Left,0.7238371968269348,-57.23158645629883,150.3102264404297,-47.90303421020508,0.6124080419540405,-0.14601582288742065,0.7769399881362915,-66.47051239013672,-73.94223022460938,-37.81002426147461,1.0,0.9173965454101562,17.571680068969727,0,0,0,0,0,-7.95978307723999,179.9651336669922,-24.70278549194336,-21.578062057495117,162.3405303955078,-22.282581329345703,lower,41,2025-11-18T16:26:57.543654,my_hand_data\videos\lower_seq41_20251118_162654_914194.avi,89.79928960779824,360,90,HIGH,VIDEO_RECORDING,2025-11-18T16:26:58.982298
2025-11-18 16:26:57.554010,237,1218,HandType.Left,0.7229376435279846,-58.037376403808594,149.4344940185547,-48.33147430419922,0.6126478314399719,-0.14655552804470062,0.7766492366790771,-73.60848236083984,-79.99771881103516,-39.13762283325195,1.0,0.9170753955841064,17.524614334106445,0,0,0,0,0,-8.724231719970703,179.2786407470703,-25.497194290161133,-22.182409286499023,161.56056213378906,-22.78936767578125,lower,41,2025-11-18T16:26:57.554010,my_hand_data\videos\lower_seq41_20251118_162654_914194.avi,89.79928960779824,360,90,HIGH,VIDEO_RECORDING,2025-11-18T16:26:58.982298
2025-11-18 16:26:57.564193,238,1218,HandType.Left,0.7228349447250366,-58.80826187133789,148.56492614746094,-48.75787353515625,0.6131953597068787,-0.1467805802822113,0.7761745452880859,-69.03858947753906,-77.87696838378906,-38.18710708618164,1.0,0.9102388024330139,17.618837356567383,0,0,0,0,0,-9.464111328125,178.64747619628906,-26.23879051208496,-22.95911407470703,160.7052764892578,-23.279850006103516,lower,41,2025-11-18T16:26:57.564193,my_hand_data\videos\lower_seq41_20251118_162654_914194.avi,89.79928960779824,360,90,HIGH,VIDEO_RECORDING,2025-11-18T16:26:58.982298
2025-11-18 16:26:57.574379,239,1218,HandType.Left,0.7234318256378174,-59.54371643066406,147.62794494628906,-49.1601448059082,0.6141391396522522,-0.14719724655151367,0.7753490209579468,-66.40655517578125,-84.60328674316406,-36.32273864746094,1.0,0.9122818112373352,17.613327026367188,0,0,0,0,0,-10.157462120056152,177.8345489501953,-26.900575637817383,-23.503463745117188,159.88705444335938,-23.852537155151367,lower,41,2025-11-18T16:26:57.574379,my_hand_data\videos\lower_seq41_20251118_162654_914194.avi,89.79928960779824,360,90,HIGH,VIDEO_RECORDING,2025-11-18T16:26:58.982298
2025-11-18 16:26:57.584610,240,1218,HandType.Left,0.7237408757209778,-60.289024353027344,146.82948303222656,-49.572017669677734,0.615538477897644,-0.1465166211128235,0.7743676900863647,-67.0663833618164,-71.8496322631836,-37.06214904785156,1.0,0.9090130925178528,17.74482536315918,0,0,0,0,0,-10.802257537841797,177.27529907226562,-27.60906410217285,-24.13014030456543,159.19085693359375,-24.4989070892334,lower,41,2025-11-18T16:26:57.584610,my_hand_data\videos\lower_seq41_20251118_162654_914194.avi,89.79928960779824,360,90,HIGH,VIDEO_RECORDING,2025-11-18T16:26:58.982298
2025-11-18 16:26:57.605045,241,1218,HandType.Left,0.7245010137557983,-60.988101959228516,146.14340209960938,-50.006343841552734,0.6168196201324463,-0.1457432210445404,0.7734936475753784,-61.017433166503906,-59.88182067871094,-37.90915298461914,1.0,0.9120482802391052,17.650257110595703,0,0,0,0,0,-11.462703704833984,176.68411254882812,-28.30722999572754,-24.73084259033203,158.70448303222656,-25.126941680908203,lower,41,2025-11-18T16:26:57.605045,my_hand_data\videos\lower_seq41_20251118_162654_914194.avi,89.79928960779824,360,90,HIGH,VIDEO_RECORDING,2025-11-18T16:26:58.982298
2025-11-18 16:26:57.605045,242,1218,HandType.Left,0.7253424525260925,-61.69441223144531,145.6166229248047,-50.50271224975586,0.617868185043335,-0.1455446183681488,0.7726938128471375,-65.32075500488281,-48.717315673828125,-45.904747009277344,1.0,0.9137926697731018,17.714656829833984,0,0,0,0,0,-12.152094841003418,176.21743774414062,-28.882953643798828,-25.275104522705078,158.19900512695312,-25.751079559326172,lower,41,2025-11-18T16:26:57.605045,my_hand_data\videos\lower_seq41_20251118_162654_914194.avi,89.79928960779824,360,90,HIGH,VIDEO_RECORDING,2025-11-18T16:26:58.982298
2025-11-18 16:26:57.615215,243,1218,HandType.Left,0.7259289622306824,-62.417362213134766,145.1109161376953,-51.04424285888672,0.6187021136283875,-0.144858717918396,0.7721551656723022,-64.25623321533203,-44.948516845703125,-48.131805419921875,1.0,0.9176099300384521,17.71854019165039,0,0,0,0,0,-12.864317893981934,175.70950317382812,-29.531959533691406,-25.86063003540039,157.75469970703125,-26.43412208557129,lower,41,2025-11-18T16:26:57.615215,my_hand_data\videos\lower_seq41_20251118_162654_914194.avi,89.79928960779824,360,90,HIGH,VIDEO_RECORDING,2025-11-18T16:26:58.982298
2025-11-18 16:26:57.635030,244,1218,HandType.Left,0.7265537977218628,-63.10738754272461,144.50743103027344,-51.58561325073242,0.6195859313011169,-0.14390607178211212,0.7716245055198669,-60.66155242919922,-53.05302810668945,-47.593074798583984,1.0,0.9200113415718079,17.696697235107422,0,0,0,0,0,-13.54678726196289,175.09353637695312,-30.220632553100586,-26.46584129333496,157.19686889648438,-27.05241584777832,lower,41,2025-11-18T16:26:57.635030,my_hand_data\videos\lower_seq41_20251118_162654_914194.avi,89.79928960779824,360,90,HIGH,VIDEO_RECORDING,2025-11-18T16:26:58.982298
2025-11-18 16:26:57.645161,245,1218,HandType.Left,0.7278097867965698,-63.81789779663086,144.0384979248047,-52.17695617675781,0.620608389377594,-0.14292334020137787,0.7709851861000061,-66.9345932006836,-44.1775016784668,-55.70807647705078,1.0,0.9224178194999695,17.60529136657715,0,0,0,0,0,-14.273852348327637,174.55613708496094,-30.96693992614746,-27.14743423461914,156.7543487548828,-27.664146423339844,lower,41,2025-11-18T16:26:57.645161,my_hand_data\videos\lower_seq41_20251118_162654_914194.avi,89.79928960779824,360,90,HIGH,VIDEO_RECORDING,2025-11-18T16:26:58.982298
2025-11-18 16:26:57.655406,246,1218,HandType.Left,0.7279396057128906,-64.53456115722656,143.55673217773438,-52.721500396728516,0.6217162013053894,-0.14139029383659363,0.7703750729560852,-62.8986930847168,-42.28208923339844,-47.79228591918945,1.0,0.9224334955215454,17.54983901977539,0,0,0,0,0,-14.994595527648926,174.0323028564453,-31.763256072998047,-27.882349014282227,156.2860870361328,-28.23523712158203,lower,41,2025-11-18T16:26:57.655406,my_hand_data\videos\lower_seq41_20251118_162654_914194.avi,89.79928960779824,360,90,HIGH,VIDEO_RECORDING,2025-11-18T16:26:58.982298
2025-11-18 16:26:57.660881,247,1218,HandType.Left,0.7288529276847839,-65.29849243164062,143.01007080078125,-53.240848541259766,0.6225491166114807,-0.1406761258840561,0.769832968711853,-70.40827941894531,-50.383453369140625,-47.8661003112793,1.0,0.9201592803001404,17.411136627197266,0,0,0,0,0,-15.751592636108398,173.45291137695312,-32.793922424316406,-28.72572898864746,155.7667999267578,-28.836811065673828,lower,41,2025-11-18T16:26:57.660881,my_hand_data\videos\lower_seq41_20251118_162654_914194.avi,89.79928960779824,360,90,HIGH,VIDEO_RECORDING,2025-11-18T16:26:58.982298
2025-11-18 16:26:57.675779,248,1218,HandType.Left,0.7295637726783752,-66.05741882324219,142.4778594970703,-53.685672760009766,0.6233891844749451,-0.14037081599235535,0.7692086696624756,-67.41826629638672,-47.27777099609375,-39.51554489135742,1.0,0.9188547730445862,17.165332794189453,0,0,0,0,0,-16.47865104675293,172.79856872558594,-33.84745407104492,-29.612831115722656,155.29730224609375,-29.38703727722168,lower,41,2025-11-18T16:26:57.675779,my_hand_data\videos\lower_seq41_20251118_162654_914194.avi,89.79928960779824,360,90,HIGH,VIDEO_RECORDING,2025-11-18T16:26:58.982298
2025-11-18 16:26:57.686031,249,1218,HandType.Left,0.7298415899276733,-66.86434936523438,141.9589385986328,-54.134742736816406,0.6246928572654724,-0.1401408612728119,0.7681922912597656,-73.11801147460938,-47.02112579345703,-40.69126510620117,1.0,0.9196006059646606,16.984678268432617,0,0,0,0,0,-17.253704071044922,172.16644287109375,-34.73447799682617,-30.498172760009766,154.85787963867188,-29.969701766967773,lower,41,2025-11-18T16:26:57.686031,my_hand_data\videos\lower_seq41_20251118_162654_914194.avi,89.79928960779824,360,90,HIGH,VIDEO_RECORDING,2025-11-18T16:26:58.982298
2025-11-18 16:26:57.696497,250,1218,HandType.Left,0.7314357161521912,-67.65828704833984,141.4030303955078,-54.60306930541992,0.6255430579185486,-0.13975565135478973,0.7675703763961792,-71.1156997680664,-49.79512405395508,-41.949729919433594,1.0,0.9234904050827026,16.747636795043945,0,0,0,0,0,-18.025875091552734,171.44915771484375,-35.545616149902344,-31.30185890197754,154.40582275390625,-30.522417068481445,lower,41,2025-11-18T16:26:57.696497,my_hand_data\videos\lower_seq41_20251118_162654_914194.avi,89.79928960779824,360,90,HIGH,VIDEO_RECORDING,2025-11-18T16:26:58.982298
2025-11-18 16:26:57.706717,251,1218,HandType.Left,0.7323524355888367,-68.3772964477539,140.75709533691406,-55.114593505859375,0.6264566779136658,-0.13888393342494965,0.7669832110404968,-64.93329620361328,-58.33430099487305,-46.19563293457031,1.0,0.92737877368927,16.588624954223633,0,0,0,0,0,-18.739107131958008,170.74722290039062,-36.316654205322266,-32.0018196105957,153.9099884033203,-31.130985260009766,lower,41,2025-11-18T16:26:57.706717,my_hand_data\videos\lower_seq41_20251118_162654_914194.avi,89.79928960779824,360,90,HIGH,VIDEO_RECORDING,2025-11-18T16:26:58.982298
2025-11-18 16:26:57.727010,252,1218,HandType.Left,0.7327628135681152,-69.01528930664062,140.2063446044922,-55.65073013305664,0.6273649334907532,-0.1381511092185974,0.7663729786872864,-57.060813903808594,-49.2569580078125,-47.95065689086914,1.0,0.925576388835907,16.52884864807129,0,0,0,0,0,-19.333105087280273,170.14535522460938,-37.01882553100586,-32.77477264404297,153.4086456298828,-31.689443588256836,lower,41,2025-11-18T16:26:57.727010,my_hand_data\videos\lower_seq41_20251118_162654_914194.avi,89.79928960779824,360,90,HIGH,VIDEO_RECORDING,2025-11-18T16:26:58.982298
2025-11-18 16:26:57.727010,253,1218,HandType.Left,0.7327899932861328,-69.58521270751953,139.71263122558594,-56.14829635620117,0.627490758895874,-0.1391085535287857,0.7660967111587524,-51.59552764892578,-44.69587707519531,-45.04499435424805,1.0,0.9162012934684753,16.5872859954834,0,0,0,0,0,-19.798133850097656,169.6718292236328,-37.77616500854492,-33.60573959350586,152.8868865966797,-32.20280838012695,lower,41,2025-11-18T16:26:57.727010,my_hand_data\videos\lower_seq41_20251118_162654_914194.avi,89.79928960779824,360,90,HIGH,VIDEO_RECORDING,2025-11-18T16:26:58.982298
2025-11-18 16:26:57.747228,254,1218,HandType.Left,0.7330478429794312,-70.13424682617188,139.3549346923828,-56.6808967590332,0.6273350715637207,-0.14209648966789246,0.7656757235527039,-49.23154830932617,-32.075111389160156,-47.75811004638672,1.0,0.909694254398346,16.58751678466797,0,0,0,0,0,-20.268030166625977,169.09243774414062,-38.442508697509766,-34.438053131103516,152.35609436035156,-32.718360900878906,lower,41,2025-11-18T16:26:57.747228,my_hand_data\videos\lower_seq41_20251118_162654_914194.avi,89.79928960779824,360,90,HIGH,VIDEO_RECORDING,2025-11-18T16:26:58.982298
2025-11-18 16:26:57.747228,255,1218,HandType.Left,0.7342122197151184,-70.86727905273438,139.08340454101562,-57.28211212158203,0.6275489926338196,-0.1461748480796814,0.7647321224212646,-66.33197021484375,-24.570968627929688,-54.40388488769531,1.0,0.9150605797767639,16.266477584838867,0,0,0,0,0,-20.99030876159668,168.38958740234375,-39.2493896484375,-35.19037628173828,151.9939422607422,-33.31544494628906,lower,41,2025-11-18T16:26:57.747228,my_hand_data\videos\lower_seq41_20251118_162654_914194.avi,89.79928960779824,360,90,HIGH,VIDEO_RECORDING,2025-11-18T16:26:58.982298
2025-11-18 16:26:57.767409,256,1218,HandType.Left,0.7354331016540527,-71.57032775878906,138.63623046875,-57.80108642578125,0.626970112323761,-0.14993247389793396,0.764479398727417,-62.73259353637695,-39.900352478027344,-46.30812072753906,1.0,0.9175089001655579,16.0767822265625,0,0,0,0,0,-21.664701461791992,167.6476287841797,-40.036964416503906,-35.834632873535156,151.44259643554688,-33.803672790527344,lower,41,2025-11-18T16:26:57.767409,my_hand_data\videos\lower_seq41_20251118_162654_914194.avi,89.79928960779824,360,90,HIGH,VIDEO_RECORDING,2025-11-18T16:26:58.982298
2025-11-18 16:26:57.777184,257,1218,HandType.Left,0.7354293465614319,-72.26614379882812,138.13917541503906,-58.19905471801758,0.6263715028762817,-0.15393351018428802,0.7641748189926147,-62.377071380615234,-44.55942916870117,-35.67596435546875,1.0,0.9146044254302979,15.927430152893066,0,0,0,0,0,-22.368379592895508,166.99258422851562,-40.98359680175781,-36.51078796386719,150.84963989257812,-34.16570281982422,lower,41,2025-11-18T16:26:57.777184,my_hand_data\videos\lower_seq41_20251118_162654_914194.avi,89.79928960779824,360,90,HIGH,VIDEO_RECORDING,2025-11-18T16:26:58.982298
2025-11-18 16:26:57.787259,258,1218,HandType.Left,0.7357799410820007,-73.02400970458984,137.52923583984375,-58.62369918823242,0.625982403755188,-0.15608404576778412,0.764057457447052,-68.21501922607422,-54.900657653808594,-38.22206497192383,1.0,0.9228194355964661,15.56447982788086,0,0,0,0,0,-23.168212890625,166.06646728515625,-41.79390335083008,-37.076114654541016,150.24107360839844,-34.63740921020508,lower,41,2025-11-18T16:26:57.787259,my_hand_data\videos\lower_seq41_20251118_162654_914194.avi,89.79928960779824,360,90,HIGH,VIDEO_RECORDING,2025-11-18T16:26:58.982298
2025-11-18 16:26:57.797332,259,1218,HandType.Left,0.7353301048278809,-73.83453369140625,136.8721923828125,-59.082096099853516,0.6258694529533386,-0.15611135959625244,0.7641444206237793,-74.21672821044922,-60.1628532409668,-41.9736213684082,1.0,0.9316070079803467,15.369251251220703,0,0,0,0,0,-23.98092269897461,165.18597412109375,-42.38620376586914,-37.750301361083984,149.6597137451172,-35.20009231567383,lower,41,2025-11-18T16:26:57.797332,my_hand_data\videos\lower_seq41_20251118_162654_914194.avi,89.79928960779824,360,90,HIGH,VIDEO_RECORDING,2025-11-18T16:26:58.982298
2025-11-18 16:26:57.807720,260,1218,HandType.Left,0.7352427244186401,-74.46131896972656,136.01882934570312,-59.50593185424805,0.626295804977417,-0.15571843087673187,0.7638751864433289,-55.749244689941406,-75.90215301513672,-37.69785690307617,1.0,0.930691123008728,15.270950317382812,0,0,0,0,0,-24.616233825683594,164.2312469482422,-43.02850341796875,-38.61220932006836,148.91757202148438,-35.70741271972656,lower,41,2025-11-18T16:26:57.807720,my_hand_data\videos\lower_seq41_20251118_162654_914194.avi,89.79928960779824,360,90,HIGH,VIDEO_RECORDING,2025-11-18T16:26:58.982298
2025-11-18 16:26:57.827902,261,1218,HandType.Left,0.7323529720306396,-75.67852020263672,134.35443115234375,-60.311466217041016,0.626556932926178,-0.15487970411777496,0.7638315558433533,-58.497764587402344,-74.89949035644531,-37.7118034362793,1.0,0.9289132952690125,14.862977981567383,0,0,0,0,0,-26.005678176879883,161.89149475097656,-43.826229095458984,-40.818477630615234,147.2456512451172,-36.492393493652344,lower,41,2025-11-18T16:26:57.827902,my_hand_data\videos\lower_seq41_20251118_162654_914194.avi,89.79928960779824,360,90,HIGH,VIDEO_RECORDING,2025-11-18T16:26:58.982298
2025-11-18 16:26:57.827902,262,1218,HandType.Left,0.7323529720306396,-75.67852020263672,134.35443115234375,-60.311466217041016,0.626556932926178,-0.15487970411777496,0.7638315558433533,-58.497764587402344,-74.89949035644531,-37.7118034362793,1.0,0.9289132952690125,14.862977981567383,0,0,0,0,0,-26.005678176879883,161.89149475097656,-43.826229095458984,-40.818477630615234,147.2456512451172,-36.492393493652344,lower,41,2025-11-18T16:26:57.827902,my_hand_data\videos\lower_seq41_20251118_162654_914194.avi,89.79928960779824,360,90,HIGH,VIDEO_RECORDING,2025-11-18T16:26:58.982298
2025-11-18 16:26:57.848449,263,1218,HandType.Left,0.7313258051872253,-76.35272979736328,133.6651611328125,-60.755985260009766,0.6265729665756226,-0.15380772948265076,0.7640350461006165,-59.10997009277344,-60.43041229248047,-38.9726448059082,1.0,0.9236133694648743,14.690421104431152,0,0,0,0,0,-26.848480224609375,160.87379455566406,-44.1009407043457,-42.27976608276367,146.54129028320312,-36.83347702026367,lower,41,2025-11-18T16:26:57.848449,my_hand_data\videos\lower_seq41_20251118_162654_914194.avi,89.79928960779824,360,90,HIGH,VIDEO_RECORDING,2025-11-18T16:26:58.982298
2025-11-18 16:26:57.854247,264,1218,HandType.Left,0.7305166721343994,-77.09339141845703,132.94589233398438,-61.092041015625,0.6263207197189331,-0.15241356194019318,0.764521062374115,-68.07566833496094,-66.10899353027344,-30.8874454498291,1.0,0.9222062826156616,14.413426399230957,0,0,0,0,0,-27.794235229492188,159.75425720214844,-44.30595016479492,-43.70882034301758,145.82594299316406,-37.10160446166992,lower,41,2025-11-18T16:26:57.854247,my_hand_data\videos\lower_seq41_20251118_162654_914194.avi,89.79928960779824,360,90,HIGH,VIDEO_RECORDING,2025-11-18T16:26:58.982298
2025-11-18 16:26:57.869007,265,1218,HandType.Left,0.729508638381958,-77.9233627319336,132.2643280029297,-61.43182373046875,0.6263384819030762,-0.15034231543540955,0.7649165391921997,-73.83402252197266,-60.63298034667969,-30.227102279663086,1.0,0.9226871132850647,14.11188793182373,0,0,0,0,0,-28.873544692993164,158.74398803710938,-44.64623260498047,-45.12916564941406,145.22703552246094,-37.42369079589844,lower,41,2025-11-18T16:26:57.869007,my_hand_data\videos\lower_seq41_20251118_162654_914194.avi,89.79928960779824,360,90,HIGH,VIDEO_RECORDING,2025-11-18T16:26:58.982298
2025-11-18 16:26:57.869007,266,1218,HandType.Left,0.7286757230758667,-78.70405578613281,131.4209442138672,-61.75202560424805,0.6268488764762878,-0.14805950224399567,0.7649437189102173,-71.06932067871094,-76.77522277832031,-29.148839950561523,1.0,0.9170084595680237,13.85302448272705,0,0,0,0,0,-29.841907501220703,157.7616729736328,-45.064414978027344,-46.56962203979492,144.53323364257812,-37.75381851196289,lower,41,2025-11-18T16:26:57.869007,my_hand_data\videos\lower_seq41_20251118_162654_914194.avi,89.79928960779824,360,90,HIGH,VIDEO_RECORDING,2025-11-18T16:26:58.982298
2025-11-18 16:26:57.889584,267,1218,HandType.Left,0.7272273898124695,-79.453369140625,130.52882385253906,-62.05619430541992,0.6270507574081421,-0.14590568840503693,0.7651920318603516,-67.79266357421875,-80.71333312988281,-27.5192813873291,1.0,0.9043106436729431,13.886743545532227,0,0,0,0,0,-30.816503524780273,157.04290771484375,-45.625614166259766,-47.974884033203125,143.7283172607422,-38.10527801513672,lower,41,2025-11-18T16:26:57.889584,my_hand_data\videos\lower_seq41_20251118_162654_914194.avi,89.79928960779824,360,90,HIGH,VIDEO_RECORDING,2025-11-18T16:26:58.982298
2025-11-18 16:26:57.899784,268,1218,HandType.Left,0.7272263169288635,-80.25972747802734,129.6295166015625,-62.413631439208984,0.6275779604911804,-0.1436873823404312,0.7651795744895935,-72.17646789550781,-80.49555206298828,-31.99376106262207,1.0,0.9010216593742371,13.98900318145752,0,0,0,0,0,-31.783056259155273,156.41934204101562,-46.16485595703125,-48.896427154541016,142.90184020996094,-38.54364776611328,lower,41,2025-11-18T16:26:57.899784,my_hand_data\videos\lower_seq41_20251118_162654_914194.avi,89.79928960779824,360,90,HIGH,VIDEO_RECORDING,2025-11-18T16:26:58.982298
2025-11-18 16:26:57.909979,269,1218,HandType.Left,0.7282467484474182,-80.95254516601562,128.71795654296875,-62.73101806640625,0.6276909112930298,-0.14212100207805634,0.7653794884681702,-57.462425231933594,-75.60466003417969,-26.32394790649414,1.0,0.8980506062507629,14.08318042755127,0,0,0,0,0,-32.6767578125,155.8087615966797,-46.62338638305664,-49.731651306152344,142.05577087402344,-38.97259521484375,lower,41,2025-11-18T16:26:57.909979,my_hand_data\videos\lower_seq41_20251118_162654_914194.avi,89.79928960779824,360,90,HIGH,VIDEO_RECORDING,2025-11-18T16:26:58.982298
2025-11-18 16:26:57.920139,270,1218,HandType.Left,0.7294790148735046,-81.5795669555664,127.82396697998047,-63.0093879699707,0.627717912197113,-0.14181098341941833,0.765414834022522,-61.66619873046875,-87.92192077636719,-27.377124786376953,1.0,0.8963150978088379,14.018291473388672,0,0,0,0,0,-33.44147872924805,154.90692138671875,-47.14518737792969,-50.49348449707031,141.13003540039062,-39.339210510253906,lower,41,2025-11-18T16:26:57.920139,my_hand_data\videos\lower_seq41_20251118_162654_914194.avi,89.79928960779824,360,90,HIGH,VIDEO_RECORDING,2025-11-18T16:26:58.982298
2025-11-18 16:26:57.930445,271,1218,HandType.Left,0.7294578552246094,-82.03144836425781,126.87762451171875,-63.271305084228516,0.6275267601013184,-0.1423674076795578,0.7654682993888855,-40.29975128173828,-84.39678955078125,-23.358257293701172,1.0,0.8861901760101318,14.00658130645752,0,0,0,0,0,-34.02454376220703,153.88021850585938,-47.752960205078125,-51.399658203125,140.08692932128906,-39.638851165771484,lower,41,2025-11-18T16:26:57.930445,my_hand_data\videos\lower_seq41_20251118_162654_914194.avi,89.79928960779824,360,90,HIGH,VIDEO_RECORDING,2025-11-18T16:26:58.982298
2025-11-18 16:26:57.940631,272,1218,HandType.Left,0.7288799285888672,-82.35671997070312,125.94840240478516,-63.49565124511719,0.626177191734314,-0.14414222538471222,0.7662408947944641,-28.698205947875977,-81.98583984375,-19.79411506652832,1.0,0.8816396594047546,13.803932189941406,0,0,0,0,0,-34.547061920166016,152.37550354003906,-48.07057189941406,-52.30421829223633,138.8290557861328,-39.875755310058594,lower,41,2025-11-18T16:26:57.940631,my_hand_data\videos\lower_seq41_20251118_162654_914194.avi,89.79928960779824,360,90,HIGH,VIDEO_RECORDING,2025-11-18T16:26:58.982298
2025-11-18 16:26:57.961359,273,1218,HandType.Left,0.7297158241271973,-83.21263122558594,124.08883666992188,-64.12960052490234,0.6240373849868774,-0.1458289474248886,0.7676661014556885,-47.242374420166016,-76.26238250732422,-31.8516788482666,1.0,0.8911787867546082,13.321052551269531,0,0,0,0,0,-35.73237991333008,149.49375915527344,-48.58584976196289,-53.6293830871582,136.5425262451172,-40.62989044189453,lower,41,2025-11-18T16:26:57.961359,my_hand_data\videos\lower_seq41_20251118_162654_914194.avi,89.79928960779824,360,90,HIGH,VIDEO_RECORDING,2025-11-18T16:26:58.982298
2025-11-18 16:26:57.961359,274,1218,HandType.Left,0.7297158241271973,-83.21263122558594,124.08883666992188,-64.12960052490234,0.6240373849868774,-0.1458289474248886,0.7676661014556885,-47.242374420166016,-76.26238250732422,-31.8516788482666,1.0,0.8911787867546082,13.321052551269531,0,0,0,0,0,-35.73237991333008,149.49375915527344,-48.58584976196289,-53.6293830871582,136.5425262451172,-40.62989044189453,lower,41,2025-11-18T16:26:57.961359,my_hand_data\videos\lower_seq41_20251118_162654_914194.avi,89.79928960779824,360,90,HIGH,VIDEO_RECORDING,2025-11-18T16:26:58.982298
2025-11-18 16:26:57.981669,275,1218,HandType.Left,0.7289105653762817,-84.77487182617188,122.70915985107422,-64.87826538085938,0.6234017014503479,-0.14653991162776947,0.7680470943450928,-75.84858703613281,-55.925933837890625,-35.73323440551758,1.0,0.9289789199829102,12.391200065612793,0,0,0,0,0,-37.787532806396484,146.8006134033203,-49.101585388183594,-54.985172271728516,134.86485290527344,-41.71052551269531,lower,41,2025-11-18T16:26:57.981669,my_hand_data\videos\lower_seq41_20251118_162654_914194.avi,89.79928960779824,360,90,HIGH,VIDEO_RECORDING,2025-11-18T16:26:58.982298
2025-11-18 16:26:57.981669,276,1218,HandType.Left,0.7289105653762817,-84.77487182617188,122.70915985107422,-64.87826538085938,0.6234017014503479,-0.14653991162776947,0.7680470943450928,-75.84858703613281,-55.925933837890625,-35.73323440551758,1.0,0.9289789199829102,12.391200065612793,0,0,0,0,0,-37.787532806396484,146.8006134033203,-49.101585388183594,-54.985172271728516,134.86485290527344,-41.71052551269531,lower,41,2025-11-18T16:26:57.981669,my_hand_data\videos\lower_seq41_20251118_162654_914194.avi,89.79928960779824,360,90,HIGH,VIDEO_RECORDING,2025-11-18T16:26:58.982298
2025-11-18 16:26:58.002275,277,1218,HandType.Left,0.7291375994682312,-85.73136138916016,121.94235229492188,-65.21183776855469,0.6232851147651672,-0.146330788731575,0.768181562423706,-86.37264251708984,-69.24418640136719,-30.122159957885742,1.0,0.9601510167121887,11.742730140686035,0,0,0,0,0,-38.81415557861328,145.2173614501953,-49.33336639404297,-55.29378890991211,134.00958251953125,-42.28414535522461,lower,41,2025-11-18T16:26:58.002275,my_hand_data\videos\lower_seq41_20251118_162654_914194.avi,89.79928960779824,360,90,HIGH,VIDEO_RECORDING,2025-11-18T16:26:58.982298
2025-11-18 16:26:58.004289,278,1218,HandType.Left,0.7299540042877197,-86.73725128173828,121.04873657226562,-65.51031494140625,0.6243031620979309,-0.14431428909301758,0.7677362561225891,-91.67000579833984,-81.43794250488281,-27.201353073120117,1.0,0.9917129874229431,11.327335357666016,0,0,0,0,0,-39.93559265136719,143.92105102539062,-49.45683288574219,-55.499725341796875,133.1276397705078,-42.829715728759766,lower,41,2025-11-18T16:26:58.004289,my_hand_data\videos\lower_seq41_20251118_162654_914194.avi,89.79928960779824,360,90,HIGH,VIDEO_RECORDING,2025-11-18T16:26:58.982298
2025-11-18 16:26:58.022758,279,1218,HandType.Left,0.7307255268096924,-87.81639099121094,120.2143325805664,-65.85411071777344,0.6256178617477417,-0.14115549623966217,0.7672531604766846,-96.5066909790039,-74.62037658691406,-30.745059967041016,1.0,1.0,10.921147346496582,0,0,0,0,0,-41.080631256103516,142.58444213867188,-49.57118606567383,-55.69833755493164,132.34811401367188,-43.41094970703125,lower,41,2025-11-18T16:26:58.022758,my_hand_data\videos\lower_seq41_20251118_162654_914194.avi,89.79928960779824,360,90,HIGH,VIDEO_RECORDING,2025-11-18T16:26:58.982298
2025-11-18 16:26:58.032777,280,1218,HandType.Left,0.731736958026886,-88.81256866455078,119.58373260498047,-66.28099060058594,0.6266348958015442,-0.13842162489891052,0.7669212222099304,-89.18295288085938,-56.45444107055664,-38.2166633605957,1.0,1.0,10.488519668579102,0,0,0,0,0,-42.12907791137695,141.3219451904297,-49.792991638183594,-56.10676193237305,131.70382690429688,-43.96847915649414,lower,41,2025-11-18T16:26:58.032777,my_hand_data\videos\lower_seq41_20251118_162654_914194.avi,89.79928960779824,360,90,HIGH,VIDEO_RECORDING,2025-11-18T16:26:58.982298
2025-11-18 16:26:58.042979,281,1218,HandType.Left,0.7326768040657043,-89.75019836425781,118.92395782470703,-66.71192169189453,0.6280287504196167,-0.13429898023605347,0.766514003276825,-84.85369110107422,-59.707889556884766,-38.99833679199219,1.0,1.0,10.435757637023926,0,0,0,0,0,-43.1175422668457,140.51292419433594,-50.197227478027344,-56.76467514038086,131.0530242919922,-44.55023956298828,lower,41,2025-11-18T16:26:58.042979,my_hand_data\videos\lower_seq41_20251118_162654_914194.avi,89.79928960779824,360,90,HIGH,VIDEO_RECORDING,2025-11-18T16:26:58.982298
2025-11-18 16:26:58.053183,282,1218,HandType.Left,0.7328863143920898,-90.58840942382812,118.30036163330078,-67.17609405517578,0.6285058259963989,-0.13273349404335022,0.7663955688476562,-75.85603332519531,-56.434444427490234,-42.00695037841797,1.0,1.0,10.281637191772461,0,0,0,0,0,-44.04378128051758,139.60272216796875,-50.6531982421875,-57.36957931518555,130.3643341064453,-45.10178756713867,lower,41,2025-11-18T16:26:58.053183,my_hand_data\videos\lower_seq41_20251118_162654_914194.avi,89.79928960779824,360,90,HIGH,VIDEO_RECORDING,2025-11-18T16:26:58.982298
2025-11-18 16:26:58.063248,283,1218,HandType.Left,0.7323803901672363,-91.34965515136719,117.58605194091797,-67.63019561767578,0.6300170421600342,-0.1296142041683197,0.7656883597373962,-68.24273681640625,-64.03448486328125,-40.7083625793457,1.0,1.0,10.325945854187012,0,0,0,0,0,-44.847801208496094,138.84979248046875,-51.22222137451172,-57.985076904296875,129.6089630126953,-45.758296966552734,lower,41,2025-11-18T16:26:58.063248,my_hand_data\videos\lower_seq41_20251118_162654_914194.avi,89.79928960779824,360,90,HIGH,VIDEO_RECORDING,2025-11-18T16:26:58.982298
2025-11-18 16:26:58.073451,284,1218,HandType.Left,0.7314954996109009,-91.9113998413086,116.8534164428711,-68.05970001220703,0.6305425763130188,-0.12844803929328918,0.7654522657394409,-50.970130920410156,-66.47686767578125,-38.971473693847656,1.0,1.0,10.404470443725586,0,0,0,0,0,-45.48262405395508,138.0730438232422,-51.70228576660156,-58.583492279052734,128.6855010986328,-46.18811798095703,lower,41,2025-11-18T16:26:58.073451,my_hand_data\videos\lower_seq41_20251118_162654_914194.avi,89.79928960779824,360,90,HIGH,VIDEO_RECORDING,2025-11-18T16:26:58.982298
2025-11-18 16:26:58.093489,285,1218,HandType.Left,0.7303001880645752,-93.35606384277344,115.48431396484375,-68.98075866699219,0.6304419040679932,-0.12335795164108276,0.7663718461990356,-66.21408081054688,-63.3075065612793,-46.14670944213867,1.0,1.0,10.250325202941895,0,0,0,0,0,-47.110286712646484,136.39926147460938,-52.59751510620117,-60.040122985839844,127.26622772216797,-47.104984283447266,lower,41,2025-11-18T16:26:58.093489,my_hand_data\videos\lower_seq41_20251118_162654_914194.avi,89.79928960779824,360,90,HIGH,VIDEO_RECORDING,2025-11-18T16:26:58.982298
2025-11-18 16:26:58.093489,286,1218,HandType.Left,0.7303001880645752,-93.35606384277344,115.48431396484375,-68.98075866699219,0.6304419040679932,-0.12335795164108276,0.7663718461990356,-66.21408081054688,-63.3075065612793,-46.14670944213867,1.0,1.0,10.250325202941895,0,0,0,0,0,-47.110286712646484,136.39926147460938,-52.59751510620117,-60.040122985839844,127.26622772216797,-47.104984283447266,lower,41,2025-11-18T16:26:58.093489,my_hand_data\videos\lower_seq41_20251118_162654_914194.avi,89.79928960779824,360,90,HIGH,VIDEO_RECORDING,2025-11-18T16:26:58.982298
2025-11-18 16:26:58.113448,287,1218,HandType.Left,0.7291468977928162,-94.06046295166016,114.83763122558594,-69.5617446899414,0.6311802268028259,-0.11902959644794464,0.7664486169815063,-62.92631149291992,-57.7703971862793,-51.90167999267578,1.0,1.0,10.221870422363281,0,0,0,0,0,-47.93889236450195,135.66111755371094,-53.17484664916992,-60.74156951904297,126.68797302246094,-47.781002044677734,lower,41,2025-11-18T16:26:58.113448,my_hand_data\videos\lower_seq41_20251118_162654_914194.avi,89.79928960779824,360,90,HIGH,VIDEO_RECORDING,2025-11-18T16:26:58.982298
2025-11-18 16:26:58.115458,288,1218,HandType.Left,0.7285830974578857,-94.7741928100586,114.2260971069336,-70.1831283569336,0.6311116814613342,-0.11468657851219177,0.7671669125556946,-63.86273956298828,-54.71885681152344,-55.59972381591797,1.0,1.0,9.979791641235352,0,0,0,0,0,-48.840110778808594,134.70599365234375,-53.82362747192383,-61.44483947753906,126.07154083251953,-48.44670867919922,lower,41,2025-11-18T16:26:58.115458,my_hand_data\videos\lower_seq41_20251118_162654_914194.avi,89.79928960779824,360,90,HIGH,VIDEO_RECORDING,2025-11-18T16:26:58.982298
2025-11-18 16:26:58.133899,289,1218,HandType.Left,0.7277060151100159,-95.58586883544922,113.67387390136719,-70.84687042236328,0.6316105127334595,-0.11099077761173248,0.7672999501228333,-74.03805541992188,-50.3714599609375,-60.543434143066406,1.0,1.0,9.981704711914062,0,0,0,0,0,-49.79820251464844,134.05445861816406,-54.55508041381836,-62.44761657714844,125.49642944335938,-49.1240348815918,lower,41,2025-11-18T16:26:58.133899,my_hand_data\videos\lower_seq41_20251118_162654_914194.avi,89.79928960779824,360,90,HIGH,VIDEO_RECORDING,2025-11-18T16:26:58.982298
2025-11-18 16:26:58.143921,290,1218,HandType.Left,0.7257993817329407,-96.35560607910156,113.1959228515625,-71.49577331542969,0.632066011428833,-0.10894079506397247,0.7672186493873596,-67.94352722167969,-42.188270568847656,-57.27851867675781,1.0,1.0,9.948554992675781,0,0,0,0,0,-50.71638870239258,133.50706481933594,-55.376220703125,-63.594581604003906,124.99453735351562,-49.75981903076172,lower,41,2025-11-18T16:26:58.143921,my_hand_data\videos\lower_seq41_20251118_162654_914194.avi,89.79928960779824,360,90,HIGH,VIDEO_RECORDING,2025-11-18T16:26:58.982298
2025-11-18 16:26:58.154217,291,1218,HandType.Left,0.725642740726471,-97.12496948242188,112.74088287353516,-72.11944580078125,0.6325066685676575,-0.10720211267471313,0.7671003937721252,-69.72039031982422,-41.236000061035156,-56.517799377441406,1.0,1.0,9.8889799118042,0,0,0,0,0,-51.73268508911133,132.9415283203125,-56.18190383911133,-64.59754943847656,124.45995330810547,-50.31864929199219,lower,41,2025-11-18T16:26:58.154217,my_hand_data\videos\lower_seq41_20251118_162654_914194.avi,89.79928960779824,360,90,HIGH,VIDEO_RECORDING,2025-11-18T16:26:58.982298
2025-11-18 16:26:58.164291,292,1218,HandType.Left,0.7270960807800293,-97.80036926269531,112.20513916015625,-72.70035552978516,0.6328456401824951,-0.10459785908460617,0.767180323600769,-61.34465026855469,-48.659664154052734,-52.762054443359375,1.0,1.0,9.885449409484863,0,0,0,0,0,-52.46063232421875,132.2075958251953,-56.93495559692383,-65.64888000488281,123.81940460205078,-50.8725471496582,lower,41,2025-11-18T16:26:58.164291,my_hand_data\videos\lower_seq41_20251118_162654_914194.avi,89.79928960779824,360,90,HIGH,VIDEO_RECORDING,2025-11-18T16:26:58.982298
2025-11-18 16:26:58.174478,293,1218,HandType.Left,0.7300350069999695,-98.41004943847656,111.61430358886719,-73.30308532714844,0.6332487463951111,-0.10211872309446335,0.7671816945075989,-54.9605598449707,-53.262107849121094,-54.334197998046875,1.0,1.0,10.128521919250488,0,0,0,0,0,-53.02259063720703,131.7696990966797,-57.82221221923828,-66.6584701538086,123.10414123535156,-51.45406723022461,lower,41,2025-11-18T16:26:58.174478,my_hand_data\videos\lower_seq41_20251118_162654_914194.avi,89.79928960779824,360,90,HIGH,VIDEO_RECORDING,2025-11-18T16:26:58.982298
2025-11-18 16:26:58.184748,294,1218,HandType.Left,0.7317962050437927,-98.93791961669922,111.01573944091797,-73.85150146484375,0.6331042051315308,-0.09808450937271118,0.7678271532058716,-47.08879089355469,-53.39565658569336,-48.92167282104492,1.0,1.0,10.455534934997559,0,0,0,0,0,-53.64786148071289,131.40936279296875,-58.617271423339844,-68.07686614990234,122.37468719482422,-51.92884063720703,lower,41,2025-11-18T16:26:58.184748,my_hand_data\videos\lower_seq41_20251118_162654_914194.avi,89.79928960779824,360,90,HIGH,VIDEO_RECORDING,2025-11-18T16:26:58.982298
2025-11-18 16:26:58.205211,295,1218,HandType.Left,0.7306614518165588,-100.17887115478516,110.13811492919922,-74.939697265625,0.6311402320861816,-0.09485659003257751,0.7698468565940857,-46.36175537109375,-39.732852935791016,-47.07770919799805,1.0,1.0,11.077073097229004,0,0,0,0,0,-55.1088752746582,130.9515838623047,-60.04767990112305,-70.0897216796875,121.1214599609375,-52.862178802490234,lower,41,2025-11-18T16:26:58.205211,my_hand_data\videos\lower_seq41_20251118_162654_914194.avi,89.79928960779824,360,90,HIGH,VIDEO_RECORDING,2025-11-18T16:26:58.982298
2025-11-18 16:26:58.210436,296,1218,HandType.Left,0.7306614518165588,-100.17887115478516,110.13811492919922,-74.939697265625,0.6311402320861816,-0.09485659003257751,0.7698468565940857,-46.36175537109375,-39.732852935791016,-47.07770919799805,1.0,1.0,11.077073097229004,0,0,0,0,0,-55.1088752746582,130.9515838623047,-60.04767990112305,-70.0897216796875,121.1214599609375,-52.862178802490234,lower,41,2025-11-18T16:26:58.210436,my_hand_data\videos\lower_seq41_20251118_162654_914194.avi,89.79928960779824,360,90,HIGH,VIDEO_RECORDING,2025-11-18T16:26:58.982298
2025-11-18 16:26:58.225894,297,1218,HandType.Left,0.7305238842964172,-100.59305572509766,109.67231750488281,-75.46109008789062,0.6296542882919312,-0.09371742606163025,0.771202027797699,-37.51277542114258,-42.1881103515625,-47.22268295288086,1.0,0.9942473769187927,11.325374603271484,0,0,0,0,0,-55.94971466064453,130.95458984375,-60.91246032714844,-71.29894256591797,120.63079833984375,-53.2937126159668,lower,41,2025-11-18T16:26:58.225894,my_hand_data\videos\lower_seq41_20251118_162654_914194.avi,89.79928960779824,360,90,HIGH,VIDEO_RECORDING,2025-11-18T16:26:58.982298
2025-11-18 16:26:58.225894,298,1218,HandType.Left,0.7305721044540405,-101.06985473632812,109.1786880493164,-75.95050811767578,0.628166139125824,-0.09245415776968002,0.7725668549537659,-42.12744140625,-43.61444854736328,-43.242557525634766,1.0,0.9804447889328003,11.54604721069336,0,0,0,0,0,-56.89364242553711,130.9817657470703,-61.87211227416992,-72.24811553955078,120.14768981933594,-53.733951568603516,lower,41,2025-11-18T16:26:58.225894,my_hand_data\videos\lower_seq41_20251118_162654_914194.avi,89.79928960779824,360,90,HIGH,VIDEO_RECORDING,2025-11-18T16:26:58.982298
2025-11-18 16:26:58.245938,299,1218,HandType.Left,0.730509877204895,-101.60865020751953,108.70513916015625,-76.48997497558594,0.6276913285255432,-0.09111881256103516,0.7731112241744995,-50.013893127441406,-43.956573486328125,-50.07635498046875,1.0,0.9641807079315186,11.972102165222168,0,0,0,0,0,-57.66795349121094,131.07781982421875,-62.824920654296875,-73.18766021728516,119.72154998779297,-54.300777435302734,lower,41,2025-11-18T16:26:58.245938,my_hand_data\videos\lower_seq41_20251118_162654_914194.avi,89.79928960779824,360,90,HIGH,VIDEO_RECORDING,2025-11-18T16:26:58.982298
2025-11-18 16:26:58.256445,300,1218,HandType.Left,0.7306351065635681,-102.24628448486328,108.35598754882812,-77.11986541748047,0.6272198557853699,-0.0886339396238327,0.7737824320793152,-57.1970100402832,-31.320207595825195,-56.50230407714844,1.0,0.9581878781318665,12.140583992004395,0,0,0,0,0,-58.60075378417969,131.05886840820312,-63.71430969238281,-74.05358123779297,119.43109893798828,-54.93202209472656,lower,41,2025-11-18T16:26:58.256445,my_hand_data\videos\lower_seq41_20251118_162654_914194.avi,89.79928960779824,360,90,HIGH,VIDEO_RECORDING,2025-11-18T16:26:58.982298
2025-11-18 16:26:58.260771,301,1218,HandType.Left,0.7304354906082153,-102.91419982910156,108.03575134277344,-77.73516082763672,0.6275045275688171,-0.08532608300447464,0.7739234566688538,-59.55595016479492,-28.553972244262695,-54.86375045776367,1.0,0.9534264802932739,12.235137939453125,0,0,0,0,0,-59.42072296142578,130.887451171875,-64.50838470458984,-74.90464782714844,119.14331817626953,-55.533809661865234,lower,41,2025-11-18T16:26:58.260771,my_hand_data\videos\lower_seq41_20251118_162654_914194.avi,89.79928960779824,360,90,HIGH,VIDEO_RECORDING,2025-11-18T16:26:58.982298
2025-11-18 16:26:58.277021,302,1218,HandType.Left,0.7300974130630493,-103.63888549804688,107.78602600097656,-78.3468246459961,0.627419114112854,-0.08156127482652664,0.7743984460830688,-65.26349639892578,-22.48951530456543,-55.08475112915039,1.0,0.9511880278587341,12.344189643859863,0,0,0,0,0,-60.25669860839844,130.82022094726562,-65.28765869140625,-75.6485595703125,118.94258117675781,-56.142723083496094,lower,41,2025-11-18T16:26:58.277021,my_hand_data\videos\lower_seq41_20251118_162654_914194.avi,89.79928960779824,360,90,HIGH,VIDEO_RECORDING,2025-11-18T16:26:58.982298
2025-11-18 16:26:58.287236,303,1218,HandType.Left,0.7298714518547058,-104.23835754394531,107.4940414428711,-78.89649200439453,0.6272873878479004,-0.0794854685664177,0.7747209668159485,-53.428279876708984,-26.024019241333008,-48.989784240722656,1.0,0.9471031427383423,12.5090913772583,0,0,0,0,0,-60.95396041870117,130.73291015625,-65.97734832763672,-76.28655242919922,118.64368438720703,-56.67335510253906,lower,41,2025-11-18T16:26:58.287236,my_hand_data\videos\lower_seq41_20251118_162654_914194.avi,89.79928960779824,360,90,HIGH,VIDEO_RECORDING,2025-11-18T16:26:58.982298
2025-11-18 16:26:58.297464,304,1218,HandType.Left,0.7312043905258179,-104.95948791503906,107.24545288085938,-79.40972137451172,0.6275258660316467,-0.07722033560276031,0.7747569680213928,-66.4397201538086,-22.902332305908203,-47.28498458862305,1.0,0.9447858929634094,12.624361991882324,0,0,0,0,0,-61.71498107910156,130.56809997558594,-66.56456756591797,-77.01702880859375,118.37107849121094,-57.158416748046875,lower,41,2025-11-18T16:26:58.297464,my_hand_data\videos\lower_seq41_20251118_162654_914194.avi,89.79928960779824,360,90,HIGH,VIDEO_RECORDING,2025-11-18T16:26:58.982298
2025-11-18 16:26:58.307635,305,1218,HandType.Left,0.7313554883003235,-105.56475067138672,106.99887084960938,-79.88560485839844,0.6279762387275696,-0.07484951615333557,0.7746247053146362,-54.59150695800781,-22.24087905883789,-42.922794342041016,1.0,0.9390806555747986,12.794368743896484,0,0,0,0,0,-62.41728591918945,130.526611328125,-67.2808609008789,-77.66182708740234,118.1143798828125,-57.60620880126953,lower,41,2025-11-18T16:26:58.307635,my_hand_data\videos\lower_seq41_20251118_162654_914194.avi,89.79928960779824,360,90,HIGH,VIDEO_RECORDING,2025-11-18T16:26:58.982298
2025-11-18 16:26:58.317774,306,1218,HandType.Left,0.7313554883003235,-105.56475067138672,106.99887084960938,-79.88560485839844,0.6279762387275696,-0.07484951615333557,0.7746247053146362,-54.59150695800781,-22.24087905883789,-42.922794342041016,1.0,0.9390806555747986,12.794368743896484,0,0,0,0,0,-62.41728591918945,130.526611328125,-67.2808609008789,-77.66182708740234,118.1143798828125,-57.60620880126953,lower,41,2025-11-18T16:26:58.317774,my_hand_data\videos\lower_seq41_20251118_162654_914194.avi,89.79928960779824,360,90,HIGH,VIDEO_RECORDING,2025-11-18T16:26:58.982298
2025-11-18 16:26:58.338053,307,1218,HandType.Left,0.7329537868499756,-107.26154327392578,106.4323501586914,-81.23529052734375,0.628380298614502,-0.07005715370178223,0.7747452855110168,-47.694557189941406,-17.384403228759766,-37.76256561279297,1.0,0.9340119361877441,13.077906608581543,0,0,0,0,0,-64.44943237304688,130.33999633789062,-69.14651489257812,-79.27507019042969,117.54420471191406,-58.909767150878906,lower,41,2025-11-18T16:26:58.338053,my_hand_data\videos\lower_seq41_20251118_162654_914194.avi,89.79928960779824,360,90,HIGH,VIDEO_RECORDING,2025-11-18T16:26:58.982298
2025-11-18 16:26:58.338053,308,1218,HandType.Left,0.7329537868499756,-107.26154327392578,106.4323501586914,-81.23529052734375,0.628380298614502,-0.07005715370178223,0.7747452855110168,-47.694557189941406,-17.384403228759766,-37.76256561279297,1.0,0.9340119361877441,13.077906608581543,0,0,0,0,0,-64.44943237304688,130.33999633789062,-69.14651489257812,-79.27507019042969,117.54420471191406,-58.909767150878906,lower,41,2025-11-18T16:26:58.338053,my_hand_data\videos\lower_seq41_20251118_162654_914194.avi,89.79928960779824,360,90,HIGH,VIDEO_RECORDING,2025-11-18T16:26:58.982298
2025-11-18 16:26:58.358676,309,1218,HandType.Left,0.7338999509811401,-107.7190933227539,106.19711303710938,-81.54257202148438,0.6284258961677551,-0.07017838954925537,0.7746973037719727,-41.20213317871094,-21.183256149291992,-27.670372009277344,1.0,0.9289040565490723,13.242939949035645,0,0,0,0,0,-65.08919525146484,130.25827026367188,-69.69337463378906,-79.81510162353516,117.24775695800781,-59.20288848876953,lower,41,2025-11-18T16:26:58.358676,my_hand_data\videos\lower_seq41_20251118_162654_914194.avi,89.79928960779824,360,90,HIGH,VIDEO_RECORDING,2025-11-18T16:26:58.982298
2025-11-18 16:26:58.358676,310,1218,HandType.Left,0.7325831055641174,-108.09586334228516,105.9709243774414,-81.78291320800781,0.628177285194397,-0.07044270634651184,0.7748749256134033,-33.79993438720703,-20.291370391845703,-21.561357498168945,1.0,0.9179964661598206,13.44710922241211,0,0,0,0,0,-65.68128204345703,130.32569885253906,-70.31089782714844,-80.46394348144531,117.02275085449219,-59.46795654296875,lower,41,2025-11-18T16:26:58.358676,my_hand_data\videos\lower_seq41_20251118_162654_914194.avi,89.79928960779824,360,90,HIGH,VIDEO_RECORDING,2025-11-18T16:26:58.982298
2025-11-18 16:26:58.379496,311,1218,HandType.Left,0.7325073480606079,-108.51874542236328,105.7889175415039,-81.97970581054688,0.6275118589401245,-0.07126528024673462,0.7753387093544006,-37.27816390991211,-16.044288635253906,-17.347583770751953,1.0,0.9030194282531738,13.707520484924316,0,0,0,0,0,-66.3636474609375,130.51148986816406,-70.99691009521484,-81.23755645751953,116.83085632324219,-59.674407958984375,lower,41,2025-11-18T16:26:58.379496,my_hand_data\videos\lower_seq41_20251118_162654_914194.avi,89.79928960779824,360,90,HIGH,VIDEO_RECORDING,2025-11-18T16:26:58.982298
2025-11-18 16:26:58.379496,312,1218,HandType.Left,0.7336435317993164,-108.87064361572266,105.50849914550781,-82.08981323242188,0.6266342997550964,-0.0734701156616211,0.7758424878120422,-32.68011474609375,-26.0416316986084,-10.225722312927246,1.0,0.8953365087509155,13.777850151062012,0,0,0,0,0,-67.03360748291016,130.3022918701172,-71.35618591308594,-81.96636962890625,116.47347259521484,-59.758968353271484,lower,41,2025-11-18T16:26:58.379496,my_hand_data\videos\lower_seq41_20251118_162654_914194.avi,89.79928960779824,360,90,HIGH,VIDEO_RECORDING,2025-11-18T16:26:58.982298
2025-11-18 16:26:58.400104,313,1218,HandType.Left,0.7341135740280151,-109.23564910888672,105.17256927490234,-82.18146514892578,0.6258435249328613,-0.07429904490709305,0.7764016389846802,-32.338584899902344,-29.762489318847656,-8.1199312210083,1.0,0.8758391737937927,14.038177490234375,0,0,0,0,0,-67.59194946289062,130.3055419921875,-71.92039489746094,-82.87745666503906,116.14059448242188,-59.833229064941406,lower,41,2025-11-18T16:26:58.400104,my_hand_data\videos\lower_seq41_20251118_162654_914194.avi,89.79928960779824,360,90,HIGH,VIDEO_RECORDING,2025-11-18T16:26:58.982298
2025-11-18 16:26:58.410365,314,1218,HandType.Left,0.7336483597755432,-109.71002197265625,104.90250396728516,-82.34253692626953,0.6252914667129517,-0.07483208179473877,0.7767952084541321,-43.504356384277344,-24.76780128479004,-14.771645545959473,1.0,0.87142014503479,14.116608619689941,0,0,0,0,0,-68.2684326171875,130.19708251953125,-72.21109008789062,-83.60567474365234,115.91929626464844,-60.02367401123047,lower,41,2025-11-18T16:26:58.410365,my_hand_data\videos\lower_seq41_20251118_162654_914194.avi,89.79928960779824,360,90,HIGH,VIDEO_RECORDING,2025-11-18T16:26:58.982298
2025-11-18 16:26:58.420577,315,1218,HandType.Left,0.7321606874465942,-110.23796081542969,104.6793441772461,-82.49629974365234,0.6233877539634705,-0.0756344273686409,0.7782462239265442,-47.13298034667969,-19.923349380493164,-13.727645874023438,1.0,0.863846480846405,14.222212791442871,0,0,0,0,0,-69.01495361328125,130.1535186767578,-72.50511169433594,-84.46469116210938,115.73324584960938,-60.1239128112793,lower,41,2025-11-18T16:26:58.420577,my_hand_data\videos\lower_seq41_20251118_162654_914194.avi,89.79928960779824,360,90,HIGH,VIDEO_RECORDING,2025-11-18T16:26:58.982298
2025-11-18 16:26:58.431010,316,1218,HandType.Left,0.7318100333213806,-110.78209686279297,104.38019561767578,-82.63212585449219,0.6221652626991272,-0.0760127529501915,0.779187023639679,-48.58827209472656,-26.71176528930664,-12.128533363342285,1.0,0.8489742279052734,14.459806442260742,0,0,0,0,0,-69.70125579833984,130.22335815429688,-72.9283218383789,-85.36809539794922,115.46345520019531,-60.21278381347656,lower,41,2025-11-18T16:26:58.431010,my_hand_data\videos\lower_seq41_20251118_162654_914194.avi,89.79928960779824,360,90,HIGH,VIDEO_RECORDING,2025-11-18T16:26:58.982298
2025-11-18 16:26:58.441452,317,1218,HandType.Left,0.7315220832824707,-111.24583435058594,103.92931365966797,-82.74018096923828,0.6205987930297852,-0.07674027234315872,0.7803640365600586,-42.161827087402344,-40.99313735961914,-9.824183464050293,1.0,0.831504225730896,14.740676879882812,0,0,0,0,0,-70.45980072021484,130.2191619873047,-73.3115234375,-86.29643249511719,115.01123046875,-60.16277313232422,lower,41,2025-11-18T16:26:58.441452,my_hand_data\videos\lower_seq41_20251118_162654_914194.avi,89.79928960779824,360,90,HIGH,VIDEO_RECORDING,2025-11-18T16:26:58.982298
2025-11-18 16:26:58.451797,318,1218,HandType.Left,0.7315220832824707,-111.24583435058594,103.92931365966797,-82.74018096923828,0.6205987930297852,-0.07674027234315872,0.7803640365600586,-42.161827087402344,-40.99313735961914,-9.824183464050293,1.0,0.831504225730896,14.740676879882812,0,0,0,0,0,-70.45980072021484,130.2191619873047,-73.3115234375,-86.29643249511719,115.01123046875,-60.16277313232422,lower,41,2025-11-18T16:26:58.451797,my_hand_data\videos\lower_seq41_20251118_162654_914194.avi,89.79928960779824,360,90,HIGH,VIDEO_RECORDING,2025-11-18T16:26:58.982298
2025-11-18 16:26:58.472352,319,1218,HandType.Left,0.7308322191238403,-112.39923095703125,102.35254669189453,-83.19654083251953,0.6138812303543091,-0.08537711948156357,0.7847678661346436,-38.23525619506836,-51.91010284423828,-19.090412139892578,1.0,0.7876394987106323,15.389118194580078,0,0,0,0,0,-72.85460662841797,129.54031372070312,-74.74382019042969,-88.8720932006836,113.04283905029297,-60.47593688964844,lower,41,2025-11-18T16:26:58.472352,my_hand_data\videos\lower_seq41_20251118_162654_914194.avi,89.79928960779824,360,90,HIGH,VIDEO_RECORDING,2025-11-18T16:26:58.982298
2025-11-18 16:26:58.472352,320,1218,HandType.Left,0.7308322191238403,-112.39923095703125,102.35254669189453,-83.19654083251953,0.6138812303543091,-0.08537711948156357,0.7847678661346436,-38.23525619506836,-51.91010284423828,-19.090412139892578,1.0,0.7876394987106323,15.389118194580078,0,0,0,0,0,-72.85460662841797,129.54031372070312,-74.74382019042969,-88.8720932006836,113.04283905029297,-60.47593688964844,lower,41,2025-11-18T16:26:58.472352,my_hand_data\videos\lower_seq41_20251118_162654_914194.avi,89.79928960779824,360,90,HIGH,VIDEO_RECORDING,2025-11-18T16:26:58.982298
2025-11-18 16:26:58.492906,321,1218,HandType.Left,0.7306628823280334,-112.947021484375,101.80760955810547,-83.45413208007812,0.6113631129264832,-0.08821211010217667,0.7864183187484741,-49.551475524902344,-49.29343795776367,-23.300668716430664,1.0,0.7774837613105774,15.655716896057129,0,0,0,0,0,-73.67935943603516,129.2663116455078,-75.2366943359375,-89.72621154785156,112.37175750732422,-60.81483459472656,lower,41,2025-11-18T16:26:58.492906,my_hand_data\videos\lower_seq41_20251118_162654_914194.avi,89.79928960779824,360,90,HIGH,VIDEO_RECORDING,2025-11-18T16:26:58.982298
2025-11-18 16:26:58.496922,322,1218,HandType.Left,0.7308779358863831,-113.65225982666016,101.10810852050781,-83.64459228515625,0.6099669337272644,-0.09067416191101074,0.7872220277786255,-64.42900085449219,-63.90475082397461,-17.39966583251953,1.0,0.7718493938446045,15.836250305175781,0,0,0,0,0,-74.5240478515625,128.72264099121094,-75.66649627685547,-90.54695129394531,111.55999755859375,-61.16831970214844,lower,41,2025-11-18T16:26:58.496922,my_hand_data\videos\lower_seq41_20251118_162654_914194.avi,89.79928960779824,360,90,HIGH,VIDEO_RECORDING,2025-11-18T16:26:58.982298
2025-11-18 16:26:58.513024,323,1218,HandType.Left,0.733365535736084,-114.29312896728516,100.238037109375,-83.77263641357422,0.6099467277526855,-0.09244756400585175,0.7870314121246338,-56.221534729003906,-76.32898712158203,-11.233311653137207,1.0,0.7535842061042786,16.102262496948242,0,0,0,0,0,-75.30912780761719,128.18695068359375,-76.42677307128906,-91.50753784179688,110.67279052734375,-61.35862350463867,lower,41,2025-11-18T16:26:58.513024,my_hand_data\videos\lower_seq41_20251118_162654_914194.avi,89.79928960779824,360,90,HIGH,VIDEO_RECORDING,2025-11-18T16:26:58.982298
2025-11-18 16:26:58.518086,324,1218,HandType.Left,0.7320365309715271,-115.2104721069336,99.57626342773438,-84.15164184570312,0.6098427176475525,-0.09239917248487473,0.7871176600456238,-83.53919982910156,-60.264984130859375,-34.514381408691406,1.0,0.7491483688354492,16.409053802490234,0,0,0,0,0,-76.52051544189453,127.8925552368164,-77.08222961425781,-92.5432357788086,110.03470611572266,-61.94517135620117,lower,41,2025-11-18T16:26:58.518086,my_hand_data\videos\lower_seq41_20251118_162654_914194.avi,89.79928960779824,360,90,HIGH,VIDEO_RECORDING,2025-11-18T16:26:58.982298
2025-11-18 16:26:58.533500,325,1218,HandType.Left,0.7309775948524475,-116.1481704711914,99.10778045654297,-84.61264038085938,0.6095666885375977,-0.09375335276126862,0.7871713638305664,-85.04385375976562,-42.48923110961914,-41.81028366088867,1.0,0.7504730820655823,16.509353637695312,0,0,0,0,0,-77.50659942626953,127.53628540039062,-77.71553802490234,-93.32567596435547,109.55790710449219,-62.581783294677734,lower,41,2025-11-18T16:26:58.533500,my_hand_data\videos\lower_seq41_20251118_162654_914194.avi,89.79928960779824,360,90,HIGH,VIDEO_RECORDING,2025-11-18T16:26:58.982298
2025-11-18 16:26:58.543631,326,1218,HandType.Left,0.7313529849052429,-117.02166748046875,98.5595932006836,-85.02398681640625,0.6098223328590393,-0.09451638907194138,0.7868820428848267,-74.88831329345703,-46.99801254272461,-35.26619338989258,1.0,0.7441536784172058,16.72035789489746,0,0,0,0,0,-78.43663024902344,127.1864013671875,-78.41913604736328,-94.20521545410156,108.98432159423828,-63.09468460083008,lower,41,2025-11-18T16:26:58.543631,my_hand_data\videos\lower_seq41_20251118_162654_914194.avi,89.79928960779824,360,90,HIGH,VIDEO_RECORDING,2025-11-18T16:26:58.982298
2025-11-18 16:26:58.553669,327,1218,HandType.Left,0.7309864163398743,-117.90380859375,97.93399047851562,-85.35124206542969,0.6113309264183044,-0.09457134455442429,0.7857040166854858,-83.11906433105469,-58.94717025756836,-30.835216522216797,1.0,0.7404997944831848,16.79486083984375,0,0,0,0,0,-79.35240936279297,126.64299011230469,-79.05426788330078,-95.10758209228516,108.38123321533203,-63.541011810302734,lower,41,2025-11-18T16:26:58.553669,my_hand_data\videos\lower_seq41_20251118_162654_914194.avi,89.79928960779824,360,90,HIGH,VIDEO_RECORDING,2025-11-18T16:26:58.982298
2025-11-18 16:26:58.563694,328,1218,HandType.Left,0.7303011417388916,-118.80968475341797,97.4428939819336,-85.79266357421875,0.6132972240447998,-0.09395243227481842,0.7842444777488708,-81.61071014404297,-44.24234390258789,-39.76787567138672,1.0,0.7388166785240173,16.95829963684082,0,0,0,0,0,-80.40330505371094,126.3216552734375,-79.70204162597656,-96.01290893554688,107.88211822509766,-64.14197540283203,lower,41,2025-11-18T16:26:58.563694,my_hand_data\videos\lower_seq41_20251118_162654_914194.avi,89.79928960779824,360,90,HIGH,VIDEO_RECORDING,2025-11-18T16:26:58.982298
2025-11-18 16:26:58.584193,329,1218,HandType.Left,0.7300798296928406,-120.44474029541016,96.46350860595703,-86.6428451538086,0.6149436235427856,-0.09736531972885132,0.7825371623039246,-74.43191528320312,-39.54988479614258,-42.82469177246094,1.0,0.7467209696769714,17.26154899597168,0,0,0,0,0,-82.32018280029297,125.52928924560547,-80.8194580078125,-97.14080047607422,106.78707122802734,-65.35346984863281,lower,41,2025-11-18T16:26:58.584193,my_hand_data\videos\lower_seq41_20251118_162654_914194.avi,89.79928960779824,360,90,HIGH,VIDEO_RECORDING,2025-11-18T16:26:58.982298
2025-11-18 16:26:58.587925,330,1218,HandType.Left,0.7300798296928406,-120.44474029541016,96.46350860595703,-86.6428451538086,0.6149436235427856,-0.09736531972885132,0.7825371623039246,-74.43191528320312,-39.54988479614258,-42.82469177246094,1.0,0.7467209696769714,17.26154899597168,0,0,0,0,0,-82.32018280029297,125.52928924560547,-80.8194580078125,-97.14080047607422,106.78707122802734,-65.35346984863281,lower,41,2025-11-18T16:26:58.587925,my_hand_data\videos\lower_seq41_20251118_162654_914194.avi,89.79928960779824,360,90,HIGH,VIDEO_RECORDING,2025-11-18T16:26:58.982298
2025-11-18 16:26:58.598721,331,1218,HandType.Left,0.7300662994384766,-121.1985092163086,96.01653289794922,-87.05843353271484,0.6164470911026001,-0.09945256263017654,0.7810903787612915,-68.61821746826172,-40.689353942871094,-37.832271575927734,1.0,0.7478523254394531,17.244436264038086,0,0,0,0,0,-83.14789581298828,125.03852081298828,-81.41041564941406,-97.82625579833984,106.24260711669922,-65.94657897949219,lower,41,2025-11-18T16:26:58.598721,my_hand_data\videos\lower_seq41_20251118_162654_914194.avi,89.79928960779824,360,90,HIGH,VIDEO_RECORDING,2025-11-18T16:26:58.982298
2025-11-18 16:26:58.613812,332,1218,HandType.Left,0.730137050151825,-121.93103790283203,95.61458587646484,-87.42962646484375,0.6178457736968994,-0.10216501355171204,0.7796338200569153,-65.46856689453125,-35.92379379272461,-33.175052642822266,1.0,0.7465693354606628,17.155391693115234,0,0,0,0,0,-83.95635986328125,124.53569793701172,-82.0413589477539,-98.55513000488281,105.72344207763672,-66.44658660888672,lower,41,2025-11-18T16:26:58.613812,my_hand_data\videos\lower_seq41_20251118_162654_914194.avi,89.79928960779824,360,90,HIGH,VIDEO_RECORDING,2025-11-18T16:26:58.982298
2025-11-18 16:26:58.619297,333,1218,HandType.Left,0.7303494811058044,-122.63472747802734,95.25845336914062,-87.81714630126953,0.6190093755722046,-0.10548331588506699,0.7782677412033081,-63.56184005737305,-32.16807174682617,-35.00321578979492,1.0,0.7453003525733948,17.09716796875,0,0,0,0,0,-84.74046325683594,124.08062744140625,-82.65520477294922,-99.23705291748047,105.21068572998047,-66.95528411865234,lower,41,2025-11-18T16:26:58.619297,my_hand_data\videos\lower_seq41_20251118_162654_914194.avi,89.79928960779824,360,90,HIGH,VIDEO_RECORDING,2025-11-18T16:26:58.982298
2025-11-18 16:26:58.635243,334,1218,HandType.Left,0.7310506105422974,-123.38502502441406,94.79879760742188,-88.0911865234375,0.6213701367378235,-0.10582738369703293,0.7763373851776123,-67.72245788574219,-41.48912811279297,-24.734886169433594,1.0,0.7436518669128418,17.037193298339844,0,0,0,0,0,-85.5216293334961,123.60186004638672,-83.1835708618164,-100.03521728515625,104.80134582519531,-67.32361602783203,lower,41,2025-11-18T16:26:58.635243,my_hand_data\videos\lower_seq41_20251118_162654_914194.avi,89.79928960779824,360,90,HIGH,VIDEO_RECORDING,2025-11-18T16:26:58.982298
2025-11-18 16:26:58.645652,335,1218,HandType.Left,0.7324944734573364,-124.02651977539062,94.30599975585938,-88.37300872802734,0.6236441135406494,-0.10511209070682526,0.7746092081069946,-56.59407043457031,-43.47560501098633,-24.863086700439453,1.0,0.7407302856445312,17.0050048828125,0,0,0,0,0,-86.18201446533203,123.12349700927734,-83.69184875488281,-100.73118591308594,104.3317642211914,-67.68122100830078,lower,41,2025-11-18T16:26:58.645652,my_hand_data\videos\lower_seq41_20251118_162654_914194.avi,89.79928960779824,360,90,HIGH,VIDEO_RECORDING,2025-11-18T16:26:58.982298
2025-11-18 16:26:58.645652,336,1218,HandType.Left,0.7325431704521179,-124.6497802734375,93.81581115722656,-88.6407699584961,0.6251109838485718,-0.10314834862947464,0.7736902832984924,-57.76286315917969,-45.42950439453125,-24.815692901611328,1.0,0.736587643623352,17.041481018066406,0,0,0,0,0,-86.84388732910156,122.72465515136719,-84.25881958007812,-101.3763198852539,103.85413360595703,-68.07779693603516,lower,41,2025-11-18T16:26:58.645652,my_hand_data\videos\lower_seq41_20251118_162654_914194.avi,89.79928960779824,360,90,HIGH,VIDEO_RECORDING,2025-11-18T16:26:58.982298
2025-11-18 16:26:58.666250,337,1218,HandType.Left,0.7320381999015808,-125.22818756103516,93.41152954101562,-88.93653869628906,0.6263372302055359,-0.10056719928979874,0.7730380892753601,-52.10874938964844,-36.42182540893555,-26.64600372314453,1.0,0.7318810820579529,17.039608001708984,0,0,0,0,0,-87.45320892333984,122.38818359375,-84.84819030761719,-102.0168228149414,103.48481750488281,-68.44945526123047,lower,41,2025-11-18T16:26:58.666250,my_hand_data\videos\lower_seq41_20251118_162654_914194.avi,89.79928960779824,360,90,HIGH,VIDEO_RECORDING,2025-11-18T16:26:58.982298
2025-11-18 16:26:58.676314,338,1218,HandType.Left,0.7316348552703857,-125.83246612548828,93.14075469970703,-89.18556213378906,0.6283328533172607,-0.10200316458940506,0.7712283730506897,-53.55166244506836,-23.996294021606445,-22.068552017211914,1.0,0.7263965606689453,17.014991760253906,0,0,0,0,0,-88.05610656738281,122.11229705810547,-85.34228515625,-102.7155532836914,103.17932891845703,-68.7342758178711,lower,41,2025-11-18T16:26:58.676314,my_hand_data\videos\lower_seq41_20251118_162654_914194.avi,89.79928960779824,360,90,HIGH,VIDEO_RECORDING,2025-11-18T16:26:58.982298
2025-11-18 16:26:58.686409,339,1218,HandType.Left,0.7314643859863281,-126.44194793701172,92.95111846923828,-89.4359359741211,0.6300004720687866,-0.1020592525601387,0.769859254360199,-55.40258026123047,-17.238542556762695,-22.758928298950195,1.0,0.7258239388465881,16.967662811279297,0,0,0,0,0,-88.62910461425781,121.90013122558594,-85.67158508300781,-103.33650970458984,102.9808120727539,-69.05193328857422,lower,41,2025-11-18T16:26:58.686409,my_hand_data\videos\lower_seq41_20251118_162654_914194.avi,89.79928960779824,360,90,HIGH,VIDEO_RECORDING,2025-11-18T16:26:58.982298
2025-11-18 16:26:58.696448,340,1218,HandType.Left,0.7312977313995361,-127.0056381225586,92.78438568115234,-89.6734848022461,0.6310474276542664,-0.10043804347515106,0.7692147493362427,-50.074501037597656,-14.811432838439941,-21.10237693786621,1.0,0.7231995463371277,16.909786224365234,0,0,0,0,0,-89.19732666015625,121.75699615478516,-86.07522583007812,-103.94371795654297,102.85574340820312,-69.3154296875,lower,41,2025-11-18T16:26:58.696448,my_hand_data\videos\lower_seq41_20251118_162654_914194.avi,89.79928960779824,360,90,HIGH,VIDEO_RECORDING,2025-11-18T16:26:58.982298
2025-11-18 16:26:58.706553,341,1218,HandType.Left,0.7307063937187195,-127.57906341552734,92.69182586669922,-89.96307373046875,0.6321098208427429,-0.09740988910198212,0.7687317728996277,-51.617942810058594,-8.33182144165039,-26.068071365356445,1.0,0.7255417704582214,16.79496192932129,0,0,0,0,0,-89.77986907958984,121.66102600097656,-86.51170349121094,-104.42322540283203,102.8062973022461,-69.75050354003906,lower,41,2025-11-18T16:26:58.706553,my_hand_data\videos\lower_seq41_20251118_162654_914194.avi,89.79928960779824,360,90,HIGH,VIDEO_RECORDING,2025-11-18T16:26:58.982298
2025-11-18 16:26:58.726906,342,1218,HandType.Left,0.7300587296485901,-128.71128845214844,92.58695983886719,-90.5943832397461,0.6347078084945679,-0.0926927700638771,0.7671727538108826,-50.20652770996094,-2.954882860183716,-31.94847297668457,1.0,0.7270292043685913,16.559804916381836,0,0,0,0,0,-90.92384338378906,121.46604919433594,-87.35719299316406,-105.5626449584961,102.76069641113281,-70.5158920288086,lower,41,2025-11-18T16:26:58.726906,my_hand_data\videos\lower_seq41_20251118_162654_914194.avi,89.79928960779824,360,90,HIGH,VIDEO_RECORDING,2025-11-18T16:26:58.982298
2025-11-18 16:26:58.730980,343,1218,HandType.Left,0.7300587296485901,-128.71128845214844,92.58695983886719,-90.5943832397461,0.6347078084945679,-0.0926927700638771,0.7671727538108826,-50.20652770996094,-2.954882860183716,-31.94847297668457,1.0,0.7270292043685913,16.559804916381836,0,0,0,0,0,-90.92384338378906,121.46604919433594,-87.35719299316406,-105.5626449584961,102.76069641113281,-70.5158920288086,lower,41,2025-11-18T16:26:58.730980,my_hand_data\videos\lower_seq41_20251118_162654_914194.avi,89.79928960779824,360,90,HIGH,VIDEO_RECORDING,2025-11-18T16:26:58.982298
2025-11-18 16:26:58.746639,344,1218,HandType.Left,0.7307600975036621,-129.21926879882812,92.50120544433594,-90.88373565673828,0.6367129683494568,-0.09201031923294067,0.7655916810035706,-45.62077713012695,-7.701339244842529,-25.9862003326416,1.0,0.7243454456329346,16.466001510620117,0,0,0,0,0,-91.39100646972656,121.3110580444336,-87.74183654785156,-106.20926666259766,102.68682861328125,-70.80644226074219,lower,41,2025-11-18T16:26:58.746639,my_hand_data\videos\lower_seq41_20251118_162654_914194.avi,89.79928960779824,360,90,HIGH,VIDEO_RECORDING,2025-11-18T16:26:58.982298
2025-11-18 16:26:58.746639,345,1218,HandType.Left,0.7301061749458313,-129.713623046875,92.42529296875,-91.1336669921875,0.6378335952758789,-0.09228106588125229,0.7646257281303406,-44.536048889160156,-6.839156150817871,-22.51647186279297,1.0,0.7213022112846375,16.508052825927734,0,0,0,0,0,-91.91097259521484,121.2779769897461,-88.13880920410156,-106.7186279296875,102.54876708984375,-71.13074493408203,lower,41,2025-11-18T16:26:58.746639,my_hand_data\videos\lower_seq41_20251118_162654_914194.avi,89.79928960779824,360,90,HIGH,VIDEO_RECORDING,2025-11-18T16:26:58.982298
2025-11-18 16:26:58.767611,346,1218,HandType.Left,0.7292695045471191,-130.13938903808594,92.31171417236328,-91.33305358886719,0.6389619708061218,-0.09311176091432571,0.7635822296142578,-38.3538818359375,-10.231321334838867,-17.960906982421875,1.0,0.7171266674995422,16.543338775634766,0,0,0,0,0,-92.3465805053711,121.17625427246094,-88.49893188476562,-107.1479721069336,102.33454132080078,-71.35863494873047,lower,41,2025-11-18T16:26:58.767611,my_hand_data\videos\lower_seq41_20251118_162654_914194.avi,89.79928960779824,360,90,HIGH,VIDEO_RECORDING,2025-11-18T16:26:58.982298
2025-11-18 16:26:58.777814,347,1218,HandType.Left,0.7293075919151306,-130.42733764648438,92.05973052978516,-91.39134979248047,0.640968382358551,-0.09225275367498398,0.7620033025741577,-26.087766647338867,-22.828937530517578,-5.281565189361572,1.0,0.7068272829055786,16.72138023376465,0,0,0,0,0,-92.71805572509766,121.1125717163086,-88.78182983398438,-107.71385192871094,102.07779693603516,-71.41645050048828,lower,41,2025-11-18T16:26:58.777814,my_hand_data\videos\lower_seq41_20251118_162654_914194.avi,89.79928960779824,360,90,HIGH,VIDEO_RECORDING,2025-11-18T16:26:58.982298
2025-11-18 16:26:58.788034,348,1218,HandType.Left,0.7288767099380493,-130.88394165039062,91.87683868408203,-91.44844818115234,0.6428644061088562,-0.09039907157421112,0.7606269717216492,-40.62617874145508,-16.273038864135742,-5.079803943634033,1.0,0.704893946647644,16.76519203186035,0,0,0,0,0,-93.39726257324219,121.07145690917969,-89.14173889160156,-108.18248748779297,101.95771789550781,-71.58065795898438,lower,41,2025-11-18T16:26:58.788034,my_hand_data\videos\lower_seq41_20251118_162654_914194.avi,89.79928960779824,360,90,HIGH,VIDEO_RECORDING,2025-11-18T16:26:58.982298
2025-11-18 16:26:58.798373,349,1218,HandType.Left,0.7288609147071838,-131.45884704589844,91.75574493408203,-91.56746673583984,0.6456884741783142,-0.08683166652917862,0.7586479187011719,-51.76554870605469,-10.903287887573242,-10.717118263244629,1.0,0.7075649499893188,16.598878860473633,0,0,0,0,0,-94.04888916015625,120.96733093261719,-89.4273681640625,-108.75557708740234,101.98832702636719,-71.81239318847656,lower,41,2025-11-18T16:26:58.798373,my_hand_data\videos\lower_seq41_20251118_162654_914194.avi,89.79928960779824,360,90,HIGH,VIDEO_RECORDING,2025-11-18T16:26:58.982298
2025-11-18 16:26:58.808807,350,1218,HandType.Left,0.7284995913505554,-132.00067138671875,91.60005950927734,-91.67229461669922,0.6475135684013367,-0.0835348516702652,0.7574616074562073,-48.834163665771484,-14.031964302062988,-9.448080062866211,1.0,0.7160779237747192,16.429296493530273,0,0,0,0,0,-94.68195343017578,120.80369567871094,-89.56116485595703,-109.17204284667969,102.0044937133789,-72.06016540527344,lower,41,2025-11-18T16:26:58.808807,my_hand_data\videos\lower_seq41_20251118_162654_914194.avi,89.79928960779824,360,90,HIGH,VIDEO_RECORDING,2025-11-18T16:26:58.982298
2025-11-18 16:26:58.819028,351,1218,HandType.Left,0.727351188659668,-132.49998474121094,91.4181900024414,-91.76105499267578,0.6494342088699341,-0.0802895799279213,0.7561671733856201,-44.53903579711914,-16.222278594970703,-7.917125701904297,1.0,0.7233486175537109,16.30432891845703,0,0,0,0,0,-95.24201965332031,120.63263702392578,-89.71156311035156,-109.51080322265625,101.97154998779297,-72.29935455322266,lower,41,2025-11-18T16:26:58.819028,my_hand_data\videos\lower_seq41_20251118_162654_914194.avi,89.79928960779824,360,90,HIGH,VIDEO_RECORDING,2025-11-18T16:26:58.982298
2025-11-18 16:26:58.829257,352,1218,HandType.Left,0.727351188659668,-132.49998474121094,91.4181900024414,-91.76105499267578,0.6494342088699341,-0.0802895799279213,0.7561671733856201,-44.53903579711914,-16.222278594970703,-7.917125701904297,1.0,0.7233486175537109,16.30432891845703,0,0,0,0,0,-95.24201965332031,120.63263702392578,-89.71156311035156,-109.51080322265625,101.97154998779297,-72.29935455322266,lower,41,2025-11-18T16:26:58.829257,my_hand_data\videos\lower_seq41_20251118_162654_914194.avi,89.79928960779824,360,90,HIGH,VIDEO_RECORDING,2025-11-18T16:26:58.982298
2025-11-18 16:26:58.849358,353,1218,HandType.Left,0.7254464030265808,-133.74964904785156,90.35005950927734,-91.89614868164062,0.6537381410598755,-0.07158997654914856,0.7533268332481384,-36.77851104736328,-37.36460494995117,-5.292008399963379,1.0,0.7388867139816284,16.251272201538086,0,0,0,0,0,-96.74433135986328,119.66438293457031,-89.99945831298828,-110.49772644042969,101.24972534179688,-72.78308868408203,lower,41,2025-11-18T16:26:58.849358,my_hand_data\videos\lower_seq41_20251118_162654_914194.avi,89.79928960779824,360,90,HIGH,VIDEO_RECORDING,2025-11-18T16:26:58.982298
2025-11-18 16:26:58.852222,354,1218,HandType.Left,0.7254464030265808,-133.74964904785156,90.35005950927734,-91.89614868164062,0.6537381410598755,-0.07158997654914856,0.7533268332481384,-36.77851104736328,-37.36460494995117,-5.292008399963379,1.0,0.7388867139816284,16.251272201538086,0,0,0,0,0,-96.74433135986328,119.66438293457031,-89.99945831298828,-110.49772644042969,101.24972534179688,-72.78308868408203,lower,41,2025-11-18T16:26:58.852222,my_hand_data\videos\lower_seq41_20251118_162654_914194.avi,89.79928960779824,360,90,HIGH,VIDEO_RECORDING,2025-11-18T16:26:58.982298
2025-11-18 16:26:58.869914,355,1218,HandType.Left,0.7255074977874756,-134.19638061523438,90.0413589477539,-92.06331634521484,0.6554670333862305,-0.07132511585950851,0.7518482208251953,-38.6614875793457,-26.71540641784668,-14.466951370239258,1.0,0.7432668209075928,16.1202449798584,0,0,0,0,0,-97.20542907714844,119.24552154541016,-90.24614715576172,-110.84983825683594,100.95748901367188,-73.04515838623047,lower,41,2025-11-18T16:26:58.869914,my_hand_data\videos\lower_seq41_20251118_162654_914194.avi,89.79928960779824,360,90,HIGH,VIDEO_RECORDING,2025-11-18T16:26:58.982298
2025-11-18 16:26:58.869914,356,1218,HandType.Left,0.7249710559844971,-134.68727111816406,89.62212371826172,-92.19963836669922,0.6577016711235046,-0.06931324303150177,0.750082790851593,-45.588069915771484,-38.933658599853516,-12.660051345825195,1.0,0.7509599328041077,15.842219352722168,0,0,0,0,0,-97.69134521484375,118.59773254394531,-90.41966247558594,-111.32221221923828,100.61685180664062,-73.31298828125,lower,41,2025-11-18T16:26:58.869914,my_hand_data\videos\lower_seq41_20251118_162654_914194.avi,89.79928960779824,360,90,HIGH,VIDEO_RECORDING,2025-11-18T16:26:58.982298
2025-11-18 16:26:58.890316,357,1218,HandType.Left,0.7245883345603943,-135.19020080566406,89.10388946533203,-92.33467102050781,0.6598899960517883,-0.06765248626470566,0.7483103275299072,-45.64212417602539,-47.0306282043457,-12.254287719726562,1.0,0.7596275806427002,15.433221817016602,0,0,0,0,0,-98.03225708007812,117.7038803100586,-90.53008270263672,-111.76649475097656,100.17459106445312,-73.52213287353516,lower,41,2025-11-18T16:26:58.890316,my_hand_data\videos\lower_seq41_20251118_162654_914194.avi,89.79928960779824,360,90,HIGH,VIDEO_RECORDING,2025-11-18T16:26:58.982298
2025-11-18 16:26:58.900338,358,1218,HandType.Left,0.7245779633522034,-135.7345733642578,88.67369842529297,-92.55972290039062,0.6614046692848206,-0.0673631876707077,0.7469980120658875,-48.41029739379883,-38.256221771240234,-20.013776779174805,1.0,0.7645198702812195,15.03089427947998,0,0,0,0,0,-98.36117553710938,116.86572265625,-90.7616195678711,-112.2903823852539,99.70690155029297,-73.81616973876953,lower,41,2025-11-18T16:26:58.900338,my_hand_data\videos\lower_seq41_20251118_162654_914194.avi,89.79928960779824,360,90,HIGH,VIDEO_RECORDING,2025-11-18T16:26:58.982298
2025-11-18 16:26:58.910662,359,1218,HandType.Left,0.7241611480712891,-136.34930419921875,88.26981353759766,-92.78050231933594,0.662822961807251,-0.06746730208396912,0.7457304000854492,-54.67683029174805,-35.92356872558594,-19.63732147216797,1.0,0.7672550678253174,14.840996742248535,0,0,0,0,0,-98.87896728515625,116.2511978149414,-91.13838195800781,-112.81220245361328,99.26160430908203,-74.18225860595703,lower,41,2025-11-18T16:26:58.910662,my_hand_data\videos\lower_seq41_20251118_162654_914194.avi,89.79928960779824,360,90,HIGH,VIDEO_RECORDING,2025-11-18T16:26:58.982298
2025-11-18 16:26:58.920974,360,1218,HandType.Left,0.7248584628105164,-136.91407775878906,87.82440185546875,-93.04135131835938,0.6648790836334229,-0.06648467481136322,0.7439863085746765,-51.304813385009766,-40.46244430541992,-23.695667266845703,1.0,0.7695398330688477,14.609992027282715,0,0,0,0,0,-99.22309112548828,115.54914855957031,-91.4679183959961,-113.32305908203125,98.80803680419922,-74.52860260009766,lower,41,2025-11-18T16:26:58.920974,my_hand_data\videos\lower_seq41_20251118_162654_914194.avi,89.79928960779824,360,90,HIGH,VIDEO_RECORDING,2025-11-18T16:26:58.982298
