timestamp,frame_id,hand_id,hand_type,confidence,palm_x,palm_y,palm_z,palm_normal_x,palm_normal_y,palm_normal_z,palm_velocity_x,palm_velocity_y,palm_velocity_z,grab_strength,pinch_strength,pinch_distance,thumb_extended,index_extended,middle_extended,ring_extended,pinky_extended,thumb_tip_x,thumb_tip_y,thumb_tip_z,index_tip_x,index_tip_y,index_tip_z,gesture_type,sequence_id,recording_timestamp,video_file_path,performance_actual_fps,performance_total_frames,performance_target_fps,performance_quality,performance_mode,video_recording_time
2025-11-18 16:25:37.174545,1,1211,HandType.Left,0.75397127866745,-88.00695037841797,542.7386474609375,8.053987503051758,0.08623369038105011,-0.9771859049797058,0.1940913200378418,32.5222053527832,-127.58000946044922,-58.77655792236328,0.0,0.0,71.97631072998047,1,1,1,1,1,-42.191810607910156,505.7489318847656,53.624977111816406,-1.5475080013275146,542.0120239257812,-24.42096519470215,lower,32,2025-11-18T16:25:37.174545,my_hand_data\videos\lower_seq32_20251118_162537_154027.avi,89.78539270971051,360,90,HIGH,VIDEO_RECORDING,2025-11-18T16:25:41.228855
2025-11-18 16:25:37.184720,2,1211,HandType.Left,0.7546274065971375,-87.72318267822266,541.3906860351562,7.402547359466553,0.08573173731565475,-0.9766465425491333,0.19700661301612854,25.3911075592041,-120.6111068725586,-58.28922653198242,0.0,0.0,72.08807373046875,1,1,1,1,1,-41.89747619628906,504.4129638671875,53.13301086425781,-1.2569278478622437,540.5437622070312,-25.15130043029785,lower,32,2025-11-18T16:25:37.184720,my_hand_data\videos\lower_seq32_20251118_162537_154027.avi,89.78539270971051,360,90,HIGH,VIDEO_RECORDING,2025-11-18T16:25:41.228855
2025-11-18 16:25:37.195142,3,1211,HandType.Left,0.7543525695800781,-87.3746566772461,539.9638671875,6.778194427490234,0.08486735075712204,-0.9757234454154968,0.20189423859119415,31.23778533935547,-127.88134002685547,-55.96066665649414,0.0,0.0,72.04283142089844,1,1,1,1,1,-41.528411865234375,502.9320068359375,52.510658264160156,-0.9595826268196106,538.8046875,-25.81159019470215,lower,32,2025-11-18T16:25:37.195142,my_hand_data\videos\lower_seq32_20251118_162537_154027.avi,89.78539270971051,360,90,HIGH,VIDEO_RECORDING,2025-11-18T16:25:41.228855
2025-11-18 16:25:37.205215,4,1211,HandType.Left,0.7558764815330505,-87.0170669555664,538.3917846679688,6.130636215209961,0.08202355355024338,-0.9753540754318237,0.20483312010765076,31.83428382873535,-139.95362854003906,-57.6478385925293,0.0,0.0,72.21019744873047,1,1,1,1,1,-41.24983215332031,500.7417297363281,51.88386154174805,-0.6436854600906372,536.8906860351562,-26.505447387695312,lower,32,2025-11-18T16:25:37.205215,my_hand_data\videos\lower_seq32_20251118_162537_154027.avi,89.78539270971051,360,90,HIGH,VIDEO_RECORDING,2025-11-18T16:25:41.228855
2025-11-18 16:25:37.225533,5,1211,HandType.Left,0.7567132711410522,-86.39973449707031,535.0205688476562,4.942559242248535,0.07871303707361221,-0.9739627838134766,0.21260479092597961,25.745080947875977,-160.96389770507812,-55.35523986816406,0.0,0.0,72.18679809570312,1,1,1,1,1,-40.78605270385742,496.759033203125,50.52296447753906,-0.11224299669265747,532.4325561523438,-27.777894973754883,lower,32,2025-11-18T16:25:37.225533,my_hand_data\videos\lower_seq32_20251118_162537_154027.avi,89.78539270971051,360,90,HIGH,VIDEO_RECORDING,2025-11-18T16:25:41.228855
2025-11-18 16:25:37.229147,6,1211,HandType.Left,0.7567132711410522,-86.39973449707031,535.0205688476562,4.942559242248535,0.07871303707361221,-0.9739627838134766,0.21260479092597961,25.745080947875977,-160.96389770507812,-55.35523986816406,0.0,0.0,72.18679809570312,1,1,1,1,1,-40.78605270385742,496.759033203125,50.52296447753906,-0.11224299669265747,532.4325561523438,-27.777894973754883,lower,32,2025-11-18T16:25:37.229147,my_hand_data\videos\lower_seq32_20251118_162537_154027.avi,89.78539270971051,360,90,HIGH,VIDEO_RECORDING,2025-11-18T16:25:41.228855
2025-11-18 16:25:37.245789,7,1211,HandType.Left,0.7605591416358948,-85.78125,531.6283569335938,3.6629638671875,0.07337387651205063,-0.9735285639762878,0.21646809577941895,25.683834075927734,-144.9774169921875,-56.280582427978516,0.0,0.0,72.40550994873047,1,1,1,1,1,-40.355125427246094,493.08172607421875,49.251651763916016,0.3916621208190918,528.4558715820312,-29.610929489135742,lower,32,2025-11-18T16:25:37.245789,my_hand_data\videos\lower_seq32_20251118_162537_154027.avi,89.78539270971051,360,90,HIGH,VIDEO_RECORDING,2025-11-18T16:25:41.228855
2025-11-18 16:25:37.245789,8,1211,HandType.Left,0.7605591416358948,-85.78125,531.6283569335938,3.6629638671875,0.07337387651205063,-0.9735285639762878,0.21646809577941895,25.683834075927734,-144.9774169921875,-56.280582427978516,0.0,0.0,72.40550994873047,1,1,1,1,1,-40.355125427246094,493.08172607421875,49.251651763916016,0.3916621208190918,528.4558715820312,-29.610929489135742,lower,32,2025-11-18T16:25:37.245789,my_hand_data\videos\lower_seq32_20251118_162537_154027.avi,89.78539270971051,360,90,HIGH,VIDEO_RECORDING,2025-11-18T16:25:41.228855
2025-11-18 16:25:37.266191,9,1211,HandType.Left,0.7618170380592346,-85.44782257080078,529.906982421875,2.963207483291626,0.07294311374425888,-0.9731284379959106,0.2184041142463684,30.071195602416992,-155.24452209472656,-63.109344482421875,0.0,0.0,72.73108673095703,1,1,1,1,1,-40.12931442260742,490.933837890625,48.56250762939453,0.6419941782951355,526.9512329101562,-30.603214263916016,lower,32,2025-11-18T16:25:37.266191,my_hand_data\videos\lower_seq32_20251118_162537_154027.avi,89.78539270971051,360,90,HIGH,VIDEO_RECORDING,2025-11-18T16:25:41.228855
2025-11-18 16:25:37.276271,10,1211,HandType.Left,0.7624550461769104,-85.12291717529297,528.0481567382812,2.223308563232422,0.07246095687150955,-0.9729909300804138,0.21917599439620972,29.228206634521484,-167.21963500976562,-66.56160736083984,0.0,0.0,73.00825500488281,1,1,1,1,1,-39.865840911865234,488.74566650390625,47.79580307006836,0.8427426218986511,525.179443359375,-31.666427612304688,lower,32,2025-11-18T16:25:37.276271,my_hand_data\videos\lower_seq32_20251118_162537_154027.avi,89.78539270971051,360,90,HIGH,VIDEO_RECORDING,2025-11-18T16:25:41.228855
2025-11-18 16:25:37.286453,11,1211,HandType.Left,0.7628210783004761,-84.80815124511719,526.1085815429688,1.4902642965316772,0.07047248631715775,-0.9729679226875305,0.2199251651763916,28.37309455871582,-174.8332061767578,-66.07575225830078,0.0,0.0,73.15028381347656,1,1,1,1,1,-39.6121826171875,486.4770812988281,46.989463806152344,0.9660720825195312,523.0209350585938,-32.684024810791016,lower,32,2025-11-18T16:25:37.286453,my_hand_data\videos\lower_seq32_20251118_162537_154027.avi,89.78539270971051,360,90,HIGH,VIDEO_RECORDING,2025-11-18T16:25:41.228855
2025-11-18 16:25:37.296772,12,1211,HandType.Left,0.7632162570953369,-84.53994750976562,523.8130493164062,0.8064351081848145,0.07026413083076477,-0.9720655679702759,0.22394539415836334,24.227672576904297,-207.3636932373047,-61.77318572998047,0.0,0.0,73.0927734375,1,1,1,1,1,-39.40217590332031,484.2079772949219,46.11627960205078,1.1206939220428467,520.3138427734375,-33.610877990722656,lower,32,2025-11-18T16:25:37.296772,my_hand_data\videos\lower_seq32_20251118_162537_154027.avi,89.78539270971051,360,90,HIGH,VIDEO_RECORDING,2025-11-18T16:25:41.228855
2025-11-18 16:25:37.306917,13,1211,HandType.Left,0.7656686305999756,-84.27642822265625,521.548828125,0.062557652592659,0.06782498210668564,-0.970999538898468,0.22925905883312225,23.7020263671875,-203.65606689453125,-66.90748596191406,0.0,0.0,72.70024871826172,1,1,1,1,1,-39.1629638671875,481.9606018066406,45.26797103881836,1.2690573930740356,516.3484497070312,-34.358802795410156,lower,32,2025-11-18T16:25:37.306917,my_hand_data\videos\lower_seq32_20251118_162537_154027.avi,89.78539270971051,360,90,HIGH,VIDEO_RECORDING,2025-11-18T16:25:41.228855
2025-11-18 16:25:37.327074,14,1211,HandType.Left,0.7684152722358704,-83.73748016357422,517.3812866210938,-1.566019058227539,0.06256552785634995,-0.9690079092979431,0.23897528648376465,23.206228256225586,-181.1531524658203,-75.6695327758789,0.0,0.0,72.60518646240234,1,1,1,1,1,-38.58293533325195,478.0263977050781,43.641963958740234,1.5629827976226807,512.2133178710938,-36.2600212097168,lower,32,2025-11-18T16:25:37.327074,my_hand_data\videos\lower_seq32_20251118_162537_154027.avi,89.78539270971051,360,90,HIGH,VIDEO_RECORDING,2025-11-18T16:25:41.228855
2025-11-18 16:25:37.329089,15,1211,HandType.Left,0.7684152722358704,-83.73748016357422,517.3812866210938,-1.566019058227539,0.06256552785634995,-0.9690079092979431,0.23897528648376465,23.206228256225586,-181.1531524658203,-75.6695327758789,0.0,0.0,72.60518646240234,1,1,1,1,1,-38.58293533325195,478.0263977050781,43.641963958740234,1.5629827976226807,512.2133178710938,-36.2600212097168,lower,32,2025-11-18T16:25:37.329089,my_hand_data\videos\lower_seq32_20251118_162537_154027.avi,89.78539270971051,360,90,HIGH,VIDEO_RECORDING,2025-11-18T16:25:41.228855
2025-11-18 16:25:37.347612,16,1211,HandType.Left,0.7722636461257935,-83.05831909179688,513.585205078125,-3.369476556777954,0.05943899601697922,-0.9667249917984009,0.2488168478012085,31.240114212036133,-165.5879669189453,-83.66374206542969,0.0,0.0,72.86660766601562,1,1,1,1,1,-37.80990982055664,473.8824157714844,42.09141540527344,2.0716116428375244,508.1263732910156,-38.167724609375,lower,32,2025-11-18T16:25:37.347612,my_hand_data\videos\lower_seq32_20251118_162537_154027.avi,89.78539270971051,360,90,HIGH,VIDEO_RECORDING,2025-11-18T16:25:41.228855
2025-11-18 16:25:37.347612,17,1211,HandType.Left,0.7722636461257935,-83.05831909179688,513.585205078125,-3.369476556777954,0.05943899601697922,-0.9667249917984009,0.2488168478012085,31.240114212036133,-165.5879669189453,-83.66374206542969,0.0,0.0,72.86660766601562,1,1,1,1,1,-37.80990982055664,473.8824157714844,42.09141540527344,2.0716116428375244,508.1263732910156,-38.167724609375,lower,32,2025-11-18T16:25:37.347612,my_hand_data\videos\lower_seq32_20251118_162537_154027.avi,89.78539270971051,360,90,HIGH,VIDEO_RECORDING,2025-11-18T16:25:41.228855
2025-11-18 16:25:37.367880,18,1211,HandType.Left,0.7735971212387085,-82.65185546875,511.45166015625,-4.255194187164307,0.05969701707363129,-0.9644152522087097,0.2575645446777344,36.29167175292969,-190.49603271484375,-79.08192443847656,0.0,0.0,72.86621856689453,1,1,1,1,1,-37.34617614746094,471.78912353515625,41.3336067199707,2.405367851257324,505.5149230957031,-39.10895538330078,lower,32,2025-11-18T16:25:37.367880,my_hand_data\videos\lower_seq32_20251118_162537_154027.avi,89.78539270971051,360,90,HIGH,VIDEO_RECORDING,2025-11-18T16:25:41.228855
2025-11-18 16:25:37.367880,19,1211,HandType.Left,0.7757163643836975,-82.11985778808594,509.2952575683594,-5.066244125366211,0.05884538218379021,-0.9633292555809021,0.261790007352829,47.95334243774414,-194.37571716308594,-73.1070785522461,0.0,0.0,72.83576202392578,1,1,1,1,1,-36.802467346191406,469.63470458984375,40.609840393066406,2.6074647903442383,502.7906799316406,-39.94877243041992,lower,32,2025-11-18T16:25:37.367880,my_hand_data\videos\lower_seq32_20251118_162537_154027.avi,89.78539270971051,360,90,HIGH,VIDEO_RECORDING,2025-11-18T16:25:41.228855
2025-11-18 16:25:37.388439,20,1211,HandType.Left,0.7761980891227722,-81.58282470703125,507.1272277832031,-5.851673126220703,0.0570860356092453,-0.9620753526687622,0.2667437493801117,48.60048294067383,-196.2027587890625,-71.0795669555664,0.0,0.0,72.6283187866211,1,1,1,1,1,-36.2355842590332,467.8847961425781,39.897911071777344,2.792790412902832,499.98455810546875,-40.97630310058594,lower,32,2025-11-18T16:25:37.388439,my_hand_data\videos\lower_seq32_20251118_162537_154027.avi,89.78539270971051,360,90,HIGH,VIDEO_RECORDING,2025-11-18T16:25:41.228855
2025-11-18 16:25:37.398699,21,1211,HandType.Left,0.7767090201377869,-80.97534942626953,504.83905029296875,-6.560298919677734,0.05316183343529701,-0.9611079692840576,0.2710078954696655,54.550045013427734,-205.47415161132812,-63.6337776184082,0.0,0.0,72.74395751953125,1,1,1,1,1,-35.44879913330078,465.60394287109375,39.34756088256836,3.119058847427368,497.3351135253906,-42.05168151855469,lower,32,2025-11-18T16:25:37.398699,my_hand_data\videos\lower_seq32_20251118_162537_154027.avi,89.78539270971051,360,90,HIGH,VIDEO_RECORDING,2025-11-18T16:25:41.228855
2025-11-18 16:25:37.408808,22,1211,HandType.Left,0.7791866660118103,-80.39704895019531,502.4178161621094,-7.200035095214844,0.0485619455575943,-0.9606017470359802,0.27365314960479736,52.51108169555664,-219.8515625,-58.089176177978516,0.0,0.0,72.38803100585938,1,1,1,1,1,-34.75410842895508,463.3759765625,38.744285583496094,3.2239184379577637,493.02117919921875,-42.817466735839844,lower,32,2025-11-18T16:25:37.408808,my_hand_data\videos\lower_seq32_20251118_162537_154027.avi,89.78539270971051,360,90,HIGH,VIDEO_RECORDING,2025-11-18T16:25:41.228855
2025-11-18 16:25:37.418897,23,1211,HandType.Left,0.7801015973091125,-79.90367889404297,500.3912048339844,-7.865906238555908,0.0467107929289341,-0.9594368934631348,0.27802684903144836,44.25603103637695,-181.79351806640625,-59.730079650878906,0.0,0.0,72.43114471435547,1,1,1,1,1,-34.160484313964844,461.3833923339844,38.060611724853516,3.2816529273986816,491.0570983886719,-43.7287483215332,lower,32,2025-11-18T16:25:37.418897,my_hand_data\videos\lower_seq32_20251118_162537_154027.avi,89.78539270971051,360,90,HIGH,VIDEO_RECORDING,2025-11-18T16:25:41.228855
2025-11-18 16:25:37.429044,24,1211,HandType.Left,0.7812709808349609,-79.35358428955078,498.367431640625,-8.598867416381836,0.0449477843940258,-0.9579674005508423,0.283333957195282,49.473602294921875,-182.00967407226562,-65.91972351074219,0.0,0.0,72.43750762939453,1,1,1,1,1,-33.561668395996094,459.3582763671875,37.535552978515625,3.549769401550293,487.9750061035156,-44.7759895324707,lower,32,2025-11-18T16:25:37.429044,my_hand_data\videos\lower_seq32_20251118_162537_154027.avi,89.78539270971051,360,90,HIGH,VIDEO_RECORDING,2025-11-18T16:25:41.228855
2025-11-18 16:25:37.439151,25,1211,HandType.Left,0.7841190695762634,-78.87965393066406,496.47998046875,-9.325567245483398,0.04636581987142563,-0.9556061029434204,0.29097622632980347,42.115657806396484,-167.729248046875,-64.57830810546875,0.0,0.0,72.37812805175781,1,1,1,1,1,-33.10182189941406,457.4096374511719,36.75014877319336,3.8218870162963867,485.52728271484375,-45.61139678955078,lower,32,2025-11-18T16:25:37.439151,my_hand_data\videos\lower_seq32_20251118_162537_154027.avi,89.78539270971051,360,90,HIGH,VIDEO_RECORDING,2025-11-18T16:25:41.228855
2025-11-18 16:25:37.459773,26,1211,HandType.Left,0.7872150540351868,-78.15203857421875,493.0080261230469,-10.694073677062988,0.0458521842956543,-0.9520010948181152,0.302640825510025,30.914081573486328,-163.6447296142578,-63.77927017211914,0.0,0.0,72.05435180664062,1,1,1,1,1,-32.32646942138672,454.27593994140625,35.06764602661133,4.449859142303467,481.8621826171875,-47.1297721862793,lower,32,2025-11-18T16:25:37.459773,my_hand_data\videos\lower_seq32_20251118_162537_154027.avi,89.78539270971051,360,90,HIGH,VIDEO_RECORDING,2025-11-18T16:25:41.228855
2025-11-18 16:25:37.459773,27,1211,HandType.Left,0.7872150540351868,-78.15203857421875,493.0080261230469,-10.694073677062988,0.0458521842956543,-0.9520010948181152,0.302640825510025,30.914081573486328,-163.6447296142578,-63.77927017211914,0.0,0.0,72.05435180664062,1,1,1,1,1,-32.32646942138672,454.27593994140625,35.06764602661133,4.449859142303467,481.8621826171875,-47.1297721862793,lower,32,2025-11-18T16:25:37.459773,my_hand_data\videos\lower_seq32_20251118_162537_154027.avi,89.78539270971051,360,90,HIGH,VIDEO_RECORDING,2025-11-18T16:25:41.228855
2025-11-18 16:25:37.480136,28,1211,HandType.Left,0.7884116172790527,-77.58773040771484,489.7856750488281,-12.013261795043945,0.04113440588116646,-0.9493649005889893,0.3114711344242096,22.627098083496094,-130.4960479736328,-60.33039474487305,0.0,0.0,71.54336547851562,1,1,1,1,1,-31.72123146057129,451.9532470703125,33.5968132019043,4.976019382476807,478.3353576660156,-48.47738265991211,lower,32,2025-11-18T16:25:37.480136,my_hand_data\videos\lower_seq32_20251118_162537_154027.avi,89.78539270971051,360,90,HIGH,VIDEO_RECORDING,2025-11-18T16:25:41.228855
2025-11-18 16:25:37.480136,29,1211,HandType.Left,0.7884116172790527,-77.58773040771484,489.7856750488281,-12.013261795043945,0.04113440588116646,-0.9493649005889893,0.3114711344242096,22.627098083496094,-130.4960479736328,-60.33039474487305,0.0,0.0,71.54336547851562,1,1,1,1,1,-31.72123146057129,451.9532470703125,33.5968132019043,4.976019382476807,478.3353576660156,-48.47738265991211,lower,32,2025-11-18T16:25:37.480136,my_hand_data\videos\lower_seq32_20251118_162537_154027.avi,89.78539270971051,360,90,HIGH,VIDEO_RECORDING,2025-11-18T16:25:41.228855
2025-11-18 16:25:37.500326,30,1211,HandType.Left,0.7892370223999023,-77.34065246582031,488.47283935546875,-12.695271492004395,0.04020567238330841,-0.9478747844696045,0.31609630584716797,22.431488037109375,-119.18668365478516,-61.916465759277344,0.0,0.0,71.43778991699219,0,1,1,1,1,-31.538684844970703,450.7095031738281,32.858802795410156,5.212060928344727,476.77825927734375,-49.07965087890625,lower,32,2025-11-18T16:25:37.500326,my_hand_data\videos\lower_seq32_20251118_162537_154027.avi,89.78539270971051,360,90,HIGH,VIDEO_RECORDING,2025-11-18T16:25:41.228855
2025-11-18 16:25:37.510420,31,1211,HandType.Left,0.7877465486526489,-77.09567260742188,487.0225524902344,-13.252201080322266,0.036451857537031174,-0.9475829005241394,0.31742388010025024,22.2039852142334,-131.4513702392578,-50.47853469848633,0.0,0.0,71.20973205566406,1,1,1,1,1,-31.34621238708496,449.81341552734375,32.28846740722656,5.429752349853516,475.2661437988281,-49.5929069519043,lower,32,2025-11-18T16:25:37.510420,my_hand_data\videos\lower_seq32_20251118_162537_154027.avi,89.78539270971051,360,90,HIGH,VIDEO_RECORDING,2025-11-18T16:25:41.228855
2025-11-18 16:25:37.520640,32,1211,HandType.Left,0.7888264060020447,-76.84397888183594,485.5342712402344,-13.809784889221191,0.03555320203304291,-0.9467746019363403,0.3199279010295868,22.528854370117188,-133.21531677246094,-49.909034729003906,0.0,0.0,71.13538360595703,1,1,1,1,1,-31.214874267578125,448.2823181152344,31.71902084350586,5.693294048309326,473.3064880371094,-50.001102447509766,lower,32,2025-11-18T16:25:37.520640,my_hand_data\videos\lower_seq32_20251118_162537_154027.avi,89.78539270971051,360,90,HIGH,VIDEO_RECORDING,2025-11-18T16:25:41.228855
2025-11-18 16:25:37.531071,33,1211,HandType.Left,0.7907434105873108,-76.6336669921875,484.07073974609375,-14.270929336547852,0.036256518214941025,-0.9450589418411255,0.3248831629753113,18.382251739501953,-127.91981506347656,-40.306297302246094,0.0,0.0,71.04643249511719,0,1,1,1,1,-31.082712173461914,446.8077697753906,31.227006912231445,5.8969035148620605,471.2745361328125,-50.41736602783203,lower,32,2025-11-18T16:25:37.531071,my_hand_data\videos\lower_seq32_20251118_162537_154027.avi,89.78539270971051,360,90,HIGH,VIDEO_RECORDING,2025-11-18T16:25:41.228855
2025-11-18 16:25:37.541207,34,1211,HandType.Left,0.7942318320274353,-76.46385192871094,482.66607666015625,-14.689541816711426,0.0366457924246788,-0.9437114596366882,0.3287336528301239,15.320905685424805,-126.7281723022461,-37.767269134521484,0.0,0.0,70.95025634765625,0,1,1,1,1,-30.8756160736084,445.3691711425781,30.766620635986328,6.06246280670166,469.7052001953125,-50.687931060791016,lower,32,2025-11-18T16:25:37.541207,my_hand_data\videos\lower_seq32_20251118_162537_154027.avi,89.78539270971051,360,90,HIGH,VIDEO_RECORDING,2025-11-18T16:25:41.228855
2025-11-18 16:25:37.551418,35,1211,HandType.Left,0.7954570055007935,-76.29522705078125,481.1221923828125,-15.0816011428833,0.03704570606350899,-0.9424253106117249,0.3323585093021393,15.166815757751465,-138.86383056640625,-35.26350402832031,0.0,0.0,70.79291534423828,0,1,1,1,1,-30.681184768676758,443.9364318847656,30.368133544921875,6.226755619049072,467.81439208984375,-50.90568542480469,lower,32,2025-11-18T16:25:37.551418,my_hand_data\videos\lower_seq32_20251118_162537_154027.avi,89.78539270971051,360,90,HIGH,VIDEO_RECORDING,2025-11-18T16:25:41.228855
2025-11-18 16:25:37.571996,36,1211,HandType.Left,0.7943922281265259,-75.91433715820312,478.36236572265625,-15.750475883483887,0.03538917750120163,-0.9403095245361328,0.3384753465652466,16.585264205932617,-114.49375915527344,-28.943098068237305,0.0,0.0,70.75666046142578,0,1,1,1,1,-30.419692993164062,441.0541687011719,29.719552993774414,6.6729559898376465,465.04766845703125,-51.40041732788086,lower,32,2025-11-18T16:25:37.571996,my_hand_data\videos\lower_seq32_20251118_162537_154027.avi,89.78539270971051,360,90,HIGH,VIDEO_RECORDING,2025-11-18T16:25:41.228855
2025-11-18 16:25:37.571996,37,1211,HandType.Left,0.7943922281265259,-75.91433715820312,478.36236572265625,-15.750475883483887,0.03538917750120163,-0.9403095245361328,0.3384753465652466,16.585264205932617,-114.49375915527344,-28.943098068237305,0.0,0.0,70.75666046142578,0,1,1,1,1,-30.419692993164062,441.0541687011719,29.719552993774414,6.6729559898376465,465.04766845703125,-51.40041732788086,lower,32,2025-11-18T16:25:37.571996,my_hand_data\videos\lower_seq32_20251118_162537_154027.avi,89.78539270971051,360,90,HIGH,VIDEO_RECORDING,2025-11-18T16:25:41.228855
2025-11-18 16:25:37.592662,38,1211,HandType.Left,0.796941876411438,-75.71691131591797,476.039306640625,-16.462814331054688,0.03569890558719635,-0.9375885128974915,0.3459095060825348,8.191032409667969,-96.36050415039062,-35.09001541137695,0.0,0.0,70.62462615966797,0,1,1,1,1,-30.321496963500977,439.01556396484375,29.02568817138672,6.908789157867432,462.7168273925781,-51.94329833984375,lower,32,2025-11-18T16:25:37.592662,my_hand_data\videos\lower_seq32_20251118_162537_154027.avi,89.78539270971051,360,90,HIGH,VIDEO_RECORDING,2025-11-18T16:25:41.228855
2025-11-18 16:25:37.592662,39,1211,HandType.Left,0.796941876411438,-75.71691131591797,476.039306640625,-16.462814331054688,0.03569890558719635,-0.9375885128974915,0.3459095060825348,8.191032409667969,-96.36050415039062,-35.09001541137695,0.0,0.0,70.62462615966797,0,1,1,1,1,-30.321496963500977,439.01556396484375,29.02568817138672,6.908789157867432,462.7168273925781,-51.94329833984375,lower,32,2025-11-18T16:25:37.592662,my_hand_data\videos\lower_seq32_20251118_162537_154027.avi,89.78539270971051,360,90,HIGH,VIDEO_RECORDING,2025-11-18T16:25:41.228855
2025-11-18 16:25:37.613098,40,1211,HandType.Left,0.7988543510437012,-75.6938705444336,473.883056640625,-17.170297622680664,0.03577027469873428,-0.9365295171737671,0.34875911474227905,-0.6717714667320251,-96.04539489746094,-29.14376449584961,0.0,0.0,70.61827850341797,0,1,1,1,1,-30.363204956054688,436.762939453125,28.43415069580078,7.03983736038208,460.1894226074219,-52.43767547607422,lower,32,2025-11-18T16:25:37.613098,my_hand_data\videos\lower_seq32_20251118_162537_154027.avi,89.78539270971051,360,90,HIGH,VIDEO_RECORDING,2025-11-18T16:25:41.228855
2025-11-18 16:25:37.613098,41,1211,HandType.Left,0.7988543510437012,-75.6938705444336,473.883056640625,-17.170297622680664,0.03577027469873428,-0.9365295171737671,0.34875911474227905,-0.6717714667320251,-96.04539489746094,-29.14376449584961,0.0,0.0,70.61827850341797,0,1,1,1,1,-30.363204956054688,436.762939453125,28.43415069580078,7.03983736038208,460.1894226074219,-52.43767547607422,lower,32,2025-11-18T16:25:37.613098,my_hand_data\videos\lower_seq32_20251118_162537_154027.avi,89.78539270971051,360,90,HIGH,VIDEO_RECORDING,2025-11-18T16:25:41.228855
2025-11-18 16:25:37.633336,42,1211,HandType.Left,0.7988548874855042,-75.75021362304688,472.6869201660156,-17.41019058227539,0.03494379296898842,-0.9355771541595459,0.35138919949531555,-5.095003128051758,-108.16974639892578,-21.69403648376465,0.0,0.0,70.50528717041016,0,1,1,1,1,-30.477312088012695,435.50250244140625,28.15814781188965,7.024489402770996,458.8305358886719,-52.52212142944336,lower,32,2025-11-18T16:25:37.633336,my_hand_data\videos\lower_seq32_20251118_162537_154027.avi,89.78539270971051,360,90,HIGH,VIDEO_RECORDING,2025-11-18T16:25:41.228855
2025-11-18 16:25:37.643424,43,1211,HandType.Left,0.7982624769210815,-75.82308959960938,471.4441833496094,-17.639812469482422,0.03310129791498184,-0.9341641068458557,0.3553050458431244,-6.526741981506348,-111.29559326171875,-20.564313888549805,0.0,0.0,70.29985046386719,0,1,1,1,1,-30.56322479248047,434.27001953125,27.887176513671875,6.990782737731934,457.11346435546875,-52.60275650024414,lower,32,2025-11-18T16:25:37.643424,my_hand_data\videos\lower_seq32_20251118_162537_154027.avi,89.78539270971051,360,90,HIGH,VIDEO_RECORDING,2025-11-18T16:25:41.228855
2025-11-18 16:25:37.653502,44,1211,HandType.Left,0.7969654202461243,-75.82676696777344,470.16314697265625,-17.91731834411621,0.03265504166483879,-0.9329984188079834,0.3583958148956299,-0.32942163944244385,-114.70731353759766,-24.848312377929688,0.0,0.0,70.21055603027344,0,1,1,1,1,-30.561588287353516,433.0006103515625,27.608360290527344,7.0180745124816895,455.6399230957031,-52.80097961425781,lower,32,2025-11-18T16:25:37.653502,my_hand_data\videos\lower_seq32_20251118_162537_154027.avi,89.78539270971051,360,90,HIGH,VIDEO_RECORDING,2025-11-18T16:25:41.228855
2025-11-18 16:25:37.663959,45,1211,HandType.Left,0.7967121601104736,-75.79901123046875,468.9705505371094,-18.21544647216797,0.033595263957977295,-0.9316340088844299,0.36184167861938477,2.5359067916870117,-108.9410629272461,-27.233806610107422,0.0,0.0,70.15185546875,0,1,1,1,1,-30.530757904052734,431.8576965332031,27.367889404296875,7.088720798492432,454.0856018066406,-53.03278732299805,lower,32,2025-11-18T16:25:37.663959,my_hand_data\videos\lower_seq32_20251118_162537_154027.avi,89.78539270971051,360,90,HIGH,VIDEO_RECORDING,2025-11-18T16:25:41.228855
2025-11-18 16:25:37.674043,46,1211,HandType.Left,0.796377956867218,-75.7761459350586,467.5640563964844,-18.48910903930664,0.034406501799821854,-0.9305506944656372,0.36454299092292786,2.0014808177948,-123.13878631591797,-23.959186553955078,0.0,0.0,70.14617919921875,0,1,1,1,1,-30.5189266204834,430.4576110839844,27.10337257385254,7.257856369018555,452.82958984375,-53.21390151977539,lower,32,2025-11-18T16:25:37.674043,my_hand_data\videos\lower_seq32_20251118_162537_154027.avi,89.78539270971051,360,90,HIGH,VIDEO_RECORDING,2025-11-18T16:25:41.228855
2025-11-18 16:25:37.684208,47,1211,HandType.Left,0.7950814366340637,-75.71560668945312,466.31658935546875,-18.772119522094727,0.03430764377117157,-0.9296398162841797,0.3668689429759979,5.593245029449463,-115.25215148925781,-26.14670753479004,0.0,0.0,70.14185333251953,0,1,1,1,1,-30.503311157226562,429.3056335449219,26.925447463989258,7.359638690948486,451.5828552246094,-53.41436004638672,lower,32,2025-11-18T16:25:37.684208,my_hand_data\videos\lower_seq32_20251118_162537_154027.avi,89.78539270971051,360,90,HIGH,VIDEO_RECORDING,2025-11-18T16:25:41.228855
2025-11-18 16:25:37.704403,48,1211,HandType.Left,0.7952212691307068,-75.59122467041016,463.4303283691406,-19.31075668334961,0.03378339484333992,-0.9286971092224121,0.3692971467971802,5.247136116027832,-147.96588134765625,-21.763591766357422,0.0,0.0,70.35079956054688,0,1,1,1,1,-30.45767593383789,426.3652038574219,26.619068145751953,7.622398376464844,449.09393310546875,-53.943267822265625,lower,32,2025-11-18T16:25:37.704403,my_hand_data\videos\lower_seq32_20251118_162537_154027.avi,89.78539270971051,360,90,HIGH,VIDEO_RECORDING,2025-11-18T16:25:41.228855
2025-11-18 16:25:37.704403,49,1211,HandType.Left,0.7952212691307068,-75.59122467041016,463.4303283691406,-19.31075668334961,0.03378339484333992,-0.9286971092224121,0.3692971467971802,5.247136116027832,-147.96588134765625,-21.763591766357422,0.0,0.0,70.35079956054688,0,1,1,1,1,-30.45767593383789,426.3652038574219,26.619068145751953,7.622398376464844,449.09393310546875,-53.943267822265625,lower,32,2025-11-18T16:25:37.704403,my_hand_data\videos\lower_seq32_20251118_162537_154027.avi,89.78539270971051,360,90,HIGH,VIDEO_RECORDING,2025-11-18T16:25:41.228855
2025-11-18 16:25:37.724586,50,1211,HandType.Left,0.7947887778282166,-75.48788452148438,460.1845397949219,-19.674549102783203,0.03440460190176964,-0.9276379346847534,0.3718927800655365,3.6109368801116943,-149.06637573242188,-15.952704429626465,0.0,0.0,70.43777465820312,0,1,1,1,1,-30.335712432861328,423.2431945800781,26.304805755615234,7.708422660827637,446.55291748046875,-54.29061508178711,lower,32,2025-11-18T16:25:37.724586,my_hand_data\videos\lower_seq32_20251118_162537_154027.avi,89.78539270971051,360,90,HIGH,VIDEO_RECORDING,2025-11-18T16:25:41.228855
2025-11-18 16:25:37.729215,51,1211,HandType.Left,0.7947887778282166,-75.48788452148438,460.1845397949219,-19.674549102783203,0.03440460190176964,-0.9276379346847534,0.3718927800655365,3.6109368801116943,-149.06637573242188,-15.952704429626465,0.0,0.0,70.43777465820312,0,1,1,1,1,-30.335712432861328,423.2431945800781,26.304805755615234,7.708422660827637,446.55291748046875,-54.29061508178711,lower,32,2025-11-18T16:25:37.729215,my_hand_data\videos\lower_seq32_20251118_162537_154027.avi,89.78539270971051,360,90,HIGH,VIDEO_RECORDING,2025-11-18T16:25:41.228855
2025-11-18 16:25:37.744906,52,1211,HandType.Left,0.7938662767410278,-75.46098327636719,458.4858703613281,-19.813617706298828,0.0340970978140831,-0.9273053407669067,0.37274953722953796,2.369046449661255,-149.62380981445312,-12.24950122833252,0.0,0.0,70.41354370117188,0,1,1,1,1,-30.304174423217773,421.67236328125,26.178565979003906,7.800549507141113,445.0525817871094,-54.40998840332031,lower,32,2025-11-18T16:25:37.744906,my_hand_data\videos\lower_seq32_20251118_162537_154027.avi,89.78539270971051,360,90,HIGH,VIDEO_RECORDING,2025-11-18T16:25:41.228855
2025-11-18 16:25:37.744906,53,1211,HandType.Left,0.7933695316314697,-75.3739013671875,456.6669006347656,-19.970603942871094,0.034311581403017044,-0.9272019267082214,0.3729870617389679,7.737553596496582,-161.6143341064453,-13.948213577270508,0.0,0.0,70.55093383789062,0,1,1,1,1,-30.286550521850586,419.81488037109375,26.11155128479004,8.00904655456543,443.61834716796875,-54.53636932373047,lower,32,2025-11-18T16:25:37.744906,my_hand_data\videos\lower_seq32_20251118_162537_154027.avi,89.78539270971051,360,90,HIGH,VIDEO_RECORDING,2025-11-18T16:25:41.228855
2025-11-18 16:25:37.765282,54,1211,HandType.Left,0.7940493822097778,-75.25922393798828,455.0888671875,-20.200124740600586,0.03470222279429436,-0.9271795749664307,0.3730063736438751,10.298775672912598,-141.71649169921875,-20.612489700317383,0.0,0.0,70.86859130859375,0,1,1,1,1,-30.184913635253906,418.2279968261719,26.26873016357422,8.193127632141113,442.4151306152344,-54.651947021484375,lower,32,2025-11-18T16:25:37.765282,my_hand_data\videos\lower_seq32_20251118_162537_154027.avi,89.78539270971051,360,90,HIGH,VIDEO_RECORDING,2025-11-18T16:25:41.228855
2025-11-18 16:25:37.775615,55,1211,HandType.Left,0.7932800650596619,-75.18214416503906,453.5374755859375,-20.381126403808594,0.03469828516244888,-0.9265240430831909,0.3746320903301239,7.236373424530029,-145.64540100097656,-16.9921932220459,0.0,0.0,70.93131256103516,0,1,1,1,1,-30.140254974365234,417.0531311035156,26.4604434967041,8.27804183959961,440.8652648925781,-54.601806640625,lower,32,2025-11-18T16:25:37.775615,my_hand_data\videos\lower_seq32_20251118_162537_154027.avi,89.78539270971051,360,90,HIGH,VIDEO_RECORDING,2025-11-18T16:25:41.228855
2025-11-18 16:25:37.785947,56,1211,HandType.Left,0.7939013838768005,-75.04841613769531,451.6982116699219,-20.592117309570312,0.03610561043024063,-0.9256543517112732,0.376643568277359,11.942874908447266,-164.26365661621094,-18.843523025512695,0.0,0.0,71.26200103759766,0,1,1,1,1,-30.125696182250977,414.945556640625,26.664615631103516,8.445829391479492,439.1448669433594,-54.564918518066406,lower,32,2025-11-18T16:25:37.785947,my_hand_data\videos\lower_seq32_20251118_162537_154027.avi,89.78539270971051,360,90,HIGH,VIDEO_RECORDING,2025-11-18T16:25:41.228855
2025-11-18 16:25:37.796176,57,1211,HandType.Left,0.79448002576828,-74.8311767578125,449.4828796386719,-20.738718032836914,0.03607231006026268,-0.9258016347885132,0.3762846291065216,19.74032211303711,-201.3026580810547,-13.321285247802734,0.0,0.0,71.71460723876953,1,1,1,1,1,-30.168651580810547,412.0865173339844,26.941011428833008,8.71884822845459,436.9285583496094,-54.424076080322266,lower,32,2025-11-18T16:25:37.796176,my_hand_data\videos\lower_seq32_20251118_162537_154027.avi,89.78539270971051,360,90,HIGH,VIDEO_RECORDING,2025-11-18T16:25:41.228855
2025-11-18 16:25:37.806616,58,1211,HandType.Left,0.7950890064239502,-74.73029327392578,447.02874755859375,-20.74260711669922,0.03745283931493759,-0.9256166815757751,0.3766046464443207,8.894917488098145,-216.3929901123047,-0.34307315945625305,0.0,0.0,71.85869598388672,1,1,1,1,1,-30.301618576049805,409.46234130859375,27.006135940551758,8.902668952941895,434.8149719238281,-54.1850471496582,lower,32,2025-11-18T16:25:37.806616,my_hand_data\videos\lower_seq32_20251118_162537_154027.avi,89.78539270971051,360,90,HIGH,VIDEO_RECORDING,2025-11-18T16:25:41.228855
2025-11-18 16:25:37.816976,59,1211,HandType.Left,0.7959508299827576,-74.71025085449219,444.6646728515625,-20.68800926208496,0.03772781044244766,-0.9253296852111816,0.37728187441825867,1.799124836921692,-212.17616271972656,4.90034294128418,0.0,0.0,71.91677856445312,1,1,1,1,1,-30.522018432617188,407.2071228027344,27.1901798248291,9.0068359375,432.56134033203125,-53.97623825073242,lower,32,2025-11-18T16:25:37.816976,my_hand_data\videos\lower_seq32_20251118_162537_154027.avi,89.78539270971051,360,90,HIGH,VIDEO_RECORDING,2025-11-18T16:25:41.228855
2025-11-18 16:25:37.837624,60,1211,HandType.Left,0.7982046008110046,-74.7005844116211,440.9082336425781,-20.641725540161133,0.03460124880075455,-0.9239950776100159,0.3808356821537018,2.891340970993042,-159.66835021972656,-0.5892890691757202,0.0,0.0,71.80137634277344,1,1,1,1,1,-30.806650161743164,403.5054016113281,27.7033748626709,9.107351303100586,427.6387634277344,-53.302921295166016,lower,32,2025-11-18T16:25:37.837624,my_hand_data\videos\lower_seq32_20251118_162537_154027.avi,89.78539270971051,360,90,HIGH,VIDEO_RECORDING,2025-11-18T16:25:41.228855
2025-11-18 16:25:37.837624,61,1211,HandType.Left,0.7982046008110046,-74.7005844116211,440.9082336425781,-20.641725540161133,0.03460124880075455,-0.9239950776100159,0.3808356821537018,2.891340970993042,-159.66835021972656,-0.5892890691757202,0.0,0.0,71.80137634277344,1,1,1,1,1,-30.806650161743164,403.5054016113281,27.7033748626709,9.107351303100586,427.6387634277344,-53.302921295166016,lower,32,2025-11-18T16:25:37.837624,my_hand_data\videos\lower_seq32_20251118_162537_154027.avi,89.78539270971051,360,90,HIGH,VIDEO_RECORDING,2025-11-18T16:25:41.228855
2025-11-18 16:25:37.857923,62,1211,HandType.Left,0.7994221448898315,-74.52971649169922,436.7108459472656,-20.612348556518555,0.030509022995829582,-0.923224151134491,0.38304877281188965,5.925175189971924,-196.18682861328125,5.033077716827393,0.0,0.0,71.8134536743164,0,1,1,1,1,-31.028535842895508,399.1662902832031,27.96973419189453,9.357571601867676,423.131591796875,-52.817970275878906,lower,32,2025-11-18T16:25:37.857923,my_hand_data\videos\lower_seq32_20251118_162537_154027.avi,89.78539270971051,360,90,HIGH,VIDEO_RECORDING,2025-11-18T16:25:41.228855
2025-11-18 16:25:37.857923,63,1211,HandType.Left,0.7994221448898315,-74.52971649169922,436.7108459472656,-20.612348556518555,0.030509022995829582,-0.923224151134491,0.38304877281188965,5.925175189971924,-196.18682861328125,5.033077716827393,0.0,0.0,71.8134536743164,0,1,1,1,1,-31.028535842895508,399.1662902832031,27.96973419189453,9.357571601867676,423.131591796875,-52.817970275878906,lower,32,2025-11-18T16:25:37.857923,my_hand_data\videos\lower_seq32_20251118_162537_154027.avi,89.78539270971051,360,90,HIGH,VIDEO_RECORDING,2025-11-18T16:25:41.228855
2025-11-18 16:25:37.878311,64,1211,HandType.Left,0.8003311157226562,-74.24755096435547,432.27911376953125,-20.775392532348633,0.0220993310213089,-0.9214923977851868,0.38776713609695435,14.112751960754395,-201.25527954101562,-11.84296703338623,0.0,0.0,71.54904174804688,1,1,1,1,1,-31.11241340637207,395.11822509765625,28.223649978637695,9.62364673614502,417.5223388671875,-52.38792419433594,lower,32,2025-11-18T16:25:37.878311,my_hand_data\videos\lower_seq32_20251118_162537_154027.avi,89.78539270971051,360,90,HIGH,VIDEO_RECORDING,2025-11-18T16:25:41.228855
2025-11-18 16:25:37.878311,65,1211,HandType.Left,0.8003311157226562,-74.24755096435547,432.27911376953125,-20.775392532348633,0.0220993310213089,-0.9214923977851868,0.38776713609695435,14.112751960754395,-201.25527954101562,-11.84296703338623,0.0,0.0,71.54904174804688,1,1,1,1,1,-31.11241340637207,395.11822509765625,28.223649978637695,9.62364673614502,417.5223388671875,-52.38792419433594,lower,32,2025-11-18T16:25:37.878311,my_hand_data\videos\lower_seq32_20251118_162537_154027.avi,89.78539270971051,360,90,HIGH,VIDEO_RECORDING,2025-11-18T16:25:41.228855
2025-11-18 16:25:37.898762,66,1211,HandType.Left,0.8014429807662964,-74.05382537841797,430.023681640625,-21.00485610961914,0.02054777555167675,-0.9202627539634705,0.3907611668109894,17.011432647705078,-198.05447387695312,-20.14962387084961,0.0,0.0,71.61343383789062,0,1,1,1,1,-31.115222930908203,392.88006591796875,28.133033752441406,9.722396850585938,415.18231201171875,-52.421443939208984,lower,32,2025-11-18T16:25:37.898762,my_hand_data\videos\lower_seq32_20251118_162537_154027.avi,89.78539270971051,360,90,HIGH,VIDEO_RECORDING,2025-11-18T16:25:41.228855
2025-11-18 16:25:37.908990,67,1211,HandType.Left,0.8023567795753479,-73.93231201171875,427.59442138671875,-21.216182708740234,0.018513832241296768,-0.9194200038909912,0.3928411304950714,11.117011070251465,-222.25550842285156,-19.33453369140625,0.0,0.0,71.50386810302734,0,1,1,1,1,-31.06239891052246,390.5941162109375,27.948030471801758,9.794458389282227,412.44097900390625,-52.540225982666016,lower,32,2025-11-18T16:25:37.908990,my_hand_data\videos\lower_seq32_20251118_162537_154027.avi,89.78539270971051,360,90,HIGH,VIDEO_RECORDING,2025-11-18T16:25:41.228855
2025-11-18 16:25:37.919105,68,1211,HandType.Left,0.8019376993179321,-73.80355072021484,425.1469421386719,-21.458953857421875,0.016202611848711967,-0.918877363204956,0.39421042799949646,11.3176908493042,-215.1262664794922,-21.33883285522461,0.0,0.0,71.47554779052734,0,1,1,1,1,-31.123043060302734,388.22265625,27.711000442504883,9.846858978271484,409.93170166015625,-52.783424377441406,lower,32,2025-11-18T16:25:37.919105,my_hand_data\videos\lower_seq32_20251118_162537_154027.avi,89.78539270971051,360,90,HIGH,VIDEO_RECORDING,2025-11-18T16:25:41.228855
2025-11-18 16:25:37.929260,69,1211,HandType.Left,0.8034310340881348,-73.7044906616211,422.8150329589844,-21.643770217895508,0.013087584637105465,-0.9185158610343933,0.3951675295829773,9.033507347106934,-212.6489715576172,-16.853515625,0.0,0.0,71.35957336425781,1,1,1,1,1,-31.19636344909668,386.0221252441406,27.63561248779297,9.804219245910645,406.6344909667969,-52.996795654296875,lower,32,2025-11-18T16:25:37.929260,my_hand_data\videos\lower_seq32_20251118_162537_154027.avi,89.78539270971051,360,90,HIGH,VIDEO_RECORDING,2025-11-18T16:25:41.228855
2025-11-18 16:25:37.939379,70,1211,HandType.Left,0.8049216270446777,-73.64268493652344,420.6300048828125,-21.858903884887695,0.008421503938734531,-0.9186187386512756,0.39505523443222046,5.614076137542725,-198.47572326660156,-19.54172134399414,0.0,0.0,71.3665771484375,1,1,1,1,1,-31.28955078125,384.01788330078125,27.541946411132812,9.755589485168457,404.4571533203125,-53.25321578979492,lower,32,2025-11-18T16:25:37.939379,my_hand_data\videos\lower_seq32_20251118_162537_154027.avi,89.78539270971051,360,90,HIGH,VIDEO_RECORDING,2025-11-18T16:25:41.228855
2025-11-18 16:25:37.959972,71,1211,HandType.Left,0.8068643808364868,-73.55908203125,418.51898193359375,-22.10247802734375,0.004211010877043009,-0.9189807176589966,0.39427992701530457,7.5336079597473145,-190.21498107910156,-21.947521209716797,0.0,0.0,71.29535675048828,1,1,1,1,1,-31.373769760131836,381.9361877441406,27.30133628845215,9.750164985656738,401.8673095703125,-53.571937561035156,lower,32,2025-11-18T16:25:37.959972,my_hand_data\videos\lower_seq32_20251118_162537_154027.avi,89.78539270971051,360,90,HIGH,VIDEO_RECORDING,2025-11-18T16:25:41.228855
2025-11-18 16:25:37.959972,72,1211,HandType.Left,0.8091577291488647,-73.48921203613281,416.566650390625,-22.316234588623047,0.0012696408666670322,-0.9191933870315552,0.3938043713569641,6.362452983856201,-177.79241943359375,-19.465980529785156,0.0,0.0,71.36331176757812,1,1,1,1,1,-31.540748596191406,379.8640441894531,27.085952758789062,9.81952953338623,399.8919372558594,-53.88227844238281,lower,32,2025-11-18T16:25:37.959972,my_hand_data\videos\lower_seq32_20251118_162537_154027.avi,89.78539270971051,360,90,HIGH,VIDEO_RECORDING,2025-11-18T16:25:41.228855
2025-11-18 16:25:37.980713,73,1211,HandType.Left,0.8111008405685425,-73.35282135009766,413.3868408203125,-22.796903610229492,-0.0024130360689014196,-0.9193991422653198,0.39331838488578796,-0.7449442744255066,-127.48258972167969,-26.544023513793945,0.0,0.0,71.32666778564453,1,1,1,1,1,-31.468849182128906,376.58892822265625,26.67708969116211,9.721890449523926,395.8128967285156,-54.39312744140625,lower,32,2025-11-18T16:25:37.980713,my_hand_data\videos\lower_seq32_20251118_162537_154027.avi,89.78539270971051,360,90,HIGH,VIDEO_RECORDING,2025-11-18T16:25:41.228855
2025-11-18 16:25:37.980713,74,1211,HandType.Left,0.8111008405685425,-73.35282135009766,413.3868408203125,-22.796903610229492,-0.0024130360689014196,-0.9193991422653198,0.39331838488578796,-0.7449442744255066,-127.48258972167969,-26.544023513793945,0.0,0.0,71.32666778564453,1,1,1,1,1,-31.468849182128906,376.58892822265625,26.67708969116211,9.721890449523926,395.8128967285156,-54.39312744140625,lower,32,2025-11-18T16:25:37.980713,my_hand_data\videos\lower_seq32_20251118_162537_154027.avi,89.78539270971051,360,90,HIGH,VIDEO_RECORDING,2025-11-18T16:25:41.228855
2025-11-18 16:25:38.001128,75,1211,HandType.Left,0.8134949803352356,-73.509033203125,410.6862487792969,-23.44795799255371,-0.005638930480927229,-0.91756671667099,0.397541880607605,-7.736754417419434,-129.3115692138672,-29.202497482299805,0.0,0.0,71.21537780761719,1,1,1,1,1,-31.729284286499023,373.9555358886719,26.020204544067383,9.480610847473145,392.6063232421875,-55.07737350463867,lower,32,2025-11-18T16:25:38.001128,my_hand_data\videos\lower_seq32_20251118_162537_154027.avi,89.78539270971051,360,90,HIGH,VIDEO_RECORDING,2025-11-18T16:25:41.228855
2025-11-18 16:25:38.001128,76,1211,HandType.Left,0.8134949803352356,-73.509033203125,410.6862487792969,-23.44795799255371,-0.005638930480927229,-0.91756671667099,0.397541880607605,-7.736754417419434,-129.3115692138672,-29.202497482299805,0.0,0.0,71.21537780761719,1,1,1,1,1,-31.729284286499023,373.9555358886719,26.020204544067383,9.480610847473145,392.6063232421875,-55.07737350463867,lower,32,2025-11-18T16:25:38.001128,my_hand_data\videos\lower_seq32_20251118_162537_154027.avi,89.78539270971051,360,90,HIGH,VIDEO_RECORDING,2025-11-18T16:25:41.228855
2025-11-18 16:25:38.021318,77,1211,HandType.Left,0.8138676285743713,-73.6019058227539,409.2207946777344,-23.827192306518555,-0.007180843036621809,-0.9168469905853271,0.3991742432117462,-8.347271919250488,-131.71572875976562,-34.08539581298828,0.0,0.0,71.24083709716797,1,1,1,1,1,-31.847074508666992,372.5738830566406,25.731544494628906,9.384282112121582,391.1466064453125,-55.466514587402344,lower,32,2025-11-18T16:25:38.021318,my_hand_data\videos\lower_seq32_20251118_162537_154027.avi,89.78539270971051,360,90,HIGH,VIDEO_RECORDING,2025-11-18T16:25:41.228855
2025-11-18 16:25:38.031461,78,1211,HandType.Left,0.8143917918205261,-73.82920837402344,407.8361511230469,-24.160245895385742,-0.007846933789551258,-0.9166999459266663,0.39949917793273926,-20.557252883911133,-125.22592163085938,-30.12154197692871,0.0,0.0,71.30377197265625,1,1,1,1,1,-32.05701446533203,371.1560363769531,25.551239013671875,9.174921035766602,389.67041015625,-55.7665901184082,lower,32,2025-11-18T16:25:38.031461,my_hand_data\videos\lower_seq32_20251118_162537_154027.avi,89.78539270971051,360,90,HIGH,VIDEO_RECORDING,2025-11-18T16:25:41.228855
2025-11-18 16:25:38.041565,79,1211,HandType.Left,0.8140169978141785,-74.0325698852539,406.4497985839844,-24.499862670898438,-0.008978107012808323,-0.9164333939552307,0.4000864624977112,-18.142894744873047,-123.68428039550781,-30.298566818237305,0.0,0.0,71.27781677246094,1,1,1,1,1,-32.19489669799805,369.92657470703125,25.346424102783203,8.982539176940918,388.15966796875,-56.025657653808594,lower,32,2025-11-18T16:25:38.041565,my_hand_data\videos\lower_seq32_20251118_162537_154027.avi,89.78539270971051,360,90,HIGH,VIDEO_RECORDING,2025-11-18T16:25:41.228855
2025-11-18 16:25:38.051647,80,1211,HandType.Left,0.8130621314048767,-74.24420928955078,405.0532531738281,-24.769615173339844,-0.009798407554626465,-0.9160425662994385,0.40096136927604675,-19.39848518371582,-128.0039520263672,-24.725326538085938,0.0,0.0,71.24170684814453,1,1,1,1,1,-32.3444938659668,368.70416259765625,25.137897491455078,8.789166450500488,386.7781677246094,-56.30018615722656,lower,32,2025-11-18T16:25:38.051647,my_hand_data\videos\lower_seq32_20251118_162537_154027.avi,89.78539270971051,360,90,HIGH,VIDEO_RECORDING,2025-11-18T16:25:41.228855
2025-11-18 16:25:38.071941,81,1211,HandType.Left,0.8125477433204651,-74.49307250976562,402.38604736328125,-25.5439395904541,-0.01075048465281725,-0.9150420427322388,0.4032151997089386,-5.817662239074707,-114.5868148803711,-37.628440856933594,0.0,0.0,71.26649475097656,1,1,1,1,1,-32.57150650024414,365.98638916015625,24.413570404052734,8.586369514465332,384.0905456542969,-57.1120719909668,lower,32,2025-11-18T16:25:38.071941,my_hand_data\videos\lower_seq32_20251118_162537_154027.avi,89.78539270971051,360,90,HIGH,VIDEO_RECORDING,2025-11-18T16:25:41.228855
2025-11-18 16:25:38.071941,82,1211,HandType.Left,0.8125477433204651,-74.49307250976562,402.38604736328125,-25.5439395904541,-0.01075048465281725,-0.9150420427322388,0.4032151997089386,-5.817662239074707,-114.5868148803711,-37.628440856933594,0.0,0.0,71.26649475097656,1,1,1,1,1,-32.57150650024414,365.98638916015625,24.413570404052734,8.586369514465332,384.0905456542969,-57.1120719909668,lower,32,2025-11-18T16:25:38.071941,my_hand_data\videos\lower_seq32_20251118_162537_154027.avi,89.78539270971051,360,90,HIGH,VIDEO_RECORDING,2025-11-18T16:25:41.228855
2025-11-18 16:25:38.092297,83,1211,HandType.Left,0.8109163641929626,-74.4969253540039,401.001220703125,-25.984067916870117,-0.012843445874750614,-0.9149882793426514,0.4032759964466095,-0.3428119421005249,-123.3583984375,-39.206172943115234,0.0,0.0,71.26615142822266,1,1,1,1,1,-32.49803161621094,364.6983947753906,24.091632843017578,8.605815887451172,382.5711669921875,-57.53505325317383,lower,32,2025-11-18T16:25:38.092297,my_hand_data\videos\lower_seq32_20251118_162537_154027.avi,89.78539270971051,360,90,HIGH,VIDEO_RECORDING,2025-11-18T16:25:41.228855
2025-11-18 16:25:38.092297,84,1211,HandType.Left,0.8110688924789429,-74.46224975585938,399.77960205078125,-26.42460060119629,-0.014204087667167187,-0.9145752191543579,0.4041662812232971,3.1548194885253906,-111.14640808105469,-40.081214904785156,0.0,0.0,71.23049926757812,1,1,1,1,1,-32.444740295410156,363.487060546875,23.65227508544922,8.646048545837402,381.1596374511719,-57.980804443359375,lower,32,2025-11-18T16:25:38.092297,my_hand_data\videos\lower_seq32_20251118_162537_154027.avi,89.78539270971051,360,90,HIGH,VIDEO_RECORDING,2025-11-18T16:25:41.228855
2025-11-18 16:25:38.112753,85,1211,HandType.Left,0.8118617534637451,-74.4905014038086,397.4235534667969,-27.21807098388672,-0.016200019046664238,-0.9128404855728149,0.4079948365688324,-1.6863327026367188,-107.18585968017578,-33.10149002075195,0.0,0.0,71.0546875,1,1,1,1,1,-32.40871047973633,361.14044189453125,22.804025650024414,8.559167861938477,378.1270446777344,-58.79918670654297,lower,32,2025-11-18T16:25:38.112753,my_hand_data\videos\lower_seq32_20251118_162537_154027.avi,89.78539270971051,360,90,HIGH,VIDEO_RECORDING,2025-11-18T16:25:41.228855
2025-11-18 16:25:38.112753,86,1211,HandType.Left,0.8118617534637451,-74.4905014038086,397.4235534667969,-27.21807098388672,-0.016200019046664238,-0.9128404855728149,0.4079948365688324,-1.6863327026367188,-107.18585968017578,-33.10149002075195,0.0,0.0,71.0546875,1,1,1,1,1,-32.40871047973633,361.14044189453125,22.804025650024414,8.559167861938477,378.1270446777344,-58.79918670654297,lower,32,2025-11-18T16:25:38.112753,my_hand_data\videos\lower_seq32_20251118_162537_154027.avi,89.78539270971051,360,90,HIGH,VIDEO_RECORDING,2025-11-18T16:25:41.228855
2025-11-18 16:25:38.133067,87,1211,HandType.Left,0.812646746635437,-74.50144958496094,396.347412109375,-27.53240966796875,-0.01745704375207424,-0.9121463298797607,0.4094928205013275,-0.9788669347763062,-96.17082977294922,-28.090970993041992,0.0,0.0,70.98174285888672,1,1,1,1,1,-32.38256072998047,360.0755310058594,22.4691162109375,8.48811149597168,376.85894775390625,-59.1098747253418,lower,32,2025-11-18T16:25:38.133067,my_hand_data\videos\lower_seq32_20251118_162537_154027.avi,89.78539270971051,360,90,HIGH,VIDEO_RECORDING,2025-11-18T16:25:41.228855
2025-11-18 16:25:38.143141,88,1211,HandType.Left,0.812440037727356,-74.51773834228516,395.2953186035156,-27.825881958007812,-0.019047807902097702,-0.9118187427520752,0.4101509153842926,-1.4850707054138184,-95.92313385009766,-26.757177352905273,0.0,0.0,70.91129302978516,1,1,1,1,1,-32.37178039550781,359.0396423339844,22.162874221801758,8.41983413696289,375.5865783691406,-59.43444061279297,lower,32,2025-11-18T16:25:38.143141,my_hand_data\videos\lower_seq32_20251118_162537_154027.avi,89.78539270971051,360,90,HIGH,VIDEO_RECORDING,2025-11-18T16:25:41.228855
2025-11-18 16:25:38.153373,89,1211,HandType.Left,0.8124508261680603,-74.56117248535156,394.3609924316406,-28.07280921936035,-0.02027909830212593,-0.911445140838623,0.410921573638916,-3.9529266357421875,-85.03988647460938,-22.47446632385254,0.0,0.0,70.86002349853516,1,1,1,1,1,-32.409732818603516,358.14056396484375,21.911083221435547,8.347615242004395,374.497802734375,-59.7667236328125,lower,32,2025-11-18T16:25:38.153373,my_hand_data\videos\lower_seq32_20251118_162537_154027.avi,89.78539270971051,360,90,HIGH,VIDEO_RECORDING,2025-11-18T16:25:41.228855
2025-11-18 16:25:38.163679,90,1211,HandType.Left,0.8135433197021484,-74.57948303222656,393.55517578125,-28.305789947509766,-0.020582200959324837,-0.9113903641700745,0.4110279679298401,-1.6333739757537842,-71.86235809326172,-20.777652740478516,0.0,0.0,70.84400939941406,1,1,1,1,1,-32.42375946044922,357.3540344238281,21.736881256103516,8.298158645629883,373.233154296875,-60.04861831665039,lower,32,2025-11-18T16:25:38.163679,my_hand_data\videos\lower_seq32_20251118_162537_154027.avi,89.78539270971051,360,90,HIGH,VIDEO_RECORDING,2025-11-18T16:25:41.228855
2025-11-18 16:25:38.173867,91,1211,HandType.Left,0.8143649697303772,-74.60271453857422,392.71630859375,-28.551103591918945,-0.02064479887485504,-0.9111948609352112,0.4114580452442169,-2.1016745567321777,-75.88916015625,-22.19228744506836,0.0,0.0,70.85059356689453,1,1,1,1,1,-32.43740463256836,356.5071105957031,21.584808349609375,8.251428604125977,372.06219482421875,-60.308753967285156,lower,32,2025-11-18T16:25:38.173867,my_hand_data\videos\lower_seq32_20251118_162537_154027.avi,89.78539270971051,360,90,HIGH,VIDEO_RECORDING,2025-11-18T16:25:41.228855
2025-11-18 16:25:38.194242,92,1211,HandType.Left,0.8175946474075317,-74.61992645263672,391.1294860839844,-29.064762115478516,-0.021215762943029404,-0.9110596776008606,0.41172829270362854,-2.2271642684936523,-66.5024642944336,-21.379093170166016,0.0,0.0,70.9674072265625,1,1,1,1,1,-32.46710205078125,355.02606201171875,21.345909118652344,8.258000373840332,370.1709899902344,-60.93818664550781,lower,32,2025-11-18T16:25:38.194242,my_hand_data\videos\lower_seq32_20251118_162537_154027.avi,89.78539270971051,360,90,HIGH,VIDEO_RECORDING,2025-11-18T16:25:41.228855
2025-11-18 16:25:38.194242,93,1211,HandType.Left,0.8175946474075317,-74.61992645263672,391.1294860839844,-29.064762115478516,-0.021215762943029404,-0.9110596776008606,0.41172829270362854,-2.2271642684936523,-66.5024642944336,-21.379093170166016,0.0,0.0,70.9674072265625,1,1,1,1,1,-32.46710205078125,355.02606201171875,21.345909118652344,8.258000373840332,370.1709899902344,-60.93818664550781,lower,32,2025-11-18T16:25:38.194242,my_hand_data\videos\lower_seq32_20251118_162537_154027.avi,89.78539270971051,360,90,HIGH,VIDEO_RECORDING,2025-11-18T16:25:41.228855
2025-11-18 16:25:38.214835,94,1211,HandType.Left,0.8199593424797058,-74.6453628540039,389.3327331542969,-29.467926025390625,-0.021293645724654198,-0.9105227589607239,0.41291019320487976,-0.7578853368759155,-85.58323669433594,-16.5206356048584,0.0,0.0,70.92205047607422,1,1,1,1,1,-32.48281478881836,353.4000549316406,21.034133911132812,8.193940162658691,367.6505432128906,-61.35332489013672,lower,32,2025-11-18T16:25:38.214835,my_hand_data\videos\lower_seq32_20251118_162537_154027.avi,89.78539270971051,360,90,HIGH,VIDEO_RECORDING,2025-11-18T16:25:41.228855
2025-11-18 16:25:38.214835,95,1211,HandType.Left,0.8199593424797058,-74.6453628540039,389.3327331542969,-29.467926025390625,-0.021293645724654198,-0.9105227589607239,0.41291019320487976,-0.7578853368759155,-85.58323669433594,-16.5206356048584,0.0,0.0,70.92205047607422,1,1,1,1,1,-32.48281478881836,353.4000549316406,21.034133911132812,8.193940162658691,367.6505432128906,-61.35332489013672,lower,32,2025-11-18T16:25:38.214835,my_hand_data\videos\lower_seq32_20251118_162537_154027.avi,89.78539270971051,360,90,HIGH,VIDEO_RECORDING,2025-11-18T16:25:41.228855
2025-11-18 16:25:38.235125,96,1211,HandType.Left,0.8221580386161804,-74.73870086669922,387.70361328125,-29.6959285736084,-0.021349957212805748,-0.9104070663452148,0.41316235065460205,-7.273275375366211,-71.5694580078125,-9.151827812194824,0.0,0.0,70.91546630859375,1,1,1,1,1,-32.54961395263672,351.8547058105469,20.897249221801758,8.031956672668457,365.62042236328125,-61.597251892089844,lower,32,2025-11-18T16:25:38.235125,my_hand_data\videos\lower_seq32_20251118_162537_154027.avi,89.78539270971051,360,90,HIGH,VIDEO_RECORDING,2025-11-18T16:25:41.228855
2025-11-18 16:25:38.235125,97,1211,HandType.Left,0.8221580386161804,-74.73870086669922,387.70361328125,-29.6959285736084,-0.021349957212805748,-0.9104070663452148,0.41316235065460205,-7.273275375366211,-71.5694580078125,-9.151827812194824,0.0,0.0,70.91546630859375,1,1,1,1,1,-32.54961395263672,351.8547058105469,20.897249221801758,8.031956672668457,365.62042236328125,-61.597251892089844,lower,32,2025-11-18T16:25:38.235125,my_hand_data\videos\lower_seq32_20251118_162537_154027.avi,89.78539270971051,360,90,HIGH,VIDEO_RECORDING,2025-11-18T16:25:41.228855
2025-11-18 16:25:38.255300,98,1211,HandType.Left,0.8230682015419006,-74.7930908203125,386.8233337402344,-29.733217239379883,-0.021559175103902817,-0.9101927280426025,0.41362348198890686,-4.868529796600342,-78.79224395751953,-3.3377881050109863,0.0,0.0,70.9729995727539,1,1,1,1,1,-32.56542205810547,350.9787292480469,20.94008445739746,7.9546051025390625,364.7619934082031,-61.66239929199219,lower,32,2025-11-18T16:25:38.255300,my_hand_data\videos\lower_seq32_20251118_162537_154027.avi,89.78539270971051,360,90,HIGH,VIDEO_RECORDING,2025-11-18T16:25:41.228855
2025-11-18 16:25:38.265442,99,1211,HandType.Left,0.823381781578064,-74.84149169921875,385.92291259765625,-29.69423484802246,-0.021613834425807,-0.9098901152610779,0.4142858684062958,-4.293328285217285,-79.87439727783203,3.458061456680298,0.0,0.0,71.02579498291016,1,1,1,1,1,-32.60322189331055,350.0917053222656,21.029417037963867,7.872417449951172,363.9216003417969,-61.7081413269043,lower,32,2025-11-18T16:25:38.265442,my_hand_data\videos\lower_seq32_20251118_162537_154027.avi,89.78539270971051,360,90,HIGH,VIDEO_RECORDING,2025-11-18T16:25:41.228855
2025-11-18 16:25:38.275839,100,1211,HandType.Left,0.8238232135772705,-74.90113067626953,384.9819030761719,-29.577611923217773,-0.022279029712080956,-0.9097896218299866,0.4144713282585144,-5.419612884521484,-85.5158920288086,10.598288536071777,0.0,0.0,71.0690689086914,1,1,1,1,1,-32.68009567260742,349.06866455078125,21.148235321044922,7.807746410369873,363.0218811035156,-61.65563201904297,lower,32,2025-11-18T16:25:38.275839,my_hand_data\videos\lower_seq32_20251118_162537_154027.avi,89.78539270971051,360,90,HIGH,VIDEO_RECORDING,2025-11-18T16:25:41.228855
2025-11-18 16:25:38.286342,101,1211,HandType.Left,0.8248599171638489,-75.00729370117188,384.1061096191406,-29.41240882873535,-0.02270674891769886,-0.909748375415802,0.4145386517047882,-9.542840003967285,-78.72319793701172,14.849723815917969,0.0,0.0,71.07392883300781,1,1,1,1,1,-32.770599365234375,348.0908203125,21.254253387451172,7.695756912231445,362.2588195800781,-61.5359992980957,lower,32,2025-11-18T16:25:38.286342,my_hand_data\videos\lower_seq32_20251118_162537_154027.avi,89.78539270971051,360,90,HIGH,VIDEO_RECORDING,2025-11-18T16:25:41.228855
2025-11-18 16:25:38.296629,102,1211,HandType.Left,0.8261092901229858,-75.14195251464844,383.1583557128906,-29.2344970703125,-0.02254299819469452,-0.9097762703895569,0.4144863188266754,-12.050268173217773,-84.8084716796875,15.920548439025879,0.0,0.0,71.14844512939453,1,1,1,1,1,-32.89430618286133,346.8785095214844,21.400239944458008,7.56707763671875,361.3482360839844,-61.4200439453125,lower,32,2025-11-18T16:25:38.296629,my_hand_data\videos\lower_seq32_20251118_162537_154027.avi,89.78539270971051,360,90,HIGH,VIDEO_RECORDING,2025-11-18T16:25:41.228855
2025-11-18 16:25:38.306749,103,1211,HandType.Left,0.8262414932250977,-75.28939056396484,382.362060546875,-29.07988739013672,-0.02185768261551857,-0.9097288846969604,0.4146271049976349,-13.228779792785645,-71.45025634765625,13.872490882873535,0.0,0.0,71.229248046875,1,1,1,1,1,-33.0322151184082,345.9412841796875,21.577852249145508,7.417924880981445,360.5516662597656,-61.290374755859375,lower,32,2025-11-18T16:25:38.306749,my_hand_data\videos\lower_seq32_20251118_162537_154027.avi,89.78539270971051,360,90,HIGH,VIDEO_RECORDING,2025-11-18T16:25:41.228855
2025-11-18 16:25:38.316849,104,1211,HandType.Left,0.826491117477417,-75.5401611328125,381.6853332519531,-28.928085327148438,-0.020438887178897858,-0.9093418121337891,0.41554754972457886,-22.388444900512695,-60.41493606567383,13.55247974395752,0.0,0.0,71.27164459228516,1,1,1,1,1,-33.27728271484375,345.1159362792969,21.71650505065918,7.155977249145508,359.84136962890625,-61.14701843261719,lower,32,2025-11-18T16:25:38.316849,my_hand_data\videos\lower_seq32_20251118_162537_154027.avi,89.78539270971051,360,90,HIGH,VIDEO_RECORDING,2025-11-18T16:25:41.228855
2025-11-18 16:25:38.337221,105,1211,HandType.Left,0.8258965611457825,-75.86567687988281,380.05316162109375,-28.664630889892578,-0.018830973654985428,-0.9088320136070251,0.41673702001571655,-13.422409057617188,-77.6976547241211,11.104141235351562,0.0,0.0,71.36827087402344,1,1,1,1,1,-33.70671463012695,343.1280822753906,21.986961364746094,6.775684833526611,357.7091369628906,-60.89336395263672,lower,32,2025-11-18T16:25:38.337221,my_hand_data\videos\lower_seq32_20251118_162537_154027.avi,89.78539270971051,360,90,HIGH,VIDEO_RECORDING,2025-11-18T16:25:41.228855
2025-11-18 16:25:38.337221,106,1211,HandType.Left,0.8258965611457825,-75.86567687988281,380.05316162109375,-28.664630889892578,-0.018830973654985428,-0.9088320136070251,0.41673702001571655,-13.422409057617188,-77.6976547241211,11.104141235351562,0.0,0.0,71.36827087402344,1,1,1,1,1,-33.70671463012695,343.1280822753906,21.986961364746094,6.775684833526611,357.7091369628906,-60.89336395263672,lower,32,2025-11-18T16:25:38.337221,my_hand_data\videos\lower_seq32_20251118_162537_154027.avi,89.78539270971051,360,90,HIGH,VIDEO_RECORDING,2025-11-18T16:25:41.228855
2025-11-18 16:25:38.357648,107,1211,HandType.Left,0.8256490230560303,-75.97740936279297,379.06060791015625,-28.574134826660156,-0.01868315413594246,-0.9084399938583374,0.41759759187698364,-10.109051704406738,-89.79905700683594,8.187342643737793,0.0,0.0,71.37898254394531,1,1,1,1,1,-33.89299011230469,342.0611267089844,22.068716049194336,6.60918664932251,356.5967712402344,-60.815269470214844,lower,32,2025-11-18T16:25:38.357648,my_hand_data\videos\lower_seq32_20251118_162537_154027.avi,89.78539270971051,360,90,HIGH,VIDEO_RECORDING,2025-11-18T16:25:41.228855
2025-11-18 16:25:38.357648,108,1211,HandType.Left,0.8257297873497009,-76.06175994873047,377.95745849609375,-28.511978149414062,-0.018391743302345276,-0.908059298992157,0.4184376001358032,-7.522352695465088,-98.38240051269531,5.543257713317871,0.0,0.0,71.39389038085938,1,1,1,1,1,-34.0622444152832,340.95526123046875,22.134193420410156,6.499737739562988,355.39520263671875,-60.76694869995117,lower,32,2025-11-18T16:25:38.357648,my_hand_data\videos\lower_seq32_20251118_162537_154027.avi,89.78539270971051,360,90,HIGH,VIDEO_RECORDING,2025-11-18T16:25:41.228855
2025-11-18 16:25:38.377825,109,1211,HandType.Left,0.8253903388977051,-76.12073516845703,376.7339172363281,-28.443614959716797,-0.018566211685538292,-0.9079073071479797,0.41875964403152466,-5.258802890777588,-109.09845733642578,6.095695495605469,0.0,0.0,71.43028259277344,1,1,1,1,1,-34.22235870361328,339.6514587402344,22.184223175048828,6.425723552703857,354.1928405761719,-60.74354553222656,lower,32,2025-11-18T16:25:38.377825,my_hand_data\videos\lower_seq32_20251118_162537_154027.avi,89.78539270971051,360,90,HIGH,VIDEO_RECORDING,2025-11-18T16:25:41.228855
2025-11-18 16:25:38.377825,110,1211,HandType.Left,0.8256521821022034,-76.18123626708984,375.5069274902344,-28.37190818786621,-0.01822984404861927,-0.9078110456466675,0.4189830422401428,-5.492499828338623,-111.39301300048828,6.51002836227417,0.0,0.0,71.48236083984375,1,1,1,1,1,-34.36121368408203,338.3683776855469,22.254253387451172,6.3314290046691895,352.94903564453125,-60.75175094604492,lower,32,2025-11-18T16:25:38.377825,my_hand_data\videos\lower_seq32_20251118_162537_154027.avi,89.78539270971051,360,90,HIGH,VIDEO_RECORDING,2025-11-18T16:25:41.228855
2025-11-18 16:25:38.398166,111,1211,HandType.Left,0.8258070945739746,-76.20016479492188,374.2648010253906,-28.315494537353516,-0.018071535974740982,-0.9075015783309937,0.41965973377227783,-1.6951794624328613,-111.24005126953125,5.052274703979492,0.0,0.0,71.52010345458984,1,1,1,1,1,-34.4397087097168,337.1097412109375,22.32101821899414,6.257012367248535,351.7115783691406,-60.75327682495117,lower,32,2025-11-18T16:25:38.398166,my_hand_data\videos\lower_seq32_20251118_162537_154027.avi,89.78539270971051,360,90,HIGH,VIDEO_RECORDING,2025-11-18T16:25:41.228855
2025-11-18 16:25:38.408289,112,1211,HandType.Left,0.825572669506073,-76.1967544555664,372.95330810546875,-28.210201263427734,-0.018073037266731262,-0.9074166417121887,0.41984325647354126,0.30986618995666504,-119.11851501464844,9.563294410705566,0.0,0.0,71.56254577636719,1,1,1,1,1,-34.464561462402344,335.7285461425781,22.425580978393555,6.208606243133545,350.3630676269531,-60.743919372558594,lower,32,2025-11-18T16:25:38.408289,my_hand_data\videos\lower_seq32_20251118_162537_154027.avi,89.78539270971051,360,90,HIGH,VIDEO_RECORDING,2025-11-18T16:25:41.228855
2025-11-18 16:25:38.418483,113,1211,HandType.Left,0.8256981372833252,-76.24723815917969,371.8085632324219,-28.0964412689209,-0.01824149861931801,-0.9074413180351257,0.4197826385498047,-4.526463985443115,-102.64083862304688,10.200030326843262,0.0,0.0,71.55412292480469,1,1,1,1,1,-34.594818115234375,334.5710754394531,22.53693962097168,6.1018242835998535,348.9961853027344,-60.63682556152344,lower,32,2025-11-18T16:25:38.418483,my_hand_data\videos\lower_seq32_20251118_162537_154027.avi,89.78539270971051,360,90,HIGH,VIDEO_RECORDING,2025-11-18T16:25:41.228855
2025-11-18 16:25:38.428592,114,1211,HandType.Left,0.8254128098487854,-76.3301010131836,370.73065185546875,-28.03208351135254,-0.019359519705176353,-0.9077380299568176,0.41909047961235046,-7.377418041229248,-95.96875,5.729841232299805,0.0,0.0,71.54078674316406,1,1,1,1,1,-34.73765563964844,333.4948425292969,22.603961944580078,5.977601051330566,347.8287048339844,-60.58357238769531,lower,32,2025-11-18T16:25:38.428592,my_hand_data\videos\lower_seq32_20251118_162537_154027.avi,89.78539270971051,360,90,HIGH,VIDEO_RECORDING,2025-11-18T16:25:41.228855
2025-11-18 16:25:38.438647,115,1211,HandType.Left,0.8256879448890686,-76.43600463867188,369.7505187988281,-27.956457138061523,-0.01991591416299343,-0.9077789783477783,0.41897574067115784,-9.697341918945312,-89.74748992919922,6.924900054931641,0.0,0.0,71.48655700683594,1,1,1,1,1,-34.878692626953125,332.5296630859375,22.659940719604492,5.822993755340576,346.54010009765625,-60.52152633666992,lower,32,2025-11-18T16:25:38.438647,my_hand_data\videos\lower_seq32_20251118_162537_154027.avi,89.78539270971051,360,90,HIGH,VIDEO_RECORDING,2025-11-18T16:25:41.228855
2025-11-18 16:25:38.458909,116,1211,HandType.Left,0.8251610994338989,-76.64923858642578,368.2088928222656,-27.941112518310547,-0.020391590893268585,-0.907778799533844,0.4189533293247223,-8.325425148010254,-65.3862075805664,-3.1061344146728516,0.0,0.0,71.43728637695312,1,1,1,1,1,-35.11492156982422,330.9643859863281,22.689552307128906,5.502425193786621,344.32098388671875,-60.51595687866211,lower,32,2025-11-18T16:25:38.458909,my_hand_data\videos\lower_seq32_20251118_162537_154027.avi,89.78539270971051,360,90,HIGH,VIDEO_RECORDING,2025-11-18T16:25:41.228855
2025-11-18 16:25:38.458909,117,1211,HandType.Left,0.8251610994338989,-76.64923858642578,368.2088928222656,-27.941112518310547,-0.020391590893268585,-0.907778799533844,0.4189533293247223,-8.325425148010254,-65.3862075805664,-3.1061344146728516,0.0,0.0,71.43728637695312,1,1,1,1,1,-35.11492156982422,330.9643859863281,22.689552307128906,5.502425193786621,344.32098388671875,-60.51595687866211,lower,32,2025-11-18T16:25:38.458909,my_hand_data\videos\lower_seq32_20251118_162537_154027.avi,89.78539270971051,360,90,HIGH,VIDEO_RECORDING,2025-11-18T16:25:41.228855
2025-11-18 16:25:38.479462,118,1211,HandType.Left,0.82464998960495,-76.74651336669922,367.4752197265625,-27.964313507080078,-0.0205486211925745,-0.9077579379081726,0.41899076104164124,-8.723483085632324,-65.79595184326172,-2.0806944370269775,0.0,0.0,71.48729705810547,1,1,1,1,1,-35.298736572265625,330.0050354003906,22.67367172241211,5.320645809173584,343.5066833496094,-60.52505874633789,lower,32,2025-11-18T16:25:38.479462,my_hand_data\videos\lower_seq32_20251118_162537_154027.avi,89.78539270971051,360,90,HIGH,VIDEO_RECORDING,2025-11-18T16:25:41.228855
2025-11-18 16:25:38.479462,119,1211,HandType.Left,0.8246530294418335,-76.79972839355469,366.7200012207031,-27.994626998901367,-0.021547652781009674,-0.9077659845352173,0.41892310976982117,-4.733545780181885,-67.1764144897461,-2.6964118480682373,0.0,0.0,71.52294158935547,1,1,1,1,1,-35.47908020019531,329.18792724609375,22.671646118164062,5.21750020980835,342.6127624511719,-60.55881118774414,lower,32,2025-11-18T16:25:38.479462,my_hand_data\videos\lower_seq32_20251118_162537_154027.avi,89.78539270971051,360,90,HIGH,VIDEO_RECORDING,2025-11-18T16:25:41.228855
2025-11-18 16:25:38.499656,120,1211,HandType.Left,0.825117290019989,-76.83548736572266,366.00225830078125,-28.063579559326172,-0.022958870977163315,-0.9078982472419739,0.4185614585876465,-3.260270833969116,-65.43421936035156,-6.286144256591797,0.0,0.0,71.54531860351562,1,1,1,1,1,-35.56147766113281,328.391357421875,22.660873413085938,5.0450639724731445,341.44580078125,-60.61575698852539,lower,32,2025-11-18T16:25:38.499656,my_hand_data\videos\lower_seq32_20251118_162537_154027.avi,89.78539270971051,360,90,HIGH,VIDEO_RECORDING,2025-11-18T16:25:41.228855
2025-11-18 16:25:38.509946,121,1211,HandType.Left,0.8259184956550598,-76.92124938964844,365.2823486328125,-28.11774253845215,-0.024196682497859,-0.9074695706367493,0.41942042112350464,-7.746268272399902,-65.0263900756836,-4.8923444747924805,0.0,0.0,71.53919982910156,1,1,1,1,1,-35.76788330078125,327.6095275878906,22.616823196411133,4.885554313659668,340.4071350097656,-60.6349983215332,lower,32,2025-11-18T16:25:38.509946,my_hand_data\videos\lower_seq32_20251118_162537_154027.avi,89.78539270971051,360,90,HIGH,VIDEO_RECORDING,2025-11-18T16:25:41.228855
2025-11-18 16:25:38.520109,122,1211,HandType.Left,0.8260362148284912,-77.01535034179688,364.57122802734375,-28.178438186645508,-0.025441491976380348,-0.9071059823036194,0.4201326370239258,-8.438762664794922,-63.77259063720703,-5.4429473876953125,0.0,0.0,71.52030944824219,1,1,1,1,1,-35.89406204223633,326.90997314453125,22.574684143066406,4.761293411254883,339.6129455566406,-60.643516540527344,lower,32,2025-11-18T16:25:38.520109,my_hand_data\videos\lower_seq32_20251118_162537_154027.avi,89.78539270971051,360,90,HIGH,VIDEO_RECORDING,2025-11-18T16:25:41.228855
2025-11-18 16:25:38.529684,123,1211,HandType.Left,0.8262721300125122,-77.18121337890625,363.8810729980469,-28.234743118286133,-0.02627440355718136,-0.9060909748077393,0.42226624488830566,-14.819052696228027,-61.660072326660156,-5.030414581298828,0.0,0.0,71.48933410644531,1,1,1,1,1,-36.09422302246094,326.2498474121094,22.54095458984375,4.590965747833252,338.7957763671875,-60.659156799316406,lower,32,2025-11-18T16:25:38.529684,my_hand_data\videos\lower_seq32_20251118_162537_154027.avi,89.78539270971051,360,90,HIGH,VIDEO_RECORDING,2025-11-18T16:25:41.228855
2025-11-18 16:25:38.539837,124,1211,HandType.Left,0.8256968259811401,-77.32450103759766,363.0669860839844,-28.34642791748047,-0.026893675327301025,-0.9048066139221191,0.42497265338897705,-12.983111381530762,-73.76512908935547,-10.120137214660645,0.0,0.0,71.49270629882812,1,1,1,1,1,-36.266902923583984,325.44488525390625,22.477792739868164,4.442461013793945,337.81939697265625,-60.76556396484375,lower,32,2025-11-18T16:25:38.539837,my_hand_data\videos\lower_seq32_20251118_162537_154027.avi,89.78539270971051,360,90,HIGH,VIDEO_RECORDING,2025-11-18T16:25:41.228855
2025-11-18 16:25:38.550159,125,1211,HandType.Left,0.8249567747116089,-77.4887466430664,362.1726989746094,-28.47718048095703,-0.026746949180960655,-0.9035342335700989,0.4276803433895111,-14.853309631347656,-80.87445068359375,-11.824111938476562,0.0,0.0,71.47755432128906,1,1,1,1,1,-36.44805908203125,324.5896301269531,22.347286224365234,4.269853115081787,336.92535400390625,-60.903106689453125,lower,32,2025-11-18T16:25:38.550159,my_hand_data\videos\lower_seq32_20251118_162537_154027.avi,89.78539270971051,360,90,HIGH,VIDEO_RECORDING,2025-11-18T16:25:41.228855
2025-11-18 16:25:38.570559,126,1211,HandType.Left,0.825294017791748,-77.82537841796875,360.23883056640625,-28.68067169189453,-0.02667897753417492,-0.902751088142395,0.42933523654937744,-14.463099479675293,-87.44132995605469,-7.21757698059082,0.0,0.0,71.5789566040039,1,1,1,1,1,-36.90507507324219,322.6484375,22.20771598815918,3.935009241104126,335.1907653808594,-61.14816665649414,lower,32,2025-11-18T16:25:38.570559,my_hand_data\videos\lower_seq32_20251118_162537_154027.avi,89.78539270971051,360,90,HIGH,VIDEO_RECORDING,2025-11-18T16:25:41.228855
2025-11-18 16:25:38.570559,127,1211,HandType.Left,0.825294017791748,-77.82537841796875,360.23883056640625,-28.68067169189453,-0.02667897753417492,-0.902751088142395,0.42933523654937744,-14.463099479675293,-87.44132995605469,-7.21757698059082,0.0,0.0,71.5789566040039,1,1,1,1,1,-36.90507507324219,322.6484375,22.20771598815918,3.935009241104126,335.1907653808594,-61.14816665649414,lower,32,2025-11-18T16:25:38.570559,my_hand_data\videos\lower_seq32_20251118_162537_154027.avi,89.78539270971051,360,90,HIGH,VIDEO_RECORDING,2025-11-18T16:25:41.228855
2025-11-18 16:25:38.591264,128,1211,HandType.Left,0.8249315619468689,-78.22906494140625,358.5993347167969,-28.933210372924805,-0.025762302801012993,-0.9019035696983337,0.43116843700408936,-18.11829948425293,-76.069091796875,-11.865123748779297,0.0,0.0,71.60774993896484,1,1,1,1,1,-37.343284606933594,320.996337890625,22.005084991455078,3.462635040283203,333.5279846191406,-61.34223937988281,lower,32,2025-11-18T16:25:38.591264,my_hand_data\videos\lower_seq32_20251118_162537_154027.avi,89.78539270971051,360,90,HIGH,VIDEO_RECORDING,2025-11-18T16:25:41.228855
2025-11-18 16:25:38.591264,129,1211,HandType.Left,0.8249315619468689,-78.22906494140625,358.5993347167969,-28.933210372924805,-0.025762302801012993,-0.9019035696983337,0.43116843700408936,-18.11829948425293,-76.069091796875,-11.865123748779297,0.0,0.0,71.60774993896484,1,1,1,1,1,-37.343284606933594,320.996337890625,22.005084991455078,3.462635040283203,333.5279846191406,-61.34223937988281,lower,32,2025-11-18T16:25:38.591264,my_hand_data\videos\lower_seq32_20251118_162537_154027.avi,89.78539270971051,360,90,HIGH,VIDEO_RECORDING,2025-11-18T16:25:41.228855
2025-11-18 16:25:38.611565,130,1211,HandType.Left,0.8245648741722107,-78.3792495727539,357.71923828125,-29.103673934936523,-0.024731706827878952,-0.9013292193412781,0.4324279725551605,-13.596238136291504,-79.67565155029297,-15.432098388671875,0.0,0.0,71.66522216796875,1,1,1,1,1,-37.504249572753906,320.1153259277344,21.92736053466797,3.2387523651123047,332.61907958984375,-61.511112213134766,lower,32,2025-11-18T16:25:38.611565,my_hand_data\videos\lower_seq32_20251118_162537_154027.avi,89.78539270971051,360,90,HIGH,VIDEO_RECORDING,2025-11-18T16:25:41.228855
2025-11-18 16:25:38.621664,131,1211,HandType.Left,0.8239883184432983,-78.55480194091797,356.8672790527344,-29.293886184692383,-0.023714380338788033,-0.9004477262496948,0.43431732058525085,-15.861207008361816,-76.9730224609375,-17.18582534790039,0.0,0.0,71.69580078125,1,1,1,1,1,-37.70520782470703,319.2364196777344,21.771207809448242,2.9946043491363525,331.6412658691406,-61.69291305541992,lower,32,2025-11-18T16:25:38.621664,my_hand_data\videos\lower_seq32_20251118_162537_154027.avi,89.78539270971051,360,90,HIGH,VIDEO_RECORDING,2025-11-18T16:25:41.228855
2025-11-18 16:25:38.631819,132,1211,HandType.Left,0.8234286308288574,-78.74440002441406,356.09185791015625,-29.496984481811523,-0.022564208135008812,-0.8998990058898926,0.4355142414569855,-16.862363815307617,-68.96376037597656,-18.062788009643555,0.0,0.0,71.71255493164062,1,1,1,1,1,-37.911930084228516,318.41156005859375,21.622028350830078,2.743922233581543,330.5431213378906,-61.82323455810547,lower,32,2025-11-18T16:25:38.631819,my_hand_data\videos\lower_seq32_20251118_162537_154027.avi,89.78539270971051,360,90,HIGH,VIDEO_RECORDING,2025-11-18T16:25:41.228855
2025-11-18 16:25:38.641893,133,1211,HandType.Left,0.8224892020225525,-78.9211654663086,355.2332763671875,-29.68381690979004,-0.02229541540145874,-0.8991089463233948,0.4371567964553833,-15.59619426727295,-75.75302124023438,-16.484329223632812,0.0,0.0,71.70512390136719,1,1,1,1,1,-38.14054489135742,317.55133056640625,21.45287322998047,2.509094715118408,329.6078186035156,-61.93878173828125,lower,32,2025-11-18T16:25:38.641893,my_hand_data\videos\lower_seq32_20251118_162537_154027.avi,89.78539270971051,360,90,HIGH,VIDEO_RECORDING,2025-11-18T16:25:41.228855
2025-11-18 16:25:38.651973,134,1211,HandType.Left,0.8222337365150452,-79.13785552978516,354.3293151855469,-29.836437225341797,-0.02317812293767929,-0.8987299799919128,0.43788942694664,-19.76553726196289,-82.45597839355469,-13.921317100524902,0.0,0.0,71.704345703125,1,1,1,1,1,-38.397552490234375,316.61328125,21.321449279785156,2.2563860416412354,328.6250915527344,-62.057106018066406,lower,32,2025-11-18T16:25:38.651973,my_hand_data\videos\lower_seq32_20251118_162537_154027.avi,89.78539270971051,360,90,HIGH,VIDEO_RECORDING,2025-11-18T16:25:41.228855
2025-11-18 16:25:38.662128,135,1211,HandType.Left,0.8227127194404602,-79.34944915771484,353.3382568359375,-29.975770950317383,-0.0225750133395195,-0.8981719017028809,0.43906450271606445,-19.063650131225586,-89.29132080078125,-12.55368423461914,0.0,0.0,71.7314224243164,1,1,1,1,1,-38.65415573120117,315.5529479980469,21.18442153930664,2.0032973289489746,327.62701416015625,-62.204036712646484,lower,32,2025-11-18T16:25:38.662128,my_hand_data\videos\lower_seq32_20251118_162537_154027.avi,89.78539270971051,360,90,HIGH,VIDEO_RECORDING,2025-11-18T16:25:41.228855
2025-11-18 16:25:38.672204,136,1211,HandType.Left,0.823256254196167,-79.51547241210938,352.3393859863281,-30.147689819335938,-0.022328289225697517,-0.8977163434028625,0.4400077760219574,-14.883367538452148,-89.54579162597656,-15.411962509155273,0.0,0.0,71.76457977294922,1,1,1,1,1,-38.874359130859375,314.548828125,21.045129776000977,1.8199756145477295,326.6132507324219,-62.39854049682617,lower,32,2025-11-18T16:25:38.672204,my_hand_data\videos\lower_seq32_20251118_162537_154027.avi,89.78539270971051,360,90,HIGH,VIDEO_RECORDING,2025-11-18T16:25:41.228855
2025-11-18 16:25:38.693110,137,1211,HandType.Left,0.8229503035545349,-79.7073974609375,350.0069580078125,-30.48271942138672,-0.023299233987927437,-0.8969386219978333,0.44154074788093567,-6.4917144775390625,-110.14474487304688,-15.647043228149414,0.0,0.0,71.94538116455078,1,1,1,1,1,-39.206668853759766,311.9209899902344,20.80765151977539,1.5899091958999634,324.2217712402344,-62.852264404296875,lower,32,2025-11-18T16:25:38.693110,my_hand_data\videos\lower_seq32_20251118_162537_154027.avi,89.78539270971051,360,90,HIGH,VIDEO_RECORDING,2025-11-18T16:25:41.228855
2025-11-18 16:25:38.693110,138,1211,HandType.Left,0.8229503035545349,-79.7073974609375,350.0069580078125,-30.48271942138672,-0.023299233987927437,-0.8969386219978333,0.44154074788093567,-6.4917144775390625,-110.14474487304688,-15.647043228149414,0.0,0.0,71.94538116455078,1,1,1,1,1,-39.206668853759766,311.9209899902344,20.80765151977539,1.5899091958999634,324.2217712402344,-62.852264404296875,lower,32,2025-11-18T16:25:38.693110,my_hand_data\videos\lower_seq32_20251118_162537_154027.avi,89.78539270971051,360,90,HIGH,VIDEO_RECORDING,2025-11-18T16:25:41.228855
2025-11-18 16:25:38.713409,139,1211,HandType.Left,0.8235365152359009,-79.83113861083984,348.79840087890625,-30.609851837158203,-0.023308036848902702,-0.8969544768333435,0.44150808453559875,-11.224081039428711,-109.62036895751953,-11.531206130981445,0.0,0.0,72.05337524414062,1,1,1,1,1,-39.397003173828125,310.4365539550781,20.685232162475586,1.4499948024749756,323.00054931640625,-63.03569793701172,lower,32,2025-11-18T16:25:38.713409,my_hand_data\videos\lower_seq32_20251118_162537_154027.avi,89.78539270971051,360,90,HIGH,VIDEO_RECORDING,2025-11-18T16:25:41.228855
2025-11-18 16:25:38.713409,140,1211,HandType.Left,0.823887288570404,-80.00753784179688,347.56646728515625,-30.715286254882812,-0.02318303845822811,-0.896776556968689,0.4418759047985077,-15.882905960083008,-110.92410278320312,-9.493562698364258,0.0,0.0,72.13121795654297,1,1,1,1,1,-39.68079376220703,308.8917236328125,20.549976348876953,1.2510120868682861,321.699951171875,-63.132911682128906,lower,32,2025-11-18T16:25:38.713409,my_hand_data\videos\lower_seq32_20251118_162537_154027.avi,89.78539270971051,360,90,HIGH,VIDEO_RECORDING,2025-11-18T16:25:41.228855
2025-11-18 16:25:38.733747,141,1211,HandType.Left,0.8237690329551697,-80.23709106445312,346.383544921875,-30.79001235961914,-0.022991811856627464,-0.896746039390564,0.441947877407074,-20.44493293762207,-105.35584259033203,-6.655309200286865,0.0,0.0,72.24301147460938,1,1,1,1,1,-40.01388931274414,307.4132080078125,20.486215591430664,1.0182783603668213,320.4537048339844,-63.18898391723633,lower,32,2025-11-18T16:25:38.733747,my_hand_data\videos\lower_seq32_20251118_162537_154027.avi,89.78539270971051,360,90,HIGH,VIDEO_RECORDING,2025-11-18T16:25:41.228855
2025-11-18 16:25:38.743836,142,1211,HandType.Left,0.8232072591781616,-80.46530151367188,345.1938781738281,-30.79588508605957,-0.023454999551177025,-0.896725058555603,0.44196611642837524,-20.667436599731445,-107.74044799804688,-0.5318447351455688,0.0,0.0,72.31893920898438,1,1,1,1,1,-40.309024810791016,305.9691467285156,20.479909896850586,0.7942989468574524,319.23046875,-63.190521240234375,lower,32,2025-11-18T16:25:38.743836,my_hand_data\videos\lower_seq32_20251118_162537_154027.avi,89.78539270971051,360,90,HIGH,VIDEO_RECORDING,2025-11-18T16:25:41.228855
2025-11-18 16:25:38.753991,143,1211,HandType.Left,0.8237034678459167,-80.66771697998047,343.9393615722656,-30.780960083007812,-0.02420078031718731,-0.8966066241264343,0.44216611981391907,-18.045421600341797,-111.84134674072266,1.3305498361587524,0.0,0.0,72.3404312133789,1,1,1,1,1,-40.57553482055664,304.669677734375,20.498537063598633,0.5522891879081726,317.9177551269531,-63.132755279541016,lower,32,2025-11-18T16:25:38.753991,my_hand_data\videos\lower_seq32_20251118_162537_154027.avi,89.78539270971051,360,90,HIGH,VIDEO_RECORDING,2025-11-18T16:25:41.228855
2025-11-18 16:25:38.764088,144,1211,HandType.Left,0.8238093852996826,-80.86428833007812,342.5668029785156,-30.79361343383789,-0.024124804884195328,-0.8961244225502014,0.4431467652320862,-17.897809982299805,-124.96913146972656,-1.151968240737915,0.0,0.0,72.36290740966797,1,1,1,1,1,-40.845664978027344,303.2969970703125,20.50419807434082,0.2809092402458191,316.515380859375,-63.11880874633789,lower,32,2025-11-18T16:25:38.764088,my_hand_data\videos\lower_seq32_20251118_162537_154027.avi,89.78539270971051,360,90,HIGH,VIDEO_RECORDING,2025-11-18T16:25:41.228855
2025-11-18 16:25:38.774264,145,1211,HandType.Left,0.8239259123802185,-81.04596710205078,341.182373046875,-30.831920623779297,-0.02436300367116928,-0.8952011466026306,0.4449959099292755,-15.991259574890137,-121.85845947265625,-3.371793031692505,0.0,0.0,72.35581970214844,1,1,1,1,1,-41.22615051269531,301.89483642578125,20.4352970123291,0.040844082832336426,314.977783203125,-63.10209655761719,lower,32,2025-11-18T16:25:38.774264,my_hand_data\videos\lower_seq32_20251118_162537_154027.avi,89.78539270971051,360,90,HIGH,VIDEO_RECORDING,2025-11-18T16:25:41.228855
2025-11-18 16:25:38.784544,146,1211,HandType.Left,0.8235035538673401,-81.26290893554688,339.9131774902344,-30.912405014038086,-0.02528655342757702,-0.8947701454162598,0.4458104968070984,-19.932262420654297,-116.61107635498047,-7.394815444946289,0.0,0.0,72.3633804321289,1,1,1,1,1,-41.595149993896484,300.4969482421875,20.29098129272461,-0.2214685082435608,313.66046142578125,-63.115814208984375,lower,32,2025-11-18T16:25:38.784544,my_hand_data\videos\lower_seq32_20251118_162537_154027.avi,89.78539270971051,360,90,HIGH,VIDEO_RECORDING,2025-11-18T16:25:41.228855
2025-11-18 16:25:38.794664,147,1211,HandType.Left,0.8232782483100891,-81.49243927001953,338.75372314453125,-30.990625381469727,-0.025943387299776077,-0.8946396708488464,0.4460344612598419,-20.81520652770996,-105.14694213867188,-7.093461990356445,0.0,0.0,72.4030990600586,1,1,1,1,1,-41.94501495361328,299.2349548339844,20.19809913635254,-0.4958808422088623,312.4406433105469,-63.17890548706055,lower,32,2025-11-18T16:25:38.794664,my_hand_data\videos\lower_seq32_20251118_162537_154027.avi,89.78539270971051,360,90,HIGH,VIDEO_RECORDING,2025-11-18T16:25:41.228855
2025-11-18 16:25:38.805214,148,1211,HandType.Left,0.8227439522743225,-81.69534301757812,337.4932556152344,-31.048269271850586,-0.026945888996124268,-0.894330620765686,0.44659456610679626,-18.212417602539062,-113.13884735107422,-5.174132347106934,0.0,0.0,72.39588928222656,1,1,1,1,1,-42.195030212402344,297.9969482421875,20.137924194335938,-0.7673650979995728,311.10406494140625,-63.22703552246094,lower,32,2025-11-18T16:25:38.805214,my_hand_data\videos\lower_seq32_20251118_162537_154027.avi,89.78539270971051,360,90,HIGH,VIDEO_RECORDING,2025-11-18T16:25:41.228855
2025-11-18 16:25:38.825654,149,1211,HandType.Left,0.8225256204605103,-82.24869537353516,335.1173095703125,-31.22016143798828,-0.02787547931075096,-0.8939223289489746,0.4473542869091034,-26.738435745239258,-104.26249694824219,-8.25422191619873,0.0,0.0,72.3622055053711,1,1,1,1,1,-42.7369384765625,295.6904602050781,19.98746681213379,-1.475684404373169,308.54827880859375,-63.28712463378906,lower,32,2025-11-18T16:25:38.825654,my_hand_data\videos\lower_seq32_20251118_162537_154027.avi,89.78539270971051,360,90,HIGH,VIDEO_RECORDING,2025-11-18T16:25:41.228855
2025-11-18 16:25:38.829794,150,1211,HandType.Left,0.8225256204605103,-82.24869537353516,335.1173095703125,-31.22016143798828,-0.02787547931075096,-0.8939223289489746,0.4473542869091034,-26.738435745239258,-104.26249694824219,-8.25422191619873,0.0,0.0,72.3622055053711,1,1,1,1,1,-42.7369384765625,295.6904602050781,19.98746681213379,-1.475684404373169,308.54827880859375,-63.28712463378906,lower,32,2025-11-18T16:25:38.829794,my_hand_data\videos\lower_seq32_20251118_162537_154027.avi,89.78539270971051,360,90,HIGH,VIDEO_RECORDING,2025-11-18T16:25:41.228855
2025-11-18 16:25:38.846058,151,1211,HandType.Left,0.8209220767021179,-82.87279510498047,332.9373779296875,-31.464101791381836,-0.026213958859443665,-0.8932875990867615,0.44872045516967773,-27.145408630371094,-99.2530746459961,-12.505574226379395,0.0,0.0,72.39826202392578,1,1,1,1,1,-43.379241943359375,293.438720703125,19.69548225402832,-2.1756067276000977,306.2292785644531,-63.491859436035156,lower,32,2025-11-18T16:25:38.846058,my_hand_data\videos\lower_seq32_20251118_162537_154027.avi,89.78539270971051,360,90,HIGH,VIDEO_RECORDING,2025-11-18T16:25:41.228855
2025-11-18 16:25:38.846058,152,1211,HandType.Left,0.8209220767021179,-82.87279510498047,332.9373779296875,-31.464101791381836,-0.026213958859443665,-0.8932875990867615,0.44872045516967773,-27.145408630371094,-99.2530746459961,-12.505574226379395,0.0,0.0,72.39826202392578,1,1,1,1,1,-43.379241943359375,293.438720703125,19.69548225402832,-2.1756067276000977,306.2292785644531,-63.491859436035156,lower,32,2025-11-18T16:25:38.846058,my_hand_data\videos\lower_seq32_20251118_162537_154027.avi,89.78539270971051,360,90,HIGH,VIDEO_RECORDING,2025-11-18T16:25:41.228855
2025-11-18 16:25:38.866262,153,1211,HandType.Left,0.82020503282547,-83.14965057373047,331.9451904296875,-31.631628036499023,-0.02565564215183258,-0.892982542514801,0.44935956597328186,-24.6155948638916,-88.21810913085938,-14.895208358764648,0.0,0.0,72.44194793701172,1,1,1,1,1,-43.66322326660156,292.4334716796875,19.533004760742188,-2.501875162124634,305.0948486328125,-63.664615631103516,lower,32,2025-11-18T16:25:38.866262,my_hand_data\videos\lower_seq32_20251118_162537_154027.avi,89.78539270971051,360,90,HIGH,VIDEO_RECORDING,2025-11-18T16:25:41.228855
2025-11-18 16:25:38.876483,154,1211,HandType.Left,0.8199366331100464,-83.4420394897461,331.0600280761719,-31.79628562927246,-0.024845659732818604,-0.8928114771842957,0.44974473118782043,-26.317981719970703,-79.6727294921875,-14.820619583129883,0.0,0.0,72.52027893066406,1,1,1,1,1,-43.944252014160156,291.3768310546875,19.39826774597168,-2.8230175971984863,304.0384521484375,-63.82577133178711,lower,32,2025-11-18T16:25:38.876483,my_hand_data\videos\lower_seq32_20251118_162537_154027.avi,89.78539270971051,360,90,HIGH,VIDEO_RECORDING,2025-11-18T16:25:41.228855
2025-11-18 16:25:38.886835,155,1211,HandType.Left,0.8196556568145752,-83.67985534667969,330.1307373046875,-31.981849670410156,-0.023872725665569305,-0.8918992280960083,0.4516037106513977,-21.84178352355957,-85.34899139404297,-17.042945861816406,0.0,0.0,72.58793640136719,1,1,1,1,1,-44.19272232055664,290.3507080078125,19.226144790649414,-3.0780882835388184,303.0751647949219,-64.02130126953125,lower,32,2025-11-18T16:25:38.886835,my_hand_data\videos\lower_seq32_20251118_162537_154027.avi,89.78539270971051,360,90,HIGH,VIDEO_RECORDING,2025-11-18T16:25:41.228855
2025-11-18 16:25:38.897064,156,1211,HandType.Left,0.8187881112098694,-83.90299224853516,329.0895080566406,-32.161197662353516,-0.02296121045947075,-0.8909925222396851,0.4534370005130768,-19.866310119628906,-92.70388793945312,-15.967741966247559,0.0,0.0,72.66136169433594,1,1,1,1,1,-44.46540451049805,289.1199035644531,19.046579360961914,-3.3299922943115234,302.0079345703125,-64.21426391601562,lower,32,2025-11-18T16:25:38.897064,my_hand_data\videos\lower_seq32_20251118_162537_154027.avi,89.78539270971051,360,90,HIGH,VIDEO_RECORDING,2025-11-18T16:25:41.228855
2025-11-18 16:25:38.907424,157,1211,HandType.Left,0.81912761926651,-84.18986511230469,328.0933837890625,-32.28594207763672,-0.023198304697871208,-0.8908066153526306,0.4537900388240814,-25.94458770751953,-90.08848571777344,-11.281880378723145,0.0,0.0,72.72935485839844,1,1,1,1,1,-44.79911804199219,288.01239013671875,18.963228225708008,-3.693655014038086,300.7330017089844,-64.35360717773438,lower,32,2025-11-18T16:25:38.907424,my_hand_data\videos\lower_seq32_20251118_162537_154027.avi,89.78539270971051,360,90,HIGH,VIDEO_RECORDING,2025-11-18T16:25:41.228855
2025-11-18 16:25:38.917601,158,1211,HandType.Left,0.8190439939498901,-84.45997619628906,327.0202941894531,-32.40323257446289,-0.023565704002976418,-0.8903729915618896,0.4546213448047638,-24.218765258789062,-96.21521759033203,-10.516462326049805,0.0,0.0,72.7955322265625,1,1,1,1,1,-45.13685989379883,286.9283447265625,18.879253387451172,-4.023179531097412,299.6162414550781,-64.47793579101562,lower,32,2025-11-18T16:25:38.917601,my_hand_data\videos\lower_seq32_20251118_162537_154027.avi,89.78539270971051,360,90,HIGH,VIDEO_RECORDING,2025-11-18T16:25:41.228855
2025-11-18 16:25:38.927858,159,1211,HandType.Left,0.8191998600959778,-84.75260925292969,325.874755859375,-32.53145980834961,-0.023075606673955917,-0.889689564704895,0.4559824466705322,-26.3206729888916,-103.03599548339844,-11.533197402954102,0.0,0.0,72.85739135742188,1,1,1,1,1,-45.41941833496094,285.8155822753906,18.831804275512695,-4.421934604644775,298.3814392089844,-64.61264038085938,lower,32,2025-11-18T16:25:38.927858,my_hand_data\videos\lower_seq32_20251118_162537_154027.avi,89.78539270971051,360,90,HIGH,VIDEO_RECORDING,2025-11-18T16:25:41.228855
2025-11-18 16:25:38.948263,160,1211,HandType.Left,0.8191390037536621,-85.37054443359375,323.485595703125,-32.7882080078125,-0.022331705316901207,-0.8885809779167175,0.4581758677959442,-27.378305435180664,-110.23873138427734,-10.120147705078125,0.0,0.0,73.05197143554688,1,1,1,1,1,-46.07490921020508,283.2164306640625,18.794588088989258,-5.1591620445251465,295.78363037109375,-64.78853607177734,lower,32,2025-11-18T16:25:38.948263,my_hand_data\videos\lower_seq32_20251118_162537_154027.avi,89.78539270971051,360,90,HIGH,VIDEO_RECORDING,2025-11-18T16:25:41.228855
2025-11-18 16:25:38.948263,161,1211,HandType.Left,0.8191390037536621,-85.37054443359375,323.485595703125,-32.7882080078125,-0.022331705316901207,-0.8885809779167175,0.4581758677959442,-27.378305435180664,-110.23873138427734,-10.120147705078125,0.0,0.0,73.05197143554688,1,1,1,1,1,-46.07490921020508,283.2164306640625,18.794588088989258,-5.1591620445251465,295.78363037109375,-64.78853607177734,lower,32,2025-11-18T16:25:38.948263,my_hand_data\videos\lower_seq32_20251118_162537_154027.avi,89.78539270971051,360,90,HIGH,VIDEO_RECORDING,2025-11-18T16:25:41.228855
2025-11-18 16:25:38.968594,162,1211,HandType.Left,0.8181384801864624,-86.12061309814453,321.17852783203125,-32.90914535522461,-0.021676238626241684,-0.8859570026397705,0.4632605314254761,-31.16063117980957,-106.24211120605469,-5.831689357757568,0.0,0.0,73.25187683105469,1,1,1,1,1,-46.857444763183594,280.5943298339844,18.836856842041016,-5.981236457824707,293.41412353515625,-64.917724609375,lower,32,2025-11-18T16:25:38.968594,my_hand_data\videos\lower_seq32_20251118_162537_154027.avi,89.78539270971051,360,90,HIGH,VIDEO_RECORDING,2025-11-18T16:25:41.228855
2025-11-18 16:25:38.968594,163,1211,HandType.Left,0.8181384801864624,-86.12061309814453,321.17852783203125,-32.90914535522461,-0.021676238626241684,-0.8859570026397705,0.4632605314254761,-31.16063117980957,-106.24211120605469,-5.831689357757568,0.0,0.0,73.25187683105469,1,1,1,1,1,-46.857444763183594,280.5943298339844,18.836856842041016,-5.981236457824707,293.41412353515625,-64.917724609375,lower,32,2025-11-18T16:25:38.968594,my_hand_data\videos\lower_seq32_20251118_162537_154027.avi,89.78539270971051,360,90,HIGH,VIDEO_RECORDING,2025-11-18T16:25:41.228855
2025-11-18 16:25:38.988944,164,1211,HandType.Left,0.8183475136756897,-86.4559326171875,319.8459167480469,-33.017879486083984,-0.021094730123877525,-0.8848015069961548,0.4654904007911682,-30.814434051513672,-122.45960998535156,-9.992165565490723,0.0,0.0,73.3966293334961,1,1,1,1,1,-47.21036148071289,279.1153259277344,18.87598991394043,-6.424039840698242,291.7286376953125,-64.98104095458984,lower,32,2025-11-18T16:25:38.988944,my_hand_data\videos\lower_seq32_20251118_162537_154027.avi,89.78539270971051,360,90,HIGH,VIDEO_RECORDING,2025-11-18T16:25:41.228855
2025-11-18 16:25:38.999367,165,1211,HandType.Left,0.8180398941040039,-86.86759948730469,318.5003356933594,-33.129539489746094,-0.020403847098350525,-0.8831461668014526,0.46865391731262207,-37.15390396118164,-121.44244384765625,-10.077790260314941,0.0,0.0,73.5893783569336,1,1,1,1,1,-47.676605224609375,277.5470886230469,18.913555145263672,-6.877474308013916,290.2597351074219,-65.08048248291016,lower,32,2025-11-18T16:25:38.999367,my_hand_data\videos\lower_seq32_20251118_162537_154027.avi,89.78539270971051,360,90,HIGH,VIDEO_RECORDING,2025-11-18T16:25:41.228855
2025-11-18 16:25:39.009411,166,1211,HandType.Left,0.8184560537338257,-87.25981140136719,317.1563415527344,-33.26032638549805,-0.020370133221149445,-0.8824549913406372,0.46995556354522705,-35.03145980834961,-120.04344940185547,-11.681646347045898,0.0,0.0,73.80510711669922,1,1,1,1,1,-48.170806884765625,275.92919921875,18.932209014892578,-7.307596683502197,288.7032165527344,-65.14495849609375,lower,32,2025-11-18T16:25:39.009411,my_hand_data\videos\lower_seq32_20251118_162537_154027.avi,89.78539270971051,360,90,HIGH,VIDEO_RECORDING,2025-11-18T16:25:41.228855
2025-11-18 16:25:39.019595,167,1211,HandType.Left,0.8184537291526794,-87.65216827392578,315.6947021484375,-33.32878494262695,-0.02061093971133232,-0.8816008567810059,0.47154542803764343,-34.78017044067383,-129.5658721923828,-6.068392276763916,0.0,0.0,73.98846435546875,0,1,1,1,1,-48.760738372802734,274.1235656738281,18.903993606567383,-7.729515552520752,287.0952453613281,-65.19303894042969,lower,32,2025-11-18T16:25:39.019595,my_hand_data\videos\lower_seq32_20251118_162537_154027.avi,89.78539270971051,360,90,HIGH,VIDEO_RECORDING,2025-11-18T16:25:41.228855
2025-11-18 16:25:39.029932,168,1211,HandType.Left,0.8185617923736572,-88.10897064208984,314.2485046386719,-33.32350158691406,-0.020735643804073334,-0.8808186650276184,0.4729994237422943,-41.30571746826172,-130.77076721191406,0.4776718020439148,0.0,0.0,74.12532806396484,0,1,1,1,1,-49.24641036987305,272.44146728515625,18.951486587524414,-8.199230194091797,285.5124206542969,-65.19487762451172,lower,32,2025-11-18T16:25:39.029932,my_hand_data\videos\lower_seq32_20251118_162537_154027.avi,89.78539270971051,360,90,HIGH,VIDEO_RECORDING,2025-11-18T16:25:41.228855
2025-11-18 16:25:39.040298,169,1211,HandType.Left,0.8176611065864563,-88.65151977539062,312.6846618652344,-33.288936614990234,-0.02105887047946453,-0.8800416588783264,0.47442927956581116,-47.991851806640625,-138.33200073242188,3.0577573776245117,0.0,0.0,74.21186065673828,0,1,1,1,1,-49.81134796142578,270.79010009765625,19.027236938476562,-8.70166015625,283.93670654296875,-65.18573760986328,lower,32,2025-11-18T16:25:39.040298,my_hand_data\videos\lower_seq32_20251118_162537_154027.avi,89.78539270971051,360,90,HIGH,VIDEO_RECORDING,2025-11-18T16:25:41.228855
2025-11-18 16:25:39.050783,170,1211,HandType.Left,0.8167376518249512,-89.19403076171875,311.1742248535156,-33.25315856933594,-0.02198358066380024,-0.8792836666107178,0.4757908880710602,-49.70334243774414,-138.38116455078125,3.2777812480926514,0.0,0.0,74.24739074707031,0,1,1,1,1,-50.41062545776367,269.2548522949219,19.069011688232422,-9.205110549926758,282.2611389160156,-65.19000244140625,lower,32,2025-11-18T16:25:39.050783,my_hand_data\videos\lower_seq32_20251118_162537_154027.avi,89.78539270971051,360,90,HIGH,VIDEO_RECORDING,2025-11-18T16:25:41.228855
2025-11-18 16:25:39.060994,171,1211,HandType.Left,0.8171796798706055,-89.75231170654297,309.62078857421875,-33.216392517089844,-0.02218010276556015,-0.8782519698143005,0.47768348455429077,-50.17835998535156,-139.62399291992188,3.3045032024383545,0.0,0.0,74.25141143798828,0,1,1,1,1,-50.988868713378906,267.6780090332031,19.083776473999023,-9.725399017333984,280.4952392578125,-65.24687957763672,lower,32,2025-11-18T16:25:39.060994,my_hand_data\videos\lower_seq32_20251118_162537_154027.avi,89.78539270971051,360,90,HIGH,VIDEO_RECORDING,2025-11-18T16:25:41.228855
2025-11-18 16:25:39.081480,172,1211,HandType.Left,0.8141343593597412,-90.80321502685547,306.4587707519531,-33.328678131103516,-0.022353386506438255,-0.8761980533599854,0.48143255710601807,-46.58935546875,-141.53204345703125,-7.060017108917236,0.0,0.0,74.267578125,0,1,1,1,1,-52.04295349121094,264.55133056640625,18.967885971069336,-10.710321426391602,277.0788879394531,-65.53813934326172,lower,32,2025-11-18T16:25:39.081480,my_hand_data\videos\lower_seq32_20251118_162537_154027.avi,89.78539270971051,360,90,HIGH,VIDEO_RECORDING,2025-11-18T16:25:41.228855
2025-11-18 16:25:39.081480,173,1211,HandType.Left,0.8141343593597412,-90.80321502685547,306.4587707519531,-33.328678131103516,-0.022353386506438255,-0.8761980533599854,0.48143255710601807,-46.58935546875,-141.53204345703125,-7.060017108917236,0.0,0.0,74.267578125,0,1,1,1,1,-52.04295349121094,264.55133056640625,18.967885971069336,-10.710321426391602,277.0788879394531,-65.53813934326172,lower,32,2025-11-18T16:25:39.081480,my_hand_data\videos\lower_seq32_20251118_162537_154027.avi,89.78539270971051,360,90,HIGH,VIDEO_RECORDING,2025-11-18T16:25:41.228855
2025-11-18 16:25:39.101873,174,1211,HandType.Left,0.8126140832901001,-91.75456237792969,303.34246826171875,-33.594703674316406,-0.023373765870928764,-0.8737914562225342,0.48573872447013855,-44.25954055786133,-128.45574951171875,-14.933295249938965,0.0,0.0,74.33409881591797,0,1,1,1,1,-53.01755142211914,261.54730224609375,18.766582489013672,-11.598751068115234,273.9365234375,-65.99078369140625,lower,32,2025-11-18T16:25:39.101873,my_hand_data\videos\lower_seq32_20251118_162537_154027.avi,89.78539270971051,360,90,HIGH,VIDEO_RECORDING,2025-11-18T16:25:41.228855
2025-11-18 16:25:39.105859,175,1211,HandType.Left,0.8126140832901001,-91.75456237792969,303.34246826171875,-33.594703674316406,-0.023373765870928764,-0.8737914562225342,0.48573872447013855,-44.25954055786133,-128.45574951171875,-14.933295249938965,0.0,0.0,74.33409881591797,0,1,1,1,1,-53.01755142211914,261.54730224609375,18.766582489013672,-11.598751068115234,273.9365234375,-65.99078369140625,lower,32,2025-11-18T16:25:39.105859,my_hand_data\videos\lower_seq32_20251118_162537_154027.avi,89.78539270971051,360,90,HIGH,VIDEO_RECORDING,2025-11-18T16:25:41.228855
2025-11-18 16:25:39.122193,176,1211,HandType.Left,0.8116275668144226,-92.24241638183594,301.90850830078125,-33.77286911010742,-0.023336786776781082,-0.8731719255447388,0.48685336112976074,-42.786659240722656,-125.76441955566406,-15.625622749328613,0.0,0.0,74.3919906616211,0,1,1,1,1,-53.48332977294922,260.0992431640625,18.623716354370117,-12.0724515914917,272.4740295410156,-66.21560668945312,lower,32,2025-11-18T16:25:39.122193,my_hand_data\videos\lower_seq32_20251118_162537_154027.avi,89.78539270971051,360,90,HIGH,VIDEO_RECORDING,2025-11-18T16:25:41.228855
2025-11-18 16:25:39.132618,177,1211,HandType.Left,0.8110657930374146,-92.66626739501953,300.38385009765625,-33.98141860961914,-0.023877093568444252,-0.872649610042572,0.48776283860206604,-38.36079025268555,-137.98959350585938,-18.875154495239258,0.0,0.0,74.4326171875,0,1,1,1,1,-53.88603591918945,258.5506591796875,18.43684196472168,-12.497872352600098,270.8669738769531,-66.46056365966797,lower,32,2025-11-18T16:25:39.132618,my_hand_data\videos\lower_seq32_20251118_162537_154027.avi,89.78539270971051,360,90,HIGH,VIDEO_RECORDING,2025-11-18T16:25:41.228855
2025-11-18 16:25:39.143005,178,1211,HandType.Left,0.8100802302360535,-93.14817810058594,298.8931579589844,-34.14277648925781,-0.023312943056225777,-0.8717597126960754,0.4893786609172821,-43.44685363769531,-134.39381408691406,-14.547273635864258,0.0,0.0,74.43386840820312,0,1,1,1,1,-54.34048080444336,256.9573974609375,18.256324768066406,-12.984797477722168,269.31085205078125,-66.62201690673828,lower,32,2025-11-18T16:25:39.143005,my_hand_data\videos\lower_seq32_20251118_162537_154027.avi,89.78539270971051,360,90,HIGH,VIDEO_RECORDING,2025-11-18T16:25:41.228855
2025-11-18 16:25:39.153258,179,1211,HandType.Left,0.8083832859992981,-93.54387664794922,297.3515319824219,-34.326072692871094,-0.022959813475608826,-0.870665967464447,0.4913386106491089,-35.63237762451172,-138.8216094970703,-16.505477905273438,0.0,0.0,74.43002319335938,0,1,1,1,1,-54.743011474609375,255.44708251953125,18.07562255859375,-13.374969482421875,267.6958923339844,-66.7916259765625,lower,32,2025-11-18T16:25:39.153258,my_hand_data\videos\lower_seq32_20251118_162537_154027.avi,89.78539270971051,360,90,HIGH,VIDEO_RECORDING,2025-11-18T16:25:41.228855
2025-11-18 16:25:39.163288,180,1211,HandType.Left,0.80781090259552,-93.85953521728516,295.62957763671875,-34.49037170410156,-0.023424934595823288,-0.870114266872406,0.4922930598258972,-28.85643768310547,-157.4147491455078,-15.019754409790039,0.0,0.0,74.48372650146484,0,1,1,1,1,-55.04343032836914,253.8480224609375,17.981592178344727,-13.64860725402832,266.0260009765625,-66.99207305908203,lower,32,2025-11-18T16:25:39.163288,my_hand_data\videos\lower_seq32_20251118_162537_154027.avi,89.78539270971051,360,90,HIGH,VIDEO_RECORDING,2025-11-18T16:25:41.228855
2025-11-18 16:25:39.183428,181,1211,HandType.Left,0.8080191016197205,-94.42536163330078,292.41900634765625,-34.86842727661133,-0.023393521085381508,-0.8680185675621033,0.49598032236099243,-25.90020751953125,-144.54205322265625,-15.65282917022705,0.0,0.0,74.59200286865234,0,1,1,1,1,-55.589019775390625,250.68467712402344,17.746850967407227,-14.140583992004395,262.74298095703125,-67.35537719726562,lower,32,2025-11-18T16:25:39.183428,my_hand_data\videos\lower_seq32_20251118_162537_154027.avi,89.78539270971051,360,90,HIGH,VIDEO_RECORDING,2025-11-18T16:25:41.228855
2025-11-18 16:25:39.187666,182,1211,HandType.Left,0.8080191016197205,-94.42536163330078,292.41900634765625,-34.86842727661133,-0.023393521085381508,-0.8680185675621033,0.49598032236099243,-25.90020751953125,-144.54205322265625,-15.65282917022705,0.0,0.0,74.59200286865234,0,1,1,1,1,-55.589019775390625,250.68467712402344,17.746850967407227,-14.140583992004395,262.74298095703125,-67.35537719726562,lower,32,2025-11-18T16:25:39.187666,my_hand_data\videos\lower_seq32_20251118_162537_154027.avi,89.78539270971051,360,90,HIGH,VIDEO_RECORDING,2025-11-18T16:25:41.228855
2025-11-18 16:25:39.203977,183,1211,HandType.Left,0.8087635636329651,-94.98458862304688,289.4079895019531,-35.15354919433594,-0.024454761296510696,-0.8663512468338013,0.49883610010147095,-27.159292221069336,-135.0022430419922,-11.14865779876709,0.0,0.0,74.80378723144531,0,1,1,1,1,-56.173587799072266,247.6416473388672,17.66889190673828,-14.660507202148438,259.6744384765625,-67.63878631591797,lower,32,2025-11-18T16:25:39.203977,my_hand_data\videos\lower_seq32_20251118_162537_154027.avi,89.78539270971051,360,90,HIGH,VIDEO_RECORDING,2025-11-18T16:25:41.228855
2025-11-18 16:25:39.207395,184,1211,HandType.Left,0.8087635636329651,-94.98458862304688,289.4079895019531,-35.15354919433594,-0.024454761296510696,-0.8663512468338013,0.49883610010147095,-27.159292221069336,-135.0022430419922,-11.14865779876709,0.0,0.0,74.80378723144531,0,1,1,1,1,-56.173587799072266,247.6416473388672,17.66889190673828,-14.660507202148438,259.6744384765625,-67.63878631591797,lower,32,2025-11-18T16:25:39.207395,my_hand_data\videos\lower_seq32_20251118_162537_154027.avi,89.78539270971051,360,90,HIGH,VIDEO_RECORDING,2025-11-18T16:25:41.228855
2025-11-18 16:25:39.224556,185,1211,HandType.Left,0.8098224997520447,-95.36216735839844,286.4613342285156,-35.46590805053711,-0.024101439863443375,-0.8643866181373596,0.5022498965263367,-16.258914947509766,-131.85110473632812,-15.745562553405762,0.0,0.0,75.10509490966797,0,1,1,1,1,-56.55105972290039,244.55245971679688,17.677885055541992,-15.068821907043457,256.8387145996094,-68.03012084960938,lower,32,2025-11-18T16:25:39.224556,my_hand_data\videos\lower_seq32_20251118_162537_154027.avi,89.78539270971051,360,90,HIGH,VIDEO_RECORDING,2025-11-18T16:25:41.228855
2025-11-18 16:25:39.224556,186,1211,HandType.Left,0.8098224997520447,-95.36216735839844,286.4613342285156,-35.46590805053711,-0.024101439863443375,-0.8643866181373596,0.5022498965263367,-16.258914947509766,-131.85110473632812,-15.745562553405762,0.0,0.0,75.10509490966797,0,1,1,1,1,-56.55105972290039,244.55245971679688,17.677885055541992,-15.068821907043457,256.8387145996094,-68.03012084960938,lower,32,2025-11-18T16:25:39.224556,my_hand_data\videos\lower_seq32_20251118_162537_154027.avi,89.78539270971051,360,90,HIGH,VIDEO_RECORDING,2025-11-18T16:25:41.228855
2025-11-18 16:25:39.244695,187,1211,HandType.Left,0.8126639127731323,-95.63353729248047,283.3009338378906,-35.781429290771484,-0.024967409670352936,-0.8633589744567871,0.5039721131324768,-13.918663024902344,-145.2078094482422,-13.501276969909668,0.0,0.0,75.36756896972656,0,1,1,1,1,-56.727691650390625,241.31207275390625,17.71611785888672,-15.306435585021973,253.62026977539062,-68.2720718383789,lower,32,2025-11-18T16:25:39.244695,my_hand_data\videos\lower_seq32_20251118_162537_154027.avi,89.78539270971051,360,90,HIGH,VIDEO_RECORDING,2025-11-18T16:25:41.228855
2025-11-18 16:25:39.254725,188,1211,HandType.Left,0.8126639127731323,-95.63353729248047,283.3009338378906,-35.781429290771484,-0.024967409670352936,-0.8633589744567871,0.5039721131324768,-13.918663024902344,-145.2078094482422,-13.501276969909668,0.0,0.0,75.36756896972656,0,1,1,1,1,-56.727691650390625,241.31207275390625,17.71611785888672,-15.306435585021973,253.62026977539062,-68.2720718383789,lower,32,2025-11-18T16:25:39.254725,my_hand_data\videos\lower_seq32_20251118_162537_154027.avi,89.78539270971051,360,90,HIGH,VIDEO_RECORDING,2025-11-18T16:25:41.228855
2025-11-18 16:25:39.265112,189,1211,HandType.Left,0.8140069246292114,-95.80713653564453,281.835693359375,-35.921688079833984,-0.025036411359906197,-0.862907350063324,0.5047416090965271,-15.576645851135254,-131.4716033935547,-12.585062980651855,0.0,0.0,75.43328857421875,0,1,1,1,1,-56.80686569213867,239.92282104492188,17.715818405151367,-15.459343910217285,252.13726806640625,-68.33473205566406,lower,32,2025-11-18T16:25:39.265112,my_hand_data\videos\lower_seq32_20251118_162537_154027.avi,89.78539270971051,360,90,HIGH,VIDEO_RECORDING,2025-11-18T16:25:41.228855
2025-11-18 16:25:39.275173,190,1211,HandType.Left,0.8140537738800049,-95.98136138916016,280.46588134765625,-36.013145446777344,-0.02547183819115162,-0.8618577718734741,0.5065099596977234,-15.715499877929688,-123.56145477294922,-8.24950122833252,0.0,0.0,75.47724914550781,0,1,1,1,1,-56.937255859375,238.609619140625,17.776697158813477,-15.590839385986328,250.64877319335938,-68.31278228759766,lower,32,2025-11-18T16:25:39.275173,my_hand_data\videos\lower_seq32_20251118_162537_154027.avi,89.78539270971051,360,90,HIGH,VIDEO_RECORDING,2025-11-18T16:25:41.228855
2025-11-18 16:25:39.285317,191,1211,HandType.Left,0.813870370388031,-96.11714935302734,279.0386962890625,-36.00391387939453,-0.026336219161748886,-0.8609398603439331,0.5080245733261108,-12.231821060180664,-128.5645751953125,0.8315712213516235,0.0,0.0,75.42314147949219,0,1,1,1,1,-57.05730438232422,237.26319885253906,17.80278205871582,-15.709579467773438,249.03443908691406,-68.22362518310547,lower,32,2025-11-18T16:25:39.285317,my_hand_data\videos\lower_seq32_20251118_162537_154027.avi,89.78539270971051,360,90,HIGH,VIDEO_RECORDING,2025-11-18T16:25:41.228855
2025-11-18 16:25:39.295696,192,1211,HandType.Left,0.8138709664344788,-96.28253173828125,277.6368713378906,-35.93559646606445,-0.02654300443828106,-0.8599237203598022,0.5097320079803467,-14.883645057678223,-126.15364837646484,6.14808988571167,0.0,0.0,75.36605834960938,0,1,1,1,1,-57.21146011352539,236.0137481689453,17.88155746459961,-15.871092796325684,247.50831604003906,-68.07388305664062,lower,32,2025-11-18T16:25:39.295696,my_hand_data\videos\lower_seq32_20251118_162537_154027.avi,89.78539270971051,360,90,HIGH,VIDEO_RECORDING,2025-11-18T16:25:41.228855
2025-11-18 16:25:39.306001,193,1211,HandType.Left,0.8136008977890015,-96.37561798095703,276.2610168457031,-35.8866081237793,-0.02690880000591278,-0.859157919883728,0.5110025405883789,-8.337372779846191,-123.22801971435547,4.3875555992126465,0.0,0.0,75.34841918945312,0,1,1,1,1,-57.28047561645508,234.7625732421875,17.97719955444336,-15.954941749572754,246.0635223388672,-67.94599151611328,lower,32,2025-11-18T16:25:39.306001,my_hand_data\videos\lower_seq32_20251118_162537_154027.avi,89.78539270971051,360,90,HIGH,VIDEO_RECORDING,2025-11-18T16:25:41.228855
2025-11-18 16:25:39.326803,194,1211,HandType.Left,0.8114287853240967,-96.36481475830078,273.33868408203125,-35.76557922363281,-0.027719557285308838,-0.8577581644058228,0.5133055448532104,-0.38825321197509766,-125.70702362060547,4.612727642059326,0.0,0.0,75.36286926269531,0,1,1,1,1,-57.297119140625,231.96783447265625,18.165040969848633,-15.86898422241211,242.98358154296875,-67.7546615600586,lower,32,2025-11-18T16:25:39.326803,my_hand_data\videos\lower_seq32_20251118_162537_154027.avi,89.78539270971051,360,90,HIGH,VIDEO_RECORDING,2025-11-18T16:25:41.228855
2025-11-18 16:25:39.330288,195,1211,HandType.Left,0.8114287853240967,-96.36481475830078,273.33868408203125,-35.76557922363281,-0.027719557285308838,-0.8577581644058228,0.5133055448532104,-0.38825321197509766,-125.70702362060547,4.612727642059326,0.0,0.0,75.36286926269531,0,1,1,1,1,-57.297119140625,231.96783447265625,18.165040969848633,-15.86898422241211,242.98358154296875,-67.7546615600586,lower,32,2025-11-18T16:25:39.330288,my_hand_data\videos\lower_seq32_20251118_162537_154027.avi,89.78539270971051,360,90,HIGH,VIDEO_RECORDING,2025-11-18T16:25:41.228855
2025-11-18 16:25:39.347017,196,1211,HandType.Left,0.8105465173721313,-96.40296936035156,270.3240966796875,-35.66685485839844,-0.029560957103967667,-0.8546234965324402,0.5184060335159302,-1.9996880292892456,-139.58932495117188,3.9525883197784424,0.0,0.0,75.28180694580078,0,1,1,1,1,-57.33767318725586,229.25872802734375,18.34084129333496,-15.88111400604248,239.85157775878906,-67.53143310546875,lower,32,2025-11-18T16:25:39.347017,my_hand_data\videos\lower_seq32_20251118_162537_154027.avi,89.78539270971051,360,90,HIGH,VIDEO_RECORDING,2025-11-18T16:25:41.228855
2025-11-18 16:25:39.350876,197,1211,HandType.Left,0.8105465173721313,-96.40296936035156,270.3240966796875,-35.66685485839844,-0.029560957103967667,-0.8546234965324402,0.5184060335159302,-1.9996880292892456,-139.58932495117188,3.9525883197784424,0.0,0.0,75.28180694580078,0,1,1,1,1,-57.33767318725586,229.25872802734375,18.34084129333496,-15.88111400604248,239.85157775878906,-67.53143310546875,lower,32,2025-11-18T16:25:39.350876,my_hand_data\videos\lower_seq32_20251118_162537_154027.avi,89.78539270971051,360,90,HIGH,VIDEO_RECORDING,2025-11-18T16:25:41.228855
2025-11-18 16:25:39.367652,198,1211,HandType.Left,0.8093591332435608,-96.40011596679688,268.7274475097656,-35.64982223510742,-0.03100152127444744,-0.853335440158844,0.5204397439956665,0.2510106861591339,-140.61328125,1.500156044960022,0.0,0.0,75.32076263427734,0,1,1,1,1,-57.506202697753906,227.7164764404297,18.4547119140625,-15.87828254699707,238.12249755859375,-67.29879760742188,lower,32,2025-11-18T16:25:39.367652,my_hand_data\videos\lower_seq32_20251118_162537_154027.avi,89.78539270971051,360,90,HIGH,VIDEO_RECORDING,2025-11-18T16:25:41.228855
2025-11-18 16:25:39.373714,199,1211,HandType.Left,0.8092021942138672,-96.36670684814453,267.17926025390625,-35.62398147583008,-0.03217307850718498,-0.851959764957428,0.5226178765296936,3.008880853652954,-139.43617248535156,2.3274898529052734,0.0,0.0,75.33800506591797,0,1,1,1,1,-57.58230209350586,226.10076904296875,18.54471206665039,-15.864714622497559,236.3228302001953,-67.05277252197266,lower,32,2025-11-18T16:25:39.373714,my_hand_data\videos\lower_seq32_20251118_162537_154027.avi,89.78539270971051,360,90,HIGH,VIDEO_RECORDING,2025-11-18T16:25:41.228855
2025-11-18 16:25:39.388284,200,1211,HandType.Left,0.8089088201522827,-96.39673614501953,265.6893005371094,-35.59556198120117,-0.034365858882665634,-0.8501080870628357,0.5254857540130615,-2.7157909870147705,-134.77967834472656,2.570631504058838,0.0,0.0,75.24287414550781,0,1,1,1,1,-57.6502571105957,224.63092041015625,18.57473373413086,-15.902057647705078,234.52874755859375,-66.82400512695312,lower,32,2025-11-18T16:25:39.388284,my_hand_data\videos\lower_seq32_20251118_162537_154027.avi,89.78539270971051,360,90,HIGH,VIDEO_RECORDING,2025-11-18T16:25:41.228855
2025-11-18 16:25:39.398441,201,1211,HandType.Left,0.8090348839759827,-96.45020294189453,264.0810241699219,-35.58625030517578,-0.03499254956841469,-0.8488305807113647,0.5275055766105652,-4.8819379806518555,-146.8477325439453,0.8502997756004333,0.0,0.0,75.19921875,0,1,1,1,1,-57.711631774902344,223.06173706054688,18.663782119750977,-16.022592544555664,232.4641571044922,-66.51947021484375,lower,32,2025-11-18T16:25:39.398441,my_hand_data\videos\lower_seq32_20251118_162537_154027.avi,89.78539270971051,360,90,HIGH,VIDEO_RECORDING,2025-11-18T16:25:41.228855
2025-11-18 16:25:39.408540,202,1211,HandType.Left,0.8088369369506836,-96.533935546875,262.4659423828125,-35.56647491455078,-0.035469140857458115,-0.8476429581642151,0.529380202293396,-7.378983020782471,-142.3230438232422,1.7425893545150757,0.0,0.0,75.17085266113281,0,1,1,1,1,-57.839420318603516,221.4722442626953,18.75128936767578,-16.264469146728516,230.3017578125,-66.37654113769531,lower,32,2025-11-18T16:25:39.408540,my_hand_data\videos\lower_seq32_20251118_162537_154027.avi,89.78539270971051,360,90,HIGH,VIDEO_RECORDING,2025-11-18T16:25:41.228855
2025-11-18 16:25:39.418929,203,1211,HandType.Left,0.8088352680206299,-96.57649993896484,260.82135009765625,-35.58515548706055,-0.036166831851005554,-0.8469127416610718,0.5305005311965942,-3.8544158935546875,-148.9254913330078,-1.6916911602020264,0.0,0.0,75.15702056884766,0,1,1,1,1,-57.85993194580078,219.89852905273438,18.790983200073242,-16.402423858642578,228.32273864746094,-66.32878112792969,lower,32,2025-11-18T16:25:39.418929,my_hand_data\videos\lower_seq32_20251118_162537_154027.avi,89.78539270971051,360,90,HIGH,VIDEO_RECORDING,2025-11-18T16:25:41.228855
2025-11-18 16:25:39.429210,204,1211,HandType.Left,0.8081772923469543,-96.5888671875,259.16845703125,-35.65150451660156,-0.03680809959769249,-0.8459921479225159,0.5319233536720276,-1.1048152446746826,-147.64517211914062,-5.926753044128418,0.0,0.0,75.14412689208984,0,1,1,1,1,-57.8729133605957,218.25209045410156,18.74878692626953,-16.494579315185547,226.39659118652344,-66.24717712402344,lower,32,2025-11-18T16:25:39.429210,my_hand_data\videos\lower_seq32_20251118_162537_154027.avi,89.78539270971051,360,90,HIGH,VIDEO_RECORDING,2025-11-18T16:25:41.228855
2025-11-18 16:25:39.439408,205,1211,HandType.Left,0.8075625896453857,-96.68866729736328,257.6650695800781,-35.76947021484375,-0.037319283932447433,-0.8450239300727844,0.5334246158599854,-9.011707305908203,-135.7586212158203,-10.652295112609863,0.0,0.0,75.07205963134766,0,1,1,1,1,-57.99267578125,216.76828002929688,18.63671112060547,-16.71011734008789,224.40689086914062,-66.18380737304688,lower,32,2025-11-18T16:25:39.439408,my_hand_data\videos\lower_seq32_20251118_162537_154027.avi,89.78539270971051,360,90,HIGH,VIDEO_RECORDING,2025-11-18T16:25:41.228855
2025-11-18 16:25:39.459740,206,1211,HandType.Left,0.8056776523590088,-96.82392120361328,254.4683074951172,-36.12693786621094,-0.03760915994644165,-0.8428879976272583,0.5367730855941772,-4.635624885559082,-151.52418518066406,-17.97476577758789,0.0,0.0,75.21370697021484,0,1,1,1,1,-58.1550407409668,213.7324676513672,18.593568801879883,-16.984045028686523,220.81163024902344,-66.3237075805664,lower,32,2025-11-18T16:25:39.459740,my_hand_data\videos\lower_seq32_20251118_162537_154027.avi,89.78539270971051,360,90,HIGH,VIDEO_RECORDING,2025-11-18T16:25:41.228855
2025-11-18 16:25:39.459740,207,1211,HandType.Left,0.8056776523590088,-96.82392120361328,254.4683074951172,-36.12693786621094,-0.03760915994644165,-0.8428879976272583,0.5367730855941772,-4.635624885559082,-151.52418518066406,-17.97476577758789,0.0,0.0,75.21370697021484,0,1,1,1,1,-58.1550407409668,213.7324676513672,18.593568801879883,-16.984045028686523,220.81163024902344,-66.3237075805664,lower,32,2025-11-18T16:25:39.459740,my_hand_data\videos\lower_seq32_20251118_162537_154027.avi,89.78539270971051,360,90,HIGH,VIDEO_RECORDING,2025-11-18T16:25:41.228855
2025-11-18 16:25:39.479934,208,1211,HandType.Left,0.8058649897575378,-96.84761810302734,251.09078979492188,-36.6520881652832,-0.03625059872865677,-0.8413413166999817,0.5392871499061584,-0.3969784379005432,-151.72415161132812,-24.30624008178711,0.0,0.0,75.58758544921875,0,1,1,1,1,-58.32569122314453,210.3419952392578,18.570497512817383,-17.254777908325195,216.80807495117188,-66.57679748535156,lower,32,2025-11-18T16:25:39.479934,my_hand_data\videos\lower_seq32_20251118_162537_154027.avi,89.78539270971051,360,90,HIGH,VIDEO_RECORDING,2025-11-18T16:25:41.228855
2025-11-18 16:25:39.484128,209,1211,HandType.Left,0.8058649897575378,-96.84761810302734,251.09078979492188,-36.6520881652832,-0.03625059872865677,-0.8413413166999817,0.5392871499061584,-0.3969784379005432,-151.72415161132812,-24.30624008178711,0.0,0.0,75.58758544921875,0,1,1,1,1,-58.32569122314453,210.3419952392578,18.570497512817383,-17.254777908325195,216.80807495117188,-66.57679748535156,lower,32,2025-11-18T16:25:39.484128,my_hand_data\videos\lower_seq32_20251118_162537_154027.avi,89.78539270971051,360,90,HIGH,VIDEO_RECORDING,2025-11-18T16:25:41.228855
2025-11-18 16:25:39.500455,210,1211,HandType.Left,0.8052469491958618,-97.0141372680664,247.89398193359375,-37.15614700317383,-0.03575414419174194,-0.8399273157119751,0.541519820690155,-6.528192043304443,-140.06593322753906,-22.250232696533203,0.0,0.0,75.81871795654297,0,1,1,1,1,-58.587303161621094,207.0429229736328,18.351346969604492,-17.606101989746094,213.1696014404297,-66.97777557373047,lower,32,2025-11-18T16:25:39.500455,my_hand_data\videos\lower_seq32_20251118_162537_154027.avi,89.78539270971051,360,90,HIGH,VIDEO_RECORDING,2025-11-18T16:25:41.228855
2025-11-18 16:25:39.510701,211,1211,HandType.Left,0.8052469491958618,-97.0141372680664,247.89398193359375,-37.15614700317383,-0.03575414419174194,-0.8399273157119751,0.541519820690155,-6.528192043304443,-140.06593322753906,-22.250232696533203,0.0,0.0,75.81871795654297,0,1,1,1,1,-58.587303161621094,207.0429229736328,18.351346969604492,-17.606101989746094,213.1696014404297,-66.97777557373047,lower,32,2025-11-18T16:25:39.510701,my_hand_data\videos\lower_seq32_20251118_162537_154027.avi,89.78539270971051,360,90,HIGH,VIDEO_RECORDING,2025-11-18T16:25:41.228855
2025-11-18 16:25:39.520887,212,1211,HandType.Left,0.804694652557373,-97.0897445678711,246.31634521484375,-37.394615173339844,-0.0355367586016655,-0.8389331102371216,0.5430730581283569,-6.807210445404053,-142.03970336914062,-21.470003128051758,0.0,0.0,75.96620178222656,0,1,1,1,1,-58.74034881591797,205.33590698242188,18.27193832397461,-17.7956600189209,211.16883850097656,-67.20634460449219,lower,32,2025-11-18T16:25:39.520887,my_hand_data\videos\lower_seq32_20251118_162537_154027.avi,89.78539270971051,360,90,HIGH,VIDEO_RECORDING,2025-11-18T16:25:41.228855
2025-11-18 16:25:39.531274,213,1211,HandType.Left,0.8036556839942932,-97.24040985107422,244.82594299316406,-37.605411529541016,-0.035675741732120514,-0.8381869792938232,0.5442149043083191,-13.582999229431152,-134.36769104003906,-19.004531860351562,0.0,0.0,75.9756851196289,0,1,1,1,1,-58.96778869628906,203.6473388671875,18.08250617980957,-18.069900512695312,208.94119262695312,-67.3576431274414,lower,32,2025-11-18T16:25:39.531274,my_hand_data\videos\lower_seq32_20251118_162537_154027.avi,89.78539270971051,360,90,HIGH,VIDEO_RECORDING,2025-11-18T16:25:41.228855
2025-11-18 16:25:39.541753,214,1211,HandType.Left,0.8024736642837524,-97.35441589355469,243.31719970703125,-37.87151336669922,-0.03632761910557747,-0.8372501134872437,0.5456121563911438,-10.069798469543457,-133.25717163085938,-23.503129959106445,0.0,0.0,76.00304412841797,0,1,1,1,1,-59.14834976196289,202.03076171875,17.838977813720703,-18.30261993408203,206.96934509277344,-67.56999969482422,lower,32,2025-11-18T16:25:39.541753,my_hand_data\videos\lower_seq32_20251118_162537_154027.avi,89.78539270971051,360,90,HIGH,VIDEO_RECORDING,2025-11-18T16:25:41.228855
2025-11-18 16:25:39.551838,215,1211,HandType.Left,0.8018738031387329,-97.51266479492188,241.8986358642578,-38.176231384277344,-0.037315841764211655,-0.8370011448860168,0.5459273457527161,-14.551426887512207,-130.44276428222656,-28.019765853881836,0.0,0.0,76.13288879394531,0,1,1,1,1,-59.45215606689453,200.4952392578125,17.660367965698242,-18.607847213745117,204.90814208984375,-67.73543548583984,lower,32,2025-11-18T16:25:39.551838,my_hand_data\videos\lower_seq32_20251118_162537_154027.avi,89.78539270971051,360,90,HIGH,VIDEO_RECORDING,2025-11-18T16:25:41.228855
2025-11-18 16:25:39.562074,216,1211,HandType.Left,0.8002679944038391,-97.6561050415039,240.41714477539062,-38.47723388671875,-0.03863653168082237,-0.8358010053634644,0.547671377658844,-12.852829933166504,-132.75,-26.97176170349121,0.0,0.0,76.32197570800781,0,1,1,1,1,-59.95943832397461,198.6379852294922,17.49163818359375,-18.8510799407959,202.81227111816406,-67.8617172241211,lower,32,2025-11-18T16:25:39.562074,my_hand_data\videos\lower_seq32_20251118_162537_154027.avi,89.78539270971051,360,90,HIGH,VIDEO_RECORDING,2025-11-18T16:25:41.228855
2025-11-18 16:25:39.572083,217,1211,HandType.Left,0.7987587451934814,-97.80786895751953,238.81625366210938,-38.75090789794922,-0.03991759940981865,-0.835106611251831,0.548637866973877,-13.73663330078125,-144.90342712402344,-24.77114486694336,0.0,0.0,76.54143524169922,0,1,1,1,1,-60.45661926269531,196.70843505859375,17.328184127807617,-19.176834106445312,200.8385772705078,-68.05550384521484,lower,32,2025-11-18T16:25:39.572083,my_hand_data\videos\lower_seq32_20251118_162537_154027.avi,89.78539270971051,360,90,HIGH,VIDEO_RECORDING,2025-11-18T16:25:41.228855
2025-11-18 16:25:39.592474,218,1211,HandType.Left,0.7946882843971252,-98.2353515625,235.584716796875,-39.18378829956055,-0.04409176856279373,-0.8341220617294312,0.549814760684967,-23.459270477294922,-134.86436462402344,-18.817899703979492,0.0,0.0,76.88365936279297,0,1,1,1,1,-61.15743637084961,193.12904357910156,17.054922103881836,-19.7515926361084,197.0500030517578,-68.54698181152344,lower,32,2025-11-18T16:25:39.592474,my_hand_data\videos\lower_seq32_20251118_162537_154027.avi,89.78539270971051,360,90,HIGH,VIDEO_RECORDING,2025-11-18T16:25:41.228855
2025-11-18 16:25:39.592474,219,1211,HandType.Left,0.7946882843971252,-98.2353515625,235.584716796875,-39.18378829956055,-0.04409176856279373,-0.8341220617294312,0.549814760684967,-23.459270477294922,-134.86436462402344,-18.817899703979492,0.0,0.0,76.88365936279297,0,1,1,1,1,-61.15743637084961,193.12904357910156,17.054922103881836,-19.7515926361084,197.0500030517578,-68.54698181152344,lower,32,2025-11-18T16:25:39.592474,my_hand_data\videos\lower_seq32_20251118_162537_154027.avi,89.78539270971051,360,90,HIGH,VIDEO_RECORDING,2025-11-18T16:25:41.228855
2025-11-18 16:25:39.612672,220,1211,HandType.Left,0.7927913069725037,-98.44322204589844,233.9929656982422,-39.3942985534668,-0.04605071619153023,-0.8339744806289673,0.5498780608177185,-19.089792251586914,-146.17868041992188,-19.332096099853516,0.0,0.0,77.01482391357422,0,1,1,1,1,-61.384464263916016,191.3966827392578,16.883529663085938,-20.07754898071289,195.4431915283203,-68.93151092529297,lower,32,2025-11-18T16:25:39.612672,my_hand_data\videos\lower_seq32_20251118_162537_154027.avi,89.78539270971051,360,90,HIGH,VIDEO_RECORDING,2025-11-18T16:25:41.228855
2025-11-18 16:25:39.616467,221,1211,HandType.Left,0.7926647067070007,-98.70875549316406,232.38803100585938,-39.56882858276367,-0.04713790491223335,-0.8337332606315613,0.5501517057418823,-23.702491760253906,-143.25921630859375,-15.578900337219238,0.0,0.0,77.12911987304688,0,1,1,1,1,-61.694576263427734,189.73597717285156,16.698650360107422,-20.381927490234375,193.84884643554688,-69.40235137939453,lower,32,2025-11-18T16:25:39.616467,my_hand_data\videos\lower_seq32_20251118_162537_154027.avi,89.78539270971051,360,90,HIGH,VIDEO_RECORDING,2025-11-18T16:25:41.228855
2025-11-18 16:25:39.632913,222,1211,HandType.Left,0.7922524809837341,-99.00859069824219,230.76394653320312,-39.75406265258789,-0.04695326089859009,-0.833436131477356,0.550617516040802,-26.840402603149414,-145.38507080078125,-16.581838607788086,0.0,0.0,77.22029113769531,0,1,1,1,1,-62.00607681274414,188.00143432617188,16.48583221435547,-20.687408447265625,192.22250366210938,-69.7484130859375,lower,32,2025-11-18T16:25:39.632913,my_hand_data\videos\lower_seq32_20251118_162537_154027.avi,89.78539270971051,360,90,HIGH,VIDEO_RECORDING,2025-11-18T16:25:41.228855
2025-11-18 16:25:39.642721,223,1211,HandType.Left,0.7921894788742065,-99.33499145507812,229.32684326171875,-40.01420593261719,-0.04579775407910347,-0.8329140543937683,0.5515040159225464,-29.59759521484375,-130.31332397460938,-23.589210510253906,0.0,0.0,77.3697738647461,0,1,1,1,1,-62.36758804321289,186.50608825683594,16.304492950439453,-20.9953556060791,190.7764129638672,-70.03736114501953,lower,32,2025-11-18T16:25:39.642721,my_hand_data\videos\lower_seq32_20251118_162537_154027.avi,89.78539270971051,360,90,HIGH,VIDEO_RECORDING,2025-11-18T16:25:41.228855
2025-11-18 16:25:39.652756,224,1211,HandType.Left,0.7914170622825623,-99.66350555419922,227.8960418701172,-40.2122802734375,-0.04433252289891243,-0.8323400020599365,0.5524895787239075,-29.349416732788086,-127.83063507080078,-17.696470260620117,0.0,0.0,77.49085235595703,0,1,1,1,1,-62.71226119995117,184.9900360107422,16.14984893798828,-21.315656661987305,189.349853515625,-70.26988983154297,lower,32,2025-11-18T16:25:39.652756,my_hand_data\videos\lower_seq32_20251118_162537_154027.avi,89.78539270971051,360,90,HIGH,VIDEO_RECORDING,2025-11-18T16:25:41.228855
2025-11-18 16:25:39.663274,225,1211,HandType.Left,0.7916821241378784,-99.88373565673828,226.21524047851562,-40.397483825683594,-0.043250784277915955,-0.831768274307251,0.5534355044364929,-19.952106475830078,-152.27340698242188,-16.77849769592285,0.0,0.0,77.75260925292969,0,1,1,1,1,-62.937931060791016,183.2638702392578,16.182207107543945,-21.47727394104004,187.76783752441406,-70.46353912353516,lower,32,2025-11-18T16:25:39.663274,my_hand_data\videos\lower_seq32_20251118_162537_154027.avi,89.78539270971051,360,90,HIGH,VIDEO_RECORDING,2025-11-18T16:25:41.228855
2025-11-18 16:25:39.673421,226,1211,HandType.Left,0.7916804552078247,-100.01514434814453,224.41163635253906,-40.47864532470703,-0.043656229972839355,-0.8315386772155762,0.5537486672401428,-11.825967788696289,-162.3111572265625,-7.304110050201416,0.0,0.0,77.93882751464844,0,1,1,1,1,-63.0424919128418,181.46966552734375,16.274105072021484,-21.52899742126465,186.05709838867188,-70.51229858398438,lower,32,2025-11-18T16:25:39.673421,my_hand_data\videos\lower_seq32_20251118_162537_154027.avi,89.78539270971051,360,90,HIGH,VIDEO_RECORDING,2025-11-18T16:25:41.228855
2025-11-18 16:25:39.683428,227,1211,HandType.Left,0.7916592955589294,-100.12548065185547,222.53807067871094,-40.45267868041992,-0.04372091963887215,-0.8309875726699829,0.5545702576637268,-10.025422096252441,-170.23196411132812,2.3592922687530518,0.0,0.0,78.06641387939453,0,1,1,1,1,-63.10398864746094,179.66871643066406,16.449115753173828,-21.496959686279297,184.4115447998047,-70.49502563476562,lower,32,2025-11-18T16:25:39.683428,my_hand_data\videos\lower_seq32_20251118_162537_154027.avi,89.78539270971051,360,90,HIGH,VIDEO_RECORDING,2025-11-18T16:25:41.228855
2025-11-18 16:25:39.703781,228,1211,HandType.Left,0.7915270924568176,-100.1842041015625,218.92681884765625,-40.36385726928711,-0.04404980689287186,-0.829208493232727,0.5572009682655334,-0.7165413498878479,-164.98533630371094,3.771625518798828,0.0,0.0,78.30601501464844,0,1,1,1,1,-63.15015411376953,176.2745819091797,16.812999725341797,-21.440357208251953,180.99159240722656,-70.439697265625,lower,32,2025-11-18T16:25:39.703781,my_hand_data\videos\lower_seq32_20251118_162537_154027.avi,89.78539270971051,360,90,HIGH,VIDEO_RECORDING,2025-11-18T16:25:41.228855
2025-11-18 16:25:39.703781,229,1211,HandType.Left,0.7915270924568176,-100.1842041015625,218.92681884765625,-40.36385726928711,-0.04404980689287186,-0.829208493232727,0.5572009682655334,-0.7165413498878479,-164.98533630371094,3.771625518798828,0.0,0.0,78.30601501464844,0,1,1,1,1,-63.15015411376953,176.2745819091797,16.812999725341797,-21.440357208251953,180.99159240722656,-70.439697265625,lower,32,2025-11-18T16:25:39.703781,my_hand_data\videos\lower_seq32_20251118_162537_154027.avi,89.78539270971051,360,90,HIGH,VIDEO_RECORDING,2025-11-18T16:25:41.228855
2025-11-18 16:25:39.724251,230,1211,HandType.Left,0.7908720970153809,-100.13488006591797,217.25357055664062,-40.36952209472656,-0.04373936355113983,-0.8279179930686951,0.5591409802436829,4.490585803985596,-152.33567810058594,-0.5156789422035217,0.0,0.0,78.49707794189453,0,1,1,1,1,-63.24342727661133,174.63290405273438,16.980886459350586,-21.38202667236328,179.29898071289062,-70.4823226928711,lower,32,2025-11-18T16:25:39.724251,my_hand_data\videos\lower_seq32_20251118_162537_154027.avi,89.78539270971051,360,90,HIGH,VIDEO_RECORDING,2025-11-18T16:25:41.228855
2025-11-18 16:25:39.724251,231,1211,HandType.Left,0.7895982265472412,-100.04814147949219,215.52389526367188,-40.412227630615234,-0.0429912731051445,-0.8259279131889343,0.5621341466903687,7.774493217468262,-155.04478454589844,-3.828178644180298,0.0,0.0,78.67032623291016,0,1,1,1,1,-63.52786636352539,172.90451049804688,17.0190486907959,-21.309629440307617,177.48365783691406,-70.533203125,lower,32,2025-11-18T16:25:39.724251,my_hand_data\videos\lower_seq32_20251118_162537_154027.avi,89.78539270971051,360,90,HIGH,VIDEO_RECORDING,2025-11-18T16:25:41.228855
2025-11-18 16:25:39.744450,232,1211,HandType.Left,0.7881972789764404,-99.94917297363281,213.8915252685547,-40.44041061401367,-0.043267395347356796,-0.8243002891540527,0.5644971132278442,8.916608810424805,-147.06044006347656,-2.53889536857605,0.0,0.0,78.91991424560547,0,1,1,1,1,-63.88337326049805,171.1435089111328,17.14099884033203,-21.245121002197266,175.4974365234375,-70.58651733398438,lower,32,2025-11-18T16:25:39.744450,my_hand_data\videos\lower_seq32_20251118_162537_154027.avi,89.78539270971051,360,90,HIGH,VIDEO_RECORDING,2025-11-18T16:25:41.228855
2025-11-18 16:25:39.754683,233,1211,HandType.Left,0.7865216732025146,-99.87113189697266,212.23143005371094,-40.44972229003906,-0.04422713443636894,-0.8231987953186035,0.5660279989242554,6.8879313468933105,-146.52207946777344,-0.8220164179801941,0.0,0.0,79.16337585449219,0,1,1,1,1,-64.10169982910156,169.45440673828125,17.305347442626953,-21.204792022705078,173.63580322265625,-70.64671325683594,lower,32,2025-11-18T16:25:39.754683,my_hand_data\videos\lower_seq32_20251118_162537_154027.avi,89.78539270971051,360,90,HIGH,VIDEO_RECORDING,2025-11-18T16:25:41.228855
2025-11-18 16:25:39.764866,234,1211,HandType.Left,0.7846216559410095,-99.7476577758789,210.5394287109375,-40.4714469909668,-0.045318279415369034,-0.8218911290168762,0.5678391456604004,11.240976333618164,-154.04202270507812,-1.9778261184692383,0.0,0.0,79.3028793334961,0,1,1,1,1,-64.2573471069336,167.7169952392578,17.31719398498535,-21.180696487426758,171.6889190673828,-70.74967193603516,lower,32,2025-11-18T16:25:39.764866,my_hand_data\videos\lower_seq32_20251118_162537_154027.avi,89.78539270971051,360,90,HIGH,VIDEO_RECORDING,2025-11-18T16:25:41.228855
2025-11-18 16:25:39.775257,235,1211,HandType.Left,0.7831447124481201,-99.65391540527344,208.8380889892578,-40.453243255615234,-0.04645513370633125,-0.8216426372528076,0.5681067705154419,8.292943000793457,-150.50718688964844,1.6104235649108887,0.0,0.0,79.52033233642578,0,1,1,1,1,-64.34329223632812,165.9786834716797,17.46901512145996,-21.127708435058594,169.85916137695312,-70.7633056640625,lower,32,2025-11-18T16:25:39.775257,my_hand_data\videos\lower_seq32_20251118_162537_154027.avi,89.78539270971051,360,90,HIGH,VIDEO_RECORDING,2025-11-18T16:25:41.228855
2025-11-18 16:25:39.785471,236,1211,HandType.Left,0.781401515007019,-99.598876953125,207.19520568847656,-40.39444351196289,-0.04808970168232918,-0.8214634656906128,0.5682297945022583,4.902919292449951,-146.34629821777344,5.237707614898682,0.0,0.0,79.87409210205078,0,1,1,1,1,-64.35587310791016,164.27394104003906,17.822343826293945,-21.158971786499023,168.18511962890625,-70.79618835449219,lower,32,2025-11-18T16:25:39.785471,my_hand_data\videos\lower_seq32_20251118_162537_154027.avi,89.78539270971051,360,90,HIGH,VIDEO_RECORDING,2025-11-18T16:25:41.228855
2025-11-18 16:25:39.796018,237,1211,HandType.Left,0.7805005311965942,-99.56085205078125,205.661376953125,-40.32527160644531,-0.049746256321668625,-0.8215863704681396,0.5679094791412354,3.4024486541748047,-137.24378967285156,6.1894917488098145,0.0,0.0,80.03091430664062,0,1,1,1,1,-64.39665222167969,162.66830444335938,17.984901428222656,-21.20948600769043,166.60076904296875,-70.75867462158203,lower,32,2025-11-18T16:25:39.796018,my_hand_data\videos\lower_seq32_20251118_162537_154027.avi,89.78539270971051,360,90,HIGH,VIDEO_RECORDING,2025-11-18T16:25:41.228855
2025-11-18 16:25:39.806292,238,1211,HandType.Left,0.7792587280273438,-99.50457763671875,204.20355224609375,-40.22478485107422,-0.05073914676904678,-0.8215444684028625,0.567882239818573,5.175593376159668,-134.07791137695312,9.241779327392578,0.0,0.0,80.19893646240234,0,1,1,1,1,-64.5291519165039,161.087158203125,18.16381072998047,-21.194591522216797,165.0595245361328,-70.6794662475586,lower,32,2025-11-18T16:25:39.806292,my_hand_data\videos\lower_seq32_20251118_162537_154027.avi,89.78539270971051,360,90,HIGH,VIDEO_RECORDING,2025-11-18T16:25:41.228855
2025-11-18 16:25:39.826739,239,1211,HandType.Left,0.7782405018806458,-99.3226547241211,201.5556640625,-40.044734954833984,-0.05199502035975456,-0.8217846751213074,0.5674208998680115,8.150125503540039,-118.64224243164062,9.045849800109863,0.0,0.0,80.716796875,0,1,1,1,1,-64.91282653808594,157.90367126464844,18.590059280395508,-21.13539695739746,162.07406616210938,-70.50770568847656,lower,32,2025-11-18T16:25:39.826739,my_hand_data\videos\lower_seq32_20251118_162537_154027.avi,89.78539270971051,360,90,HIGH,VIDEO_RECORDING,2025-11-18T16:25:41.228855
2025-11-18 16:25:39.830570,240,1211,HandType.Left,0.7782405018806458,-99.3226547241211,201.5556640625,-40.044734954833984,-0.05199502035975456,-0.8217846751213074,0.5674208998680115,8.150125503540039,-118.64224243164062,9.045849800109863,0.0,0.0,80.716796875,0,1,1,1,1,-64.91282653808594,157.90367126464844,18.590059280395508,-21.13539695739746,162.07406616210938,-70.50770568847656,lower,32,2025-11-18T16:25:39.830570,my_hand_data\videos\lower_seq32_20251118_162537_154027.avi,89.78539270971051,360,90,HIGH,VIDEO_RECORDING,2025-11-18T16:25:41.228855
2025-11-18 16:25:39.847114,241,1211,HandType.Left,0.7774454355239868,-99.28494262695312,200.367431640625,-39.95975875854492,-0.05422074347734451,-0.8222506642341614,0.5665368437767029,3.4031779766082764,-107.23147583007812,7.668681621551514,0.0,0.0,81.00543212890625,0,1,1,1,1,-65.09717559814453,156.5341033935547,18.860551834106445,-21.127826690673828,160.7105712890625,-70.43016815185547,lower,32,2025-11-18T16:25:39.847114,my_hand_data\videos\lower_seq32_20251118_162537_154027.avi,89.78539270971051,360,90,HIGH,VIDEO_RECORDING,2025-11-18T16:25:41.228855
2025-11-18 16:25:39.851182,242,1211,HandType.Left,0.7767941951751709,-99.27635192871094,199.2323760986328,-39.88340377807617,-0.05510738492012024,-0.8226045966148376,0.5659371614456177,0.7731549739837646,-102.09127807617188,6.867531776428223,0.0,0.0,81.16585540771484,0,1,1,1,1,-65.19164276123047,155.29135131835938,19.027835845947266,-21.146371841430664,159.410888671875,-70.339111328125,lower,32,2025-11-18T16:25:39.851182,my_hand_data\videos\lower_seq32_20251118_162537_154027.avi,89.78539270971051,360,90,HIGH,VIDEO_RECORDING,2025-11-18T16:25:41.228855
2025-11-18 16:25:39.867796,243,1211,HandType.Left,0.7775001525878906,-99.33598327636719,197.0861358642578,-39.73187255859375,-0.0553647018969059,-0.8237078785896301,0.5643049478530884,-2.113607883453369,-97.1144790649414,8.031112670898438,0.0,0.0,81.50188446044922,0,1,1,1,1,-65.28399658203125,153.0040740966797,19.37993621826172,-21.196029663085938,157.2711181640625,-70.18272399902344,lower,32,2025-11-18T16:25:39.867796,my_hand_data\videos\lower_seq32_20251118_162537_154027.avi,89.78539270971051,360,90,HIGH,VIDEO_RECORDING,2025-11-18T16:25:41.228855
2025-11-18 16:25:39.867796,244,1211,HandType.Left,0.7775001525878906,-99.33598327636719,197.0861358642578,-39.73187255859375,-0.0553647018969059,-0.8237078785896301,0.5643049478530884,-2.113607883453369,-97.1144790649414,8.031112670898438,0.0,0.0,81.50188446044922,0,1,1,1,1,-65.28399658203125,153.0040740966797,19.37993621826172,-21.196029663085938,157.2711181640625,-70.18272399902344,lower,32,2025-11-18T16:25:39.867796,my_hand_data\videos\lower_seq32_20251118_162537_154027.avi,89.78539270971051,360,90,HIGH,VIDEO_RECORDING,2025-11-18T16:25:41.228855
2025-11-18 16:25:39.888550,245,1211,HandType.Left,0.7781172394752502,-99.3951416015625,196.0881805419922,-39.62238311767578,-0.055858463048934937,-0.8238967657089233,0.5639804005622864,-5.328278064727783,-89.88252258300781,9.861244201660156,0.0,0.0,81.56697845458984,0,1,1,1,1,-65.29653930664062,152.03668212890625,19.5441837310791,-21.234317779541016,156.34107971191406,-70.1010971069336,lower,32,2025-11-18T16:25:39.888550,my_hand_data\videos\lower_seq32_20251118_162537_154027.avi,89.78539270971051,360,90,HIGH,VIDEO_RECORDING,2025-11-18T16:25:41.228855
2025-11-18 16:25:39.898617,246,1211,HandType.Left,0.7787290811538696,-99.45482635498047,195.1902618408203,-39.55674743652344,-0.05601273104548454,-0.8239370584487915,0.5639062523841858,-5.313657760620117,-79.94194030761719,5.843326568603516,0.0,0.0,81.66544342041016,0,1,1,1,1,-65.27500915527344,151.18267822265625,19.715007781982422,-21.261699676513672,155.47164916992188,-70.0277099609375,lower,32,2025-11-18T16:25:39.898617,my_hand_data\videos\lower_seq32_20251118_162537_154027.avi,89.78539270971051,360,90,HIGH,VIDEO_RECORDING,2025-11-18T16:25:41.228855
2025-11-18 16:25:39.908972,247,1211,HandType.Left,0.7791596055030823,-99.52198791503906,194.3245391845703,-39.474571228027344,-0.05576743558049202,-0.824029803276062,0.5637950301170349,-6.150501728057861,-79.28620147705078,7.526268482208252,0.0,0.0,81.75314331054688,0,1,1,1,1,-65.28488159179688,150.32862854003906,19.88693618774414,-21.304704666137695,154.63209533691406,-69.90512084960938,lower,32,2025-11-18T16:25:39.908972,my_hand_data\videos\lower_seq32_20251118_162537_154027.avi,89.78539270971051,360,90,HIGH,VIDEO_RECORDING,2025-11-18T16:25:41.228855
2025-11-18 16:25:39.919145,248,1211,HandType.Left,0.7792224884033203,-99.60051727294922,193.5079345703125,-39.379493713378906,-0.054950010031461716,-0.8239577412605286,0.5639806389808655,-6.920228004455566,-71.9608154296875,8.3780517578125,0.0,0.0,81.80316925048828,0,1,1,1,1,-65.3295669555664,149.51730346679688,19.99399757385254,-21.383962631225586,153.84695434570312,-69.80699920654297,lower,32,2025-11-18T16:25:39.919145,my_hand_data\videos\lower_seq32_20251118_162537_154027.avi,89.78539270971051,360,90,HIGH,VIDEO_RECORDING,2025-11-18T16:25:41.228855
2025-11-18 16:25:39.929519,249,1211,HandType.Left,0.7784371972084045,-99.6839828491211,192.6978302001953,-39.29526901245117,-0.05426911264657974,-0.8241055607795715,0.563830554485321,-7.631896018981934,-74.07011413574219,7.70106840133667,0.0,0.0,81.89549255371094,0,1,1,1,1,-65.41891479492188,148.6441650390625,20.103029251098633,-21.486669540405273,153.01002502441406,-69.7183609008789,lower,32,2025-11-18T16:25:39.929519,my_hand_data\videos\lower_seq32_20251118_162537_154027.avi,89.78539270971051,360,90,HIGH,VIDEO_RECORDING,2025-11-18T16:25:41.228855
2025-11-18 16:25:39.939932,250,1211,HandType.Left,0.7784261107444763,-99.73747253417969,191.93292236328125,-39.223182678222656,-0.05388711020350456,-0.8243553042411804,0.5635019540786743,-4.799321174621582,-68.63788604736328,6.468478202819824,0.0,0.0,81.95926666259766,0,1,1,1,1,-65.47509765625,147.7973175048828,20.186256408691406,-21.561115264892578,152.14013671875,-69.63518524169922,lower,32,2025-11-18T16:25:39.939932,my_hand_data\videos\lower_seq32_20251118_162537_154027.avi,89.78539270971051,360,90,HIGH,VIDEO_RECORDING,2025-11-18T16:25:41.228855
2025-11-18 16:25:39.950381,251,1211,HandType.Left,0.7779102921485901,-99.76305389404297,191.11819458007812,-39.132083892822266,-0.053575024008750916,-0.8247978687286377,0.5628837943077087,-2.3191041946411133,-73.84501647949219,8.257061958312988,0.0,0.0,82.09193420410156,0,1,1,1,1,-65.60869598388672,146.7908477783203,20.283836364746094,-21.60916519165039,151.26498413085938,-69.59390258789062,lower,32,2025-11-18T16:25:39.950381,my_hand_data\videos\lower_seq32_20251118_162537_154027.avi,89.78539270971051,360,90,HIGH,VIDEO_RECORDING,2025-11-18T16:25:41.228855
2025-11-18 16:25:39.970672,252,1211,HandType.Left,0.7758252024650574,-99.85448455810547,189.47052001953125,-39.017906188964844,-0.0533205009996891,-0.8267977833747864,0.5599664449691772,-2.4200632572174072,-75.27831268310547,4.485589981079102,0.0,0.0,82.47554779052734,0,1,1,1,1,-65.8895034790039,144.81069946289062,20.5877685546875,-21.734350204467773,149.45126342773438,-69.44351959228516,lower,32,2025-11-18T16:25:39.970672,my_hand_data\videos\lower_seq32_20251118_162537_154027.avi,89.78539270971051,360,90,HIGH,VIDEO_RECORDING,2025-11-18T16:25:41.228855
2025-11-18 16:25:39.970672,253,1211,HandType.Left,0.7758252024650574,-99.85448455810547,189.47052001953125,-39.017906188964844,-0.0533205009996891,-0.8267977833747864,0.5599664449691772,-2.4200632572174072,-75.27831268310547,4.485589981079102,0.0,0.0,82.47554779052734,0,1,1,1,1,-65.8895034790039,144.81069946289062,20.5877685546875,-21.734350204467773,149.45126342773438,-69.44351959228516,lower,32,2025-11-18T16:25:39.970672,my_hand_data\videos\lower_seq32_20251118_162537_154027.avi,89.78539270971051,360,90,HIGH,VIDEO_RECORDING,2025-11-18T16:25:41.228855
2025-11-18 16:25:39.991153,254,1211,HandType.Left,0.7736974358558655,-99.9319839477539,187.7316131591797,-38.83967971801758,-0.05471630394458771,-0.8290859460830688,0.5564374923706055,-1.624599575996399,-82.40084075927734,10.258488655090332,0.0,0.0,82.85594940185547,0,1,1,1,1,-66.23150634765625,142.87413024902344,20.995765686035156,-21.87785530090332,147.57891845703125,-69.24693298339844,lower,32,2025-11-18T16:25:39.991153,my_hand_data\videos\lower_seq32_20251118_162537_154027.avi,89.78539270971051,360,90,HIGH,VIDEO_RECORDING,2025-11-18T16:25:41.228855
2025-11-18 16:25:39.991153,255,1211,HandType.Left,0.7736974358558655,-99.9319839477539,187.7316131591797,-38.83967971801758,-0.05471630394458771,-0.8290859460830688,0.5564374923706055,-1.624599575996399,-82.40084075927734,10.258488655090332,0.0,0.0,82.85594940185547,0,1,1,1,1,-66.23150634765625,142.87413024902344,20.995765686035156,-21.87785530090332,147.57891845703125,-69.24693298339844,lower,32,2025-11-18T16:25:39.991153,my_hand_data\videos\lower_seq32_20251118_162537_154027.avi,89.78539270971051,360,90,HIGH,VIDEO_RECORDING,2025-11-18T16:25:41.228855
2025-11-18 16:25:40.011196,256,1211,HandType.Left,0.7721594572067261,-99.92529296875,186.77227783203125,-38.74953079223633,-0.05551396310329437,-0.8305025100708008,0.5542416572570801,0.5936119556427002,-85.08568572998047,7.995247840881348,0.0,0.0,83.1189193725586,0,1,1,1,1,-66.46446990966797,141.7340087890625,21.227243423461914,-21.92756462097168,146.55487060546875,-69.13690948486328,lower,32,2025-11-18T16:25:40.011196,my_hand_data\videos\lower_seq32_20251118_162537_154027.avi,89.78539270971051,360,90,HIGH,VIDEO_RECORDING,2025-11-18T16:25:41.228855
2025-11-18 16:25:40.021236,257,1211,HandType.Left,0.7701897025108337,-99.94799041748047,185.77127075195312,-38.63079833984375,-0.05605776607990265,-0.8316032886505127,0.5525336861610413,-2.071362257003784,-91.34117126464844,10.834421157836914,0.0,0.0,83.29338836669922,0,1,1,1,1,-66.72429656982422,140.50204467773438,21.419368743896484,-22.04079246520996,145.29396057128906,-68.95111846923828,lower,32,2025-11-18T16:25:40.021236,my_hand_data\videos\lower_seq32_20251118_162537_154027.avi,89.78539270971051,360,90,HIGH,VIDEO_RECORDING,2025-11-18T16:25:41.228855
2025-11-18 16:25:40.031521,258,1211,HandType.Left,0.7685565948486328,-99.98387145996094,184.7650146484375,-38.523887634277344,-0.05595961585640907,-0.832628071308136,0.5509981513023376,-3.1884260177612305,-89.4209213256836,9.500569343566895,0.0,0.0,83.55431365966797,0,1,1,1,1,-66.9538345336914,139.29234313964844,21.68442726135254,-22.16142463684082,144.13967895507812,-68.79759979248047,lower,32,2025-11-18T16:25:40.031521,my_hand_data\videos\lower_seq32_20251118_162537_154027.avi,89.78539270971051,360,90,HIGH,VIDEO_RECORDING,2025-11-18T16:25:41.228855
2025-11-18 16:25:40.042004,259,1211,HandType.Left,0.7664791941642761,-100.06396484375,183.8135223388672,-38.43918991088867,-0.0562584325671196,-0.8335115909576416,0.5496302247047424,-7.260761260986328,-86.2554702758789,7.678008079528809,0.0,0.0,83.80413055419922,0,1,1,1,1,-67.18013000488281,138.19366455078125,21.911535263061523,-22.307188034057617,143.09523010253906,-68.71742248535156,lower,32,2025-11-18T16:25:40.042004,my_hand_data\videos\lower_seq32_20251118_162537_154027.avi,89.78539270971051,360,90,HIGH,VIDEO_RECORDING,2025-11-18T16:25:41.228855
2025-11-18 16:25:40.052054,260,1211,HandType.Left,0.7648859024047852,-100.18404388427734,182.91983032226562,-38.348323822021484,-0.056840088218450546,-0.8340977430343628,0.5486803650856018,-10.696125984191895,-79.6094741821289,8.094547271728516,0.0,0.0,83.92571258544922,0,1,1,1,1,-67.45849609375,137.2129669189453,22.052518844604492,-22.48602294921875,142.1488494873047,-68.6280746459961,lower,32,2025-11-18T16:25:40.052054,my_hand_data\videos\lower_seq32_20251118_162537_154027.avi,89.78539270971051,360,90,HIGH,VIDEO_RECORDING,2025-11-18T16:25:41.228855
2025-11-18 16:25:40.062425,261,1211,HandType.Left,0.7634954452514648,-100.31394958496094,182.0678253173828,-38.23097229003906,-0.057414546608924866,-0.8345504403114319,0.5479317307472229,-11.668102264404297,-76.52324676513672,10.539854049682617,0.0,0.0,84.0564956665039,0,1,1,1,1,-67.67889404296875,136.2739715576172,22.246551513671875,-22.661178588867188,141.2393798828125,-68.49640655517578,lower,32,2025-11-18T16:25:40.062425,my_hand_data\videos\lower_seq32_20251118_162537_154027.avi,89.78539270971051,360,90,HIGH,VIDEO_RECORDING,2025-11-18T16:25:41.228855
2025-11-18 16:25:40.082944,262,1211,HandType.Left,0.7612110376358032,-100.50566864013672,180.31689453125,-38.0303955078125,-0.05928044393658638,-0.8364609479904175,0.5448108315467834,-9.240776062011719,-77.4448013305664,8.72696304321289,0.0,0.0,84.25430297851562,0,1,1,1,1,-68.02244567871094,134.40863037109375,22.5574893951416,-22.92127227783203,139.36329650878906,-68.16028594970703,lower,32,2025-11-18T16:25:40.082944,my_hand_data\videos\lower_seq32_20251118_162537_154027.avi,89.78539270971051,360,90,HIGH,VIDEO_RECORDING,2025-11-18T16:25:41.228855
2025-11-18 16:25:40.082944,263,1211,HandType.Left,0.7612110376358032,-100.50566864013672,180.31689453125,-38.0303955078125,-0.05928044393658638,-0.8364609479904175,0.5448108315467834,-9.240776062011719,-77.4448013305664,8.72696304321289,0.0,0.0,84.25430297851562,0,1,1,1,1,-68.02244567871094,134.40863037109375,22.5574893951416,-22.92127227783203,139.36329650878906,-68.16028594970703,lower,32,2025-11-18T16:25:40.082944,my_hand_data\videos\lower_seq32_20251118_162537_154027.avi,89.78539270971051,360,90,HIGH,VIDEO_RECORDING,2025-11-18T16:25:41.228855
2025-11-18 16:25:40.103350,264,1211,HandType.Left,0.7594979405403137,-100.58071899414062,178.521484375,-37.89209747314453,-0.060168661177158356,-0.8378928899765015,0.5425083041191101,-2.18039870262146,-84.79389190673828,6.523339748382568,0.0,0.0,84.52422332763672,0,1,1,1,1,-68.1607437133789,132.56167602539062,22.915332794189453,-23.112117767333984,137.4641571044922,-67.95716094970703,lower,32,2025-11-18T16:25:40.103350,my_hand_data\videos\lower_seq32_20251118_162537_154027.avi,89.78539270971051,360,90,HIGH,VIDEO_RECORDING,2025-11-18T16:25:41.228855
2025-11-18 16:25:40.103350,265,1211,HandType.Left,0.7594979405403137,-100.58071899414062,178.521484375,-37.89209747314453,-0.060168661177158356,-0.8378928899765015,0.5425083041191101,-2.18039870262146,-84.79389190673828,6.523339748382568,0.0,0.0,84.52422332763672,0,1,1,1,1,-68.1607437133789,132.56167602539062,22.915332794189453,-23.112117767333984,137.4641571044922,-67.95716094970703,lower,32,2025-11-18T16:25:40.103350,my_hand_data\videos\lower_seq32_20251118_162537_154027.avi,89.78539270971051,360,90,HIGH,VIDEO_RECORDING,2025-11-18T16:25:41.228855
2025-11-18 16:25:40.123605,266,1211,HandType.Left,0.7586483359336853,-100.62771606445312,176.73291015625,-37.70100402832031,-0.06080404296517372,-0.8387327194213867,0.5411379337310791,-3.5623795986175537,-78.85499572753906,7.951053619384766,0.0,0.0,84.74160766601562,0,1,1,1,1,-68.19735717773438,130.70205688476562,23.25537872314453,-23.281335830688477,135.6405029296875,-67.76351928710938,lower,32,2025-11-18T16:25:40.123605,my_hand_data\videos\lower_seq32_20251118_162537_154027.avi,89.78539270971051,360,90,HIGH,VIDEO_RECORDING,2025-11-18T16:25:41.228855
2025-11-18 16:25:40.126121,267,1211,HandType.Left,0.7586483359336853,-100.62771606445312,176.73291015625,-37.70100402832031,-0.06080404296517372,-0.8387327194213867,0.5411379337310791,-3.5623795986175537,-78.85499572753906,7.951053619384766,0.0,0.0,84.74160766601562,0,1,1,1,1,-68.19735717773438,130.70205688476562,23.25537872314453,-23.281335830688477,135.6405029296875,-67.76351928710938,lower,32,2025-11-18T16:25:40.126121,my_hand_data\videos\lower_seq32_20251118_162537_154027.avi,89.78539270971051,360,90,HIGH,VIDEO_RECORDING,2025-11-18T16:25:41.228855
2025-11-18 16:25:40.144070,268,1211,HandType.Left,0.757817268371582,-100.6998519897461,175.9522247314453,-37.585105895996094,-0.06070698797702789,-0.8395498394966125,0.5398802757263184,-6.29856014251709,-68.16401672363281,10.119450569152832,0.0,0.0,84.82341003417969,0,1,1,1,1,-68.21599578857422,129.83399963378906,23.392677307128906,-23.414306640625,134.85723876953125,-67.65034484863281,lower,32,2025-11-18T16:25:40.144070,my_hand_data\videos\lower_seq32_20251118_162537_154027.avi,89.78539270971051,360,90,HIGH,VIDEO_RECORDING,2025-11-18T16:25:41.228855
2025-11-18 16:25:40.154180,269,1211,HandType.Left,0.7573771476745605,-100.76841735839844,175.1688995361328,-37.47930145263672,-0.05993322655558586,-0.8403413891792297,0.5387340188026428,-6.257632255554199,-71.4906005859375,9.656217575073242,0.0,0.0,84.88423919677734,0,1,1,1,1,-68.28439331054688,128.98638916015625,23.476913452148438,-23.552507400512695,134.11024475097656,-67.55400848388672,lower,32,2025-11-18T16:25:40.154180,my_hand_data\videos\lower_seq32_20251118_162537_154027.avi,89.78539270971051,360,90,HIGH,VIDEO_RECORDING,2025-11-18T16:25:41.228855
2025-11-18 16:25:40.164316,270,1211,HandType.Left,0.7567237615585327,-100.80992126464844,174.4163818359375,-37.41629409790039,-0.05992712080478668,-0.8413682579994202,0.5371295809745789,-3.7082204818725586,-67.23164367675781,5.629390239715576,0.0,0.0,84.93048095703125,0,1,1,1,1,-68.32633209228516,128.10000610351562,23.531187057495117,-23.66729164123535,133.34576416015625,-67.47173309326172,lower,32,2025-11-18T16:25:40.164316,my_hand_data\videos\lower_seq32_20251118_162537_154027.avi,89.78539270971051,360,90,HIGH,VIDEO_RECORDING,2025-11-18T16:25:41.228855
2025-11-18 16:25:40.174402,271,1211,HandType.Left,0.7556818127632141,-100.83191680908203,173.6591796875,-37.391910552978516,-0.06039030849933624,-0.8425905108451843,0.5351581573486328,-1.9697480201721191,-67.80754089355469,2.183425188064575,0.0,0.0,85.04000091552734,0,1,1,1,1,-68.34475708007812,127.1778335571289,23.594867706298828,-23.804359436035156,132.5395050048828,-67.43701171875,lower,32,2025-11-18T16:25:40.174402,my_hand_data\videos\lower_seq32_20251118_162537_154027.avi,89.78539270971051,360,90,HIGH,VIDEO_RECORDING,2025-11-18T16:25:41.228855
2025-11-18 16:25:40.184708,272,1211,HandType.Left,0.7544060349464417,-100.89222717285156,172.9445037841797,-37.37919235229492,-0.060784757137298584,-0.8435608744621277,0.5335825085639954,-5.578295707702637,-66.09971618652344,1.1764357089996338,0.0,0.0,85.1314697265625,0,1,1,1,1,-68.41314697265625,126.2806625366211,23.629840850830078,-23.991249084472656,131.7694854736328,-67.43421936035156,lower,32,2025-11-18T16:25:40.184708,my_hand_data\videos\lower_seq32_20251118_162537_154027.avi,89.78539270971051,360,90,HIGH,VIDEO_RECORDING,2025-11-18T16:25:41.228855
2025-11-18 16:25:40.194957,273,1211,HandType.Left,0.754123866558075,-100.9754409790039,172.22471618652344,-37.386817932128906,-0.061114996671676636,-0.8448840975761414,0.5314468741416931,-7.49434232711792,-64.82866668701172,-0.6870273947715759,0.0,0.0,85.2353286743164,0,1,1,1,1,-68.51268005371094,125.47594451904297,23.678802490234375,-24.165109634399414,130.96774291992188,-67.4154281616211,lower,32,2025-11-18T16:25:40.194957,my_hand_data\videos\lower_seq32_20251118_162537_154027.avi,89.78539270971051,360,90,HIGH,VIDEO_RECORDING,2025-11-18T16:25:41.228855
2025-11-18 16:25:40.215336,274,1211,HandType.Left,0.752531111240387,-101.14695739746094,170.74569702148438,-37.39359664916992,-0.06067945435643196,-0.8464833498001099,0.528946042060852,-8.367746353149414,-66.1293716430664,0.06157708540558815,0.0,0.0,85.57009887695312,0,1,1,1,1,-68.77733612060547,123.82659149169922,23.926794052124023,-24.461538314819336,129.39096069335938,-67.33985137939453,lower,32,2025-11-18T16:25:40.215336,my_hand_data\videos\lower_seq32_20251118_162537_154027.avi,89.78539270971051,360,90,HIGH,VIDEO_RECORDING,2025-11-18T16:25:41.228855
2025-11-18 16:25:40.215336,275,1211,HandType.Left,0.752531111240387,-101.14695739746094,170.74569702148438,-37.39359664916992,-0.06067945435643196,-0.8464833498001099,0.528946042060852,-8.367746353149414,-66.1293716430664,0.06157708540558815,0.0,0.0,85.57009887695312,0,1,1,1,1,-68.77733612060547,123.82659149169922,23.926794052124023,-24.461538314819336,129.39096069335938,-67.33985137939453,lower,32,2025-11-18T16:25:40.215336,my_hand_data\videos\lower_seq32_20251118_162537_154027.avi,89.78539270971051,360,90,HIGH,VIDEO_RECORDING,2025-11-18T16:25:41.228855
2025-11-18 16:25:40.236137,276,1211,HandType.Left,0.7519009709358215,-101.30123901367188,170.1062774658203,-37.383541107177734,-0.060618408024311066,-0.8469704985618591,0.5281727313995361,-13.95209789276123,-57.82426452636719,0.90924471616745,0.0,0.0,85.77947998046875,0,1,1,1,1,-68.96991729736328,123.12632751464844,24.12660026550293,-24.644023895263672,128.7236328125,-67.28978729248047,lower,32,2025-11-18T16:25:40.236137,my_hand_data\videos\lower_seq32_20251118_162537_154027.avi,89.78539270971051,360,90,HIGH,VIDEO_RECORDING,2025-11-18T16:25:41.228855
2025-11-18 16:25:40.236137,277,1211,HandType.Left,0.7512105107307434,-101.3736801147461,169.40939331054688,-37.360145568847656,-0.06090383231639862,-0.8474516272544861,0.5273674726486206,-6.51798677444458,-62.70265197753906,2.105064868927002,0.0,0.0,85.92052459716797,0,1,1,1,1,-69.0985336303711,122.39974975585938,24.281091690063477,-24.78434181213379,127.99234771728516,-67.22161865234375,lower,32,2025-11-18T16:25:40.236137,my_hand_data\videos\lower_seq32_20251118_162537_154027.avi,89.78539270971051,360,90,HIGH,VIDEO_RECORDING,2025-11-18T16:25:41.228855
2025-11-18 16:25:40.256957,278,1211,HandType.Left,0.7499744892120361,-101.53153991699219,168.157470703125,-37.29126739501953,-0.06272795051336288,-0.8485739827156067,0.5253450274467468,-6.106137752532959,-56.32770919799805,2.7298223972320557,0.0,0.0,86.29489135742188,0,1,1,1,1,-69.2886962890625,121.25040435791016,24.826574325561523,-25.059492111206055,126.63249969482422,-67.00967407226562,lower,32,2025-11-18T16:25:40.256957,my_hand_data\videos\lower_seq32_20251118_162537_154027.avi,89.78539270971051,360,90,HIGH,VIDEO_RECORDING,2025-11-18T16:25:41.228855
2025-11-18 16:25:40.266977,279,1211,HandType.Left,0.7499744892120361,-101.53153991699219,168.157470703125,-37.29126739501953,-0.06272795051336288,-0.8485739827156067,0.5253450274467468,-6.106137752532959,-56.32770919799805,2.7298223972320557,0.0,0.0,86.29489135742188,0,1,1,1,1,-69.2886962890625,121.25040435791016,24.826574325561523,-25.059492111206055,126.63249969482422,-67.00967407226562,lower,32,2025-11-18T16:25:40.266977,my_hand_data\videos\lower_seq32_20251118_162537_154027.avi,89.78539270971051,360,90,HIGH,VIDEO_RECORDING,2025-11-18T16:25:41.228855
2025-11-18 16:25:40.277491,280,1211,HandType.Left,0.7499793171882629,-101.6835708618164,167.5621337890625,-37.27707290649414,-0.06394148617982864,-0.8489623665809631,0.524570643901825,-13.717421531677246,-53.715789794921875,1.2809240818023682,0.0,0.0,86.28628540039062,0,1,1,1,1,-69.50833129882812,120.707763671875,24.903711318969727,-25.28947639465332,125.90013122558594,-66.79984283447266,lower,32,2025-11-18T16:25:40.277491,my_hand_data\videos\lower_seq32_20251118_162537_154027.avi,89.78539270971051,360,90,HIGH,VIDEO_RECORDING,2025-11-18T16:25:41.228855
2025-11-18 16:25:40.287971,281,1211,HandType.Left,0.7502895593643188,-101.85102844238281,167.0126190185547,-37.31363296508789,-0.06556998193264008,-0.8494680523872375,0.5235499739646912,-14.660797119140625,-48.11002731323242,-3.2009189128875732,0.0,0.0,86.32705688476562,0,1,1,1,1,-69.66937255859375,120.21613311767578,25.000158309936523,-25.49713897705078,125.2669677734375,-66.68054962158203,lower,32,2025-11-18T16:25:40.287971,my_hand_data\videos\lower_seq32_20251118_162537_154027.avi,89.78539270971051,360,90,HIGH,VIDEO_RECORDING,2025-11-18T16:25:41.228855
2025-11-18 16:25:40.298274,282,1211,HandType.Left,0.750039279460907,-102.02850341796875,166.49127197265625,-37.364715576171875,-0.06632554531097412,-0.8496243953704834,0.5232009887695312,-16.489791870117188,-48.4383430480957,-4.745970249176025,0.0,0.0,86.37580108642578,0,1,1,1,1,-69.84214782714844,119.73535919189453,25.058128356933594,-25.721088409423828,124.63514709472656,-66.598876953125,lower,32,2025-11-18T16:25:40.298274,my_hand_data\videos\lower_seq32_20251118_162537_154027.avi,89.78539270971051,360,90,HIGH,VIDEO_RECORDING,2025-11-18T16:25:41.228855
2025-11-18 16:25:40.308557,283,1211,HandType.Left,0.7504809498786926,-102.20275115966797,166.02406311035156,-37.455570220947266,-0.06702455878257751,-0.8496540784835815,0.5230637192726135,-15.667961120605469,-42.01164245605469,-8.169726371765137,0.0,0.0,86.50963592529297,0,1,1,1,1,-70.02371978759766,119.31769561767578,25.18324089050293,-25.902732849121094,124.10710906982422,-66.51692199707031,lower,32,2025-11-18T16:25:40.308557,my_hand_data\videos\lower_seq32_20251118_162537_154027.avi,89.78539270971051,360,90,HIGH,VIDEO_RECORDING,2025-11-18T16:25:41.228855
2025-11-18 16:25:40.329037,284,1211,HandType.Left,0.7506504058837891,-102.54681396484375,165.19183349609375,-37.5854377746582,-0.06842672824859619,-0.8492923974990845,0.5234693884849548,-16.125965118408203,-34.25147247314453,-5.3647847175598145,0.0,0.0,86.6735610961914,0,1,1,1,1,-70.40476989746094,118.64693450927734,25.361112594604492,-26.330686569213867,123.1146011352539,-66.47743225097656,lower,32,2025-11-18T16:25:40.329037,my_hand_data\videos\lower_seq32_20251118_162537_154027.avi,89.78539270971051,360,90,HIGH,VIDEO_RECORDING,2025-11-18T16:25:41.228855
2025-11-18 16:25:40.333054,285,1211,HandType.Left,0.7506504058837891,-102.54681396484375,165.19183349609375,-37.5854377746582,-0.06842672824859619,-0.8492923974990845,0.5234693884849548,-16.125965118408203,-34.25147247314453,-5.3647847175598145,0.0,0.0,86.6735610961914,0,1,1,1,1,-70.40476989746094,118.64693450927734,25.361112594604492,-26.330686569213867,123.1146011352539,-66.47743225097656,lower,32,2025-11-18T16:25:40.333054,my_hand_data\videos\lower_seq32_20251118_162537_154027.avi,89.78539270971051,360,90,HIGH,VIDEO_RECORDING,2025-11-18T16:25:41.228855
2025-11-18 16:25:40.339115,286,1211,HandType.Left,0.750566303730011,-102.7546157836914,164.89044189453125,-37.60332107543945,-0.06886186450719833,-0.8490261435508728,0.5238441228866577,-18.389219284057617,-26.672258377075195,-1.582552433013916,0.0,0.0,86.6859359741211,0,1,1,1,1,-70.68196105957031,118.3404312133789,25.363367080688477,-26.620506286621094,122.63909149169922,-66.43175506591797,lower,32,2025-11-18T16:25:40.339115,my_hand_data\videos\lower_seq32_20251118_162537_154027.avi,89.78539270971051,360,90,HIGH,VIDEO_RECORDING,2025-11-18T16:25:41.228855
2025-11-18 16:25:40.359660,287,1211,HandType.Left,0.7502073645591736,-103.24976348876953,164.30386352539062,-37.60547637939453,-0.06932488083839417,-0.8486425280570984,0.5244043469429016,-23.520919799804688,-27.686960220336914,-0.8913851976394653,0.0,0.0,86.71424865722656,0,1,1,1,1,-71.28538513183594,117.71366119384766,25.39577293395996,-27.143814086914062,121.9301528930664,-66.30000305175781,lower,32,2025-11-18T16:25:40.359660,my_hand_data\videos\lower_seq32_20251118_162537_154027.avi,89.78539270971051,360,90,HIGH,VIDEO_RECORDING,2025-11-18T16:25:41.228855
2025-11-18 16:25:40.363544,288,1211,HandType.Left,0.7502073645591736,-103.24976348876953,164.30386352539062,-37.60547637939453,-0.06932488083839417,-0.8486425280570984,0.5244043469429016,-23.520919799804688,-27.686960220336914,-0.8913851976394653,0.0,0.0,86.71424865722656,0,1,1,1,1,-71.28538513183594,117.71366119384766,25.39577293395996,-27.143814086914062,121.9301528930664,-66.30000305175781,lower,32,2025-11-18T16:25:40.363544,my_hand_data\videos\lower_seq32_20251118_162537_154027.avi,89.78539270971051,360,90,HIGH,VIDEO_RECORDING,2025-11-18T16:25:41.228855
2025-11-18 16:25:40.380642,289,1211,HandType.Left,0.7494315505027771,-103.73859405517578,163.56239318847656,-37.578269958496094,-0.06949149817228317,-0.848469078540802,0.5246629118919373,-21.555402755737305,-38.856773376464844,3.887605667114258,0.0,0.0,86.88333129882812,0,1,1,1,1,-71.85426330566406,116.94384765625,25.58171844482422,-27.65883445739746,121.12149810791016,-66.17221069335938,lower,32,2025-11-18T16:25:40.380642,my_hand_data\videos\lower_seq32_20251118_162537_154027.avi,89.78539270971051,360,90,HIGH,VIDEO_RECORDING,2025-11-18T16:25:41.228855
2025-11-18 16:25:40.380642,290,1211,HandType.Left,0.7494315505027771,-103.73859405517578,163.56239318847656,-37.578269958496094,-0.06949149817228317,-0.848469078540802,0.5246629118919373,-21.555402755737305,-38.856773376464844,3.887605667114258,0.0,0.0,86.88333129882812,0,1,1,1,1,-71.85426330566406,116.94384765625,25.58171844482422,-27.65883445739746,121.12149810791016,-66.17221069335938,lower,32,2025-11-18T16:25:40.380642,my_hand_data\videos\lower_seq32_20251118_162537_154027.avi,89.78539270971051,360,90,HIGH,VIDEO_RECORDING,2025-11-18T16:25:41.228855
2025-11-18 16:25:40.401010,291,1211,HandType.Left,0.7487866878509521,-104.02432250976562,163.1493682861328,-37.52113723754883,-0.06952448189258575,-0.8484452366828918,0.5246970653533936,-25.59564971923828,-36.99929428100586,5.1180901527404785,0.0,0.0,86.92574310302734,0,1,1,1,1,-72.1797866821289,116.53634643554688,25.716371536254883,-27.98567771911621,120.54012298583984,-65.93944549560547,lower,32,2025-11-18T16:25:40.401010,my_hand_data\videos\lower_seq32_20251118_162537_154027.avi,89.78539270971051,360,90,HIGH,VIDEO_RECORDING,2025-11-18T16:25:41.228855
2025-11-18 16:25:40.404555,292,1211,HandType.Left,0.7472255229949951,-104.30899047851562,162.67173767089844,-37.490692138671875,-0.06996934860944748,-0.8483843803405762,0.5247363448143005,-25.369306564331055,-42.56593322753906,2.713012456893921,0.0,0.0,87.01483917236328,0,1,1,1,1,-72.50213623046875,116.08440399169922,25.888399124145508,-28.284475326538086,119.9161148071289,-65.73152160644531,lower,32,2025-11-18T16:25:40.404555,my_hand_data\videos\lower_seq32_20251118_162537_154027.avi,89.78539270971051,360,90,HIGH,VIDEO_RECORDING,2025-11-18T16:25:41.228855
2025-11-18 16:25:40.421410,293,1211,HandType.Left,0.7464120388031006,-104.71862030029297,162.1780548095703,-37.434085845947266,-0.06966561824083328,-0.8480345010757446,0.5253419876098633,-36.18640899658203,-43.61225509643555,5.000560760498047,0.0,0.0,87.04444122314453,0,1,1,1,1,-72.99057006835938,115.62470245361328,26.05363655090332,-28.706058502197266,119.28817749023438,-65.41532135009766,lower,32,2025-11-18T16:25:40.421410,my_hand_data\videos\lower_seq32_20251118_162537_154027.avi,89.78539270971051,360,90,HIGH,VIDEO_RECORDING,2025-11-18T16:25:41.228855
2025-11-18 16:25:40.431164,294,1211,HandType.Left,0.7447118759155273,-105.14932250976562,161.6915740966797,-37.34339141845703,-0.06897568702697754,-0.8475918769836426,0.5261467099189758,-39.13691711425781,-44.204898834228516,8.241385459899902,0.0,0.0,87.121337890625,0,1,1,1,1,-73.47637176513672,115.20387268066406,26.25908660888672,-29.151968002319336,118.70645141601562,-65.16486358642578,lower,32,2025-11-18T16:25:40.431164,my_hand_data\videos\lower_seq32_20251118_162537_154027.avi,89.78539270971051,360,90,HIGH,VIDEO_RECORDING,2025-11-18T16:25:41.228855
2025-11-18 16:25:40.441423,295,1211,HandType.Left,0.7420755624771118,-105.5667495727539,161.17477416992188,-37.22234344482422,-0.06814515590667725,-0.847278892993927,0.5267587304115295,-38.100738525390625,-47.170745849609375,11.048364639282227,0.0,0.0,87.1531982421875,0,1,1,1,1,-73.9367904663086,114.78131866455078,26.445667266845703,-29.623695373535156,118.0519790649414,-64.86433410644531,lower,32,2025-11-18T16:25:40.441423,my_hand_data\videos\lower_seq32_20251118_162537_154027.avi,89.78539270971051,360,90,HIGH,VIDEO_RECORDING,2025-11-18T16:25:41.228855
2025-11-18 16:25:40.451635,296,1211,HandType.Left,0.7393088340759277,-106.02503204345703,160.68832397460938,-37.11576461791992,-0.06760358065366745,-0.8470585346221924,0.5271826982498169,-40.972434997558594,-43.49190139770508,9.528763771057129,0.0,0.0,87.1748046875,0,1,1,1,1,-74.4111328125,114.39115142822266,26.60116958618164,-30.149154663085938,117.44038391113281,-64.67089080810547,lower,32,2025-11-18T16:25:40.451635,my_hand_data\videos\lower_seq32_20251118_162537_154027.avi,89.78539270971051,360,90,HIGH,VIDEO_RECORDING,2025-11-18T16:25:41.228855
2025-11-18 16:25:40.461662,297,1211,HandType.Left,0.7368395924568176,-106.42977142333984,160.11659240722656,-37.00478744506836,-0.06724663823843002,-0.8470099568367004,0.5273063778877258,-37.12220764160156,-52.437278747558594,10.178679466247559,0.0,0.0,87.09491729736328,0,1,1,1,1,-74.83041381835938,113.84759521484375,26.63198471069336,-30.66722297668457,116.72492218017578,-64.45838165283203,lower,32,2025-11-18T16:25:40.461662,my_hand_data\videos\lower_seq32_20251118_162537_154027.avi,89.78539270971051,360,90,HIGH,VIDEO_RECORDING,2025-11-18T16:25:41.228855
2025-11-18 16:25:40.481891,298,1211,HandType.Left,0.7341357469558716,-107.18866729736328,158.9487762451172,-36.86715316772461,-0.06819001585245132,-0.8465913534164429,0.52785724401474,-32.553802490234375,-54.15876388549805,4.258251190185547,0.0,0.0,86.95701599121094,0,1,1,1,1,-75.67252349853516,112.77392578125,26.638221740722656,-31.567737579345703,115.46257019042969,-64.25619506835938,lower,32,2025-11-18T16:25:40.481891,my_hand_data\videos\lower_seq32_20251118_162537_154027.avi,89.78539270971051,360,90,HIGH,VIDEO_RECORDING,2025-11-18T16:25:41.228855
2025-11-18 16:25:40.485204,299,1211,HandType.Left,0.7341357469558716,-107.18866729736328,158.9487762451172,-36.86715316772461,-0.06819001585245132,-0.8465913534164429,0.52785724401474,-32.553802490234375,-54.15876388549805,4.258251190185547,0.0,0.0,86.95701599121094,0,1,1,1,1,-75.67252349853516,112.77392578125,26.638221740722656,-31.567737579345703,115.46257019042969,-64.25619506835938,lower,32,2025-11-18T16:25:40.485204,my_hand_data\videos\lower_seq32_20251118_162537_154027.avi,89.78539270971051,360,90,HIGH,VIDEO_RECORDING,2025-11-18T16:25:41.228855
2025-11-18 16:25:40.502097,300,1211,HandType.Left,0.734050452709198,-107.93318939208984,157.5974884033203,-36.8980598449707,-0.07050148397684097,-0.8459656238555908,0.5285562872886658,-35.68924331665039,-57.8304443359375,-2.2963438034057617,0.0,0.0,86.90503692626953,0,1,1,1,1,-76.56586456298828,111.48487091064453,26.576242446899414,-32.306575775146484,114.0649642944336,-64.21752166748047,lower,32,2025-11-18T16:25:40.502097,my_hand_data\videos\lower_seq32_20251118_162537_154027.avi,89.78539270971051,360,90,HIGH,VIDEO_RECORDING,2025-11-18T16:25:41.228855
2025-11-18 16:25:40.502097,301,1211,HandType.Left,0.734050452709198,-107.93318939208984,157.5974884033203,-36.8980598449707,-0.07050148397684097,-0.8459656238555908,0.5285562872886658,-35.68924331665039,-57.8304443359375,-2.2963438034057617,0.0,0.0,86.90503692626953,0,1,1,1,1,-76.56586456298828,111.48487091064453,26.576242446899414,-32.306575775146484,114.0649642944336,-64.21752166748047,lower,32,2025-11-18T16:25:40.502097,my_hand_data\videos\lower_seq32_20251118_162537_154027.avi,89.78539270971051,360,90,HIGH,VIDEO_RECORDING,2025-11-18T16:25:41.228855
2025-11-18 16:25:40.522370,302,1211,HandType.Left,0.7329604029655457,-108.29325866699219,156.90524291992188,-36.94599533081055,-0.07150206714868546,-0.8455830216407776,0.5290338397026062,-32.50300216674805,-62.48768615722656,-4.327200412750244,0.0,0.0,86.93009185791016,0,1,1,1,1,-77.0160903930664,110.78730773925781,26.519149780273438,-32.668731689453125,113.4240493774414,-64.3542709350586,lower,32,2025-11-18T16:25:40.522370,my_hand_data\videos\lower_seq32_20251118_162537_154027.avi,89.78539270971051,360,90,HIGH,VIDEO_RECORDING,2025-11-18T16:25:41.228855
2025-11-18 16:25:40.532547,303,1211,HandType.Left,0.73275226354599,-108.7020034790039,156.2304229736328,-37.01008987426758,-0.07263307273387909,-0.845370352268219,0.5292196273803711,-36.03144073486328,-59.48707962036133,-5.650140762329102,0.0,0.0,86.99274444580078,0,1,1,1,1,-77.48133850097656,110.14978790283203,26.47661018371582,-33.09309387207031,112.8747329711914,-64.52447509765625,lower,32,2025-11-18T16:25:40.532547,my_hand_data\videos\lower_seq32_20251118_162537_154027.avi,89.78539270971051,360,90,HIGH,VIDEO_RECORDING,2025-11-18T16:25:41.228855
2025-11-18 16:25:40.542803,304,1211,HandType.Left,0.7318733930587769,-109.12897491455078,155.58038330078125,-37.06806564331055,-0.07336979359388351,-0.844974935054779,0.5297492146492004,-38.98222351074219,-59.34880447387695,-5.293073654174805,0.0,0.0,87.06307983398438,0,1,1,1,1,-78.01885223388672,109.52530670166016,26.437625885009766,-33.576568603515625,112.36334228515625,-64.72394561767578,lower,32,2025-11-18T16:25:40.542803,my_hand_data\videos\lower_seq32_20251118_162537_154027.avi,89.78539270971051,360,90,HIGH,VIDEO_RECORDING,2025-11-18T16:25:41.228855
2025-11-18 16:25:40.553304,305,1211,HandType.Left,0.7301909923553467,-109.57180786132812,154.89352416992188,-37.13423156738281,-0.07355324923992157,-0.8443724513053894,0.5306836366653442,-40.20685958862305,-62.36173629760742,-6.007251262664795,0.0,0.0,87.18326568603516,0,1,1,1,1,-78.50675201416016,108.90117645263672,26.423969268798828,-34.113502502441406,111.9482192993164,-65.00920104980469,lower,32,2025-11-18T16:25:40.553304,my_hand_data\videos\lower_seq32_20251118_162537_154027.avi,89.78539270971051,360,90,HIGH,VIDEO_RECORDING,2025-11-18T16:25:41.228855
2025-11-18 16:25:40.563652,306,1211,HandType.Left,0.7296069264411926,-110.0,154.20240783691406,-37.198421478271484,-0.07367584854364395,-0.843879222869873,0.5314505696296692,-38.54428482055664,-62.212127685546875,-5.778380393981934,0.0,0.0,87.40717315673828,0,1,1,1,1,-78.93877410888672,108.35181427001953,26.492877960205078,-34.574398040771484,111.70392608642578,-65.41778564453125,lower,32,2025-11-18T16:25:40.563652,my_hand_data\videos\lower_seq32_20251118_162537_154027.avi,89.78539270971051,360,90,HIGH,VIDEO_RECORDING,2025-11-18T16:25:41.228855
2025-11-18 16:25:40.573941,307,1211,HandType.Left,0.728568971157074,-110.44991302490234,153.48924255371094,-37.289363861083984,-0.07415733486413956,-0.8435178995132446,0.5319569706916809,-40.58769607543945,-64.3359375,-8.204163551330566,0.0,0.0,87.59388732910156,0,1,1,1,1,-79.36882781982422,107.85073852539062,26.52760887145996,-35.10090637207031,111.45539855957031,-65.89271545410156,lower,32,2025-11-18T16:25:40.573941,my_hand_data\videos\lower_seq32_20251118_162537_154027.avi,89.78539270971051,360,90,HIGH,VIDEO_RECORDING,2025-11-18T16:25:41.228855
2025-11-18 16:25:40.584387,308,1211,HandType.Left,0.7268827557563782,-110.95943450927734,152.82493591308594,-37.368873596191406,-0.07423467189073563,-0.8428180813789368,0.5330542922019958,-45.403602600097656,-59.19717025756836,-7.085104942321777,0.0,0.0,87.72058868408203,0,1,1,1,1,-79.75420379638672,107.43563842773438,26.496774673461914,-35.6472282409668,111.38656616210938,-66.46939849853516,lower,32,2025-11-18T16:25:40.584387,my_hand_data\videos\lower_seq32_20251118_162537_154027.avi,89.78539270971051,360,90,HIGH,VIDEO_RECORDING,2025-11-18T16:25:41.228855
2025-11-18 16:25:40.594788,309,1211,HandType.Left,0.7244855165481567,-111.38590240478516,152.14161682128906,-37.4155387878418,-0.07368668913841248,-0.8420522809028625,0.5343390703201294,-38.65388107299805,-61.9343147277832,-4.229595184326172,0.0,0.0,87.95916748046875,0,1,1,1,1,-80.05603790283203,106.96947479248047,26.521093368530273,-36.16379165649414,111.26382446289062,-67.23145294189453,lower,32,2025-11-18T16:25:40.594788,my_hand_data\videos\lower_seq32_20251118_162537_154027.avi,89.78539270971051,360,90,HIGH,VIDEO_RECORDING,2025-11-18T16:25:41.228855
2025-11-18 16:25:40.615279,310,1211,HandType.Left,0.7181840538978577,-112.11726379394531,150.82366943359375,-37.617496490478516,-0.07261911034584045,-0.84153151512146,0.5353047251701355,-32.642635345458984,-60.337364196777344,-7.569840908050537,0.0,0.0,88.54047393798828,0,1,1,1,1,-80.22856903076172,106.0729751586914,26.569482803344727,-37.20804214477539,110.99810791015625,-68.9449462890625,lower,32,2025-11-18T16:25:40.615279,my_hand_data\videos\lower_seq32_20251118_162537_154027.avi,89.78539270971051,360,90,HIGH,VIDEO_RECORDING,2025-11-18T16:25:41.228855
2025-11-18 16:25:40.620460,311,1211,HandType.Left,0.7181840538978577,-112.11726379394531,150.82366943359375,-37.617496490478516,-0.07261911034584045,-0.84153151512146,0.5353047251701355,-32.642635345458984,-60.337364196777344,-7.569840908050537,0.0,0.0,88.54047393798828,0,1,1,1,1,-80.22856903076172,106.0729751586914,26.569482803344727,-37.20804214477539,110.99810791015625,-68.9449462890625,lower,32,2025-11-18T16:25:40.620460,my_hand_data\videos\lower_seq32_20251118_162537_154027.avi,89.78539270971051,360,90,HIGH,VIDEO_RECORDING,2025-11-18T16:25:41.228855
2025-11-18 16:25:40.636037,312,1211,HandType.Left,0.7116098403930664,-112.80648040771484,149.28773498535156,-37.69647979736328,-0.07113701850175858,-0.8419522643089294,0.5348419547080994,-28.357158660888672,-74.82565307617188,-4.165280818939209,0.0,0.0,88.97061920166016,0,1,1,1,1,-80.23506164550781,105.06625366210938,26.65635871887207,-38.4410400390625,110.51625061035156,-70.57225799560547,lower,32,2025-11-18T16:25:40.636037,my_hand_data\videos\lower_seq32_20251118_162537_154027.avi,89.78539270971051,360,90,HIGH,VIDEO_RECORDING,2025-11-18T16:25:41.228855
2025-11-18 16:25:40.639957,313,1211,HandType.Left,0.7116098403930664,-112.80648040771484,149.28773498535156,-37.69647979736328,-0.07113701850175858,-0.8419522643089294,0.5348419547080994,-28.357158660888672,-74.82565307617188,-4.165280818939209,0.0,0.0,88.97061920166016,0,1,1,1,1,-80.23506164550781,105.06625366210938,26.65635871887207,-38.4410400390625,110.51625061035156,-70.57225799560547,lower,32,2025-11-18T16:25:40.639957,my_hand_data\videos\lower_seq32_20251118_162537_154027.avi,89.78539270971051,360,90,HIGH,VIDEO_RECORDING,2025-11-18T16:25:41.228855
2025-11-18 16:25:40.656406,314,1211,HandType.Left,0.7096129059791565,-113.14157104492188,148.6458282470703,-37.80996322631836,-0.0714966431260109,-0.8423354625701904,0.5341902375221252,-30.391183853149414,-58.216922760009766,-10.292196273803711,0.0,0.0,89.06399536132812,0,1,1,1,1,-80.38121795654297,104.61109924316406,26.624065399169922,-39.042362213134766,110.06871032714844,-71.13983917236328,lower,32,2025-11-18T16:25:40.656406,my_hand_data\videos\lower_seq32_20251118_162537_154027.avi,89.78539270971051,360,90,HIGH,VIDEO_RECORDING,2025-11-18T16:25:41.228855
2025-11-18 16:25:40.656406,315,1211,HandType.Left,0.7071191072463989,-113.4056167602539,147.95175170898438,-37.94401550292969,-0.07237938046455383,-0.842642605304718,0.5335866212844849,-23.923782348632812,-62.886837005615234,-12.145657539367676,0.0,0.0,89.13021087646484,1,1,1,1,1,-80.49444580078125,103.99746704101562,26.575952529907227,-39.48522186279297,109.46026611328125,-71.4875717163086,lower,32,2025-11-18T16:25:40.656406,my_hand_data\videos\lower_seq32_20251118_162537_154027.avi,89.78539270971051,360,90,HIGH,VIDEO_RECORDING,2025-11-18T16:25:41.228855
2025-11-18 16:25:40.676788,316,1211,HandType.Left,0.7062345743179321,-113.72837829589844,147.3477020263672,-38.06937789916992,-0.07331200689077377,-0.8427672386169434,0.5332623720169067,-28.540334701538086,-53.41228103637695,-11.085232734680176,0.0,0.0,89.20503234863281,1,1,1,1,1,-80.66969299316406,103.53388214111328,26.558122634887695,-39.89199447631836,108.95624542236328,-71.80008697509766,lower,32,2025-11-18T16:25:40.676788,my_hand_data\videos\lower_seq32_20251118_162537_154027.avi,89.78539270971051,360,90,HIGH,VIDEO_RECORDING,2025-11-18T16:25:41.228855
2025-11-18 16:25:40.687054,317,1211,HandType.Left,0.7055884003639221,-114.07379913330078,146.770263671875,-38.21921157836914,-0.07370176166296005,-0.842639684677124,0.5334101915359497,-31.21125602722168,-52.17765808105469,-13.538752555847168,0.0,0.0,89.24702453613281,1,1,1,1,1,-80.86907196044922,103.13227081298828,26.508960723876953,-40.3236083984375,108.54731750488281,-72.05550384521484,lower,32,2025-11-18T16:25:40.687054,my_hand_data\videos\lower_seq32_20251118_162537_154027.avi,89.78539270971051,360,90,HIGH,VIDEO_RECORDING,2025-11-18T16:25:41.228855
2025-11-18 16:25:40.697526,318,1211,HandType.Left,0.7057739496231079,-114.33489990234375,146.18960571289062,-38.321529388427734,-0.07461440563201904,-0.8425835371017456,0.5333719253540039,-23.382043838500977,-51.997802734375,-9.162520408630371,0.0,0.0,89.24510955810547,1,1,1,1,1,-80.90984344482422,102.68748474121094,26.49319839477539,-40.66904067993164,108.01121520996094,-72.17241668701172,lower,32,2025-11-18T16:25:40.697526,my_hand_data\videos\lower_seq32_20251118_162537_154027.avi,89.78539270971051,360,90,HIGH,VIDEO_RECORDING,2025-11-18T16:25:41.228855
2025-11-18 16:25:40.707555,319,1211,HandType.Left,0.7055052518844604,-114.6627426147461,145.73062133789062,-38.41402053833008,-0.07587303221225739,-0.8425226211547852,0.5332906246185303,-29.489927291870117,-41.28618621826172,-8.319746017456055,0.0,0.0,89.20618438720703,1,1,1,1,1,-81.02324676513672,102.3023910522461,26.412397384643555,-41.11488723754883,107.62816619873047,-72.40098571777344,lower,32,2025-11-18T16:25:40.707555,my_hand_data\videos\lower_seq32_20251118_162537_154027.avi,89.78539270971051,360,90,HIGH,VIDEO_RECORDING,2025-11-18T16:25:41.228855
2025-11-18 16:25:40.717743,320,1211,HandType.Left,0.7050302624702454,-115.01646423339844,145.32460021972656,-38.534332275390625,-0.07703017443418503,-0.8427737951278687,0.5327275991439819,-32.40367126464844,-37.195167541503906,-11.02176570892334,0.0,0.0,89.15980529785156,1,1,1,1,1,-81.15631866455078,101.95429992675781,26.30553436279297,-41.49494171142578,107.24100494384766,-72.49675750732422,lower,32,2025-11-18T16:25:40.717743,my_hand_data\videos\lower_seq32_20251118_162537_154027.avi,89.78539270971051,360,90,HIGH,VIDEO_RECORDING,2025-11-18T16:25:41.228855
2025-11-18 16:25:40.738239,321,1211,HandType.Left,0.7054833769798279,-115.65043640136719,144.53952026367188,-38.75161361694336,-0.07847405225038528,-0.8431635499000549,0.5318994522094727,-27.783510208129883,-36.52970886230469,-9.104104995727539,0.0,0.0,89.0851821899414,1,1,1,1,1,-81.63121032714844,101.21780395507812,26.07421112060547,-42.188255310058594,106.34915161132812,-72.58052825927734,lower,32,2025-11-18T16:25:40.738239,my_hand_data\videos\lower_seq32_20251118_162537_154027.avi,89.78539270971051,360,90,HIGH,VIDEO_RECORDING,2025-11-18T16:25:41.228855
2025-11-18 16:25:40.738239,322,1211,HandType.Left,0.7054833769798279,-115.65043640136719,144.53952026367188,-38.75161361694336,-0.07847405225038528,-0.8431635499000549,0.5318994522094727,-27.783510208129883,-36.52970886230469,-9.104104995727539,0.0,0.0,89.0851821899414,1,1,1,1,1,-81.63121032714844,101.21780395507812,26.07421112060547,-42.188255310058594,106.34915161132812,-72.58052825927734,lower,32,2025-11-18T16:25:40.738239,my_hand_data\videos\lower_seq32_20251118_162537_154027.avi,89.78539270971051,360,90,HIGH,VIDEO_RECORDING,2025-11-18T16:25:41.228855
2025-11-18 16:25:40.758997,323,1211,HandType.Left,0.7065021395683289,-116.25137329101562,143.69593811035156,-38.89487838745117,-0.07923926413059235,-0.843288004398346,0.531588613986969,-25.18820571899414,-42.371944427490234,-4.93897819519043,0.0,0.0,89.04568481445312,1,1,1,1,1,-82.14591217041016,100.34965515136719,25.891843795776367,-42.85722351074219,105.43429565429688,-72.69618225097656,lower,32,2025-11-18T16:25:40.758997,my_hand_data\videos\lower_seq32_20251118_162537_154027.avi,89.78539270971051,360,90,HIGH,VIDEO_RECORDING,2025-11-18T16:25:41.228855
2025-11-18 16:25:40.758997,324,1211,HandType.Left,0.7065021395683289,-116.25137329101562,143.69593811035156,-38.89487838745117,-0.07923926413059235,-0.843288004398346,0.531588613986969,-25.18820571899414,-42.371944427490234,-4.93897819519043,0.0,0.0,89.04568481445312,1,1,1,1,1,-82.14591217041016,100.34965515136719,25.891843795776367,-42.85722351074219,105.43429565429688,-72.69618225097656,lower,32,2025-11-18T16:25:40.758997,my_hand_data\videos\lower_seq32_20251118_162537_154027.avi,89.78539270971051,360,90,HIGH,VIDEO_RECORDING,2025-11-18T16:25:41.228855
2025-11-18 16:25:40.779228,325,1211,HandType.Left,0.7065766453742981,-116.73562622070312,142.72845458984375,-38.8862419128418,-0.08001147210597992,-0.8427343964576721,0.5323503613471985,-24.51599884033203,-40.26982879638672,3.0270164012908936,0.0,0.0,89.04684448242188,1,1,1,1,1,-82.50056457519531,99.44088745117188,25.90179443359375,-43.44630813598633,104.54285430908203,-72.80654907226562,lower,32,2025-11-18T16:25:40.779228,my_hand_data\videos\lower_seq32_20251118_162537_154027.avi,89.78539270971051,360,90,HIGH,VIDEO_RECORDING,2025-11-18T16:25:41.228855
2025-11-18 16:25:40.785735,326,1211,HandType.Left,0.7065766453742981,-116.73562622070312,142.72845458984375,-38.8862419128418,-0.08001147210597992,-0.8427343964576721,0.5323503613471985,-24.51599884033203,-40.26982879638672,3.0270164012908936,0.0,0.0,89.04684448242188,1,1,1,1,1,-82.50056457519531,99.44088745117188,25.90179443359375,-43.44630813598633,104.54285430908203,-72.80654907226562,lower,32,2025-11-18T16:25:40.785735,my_hand_data\videos\lower_seq32_20251118_162537_154027.avi,89.78539270971051,360,90,HIGH,VIDEO_RECORDING,2025-11-18T16:25:41.228855
2025-11-18 16:25:40.799820,327,1211,HandType.Left,0.7054035663604736,-116.97039031982422,142.24484252929688,-38.84587097167969,-0.07968461513519287,-0.8424383997917175,0.5328676700592041,-21.230010986328125,-43.73329162597656,3.6508395671844482,0.0,0.0,89.0850830078125,1,1,1,1,1,-82.58861541748047,99.00772857666016,25.95136260986328,-43.708168029785156,104.14169311523438,-72.88695526123047,lower,32,2025-11-18T16:25:40.799820,my_hand_data\videos\lower_seq32_20251118_162537_154027.avi,89.78539270971051,360,90,HIGH,VIDEO_RECORDING,2025-11-18T16:25:41.228855
2025-11-18 16:25:40.809847,328,1211,HandType.Left,0.7037845253944397,-117.2092514038086,141.83645629882812,-38.804866790771484,-0.07950164377689362,-0.8421871662139893,0.5332918763160706,-21.534618377685547,-36.818965911865234,3.6967051029205322,0.0,0.0,89.16394805908203,1,1,1,1,1,-82.69648742675781,98.67156219482422,26.06586456298828,-44.00239181518555,103.78770446777344,-72.95849609375,lower,32,2025-11-18T16:25:40.809847,my_hand_data\videos\lower_seq32_20251118_162537_154027.avi,89.78539270971051,360,90,HIGH,VIDEO_RECORDING,2025-11-18T16:25:41.228855
2025-11-18 16:25:40.819961,329,1211,HandType.Left,0.7013777494430542,-117.42511749267578,141.4160614013672,-38.73042297363281,-0.07953938096761703,-0.8419679403305054,0.5336323976516724,-19.38618278503418,-37.75383377075195,6.685494899749756,0.0,0.0,89.20014190673828,1,1,1,1,1,-82.79997253417969,98.29092407226562,26.164907455444336,-44.34265899658203,103.37014770507812,-72.96760559082031,lower,32,2025-11-18T16:25:40.819961,my_hand_data\videos\lower_seq32_20251118_162537_154027.avi,89.78539270971051,360,90,HIGH,VIDEO_RECORDING,2025-11-18T16:25:41.228855
2025-11-18 16:25:40.830507,330,1211,HandType.Left,0.6987589001655579,-117.60401153564453,140.88755798339844,-38.663368225097656,-0.07912173122167587,-0.8416445851325989,0.5342042446136475,-16.22481346130371,-47.93193435668945,6.081506252288818,0.0,0.0,89.2447509765625,1,1,1,1,1,-82.86422729492188,97.83625793457031,26.25115966796875,-44.621578216552734,102.92597961425781,-73.02165985107422,lower,32,2025-11-18T16:25:40.830507,my_hand_data\videos\lower_seq32_20251118_162537_154027.avi,89.78539270971051,360,90,HIGH,VIDEO_RECORDING,2025-11-18T16:25:41.228855
2025-11-18 16:25:40.840541,331,1211,HandType.Left,0.6956409215927124,-117.7427978515625,140.3058319091797,-38.571624755859375,-0.07857941836118698,-0.8415709733963013,0.5344001650810242,-12.396469116210938,-51.959224700927734,8.194332122802734,0.0,0.0,89.37409973144531,1,1,1,1,1,-82.89710998535156,97.37353515625,26.439611434936523,-44.95253372192383,102.43880462646484,-73.15336608886719,lower,32,2025-11-18T16:25:40.840541,my_hand_data\videos\lower_seq32_20251118_162537_154027.avi,89.78539270971051,360,90,HIGH,VIDEO_RECORDING,2025-11-18T16:25:41.228855
2025-11-18 16:25:40.850998,332,1211,HandType.Left,0.6928361654281616,-117.88385009765625,139.7166748046875,-38.50922393798828,-0.07812362909317017,-0.8415727019309998,0.5344642996788025,-12.709552764892578,-53.086700439453125,5.622775077819824,0.0,0.0,89.45606231689453,1,1,1,1,1,-82.95459747314453,96.89363861083984,26.55769157409668,-45.203460693359375,101.92723846435547,-73.1657943725586,lower,32,2025-11-18T16:25:40.850998,my_hand_data\videos\lower_seq32_20251118_162537_154027.avi,89.78539270971051,360,90,HIGH,VIDEO_RECORDING,2025-11-18T16:25:41.228855
2025-11-18 16:25:40.861365,333,1211,HandType.Left,0.6903437972068787,-118.01777648925781,139.15513610839844,-38.47010040283203,-0.07758558541536331,-0.8417463302612305,0.5342692136764526,-11.987615585327148,-50.26279067993164,3.50195050239563,0.0,0.0,89.51783752441406,1,1,1,1,1,-82.9864730834961,96.39279174804688,26.60872459411621,-45.46877670288086,101.41883850097656,-73.20995330810547,lower,32,2025-11-18T16:25:40.861365,my_hand_data\videos\lower_seq32_20251118_162537_154027.avi,89.78539270971051,360,90,HIGH,VIDEO_RECORDING,2025-11-18T16:25:41.228855
2025-11-18 16:25:40.881560,334,1211,HandType.Left,0.6847874522209167,-118.2890853881836,138.1935577392578,-38.33665466308594,-0.07652868330478668,-0.8425420522689819,0.5331662893295288,-8.89362907409668,-45.352176666259766,5.5755133628845215,0.0,0.0,89.68600463867188,1,1,1,1,1,-83.0898666381836,95.52847290039062,26.760574340820312,-46.03800964355469,100.66305541992188,-73.44566345214844,lower,32,2025-11-18T16:25:40.881560,my_hand_data\videos\lower_seq32_20251118_162537_154027.avi,89.78539270971051,360,90,HIGH,VIDEO_RECORDING,2025-11-18T16:25:41.228855
2025-11-18 16:25:40.885266,335,1211,HandType.Left,0.6847874522209167,-118.2890853881836,138.1935577392578,-38.33665466308594,-0.07652868330478668,-0.8425420522689819,0.5331662893295288,-8.89362907409668,-45.352176666259766,5.5755133628845215,0.0,0.0,89.68600463867188,1,1,1,1,1,-83.0898666381836,95.52847290039062,26.760574340820312,-46.03800964355469,100.66305541992188,-73.44566345214844,lower,32,2025-11-18T16:25:40.885266,my_hand_data\videos\lower_seq32_20251118_162537_154027.avi,89.78539270971051,360,90,HIGH,VIDEO_RECORDING,2025-11-18T16:25:41.228855
2025-11-18 16:25:40.901898,336,1211,HandType.Left,0.6828718781471252,-118.38240051269531,137.72023010253906,-38.31424331665039,-0.07570508867502213,-0.8428272008895874,0.5328330397605896,-8.127886772155762,-41.22749328613281,1.9523037672042847,0.0,0.0,89.79617309570312,1,1,1,1,1,-83.15169525146484,95.10309600830078,26.767656326293945,-46.31815719604492,100.3616714477539,-73.76036071777344,lower,32,2025-11-18T16:25:40.901898,my_hand_data\videos\lower_seq32_20251118_162537_154027.avi,89.78539270971051,360,90,HIGH,VIDEO_RECORDING,2025-11-18T16:25:41.228855
2025-11-18 16:25:40.901898,337,1211,HandType.Left,0.6811758279800415,-118.4856948852539,137.2799835205078,-38.34470748901367,-0.07485868036746979,-0.8428837060928345,0.5328632593154907,-9.596711158752441,-40.90306091308594,-2.8304107189178467,0.0,0.0,89.87230682373047,1,1,1,1,1,-83.2745132446289,94.70358276367188,26.715669631958008,-46.5381965637207,99.99349975585938,-73.90409851074219,lower,32,2025-11-18T16:25:40.901898,my_hand_data\videos\lower_seq32_20251118_162537_154027.avi,89.78539270971051,360,90,HIGH,VIDEO_RECORDING,2025-11-18T16:25:41.228855
2025-11-18 16:25:40.922298,338,1211,HandType.Left,0.6791840195655823,-118.60197448730469,136.8958740234375,-38.46638870239258,-0.07441458106040955,-0.8427414894104004,0.5331502556800842,-10.54325008392334,-34.82786560058594,-11.032940864562988,0.0,0.0,89.9097671508789,1,1,1,1,1,-83.46644592285156,94.41718292236328,26.55470085144043,-46.783416748046875,99.61183166503906,-74.05526733398438,lower,32,2025-11-18T16:25:40.922298,my_hand_data\videos\lower_seq32_20251118_162537_154027.avi,89.78539270971051,360,90,HIGH,VIDEO_RECORDING,2025-11-18T16:25:41.228855
2025-11-18 16:25:40.932445,339,1211,HandType.Left,0.6768419742584229,-118.67961883544922,136.47389221191406,-38.55638122558594,-0.07412645220756531,-0.8422151803970337,0.5340213775634766,-6.946532726287842,-37.75410079956055,-8.05151081085205,0.0,0.0,89.96483612060547,1,1,1,1,1,-83.71121215820312,94.1164321899414,26.42508888244629,-46.97713851928711,99.21524047851562,-74.23696899414062,lower,32,2025-11-18T16:25:40.932445,my_hand_data\videos\lower_seq32_20251118_162537_154027.avi,89.78539270971051,360,90,HIGH,VIDEO_RECORDING,2025-11-18T16:25:41.228855
2025-11-18 16:25:40.942628,340,1211,HandType.Left,0.6752399206161499,-118.75634765625,136.09262084960938,-38.55196762084961,-0.07401157170534134,-0.8416865468025208,0.5348701477050781,-6.855615139007568,-34.06343078613281,0.3943105936050415,0.0,0.0,89.99190521240234,1,1,1,1,1,-83.941650390625,93.84929656982422,26.293289184570312,-47.18168640136719,98.8663558959961,-74.35691833496094,lower,32,2025-11-18T16:25:40.942628,my_hand_data\videos\lower_seq32_20251118_162537_154027.avi,89.78539270971051,360,90,HIGH,VIDEO_RECORDING,2025-11-18T16:25:41.228855
2025-11-18 16:25:40.952802,341,1211,HandType.Left,0.6725401282310486,-118.8604507446289,135.74444580078125,-38.550506591796875,-0.07351173460483551,-0.8412749767303467,0.5355861186981201,-9.229625701904297,-30.869346618652344,0.1294887214899063,0.0,0.0,90.0313491821289,1,1,1,1,1,-84.21729278564453,93.55777740478516,26.18494987487793,-47.395423889160156,98.56043243408203,-74.46681213378906,lower,32,2025-11-18T16:25:40.952802,my_hand_data\videos\lower_seq32_20251118_162537_154027.avi,89.78539270971051,360,90,HIGH,VIDEO_RECORDING,2025-11-18T16:25:41.228855
2025-11-18 16:25:40.962997,342,1211,HandType.Left,0.671287477016449,-118.92294311523438,135.3819122314453,-38.47946548461914,-0.07339660078287125,-0.8409364223480225,0.5361332893371582,-5.7571563720703125,-33.39801025390625,6.544556140899658,0.0,0.0,90.02593994140625,1,1,1,1,1,-84.38737487792969,93.22328186035156,26.10082244873047,-47.52653121948242,98.2281265258789,-74.45877838134766,lower,32,2025-11-18T16:25:40.962997,my_hand_data\videos\lower_seq32_20251118_162537_154027.avi,89.78539270971051,360,90,HIGH,VIDEO_RECORDING,2025-11-18T16:25:41.228855
2025-11-18 16:25:40.973303,343,1211,HandType.Left,0.6699984073638916,-119.02046966552734,135.14413452148438,-38.4161262512207,-0.07344461232423782,-0.8407069444656372,0.5364864468574524,-8.68326187133789,-21.171890258789062,5.639602184295654,0.0,0.0,90.01961517333984,1,1,1,1,1,-84.523681640625,93.01506042480469,26.091310501098633,-47.66980743408203,98.01884460449219,-74.4498062133789,lower,32,2025-11-18T16:25:40.973303,my_hand_data\videos\lower_seq32_20251118_162537_154027.avi,89.78539270971051,360,90,HIGH,VIDEO_RECORDING,2025-11-18T16:25:41.228855
2025-11-18 16:25:40.983725,344,1211,HandType.Left,0.6691390872001648,-119.13235473632812,134.9418182373047,-38.345298767089844,-0.07327757030725479,-0.840736448764801,0.5364630222320557,-9.920836448669434,-17.938995361328125,6.280037879943848,0.0,0.0,89.98005676269531,1,1,1,1,1,-84.64904022216797,92.8302230834961,26.06375503540039,-47.84459686279297,97.87523651123047,-74.45205688476562,lower,32,2025-11-18T16:25:40.983725,my_hand_data\videos\lower_seq32_20251118_162537_154027.avi,89.78539270971051,360,90,HIGH,VIDEO_RECORDING,2025-11-18T16:25:41.228855
2025-11-18 16:25:41.003907,345,1211,HandType.Left,0.6666855812072754,-119.30623626708984,134.5658416748047,-38.267208099365234,-0.07328150421380997,-0.840946614742279,0.5361329913139343,-7.280147552490234,-16.297183990478516,1.279601812362671,0.0,0.0,89.96227264404297,1,1,1,1,1,-84.82056427001953,92.4508285522461,26.040367126464844,-48.18513870239258,97.56655883789062,-74.48715209960938,lower,32,2025-11-18T16:25:41.003907,my_hand_data\videos\lower_seq32_20251118_162537_154027.avi,89.78539270971051,360,90,HIGH,VIDEO_RECORDING,2025-11-18T16:25:41.228855
2025-11-18 16:25:41.003907,346,1211,HandType.Left,0.6666855812072754,-119.30623626708984,134.5658416748047,-38.267208099365234,-0.07328150421380997,-0.840946614742279,0.5361329913139343,-7.280147552490234,-16.297183990478516,1.279601812362671,0.0,0.0,89.96227264404297,1,1,1,1,1,-84.82056427001953,92.4508285522461,26.040367126464844,-48.18513870239258,97.56655883789062,-74.48715209960938,lower,32,2025-11-18T16:25:41.003907,my_hand_data\videos\lower_seq32_20251118_162537_154027.avi,89.78539270971051,360,90,HIGH,VIDEO_RECORDING,2025-11-18T16:25:41.228855
2025-11-18 16:25:41.023972,347,1211,HandType.Left,0.6651264429092407,-119.38566589355469,134.39341735839844,-38.282222747802734,-0.07328276336193085,-0.8409467935562134,0.5361325740814209,-7.233701229095459,-15.702921867370605,-1.3673151731491089,0.0,0.0,89.88310241699219,1,1,1,1,1,-84.93936920166016,92.27635192871094,25.927629470825195,-48.31843948364258,97.3797378540039,-74.4715805053711,lower,32,2025-11-18T16:25:41.023972,my_hand_data\videos\lower_seq32_20251118_162537_154027.avi,89.78539270971051,360,90,HIGH,VIDEO_RECORDING,2025-11-18T16:25:41.228855
2025-11-18 16:25:41.028133,348,1211,HandType.Left,0.6646520495414734,-119.49052429199219,134.24684143066406,-38.32761001586914,-0.07333070039749146,-0.8407368659973145,0.5364551544189453,-9.312346458435059,-13.016874313354492,-4.0308518409729,0.0,0.0,89.85702514648438,1,1,1,1,1,-85.09004974365234,92.13175201416016,25.853015899658203,-48.44620895385742,97.22093200683594,-74.47824096679688,lower,32,2025-11-18T16:25:41.028133,my_hand_data\videos\lower_seq32_20251118_162537_154027.avi,89.78539270971051,360,90,HIGH,VIDEO_RECORDING,2025-11-18T16:25:41.228855
2025-11-18 16:25:41.044446,349,1211,HandType.Left,0.6639284491539001,-119.57638549804688,134.11048889160156,-38.36039733886719,-0.07373208552598953,-0.8404347896575928,0.5368732810020447,-7.641976833343506,-12.135957717895508,-2.918039321899414,0.0,0.0,89.84020233154297,1,1,1,1,1,-85.25505828857422,92.00811767578125,25.798812866210938,-48.57870101928711,97.06948852539062,-74.5123519897461,lower,32,2025-11-18T16:25:41.044446,my_hand_data\videos\lower_seq32_20251118_162537_154027.avi,89.78539270971051,360,90,HIGH,VIDEO_RECORDING,2025-11-18T16:25:41.228855
2025-11-18 16:25:41.054795,350,1211,HandType.Left,0.6632083654403687,-119.64691162109375,133.94686889648438,-38.367530822753906,-0.07386453449726105,-0.8400810956954956,0.5374083518981934,-6.474191665649414,-15.020384788513184,-0.6550406813621521,0.0,0.0,89.83772277832031,1,1,1,1,1,-85.41488647460938,91.8614273071289,25.777299880981445,-48.68792724609375,96.9045639038086,-74.52645111083984,lower,32,2025-11-18T16:25:41.054795,my_hand_data\videos\lower_seq32_20251118_162537_154027.avi,89.78539270971051,360,90,HIGH,VIDEO_RECORDING,2025-11-18T16:25:41.228855
2025-11-18 16:25:41.065226,351,1211,HandType.Left,0.6619775891304016,-119.71920776367188,133.78733825683594,-38.35622787475586,-0.07407092303037643,-0.8396579623222351,0.5380408763885498,-6.498414039611816,-14.339975357055664,1.0159329175949097,0.0,0.0,89.83597564697266,1,1,1,1,1,-85.59750366210938,91.71359252929688,25.764387130737305,-48.78269958496094,96.75817108154297,-74.53702545166016,lower,32,2025-11-18T16:25:41.065226,my_hand_data\videos\lower_seq32_20251118_162537_154027.avi,89.78539270971051,360,90,HIGH,VIDEO_RECORDING,2025-11-18T16:25:41.228855
2025-11-18 16:25:41.075409,352,1211,HandType.Left,0.6610509157180786,-119.7772445678711,133.63177490234375,-38.33515548706055,-0.07428450137376785,-0.8392099142074585,0.5387100577354431,-5.238648414611816,-14.041088104248047,1.9022910594940186,0.0,0.0,89.84719848632812,1,1,1,1,1,-85.76345825195312,91.56242370605469,25.76390266418457,-48.86182403564453,96.61656951904297,-74.56604766845703,lower,32,2025-11-18T16:25:41.075409,my_hand_data\videos\lower_seq32_20251118_162537_154027.avi,89.78539270971051,360,90,HIGH,VIDEO_RECORDING,2025-11-18T16:25:41.228855
2025-11-18 16:25:41.085775,353,1211,HandType.Left,0.6607663631439209,-119.76842498779297,133.44696044921875,-38.29625701904297,-0.07427027076482773,-0.838695228099823,0.5395129919052124,0.768031895160675,-16.095014572143555,3.3872833251953125,0.0,0.0,89.84359741210938,1,1,1,1,1,-85.87973022460938,91.36383056640625,25.765501022338867,-48.886714935302734,96.44355773925781,-74.5731430053711,lower,32,2025-11-18T16:25:41.085775,my_hand_data\videos\lower_seq32_20251118_162537_154027.avi,89.78539270971051,360,90,HIGH,VIDEO_RECORDING,2025-11-18T16:25:41.228855
2025-11-18 16:25:41.096093,354,1211,HandType.Left,0.6603443622589111,-119.76072692871094,133.261474609375,-38.284706115722656,-0.07407765090465546,-0.8381788730621338,0.5403411984443665,0.7177536487579346,-17.283447265625,1.0762735605239868,0.0,0.0,89.84813690185547,1,1,1,1,1,-85.94087219238281,91.17190551757812,25.746755599975586,-48.912925720214844,96.26290893554688,-74.60385131835938,lower,32,2025-11-18T16:25:41.096093,my_hand_data\videos\lower_seq32_20251118_162537_154027.avi,89.78539270971051,360,90,HIGH,VIDEO_RECORDING,2025-11-18T16:25:41.228855
2025-11-18 16:25:41.106279,355,1211,HandType.Left,0.6588886976242065,-119.75543975830078,133.09259033203125,-38.24245834350586,-0.07395733147859573,-0.8378866314888,0.540810763835907,0.4726896584033966,-15.106854438781738,3.7794315814971924,0.0,0.0,89.7889404296875,1,1,1,1,1,-86.0256118774414,90.96125030517578,25.692752838134766,-48.94839096069336,96.09527587890625,-74.58293914794922,lower,32,2025-11-18T16:25:41.106279,my_hand_data\videos\lower_seq32_20251118_162537_154027.avi,89.78539270971051,360,90,HIGH,VIDEO_RECORDING,2025-11-18T16:25:41.228855
2025-11-18 16:25:41.126425,356,1211,HandType.Left,0.6585726141929626,-119.775146484375,132.85797119140625,-38.13044357299805,-0.07500903308391571,-0.8376414775848389,0.5410456657409668,-2.3879451751708984,-8.188375473022461,4.478840351104736,0.0,0.0,89.64471435546875,1,1,1,1,1,-86.09201049804688,90.68479919433594,25.668487548828125,-48.9766960144043,95.78837585449219,-74.3761978149414,lower,32,2025-11-18T16:25:41.126425,my_hand_data\videos\lower_seq32_20251118_162537_154027.avi,89.78539270971051,360,90,HIGH,VIDEO_RECORDING,2025-11-18T16:25:41.228855
2025-11-18 16:25:41.126425,357,1211,HandType.Left,0.6585726141929626,-119.775146484375,132.85797119140625,-38.13044357299805,-0.07500903308391571,-0.8376414775848389,0.5410456657409668,-2.3879451751708984,-8.188375473022461,4.478840351104736,0.0,0.0,89.64471435546875,1,1,1,1,1,-86.09201049804688,90.68479919433594,25.668487548828125,-48.9766960144043,95.78837585449219,-74.3761978149414,lower,32,2025-11-18T16:25:41.126425,my_hand_data\videos\lower_seq32_20251118_162537_154027.avi,89.78539270971051,360,90,HIGH,VIDEO_RECORDING,2025-11-18T16:25:41.228855
2025-11-18 16:25:41.146951,358,1211,HandType.Left,0.6581127047538757,-119.7701644897461,132.6914825439453,-38.077880859375,-0.07596822828054428,-0.8373483419418335,0.5413655042648315,1.6214319467544556,-8.487638473510742,1.262500286102295,0.0,0.0,89.56391143798828,1,1,1,1,1,-86.14937591552734,90.47418212890625,25.660335540771484,-48.987640380859375,95.55044555664062,-74.2220687866211,lower,32,2025-11-18T16:25:41.146951,my_hand_data\videos\lower_seq32_20251118_162537_154027.avi,89.78539270971051,360,90,HIGH,VIDEO_RECORDING,2025-11-18T16:25:41.228855
2025-11-18 16:25:41.150149,359,1211,HandType.Left,0.6581127047538757,-119.7701644897461,132.6914825439453,-38.077880859375,-0.07596822828054428,-0.8373483419418335,0.5413655042648315,1.6214319467544556,-8.487638473510742,1.262500286102295,0.0,0.0,89.56391143798828,1,1,1,1,1,-86.14937591552734,90.47418212890625,25.660335540771484,-48.987640380859375,95.55044555664062,-74.2220687866211,lower,32,2025-11-18T16:25:41.150149,my_hand_data\videos\lower_seq32_20251118_162537_154027.avi,89.78539270971051,360,90,HIGH,VIDEO_RECORDING,2025-11-18T16:25:41.228855
2025-11-18 16:25:41.167304,360,1211,HandType.Left,0.6579464077949524,-119.78135681152344,132.61550903320312,-38.06856918334961,-0.07574000954627991,-0.837141752243042,0.5417168140411377,-0.9970255494117737,-6.76406192779541,0.8288553953170776,0.0,0.0,89.55815887451172,1,1,1,1,1,-86.1737289428711,90.37774658203125,25.634069442749023,-49.02949142456055,95.48355865478516,-74.25664520263672,lower,32,2025-11-18T16:25:41.167304,my_hand_data\videos\lower_seq32_20251118_162537_154027.avi,89.78539270971051,360,90,HIGH,VIDEO_RECORDING,2025-11-18T16:25:41.228855
