timestamp,frame_id,hand_id,hand_type,confidence,palm_x,palm_y,palm_z,palm_normal_x,palm_normal_y,palm_normal_z,palm_velocity_x,palm_velocity_y,palm_velocity_z,grab_strength,pinch_strength,pinch_distance,thumb_extended,index_extended,middle_extended,ring_extended,pinky_extended,thumb_tip_x,thumb_tip_y,thumb_tip_z,index_tip_x,index_tip_y,index_tip_z,gesture_type,sequence_id,recording_timestamp,video_file_path,performance_actual_fps,performance_total_frames,performance_target_fps,performance_quality,performance_mode,video_recording_time
2025-11-18 16:21:47.510846,1,1189,HandType.Right,0.574042022228241,-332.27349853515625,337.34771728515625,41.996437072753906,-0.022026406601071358,-0.9889334440231323,-0.14671553671360016,64.84367370605469,-59.00977325439453,-17.001649856567383,0.0,0.0,51.53071594238281,1,1,1,1,1,-375.7018127441406,331.122802734375,85.54989624023438,-406.8277282714844,314.38165283203125,26.663393020629883,lower,9,2025-11-18T16:21:47.510846,my_hand_data\videos\lower_seq9_20251118_162147_488693.avi,89.81550772020417,360,90,HIGH,VIDEO_RECORDING,2025-11-18T16:21:51.580073
2025-11-18 16:21:47.515568,2,1189,HandType.Right,0.5726504921913147,-331.5584411621094,336.7731628417969,41.88818359375,-0.02155698835849762,-0.9889723062515259,-0.14652320742607117,64.64283752441406,-51.940589904785156,-9.78597640991211,0.0,0.0,51.45894241333008,1,1,1,1,1,-374.9968566894531,330.5149230957031,85.3251953125,-406.4009704589844,314.0811767578125,26.47823715209961,lower,9,2025-11-18T16:21:47.515568,my_hand_data\videos\lower_seq9_20251118_162147_488693.avi,89.81550772020417,360,90,HIGH,VIDEO_RECORDING,2025-11-18T16:21:51.580073
2025-11-18 16:21:47.531642,3,1189,HandType.Right,0.572340190410614,-330.96197509765625,336.2755126953125,41.7875862121582,-0.02197372540831566,-0.9889041185379028,-0.14692115783691406,53.7784538269043,-44.867401123046875,-9.070303916931152,0.0,0.0,51.43927764892578,1,1,1,1,1,-374.3780212402344,329.9374084472656,85.15779876708984,-405.76324462890625,313.63763427734375,26.25063133239746,lower,9,2025-11-18T16:21:47.531642,my_hand_data\videos\lower_seq9_20251118_162147_488693.avi,89.81550772020417,360,90,HIGH,VIDEO_RECORDING,2025-11-18T16:21:51.580073
2025-11-18 16:21:47.535040,4,1189,HandType.Right,0.5747886300086975,-330.31011962890625,335.8312683105469,41.75275802612305,-0.02203952893614769,-0.9889270067214966,-0.14675720036029816,58.81020736694336,-40.082008361816406,-3.1423094272613525,0.0,0.0,51.41345977783203,1,1,1,1,1,-373.79400634765625,329.4837951660156,85.09700012207031,-405.5099182128906,313.7814636230469,26.139663696289062,lower,9,2025-11-18T16:21:47.535040,my_hand_data\videos\lower_seq9_20251118_162147_488693.avi,89.81550772020417,360,90,HIGH,VIDEO_RECORDING,2025-11-18T16:21:51.580073
2025-11-18 16:21:47.552515,5,1189,HandType.Right,0.5757724642753601,-329.70782470703125,335.3914794921875,41.78917694091797,-0.02193506620824337,-0.9888615608215332,-0.14721281826496124,54.00164794921875,-39.4319953918457,3.2654097080230713,0.0,0.0,51.318912506103516,1,1,1,1,1,-373.2348327636719,329.03692626953125,84.99458312988281,-405.4571838378906,314.0903625488281,26.17404556274414,lower,9,2025-11-18T16:21:47.552515,my_hand_data\videos\lower_seq9_20251118_162147_488693.avi,89.81550772020417,360,90,HIGH,VIDEO_RECORDING,2025-11-18T16:21:51.580073
2025-11-18 16:21:47.558017,6,1189,HandType.Right,0.5791187882423401,-329.10455322265625,335.02593994140625,41.79183578491211,-0.02145470306277275,-0.9888095855712891,-0.14763250946998596,54.30011749267578,-32.90069580078125,0.23935669660568237,0.0,0.0,51.281864166259766,1,1,1,1,1,-372.68243408203125,328.6143493652344,84.90486907958984,-405.136962890625,313.9736022949219,26.070646286010742,lower,9,2025-11-18T16:21:47.558017,my_hand_data\videos\lower_seq9_20251118_162147_488693.avi,89.81550772020417,360,90,HIGH,VIDEO_RECORDING,2025-11-18T16:21:51.580073
2025-11-18 16:21:47.573095,7,1189,HandType.Right,0.5803170204162598,-328.446044921875,334.63323974609375,41.74735641479492,-0.021188901737332344,-0.9888551235198975,-0.14736542105674744,58.03434371948242,-34.60751724243164,-3.919753074645996,0.0,0.0,51.239967346191406,1,1,1,1,1,-372.09417724609375,328.2182312011719,84.77792358398438,-405.1526794433594,314.13836669921875,26.038217544555664,lower,9,2025-11-18T16:21:47.573095,my_hand_data\videos\lower_seq9_20251118_162147_488693.avi,89.81550772020417,360,90,HIGH,VIDEO_RECORDING,2025-11-18T16:21:51.580073
2025-11-18 16:21:47.583249,8,1189,HandType.Right,0.5803170204162598,-328.446044921875,334.63323974609375,41.74735641479492,-0.021188901737332344,-0.9888551235198975,-0.14736542105674744,58.03434371948242,-34.60751724243164,-3.919753074645996,0.0,0.0,51.239967346191406,1,1,1,1,1,-372.09417724609375,328.2182312011719,84.77792358398438,-405.1526794433594,314.13836669921875,26.038217544555664,lower,9,2025-11-18T16:21:47.583249,my_hand_data\videos\lower_seq9_20251118_162147_488693.avi,89.81550772020417,360,90,HIGH,VIDEO_RECORDING,2025-11-18T16:21:51.580073
2025-11-18 16:21:47.593353,9,1189,HandType.Right,0.5864465236663818,-327.1337890625,334.01324462890625,41.420719146728516,-0.021063128486275673,-0.9891293048858643,-0.14553216099739075,57.94249725341797,-21.821619033813477,-13.178601264953613,0.0,0.0,51.1540641784668,1,1,1,1,1,-370.9681091308594,327.61236572265625,84.18305206298828,-403.64697265625,313.54827880859375,25.56649398803711,lower,9,2025-11-18T16:21:47.593353,my_hand_data\videos\lower_seq9_20251118_162147_488693.avi,89.81550772020417,360,90,HIGH,VIDEO_RECORDING,2025-11-18T16:21:51.580073
2025-11-18 16:21:47.603375,10,1189,HandType.Right,0.5903732776641846,-326.4618835449219,333.7192077636719,41.23725128173828,-0.02091939002275467,-0.989126443862915,-0.14557203650474548,60.238582611083984,-26.360334396362305,-16.448665618896484,0.0,0.0,51.153194427490234,1,1,1,1,1,-370.37542724609375,327.34814453125,83.9873275756836,-403.447509765625,313.6125793457031,25.237926483154297,lower,9,2025-11-18T16:21:47.603375,my_hand_data\videos\lower_seq9_20251118_162147_488693.avi,89.81550772020417,360,90,HIGH,VIDEO_RECORDING,2025-11-18T16:21:51.580073
2025-11-18 16:21:47.623856,11,1189,HandType.Right,0.5936267375946045,-325.9630126953125,333.47393798828125,41.038455963134766,-0.021134432405233383,-0.9892261028289795,-0.1448623687028885,44.06338119506836,-21.6640625,-17.558218002319336,0.0,0.0,51.14977264404297,1,1,1,1,1,-369.9718017578125,327.1597900390625,83.79598236083984,-402.9752502441406,313.4728698730469,25.000438690185547,lower,9,2025-11-18T16:21:47.623856,my_hand_data\videos\lower_seq9_20251118_162147_488693.avi,89.81550772020417,360,90,HIGH,VIDEO_RECORDING,2025-11-18T16:21:51.580073
2025-11-18 16:21:47.623856,12,1189,HandType.Right,0.5943927764892578,-325.3178405761719,333.051025390625,40.848060607910156,-0.021453460678458214,-0.9893137216567993,-0.1442156881093979,58.80778884887695,-38.54656982421875,-17.354692459106445,0.0,0.0,51.1119499206543,1,1,1,1,1,-369.4273681640625,326.79937744140625,83.50733184814453,-402.3016052246094,313.0003356933594,24.620864868164062,lower,9,2025-11-18T16:21:47.623856,my_hand_data\videos\lower_seq9_20251118_162147_488693.avi,89.81550772020417,360,90,HIGH,VIDEO_RECORDING,2025-11-18T16:21:51.580073
2025-11-18 16:21:47.644517,13,1189,HandType.Right,0.5957769751548767,-324.60479736328125,332.54913330078125,40.5900764465332,-0.02183433063328266,-0.9893310070037842,-0.14403948187828064,64.05751037597656,-45.09099197387695,-23.176830291748047,0.0,0.0,51.10443878173828,1,1,1,1,1,-368.7742614746094,326.3880615234375,83.12679290771484,-401.7001647949219,312.5504150390625,24.16787338256836,lower,9,2025-11-18T16:21:47.644517,my_hand_data\videos\lower_seq9_20251118_162147_488693.avi,89.81550772020417,360,90,HIGH,VIDEO_RECORDING,2025-11-18T16:21:51.580073
2025-11-18 16:21:47.649569,14,1189,HandType.Right,0.5965754985809326,-323.8168640136719,331.94525146484375,40.307098388671875,-0.02306899055838585,-0.9893478751182556,-0.14373114705085754,71.28909301757812,-54.63309097290039,-25.602073669433594,0.0,0.0,51.03670883178711,1,1,1,1,1,-368.1349182128906,325.8995056152344,82.75125885009766,-400.8829650878906,311.93463134765625,23.81953239440918,lower,9,2025-11-18T16:21:47.649569,my_hand_data\videos\lower_seq9_20251118_162147_488693.avi,89.81550772020417,360,90,HIGH,VIDEO_RECORDING,2025-11-18T16:21:51.580073
2025-11-18 16:21:47.665303,15,1189,HandType.Right,0.593750536441803,-323.04010009765625,331.4306335449219,40.03474044799805,-0.023772481828927994,-0.9893979430198669,-0.14327102899551392,68.48988342285156,-45.37894821166992,-24.01532745361328,0.0,0.0,50.988101959228516,1,1,1,1,1,-367.4307556152344,325.3638610839844,82.37652587890625,-400.0824279785156,311.45758056640625,23.530210494995117,lower,9,2025-11-18T16:21:47.665303,my_hand_data\videos\lower_seq9_20251118_162147_488693.avi,89.81550772020417,360,90,HIGH,VIDEO_RECORDING,2025-11-18T16:21:51.580073
2025-11-18 16:21:47.665303,16,1189,HandType.Right,0.593750536441803,-323.04010009765625,331.4306335449219,40.03474044799805,-0.023772481828927994,-0.9893979430198669,-0.14327102899551392,68.48988342285156,-45.37894821166992,-24.01532745361328,0.0,0.0,50.988101959228516,1,1,1,1,1,-367.4307556152344,325.3638610839844,82.37652587890625,-400.0824279785156,311.45758056640625,23.530210494995117,lower,9,2025-11-18T16:21:47.665303,my_hand_data\videos\lower_seq9_20251118_162147_488693.avi,89.81550772020417,360,90,HIGH,VIDEO_RECORDING,2025-11-18T16:21:51.580073
2025-11-18 16:21:47.685446,17,1189,HandType.Right,0.5966483950614929,-321.943115234375,330.86224365234375,39.42121124267578,-0.02511458285152912,-0.9895809292793274,-0.14177025854587555,43.116825103759766,-17.171152114868164,-24.26198959350586,0.0,0.0,50.93086624145508,1,1,1,1,1,-366.4682922363281,324.6612243652344,81.52880859375,-398.9842834472656,310.892822265625,22.699153900146484,lower,9,2025-11-18T16:21:47.685446,my_hand_data\videos\lower_seq9_20251118_162147_488693.avi,89.81550772020417,360,90,HIGH,VIDEO_RECORDING,2025-11-18T16:21:51.580073
2025-11-18 16:21:47.695525,18,1189,HandType.Right,0.596711277961731,-321.4576110839844,330.6703186035156,39.158695220947266,-0.025492815300822258,-0.989556610584259,-0.14187249541282654,43.3611946105957,-17.140857696533203,-23.444957733154297,0.0,0.0,50.887969970703125,1,1,1,1,1,-366.0302734375,324.372802734375,81.12744903564453,-398.337158203125,310.695068359375,22.357515335083008,lower,9,2025-11-18T16:21:47.695525,my_hand_data\videos\lower_seq9_20251118_162147_488693.avi,89.81550772020417,360,90,HIGH,VIDEO_RECORDING,2025-11-18T16:21:51.580073
2025-11-18 16:21:47.705611,19,1189,HandType.Right,0.596966564655304,-320.8612060546875,330.4381103515625,39.08114242553711,-0.024346934631466866,-0.9893494248390198,-0.14350947737693787,54.316768646240234,-21.150548934936523,-7.063046932220459,0.0,0.0,50.796836853027344,1,1,1,1,1,-365.5177307128906,323.949462890625,80.82066345214844,-397.73779296875,310.5019836425781,21.92914581298828,lower,9,2025-11-18T16:21:47.705611,my_hand_data\videos\lower_seq9_20251118_162147_488693.avi,89.81550772020417,360,90,HIGH,VIDEO_RECORDING,2025-11-18T16:21:51.580073
2025-11-18 16:21:47.715635,20,1189,HandType.Right,0.596966564655304,-320.8612060546875,330.4381103515625,39.08114242553711,-0.024346934631466866,-0.9893494248390198,-0.14350947737693787,54.316768646240234,-21.150548934936523,-7.063046932220459,0.0,0.0,50.796836853027344,1,1,1,1,1,-365.5177307128906,323.949462890625,80.82066345214844,-397.73779296875,310.5019836425781,21.92914581298828,lower,9,2025-11-18T16:21:47.715635,my_hand_data\videos\lower_seq9_20251118_162147_488693.avi,89.81550772020417,360,90,HIGH,VIDEO_RECORDING,2025-11-18T16:21:51.580073
2025-11-18 16:21:47.725665,21,1189,HandType.Right,0.5938582420349121,-318.96563720703125,329.3459777832031,38.593143463134766,-0.020132115110754967,-0.989399790763855,-0.1438150852918625,90.82318878173828,-52.72522735595703,-27.0643310546875,0.0,0.0,50.74713897705078,1,1,1,1,1,-363.9284362792969,322.861572265625,80.03250122070312,-396.253173828125,309.7127685546875,20.839675903320312,lower,9,2025-11-18T16:21:47.725665,my_hand_data\videos\lower_seq9_20251118_162147_488693.avi,89.81550772020417,360,90,HIGH,VIDEO_RECORDING,2025-11-18T16:21:51.580073
2025-11-18 16:21:47.736171,22,1189,HandType.Right,0.5974521040916443,-317.93408203125,328.72515869140625,38.19429016113281,-0.019623994827270508,-0.9893893003463745,-0.1439574807882309,93.05016326904297,-56.00237274169922,-35.9781379699707,0.0,0.0,50.8000602722168,1,1,1,1,1,-363.0160217285156,322.18377685546875,79.4505615234375,-394.9075927734375,308.95458984375,20.293306350708008,lower,9,2025-11-18T16:21:47.736171,my_hand_data\videos\lower_seq9_20251118_162147_488693.avi,89.81550772020417,360,90,HIGH,VIDEO_RECORDING,2025-11-18T16:21:51.580073
2025-11-18 16:21:47.756482,23,1189,HandType.Right,0.6034381985664368,-317.05218505859375,328.2090148925781,37.79384231567383,-0.019198691472411156,-0.9893526434898376,-0.14426614344120026,79.4229965209961,-46.48041915893555,-36.06354522705078,0.0,0.0,50.82818603515625,1,1,1,1,1,-362.3445129394531,321.6266784667969,78.96231842041016,-394.0242614746094,308.4753723144531,19.590364456176758,lower,9,2025-11-18T16:21:47.756482,my_hand_data\videos\lower_seq9_20251118_162147_488693.avi,89.81550772020417,360,90,HIGH,VIDEO_RECORDING,2025-11-18T16:21:51.580073
2025-11-18 16:21:47.756482,24,1189,HandType.Right,0.6086683869361877,-316.10247802734375,327.6602783203125,37.355838775634766,-0.01839396357536316,-0.9893177151679993,-0.14461007714271545,84.98591613769531,-49.10494613647461,-39.19498825073242,0.0,0.0,50.916866302490234,1,1,1,1,1,-361.59222412109375,321.0986328125,78.54039001464844,-393.0881652832031,307.8365173339844,18.801401138305664,lower,9,2025-11-18T16:21:47.756482,my_hand_data\videos\lower_seq9_20251118_162147_488693.avi,89.81550772020417,360,90,HIGH,VIDEO_RECORDING,2025-11-18T16:21:51.580073
2025-11-18 16:21:47.777294,25,1189,HandType.Right,0.6149944067001343,-315.1867370605469,327.1806335449219,36.914737701416016,-0.01835274137556553,-0.9894432425498962,-0.14375431835651398,83.40853118896484,-43.68842697143555,-40.1766471862793,0.0,0.0,50.88752746582031,1,1,1,1,1,-360.96051025390625,320.69012451171875,78.09075927734375,-392.5438537597656,307.52880859375,18.08950424194336,lower,9,2025-11-18T16:21:47.777294,my_hand_data\videos\lower_seq9_20251118_162147_488693.avi,89.81550772020417,360,90,HIGH,VIDEO_RECORDING,2025-11-18T16:21:51.580073
2025-11-18 16:21:47.777294,26,1189,HandType.Right,0.6237595081329346,-314.4245300292969,326.9355773925781,36.53287887573242,-0.0178634375333786,-0.9899476766586304,-0.14030145108699799,68.14336395263672,-21.909013748168945,-34.14030838012695,0.0,0.0,50.8695182800293,1,1,1,1,1,-360.4007568359375,320.54248046875,77.68380737304688,-392.7872009277344,308.0032958984375,17.491912841796875,lower,9,2025-11-18T16:21:47.777294,my_hand_data\videos\lower_seq9_20251118_162147_488693.avi,89.81550772020417,360,90,HIGH,VIDEO_RECORDING,2025-11-18T16:21:51.580073
2025-11-18 16:21:47.797381,27,1189,HandType.Right,0.6284859776496887,-313.60723876953125,326.7010192871094,36.27783966064453,-0.019411791115999222,-0.9898398518562317,-0.14085562527179718,74.0636978149414,-21.255809783935547,-23.111656188964844,0.0,0.0,50.80125427246094,1,1,1,1,1,-359.7527160644531,320.3398132324219,77.3405990600586,-393.2730407714844,309.1583251953125,17.105331420898438,lower,9,2025-11-18T16:21:47.797381,my_hand_data\videos\lower_seq9_20251118_162147_488693.avi,89.81550772020417,360,90,HIGH,VIDEO_RECORDING,2025-11-18T16:21:51.580073
2025-11-18 16:21:47.807698,28,1189,HandType.Right,0.6308071613311768,-312.94049072265625,326.6899108886719,36.16416931152344,-0.018960483372211456,-0.9897069931030273,-0.14184701442718506,59.91595458984375,-0.9982984662055969,-10.215025901794434,0.0,0.0,50.79476547241211,1,1,1,1,1,-359.2203674316406,320.32537841796875,77.18840026855469,-392.6116943359375,309.154052734375,16.768714904785156,lower,9,2025-11-18T16:21:47.807698,my_hand_data\videos\lower_seq9_20251118_162147_488693.avi,89.81550772020417,360,90,HIGH,VIDEO_RECORDING,2025-11-18T16:21:51.580073
2025-11-18 16:21:47.817834,29,1189,HandType.Right,0.6308572888374329,-312.2226867675781,326.70623779296875,36.00917053222656,-0.019125312566757202,-0.9898022413253784,-0.14115872979164124,64.77750396728516,1.474725604057312,-13.98766803741455,0.0,0.0,50.79060363769531,1,1,1,1,1,-358.77264404296875,320.28173828125,76.89669799804688,-391.39520263671875,309.0460205078125,16.370500564575195,lower,9,2025-11-18T16:21:47.817834,my_hand_data\videos\lower_seq9_20251118_162147_488693.avi,89.81550772020417,360,90,HIGH,VIDEO_RECORDING,2025-11-18T16:21:51.580073
2025-11-18 16:21:47.828037,30,1189,HandType.Right,0.6308289766311646,-311.2791442871094,326.573486328125,35.776912689208984,-0.01869984157383442,-0.990050196647644,-0.13946646451950073,82.66779327392578,-11.631854057312012,-20.34854507446289,0.0,0.0,50.79553985595703,1,1,1,1,1,-358.0784912109375,320.12591552734375,76.59278869628906,-390.2950439453125,308.8189697265625,15.87527847290039,lower,9,2025-11-18T16:21:47.828037,my_hand_data\videos\lower_seq9_20251118_162147_488693.avi,89.81550772020417,360,90,HIGH,VIDEO_RECORDING,2025-11-18T16:21:51.580073
2025-11-18 16:21:47.838495,31,1189,HandType.Right,0.6327065229415894,-310.4298095703125,326.58984375,35.674800872802734,-0.01862628385424614,-0.9896794557571411,-0.14208340644836426,77.82655334472656,1.5006495714187622,-9.356894493103027,0.0,0.0,50.717987060546875,1,1,1,1,1,-357.2547912597656,319.81390380859375,76.25706481933594,-389.3321533203125,308.7966613769531,15.39673137664795,lower,9,2025-11-18T16:21:47.838495,my_hand_data\videos\lower_seq9_20251118_162147_488693.avi,89.81550772020417,360,90,HIGH,VIDEO_RECORDING,2025-11-18T16:21:51.580073
2025-11-18 16:21:47.848502,32,1189,HandType.Right,0.6371023058891296,-309.35162353515625,326.4102783203125,35.499637603759766,-0.017876211553812027,-0.9895671606063843,-0.14295892417430878,96.87183380126953,-16.13359260559082,-15.738130569458008,0.0,0.0,50.59725570678711,1,1,1,1,1,-356.18988037109375,319.04132080078125,75.54975128173828,-388.2796630859375,308.6548156738281,15.005575180053711,lower,9,2025-11-18T16:21:47.848502,my_hand_data\videos\lower_seq9_20251118_162147_488693.avi,89.81550772020417,360,90,HIGH,VIDEO_RECORDING,2025-11-18T16:21:51.580073
2025-11-18 16:21:47.858537,33,1189,HandType.Right,0.6371023058891296,-309.35162353515625,326.4102783203125,35.499637603759766,-0.017876211553812027,-0.9895671606063843,-0.14295892417430878,96.87183380126953,-16.13359260559082,-15.738130569458008,0.0,0.0,50.59725570678711,1,1,1,1,1,-356.18988037109375,319.04132080078125,75.54975128173828,-388.2796630859375,308.6548156738281,15.005575180053711,lower,9,2025-11-18T16:21:47.858537,my_hand_data\videos\lower_seq9_20251118_162147_488693.avi,89.81550772020417,360,90,HIGH,VIDEO_RECORDING,2025-11-18T16:21:51.580073
2025-11-18 16:21:47.878632,34,1189,HandType.Right,0.6441637873649597,-307.1702575683594,325.7695007324219,34.914371490478516,-0.016736779361963272,-0.9896572232246399,-0.14247266948223114,92.20396423339844,-35.77960205078125,-29.376598358154297,0.0,0.0,50.850868225097656,1,1,1,1,1,-354.11114501953125,318.1578063964844,74.59255981445312,-382.7273254394531,304.67364501953125,13.855484962463379,lower,9,2025-11-18T16:21:47.878632,my_hand_data\videos\lower_seq9_20251118_162147_488693.avi,89.81550772020417,360,90,HIGH,VIDEO_RECORDING,2025-11-18T16:21:51.580073
2025-11-18 16:21:47.878632,35,1189,HandType.Right,0.6520601511001587,-306.3580627441406,325.5737609863281,34.59781265258789,-0.013823550194501877,-0.9899709820747375,-0.14059290289878845,71.8173599243164,-17.30812644958496,-27.99186897277832,0.0,0.0,50.958091735839844,1,1,1,1,1,-353.63812255859375,317.8822937011719,74.27613067626953,-381.32476806640625,303.57806396484375,13.102572441101074,lower,9,2025-11-18T16:21:47.878632,my_hand_data\videos\lower_seq9_20251118_162147_488693.avi,89.81550772020417,360,90,HIGH,VIDEO_RECORDING,2025-11-18T16:21:51.580073
2025-11-18 16:21:47.899036,36,1189,HandType.Right,0.6559426784515381,-305.33447265625,325.2007751464844,34.47117614746094,-0.013076999224722385,-0.98992919921875,-0.14095810055732727,93.3176040649414,-34.00379180908203,-11.544779777526855,0.0,0.0,50.86824417114258,1,1,1,1,1,-352.66168212890625,317.3446350097656,73.85553741455078,-380.1246337890625,303.1657409667969,12.655197143554688,lower,9,2025-11-18T16:21:47.899036,my_hand_data\videos\lower_seq9_20251118_162147_488693.avi,89.81550772020417,360,90,HIGH,VIDEO_RECORDING,2025-11-18T16:21:51.580073
2025-11-18 16:21:47.899036,37,1189,HandType.Right,0.6559426784515381,-305.33447265625,325.2007751464844,34.47117614746094,-0.013076999224722385,-0.98992919921875,-0.14095810055732727,93.3176040649414,-34.00379180908203,-11.544779777526855,0.0,0.0,50.86824417114258,1,1,1,1,1,-352.66168212890625,317.3446350097656,73.85553741455078,-380.1246337890625,303.1657409667969,12.655197143554688,lower,9,2025-11-18T16:21:47.899036,my_hand_data\videos\lower_seq9_20251118_162147_488693.avi,89.81550772020417,360,90,HIGH,VIDEO_RECORDING,2025-11-18T16:21:51.580073
2025-11-18 16:21:47.919184,38,1189,HandType.Right,0.6580965518951416,-303.4203186035156,324.3994140625,34.04086685180664,-0.012920638546347618,-0.9899799823760986,-0.14061547815799713,85.386962890625,-32.144309997558594,-25.28639030456543,0.0,0.0,50.915489196777344,1,1,1,1,1,-351.1802673339844,316.4964599609375,73.16999053955078,-377.46124267578125,301.9067077636719,11.568645477294922,lower,9,2025-11-18T16:21:47.919184,my_hand_data\videos\lower_seq9_20251118_162147_488693.avi,89.81550772020417,360,90,HIGH,VIDEO_RECORDING,2025-11-18T16:21:51.580073
2025-11-18 16:21:47.929491,39,1189,HandType.Right,0.6583002805709839,-302.55511474609375,323.9752502441406,33.63233184814453,-0.013867967762053013,-0.990196168422699,-0.13899366557598114,77.306884765625,-37.89955139160156,-36.50257110595703,0.0,0.0,50.9061279296875,1,1,1,1,1,-350.5129089355469,316.216064453125,72.72988891601562,-377.0159912109375,302.2370910644531,11.033594131469727,lower,9,2025-11-18T16:21:47.929491,my_hand_data\videos\lower_seq9_20251118_162147_488693.avi,89.81550772020417,360,90,HIGH,VIDEO_RECORDING,2025-11-18T16:21:51.580073
2025-11-18 16:21:47.939526,40,1189,HandType.Right,0.6585809588432312,-301.41668701171875,323.3731384277344,33.197017669677734,-0.013582587242126465,-0.990476131439209,-0.13701283931732178,100.48847198486328,-53.14653396606445,-38.42474365234375,0.0,0.0,50.92729949951172,1,1,1,1,1,-349.717041015625,315.84307861328125,72.23309326171875,-376.63275146484375,302.27069091796875,10.240988731384277,lower,9,2025-11-18T16:21:47.939526,my_hand_data\videos\lower_seq9_20251118_162147_488693.avi,89.81550772020417,360,90,HIGH,VIDEO_RECORDING,2025-11-18T16:21:51.580073
2025-11-18 16:21:47.949600,41,1189,HandType.Right,0.6593950986862183,-300.0911865234375,322.7581481933594,32.96327590942383,-0.014729711227118969,-0.9908258318901062,-0.13433977961540222,121.25933074951172,-56.261104583740234,-21.38338279724121,0.0,0.0,50.81254196166992,1,1,1,1,1,-348.6197204589844,315.6192932128906,71.77184295654297,-376.3888854980469,302.7707214355469,9.758075714111328,lower,9,2025-11-18T16:21:47.949600,my_hand_data\videos\lower_seq9_20251118_162147_488693.avi,89.81550772020417,360,90,HIGH,VIDEO_RECORDING,2025-11-18T16:21:51.580073
2025-11-18 16:21:47.959913,42,1189,HandType.Right,0.6616116166114807,-298.8284606933594,322.2760925292969,32.744041442871094,-0.01590762287378311,-0.9909349083900452,-0.13339783251285553,114.26318359375,-43.6204719543457,-19.83841896057129,0.0,0.0,50.80731964111328,1,1,1,1,1,-347.4354553222656,315.1379699707031,71.36298370361328,-374.6475524902344,301.9661865234375,9.410338401794434,lower,9,2025-11-18T16:21:47.959913,my_hand_data\videos\lower_seq9_20251118_162147_488693.avi,89.81550772020417,360,90,HIGH,VIDEO_RECORDING,2025-11-18T16:21:51.580073
2025-11-18 16:21:47.970166,43,1189,HandType.Right,0.6616116166114807,-298.8284606933594,322.2760925292969,32.744041442871094,-0.01590762287378311,-0.9909349083900452,-0.13339783251285553,114.26318359375,-43.6204719543457,-19.83841896057129,0.0,0.0,50.80731964111328,1,1,1,1,1,-347.4354553222656,315.1379699707031,71.36298370361328,-374.6475524902344,301.9661865234375,9.410338401794434,lower,9,2025-11-18T16:21:47.970166,my_hand_data\videos\lower_seq9_20251118_162147_488693.avi,89.81550772020417,360,90,HIGH,VIDEO_RECORDING,2025-11-18T16:21:51.580073
2025-11-18 16:21:47.990368,44,1189,HandType.Right,0.6736542582511902,-296.6663818359375,321.7162170410156,32.37754440307617,-0.016281532123684883,-0.9914050698280334,-0.12981118261814117,95.24251556396484,-25.460407257080078,-16.2440185546875,0.0,0.0,50.787208557128906,1,1,1,1,1,-345.49969482421875,314.51287841796875,70.48532104492188,-372.0211486816406,301.0282287597656,8.557429313659668,lower,9,2025-11-18T16:21:47.990368,my_hand_data\videos\lower_seq9_20251118_162147_488693.avi,89.81550772020417,360,90,HIGH,VIDEO_RECORDING,2025-11-18T16:21:51.580073
2025-11-18 16:21:47.995233,45,1189,HandType.Right,0.6766488552093506,-295.5435791015625,321.2190246582031,32.17763900756836,-0.015782218426465988,-0.9914658069610596,-0.12940798699855804,102.9343490600586,-45.57902145385742,-18.32638168334961,0.0,0.0,50.64987564086914,1,1,1,1,1,-344.39874267578125,313.94488525390625,69.86602020263672,-370.94256591796875,300.5093994140625,7.9866814613342285,lower,9,2025-11-18T16:21:47.995233,my_hand_data\videos\lower_seq9_20251118_162147_488693.avi,89.81550772020417,360,90,HIGH,VIDEO_RECORDING,2025-11-18T16:21:51.580073
2025-11-18 16:21:48.011022,46,1189,HandType.Right,0.6820656061172485,-294.3294982910156,320.65966796875,31.89134407043457,-0.016476908698678017,-0.9917270541191101,-0.12730272114276886,107.8418197631836,-49.68436050415039,-25.43024444580078,0.0,0.0,50.61875534057617,1,1,1,1,1,-343.1578369140625,313.1942443847656,69.18634796142578,-370.04632568359375,300.2190246582031,7.400238990783691,lower,9,2025-11-18T16:21:48.011022,my_hand_data\videos\lower_seq9_20251118_162147_488693.avi,89.81550772020417,360,90,HIGH,VIDEO_RECORDING,2025-11-18T16:21:51.580073
2025-11-18 16:21:48.011022,47,1189,HandType.Right,0.6844522356987,-292.86895751953125,319.88824462890625,31.601863861083984,-0.01653231866657734,-0.9918677806854248,-0.12619410455226898,133.10308837890625,-70.30406951904297,-26.381288528442383,0.0,0.0,50.74537658691406,1,1,1,1,1,-341.64691162109375,312.4376525878906,68.74589538574219,-368.6781921386719,299.49554443359375,6.672347068786621,lower,9,2025-11-18T16:21:48.011022,my_hand_data\videos\lower_seq9_20251118_162147_488693.avi,89.81550772020417,360,90,HIGH,VIDEO_RECORDING,2025-11-18T16:21:51.580073
2025-11-18 16:21:48.031578,48,1189,HandType.Right,0.6902462244033813,-291.4351806640625,319.194091796875,31.188114166259766,-0.015196757391095161,-0.9922742247581482,-0.12312951683998108,128.2458038330078,-62.0872688293457,-37.00796127319336,0.0,0.0,50.91379928588867,1,1,1,1,1,-340.29437255859375,311.7565612792969,68.25332641601562,-368.5677795410156,299.8005065917969,5.864847660064697,lower,9,2025-11-18T16:21:48.031578,my_hand_data\videos\lower_seq9_20251118_162147_488693.avi,89.81550772020417,360,90,HIGH,VIDEO_RECORDING,2025-11-18T16:21:51.580073
2025-11-18 16:21:48.031578,49,1189,HandType.Right,0.694595217704773,-289.896728515625,318.2696533203125,30.805330276489258,-0.014705829322338104,-0.9926700592041016,-0.11995797604322433,138.20033264160156,-83.04298400878906,-34.38582229614258,0.0,0.0,50.912109375,1,1,1,1,1,-338.9978332519531,310.8691711425781,67.69931030273438,-367.412353515625,299.46661376953125,5.108129024505615,lower,9,2025-11-18T16:21:48.031578,my_hand_data\videos\lower_seq9_20251118_162147_488693.avi,89.81550772020417,360,90,HIGH,VIDEO_RECORDING,2025-11-18T16:21:51.580073
2025-11-18 16:21:48.052043,50,1189,HandType.Right,0.6967511773109436,-288.53125,317.3741149902344,30.35128402709961,-0.013150468468666077,-0.9931336641311646,-0.11624357104301453,121.38636016845703,-79.61257934570312,-40.3632698059082,0.0,0.0,50.96266174316406,1,1,1,1,1,-337.9765319824219,310.0814514160156,67.19108581542969,-365.9857177734375,298.5936279296875,4.353987216949463,lower,9,2025-11-18T16:21:48.052043,my_hand_data\videos\lower_seq9_20251118_162147_488693.avi,89.81550772020417,360,90,HIGH,VIDEO_RECORDING,2025-11-18T16:21:51.580073
2025-11-18 16:21:48.062086,51,1189,HandType.Right,0.7015377283096313,-287.19158935546875,316.41424560546875,29.849178314208984,-0.013242052868008614,-0.9932544231414795,-0.11519671976566315,121.68746948242188,-87.18975067138672,-45.60869598388672,0.0,0.0,50.96566390991211,1,1,1,1,1,-336.6701965332031,309.0727844238281,66.57823944091797,-364.6283874511719,297.6991271972656,3.8063173294067383,lower,9,2025-11-18T16:21:48.062086,my_hand_data\videos\lower_seq9_20251118_162147_488693.avi,89.81550772020417,360,90,HIGH,VIDEO_RECORDING,2025-11-18T16:21:51.580073
2025-11-18 16:21:48.072396,52,1189,HandType.Right,0.706149160861969,-286.05023193359375,315.6579895019531,29.349843978881836,-0.014105242677032948,-0.9934164881706238,-0.11368680000305176,104.41485595703125,-69.18388366699219,-45.680519104003906,0.0,0.0,50.97966766357422,1,1,1,1,1,-335.67547607421875,308.4329833984375,66.07626342773438,-364.2210388183594,298.02764892578125,3.188565254211426,lower,9,2025-11-18T16:21:48.072396,my_hand_data\videos\lower_seq9_20251118_162147_488693.avi,89.81550772020417,360,90,HIGH,VIDEO_RECORDING,2025-11-18T16:21:51.580073
2025-11-18 16:21:48.082456,53,1189,HandType.Right,0.7087932229042053,-284.6962890625,315.0004577636719,28.807636260986328,-0.0171367097645998,-0.9938715100288391,-0.10920486599206924,122.47242736816406,-59.47779846191406,-49.04652404785156,0.0,0.0,50.989158630371094,1,1,1,1,1,-334.602783203125,307.7745666503906,65.42548370361328,-362.77777099609375,297.18524169921875,2.4482831954956055,lower,9,2025-11-18T16:21:48.082456,my_hand_data\videos\lower_seq9_20251118_162147_488693.avi,89.81550772020417,360,90,HIGH,VIDEO_RECORDING,2025-11-18T16:21:51.580073
2025-11-18 16:21:48.092846,54,1189,HandType.Right,0.7102786898612976,-283.2605895996094,314.6103515625,28.463489532470703,-0.018014049157500267,-0.9939432740211487,-0.10840774327516556,124.95378875732422,-33.95071792602539,-29.951780319213867,0.0,0.0,51.02375030517578,1,1,1,1,1,-333.2975158691406,307.3695983886719,64.8212890625,-360.7756042480469,296.06182861328125,1.7300918102264404,lower,9,2025-11-18T16:21:48.092846,my_hand_data\videos\lower_seq9_20251118_162147_488693.avi,89.81550772020417,360,90,HIGH,VIDEO_RECORDING,2025-11-18T16:21:51.580073
2025-11-18 16:21:48.103074,55,1189,HandType.Right,0.7114850878715515,-281.8498840332031,314.3155212402344,28.220870971679688,-0.021028919145464897,-0.9938550591468811,-0.10867351293563843,129.29177856445312,-27.022926330566406,-22.236103057861328,0.0,0.0,50.99549865722656,1,1,1,1,1,-331.9415588378906,307.0279235839844,64.2894287109375,-358.6972351074219,295.2450866699219,1.2824591398239136,lower,9,2025-11-18T16:21:48.103074,my_hand_data\videos\lower_seq9_20251118_162147_488693.avi,89.81550772020417,360,90,HIGH,VIDEO_RECORDING,2025-11-18T16:21:51.580073
2025-11-18 16:21:48.123682,56,1189,HandType.Right,0.7192027568817139,-279.2236633300781,313.55010986328125,27.564437866210938,-0.023039234802126884,-0.9936488270759583,-0.11014176160097122,107.61756896972656,-31.685009002685547,-37.33328628540039,0.0,0.0,50.87968826293945,1,1,1,1,1,-329.31561279296875,305.9421691894531,62.85063171386719,-355.9811706542969,294.52618408203125,-0.004628673195838928,lower,9,2025-11-18T16:21:48.123682,my_hand_data\videos\lower_seq9_20251118_162147_488693.avi,89.81550772020417,360,90,HIGH,VIDEO_RECORDING,2025-11-18T16:21:51.580073
2025-11-18 16:21:48.123682,57,1189,HandType.Right,0.7192027568817139,-279.2236633300781,313.55010986328125,27.564437866210938,-0.023039234802126884,-0.9936488270759583,-0.11014176160097122,107.61756896972656,-31.685009002685547,-37.33328628540039,0.0,0.0,50.87968826293945,1,1,1,1,1,-329.31561279296875,305.9421691894531,62.85063171386719,-355.9811706542969,294.52618408203125,-0.004628673195838928,lower,9,2025-11-18T16:21:48.123682,my_hand_data\videos\lower_seq9_20251118_162147_488693.avi,89.81550772020417,360,90,HIGH,VIDEO_RECORDING,2025-11-18T16:21:51.580073
2025-11-18 16:21:48.143940,58,1189,HandType.Right,0.7223756909370422,-277.9059143066406,312.9986877441406,27.044055938720703,-0.02406269498169422,-0.993676483631134,-0.10967214405536652,116.37699890136719,-48.699615478515625,-45.95797348022461,0.0,0.0,50.959983825683594,1,1,1,1,1,-328.0228576660156,305.40008544921875,62.164485931396484,-354.72882080078125,294.2057189941406,-0.8380823135375977,lower,9,2025-11-18T16:21:48.143940,my_hand_data\videos\lower_seq9_20251118_162147_488693.avi,89.81550772020417,360,90,HIGH,VIDEO_RECORDING,2025-11-18T16:21:51.580073
2025-11-18 16:21:48.147057,59,1189,HandType.Right,0.7236931920051575,-276.60260009765625,312.51202392578125,26.5102596282959,-0.024879170581698418,-0.9936979413032532,-0.10929519683122635,118.90525817871094,-44.39875793457031,-48.69960021972656,0.0,0.0,51.06031036376953,1,1,1,1,1,-326.78961181640625,304.9268798828125,61.39447021484375,-353.4734802246094,293.75146484375,-1.7045494318008423,lower,9,2025-11-18T16:21:48.147057,my_hand_data\videos\lower_seq9_20251118_162147_488693.avi,89.81550772020417,360,90,HIGH,VIDEO_RECORDING,2025-11-18T16:21:51.580073
2025-11-18 16:21:48.164504,60,1189,HandType.Right,0.7268931269645691,-275.27056884765625,312.13946533203125,26.006793975830078,-0.026662049815058708,-0.9938832521438599,-0.10716916620731354,118.93295288085938,-33.26378631591797,-44.95226287841797,0.0,0.0,51.139076232910156,1,1,1,1,1,-325.5458068847656,304.50067138671875,60.71376037597656,-351.2483825683594,292.4751281738281,-2.5496742725372314,lower,9,2025-11-18T16:21:48.164504,my_hand_data\videos\lower_seq9_20251118_162147_488693.avi,89.81550772020417,360,90,HIGH,VIDEO_RECORDING,2025-11-18T16:21:51.580073
2025-11-18 16:21:48.164504,61,1189,HandType.Right,0.7294672727584839,-273.8702087402344,311.71337890625,25.558176040649414,-0.027033021673560143,-0.9941683411598206,-0.10439620167016983,129.1840057373047,-39.3086051940918,-41.385372161865234,0.0,0.0,51.03324508666992,1,1,1,1,1,-324.3375244140625,303.9159240722656,59.93684768676758,-350.0130310058594,292.17327880859375,-3.324404239654541,lower,9,2025-11-18T16:21:48.164504,my_hand_data\videos\lower_seq9_20251118_162147_488693.avi,89.81550772020417,360,90,HIGH,VIDEO_RECORDING,2025-11-18T16:21:51.580073
2025-11-18 16:21:48.184918,62,1189,HandType.Right,0.7300214171409607,-272.5348815917969,311.213623046875,25.181642532348633,-0.027919521555304527,-0.9940856099128723,-0.10494909435510635,118.66365051269531,-44.40914535522461,-33.46065139770508,0.0,0.0,51.12112045288086,1,1,1,1,1,-323.0503234863281,303.4876708984375,59.36454391479492,-348.57464599609375,291.62591552734375,-4.0743255615234375,lower,9,2025-11-18T16:21:48.184918,my_hand_data\videos\lower_seq9_20251118_162147_488693.avi,89.81550772020417,360,90,HIGH,VIDEO_RECORDING,2025-11-18T16:21:51.580073
2025-11-18 16:21:48.195045,63,1189,HandType.Right,0.730703592300415,-270.88702392578125,310.6107482910156,24.878021240234375,-0.028614729642868042,-0.9943462610244751,-0.10225793719291687,150.10623168945312,-54.916568756103516,-27.657262802124023,0.0,0.0,51.09480667114258,1,1,1,1,1,-321.41595458984375,302.8081359863281,58.715232849121094,-346.95257568359375,291.1004638671875,-4.71866512298584,lower,9,2025-11-18T16:21:48.195045,my_hand_data\videos\lower_seq9_20251118_162147_488693.avi,89.81550772020417,360,90,HIGH,VIDEO_RECORDING,2025-11-18T16:21:51.580073
2025-11-18 16:21:48.205319,64,1189,HandType.Right,0.732934296131134,-269.20257568359375,310.0006103515625,24.606788635253906,-0.030145909637212753,-0.994472086429596,-0.10058057308197021,151.3834991455078,-54.83430862426758,-24.376096725463867,0.0,0.0,51.02628707885742,1,1,1,1,1,-319.7557678222656,301.9880676269531,58.17811965942383,-345.306396484375,290.64813232421875,-5.355762481689453,lower,9,2025-11-18T16:21:48.205319,my_hand_data\videos\lower_seq9_20251118_162147_488693.avi,89.81550772020417,360,90,HIGH,VIDEO_RECORDING,2025-11-18T16:21:51.580073
2025-11-18 16:21:48.215582,65,1189,HandType.Right,0.7356706261634827,-267.54083251953125,309.177001953125,24.157379150390625,-0.0313916876912117,-0.9946402907371521,-0.098515085875988,146.52447509765625,-72.62269592285156,-39.62705612182617,0.0,0.0,51.149356842041016,1,1,1,1,1,-318.1304016113281,301.1568908691406,57.497764587402344,-343.7994079589844,290.0618591308594,-6.1929931640625,lower,9,2025-11-18T16:21:48.215582,my_hand_data\videos\lower_seq9_20251118_162147_488693.avi,89.81550772020417,360,90,HIGH,VIDEO_RECORDING,2025-11-18T16:21:51.580073
2025-11-18 16:21:48.225640,66,1189,HandType.Right,0.7404863238334656,-266.02105712890625,308.39739990234375,23.686067581176758,-0.030985048040747643,-0.9949499368667603,-0.09547017514705658,134.93576049804688,-69.21897888183594,-41.84588623046875,0.0,0.0,51.28641128540039,1,1,1,1,1,-316.71136474609375,300.3943176269531,56.936344146728516,-342.6614990234375,289.56915283203125,-7.112378120422363,lower,9,2025-11-18T16:21:48.225640,my_hand_data\videos\lower_seq9_20251118_162147_488693.avi,89.81550772020417,360,90,HIGH,VIDEO_RECORDING,2025-11-18T16:21:51.580073
2025-11-18 16:21:48.246108,67,1189,HandType.Right,0.7459157705307007,-264.7196960449219,307.8367614746094,23.239904403686523,-0.031117113307118416,-0.995134174823761,-0.09348615258932114,115.97584533691406,-49.96199417114258,-39.76154327392578,0.0,0.0,51.34637451171875,1,1,1,1,1,-315.4637756347656,299.8166198730469,56.2960205078125,-341.5758972167969,289.14453125,-7.835615634918213,lower,9,2025-11-18T16:21:48.246108,my_hand_data\videos\lower_seq9_20251118_162147_488693.avi,89.81550772020417,360,90,HIGH,VIDEO_RECORDING,2025-11-18T16:21:51.580073
2025-11-18 16:21:48.246108,68,1189,HandType.Right,0.7504401206970215,-263.28656005859375,307.2577819824219,23.019081115722656,-0.032406169921159744,-0.9952148795127869,-0.09217999875545502,133.07945251464844,-53.763607025146484,-20.505373001098633,0.0,0.0,51.384822845458984,1,1,1,1,1,-314.0047912597656,299.2235107421875,55.82475662231445,-340.0209655761719,288.4916687011719,-8.378255844116211,lower,9,2025-11-18T16:21:48.246108,my_hand_data\videos\lower_seq9_20251118_162147_488693.avi,89.81550772020417,360,90,HIGH,VIDEO_RECORDING,2025-11-18T16:21:51.580073
2025-11-18 16:21:48.266975,69,1189,HandType.Right,0.753474235534668,-261.7530517578125,306.4454650878906,22.745121002197266,-0.03507637977600098,-0.995280385017395,-0.09047972410917282,140.84222412109375,-74.60731506347656,-25.161701202392578,0.0,0.0,51.5142822265625,1,1,1,1,1,-312.4856872558594,298.6094970703125,55.4873046875,-338.4337463378906,287.6962585449219,-8.963208198547363,lower,9,2025-11-18T16:21:48.266975,my_hand_data\videos\lower_seq9_20251118_162147_488693.avi,89.81550772020417,360,90,HIGH,VIDEO_RECORDING,2025-11-18T16:21:51.580073
2025-11-18 16:21:48.268985,70,1189,HandType.Right,0.7566152215003967,-260.2386779785156,305.57440185546875,22.477706909179688,-0.03540078550577164,-0.9953715801239014,-0.08934302628040314,136.23406982421875,-78.36219024658203,-24.056720733642578,0.0,0.0,51.59559631347656,1,1,1,1,1,-310.95843505859375,297.7731628417969,54.858184814453125,-336.9329528808594,286.94329833984375,-9.488670349121094,lower,9,2025-11-18T16:21:48.268985,my_hand_data\videos\lower_seq9_20251118_162147_488693.avi,89.81550772020417,360,90,HIGH,VIDEO_RECORDING,2025-11-18T16:21:51.580073
2025-11-18 16:21:48.287488,71,1189,HandType.Right,0.7597418427467346,-258.7514953613281,304.8539733886719,22.169801712036133,-0.035943202674388885,-0.9954738616943359,-0.08797676861286163,133.6068878173828,-64.7212905883789,-27.661914825439453,0.0,0.0,51.65336608886719,1,1,1,1,1,-309.39312744140625,296.8994445800781,54.159217834472656,-335.45367431640625,286.2847595214844,-10.17581844329834,lower,9,2025-11-18T16:21:48.287488,my_hand_data\videos\lower_seq9_20251118_162147_488693.avi,89.81550772020417,360,90,HIGH,VIDEO_RECORDING,2025-11-18T16:21:51.580073
2025-11-18 16:21:48.287488,72,1189,HandType.Right,0.7597418427467346,-258.7514953613281,304.8539733886719,22.169801712036133,-0.035943202674388885,-0.9954738616943359,-0.08797676861286163,133.6068878173828,-64.7212905883789,-27.661914825439453,0.0,0.0,51.65336608886719,1,1,1,1,1,-309.39312744140625,296.8994445800781,54.159217834472656,-335.45367431640625,286.2847595214844,-10.17581844329834,lower,9,2025-11-18T16:21:48.287488,my_hand_data\videos\lower_seq9_20251118_162147_488693.avi,89.81550772020417,360,90,HIGH,VIDEO_RECORDING,2025-11-18T16:21:51.580073
2025-11-18 16:21:48.308051,73,1189,HandType.Right,0.7662308216094971,-255.75657653808594,303.65032958984375,21.685680389404297,-0.03611648455262184,-0.9957177639007568,-0.08509831875562668,132.7498321533203,-60.2329216003418,-25.47351837158203,0.0,0.0,51.72691345214844,1,1,1,1,1,-306.3443603515625,295.40374755859375,53.258522033691406,-332.1611328125,284.8755187988281,-11.341309547424316,lower,9,2025-11-18T16:21:48.308051,my_hand_data\videos\lower_seq9_20251118_162147_488693.avi,89.81550772020417,360,90,HIGH,VIDEO_RECORDING,2025-11-18T16:21:51.580073
2025-11-18 16:21:48.318439,74,1189,HandType.Right,0.7693848609924316,-254.33978271484375,302.91241455078125,21.412189483642578,-0.03580222278833389,-0.9957488775253296,-0.08486669510602951,130.8087615966797,-68.12957000732422,-25.25072479248047,0.0,0.0,51.80155563354492,1,1,1,1,1,-304.9272155761719,294.6484069824219,52.7772102355957,-330.7569885253906,284.1221923828125,-11.93379020690918,lower,9,2025-11-18T16:21:48.318439,my_hand_data\videos\lower_seq9_20251118_162147_488693.avi,89.81550772020417,360,90,HIGH,VIDEO_RECORDING,2025-11-18T16:21:51.580073
2025-11-18 16:21:48.328689,75,1189,HandType.Right,0.7726684212684631,-253.1670684814453,302.3467102050781,21.22980308532715,-0.036647241562604904,-0.995581328868866,-0.08645682036876678,106.09001159667969,-51.17702102661133,-16.499523162841797,0.0,0.0,51.63884353637695,1,1,1,1,1,-303.7781677246094,294.1139221191406,52.25598907470703,-329.85223388671875,283.9064636230469,-12.477749824523926,lower,9,2025-11-18T16:21:48.328689,my_hand_data\videos\lower_seq9_20251118_162147_488693.avi,89.81550772020417,360,90,HIGH,VIDEO_RECORDING,2025-11-18T16:21:51.580073
2025-11-18 16:21:48.338850,76,1189,HandType.Right,0.7753930687904358,-251.90118408203125,301.7857360839844,21.020263671875,-0.03712950646877289,-0.9954892992973328,-0.0873064398765564,114.09504699707031,-50.55984878540039,-18.88597297668457,0.0,0.0,51.57978057861328,1,1,1,1,1,-302.4765319824219,293.47479248046875,51.62055587768555,-328.65899658203125,283.4881896972656,-13.012211799621582,lower,9,2025-11-18T16:21:48.338850,my_hand_data\videos\lower_seq9_20251118_162147_488693.avi,89.81550772020417,360,90,HIGH,VIDEO_RECORDING,2025-11-18T16:21:51.580073
2025-11-18 16:21:48.349164,77,1189,HandType.Right,0.7756495475769043,-250.36434936523438,301.09552001953125,20.897199630737305,-0.03922862932085991,-0.9954500198364258,-0.08683548867702484,137.74659729003906,-61.86570358276367,-11.030143737792969,0.0,0.0,51.46434783935547,1,1,1,1,1,-300.8486022949219,292.506591796875,51.086246490478516,-326.677978515625,282.62188720703125,-13.408998489379883,lower,9,2025-11-18T16:21:48.349164,my_hand_data\videos\lower_seq9_20251118_162147_488693.avi,89.81550772020417,360,90,HIGH,VIDEO_RECORDING,2025-11-18T16:21:51.580073
2025-11-18 16:21:48.359251,78,1189,HandType.Right,0.777442455291748,-248.85243225097656,300.2481994628906,20.705411911010742,-0.04120906814932823,-0.9952649474143982,-0.08803156018257141,137.07333374023438,-76.81768798828125,-17.38791275024414,0.0,0.0,51.445003509521484,1,1,1,1,1,-299.24896240234375,291.3683166503906,50.67189407348633,-325.10247802734375,281.8812561035156,-13.834826469421387,lower,9,2025-11-18T16:21:48.359251,my_hand_data\videos\lower_seq9_20251118_162147_488693.avi,89.81550772020417,360,90,HIGH,VIDEO_RECORDING,2025-11-18T16:21:51.580073
2025-11-18 16:21:48.379813,79,1189,HandType.Right,0.7829411625862122,-246.49832153320312,299.0214538574219,20.260820388793945,-0.04499741271138191,-0.994904637336731,-0.09022175520658493,91.53052520751953,-39.19409942626953,-19.235931396484375,0.0,0.0,51.412681579589844,1,1,1,1,1,-296.7877502441406,289.9112854003906,49.79890441894531,-322.58831787109375,280.720703125,-14.651347160339355,lower,9,2025-11-18T16:21:48.379813,my_hand_data\videos\lower_seq9_20251118_162147_488693.avi,89.81550772020417,360,90,HIGH,VIDEO_RECORDING,2025-11-18T16:21:51.580073
2025-11-18 16:21:48.379813,80,1189,HandType.Right,0.7829411625862122,-246.49832153320312,299.0214538574219,20.260820388793945,-0.04499741271138191,-0.994904637336731,-0.09022175520658493,91.53052520751953,-39.19409942626953,-19.235931396484375,0.0,0.0,51.412681579589844,1,1,1,1,1,-296.7877502441406,289.9112854003906,49.79890441894531,-322.58831787109375,280.720703125,-14.651347160339355,lower,9,2025-11-18T16:21:48.379813,my_hand_data\videos\lower_seq9_20251118_162147_488693.avi,89.81550772020417,360,90,HIGH,VIDEO_RECORDING,2025-11-18T16:21:51.580073
2025-11-18 16:21:48.400118,81,1189,HandType.Right,0.7845330834388733,-245.49908447265625,298.53765869140625,20.0361328125,-0.04726875573396683,-0.9947519302368164,-0.09074284881353378,88.30221557617188,-42.75465393066406,-19.855695724487305,0.0,0.0,51.42624282836914,1,1,1,1,1,-295.6336975097656,289.1748352050781,49.32419204711914,-321.3199157714844,280.1636962890625,-15.088299751281738,lower,9,2025-11-18T16:21:48.400118,my_hand_data\videos\lower_seq9_20251118_162147_488693.avi,89.81550772020417,360,90,HIGH,VIDEO_RECORDING,2025-11-18T16:21:51.580073
2025-11-18 16:21:48.403612,82,1189,HandType.Right,0.7853556275367737,-244.53944396972656,298.0216369628906,19.90616226196289,-0.04890764132142067,-0.9943810105323792,-0.09388525038957596,89.26057434082031,-47.9954948425293,-12.089147567749023,0.0,0.0,51.414939880371094,1,1,1,1,1,-294.60845947265625,288.50335693359375,49.018123626708984,-320.0292663574219,279.6405334472656,-15.406638145446777,lower,9,2025-11-18T16:21:48.403612,my_hand_data\videos\lower_seq9_20251118_162147_488693.avi,89.81550772020417,360,90,HIGH,VIDEO_RECORDING,2025-11-18T16:21:51.580073
2025-11-18 16:21:48.420504,83,1189,HandType.Right,0.7852040529251099,-243.4376220703125,297.235595703125,19.702974319458008,-0.04917462542653084,-0.9943640828132629,-0.09392490983009338,98.63227081298828,-70.36434936523438,-18.188976287841797,0.0,0.0,51.37955093383789,1,1,1,1,1,-293.6004943847656,287.6935119628906,48.70513916015625,-319.18548583984375,279.5816650390625,-15.719797134399414,lower,9,2025-11-18T16:21:48.420504,my_hand_data\videos\lower_seq9_20251118_162147_488693.avi,89.81550772020417,360,90,HIGH,VIDEO_RECORDING,2025-11-18T16:21:51.580073
2025-11-18 16:21:48.423276,84,1189,HandType.Right,0.7846704125404358,-242.21400451660156,296.3223571777344,19.509366989135742,-0.04875127598643303,-0.994395911693573,-0.09380895644426346,108.05575561523438,-80.6465835571289,-17.097021102905273,0.0,0.0,51.42593765258789,1,1,1,1,1,-292.41424560546875,286.6756286621094,48.39143753051758,-318.0301208496094,278.8652648925781,-16.284927368164062,lower,9,2025-11-18T16:21:48.423276,my_hand_data\videos\lower_seq9_20251118_162147_488693.avi,89.81550772020417,360,90,HIGH,VIDEO_RECORDING,2025-11-18T16:21:51.580073
2025-11-18 16:21:48.440984,85,1189,HandType.Right,0.7856746315956116,-241.15194702148438,295.6518859863281,19.343931198120117,-0.04831851273775101,-0.9941677451133728,-0.09641503542661667,99.1927719116211,-62.62159729003906,-15.45123291015625,0.0,0.0,51.40316390991211,1,1,1,1,1,-291.3514099121094,285.8432922363281,47.97585678100586,-317.0068664550781,278.3459777832031,-16.71792221069336,lower,9,2025-11-18T16:21:48.440984,my_hand_data\videos\lower_seq9_20251118_162147_488693.avi,89.81550772020417,360,90,HIGH,VIDEO_RECORDING,2025-11-18T16:21:51.580073
2025-11-18 16:21:48.451294,86,1189,HandType.Right,0.787420928478241,-240.20822143554688,295.03607177734375,19.181787490844727,-0.04627928137779236,-0.9940041899681091,-0.0990653783082962,84.23112487792969,-54.962276458740234,-14.471959114074707,0.0,0.0,51.53878402709961,1,1,1,1,1,-290.330810546875,284.961669921875,47.583595275878906,-315.94720458984375,277.701171875,-17.324323654174805,lower,9,2025-11-18T16:21:48.451294,my_hand_data\videos\lower_seq9_20251118_162147_488693.avi,89.81550772020417,360,90,HIGH,VIDEO_RECORDING,2025-11-18T16:21:51.580073
2025-11-18 16:21:48.461551,87,1189,HandType.Right,0.7870778441429138,-239.4104461669922,294.518798828125,19.037158966064453,-0.044809285551309586,-0.9934204816818237,-0.10539398342370987,71.96182250976562,-46.65983581542969,-13.045948028564453,0.0,0.0,51.623233795166016,1,1,1,1,1,-289.39764404296875,284.32366943359375,47.212310791015625,-315.2164001464844,277.70452880859375,-17.77762794494629,lower,9,2025-11-18T16:21:48.461551,my_hand_data\videos\lower_seq9_20251118_162147_488693.avi,89.81550772020417,360,90,HIGH,VIDEO_RECORDING,2025-11-18T16:21:51.580073
2025-11-18 16:21:48.472039,88,1189,HandType.Right,0.7870778441429138,-239.4104461669922,294.518798828125,19.037158966064453,-0.044809285551309586,-0.9934204816818237,-0.10539398342370987,71.96182250976562,-46.65983581542969,-13.045948028564453,0.0,0.0,51.623233795166016,1,1,1,1,1,-289.39764404296875,284.32366943359375,47.212310791015625,-315.2164001464844,277.70452880859375,-17.77762794494629,lower,9,2025-11-18T16:21:48.472039,my_hand_data\videos\lower_seq9_20251118_162147_488693.avi,89.81550772020417,360,90,HIGH,VIDEO_RECORDING,2025-11-18T16:21:51.580073
2025-11-18 16:21:48.482328,89,1189,HandType.Right,0.7849993109703064,-237.25636291503906,293.0724792480469,18.89356803894043,-0.043173518031835556,-0.9925418496131897,-0.11400328576564789,101.32340240478516,-68.67301940917969,-3.3493847846984863,0.0,0.0,51.649837493896484,1,1,1,1,1,-287.1031799316406,282.3346252441406,46.54679870605469,-311.7081604003906,275.7396240234375,-18.627376556396484,lower,9,2025-11-18T16:21:48.482328,my_hand_data\videos\lower_seq9_20251118_162147_488693.avi,89.81550772020417,360,90,HIGH,VIDEO_RECORDING,2025-11-18T16:21:51.580073
2025-11-18 16:21:48.492421,90,1189,HandType.Right,0.7858190536499023,-236.26095581054688,292.39520263671875,18.775711059570312,-0.042024340480566025,-0.9923699498176575,-0.11591316014528275,88.64624786376953,-60.31547927856445,-10.495769500732422,0.0,0.0,51.74108123779297,1,1,1,1,1,-286.1726379394531,281.4485778808594,46.157371520996094,-310.5603942871094,274.9889221191406,-19.140186309814453,lower,9,2025-11-18T16:21:48.492421,my_hand_data\videos\lower_seq9_20251118_162147_488693.avi,89.81550772020417,360,90,HIGH,VIDEO_RECORDING,2025-11-18T16:21:51.580073
2025-11-18 16:21:48.513188,91,1189,HandType.Right,0.7866527438163757,-235.26873779296875,291.6539611816406,18.614639282226562,-0.04087791591882706,-0.9922361969947815,-0.11745769530534744,89.30056762695312,-66.71443176269531,-14.496696472167969,0.0,0.0,51.828590393066406,1,1,1,1,1,-285.180419921875,280.46099853515625,45.765079498291016,-309.301025390625,274.1762390136719,-19.622989654541016,lower,9,2025-11-18T16:21:48.513188,my_hand_data\videos\lower_seq9_20251118_162147_488693.avi,89.81550772020417,360,90,HIGH,VIDEO_RECORDING,2025-11-18T16:21:51.580073
2025-11-18 16:21:48.515197,92,1189,HandType.Right,0.7867596745491028,-234.28359985351562,290.8154602050781,18.39479637145996,-0.04008396714925766,-0.9921137094497681,-0.11875909566879272,88.90315246582031,-75.6674575805664,-19.839540481567383,0.0,0.0,51.88397979736328,1,1,1,1,1,-284.1492614746094,279.2303771972656,45.37849044799805,-308.3111267089844,273.3895263671875,-20.188264846801758,lower,9,2025-11-18T16:21:48.515197,my_hand_data\videos\lower_seq9_20251118_162147_488693.avi,89.81550772020417,360,90,HIGH,VIDEO_RECORDING,2025-11-18T16:21:51.580073
2025-11-18 16:21:48.533367,93,1189,HandType.Right,0.7873252630233765,-233.269287109375,289.9932556152344,18.121856689453125,-0.039045318961143494,-0.9919332265853882,-0.1205982118844986,91.33106231689453,-74.03380584716797,-24.575979232788086,0.0,0.0,51.90557861328125,1,1,1,1,1,-282.858642578125,277.73687744140625,44.795841217041016,-307.34521484375,272.6917419433594,-20.659934997558594,lower,9,2025-11-18T16:21:48.533367,my_hand_data\videos\lower_seq9_20251118_162147_488693.avi,89.81550772020417,360,90,HIGH,VIDEO_RECORDING,2025-11-18T16:21:51.580073
2025-11-18 16:21:48.538904,94,1189,HandType.Right,0.7887516021728516,-232.2829132080078,289.0977783203125,17.89461326599121,-0.03867249935865402,-0.9912362098693848,-0.12631399929523468,88.67835998535156,-80.50553894042969,-20.429908752441406,0.0,0.0,51.963687896728516,1,1,1,1,1,-281.8280334472656,276.74615478515625,44.39627456665039,-306.166015625,271.7763366699219,-21.204469680786133,lower,9,2025-11-18T16:21:48.538904,my_hand_data\videos\lower_seq9_20251118_162147_488693.avi,89.81550772020417,360,90,HIGH,VIDEO_RECORDING,2025-11-18T16:21:51.580073
2025-11-18 16:21:48.554111,95,1189,HandType.Right,0.7911718487739563,-231.35336303710938,288.09088134765625,17.67751693725586,-0.0356798991560936,-0.990889847278595,-0.12986227869987488,83.5620346069336,-90.51795196533203,-19.51604461669922,0.0,0.0,52.087791442871094,1,1,1,1,1,-280.90130615234375,275.6661071777344,44.09334182739258,-304.94207763671875,270.5529479980469,-21.911582946777344,lower,9,2025-11-18T16:21:48.554111,my_hand_data\videos\lower_seq9_20251118_162147_488693.avi,89.81550772020417,360,90,HIGH,VIDEO_RECORDING,2025-11-18T16:21:51.580073
2025-11-18 16:21:48.557840,96,1189,HandType.Right,0.7911718487739563,-231.35336303710938,288.09088134765625,17.67751693725586,-0.0356798991560936,-0.990889847278595,-0.12986227869987488,83.5620346069336,-90.51795196533203,-19.51604461669922,0.0,0.0,52.087791442871094,1,1,1,1,1,-280.90130615234375,275.6661071777344,44.09334182739258,-304.94207763671875,270.5529479980469,-21.911582946777344,lower,9,2025-11-18T16:21:48.557840,my_hand_data\videos\lower_seq9_20251118_162147_488693.avi,89.81550772020417,360,90,HIGH,VIDEO_RECORDING,2025-11-18T16:21:51.580073
2025-11-18 16:21:48.574680,97,1189,HandType.Right,0.7952175140380859,-229.86480712890625,286.4219665527344,17.237375259399414,-0.030185606330633163,-0.9898526072502136,-0.13885457813739777,68.37737274169922,-69.70169830322266,-16.820171356201172,0.0,0.0,52.19731140136719,1,1,1,1,1,-279.3190002441406,273.71240234375,43.365081787109375,-302.8398132324219,268.343994140625,-22.703006744384766,lower,9,2025-11-18T16:21:48.574680,my_hand_data\videos\lower_seq9_20251118_162147_488693.avi,89.81550772020417,360,90,HIGH,VIDEO_RECORDING,2025-11-18T16:21:51.580073
2025-11-18 16:21:48.585003,98,1189,HandType.Right,0.7954752445220947,-228.91812133789062,285.4638977050781,17.09147071838379,-0.028130820021033287,-0.9893018007278442,-0.14314544200897217,85.17218017578125,-86.19442749023438,-13.12667465209961,0.0,0.0,52.23038864135742,1,1,1,1,1,-278.06646728515625,272.2970886230469,42.881980895996094,-301.7411804199219,267.374755859375,-23.059253692626953,lower,9,2025-11-18T16:21:48.585003,my_hand_data\videos\lower_seq9_20251118_162147_488693.avi,89.81550772020417,360,90,HIGH,VIDEO_RECORDING,2025-11-18T16:21:51.580073
2025-11-18 16:21:48.595239,99,1189,HandType.Right,0.796430230140686,-227.82171630859375,284.4678039550781,16.96535873413086,-0.026979535818099976,-0.9890627861022949,-0.14500661194324493,98.23555755615234,-89.24876403808594,-11.299347877502441,0.0,0.0,52.253395080566406,1,1,1,1,1,-276.7913818359375,270.9203186035156,42.527645111083984,-300.63787841796875,266.3731994628906,-23.262081146240234,lower,9,2025-11-18T16:21:48.595239,my_hand_data\videos\lower_seq9_20251118_162147_488693.avi,89.81550772020417,360,90,HIGH,VIDEO_RECORDING,2025-11-18T16:21:51.580073
2025-11-18 16:21:48.605301,100,1189,HandType.Right,0.7971473932266235,-226.8299102783203,283.4614562988281,16.721467971801758,-0.02633158303797245,-0.9889926314353943,-0.14560310542583466,89.2476806640625,-90.55625915527344,-21.946563720703125,0.0,0.0,52.28560256958008,1,1,1,1,1,-275.7542419433594,269.7045593261719,42.17033386230469,-299.5882263183594,265.33984375,-23.536500930786133,lower,9,2025-11-18T16:21:48.605301,my_hand_data\videos\lower_seq9_20251118_162147_488693.avi,89.81550772020417,360,90,HIGH,VIDEO_RECORDING,2025-11-18T16:21:51.580073
2025-11-18 16:21:48.615371,101,1189,HandType.Right,0.7998175621032715,-225.832275390625,282.435302734375,16.571868896484375,-0.025395933538675308,-0.9887142777442932,-0.14764536917209625,89.95838928222656,-92.52820587158203,-13.4895601272583,0.0,0.0,52.16368103027344,1,1,1,1,1,-274.7540588378906,268.4520263671875,41.72752380371094,-298.7362060546875,264.4999084472656,-23.785953521728516,lower,9,2025-11-18T16:21:48.615371,my_hand_data\videos\lower_seq9_20251118_162147_488693.avi,89.81550772020417,360,90,HIGH,VIDEO_RECORDING,2025-11-18T16:21:51.580073
2025-11-18 16:21:48.625493,102,1189,HandType.Right,0.8016296625137329,-224.75616455078125,281.3160400390625,16.447322845458984,-0.024768441915512085,-0.9886852502822876,-0.1479458510875702,96.40754699707031,-100.27375030517578,-11.157891273498535,0.0,0.0,52.169002532958984,1,1,1,1,1,-273.29595947265625,266.7887268066406,41.31990432739258,-297.78875732421875,263.4795837402344,-24.03814125061035,lower,9,2025-11-18T16:21:48.625493,my_hand_data\videos\lower_seq9_20251118_162147_488693.avi,89.81550772020417,360,90,HIGH,VIDEO_RECORDING,2025-11-18T16:21:51.580073
2025-11-18 16:21:48.645808,103,1189,HandType.Right,0.8031870722770691,-223.5319366455078,280.0808410644531,16.3594970703125,-0.02453388273715973,-0.9885915517807007,-0.14860954880714417,111.26277923583984,-112.26185607910156,-7.982059001922607,0.0,0.0,52.14727783203125,1,1,1,1,1,-272.0277099609375,265.4559631347656,41.08325958251953,-296.578857421875,262.22625732421875,-24.272218704223633,lower,9,2025-11-18T16:21:48.645808,my_hand_data\videos\lower_seq9_20251118_162147_488693.avi,89.81550772020417,360,90,HIGH,VIDEO_RECORDING,2025-11-18T16:21:51.580073
2025-11-18 16:21:48.645808,104,1189,HandType.Right,0.8041495084762573,-222.3408966064453,278.7988586425781,16.25904655456543,-0.024508997797966003,-0.9884290099143982,-0.14969107508659363,107.43651580810547,-115.63819122314453,-9.060991287231445,0.0,0.0,52.18648910522461,1,1,1,1,1,-270.8905944824219,264.1717834472656,40.954498291015625,-295.457275390625,261.01080322265625,-24.492300033569336,lower,9,2025-11-18T16:21:48.645808,my_hand_data\videos\lower_seq9_20251118_162147_488693.avi,89.81550772020417,360,90,HIGH,VIDEO_RECORDING,2025-11-18T16:21:51.580073
2025-11-18 16:21:48.666568,105,1189,HandType.Right,0.8063764572143555,-221.27084350585938,277.6681823730469,16.241531372070312,-0.023500865325331688,-0.9883172512054443,-0.15058794617652893,94.24529266357422,-99.58358001708984,-1.5426379442214966,0.0,0.0,52.245662689208984,1,1,1,1,1,-269.850830078125,263.0354309082031,40.899497985839844,-294.4526672363281,259.8864440917969,-24.816390991210938,lower,9,2025-11-18T16:21:48.666568,my_hand_data\videos\lower_seq9_20251118_162147_488693.avi,89.81550772020417,360,90,HIGH,VIDEO_RECORDING,2025-11-18T16:21:51.580073
2025-11-18 16:21:48.666568,106,1189,HandType.Right,0.8082660436630249,-220.22308349609375,276.6348571777344,16.26261329650879,-0.022563714534044266,-0.9883277416229248,-0.15066243708133698,95.59758758544922,-94.28397369384766,1.9235584735870361,0.0,0.0,52.218387603759766,1,1,1,1,1,-268.60809326171875,261.6620178222656,40.6805419921875,-293.24639892578125,258.48138427734375,-25.048551559448242,lower,9,2025-11-18T16:21:48.666568,my_hand_data\videos\lower_seq9_20251118_162147_488693.avi,89.81550772020417,360,90,HIGH,VIDEO_RECORDING,2025-11-18T16:21:51.580073
2025-11-18 16:21:48.686723,107,1189,HandType.Right,0.8085182905197144,-219.14649963378906,275.4978942871094,16.199676513671875,-0.021080734208226204,-0.9883630871772766,-0.15064549446105957,96.88553619384766,-102.31814575195312,-5.663884162902832,0.0,0.0,52.26309585571289,1,1,1,1,1,-267.56768798828125,260.4996337890625,40.55244445800781,-292.0013427734375,257.1255187988281,-25.264850616455078,lower,9,2025-11-18T16:21:48.686723,my_hand_data\videos\lower_seq9_20251118_162147_488693.avi,89.81550772020417,360,90,HIGH,VIDEO_RECORDING,2025-11-18T16:21:51.580073
2025-11-18 16:21:48.688734,108,1189,HandType.Right,0.8095073699951172,-218.02630615234375,274.36309814453125,16.185638427734375,-0.02091677300632,-0.9882308840751648,-0.15153290331363678,100.07093048095703,-101.37386322021484,-1.2541477680206299,0.0,0.0,52.28400421142578,1,1,1,1,1,-266.4992980957031,259.2847595214844,40.4616584777832,-290.6004333496094,255.70404052734375,-25.405006408691406,lower,9,2025-11-18T16:21:48.688734,my_hand_data\videos\lower_seq9_20251118_162147_488693.avi,89.81550772020417,360,90,HIGH,VIDEO_RECORDING,2025-11-18T16:21:51.580073
2025-11-18 16:21:48.707459,109,1189,HandType.Right,0.8109077215194702,-216.8836669921875,273.2215576171875,16.172990798950195,-0.020851988345384598,-0.9881699681282043,-0.151938334107399,103.42536163330078,-103.32556915283203,-1.144694209098816,0.0,0.0,52.32705307006836,1,1,1,1,1,-265.3798828125,258.03778076171875,40.38533020019531,-289.42877197265625,254.51097106933594,-25.539663314819336,lower,9,2025-11-18T16:21:48.707459,my_hand_data\videos\lower_seq9_20251118_162147_488693.avi,89.81550772020417,360,90,HIGH,VIDEO_RECORDING,2025-11-18T16:21:51.580073
2025-11-18 16:21:48.717501,110,1189,HandType.Right,0.8109548687934875,-215.59722900390625,271.98846435546875,16.339935302734375,-0.02082599699497223,-0.9879341125488281,-0.15346816182136536,117.89098358154297,-113.00431060791016,15.299049377441406,0.0,0.0,52.318199157714844,1,1,1,1,1,-264.1129150390625,256.7813720703125,40.39894485473633,-287.9820251464844,253.21644592285156,-25.662303924560547,lower,9,2025-11-18T16:21:48.717501,my_hand_data\videos\lower_seq9_20251118_162147_488693.avi,89.81550772020417,360,90,HIGH,VIDEO_RECORDING,2025-11-18T16:21:51.580073
2025-11-18 16:21:48.727955,111,1189,HandType.Right,0.8127164244651794,-214.3002471923828,270.7979431152344,16.551361083984375,-0.020178621634840965,-0.9877417683601379,-0.1547870934009552,114.63532257080078,-105.22595977783203,18.68718910217285,0.0,0.0,52.251007080078125,1,1,1,1,1,-262.8122863769531,255.4105224609375,40.3812370300293,-286.42559814453125,251.7988739013672,-25.78836441040039,lower,9,2025-11-18T16:21:48.727955,my_hand_data\videos\lower_seq9_20251118_162147_488693.avi,89.81550772020417,360,90,HIGH,VIDEO_RECORDING,2025-11-18T16:21:51.580073
2025-11-18 16:21:48.738076,112,1189,HandType.Right,0.8141119480133057,-213.068115234375,269.68035888671875,16.681360244750977,-0.020263900980353355,-0.9875757694244385,-0.15583166480064392,111.75901794433594,-101.36747741699219,11.791269302368164,0.0,0.0,52.30181884765625,1,1,1,1,1,-261.63116455078125,254.19557189941406,40.3742561340332,-285.0482482910156,250.54344177246094,-25.900484085083008,lower,9,2025-11-18T16:21:48.738076,my_hand_data\videos\lower_seq9_20251118_162147_488693.avi,89.81550772020417,360,90,HIGH,VIDEO_RECORDING,2025-11-18T16:21:51.580073
2025-11-18 16:21:48.748172,113,1189,HandType.Right,0.8150695562362671,-211.8172149658203,268.41192626953125,16.691539764404297,-0.020304817706346512,-0.987535834312439,-0.15607929229736328,113.44886779785156,-115.04154205322266,0.9232311248779297,0.0,0.0,51.71036148071289,1,1,1,1,1,-260.2734680175781,252.7841339111328,40.28493118286133,-283.5849304199219,249.16380310058594,-26.01881217956543,lower,9,2025-11-18T16:21:48.748172,my_hand_data\videos\lower_seq9_20251118_162147_488693.avi,89.81550772020417,360,90,HIGH,VIDEO_RECORDING,2025-11-18T16:21:51.580073
2025-11-18 16:21:48.758238,114,1189,HandType.Right,0.8169788718223572,-210.6015167236328,267.2076721191406,16.643369674682617,-0.01972208544611931,-0.9877853989601135,-0.15456710755825043,107.7372817993164,-106.7200698852539,-4.26885461807251,0.0,0.0,52.10162353515625,1,1,1,1,1,-258.9765319824219,251.46762084960938,40.233463287353516,-282.5083312988281,248.05810546875,-26.23785400390625,lower,9,2025-11-18T16:21:48.758238,my_hand_data\videos\lower_seq9_20251118_162147_488693.avi,89.81550772020417,360,90,HIGH,VIDEO_RECORDING,2025-11-18T16:21:51.580073
2025-11-18 16:21:48.778722,115,1189,HandType.Right,0.8165514469146729,-209.25146484375,265.9289245605469,16.702655792236328,-0.020392820239067078,-0.9880824685096741,-0.15256857872009277,120.08917236328125,-113.74686431884766,5.273566246032715,0.0,0.0,51.53225326538086,1,1,1,1,1,-257.59515380859375,250.13076782226562,40.14625549316406,-281.08819580078125,246.83523559570312,-26.27098846435547,lower,9,2025-11-18T16:21:48.778722,my_hand_data\videos\lower_seq9_20251118_162147_488693.avi,89.81550772020417,360,90,HIGH,VIDEO_RECORDING,2025-11-18T16:21:51.580073
2025-11-18 16:21:48.778722,116,1189,HandType.Right,0.8166934847831726,-207.92642211914062,264.6182861328125,16.83409881591797,-0.020800240337848663,-0.9883004426956177,-0.15109452605247498,119.81660461425781,-118.51376342773438,11.885663032531738,0.0,0.0,51.52870559692383,1,1,1,1,1,-256.2673645019531,248.82168579101562,40.13105392456055,-279.6457824707031,245.58926391601562,-26.323423385620117,lower,9,2025-11-18T16:21:48.778722,my_hand_data\videos\lower_seq9_20251118_162147_488693.avi,89.81550772020417,360,90,HIGH,VIDEO_RECORDING,2025-11-18T16:21:51.580073
2025-11-18 16:21:48.799048,117,1189,HandType.Right,0.8183351755142212,-206.689208984375,263.3450927734375,16.886953353881836,-0.020904844626784325,-0.9882708787918091,-0.15127341449260712,112.41181182861328,-115.68222045898438,4.802278518676758,0.0,0.0,50.911956787109375,1,1,1,1,1,-254.9968719482422,247.46176147460938,40.02143478393555,-278.32940673828125,244.40213012695312,-26.38217544555664,lower,9,2025-11-18T16:21:48.799048,my_hand_data\videos\lower_seq9_20251118_162147_488693.avi,89.81550772020417,360,90,HIGH,VIDEO_RECORDING,2025-11-18T16:21:51.580073
2025-11-18 16:21:48.803104,118,1189,HandType.Right,0.820482075214386,-205.56784057617188,262.097900390625,16.827905654907227,-0.02035417966544628,-0.9882614016532898,-0.15141043066978455,100.83377838134766,-112.14688110351562,-5.3095479011535645,0.0,0.0,50.10367965698242,1,1,1,1,1,-253.6793975830078,246.08193969726562,39.96017074584961,-277.11541748046875,243.15789794921875,-26.533863067626953,lower,9,2025-11-18T16:21:48.803104,my_hand_data\videos\lower_seq9_20251118_162147_488693.avi,89.81550772020417,360,90,HIGH,VIDEO_RECORDING,2025-11-18T16:21:51.580073
2025-11-18 16:21:48.819557,119,1189,HandType.Right,0.8223743438720703,-204.48118591308594,260.938232421875,16.80805015563965,-0.02047540806233883,-0.9883754849433899,-0.1506476253271103,97.01360321044922,-103.5333480834961,-1.7726458311080933,0.0,0.0,50.08866500854492,1,1,1,1,1,-252.39747619628906,244.7654266357422,39.88965606689453,-275.8485412597656,241.98114013671875,-26.72233009338379,lower,9,2025-11-18T16:21:48.819557,my_hand_data\videos\lower_seq9_20251118_162147_488693.avi,89.81550772020417,360,90,HIGH,VIDEO_RECORDING,2025-11-18T16:21:51.580073
2025-11-18 16:21:48.829629,120,1189,HandType.Right,0.8238387703895569,-203.2850799560547,259.8408508300781,16.85662841796875,-0.020232917740941048,-0.9885196685791016,-0.14973151683807373,107.41978454589844,-98.55216979980469,4.362630367279053,0.0,0.0,49.11268997192383,1,1,1,1,1,-251.03387451171875,243.46926879882812,39.79384994506836,-274.61541748046875,240.87081909179688,-26.80419921875,lower,9,2025-11-18T16:21:48.829629,my_hand_data\videos\lower_seq9_20251118_162147_488693.avi,89.81550772020417,360,90,HIGH,VIDEO_RECORDING,2025-11-18T16:21:51.580073
2025-11-18 16:21:48.839366,121,1189,HandType.Right,0.824073076248169,-202.03282165527344,258.7125549316406,16.993688583374023,-0.021082153543829918,-0.9887865781784058,-0.1478399634361267,113.92378997802734,-102.64886474609375,12.469147682189941,0.0,0.0,48.94002914428711,1,1,1,1,1,-249.6618194580078,242.1331329345703,39.75221633911133,-273.1174621582031,239.64694213867188,-26.86139488220215,lower,9,2025-11-18T16:21:48.839366,my_hand_data\videos\lower_seq9_20251118_162147_488693.avi,89.81550772020417,360,90,HIGH,VIDEO_RECORDING,2025-11-18T16:21:51.580073
2025-11-18 16:21:48.849440,122,1189,HandType.Right,0.8254110813140869,-200.7764129638672,257.5798645019531,17.150741577148438,-0.020641950890421867,-0.9887760877609253,-0.1479722112417221,113.84642791748047,-102.63501739501953,14.230976104736328,0.0,0.0,47.36852264404297,1,1,1,1,1,-248.31491088867188,240.7688446044922,39.65578842163086,-271.4598693847656,238.1949462890625,-26.99142074584961,lower,9,2025-11-18T16:21:48.849440,my_hand_data\videos\lower_seq9_20251118_162147_488693.avi,89.81550772020417,360,90,HIGH,VIDEO_RECORDING,2025-11-18T16:21:51.580073
2025-11-18 16:21:48.859456,123,1189,HandType.Right,0.8265742659568787,-199.7265625,256.5458679199219,17.15317726135254,-0.019536558538675308,-0.988877534866333,-0.14744319021701813,94.58084106445312,-93.15338897705078,0.21939639747142792,0.0,0.0,47.129249572753906,1,1,1,1,1,-247.2804412841797,239.67689514160156,39.60489273071289,-270.1193542480469,236.975830078125,-27.21036720275879,lower,9,2025-11-18T16:21:48.859456,my_hand_data\videos\lower_seq9_20251118_162147_488693.avi,89.81550772020417,360,90,HIGH,VIDEO_RECORDING,2025-11-18T16:21:51.580073
2025-11-18 16:21:48.879456,124,1189,HandType.Right,0.8275734782218933,-198.65567016601562,255.4102783203125,17.09756851196289,-0.018633192405104637,-0.9889209270477295,-0.1472690850496292,95.83000183105469,-101.61796569824219,-4.976233005523682,0.0,0.0,47.71458435058594,1,1,1,1,1,-246.30406188964844,238.65463256835938,39.578468322753906,-269.0994567871094,235.97499084472656,-27.473020553588867,lower,9,2025-11-18T16:21:48.879456,my_hand_data\videos\lower_seq9_20251118_162147_488693.avi,89.81550772020417,360,90,HIGH,VIDEO_RECORDING,2025-11-18T16:21:51.580073
2025-11-18 16:21:48.883754,125,1189,HandType.Right,0.8282308578491211,-197.3777618408203,254.09535217285156,17.154741287231445,-0.018918603658676147,-0.9890016317367554,-0.1466895192861557,114.44540405273438,-117.7616195678711,5.120275020599365,0.0,0.0,47.17687225341797,1,1,1,1,1,-245.0458221435547,237.32965087890625,39.49942398071289,-267.756591796875,234.69740295410156,-27.581859588623047,lower,9,2025-11-18T16:21:48.883754,my_hand_data\videos\lower_seq9_20251118_162147_488693.avi,89.81550772020417,360,90,HIGH,VIDEO_RECORDING,2025-11-18T16:21:51.580073
2025-11-18 16:21:48.899774,126,1189,HandType.Right,0.828548014163971,-196.1350555419922,252.7899932861328,17.20446014404297,-0.0199478417634964,-0.9890674948692322,-0.14610807597637177,110.45357513427734,-116.021240234375,4.419119834899902,0.0,0.0,47.696712493896484,1,1,1,1,1,-243.95468139648438,236.0438995361328,39.494171142578125,-266.3971252441406,233.4074249267578,-27.68789291381836,lower,9,2025-11-18T16:21:48.899774,my_hand_data\videos\lower_seq9_20251118_162147_488693.avi,89.81550772020417,360,90,HIGH,VIDEO_RECORDING,2025-11-18T16:21:51.580073
2025-11-18 16:21:48.905232,127,1189,HandType.Right,0.8297542929649353,-195.00082397460938,251.6744384765625,17.26317024230957,-0.02002488262951374,-0.989284098148346,-0.14462365210056305,103.68634796142578,-101.97941589355469,5.36700963973999,0.0,0.0,48.090858459472656,1,1,1,1,1,-242.86631774902344,234.86463928222656,39.52497100830078,-265.1209716796875,232.24034118652344,-27.744319915771484,lower,9,2025-11-18T16:21:48.905232,my_hand_data\videos\lower_seq9_20251118_162147_488693.avi,89.81550772020417,360,90,HIGH,VIDEO_RECORDING,2025-11-18T16:21:51.580073
2025-11-18 16:21:48.920190,128,1189,HandType.Right,0.8307873010635376,-194.0132293701172,250.67990112304688,17.374492645263672,-0.02008405327796936,-0.9893826842308044,-0.14393945038318634,90.16682434082031,-90.80089569091797,10.163639068603516,0.0,0.0,48.18635559082031,1,1,1,1,1,-241.88140869140625,233.8032989501953,39.53927993774414,-263.9852600097656,231.21046447753906,-27.744443893432617,lower,9,2025-11-18T16:21:48.920190,my_hand_data\videos\lower_seq9_20251118_162147_488693.avi,89.81550772020417,360,90,HIGH,VIDEO_RECORDING,2025-11-18T16:21:51.580073
2025-11-18 16:21:48.924680,129,1189,HandType.Right,0.8311550617218018,-192.87094116210938,249.5419158935547,17.513879776000977,-0.020114827901124954,-0.9897697567939758,-0.1412488967180252,101.35653686523438,-100.9743881225586,12.367960929870605,0.0,0.0,48.48211669921875,1,1,1,1,1,-240.9575958251953,232.7361297607422,39.61332702636719,-262.6490173339844,229.9805145263672,-27.82974624633789,lower,9,2025-11-18T16:21:48.924680,my_hand_data\videos\lower_seq9_20251118_162147_488693.avi,89.81550772020417,360,90,HIGH,VIDEO_RECORDING,2025-11-18T16:21:51.580073
2025-11-18 16:21:48.940519,130,1189,HandType.Right,0.8311145305633545,-191.67457580566406,248.41578674316406,17.609975814819336,-0.020815929397940636,-0.9901258945465088,-0.13862666487693787,107.96603393554688,-101.62776184082031,8.672117233276367,0.0,0.0,48.98827362060547,1,1,1,1,1,-240.02906799316406,231.68394470214844,39.59770965576172,-261.0586853027344,228.75930786132812,-27.892894744873047,lower,9,2025-11-18T16:21:48.940519,my_hand_data\videos\lower_seq9_20251118_162147_488693.avi,89.81550772020417,360,90,HIGH,VIDEO_RECORDING,2025-11-18T16:21:51.580073
2025-11-18 16:21:48.950554,131,1189,HandType.Right,0.8313853144645691,-190.40232849121094,247.31053161621094,17.725906372070312,-0.020531579852104187,-0.9901412725448608,-0.13855962455272675,115.86932373046875,-100.66036987304688,10.558444023132324,0.0,0.0,49.25090026855469,1,1,1,1,1,-238.999267578125,230.61151123046875,39.569698333740234,-259.7293395996094,227.63214111328125,-28.05415916442871,lower,9,2025-11-18T16:21:48.950554,my_hand_data\videos\lower_seq9_20251118_162147_488693.avi,89.81550772020417,360,90,HIGH,VIDEO_RECORDING,2025-11-18T16:21:51.580073
2025-11-18 16:21:48.960803,132,1189,HandType.Right,0.8317734599113464,-189.2438201904297,246.28628540039062,17.810617446899414,-0.019434619694948196,-0.990103006362915,-0.13899025321006775,103.51253509521484,-91.51627349853516,7.568887710571289,0.0,0.0,50.768672943115234,1,1,1,1,1,-238.2045135498047,229.59527587890625,39.58848190307617,-258.26556396484375,226.49822998046875,-28.1846866607666,lower,9,2025-11-18T16:21:48.960803,my_hand_data\videos\lower_seq9_20251118_162147_488693.avi,89.81550772020417,360,90,HIGH,VIDEO_RECORDING,2025-11-18T16:21:51.580073
2025-11-18 16:21:48.970866,133,1189,HandType.Right,0.8317437767982483,-188.0552520751953,245.14109802246094,17.848243713378906,-0.017852861434221268,-0.9898806810379028,-0.14077472686767578,107.339111328125,-103.4213638305664,3.397930383682251,0.0,0.0,52.126548767089844,1,1,1,1,1,-237.21420288085938,228.43527221679688,39.520931243896484,-257.093017578125,225.49530029296875,-28.37511444091797,lower,9,2025-11-18T16:21:48.970866,my_hand_data\videos\lower_seq9_20251118_162147_488693.avi,89.81550772020417,360,90,HIGH,VIDEO_RECORDING,2025-11-18T16:21:51.580073
2025-11-18 16:21:48.981195,134,1189,HandType.Right,0.8315901756286621,-186.91690063476562,243.99061584472656,17.867300033569336,-0.015632374212145805,-0.9895738959312439,-0.1431751698255539,101.72003173828125,-102.80442810058594,1.7028878927230835,0.0,0.0,53.03798294067383,1,1,1,1,1,-236.18116760253906,227.23069763183594,39.440696716308594,-255.7504119873047,224.38070678710938,-28.58316993713379,lower,9,2025-11-18T16:21:48.981195,my_hand_data\videos\lower_seq9_20251118_162147_488693.avi,89.81550772020417,360,90,HIGH,VIDEO_RECORDING,2025-11-18T16:21:51.580073
2025-11-18 16:21:48.991504,135,1189,HandType.Right,0.8317404985427856,-185.7445831298828,242.867919921875,17.84234046936035,-0.013013980351388454,-0.9893041849136353,-0.14528532326221466,105.39615631103516,-100.93453216552734,-2.2438971996307373,0.0,0.0,53.262142181396484,1,1,1,1,1,-235.09068298339844,226.03553771972656,39.28022766113281,-254.31954956054688,223.2860870361328,-28.917621612548828,lower,9,2025-11-18T16:21:48.991504,my_hand_data\videos\lower_seq9_20251118_162147_488693.avi,89.81550772020417,360,90,HIGH,VIDEO_RECORDING,2025-11-18T16:21:51.580073
2025-11-18 16:21:49.012108,136,1189,HandType.Right,0.8324087262153625,-184.51058959960938,241.6280517578125,17.79503059387207,-0.009416303597390652,-0.9891566634178162,-0.1465618759393692,112.1707763671875,-112.70435333251953,-4.300487995147705,0.0,0.0,53.331459045410156,1,1,1,1,1,-234.02720642089844,224.82041931152344,39.18507766723633,-253.1171112060547,222.30433654785156,-29.28633689880371,lower,9,2025-11-18T16:21:49.012108,my_hand_data\videos\lower_seq9_20251118_162147_488693.avi,89.81550772020417,360,90,HIGH,VIDEO_RECORDING,2025-11-18T16:21:51.580073
2025-11-18 16:21:49.012108,137,1189,HandType.Right,0.8329265117645264,-183.25030517578125,240.4578399658203,17.752099990844727,-0.0076525588519871235,-0.9891214966773987,-0.1469016969203949,112.1053695678711,-104.09286499023438,-3.8187780380249023,0.0,0.0,53.35868835449219,1,1,1,1,1,-232.91073608398438,223.6735382080078,39.066402435302734,-251.8799285888672,221.3131866455078,-29.51786994934082,lower,9,2025-11-18T16:21:49.012108,my_hand_data\videos\lower_seq9_20251118_162147_488693.avi,89.81550772020417,360,90,HIGH,VIDEO_RECORDING,2025-11-18T16:21:51.580073
2025-11-18 16:21:49.032692,138,1189,HandType.Right,0.8344148397445679,-182.05587768554688,239.4847412109375,17.611736297607422,-0.0076442984864115715,-0.9892527461051941,-0.1460154950618744,107.50836181640625,-87.58808898925781,-12.634121894836426,0.0,0.0,53.413330078125,1,1,1,1,1,-231.77455139160156,222.68734741210938,38.821353912353516,-250.54702758789062,220.3740692138672,-29.753803253173828,lower,9,2025-11-18T16:21:49.032692,my_hand_data\videos\lower_seq9_20251118_162147_488693.avi,89.81550772020417,360,90,HIGH,VIDEO_RECORDING,2025-11-18T16:21:51.580073
2025-11-18 16:21:49.032692,139,1189,HandType.Right,0.8356714248657227,-180.95623779296875,238.64950561523438,17.55504035949707,-0.0073820119723677635,-0.9893130660057068,-0.14561989903450012,97.93775177001953,-74.38888549804688,-5.049468040466309,0.0,0.0,53.35289001464844,1,1,1,1,1,-230.71588134765625,221.8177032470703,38.55770492553711,-249.4048309326172,219.6077117919922,-29.94013214111328,lower,9,2025-11-18T16:21:49.032692,my_hand_data\videos\lower_seq9_20251118_162147_488693.avi,89.81550772020417,360,90,HIGH,VIDEO_RECORDING,2025-11-18T16:21:51.580073
2025-11-18 16:21:49.053068,140,1189,HandType.Right,0.8366076350212097,-179.9380645751953,237.7727813720703,17.430938720703125,-0.006868361495435238,-0.9893326759338379,-0.14551177620887756,89.21186065673828,-76.8176040649414,-10.873714447021484,0.0,0.0,53.33694839477539,1,1,1,1,1,-229.7898712158203,221.00473022460938,38.33884048461914,-248.41717529296875,218.9100341796875,-30.145097732543945,lower,9,2025-11-18T16:21:49.053068,my_hand_data\videos\lower_seq9_20251118_162147_488693.avi,89.81550772020417,360,90,HIGH,VIDEO_RECORDING,2025-11-18T16:21:51.580073
2025-11-18 16:21:49.063457,141,1189,HandType.Right,0.8369600772857666,-178.80926513671875,236.7447052001953,17.255887985229492,-0.0070706866681575775,-0.9895496964454651,-0.14401887357234955,103.38909912109375,-94.16426086425781,-16.033170700073242,0.0,0.0,53.28504943847656,1,1,1,1,1,-228.72357177734375,220.03111267089844,37.98492431640625,-247.27096557617188,217.88592529296875,-30.410802841186523,lower,9,2025-11-18T16:21:49.063457,my_hand_data\videos\lower_seq9_20251118_162147_488693.avi,89.81550772020417,360,90,HIGH,VIDEO_RECORDING,2025-11-18T16:21:51.580073
2025-11-18 16:21:49.073464,142,1189,HandType.Right,0.8379033803939819,-177.67910766601562,235.67437744140625,17.033641815185547,-0.007585697341710329,-0.9897971153259277,-0.14228205382823944,101.44964599609375,-96.07852172851562,-19.950298309326172,0.0,0.0,53.26350021362305,1,1,1,1,1,-227.67665100097656,219.0398406982422,37.64866638183594,-246.1007537841797,216.78924560546875,-30.69288444519043,lower,9,2025-11-18T16:21:49.073464,my_hand_data\videos\lower_seq9_20251118_162147_488693.avi,89.81550772020417,360,90,HIGH,VIDEO_RECORDING,2025-11-18T16:21:51.580073
2025-11-18 16:21:49.083496,143,1189,HandType.Right,0.8379033803939819,-177.67910766601562,235.67437744140625,17.033641815185547,-0.007585697341710329,-0.9897971153259277,-0.14228205382823944,101.44964599609375,-96.07852172851562,-19.950298309326172,0.0,0.0,53.26350021362305,1,1,1,1,1,-227.67665100097656,219.0398406982422,37.64866638183594,-246.1007537841797,216.78924560546875,-30.69288444519043,lower,9,2025-11-18T16:21:49.083496,my_hand_data\videos\lower_seq9_20251118_162147_488693.avi,89.81550772020417,360,90,HIGH,VIDEO_RECORDING,2025-11-18T16:21:51.580073
2025-11-18 16:21:49.093602,144,1189,HandType.Right,0.840017557144165,-175.33038330078125,233.76461791992188,16.74418830871582,-0.008045468479394913,-0.9899929761886597,-0.1408870816230774,114.43132019042969,-87.67550659179688,-9.045793533325195,0.0,0.0,53.186607360839844,1,1,1,1,1,-225.50149536132812,217.1375274658203,37.073978424072266,-243.82737731933594,215.07508850097656,-31.14044952392578,lower,9,2025-11-18T16:21:49.093602,my_hand_data\videos\lower_seq9_20251118_162147_488693.avi,89.81550772020417,360,90,HIGH,VIDEO_RECORDING,2025-11-18T16:21:51.580073
2025-11-18 16:21:49.103991,145,1189,HandType.Right,0.8410802483558655,-174.13345336914062,232.82614135742188,16.66413688659668,-0.008258705027401447,-0.9900916218757629,-0.14017990231513977,106.98301696777344,-83.8822021484375,-7.155120372772217,0.0,0.0,53.130165100097656,1,1,1,1,1,-224.44888305664062,216.26858520507812,36.77485275268555,-242.54238891601562,214.10757446289062,-31.348224639892578,lower,9,2025-11-18T16:21:49.103991,my_hand_data\videos\lower_seq9_20251118_162147_488693.avi,89.81550772020417,360,90,HIGH,VIDEO_RECORDING,2025-11-18T16:21:51.580073
2025-11-18 16:21:49.114050,146,1189,HandType.Right,0.8428571224212646,-172.99649047851562,231.96286010742188,16.616601943969727,-0.008718185126781464,-0.9901387095451355,-0.1398187279701233,102.25467681884766,-77.63996887207031,-4.2750654220581055,0.0,0.0,53.05356979370117,1,1,1,1,1,-223.32814025878906,215.33934020996094,36.456336975097656,-241.2810821533203,213.2382354736328,-31.52574920654297,lower,9,2025-11-18T16:21:49.114050,my_hand_data\videos\lower_seq9_20251118_162147_488693.avi,89.81550772020417,360,90,HIGH,VIDEO_RECORDING,2025-11-18T16:21:51.580073
2025-11-18 16:21:49.134374,147,1189,HandType.Right,0.8440377116203308,-171.9126434326172,231.1677703857422,16.602954864501953,-0.009057938121259212,-0.9900489449501038,-0.1404314488172531,95.83834075927734,-70.30610656738281,-1.2068933248519897,0.0,0.0,53.00284957885742,1,1,1,1,1,-222.42428588867188,214.56259155273438,36.29835510253906,-240.08029174804688,212.41195678710938,-31.76654052734375,lower,9,2025-11-18T16:21:49.134374,my_hand_data\videos\lower_seq9_20251118_162147_488693.avi,89.81550772020417,360,90,HIGH,VIDEO_RECORDING,2025-11-18T16:21:51.580073
2025-11-18 16:21:49.134374,148,1189,HandType.Right,0.8453173637390137,-170.80728149414062,230.34280395507812,16.605138778686523,-0.009700831957161427,-0.9900087714195251,-0.1406715214252472,101.27002716064453,-75.58065032958984,0.2001979500055313,0.0,0.0,52.96147918701172,1,1,1,1,1,-221.48109436035156,213.80711364746094,36.1735954284668,-238.8262176513672,211.58897399902344,-31.898256301879883,lower,9,2025-11-18T16:21:49.134374,my_hand_data\videos\lower_seq9_20251118_162147_488693.avi,89.81550772020417,360,90,HIGH,VIDEO_RECORDING,2025-11-18T16:21:51.580073
2025-11-18 16:21:49.154924,149,1189,HandType.Right,0.8460538983345032,-169.71176147460938,229.5205841064453,16.57695198059082,-0.00979845691472292,-0.9899965524673462,-0.1407507061958313,96.41976928710938,-72.36637115478516,-2.48077654838562,0.0,0.0,52.98955154418945,1,1,1,1,1,-220.43896484375,212.96856689453125,36.03924560546875,-237.71029663085938,210.8457794189453,-32.049156188964844,lower,9,2025-11-18T16:21:49.154924,my_hand_data\videos\lower_seq9_20251118_162147_488693.avi,89.81550772020417,360,90,HIGH,VIDEO_RECORDING,2025-11-18T16:21:51.580073
2025-11-18 16:21:49.154924,150,1189,HandType.Right,0.846277117729187,-168.5904083251953,228.6730499267578,16.550743103027344,-0.009565901942551136,-0.9900259375572205,-0.14056001603603363,102.71672058105469,-77.63470458984375,-2.4008708000183105,0.0,0.0,52.92422866821289,1,1,1,1,1,-219.35276794433594,211.9312286376953,35.775028228759766,-236.57089233398438,210.01329040527344,-32.20561218261719,lower,9,2025-11-18T16:21:49.154924,my_hand_data\videos\lower_seq9_20251118_162147_488693.avi,89.81550772020417,360,90,HIGH,VIDEO_RECORDING,2025-11-18T16:21:51.580073
2025-11-18 16:21:49.175590,151,1189,HandType.Right,0.8467890024185181,-167.54490661621094,227.8376007080078,16.48179054260254,-0.00922996737062931,-0.9900383949279785,-0.14049473404884338,93.37267303466797,-74.61251831054688,-6.158129692077637,0.0,0.0,52.905235290527344,1,1,1,1,1,-218.4026641845703,211.0688934326172,35.572021484375,-235.4690704345703,209.1709442138672,-32.384521484375,lower,9,2025-11-18T16:21:49.175590,my_hand_data\videos\lower_seq9_20251118_162147_488693.avi,89.81550772020417,360,90,HIGH,VIDEO_RECORDING,2025-11-18T16:21:51.580073
2025-11-18 16:21:49.185867,152,1189,HandType.Right,0.8467406630516052,-166.4942626953125,227.0435791015625,16.431840896606445,-0.010261972434818745,-0.9901111125946045,-0.1399095356464386,97.10205841064453,-73.3853988647461,-4.616347789764404,0.0,0.0,52.875282287597656,1,1,1,1,1,-217.3707733154297,210.23611450195312,35.412513732910156,-234.317626953125,208.35935974121094,-32.4902458190918,lower,9,2025-11-18T16:21:49.185867,my_hand_data\videos\lower_seq9_20251118_162147_488693.avi,89.81550772020417,360,90,HIGH,VIDEO_RECORDING,2025-11-18T16:21:51.580073
2025-11-18 16:21:49.196204,153,1189,HandType.Right,0.8472824692726135,-165.47413635253906,226.26634216308594,16.325714111328125,-0.012105387635529041,-0.9902034997940063,-0.13910607993602753,90.84771728515625,-69.21714782714844,-9.451192855834961,0.0,0.0,52.8958740234375,1,1,1,1,1,-216.40757751464844,209.46253967285156,35.265079498291016,-233.25247192382812,207.65724182128906,-32.654052734375,lower,9,2025-11-18T16:21:49.196204,my_hand_data\videos\lower_seq9_20251118_162147_488693.avi,89.81550772020417,360,90,HIGH,VIDEO_RECORDING,2025-11-18T16:21:51.580073
2025-11-18 16:21:49.206437,154,1189,HandType.Right,0.8476130366325378,-164.4794464111328,225.47412109375,16.224992752075195,-0.013179286383092403,-0.9903940558433533,-0.13764417171478271,89.12207794189453,-70.98033905029297,-9.024407386779785,0.0,0.0,52.92538070678711,1,1,1,1,1,-215.46669006347656,208.72711181640625,35.13740158081055,-232.2833709716797,207.0309295654297,-32.800689697265625,lower,9,2025-11-18T16:21:49.206437,my_hand_data\videos\lower_seq9_20251118_162147_488693.avi,89.81550772020417,360,90,HIGH,VIDEO_RECORDING,2025-11-18T16:21:51.580073
2025-11-18 16:21:49.216675,155,1189,HandType.Right,0.8481290936470032,-163.46580505371094,224.69569396972656,16.189172744750977,-0.014255834743380547,-0.9905946254730225,-0.13608480989933014,90.1413345336914,-69.22549438476562,-3.185349941253662,0.0,0.0,52.93244552612305,1,1,1,1,1,-214.58660888671875,208.12278747558594,35.07097625732422,-231.21827697753906,206.27719116210938,-32.93834686279297,lower,9,2025-11-18T16:21:49.216675,my_hand_data\videos\lower_seq9_20251118_162147_488693.avi,89.81550772020417,360,90,HIGH,VIDEO_RECORDING,2025-11-18T16:21:51.580073
2025-11-18 16:21:49.227122,156,1189,HandType.Right,0.8485807180404663,-162.41197204589844,223.9514617919922,16.187545776367188,-0.015439597889780998,-0.9908086061477661,-0.13438719511032104,97.28973388671875,-68.70580291748047,-0.15017087757587433,0.0,0.0,52.94589614868164,1,1,1,1,1,-213.71554565429688,207.4568634033203,35.0391845703125,-230.02389526367188,205.5251007080078,-33.0315055847168,lower,9,2025-11-18T16:21:49.227122,my_hand_data\videos\lower_seq9_20251118_162147_488693.avi,89.81550772020417,360,90,HIGH,VIDEO_RECORDING,2025-11-18T16:21:51.580073
2025-11-18 16:21:49.237394,157,1189,HandType.Right,0.8485838174819946,-161.28738403320312,223.1866455078125,16.2528018951416,-0.016530746594071388,-0.9910037517547607,-0.13280944526195526,99.61753845214844,-67.74867248535156,5.780541896820068,0.0,0.0,52.92998504638672,1,1,1,1,1,-212.6610107421875,206.7379608154297,34.96824264526367,-228.86154174804688,204.88577270507812,-33.15439987182617,lower,9,2025-11-18T16:21:49.237394,my_hand_data\videos\lower_seq9_20251118_162147_488693.avi,89.81550772020417,360,90,HIGH,VIDEO_RECORDING,2025-11-18T16:21:51.580073
2025-11-18 16:21:49.247542,158,1189,HandType.Right,0.8487370014190674,-160.13343811035156,222.43934631347656,16.277605056762695,-0.017892617732286453,-0.9910925030708313,-0.13196800649166107,103.40928649902344,-66.96842956542969,2.2226104736328125,0.0,0.0,52.95787048339844,1,1,1,1,1,-211.6027069091797,206.06069946289062,34.91663360595703,-227.649169921875,204.2065887451172,-33.209720611572266,lower,9,2025-11-18T16:21:49.247542,my_hand_data\videos\lower_seq9_20251118_162147_488693.avi,89.81550772020417,360,90,HIGH,VIDEO_RECORDING,2025-11-18T16:21:51.580073
2025-11-18 16:21:49.267729,159,1189,HandType.Right,0.8487967252731323,-159.05142211914062,221.86827087402344,16.31309700012207,-0.020267052575945854,-0.9911234378814697,-0.13139097392559052,98.63370513916016,-52.05796813964844,3.2354068756103516,0.0,0.0,52.982295989990234,1,1,1,1,1,-210.6584930419922,205.61663818359375,34.8754768371582,-226.50674438476562,203.74917602539062,-33.253849029541016,lower,9,2025-11-18T16:21:49.267729,my_hand_data\videos\lower_seq9_20251118_162147_488693.avi,89.81550772020417,360,90,HIGH,VIDEO_RECORDING,2025-11-18T16:21:51.580073
2025-11-18 16:21:49.271458,160,1189,HandType.Right,0.8488463163375854,-157.92758178710938,221.26414489746094,16.385704040527344,-0.022777428850531578,-0.9910244941711426,-0.1317255198955536,102.32647705078125,-55.00595474243164,6.610875606536865,0.0,0.0,52.9741325378418,1,1,1,1,1,-209.77735900878906,205.2772216796875,34.88446044921875,-225.53192138671875,203.59637451171875,-33.32809066772461,lower,9,2025-11-18T16:21:49.271458,my_hand_data\videos\lower_seq9_20251118_162147_488693.avi,89.81550772020417,360,90,HIGH,VIDEO_RECORDING,2025-11-18T16:21:51.580073
2025-11-18 16:21:49.288503,161,1189,HandType.Right,0.8492089509963989,-156.8158416748047,220.66879272460938,16.394546508789062,-0.024165958166122437,-0.9909896850585938,-0.13173992931842804,99.73461151123047,-53.40968322753906,0.793283224105835,0.0,0.0,52.9747428894043,1,1,1,1,1,-208.9437255859375,204.940673828125,34.82386779785156,-224.47715759277344,203.19985961914062,-33.42949676513672,lower,9,2025-11-18T16:21:49.288503,my_hand_data\videos\lower_seq9_20251118_162147_488693.avi,89.81550772020417,360,90,HIGH,VIDEO_RECORDING,2025-11-18T16:21:51.580073
2025-11-18 16:21:49.288503,162,1189,HandType.Right,0.849777340888977,-155.7598419189453,220.1055908203125,16.342403411865234,-0.02569066919386387,-0.9909772276878357,-0.1315450817346573,94.92086029052734,-50.62480545043945,-4.6869893074035645,0.0,0.0,52.99129104614258,1,1,1,1,1,-208.1865692138672,204.5706329345703,34.7518310546875,-223.4441375732422,202.79763793945312,-33.549041748046875,lower,9,2025-11-18T16:21:49.288503,my_hand_data\videos\lower_seq9_20251118_162147_488693.avi,89.81550772020417,360,90,HIGH,VIDEO_RECORDING,2025-11-18T16:21:51.580073
2025-11-18 16:21:49.308850,163,1189,HandType.Right,0.8508407473564148,-154.65994262695312,219.5728302001953,16.318735122680664,-0.027741778641939163,-0.9910864233970642,-0.13030000030994415,98.416015625,-47.669921875,-2.117888927459717,0.0,0.0,53.061546325683594,1,1,1,1,1,-207.28872680664062,204.15501403808594,34.7050666809082,-222.40037536621094,202.506591796875,-33.69215774536133,lower,9,2025-11-18T16:21:49.308850,my_hand_data\videos\lower_seq9_20251118_162147_488693.avi,89.81550772020417,360,90,HIGH,VIDEO_RECORDING,2025-11-18T16:21:51.580073
2025-11-18 16:21:49.319196,164,1189,HandType.Right,0.8521536588668823,-153.5990447998047,219.10198974609375,16.246145248413086,-0.030879182741045952,-0.9910955429077148,-0.12952262163162231,93.9020767211914,-41.673824310302734,-6.425044536590576,0.0,0.0,53.12369918823242,1,1,1,1,1,-206.3938446044922,203.88633728027344,34.6185188293457,-221.32992553710938,202.16529846191406,-33.85482406616211,lower,9,2025-11-18T16:21:49.319196,my_hand_data\videos\lower_seq9_20251118_162147_488693.avi,89.81550772020417,360,90,HIGH,VIDEO_RECORDING,2025-11-18T16:21:51.580073
2025-11-18 16:21:49.329684,165,1189,HandType.Right,0.8530536890029907,-152.51637268066406,218.5980987548828,16.239023208618164,-0.033175114542245865,-0.9911448359489441,-0.12857413291931152,98.35282135009766,-45.77510452270508,-0.646874725818634,0.0,0.0,53.18989944458008,1,1,1,1,1,-205.38232421875,203.5055694580078,34.52323532104492,-220.2843780517578,201.9202117919922,-34.0431022644043,lower,9,2025-11-18T16:21:49.329684,my_hand_data\videos\lower_seq9_20251118_162147_488693.avi,89.81550772020417,360,90,HIGH,VIDEO_RECORDING,2025-11-18T16:21:51.580073
2025-11-18 16:21:49.340068,166,1189,HandType.Right,0.8537108898162842,-151.42039489746094,218.05699157714844,16.172651290893555,-0.03467991203069687,-0.9911579489707947,-0.1280752569437027,99.06621551513672,-48.911460876464844,-5.999538421630859,0.0,0.0,53.260677337646484,1,1,1,1,1,-204.48544311523438,203.2410125732422,34.418148040771484,-219.3811492919922,201.7958984375,-34.30949783325195,lower,9,2025-11-18T16:21:49.340068,my_hand_data\videos\lower_seq9_20251118_162147_488693.avi,89.81550772020417,360,90,HIGH,VIDEO_RECORDING,2025-11-18T16:21:51.580073
2025-11-18 16:21:49.350356,167,1189,HandType.Right,0.8545708060264587,-150.2078399658203,217.39596557617188,16.161136627197266,-0.03696373850107193,-0.9911932945251465,-0.12715958058834076,109.23919677734375,-59.552520751953125,-1.037294626235962,0.0,0.0,53.28792953491211,1,1,1,1,1,-203.47064208984375,202.7825164794922,34.32378005981445,-218.17425537109375,201.3157501220703,-34.498416900634766,lower,9,2025-11-18T16:21:49.350356,my_hand_data\videos\lower_seq9_20251118_162147_488693.avi,89.81550772020417,360,90,HIGH,VIDEO_RECORDING,2025-11-18T16:21:51.580073
2025-11-18 16:21:49.360487,168,1189,HandType.Right,0.8550704121589661,-149.083251953125,216.78260803222656,16.081575393676758,-0.03880307823419571,-0.9913038015365601,-0.12574231624603271,102.92790985107422,-56.13772201538086,-7.281838417053223,0.0,0.0,53.34724044799805,1,1,1,1,1,-202.4818878173828,202.39366149902344,34.20820999145508,-217.05703735351562,200.9388885498047,-34.68988800048828,lower,9,2025-11-18T16:21:49.360487,my_hand_data\videos\lower_seq9_20251118_162147_488693.avi,89.81550772020417,360,90,HIGH,VIDEO_RECORDING,2025-11-18T16:21:51.580073
2025-11-18 16:21:49.370565,169,1189,HandType.Right,0.855230450630188,-147.9494171142578,216.11752319335938,16.028316497802734,-0.04017103835940361,-0.991465151309967,-0.12402855604887009,99.62604522705078,-58.43785095214844,-4.679685115814209,0.0,0.0,53.38144302368164,1,1,1,1,1,-201.50662231445312,201.96417236328125,34.05625915527344,-215.96646118164062,200.6083526611328,-34.94830322265625,lower,9,2025-11-18T16:21:49.370565,my_hand_data\videos\lower_seq9_20251118_162147_488693.avi,89.81550772020417,360,90,HIGH,VIDEO_RECORDING,2025-11-18T16:21:51.580073
2025-11-18 16:21:49.390984,170,1189,HandType.Right,0.8557031154632568,-146.83851623535156,215.52650451660156,15.998178482055664,-0.0418487973511219,-0.9914638996124268,-0.12348287552595139,99.92779541015625,-53.1630973815918,-2.710970640182495,0.0,0.0,53.4118766784668,1,1,1,1,1,-200.5845947265625,201.57049560546875,33.98445129394531,-214.59912109375,199.99388122558594,-35.19194412231445,lower,9,2025-11-18T16:21:49.390984,my_hand_data\videos\lower_seq9_20251118_162147_488693.avi,89.81550772020417,360,90,HIGH,VIDEO_RECORDING,2025-11-18T16:21:51.580073
2025-11-18 16:21:49.390984,171,1189,HandType.Right,0.8563831448554993,-145.76454162597656,215.0413360595703,15.995677947998047,-0.04398542642593384,-0.991408109664917,-0.12318766862154007,97.56220245361328,-44.07451248168945,-0.22714193165302277,0.0,0.0,53.424705505371094,1,1,1,1,1,-199.68873596191406,201.189453125,33.88646697998047,-213.2923583984375,199.49288940429688,-35.40357971191406,lower,9,2025-11-18T16:21:49.390984,my_hand_data\videos\lower_seq9_20251118_162147_488693.avi,89.81550772020417,360,90,HIGH,VIDEO_RECORDING,2025-11-18T16:21:51.580073
2025-11-18 16:21:49.411053,172,1189,HandType.Right,0.8569595217704773,-144.62762451171875,214.4550018310547,15.986017227172852,-0.04501373693346977,-0.9914229512214661,-0.12269575148820877,101.6109619140625,-52.40211486816406,-0.8633770942687988,0.0,0.0,53.47098159790039,1,1,1,1,1,-198.5659637451172,200.60531616210938,33.740333557128906,-212.0431365966797,198.90414428710938,-35.624267578125,lower,9,2025-11-18T16:21:49.411053,my_hand_data\videos\lower_seq9_20251118_162147_488693.avi,89.81550772020417,360,90,HIGH,VIDEO_RECORDING,2025-11-18T16:21:51.580073
2025-11-18 16:21:49.411053,173,1189,HandType.Right,0.8573574423789978,-143.5233612060547,213.9072723388672,15.945450782775879,-0.046994611620903015,-0.9913697242736816,-0.12238284945487976,99.95072174072266,-49.57715606689453,-3.671825647354126,0.0,0.0,53.460472106933594,1,1,1,1,1,-197.65016174316406,200.22744750976562,33.59816360473633,-210.8047332763672,198.33230590820312,-35.859718322753906,lower,9,2025-11-18T16:21:49.411053,my_hand_data\videos\lower_seq9_20251118_162147_488693.avi,89.81550772020417,360,90,HIGH,VIDEO_RECORDING,2025-11-18T16:21:51.580073
2025-11-18 16:21:49.431751,174,1189,HandType.Right,0.8582776784896851,-142.38385009765625,213.38125610351562,15.950597763061523,-0.04951024800539017,-0.9913758635520935,-0.12133689224720001,103.1888656616211,-47.63337707519531,0.4660695493221283,0.0,0.0,53.372982025146484,1,1,1,1,1,-196.6519317626953,199.76243591308594,33.39039611816406,-209.58737182617188,197.79969787597656,-36.0058479309082,lower,9,2025-11-18T16:21:49.431751,my_hand_data\videos\lower_seq9_20251118_162147_488693.avi,89.81550772020417,360,90,HIGH,VIDEO_RECORDING,2025-11-18T16:21:51.580073
2025-11-18 16:21:49.431751,175,1189,HandType.Right,0.8582776784896851,-142.38385009765625,213.38125610351562,15.950597763061523,-0.04951024800539017,-0.9913758635520935,-0.12133689224720001,103.1888656616211,-47.63337707519531,0.4660695493221283,0.0,0.0,53.372982025146484,1,1,1,1,1,-196.6519317626953,199.76243591308594,33.39039611816406,-209.58737182617188,197.79969787597656,-36.0058479309082,lower,9,2025-11-18T16:21:49.431751,my_hand_data\videos\lower_seq9_20251118_162147_488693.avi,89.81550772020417,360,90,HIGH,VIDEO_RECORDING,2025-11-18T16:21:51.580073
2025-11-18 16:21:49.452259,176,1189,HandType.Right,0.8598661422729492,-140.34312438964844,212.20980834960938,15.866800308227539,-0.05198487639427185,-0.9912874102592468,-0.1210242509841919,91.80359649658203,-54.48648452758789,-3.9768950939178467,0.0,0.0,53.37472915649414,1,1,1,1,1,-194.71766662597656,198.72401428222656,33.030513763427734,-207.32936096191406,196.65652465820312,-36.39922332763672,lower,9,2025-11-18T16:21:49.452259,my_hand_data\videos\lower_seq9_20251118_162147_488693.avi,89.81550772020417,360,90,HIGH,VIDEO_RECORDING,2025-11-18T16:21:51.580073
2025-11-18 16:21:49.462674,177,1189,HandType.Right,0.860183596611023,-139.28121948242188,211.54537963867188,15.839369773864746,-0.054642289876937866,-0.9911812543869019,-0.1207224577665329,97.05780792236328,-60.72835159301758,-2.5071558952331543,0.0,0.0,53.425193786621094,1,1,1,1,1,-193.66371154785156,198.16726684570312,32.95830535888672,-206.2855987548828,196.1407928466797,-36.553192138671875,lower,9,2025-11-18T16:21:49.462674,my_hand_data\videos\lower_seq9_20251118_162147_488693.avi,89.81550772020417,360,90,HIGH,VIDEO_RECORDING,2025-11-18T16:21:51.580073
2025-11-18 16:21:49.473260,178,1189,HandType.Right,0.860636293888092,-138.1763916015625,210.9446258544922,15.904861450195312,-0.058074768632650375,-0.9909130930900574,-0.12131991237401962,98.92747497558594,-53.79261016845703,5.864224433898926,0.0,0.0,53.409454345703125,1,1,1,1,1,-192.60543823242188,197.78317260742188,32.9154052734375,-205.15211486816406,195.68016052246094,-36.584659576416016,lower,9,2025-11-18T16:21:49.473260,my_hand_data\videos\lower_seq9_20251118_162147_488693.avi,89.81550772020417,360,90,HIGH,VIDEO_RECORDING,2025-11-18T16:21:51.580073
2025-11-18 16:21:49.483763,179,1189,HandType.Right,0.8613157868385315,-137.0508270263672,210.30117797851562,15.947698593139648,-0.06193055212497711,-0.9907105565071106,-0.12106695026159286,101.98137664794922,-58.299007415771484,3.8812742233276367,0.0,0.0,53.40574264526367,1,1,1,1,1,-191.556640625,197.2799072265625,32.85748291015625,-203.9376983642578,195.1096649169922,-36.60332489013672,lower,9,2025-11-18T16:21:49.483763,my_hand_data\videos\lower_seq9_20251118_162147_488693.avi,89.81550772020417,360,90,HIGH,VIDEO_RECORDING,2025-11-18T16:21:51.580073
2025-11-18 16:21:49.494308,180,1189,HandType.Right,0.8613157868385315,-137.0508270263672,210.30117797851562,15.947698593139648,-0.06193055212497711,-0.9907105565071106,-0.12106695026159286,101.98137664794922,-58.299007415771484,3.8812742233276367,0.0,0.0,53.40574264526367,1,1,1,1,1,-191.556640625,197.2799072265625,32.85748291015625,-203.9376983642578,195.1096649169922,-36.60332489013672,lower,9,2025-11-18T16:21:49.494308,my_hand_data\videos\lower_seq9_20251118_162147_488693.avi,89.81550772020417,360,90,HIGH,VIDEO_RECORDING,2025-11-18T16:21:51.580073
2025-11-18 16:21:49.504483,181,1189,HandType.Right,0.8623162508010864,-134.86685180664062,209.12107849121094,15.977234840393066,-0.0683801919221878,-0.9904468059539795,-0.11974650621414185,98.6893310546875,-53.421043395996094,4.297029495239258,0.0,0.0,53.412899017333984,1,1,1,1,1,-189.32862854003906,196.2222137451172,32.635643005371094,-201.70907592773438,194.25001525878906,-36.6771354675293,lower,9,2025-11-18T16:21:49.504483,my_hand_data\videos\lower_seq9_20251118_162147_488693.avi,89.81550772020417,360,90,HIGH,VIDEO_RECORDING,2025-11-18T16:21:51.580073
2025-11-18 16:21:49.514516,182,1189,HandType.Right,0.8627469539642334,-133.80084228515625,208.5369873046875,15.99087142944336,-0.07253867387771606,-0.990327000617981,-0.11828167736530304,94.97587585449219,-52.03852081298828,1.214878797531128,0.0,0.0,53.377567291259766,1,1,1,1,1,-188.2736053466797,195.7209930419922,32.53546905517578,-200.62681579589844,193.81472778320312,-36.6959342956543,lower,9,2025-11-18T16:21:49.514516,my_hand_data\videos\lower_seq9_20251118_162147_488693.avi,89.81550772020417,360,90,HIGH,VIDEO_RECORDING,2025-11-18T16:21:51.580073
2025-11-18 16:21:49.524932,183,1189,HandType.Right,0.8627469539642334,-133.80084228515625,208.5369873046875,15.99087142944336,-0.07253867387771606,-0.990327000617981,-0.11828167736530304,94.97587585449219,-52.03852081298828,1.214878797531128,0.0,0.0,53.377567291259766,1,1,1,1,1,-188.2736053466797,195.7209930419922,32.53546905517578,-200.62681579589844,193.81472778320312,-36.6959342956543,lower,9,2025-11-18T16:21:49.524932,my_hand_data\videos\lower_seq9_20251118_162147_488693.avi,89.81550772020417,360,90,HIGH,VIDEO_RECORDING,2025-11-18T16:21:51.580073
2025-11-18 16:21:49.545073,184,1189,HandType.Right,0.8629826307296753,-131.54794311523438,207.0387725830078,15.891282081604004,-0.07876350730657578,-0.9902697205543518,-0.11472663283348083,97.14411163330078,-66.06330108642578,-4.157986640930176,0.0,0.0,53.38966369628906,1,1,1,1,1,-186.08209228515625,194.5584716796875,32.25799560546875,-198.44374084472656,192.84275817871094,-36.96172332763672,lower,9,2025-11-18T16:21:49.545073,my_hand_data\videos\lower_seq9_20251118_162147_488693.avi,89.81550772020417,360,90,HIGH,VIDEO_RECORDING,2025-11-18T16:21:51.580073
2025-11-18 16:21:49.545073,185,1189,HandType.Right,0.8638430833816528,-130.49826049804688,206.34597778320312,15.9210786819458,-0.08069749176502228,-0.9902603626251221,-0.11345606297254562,96.17794799804688,-63.47755813598633,2.7300596237182617,0.0,0.0,53.40703201293945,1,1,1,1,1,-185.05482482910156,193.88401794433594,32.163063049316406,-197.4034423828125,192.4585418701172,-37.09484100341797,lower,9,2025-11-18T16:21:49.545073,my_hand_data\videos\lower_seq9_20251118_162147_488693.avi,89.81550772020417,360,90,HIGH,VIDEO_RECORDING,2025-11-18T16:21:51.580073
2025-11-18 16:21:49.565034,186,1189,HandType.Right,0.864357590675354,-129.40171813964844,205.68389892578125,15.90594482421875,-0.0849209800362587,-0.9902433753013611,-0.11048302054405212,99.78578186035156,-60.250343322753906,-1.3771264553070068,0.0,0.0,53.48249435424805,1,1,1,1,1,-183.85409545898438,193.1768798828125,32.027103424072266,-196.2825927734375,191.85069274902344,-37.16188049316406,lower,9,2025-11-18T16:21:49.565034,my_hand_data\videos\lower_seq9_20251118_162147_488693.avi,89.81550772020417,360,90,HIGH,VIDEO_RECORDING,2025-11-18T16:21:51.580073
2025-11-18 16:21:49.565034,187,1189,HandType.Right,0.8644761443138123,-128.29953002929688,204.9775390625,15.934779167175293,-0.08849333971738815,-0.9901078939437866,-0.10888215899467468,98.63811492919922,-63.2138786315918,2.5804502964019775,0.0,0.0,53.436458587646484,1,1,1,1,1,-182.70021057128906,192.43849182128906,31.88270378112793,-194.9288787841797,191.1013946533203,-37.14153289794922,lower,9,2025-11-18T16:21:49.565034,my_hand_data\videos\lower_seq9_20251118_162147_488693.avi,89.81550772020417,360,90,HIGH,VIDEO_RECORDING,2025-11-18T16:21:51.580073
2025-11-18 16:21:49.584863,188,1189,HandType.Right,0.8648216724395752,-127.20148468017578,204.28028869628906,16.015716552734375,-0.0915183573961258,-0.9900801777839661,-0.10660962760448456,99.05651092529297,-62.90040588378906,7.301606178283691,0.0,0.0,53.42924118041992,1,1,1,1,1,-181.46115112304688,191.60232543945312,31.74503517150879,-193.76364135742188,190.4232635498047,-37.12646484375,lower,9,2025-11-18T16:21:49.584863,my_hand_data\videos\lower_seq9_20251118_162147_488693.avi,89.81550772020417,360,90,HIGH,VIDEO_RECORDING,2025-11-18T16:21:51.580073
2025-11-18 16:21:49.594988,189,1189,HandType.Right,0.8648546934127808,-126.16803741455078,203.48977661132812,15.9945707321167,-0.09409128129482269,-0.9898826479911804,-0.1062033623456955,91.65035247802734,-70.106201171875,-1.8753334283828735,0.0,0.0,53.40815734863281,1,1,1,1,1,-180.42799377441406,190.8346710205078,31.60105323791504,-192.6120147705078,189.64268493652344,-37.20070266723633,lower,9,2025-11-18T16:21:49.594988,my_hand_data\videos\lower_seq9_20251118_162147_488693.avi,89.81550772020417,360,90,HIGH,VIDEO_RECORDING,2025-11-18T16:21:51.580073
2025-11-18 16:21:49.605141,190,1189,HandType.Right,0.8648890852928162,-125.07198333740234,202.61093139648438,15.960424423217773,-0.09719572961330414,-0.9897518157958984,-0.104615218937397,99.01146697998047,-79.39008331298828,-3.0846378803253174,0.0,0.0,53.33185958862305,1,1,1,1,1,-179.451171875,190.11727905273438,31.443279266357422,-191.5315704345703,188.9964599609375,-37.2967414855957,lower,9,2025-11-18T16:21:49.605141,my_hand_data\videos\lower_seq9_20251118_162147_488693.avi,89.81550772020417,360,90,HIGH,VIDEO_RECORDING,2025-11-18T16:21:51.580073
2025-11-18 16:21:49.615477,191,1189,HandType.Right,0.8649972081184387,-124.0265121459961,201.80169677734375,15.932051658630371,-0.10038071870803833,-0.9895646572113037,-0.10337095707654953,92.5846939086914,-71.66397857666016,-2.512639045715332,0.0,0.0,53.28057098388672,1,1,1,1,1,-178.4752197265625,189.35430908203125,31.270586013793945,-190.39474487304688,188.2299041748047,-37.37611389160156,lower,9,2025-11-18T16:21:49.615477,my_hand_data\videos\lower_seq9_20251118_162147_488693.avi,89.81550772020417,360,90,HIGH,VIDEO_RECORDING,2025-11-18T16:21:51.580073
2025-11-18 16:21:49.625542,192,1189,HandType.Right,0.8650383353233337,-122.95613861083984,200.88514709472656,15.961670875549316,-0.10218063741922379,-0.9894037842750549,-0.10314705222845078,96.81439208984375,-82.90074920654297,2.6790621280670166,0.0,0.0,53.179473876953125,1,1,1,1,1,-177.40089416503906,188.4267578125,30.994672775268555,-189.16224670410156,187.40061950683594,-37.5101318359375,lower,9,2025-11-18T16:21:49.625542,my_hand_data\videos\lower_seq9_20251118_162147_488693.avi,89.81550772020417,360,90,HIGH,VIDEO_RECORDING,2025-11-18T16:21:51.580073
2025-11-18 16:21:49.645911,193,1189,HandType.Right,0.8654688000679016,-121.92684173583984,199.98997497558594,15.957873344421387,-0.1035827249288559,-0.9892670512199402,-0.10305974632501602,95.27864074707031,-82.86369323730469,-0.35157284140586853,0.0,0.0,53.169227600097656,1,1,1,1,1,-176.354248046875,187.48953247070312,30.81122398376465,-187.96798706054688,186.56373596191406,-37.663997650146484,lower,9,2025-11-18T16:21:49.645911,my_hand_data\videos\lower_seq9_20251118_162147_488693.avi,89.81550772020417,360,90,HIGH,VIDEO_RECORDING,2025-11-18T16:21:51.580073
2025-11-18 16:21:49.645911,194,1189,HandType.Right,0.8660242557525635,-120.92790222167969,199.06275939941406,15.91792106628418,-0.10384280979633331,-0.9891947507858276,-0.10349097102880478,89.39070892333984,-82.97211456298828,-3.575125217437744,0.0,0.0,53.19699478149414,1,1,1,1,1,-175.39170837402344,186.58319091796875,30.618404388427734,-186.81533813476562,185.65553283691406,-37.98207473754883,lower,9,2025-11-18T16:21:49.645911,my_hand_data\videos\lower_seq9_20251118_162147_488693.avi,89.81550772020417,360,90,HIGH,VIDEO_RECORDING,2025-11-18T16:21:51.580073
2025-11-18 16:21:49.666345,195,1189,HandType.Right,0.8664278388023376,-120.02424621582031,198.2926788330078,15.860787391662598,-0.10406089574098587,-0.9891828894615173,-0.10338550060987473,80.22464752197266,-68.36644744873047,-5.07221794128418,0.0,0.0,53.20250701904297,1,1,1,1,1,-174.49661254882812,185.7718963623047,30.41075897216797,-185.7666778564453,184.89427185058594,-38.272918701171875,lower,9,2025-11-18T16:21:49.666345,my_hand_data\videos\lower_seq9_20251118_162147_488693.avi,89.81550772020417,360,90,HIGH,VIDEO_RECORDING,2025-11-18T16:21:51.580073
2025-11-18 16:21:49.671210,196,1189,HandType.Right,0.8676928281784058,-119.12699127197266,197.51156616210938,15.75645923614502,-0.10481534898281097,-0.9891232252120972,-0.10319367796182632,81.25128936767578,-70.7340087890625,-9.447425842285156,0.0,0.0,53.252601623535156,1,1,1,1,1,-173.5681610107422,184.91177368164062,30.196781158447266,-184.75518798828125,184.09629821777344,-38.50154113769531,lower,9,2025-11-18T16:21:49.671210,my_hand_data\videos\lower_seq9_20251118_162147_488693.avi,89.81550772020417,360,90,HIGH,VIDEO_RECORDING,2025-11-18T16:21:51.580073
2025-11-18 16:21:49.686932,197,1189,HandType.Right,0.867904782295227,-118.213623046875,196.72653198242188,15.663712501525879,-0.10573498904705048,-0.9890099763870239,-0.10334096848964691,82.51569366455078,-70.92111206054688,-8.379016876220703,0.0,0.0,53.26768112182617,1,1,1,1,1,-172.59649658203125,184.0777130126953,30.022884368896484,-183.75680541992188,183.31607055664062,-38.68570327758789,lower,9,2025-11-18T16:21:49.686932,my_hand_data\videos\lower_seq9_20251118_162147_488693.avi,89.81550772020417,360,90,HIGH,VIDEO_RECORDING,2025-11-18T16:21:51.580073
2025-11-18 16:21:49.697110,198,1189,HandType.Right,0.8679887056350708,-117.29161834716797,195.9000701904297,15.531411170959473,-0.10683593899011612,-0.9888921976089478,-0.10333582758903503,83.23588562011719,-74.6103286743164,-11.94375991821289,0.0,0.0,53.34196090698242,1,1,1,1,1,-171.64451599121094,183.25173950195312,29.867170333862305,-182.75521850585938,182.537841796875,-38.886905670166016,lower,9,2025-11-18T16:21:49.697110,my_hand_data\videos\lower_seq9_20251118_162147_488693.avi,89.81550772020417,360,90,HIGH,VIDEO_RECORDING,2025-11-18T16:21:51.580073
2025-11-18 16:21:49.707347,199,1189,HandType.Right,0.8685432076454163,-116.36563110351562,195.07693481445312,15.452736854553223,-0.10783128440380096,-0.9888545274734497,-0.10266032069921494,81.72176361083984,-72.64556884765625,-6.9433274269104,0.0,0.0,53.38549041748047,1,1,1,1,1,-170.71104431152344,182.4520721435547,29.70306968688965,-181.72329711914062,181.72764587402344,-39.037757873535156,lower,9,2025-11-18T16:21:49.707347,my_hand_data\videos\lower_seq9_20251118_162147_488693.avi,89.81550772020417,360,90,HIGH,VIDEO_RECORDING,2025-11-18T16:21:51.580073
2025-11-18 16:21:49.717637,200,1189,HandType.Right,0.8689450025558472,-115.3855209350586,194.24929809570312,15.371787071228027,-0.10894890874624252,-0.98876953125,-0.1022985577583313,88.8750228881836,-75.04861450195312,-7.340364933013916,0.0,0.0,53.43940734863281,1,1,1,1,1,-169.72413635253906,181.61590576171875,29.514833450317383,-180.54750061035156,180.8555450439453,-39.20368957519531,lower,9,2025-11-18T16:21:49.717637,my_hand_data\videos\lower_seq9_20251118_162147_488693.avi,89.81550772020417,360,90,HIGH,VIDEO_RECORDING,2025-11-18T16:21:51.580073
2025-11-18 16:21:49.727950,201,1189,HandType.Right,0.8692718744277954,-114.44365692138672,193.47657775878906,15.348457336425781,-0.10993821173906326,-0.988713800907135,-0.1017773449420929,83.8178482055664,-68.76514434814453,-2.0761120319366455,0.0,0.0,52.558536529541016,1,1,1,1,1,-168.8000946044922,180.84925842285156,29.30026626586914,-179.365966796875,180.06478881835938,-39.369468688964844,lower,9,2025-11-18T16:21:49.727950,my_hand_data\videos\lower_seq9_20251118_162147_488693.avi,89.81550772020417,360,90,HIGH,VIDEO_RECORDING,2025-11-18T16:21:51.580073
2025-11-18 16:21:49.738229,202,1189,HandType.Right,0.8695189356803894,-113.50981903076172,192.70118713378906,15.27880573272705,-0.11113745719194412,-0.988592267036438,-0.10165555030107498,85.0878677368164,-70.6505126953125,-6.346443176269531,0.0,0.0,52.48121643066406,1,1,1,1,1,-167.82345581054688,180.00384521484375,29.085586547851562,-178.43133544921875,179.5183563232422,-39.57081985473633,lower,9,2025-11-18T16:21:49.738229,my_hand_data\videos\lower_seq9_20251118_162147_488693.avi,89.81550772020417,360,90,HIGH,VIDEO_RECORDING,2025-11-18T16:21:51.580073
2025-11-18 16:21:49.748473,203,1189,HandType.Right,0.8697004914283752,-112.52498626708984,191.99526977539062,15.252367973327637,-0.11255591362714767,-0.9883835315704346,-0.10212311148643494,89.4893798828125,-64.14555358886719,-2.4023070335388184,0.0,0.0,51.10009765625,1,1,1,1,1,-166.69320678710938,179.09718322753906,28.846202850341797,-177.3370819091797,178.89019775390625,-39.77075958251953,lower,9,2025-11-18T16:21:49.748473,my_hand_data\videos\lower_seq9_20251118_162147_488693.avi,89.81550772020417,360,90,HIGH,VIDEO_RECORDING,2025-11-18T16:21:51.580073
2025-11-18 16:21:49.758785,204,1189,HandType.Right,0.8702882528305054,-111.56168365478516,191.3341064453125,15.206548690795898,-0.11342446506023407,-0.9882624745368958,-0.10233338177204132,87.04254913330078,-59.74110412597656,-4.140144348144531,0.0,0.0,51.7608757019043,1,1,1,1,1,-165.7154541015625,178.38284301757812,28.677001953125,-176.38668823242188,178.50254821777344,-40.009769439697266,lower,9,2025-11-18T16:21:49.758785,my_hand_data\videos\lower_seq9_20251118_162147_488693.avi,89.81550772020417,360,90,HIGH,VIDEO_RECORDING,2025-11-18T16:21:51.580073
2025-11-18 16:21:49.769118,205,1189,HandType.Right,0.8706198334693909,-110.65283203125,190.7275848388672,15.155965805053711,-0.11429158598184586,-0.9881684184074402,-0.10227713733911514,80.23091125488281,-53.54218673706055,-4.465361595153809,0.0,0.0,51.348716735839844,1,1,1,1,1,-164.71182250976562,177.65170288085938,28.443296432495117,-175.44839477539062,178.1233367919922,-40.242923736572266,lower,9,2025-11-18T16:21:49.769118,my_hand_data\videos\lower_seq9_20251118_162147_488693.avi,89.81550772020417,360,90,HIGH,VIDEO_RECORDING,2025-11-18T16:21:51.580073
2025-11-18 16:21:49.789561,206,1189,HandType.Right,0.8706496357917786,-109.72200012207031,190.09934997558594,15.123600959777832,-0.11464442312717438,-0.9880581498146057,-0.10294563323259354,84.45181274414062,-56.998146057128906,-2.9363934993743896,0.0,0.0,50.68616485595703,1,1,1,1,1,-163.75389099121094,176.9960174560547,28.237977981567383,-174.36949157714844,177.5836181640625,-40.40861892700195,lower,9,2025-11-18T16:21:49.789561,my_hand_data\videos\lower_seq9_20251118_162147_488693.avi,89.81550772020417,360,90,HIGH,VIDEO_RECORDING,2025-11-18T16:21:51.580073
2025-11-18 16:21:49.789561,207,1189,HandType.Right,0.871089518070221,-108.7881851196289,189.52809143066406,15.09880542755127,-0.11511886864900589,-0.9879928231239319,-0.10304292291402817,83.05040740966797,-50.80588150024414,-2.2051992416381836,0.0,0.0,49.77098846435547,1,1,1,1,1,-162.77593994140625,176.36187744140625,28.01295280456543,-173.1617431640625,176.98533630371094,-40.5536003112793,lower,9,2025-11-18T16:21:49.789561,my_hand_data\videos\lower_seq9_20251118_162147_488693.avi,89.81550772020417,360,90,HIGH,VIDEO_RECORDING,2025-11-18T16:21:51.580073
2025-11-18 16:21:49.809934,208,1189,HandType.Right,0.8713253736495972,-107.90563201904297,188.97109985351562,15.031515121459961,-0.115261510014534,-0.987930953502655,-0.10347577929496765,79.82549285888672,-50.37870407104492,-6.086292743682861,0.0,0.0,49.38576126098633,1,1,1,1,1,-161.89578247070312,175.79518127441406,27.81072235107422,-172.09750366210938,176.4317626953125,-40.80241012573242,lower,9,2025-11-18T16:21:49.809934,my_hand_data\videos\lower_seq9_20251118_162147_488693.avi,89.81550772020417,360,90,HIGH,VIDEO_RECORDING,2025-11-18T16:21:51.580073
2025-11-18 16:21:49.809934,209,1189,HandType.Right,0.8713813424110413,-106.99959564208984,188.3372039794922,14.92232894897461,-0.11570767313241959,-0.9878421425819397,-0.10382524132728577,82.55458068847656,-57.758758544921875,-9.948634147644043,0.0,0.0,49.29337692260742,1,1,1,1,1,-160.91529846191406,175.13119506835938,27.640228271484375,-171.1943817138672,175.98785400390625,-41.0765495300293,lower,9,2025-11-18T16:21:49.809934,my_hand_data\videos\lower_seq9_20251118_162147_488693.avi,89.81550772020417,360,90,HIGH,VIDEO_RECORDING,2025-11-18T16:21:51.580073
2025-11-18 16:21:49.830458,210,1189,HandType.Right,0.8716630935668945,-106.08686828613281,187.7897491455078,14.908719062805176,-0.11592742055654526,-0.9877873063087463,-0.1041015237569809,81.7200927734375,-49.015708923339844,-1.218520998954773,0.0,0.0,48.698829650878906,1,1,1,1,1,-159.88540649414062,174.42405700683594,27.42429542541504,-170.23098754882812,175.56639099121094,-41.23986053466797,lower,9,2025-11-18T16:21:49.830458,my_hand_data\videos\lower_seq9_20251118_162147_488693.avi,89.81550772020417,360,90,HIGH,VIDEO_RECORDING,2025-11-18T16:21:51.580073
2025-11-18 16:21:49.840990,211,1189,HandType.Right,0.8719393014907837,-105.16598510742188,187.199951171875,14.944009780883789,-0.11693593859672546,-0.9876560568809509,-0.10421841591596603,83.04427337646484,-53.18707275390625,3.182466745376587,0.0,0.0,48.388450622558594,1,1,1,1,1,-158.87376403808594,173.68304443359375,27.25065803527832,-169.1329803466797,175.04434204101562,-41.32558059692383,lower,9,2025-11-18T16:21:49.840990,my_hand_data\videos\lower_seq9_20251118_162147_488693.avi,89.81550772020417,360,90,HIGH,VIDEO_RECORDING,2025-11-18T16:21:51.580073
2025-11-18 16:21:49.851021,212,1189,HandType.Right,0.8720459342002869,-104.25342559814453,186.5950164794922,14.941823959350586,-0.1183726042509079,-0.9874875545501709,-0.10419323295354843,80.90118408203125,-53.62940979003906,-0.19374282658100128,0.0,0.0,48.630470275878906,1,1,1,1,1,-157.9651641845703,173.00784301757812,27.03508186340332,-168.0710906982422,174.54251098632812,-41.43302917480469,lower,9,2025-11-18T16:21:49.851021,my_hand_data\videos\lower_seq9_20251118_162147_488693.avi,89.81550772020417,360,90,HIGH,VIDEO_RECORDING,2025-11-18T16:21:51.580073
2025-11-18 16:21:49.861288,213,1189,HandType.Right,0.8722252249717712,-103.40410614013672,186.0746612548828,14.890275955200195,-0.11931995302438736,-0.9872891902923584,-0.10498972982168198,77.1194839477539,-47.249263763427734,-4.6806721687316895,0.0,0.0,48.9732551574707,1,1,1,1,1,-157.11328125,172.37130737304688,26.854623794555664,-167.0430908203125,174.0586395263672,-41.62879180908203,lower,9,2025-11-18T16:21:49.861288,my_hand_data\videos\lower_seq9_20251118_162147_488693.avi,89.81550772020417,360,90,HIGH,VIDEO_RECORDING,2025-11-18T16:21:51.580073
2025-11-18 16:21:49.871537,214,1189,HandType.Right,0.8722146153450012,-102.5018310546875,185.4694061279297,14.814119338989258,-0.11995262652635574,-0.9871615171432495,-0.10546816140413284,81.3882827758789,-54.59584426879883,-6.8695878982543945,0.0,0.0,48.79742431640625,1,1,1,1,1,-156.2202606201172,171.74383544921875,26.668752670288086,-166.04586791992188,173.57102966308594,-41.821502685546875,lower,9,2025-11-18T16:21:49.871537,my_hand_data\videos\lower_seq9_20251118_162147_488693.avi,89.81550772020417,360,90,HIGH,VIDEO_RECORDING,2025-11-18T16:21:51.580073
2025-11-18 16:21:49.881600,215,1189,HandType.Right,0.8721979260444641,-101.58366394042969,184.7594757080078,14.747869491577148,-0.12020780146121979,-0.9870830774307251,-0.10591079294681549,83.68297576904297,-64.70339965820312,-6.038163185119629,0.0,0.0,49.27706527709961,1,1,1,1,1,-155.31932067871094,171.0211639404297,26.48997688293457,-165.116943359375,173.0800323486328,-42.09758377075195,lower,9,2025-11-18T16:21:49.881600,my_hand_data\videos\lower_seq9_20251118_162147_488693.avi,89.81550772020417,360,90,HIGH,VIDEO_RECORDING,2025-11-18T16:21:51.580073
2025-11-18 16:21:49.902128,216,1189,HandType.Right,0.8725166916847229,-99.92733001708984,183.7337646484375,14.747735977172852,-0.12090640515089035,-0.9868011474609375,-0.10772731155157089,75.29286193847656,-44.79465866088867,1.016029715538025,0.0,0.0,50.14045715332031,1,1,1,1,1,-153.6757049560547,169.91932678222656,26.30097770690918,-163.2555694580078,172.2065887451172,-42.33582305908203,lower,9,2025-11-18T16:21:49.902128,my_hand_data\videos\lower_seq9_20251118_162147_488693.avi,89.81550772020417,360,90,HIGH,VIDEO_RECORDING,2025-11-18T16:21:51.580073
2025-11-18 16:21:49.902128,217,1189,HandType.Right,0.8725166916847229,-99.92733001708984,183.7337646484375,14.747735977172852,-0.12090640515089035,-0.9868011474609375,-0.10772731155157089,75.29286193847656,-44.79465866088867,1.016029715538025,0.0,0.0,50.14045715332031,1,1,1,1,1,-153.6757049560547,169.91932678222656,26.30097770690918,-163.2555694580078,172.2065887451172,-42.33582305908203,lower,9,2025-11-18T16:21:49.902128,my_hand_data\videos\lower_seq9_20251118_162147_488693.avi,89.81550772020417,360,90,HIGH,VIDEO_RECORDING,2025-11-18T16:21:51.580073
2025-11-18 16:21:49.922872,218,1189,HandType.Right,0.8726140856742859,-99.0652084350586,183.1654815673828,14.789772033691406,-0.12125211954116821,-0.9866815805435181,-0.10843132436275482,78.61022186279297,-51.81715774536133,3.832963705062866,0.0,0.0,50.53356170654297,1,1,1,1,1,-152.82681274414062,169.31805419921875,26.1926326751709,-162.36785888671875,171.8092803955078,-42.48432922363281,lower,9,2025-11-18T16:21:49.922872,my_hand_data\videos\lower_seq9_20251118_162147_488693.avi,89.81550772020417,360,90,HIGH,VIDEO_RECORDING,2025-11-18T16:21:51.580073
2025-11-18 16:21:49.922872,219,1189,HandType.Right,0.8726140856742859,-99.0652084350586,183.1654815673828,14.789772033691406,-0.12125211954116821,-0.9866815805435181,-0.10843132436275482,78.61022186279297,-51.81715774536133,3.832963705062866,0.0,0.0,50.53356170654297,1,1,1,1,1,-152.82681274414062,169.31805419921875,26.1926326751709,-162.36785888671875,171.8092803955078,-42.48432922363281,lower,9,2025-11-18T16:21:49.922872,my_hand_data\videos\lower_seq9_20251118_162147_488693.avi,89.81550772020417,360,90,HIGH,VIDEO_RECORDING,2025-11-18T16:21:51.580073
2025-11-18 16:21:49.943089,220,1189,HandType.Right,0.8727726340293884,-97.41935729980469,182.11837768554688,14.84238052368164,-0.12094546109437943,-0.9865702390670776,-0.10977882891893387,73.1563949584961,-47.771358489990234,3.682515859603882,0.0,0.0,52.00605392456055,1,1,1,1,1,-151.25743103027344,168.2399444580078,25.938451766967773,-160.73512268066406,171.24624633789062,-42.787864685058594,lower,9,2025-11-18T16:21:49.943089,my_hand_data\videos\lower_seq9_20251118_162147_488693.avi,89.81550772020417,360,90,HIGH,VIDEO_RECORDING,2025-11-18T16:21:51.580073
2025-11-18 16:21:49.947101,221,1189,HandType.Right,0.8732038736343384,-96.59097290039062,181.6297607421875,14.856998443603516,-0.12145096063613892,-0.986468493938446,-0.11013427376747131,75.10221862792969,-44.298919677734375,1.3253098726272583,0.0,0.0,51.552207946777344,1,1,1,1,1,-150.41390991210938,167.71539306640625,25.824277877807617,-159.87855529785156,170.85650634765625,-42.88801956176758,lower,9,2025-11-18T16:21:49.947101,my_hand_data\videos\lower_seq9_20251118_162147_488693.avi,89.81550772020417,360,90,HIGH,VIDEO_RECORDING,2025-11-18T16:21:51.580073
2025-11-18 16:21:49.963899,222,1189,HandType.Right,0.8732391595840454,-95.78966522216797,181.11119079589844,14.847122192382812,-0.12191654741764069,-0.986344575881958,-0.11072841286659241,71.61579132080078,-46.34553909301758,-0.8827435374259949,0.0,0.0,52.40130615234375,1,1,1,1,1,-149.65992736816406,167.2165069580078,25.74972915649414,-159.06878662109375,170.49205017089844,-43.083160400390625,lower,9,2025-11-18T16:21:49.963899,my_hand_data\videos\lower_seq9_20251118_162147_488693.avi,89.81550772020417,360,90,HIGH,VIDEO_RECORDING,2025-11-18T16:21:51.580073
2025-11-18 16:21:49.965910,223,1189,HandType.Right,0.8730178475379944,-94.98407745361328,180.56658935546875,14.830690383911133,-0.12251057475805283,-0.9862299561500549,-0.11109273880720139,73.91389465332031,-49.968353271484375,-1.5076096057891846,0.0,0.0,51.92158889770508,1,1,1,1,1,-148.81991577148438,166.67294311523438,25.651521682739258,-158.2102508544922,170.00796508789062,-43.220130920410156,lower,9,2025-11-18T16:21:49.965910,my_hand_data\videos\lower_seq9_20251118_162147_488693.avi,89.81550772020417,360,90,HIGH,VIDEO_RECORDING,2025-11-18T16:21:51.580073
2025-11-18 16:21:49.984368,224,1189,HandType.Right,0.8726052045822144,-94.19805908203125,180.05502319335938,14.831748008728027,-0.12280507385730743,-0.986144483089447,-0.11152571439743042,70.13655853271484,-45.64693069458008,0.09441455453634262,0.0,0.0,53.19510269165039,1,1,1,1,1,-148.0309295654297,166.11912536621094,25.53159523010254,-157.29208374023438,169.53160095214844,-43.392250061035156,lower,9,2025-11-18T16:21:49.984368,my_hand_data\videos\lower_seq9_20251118_162147_488693.avi,89.81550772020417,360,90,HIGH,VIDEO_RECORDING,2025-11-18T16:21:51.580073
2025-11-18 16:21:49.994486,225,1189,HandType.Right,0.8721007704734802,-93.39095306396484,179.48948669433594,14.822697639465332,-0.1223345547914505,-0.986142635345459,-0.11205793917179108,71.55203247070312,-50.13715362548828,-0.8023828864097595,0.0,0.0,53.804264068603516,1,1,1,1,1,-147.27198791503906,165.56349182128906,25.44091033935547,-156.2814178466797,168.99656677246094,-43.602718353271484,lower,9,2025-11-18T16:21:49.994486,my_hand_data\videos\lower_seq9_20251118_162147_488693.avi,89.81550772020417,360,90,HIGH,VIDEO_RECORDING,2025-11-18T16:21:51.580073
2025-11-18 16:21:50.004691,226,1189,HandType.Right,0.8718046545982361,-92.67347717285156,179.01324462890625,14.782662391662598,-0.12174727022647858,-0.9861089587211609,-0.11298995465040207,66.11473846435547,-43.88450241088867,-3.689236640930176,0.0,0.0,53.807369232177734,1,1,1,1,1,-146.57261657714844,165.05982971191406,25.26720428466797,-155.2483367919922,168.46380615234375,-43.83834457397461,lower,9,2025-11-18T16:21:50.004691,my_hand_data\videos\lower_seq9_20251118_162147_488693.avi,89.81550772020417,360,90,HIGH,VIDEO_RECORDING,2025-11-18T16:21:51.580073
2025-11-18 16:21:50.024882,227,1189,HandType.Right,0.8701350688934326,-90.97492218017578,177.97793579101562,14.737360954284668,-0.12036255747079849,-0.9860403537750244,-0.11505328118801117,75.33597564697266,-43.045047760009766,-0.6072375774383545,0.0,0.0,53.77764129638672,1,1,1,1,1,-145.0430450439453,163.99986267089844,24.998092651367188,-153.1951446533203,167.3060760498047,-44.21049499511719,lower,9,2025-11-18T16:21:50.024882,my_hand_data\videos\lower_seq9_20251118_162147_488693.avi,89.81550772020417,360,90,HIGH,VIDEO_RECORDING,2025-11-18T16:21:51.580073
2025-11-18 16:21:50.024882,228,1189,HandType.Right,0.8701350688934326,-90.97492218017578,177.97793579101562,14.737360954284668,-0.12036255747079849,-0.9860403537750244,-0.11505328118801117,75.33597564697266,-43.045047760009766,-0.6072375774383545,0.0,0.0,53.77764129638672,1,1,1,1,1,-145.0430450439453,163.99986267089844,24.998092651367188,-153.1951446533203,167.3060760498047,-44.21049499511719,lower,9,2025-11-18T16:21:50.024882,my_hand_data\videos\lower_seq9_20251118_162147_488693.avi,89.81550772020417,360,90,HIGH,VIDEO_RECORDING,2025-11-18T16:21:51.580073
2025-11-18 16:21:50.045213,229,1189,HandType.Right,0.8699519634246826,-90.03820037841797,177.4229736328125,14.690129280090332,-0.12048699706792831,-0.985903799533844,-0.11608850210905075,84.25269317626953,-49.91568374633789,-4.248251914978027,0.0,0.0,53.811920166015625,1,1,1,1,1,-144.123046875,163.39076232910156,24.860462188720703,-152.2064208984375,166.73121643066406,-44.34325408935547,lower,9,2025-11-18T16:21:50.045213,my_hand_data\videos\lower_seq9_20251118_162147_488693.avi,89.81550772020417,360,90,HIGH,VIDEO_RECORDING,2025-11-18T16:21:51.580073
2025-11-18 16:21:50.050950,230,1189,HandType.Right,0.8699237704277039,-89.11481475830078,176.91439819335938,14.74206256866455,-0.12055310606956482,-0.985826849937439,-0.11667213588953018,82.0567626953125,-45.195404052734375,4.615036964416504,0.0,0.0,53.81578063964844,1,1,1,1,1,-143.18775939941406,162.79942321777344,24.790319442749023,-151.1753387451172,166.1622772216797,-44.38612747192383,lower,9,2025-11-18T16:21:50.050950,my_hand_data\videos\lower_seq9_20251118_162147_488693.avi,89.81550772020417,360,90,HIGH,VIDEO_RECORDING,2025-11-18T16:21:51.580073
2025-11-18 16:21:50.065814,231,1189,HandType.Right,0.8702733516693115,-88.18560791015625,176.38070678710938,14.781944274902344,-0.12043818831443787,-0.9857419729232788,-0.11750471591949463,84.80481719970703,-48.70677185058594,3.639883279800415,0.0,0.0,53.85233688354492,1,1,1,1,1,-142.221923828125,162.19398498535156,24.77248764038086,-150.14633178710938,165.6009521484375,-44.41893005371094,lower,9,2025-11-18T16:21:50.065814,my_hand_data\videos\lower_seq9_20251118_162147_488693.avi,89.81550772020417,360,90,HIGH,VIDEO_RECORDING,2025-11-18T16:21:51.580073
2025-11-18 16:21:50.065814,232,1189,HandType.Right,0.8704915046691895,-87.2689208984375,175.8844757080078,14.784704208374023,-0.12094572186470032,-0.9856898784637451,-0.11742060631513596,81.66496276855469,-44.20854187011719,0.24589085578918457,0.0,0.0,53.870750427246094,1,1,1,1,1,-141.27610778808594,161.63446044921875,24.681699752807617,-148.97125244140625,164.9597625732422,-44.4742431640625,lower,9,2025-11-18T16:21:50.065814,my_hand_data\videos\lower_seq9_20251118_162147_488693.avi,89.81550772020417,360,90,HIGH,VIDEO_RECORDING,2025-11-18T16:21:51.580073
2025-11-18 16:21:50.086218,233,1189,HandType.Right,0.8705224990844727,-86.31719970703125,175.29991149902344,14.75051212310791,-0.12058230489492416,-0.9856833815574646,-0.11784808337688446,85.18032836914062,-52.31949996948242,-3.060230255126953,0.0,0.0,53.9233512878418,1,1,1,1,1,-140.339599609375,161.0591583251953,24.569887161254883,-147.91329956054688,164.3545684814453,-44.63570022583008,lower,9,2025-11-18T16:21:50.086218,my_hand_data\videos\lower_seq9_20251118_162147_488693.avi,89.81550772020417,360,90,HIGH,VIDEO_RECORDING,2025-11-18T16:21:51.580073
2025-11-18 16:21:50.086218,234,1189,HandType.Right,0.8705116510391235,-85.30561828613281,174.73008728027344,14.661877632141113,-0.12087962031364441,-0.9856829047203064,-0.11754710227251053,88.68844604492188,-49.957950592041016,-7.770917892456055,0.0,0.0,53.83416748046875,1,1,1,1,1,-139.3583526611328,160.56369018554688,24.46288299560547,-146.8470458984375,163.79147338867188,-44.816009521484375,lower,9,2025-11-18T16:21:50.086218,my_hand_data\videos\lower_seq9_20251118_162147_488693.avi,89.81550772020417,360,90,HIGH,VIDEO_RECORDING,2025-11-18T16:21:51.580073
2025-11-18 16:21:50.106481,235,1189,HandType.Right,0.8707433938980103,-84.23463439941406,174.16659545898438,14.739581108093262,-0.12079566717147827,-0.9856739044189453,-0.11770868301391602,99.71883392333984,-52.46684265136719,7.234944820404053,0.0,0.0,53.783958435058594,1,1,1,1,1,-138.3536376953125,160.0260009765625,24.369413375854492,-145.73252868652344,163.2603302001953,-44.91059494018555,lower,9,2025-11-18T16:21:50.106481,my_hand_data\videos\lower_seq9_20251118_162147_488693.avi,89.81550772020417,360,90,HIGH,VIDEO_RECORDING,2025-11-18T16:21:51.580073
2025-11-18 16:21:50.116757,236,1189,HandType.Right,0.8705652952194214,-83.11148834228516,173.555419921875,14.780993461608887,-0.12135390937328339,-0.9856062531471252,-0.11770106106996536,100.69464874267578,-54.79361343383789,3.71281361579895,0.0,0.0,53.983604431152344,1,1,1,1,1,-137.33253479003906,159.437744140625,24.32127571105957,-144.57196044921875,162.75247192382812,-45.164710998535156,lower,9,2025-11-18T16:21:50.116757,my_hand_data\videos\lower_seq9_20251118_162147_488693.avi,89.81550772020417,360,90,HIGH,VIDEO_RECORDING,2025-11-18T16:21:51.580073
2025-11-18 16:21:50.126890,237,1189,HandType.Right,0.8710334897041321,-81.98692321777344,173.04811096191406,14.85170841217041,-0.12151206284761429,-0.9855561256408691,-0.1179574728012085,102.53153228759766,-46.25327682495117,6.447352886199951,0.0,0.0,53.97378921508789,1,1,1,1,1,-136.31716918945312,158.89163208007812,24.2235107421875,-143.33160400390625,162.28756713867188,-45.323753356933594,lower,9,2025-11-18T16:21:50.126890,my_hand_data\videos\lower_seq9_20251118_162147_488693.avi,89.81550772020417,360,90,HIGH,VIDEO_RECORDING,2025-11-18T16:21:51.580073
2025-11-18 16:21:50.137148,238,1189,HandType.Right,0.8709454536437988,-80.7967529296875,172.4601593017578,14.873136520385742,-0.1220974251627922,-0.9855067133903503,-0.11776542663574219,105.886962890625,-52.30887222290039,1.906484842300415,0.0,0.0,54.00083923339844,1,1,1,1,1,-135.168212890625,158.23573303222656,24.109838485717773,-142.08099365234375,161.83729553222656,-45.554073333740234,lower,9,2025-11-18T16:21:50.137148,my_hand_data\videos\lower_seq9_20251118_162147_488693.avi,89.81550772020417,360,90,HIGH,VIDEO_RECORDING,2025-11-18T16:21:51.580073
2025-11-18 16:21:50.147583,239,1189,HandType.Right,0.8713361620903015,-79.68498229980469,172.01263427734375,14.937521934509277,-0.12217589467763901,-0.9855034947395325,-0.1177111342549324,100.08760070800781,-40.288753509521484,5.796241760253906,0.0,0.0,54.01224899291992,1,1,1,1,1,-134.1258544921875,157.6442108154297,23.998523712158203,-140.85606384277344,161.44284057617188,-45.74217987060547,lower,9,2025-11-18T16:21:50.147583,my_hand_data\videos\lower_seq9_20251118_162147_488693.avi,89.81550772020417,360,90,HIGH,VIDEO_RECORDING,2025-11-18T16:21:51.580073
2025-11-18 16:21:50.168212,240,1189,HandType.Right,0.8712966442108154,-78.50597381591797,171.43226623535156,14.972168922424316,-0.12240295112133026,-0.9854809641838074,-0.11766377091407776,106.31248474121094,-52.332374572753906,3.1241869926452637,0.0,0.0,54.03211212158203,1,1,1,1,1,-132.9779815673828,156.98153686523438,23.804208755493164,-139.52696228027344,160.88853454589844,-45.973777770996094,lower,9,2025-11-18T16:21:50.168212,my_hand_data\videos\lower_seq9_20251118_162147_488693.avi,89.81550772020417,360,90,HIGH,VIDEO_RECORDING,2025-11-18T16:21:51.580073
2025-11-18 16:21:50.168212,241,1189,HandType.Right,0.8711757659912109,-77.36883544921875,170.86619567871094,14.984320640563965,-0.12356197088956833,-0.9853509068489075,-0.1175415888428688,101.948974609375,-50.75112533569336,1.0894405841827393,0.0,0.0,53.990779876708984,1,1,1,1,1,-131.89308166503906,156.28945922851562,23.639375686645508,-138.2841033935547,160.358154296875,-46.12965393066406,lower,9,2025-11-18T16:21:50.168212,my_hand_data\videos\lower_seq9_20251118_162147_488693.avi,89.81550772020417,360,90,HIGH,VIDEO_RECORDING,2025-11-18T16:21:51.580073
2025-11-18 16:21:50.188254,242,1189,HandType.Right,0.8710527420043945,-76.2305908203125,170.34181213378906,15.041595458984375,-0.12514540553092957,-0.985317051410675,-0.1161419078707695,101.94757080078125,-46.966617584228516,5.129878997802734,0.0,0.0,54.01029968261719,1,1,1,1,1,-130.6677703857422,155.50765991210938,23.467145919799805,-137.0613555908203,159.87583923339844,-46.303653717041016,lower,9,2025-11-18T16:21:50.188254,my_hand_data\videos\lower_seq9_20251118_162147_488693.avi,89.81550772020417,360,90,HIGH,VIDEO_RECORDING,2025-11-18T16:21:51.580073
2025-11-18 16:21:50.188254,243,1189,HandType.Right,0.8706210851669312,-75.1576919555664,169.8151092529297,15.089219093322754,-0.1260739415884018,-0.9852590560913086,-0.11562873423099518,99.00321960449219,-48.60258865356445,4.394550323486328,0.0,0.0,54.0029182434082,1,1,1,1,1,-129.5790252685547,154.91253662109375,23.31093978881836,-135.88404846191406,159.4165802001953,-46.4377555847168,lower,9,2025-11-18T16:21:50.188254,my_hand_data\videos\lower_seq9_20251118_162147_488693.avi,89.81550772020417,360,90,HIGH,VIDEO_RECORDING,2025-11-18T16:21:51.580073
2025-11-18 16:21:50.208441,244,1189,HandType.Right,0.8699569702148438,-74.1012191772461,169.23513793945312,15.144404411315918,-0.1271597445011139,-0.9852031469345093,-0.1149136871099472,92.01127624511719,-50.51129150390625,4.80620002746582,0.0,0.0,54.04050827026367,1,1,1,1,1,-128.46131896972656,154.1725311279297,23.239032745361328,-134.79074096679688,158.96641540527344,-46.533905029296875,lower,9,2025-11-18T16:21:50.208441,my_hand_data\videos\lower_seq9_20251118_162147_488693.avi,89.81550772020417,360,90,HIGH,VIDEO_RECORDING,2025-11-18T16:21:51.580073
2025-11-18 16:21:50.218604,245,1189,HandType.Right,0.8696364164352417,-73.00526428222656,168.65284729003906,15.168336868286133,-0.12677450478076935,-0.9852100610733032,-0.11527955532073975,100.10552978515625,-53.18717956542969,2.186011791229248,0.0,0.0,54.068206787109375,1,1,1,1,1,-127.41030883789062,153.5943145751953,23.12909507751465,-133.62477111816406,158.49790954589844,-46.664066314697266,lower,9,2025-11-18T16:21:50.218604,my_hand_data\videos\lower_seq9_20251118_162147_488693.avi,89.81550772020417,360,90,HIGH,VIDEO_RECORDING,2025-11-18T16:21:51.580073
2025-11-18 16:21:50.228912,246,1189,HandType.Right,0.8695352077484131,-71.91808319091797,168.08587646484375,15.236902236938477,-0.12645353376865387,-0.9852010607719421,-0.1157083511352539,98.85298919677734,-51.55126190185547,6.234378814697266,0.0,0.0,54.10874557495117,1,1,1,1,1,-126.34469604492188,153.01885986328125,23.112199783325195,-132.4716796875,158.00355529785156,-46.713619232177734,lower,9,2025-11-18T16:21:50.228912,my_hand_data\videos\lower_seq9_20251118_162147_488693.avi,89.81550772020417,360,90,HIGH,VIDEO_RECORDING,2025-11-18T16:21:51.580073
2025-11-18 16:21:50.239332,247,1189,HandType.Right,0.8692362904548645,-70.86627960205078,167.5811309814453,15.324325561523438,-0.12644782662391663,-0.985149085521698,-0.11615597456693649,90.97846984863281,-43.65953826904297,7.561957836151123,0.0,0.0,54.115753173828125,1,1,1,1,1,-125.32010650634766,152.50918579101562,23.083145141601562,-131.35797119140625,157.5736846923828,-46.76347351074219,lower,9,2025-11-18T16:21:50.239332,my_hand_data\videos\lower_seq9_20251118_162147_488693.avi,89.81550772020417,360,90,HIGH,VIDEO_RECORDING,2025-11-18T16:21:51.580073
2025-11-18 16:21:50.249683,248,1189,HandType.Right,0.8692362904548645,-70.86627960205078,167.5811309814453,15.324325561523438,-0.12644782662391663,-0.985149085521698,-0.11615597456693649,90.97846984863281,-43.65953826904297,7.561957836151123,0.0,0.0,54.115753173828125,1,1,1,1,1,-125.32010650634766,152.50918579101562,23.083145141601562,-131.35797119140625,157.5736846923828,-46.76347351074219,lower,9,2025-11-18T16:21:50.249683,my_hand_data\videos\lower_seq9_20251118_162147_488693.avi,89.81550772020417,360,90,HIGH,VIDEO_RECORDING,2025-11-18T16:21:51.580073
2025-11-18 16:21:50.259997,249,1189,HandType.Right,0.8685519099235535,-68.86521911621094,166.48460388183594,15.509920120239258,-0.126145601272583,-0.9851113557815552,-0.11680259555578232,90.97191619873047,-46.383262634277344,12.308329582214355,0.0,0.0,54.18671417236328,1,1,1,1,1,-123.35555267333984,151.38003540039062,23.12038230895996,-129.06369018554688,156.58900451660156,-46.831546783447266,lower,9,2025-11-18T16:21:50.259997,my_hand_data\videos\lower_seq9_20251118_162147_488693.avi,89.81550772020417,360,90,HIGH,VIDEO_RECORDING,2025-11-18T16:21:51.580073
2025-11-18 16:21:50.270078,250,1189,HandType.Right,0.8685110211372375,-67.87774658203125,166.01568603515625,15.589308738708496,-0.12636545300483704,-0.9850740432739258,-0.1168798878788948,88.20709991455078,-41.88642120361328,7.091457366943359,0.0,0.0,54.210872650146484,1,1,1,1,1,-122.4170150756836,150.8561248779297,23.07255744934082,-128.0032501220703,156.11904907226562,-46.938472747802734,lower,9,2025-11-18T16:21:50.270078,my_hand_data\videos\lower_seq9_20251118_162147_488693.avi,89.81550772020417,360,90,HIGH,VIDEO_RECORDING,2025-11-18T16:21:51.580073
2025-11-18 16:21:50.290374,251,1189,HandType.Right,0.8678814768791199,-66.94244384765625,165.49290466308594,15.667259216308594,-0.12701547145843506,-0.9851106405258179,-0.11586245149374008,84.88870239257812,-47.448448181152344,7.074801921844482,0.0,0.0,54.23701477050781,1,1,1,1,1,-121.51606750488281,150.3422393798828,23.069625854492188,-126.99388122558594,155.642333984375,-46.979248046875,lower,9,2025-11-18T16:21:50.290374,my_hand_data\videos\lower_seq9_20251118_162147_488693.avi,89.81550772020417,360,90,HIGH,VIDEO_RECORDING,2025-11-18T16:21:51.580073
2025-11-18 16:21:50.292384,252,1189,HandType.Right,0.8675820231437683,-66.01326751708984,165.0699462890625,15.792342185974121,-0.12722022831439972,-0.9851627349853516,-0.11519288271665573,84.24063873291016,-38.3463249206543,11.340248107910156,0.0,0.0,54.27455520629883,1,1,1,1,1,-120.66925811767578,149.8970489501953,23.123416900634766,-126.01982116699219,155.282958984375,-46.98032760620117,lower,9,2025-11-18T16:21:50.292384,my_hand_data\videos\lower_seq9_20251118_162147_488693.avi,89.81550772020417,360,90,HIGH,VIDEO_RECORDING,2025-11-18T16:21:51.580073
2025-11-18 16:21:50.311213,253,1189,HandType.Right,0.8672455549240112,-65.07665252685547,164.66708374023438,16.01689338684082,-0.12777984142303467,-0.9851467609405518,-0.11470915377140045,84.62350463867188,-36.398616790771484,20.288358688354492,0.0,0.0,54.25773239135742,1,1,1,1,1,-119.7513198852539,149.4606475830078,23.185821533203125,-124.9277572631836,154.8846435546875,-46.88113784790039,lower,9,2025-11-18T16:21:50.311213,my_hand_data\videos\lower_seq9_20251118_162147_488693.avi,89.81550772020417,360,90,HIGH,VIDEO_RECORDING,2025-11-18T16:21:51.580073
2025-11-18 16:21:50.311213,254,1189,HandType.Right,0.8669726252555847,-64.1031723022461,164.2578887939453,16.21783447265625,-0.1286730170249939,-0.9851751327514648,-0.1134600043296814,87.03472900390625,-36.58470916748047,17.965194702148438,0.0,0.0,54.26849365234375,1,1,1,1,1,-118.86782836914062,149.04806518554688,23.206226348876953,-123.93082427978516,154.6806640625,-46.952213287353516,lower,9,2025-11-18T16:21:50.311213,my_hand_data\videos\lower_seq9_20251118_162147_488693.avi,89.81550772020417,360,90,HIGH,VIDEO_RECORDING,2025-11-18T16:21:51.580073
2025-11-18 16:21:50.331543,255,1189,HandType.Right,0.8661684989929199,-63.15280532836914,163.86477661132812,16.401123046875,-0.12972372770309448,-0.9851851463317871,-0.11216964572668076,85.76532745361328,-35.475521087646484,16.54083251953125,0.0,0.0,54.29188537597656,1,1,1,1,1,-117.92230224609375,148.55694580078125,23.257177352905273,-122.86386108398438,154.33489990234375,-46.90648651123047,lower,9,2025-11-18T16:21:50.331543,my_hand_data\videos\lower_seq9_20251118_162147_488693.avi,89.81550772020417,360,90,HIGH,VIDEO_RECORDING,2025-11-18T16:21:51.580073
2025-11-18 16:21:50.331543,256,1189,HandType.Right,0.865597128868103,-62.175567626953125,163.3703155517578,16.53675651550293,-0.13091084361076355,-0.9852138161659241,-0.1105261817574501,88.15052032470703,-44.6018180847168,12.234686851501465,0.0,0.0,54.32304763793945,1,1,1,1,1,-116.93775177001953,148.02169799804688,23.266754150390625,-121.77517700195312,153.97946166992188,-46.957820892333984,lower,9,2025-11-18T16:21:50.331543,my_hand_data\videos\lower_seq9_20251118_162147_488693.avi,89.81550772020417,360,90,HIGH,VIDEO_RECORDING,2025-11-18T16:21:51.580073
2025-11-18 16:21:50.352426,257,1189,HandType.Right,0.8649001121520996,-61.23039245605469,162.99221801757812,16.701343536376953,-0.1317882388830185,-0.9852126836776733,-0.10948900878429413,81.52983856201172,-32.61454772949219,14.197030067443848,0.0,0.0,54.311790466308594,1,1,1,1,1,-115.99654388427734,147.59693908691406,23.2592830657959,-120.65548706054688,153.658447265625,-46.93654251098633,lower,9,2025-11-18T16:21:50.352426,my_hand_data\videos\lower_seq9_20251118_162147_488693.avi,89.81550772020417,360,90,HIGH,VIDEO_RECORDING,2025-11-18T16:21:51.580073
2025-11-18 16:21:50.362917,258,1189,HandType.Right,0.8640161156654358,-60.25194549560547,162.5172119140625,16.808618545532227,-0.13365882635116577,-0.985157310962677,-0.1077050194144249,92.08045196533203,-44.702266693115234,10.095479965209961,0.0,0.0,54.307247161865234,1,1,1,1,1,-115.0121078491211,147.02735900878906,23.1837158203125,-119.51166534423828,153.20535278320312,-46.95756912231445,lower,9,2025-11-18T16:21:50.362917,my_hand_data\videos\lower_seq9_20251118_162147_488693.avi,89.81550772020417,360,90,HIGH,VIDEO_RECORDING,2025-11-18T16:21:51.580073
2025-11-18 16:21:50.373201,259,1189,HandType.Right,0.8630786538124084,-59.30989456176758,162.0853729248047,16.89999008178711,-0.13510450720787048,-0.9851973652839661,-0.10551289469003677,84.76239776611328,-38.8559455871582,8.22144889831543,0.0,0.0,54.32670211791992,1,1,1,1,1,-114.07980346679688,146.5264892578125,23.149099349975586,-118.48463439941406,152.83055114746094,-47.036319732666016,lower,9,2025-11-18T16:21:50.373201,my_hand_data\videos\lower_seq9_20251118_162147_488693.avi,89.81550772020417,360,90,HIGH,VIDEO_RECORDING,2025-11-18T16:21:51.580073
2025-11-18 16:21:50.383484,260,1189,HandType.Right,0.8623532652854919,-58.366764068603516,161.66122436523438,17.0059757232666,-0.13666151463985443,-0.9851241707801819,-0.10418228060007095,84.867431640625,-38.166542053222656,9.536935806274414,0.0,0.0,54.34688949584961,1,1,1,1,1,-113.16627502441406,146.07586669921875,23.13210678100586,-117.3567123413086,152.36654663085938,-47.10770797729492,lower,9,2025-11-18T16:21:50.383484,my_hand_data\videos\lower_seq9_20251118_162147_488693.avi,89.81550772020417,360,90,HIGH,VIDEO_RECORDING,2025-11-18T16:21:51.580073
2025-11-18 16:21:50.393856,261,1189,HandType.Right,0.8623532652854919,-58.366764068603516,161.66122436523438,17.0059757232666,-0.13666151463985443,-0.9851241707801819,-0.10418228060007095,84.867431640625,-38.166542053222656,9.536935806274414,0.0,0.0,54.34688949584961,1,1,1,1,1,-113.16627502441406,146.07586669921875,23.13210678100586,-117.3567123413086,152.36654663085938,-47.10770797729492,lower,9,2025-11-18T16:21:50.393856,my_hand_data\videos\lower_seq9_20251118_162147_488693.avi,89.81550772020417,360,90,HIGH,VIDEO_RECORDING,2025-11-18T16:21:51.580073
2025-11-18 16:21:50.404315,262,1189,HandType.Right,0.8607466220855713,-56.45747756958008,160.55902099609375,17.20818328857422,-0.14000169932842255,-0.985007107257843,-0.10079958289861679,84.01252746582031,-50.069427490234375,8.575039863586426,0.0,0.0,54.37110137939453,1,1,1,1,1,-111.38525390625,144.99085998535156,23.040491104125977,-115.20181274414062,151.30052185058594,-47.23933410644531,lower,9,2025-11-18T16:21:50.404315,my_hand_data\videos\lower_seq9_20251118_162147_488693.avi,89.81550772020417,360,90,HIGH,VIDEO_RECORDING,2025-11-18T16:21:51.580073
2025-11-18 16:21:50.414458,263,1189,HandType.Right,0.8598175048828125,-55.529747009277344,160.08453369140625,17.29949378967285,-0.1423354595899582,-0.9849344491958618,-0.09820763021707535,85.26130676269531,-43.60737228393555,8.3916597366333,0.0,0.0,54.36606216430664,1,1,1,1,1,-110.5566177368164,144.51422119140625,22.963266372680664,-114.10991668701172,150.81248474121094,-47.22936248779297,lower,9,2025-11-18T16:21:50.414458,my_hand_data\videos\lower_seq9_20251118_162147_488693.avi,89.81550772020417,360,90,HIGH,VIDEO_RECORDING,2025-11-18T16:21:51.580073
2025-11-18 16:21:50.435216,264,1189,HandType.Right,0.8590425848960876,-54.61859130859375,159.5742950439453,17.420455932617188,-0.14276935160160065,-0.9849859476089478,-0.09705474972724915,80.34200286865234,-44.990257263183594,10.665888786315918,0.0,0.0,54.37794494628906,1,1,1,1,1,-109.69749450683594,143.94468688964844,22.940629959106445,-113.07344818115234,150.30197143554688,-47.35197830200195,lower,9,2025-11-18T16:21:50.435216,my_hand_data\videos\lower_seq9_20251118_162147_488693.avi,89.81550772020417,360,90,HIGH,VIDEO_RECORDING,2025-11-18T16:21:51.580073
2025-11-18 16:21:50.439335,265,1189,HandType.Right,0.8573873043060303,-53.751739501953125,159.0245819091797,17.56683349609375,-0.14409716427326202,-0.9849233031272888,-0.09571890532970428,79.95305633544922,-50.70333480834961,13.501019477844238,0.0,0.0,54.3419189453125,1,1,1,1,1,-108.89865112304688,143.38841247558594,22.891511917114258,-112.03389739990234,149.64300537109375,-47.38935852050781,lower,9,2025-11-18T16:21:50.439335,my_hand_data\videos\lower_seq9_20251118_162147_488693.avi,89.81550772020417,360,90,HIGH,VIDEO_RECORDING,2025-11-18T16:21:51.580073
2025-11-18 16:21:50.455959,266,1189,HandType.Right,0.8560236096382141,-52.861351013183594,158.42391967773438,17.700157165527344,-0.14462661743164062,-0.9849303960800171,-0.09484358131885529,79.25826263427734,-53.46772766113281,11.867924690246582,0.0,0.0,54.31452560424805,1,1,1,1,1,-108.0766372680664,142.77487182617188,22.81770133972168,-110.96064758300781,148.92962646484375,-47.439544677734375,lower,9,2025-11-18T16:21:50.455959,my_hand_data\videos\lower_seq9_20251118_162147_488693.avi,89.81550772020417,360,90,HIGH,VIDEO_RECORDING,2025-11-18T16:21:51.580073
2025-11-18 16:21:50.455959,267,1189,HandType.Right,0.8550708889961243,-52.02696990966797,157.80564880371094,17.784183502197266,-0.14457666873931885,-0.9849307537078857,-0.09491559118032455,74.63829803466797,-55.30571365356445,7.5163469314575195,0.0,0.0,54.272743225097656,1,1,1,1,1,-107.28836059570312,142.17208862304688,22.704694747924805,-109.98925018310547,148.30999755859375,-47.508056640625,lower,9,2025-11-18T16:21:50.455959,my_hand_data\videos\lower_seq9_20251118_162147_488693.avi,89.81550772020417,360,90,HIGH,VIDEO_RECORDING,2025-11-18T16:21:51.580073
2025-11-18 16:21:50.476109,268,1189,HandType.Right,0.8540481925010681,-51.1889762878418,157.18875122070312,17.8820858001709,-0.14447921514511108,-0.9849701523780823,-0.09465485066175461,77.22032928466797,-56.84634780883789,9.021631240844727,0.0,0.0,54.2445068359375,1,1,1,1,1,-106.53633117675781,141.6048583984375,22.63755226135254,-109.02640533447266,147.68568420410156,-47.55790710449219,lower,9,2025-11-18T16:21:50.476109,my_hand_data\videos\lower_seq9_20251118_162147_488693.avi,89.81550772020417,360,90,HIGH,VIDEO_RECORDING,2025-11-18T16:21:51.580073
2025-11-18 16:21:50.476109,269,1189,HandType.Right,0.8538697957992554,-50.338191986083984,156.62887573242188,17.952491760253906,-0.14512062072753906,-0.984915554523468,-0.09424123167991638,69.1130142211914,-45.481689453125,5.719472408294678,0.0,0.0,54.214996337890625,1,1,1,1,1,-105.75580596923828,141.13287353515625,22.55644416809082,-108.07503509521484,147.1045684814453,-47.663204193115234,lower,9,2025-11-18T16:21:50.476109,my_hand_data\videos\lower_seq9_20251118_162147_488693.avi,89.81550772020417,360,90,HIGH,VIDEO_RECORDING,2025-11-18T16:21:51.580073
2025-11-18 16:21:50.496581,270,1189,HandType.Right,0.8530253171920776,-49.457916259765625,155.97894287109375,18.047828674316406,-0.1453145146369934,-0.9849275350570679,-0.09381575137376785,86.70126342773438,-64.01351928710938,9.389873504638672,0.0,0.0,54.17728805541992,1,1,1,1,1,-105.02102661132812,140.54617309570312,22.49407386779785,-107.13385009765625,146.44398498535156,-47.7002067565918,lower,9,2025-11-18T16:21:50.496581,my_hand_data\videos\lower_seq9_20251118_162147_488693.avi,89.81550772020417,360,90,HIGH,VIDEO_RECORDING,2025-11-18T16:21:51.580073
2025-11-18 16:21:50.496581,271,1189,HandType.Right,0.852931022644043,-48.648948669433594,155.33885192871094,18.15830421447754,-0.14457209408283234,-0.9850471615791321,-0.09370722621679306,70.67079162597656,-55.91857147216797,9.651115417480469,0.0,0.0,54.153053283691406,1,1,1,1,1,-104.24755859375,139.91030883789062,22.44741439819336,-106.18750762939453,145.75657653808594,-47.75442886352539,lower,9,2025-11-18T16:21:50.496581,my_hand_data\videos\lower_seq9_20251118_162147_488693.avi,89.81550772020417,360,90,HIGH,VIDEO_RECORDING,2025-11-18T16:21:51.580073
2025-11-18 16:21:50.516263,272,1189,HandType.Right,0.8527042269706726,-47.81726837158203,154.67681884765625,18.241024017333984,-0.14424286782741547,-0.985062301158905,-0.09405436366796494,77.1145248413086,-61.38448715209961,7.669862747192383,0.0,0.0,54.11219024658203,1,1,1,1,1,-103.47752380371094,139.2604522705078,22.359407424926758,-105.09697723388672,144.932861328125,-47.76555252075195,lower,9,2025-11-18T16:21:50.516263,my_hand_data\videos\lower_seq9_20251118_162147_488693.avi,89.81550772020417,360,90,HIGH,VIDEO_RECORDING,2025-11-18T16:21:51.580073
2025-11-18 16:21:50.526390,273,1189,HandType.Right,0.8524097800254822,-47.0074462890625,154.0514373779297,18.293296813964844,-0.14252133667469025,-0.9852060675621033,-0.09516641497612,71.19308471679688,-54.978214263916016,4.595501899719238,0.0,0.0,54.13772201538086,1,1,1,1,1,-102.71092987060547,138.57772827148438,22.30136489868164,-104.1238021850586,144.25946044921875,-47.909149169921875,lower,9,2025-11-18T16:21:50.526390,my_hand_data\videos\lower_seq9_20251118_162147_488693.avi,89.81550772020417,360,90,HIGH,VIDEO_RECORDING,2025-11-18T16:21:51.580073
2025-11-18 16:21:50.536538,274,1189,HandType.Right,0.8524097800254822,-47.0074462890625,154.0514373779297,18.293296813964844,-0.14252133667469025,-0.9852060675621033,-0.09516641497612,71.19308471679688,-54.978214263916016,4.595501899719238,0.0,0.0,54.13772201538086,1,1,1,1,1,-102.71092987060547,138.57772827148438,22.30136489868164,-104.1238021850586,144.25946044921875,-47.909149169921875,lower,9,2025-11-18T16:21:50.536538,my_hand_data\videos\lower_seq9_20251118_162147_488693.avi,89.81550772020417,360,90,HIGH,VIDEO_RECORDING,2025-11-18T16:21:51.580073
2025-11-18 16:21:50.546804,275,1189,HandType.Right,0.8529448509216309,-45.3336067199707,152.62594604492188,18.46925163269043,-0.13768596947193146,-0.9856778979301453,-0.09737396985292435,76.25494384765625,-70.44624328613281,6.160504341125488,0.0,0.0,54.202720642089844,1,1,1,1,1,-101.1699447631836,136.98486328125,22.10781478881836,-102.1197738647461,142.744384765625,-48.393367767333984,lower,9,2025-11-18T16:21:50.546804,my_hand_data\videos\lower_seq9_20251118_162147_488693.avi,89.81550772020417,360,90,HIGH,VIDEO_RECORDING,2025-11-18T16:21:51.580073
2025-11-18 16:21:50.567395,276,1189,HandType.Right,0.8535825610160828,-44.560546875,151.93765258789062,18.492050170898438,-0.1359609216451645,-0.9858720302581787,-0.09783107787370682,69.48221588134766,-61.862857818603516,2.0489816665649414,0.0,0.0,54.309547424316406,1,1,1,1,1,-100.42890930175781,136.2459716796875,22.063636779785156,-101.20338439941406,142.02967834472656,-48.627220153808594,lower,9,2025-11-18T16:21:50.567395,my_hand_data\videos\lower_seq9_20251118_162147_488693.avi,89.81550772020417,360,90,HIGH,VIDEO_RECORDING,2025-11-18T16:21:51.580073
2025-11-18 16:21:50.569403,277,1189,HandType.Right,0.8535133004188538,-43.78245162963867,151.19845581054688,18.514545440673828,-0.13521409034729004,-0.9859439134597778,-0.0981416255235672,70.7808837890625,-67.24273681640625,2.0463931560516357,0.0,0.0,54.33613204956055,1,1,1,1,1,-99.70963287353516,135.47250366210938,21.948055267333984,-100.291015625,141.22193908691406,-48.751285552978516,lower,9,2025-11-18T16:21:50.569403,my_hand_data\videos\lower_seq9_20251118_162147_488693.avi,89.81550772020417,360,90,HIGH,VIDEO_RECORDING,2025-11-18T16:21:51.580073
2025-11-18 16:21:50.588167,278,1189,HandType.Right,0.8533707857131958,-42.967796325683594,150.35955810546875,18.531307220458984,-0.13510647416114807,-0.9859730005264282,-0.09799756109714508,73.0435562133789,-75.21772766113281,1.5028561353683472,0.0,0.0,54.39023971557617,1,1,1,1,1,-98.91116333007812,134.63082885742188,21.848098754882812,-99.40000915527344,140.3662567138672,-48.89678955078125,lower,9,2025-11-18T16:21:50.588167,my_hand_data\videos\lower_seq9_20251118_162147_488693.avi,89.81550772020417,360,90,HIGH,VIDEO_RECORDING,2025-11-18T16:21:51.580073
2025-11-18 16:21:50.588167,279,1189,HandType.Right,0.8533707857131958,-42.967796325683594,150.35955810546875,18.531307220458984,-0.13510647416114807,-0.9859730005264282,-0.09799756109714508,73.0435562133789,-75.21772766113281,1.5028561353683472,0.0,0.0,54.39023971557617,1,1,1,1,1,-98.91116333007812,134.63082885742188,21.848098754882812,-99.40000915527344,140.3662567138672,-48.89678955078125,lower,9,2025-11-18T16:21:50.588167,my_hand_data\videos\lower_seq9_20251118_162147_488693.avi,89.81550772020417,360,90,HIGH,VIDEO_RECORDING,2025-11-18T16:21:51.580073
2025-11-18 16:21:50.608576,280,1189,HandType.Right,0.8526797294616699,-41.383338928222656,148.63832092285156,18.585477828979492,-0.1367490440607071,-0.9858660101890564,-0.09678768366575241,71.6490707397461,-79.7706298828125,0.7720048427581787,0.0,0.0,54.44835662841797,1,1,1,1,1,-97.41545104980469,133.03277587890625,21.700429916381836,-97.71490478515625,138.66009521484375,-49.09946823120117,lower,9,2025-11-18T16:21:50.608576,my_hand_data\videos\lower_seq9_20251118_162147_488693.avi,89.81550772020417,360,90,HIGH,VIDEO_RECORDING,2025-11-18T16:21:51.580073
2025-11-18 16:21:50.618735,281,1189,HandType.Right,0.8521363139152527,-40.59391403198242,147.71607971191406,18.609434127807617,-0.13688600063323975,-0.9858788847923279,-0.0964629128575325,70.96610260009766,-82.90483093261719,2.1535634994506836,0.0,0.0,54.45210266113281,1,1,1,1,1,-96.7008056640625,132.21409606933594,21.564828872680664,-96.87220764160156,137.75831604003906,-49.213871002197266,lower,9,2025-11-18T16:21:50.618735,my_hand_data\videos\lower_seq9_20251118_162147_488693.avi,89.81550772020417,360,90,HIGH,VIDEO_RECORDING,2025-11-18T16:21:51.580073
2025-11-18 16:21:50.628992,282,1189,HandType.Right,0.8516324162483215,-39.83645248413086,146.6946258544922,18.63634490966797,-0.13725546002388,-0.985912561416626,-0.09558971971273422,68.4059829711914,-92.2481689453125,2.4303195476531982,0.0,0.0,54.4948616027832,1,1,1,1,1,-96.01433563232422,131.287841796875,21.481712341308594,-96.08759307861328,136.81341552734375,-49.41699981689453,lower,9,2025-11-18T16:21:50.628992,my_hand_data\videos\lower_seq9_20251118_162147_488693.avi,89.81550772020417,360,90,HIGH,VIDEO_RECORDING,2025-11-18T16:21:51.580073
2025-11-18 16:21:50.639247,283,1189,HandType.Right,0.8510739803314209,-39.07332229614258,145.762451171875,18.670656204223633,-0.1387753039598465,-0.9858476519584656,-0.0940520241856575,67.0706787109375,-81.9267807006836,3.0156288146972656,0.0,0.0,54.521263122558594,1,1,1,1,1,-95.2716293334961,130.3536834716797,21.330968856811523,-95.24729919433594,135.88157653808594,-49.60285186767578,lower,9,2025-11-18T16:21:50.639247,my_hand_data\videos\lower_seq9_20251118_162147_488693.avi,89.81550772020417,360,90,HIGH,VIDEO_RECORDING,2025-11-18T16:21:51.580073
2025-11-18 16:21:50.649693,284,1189,HandType.Right,0.8496769666671753,-38.294063568115234,144.81329345703125,18.717296600341797,-0.14018847048282623,-0.9857595562934875,-0.09287228435277939,72.23409271240234,-87.98277282714844,4.323312282562256,0.0,0.0,54.47793197631836,1,1,1,1,1,-94.58440399169922,129.40994262695312,21.08406639099121,-94.37994384765625,134.92214965820312,-49.788536071777344,lower,9,2025-11-18T16:21:50.649693,my_hand_data\videos\lower_seq9_20251118_162147_488693.avi,89.81550772020417,360,90,HIGH,VIDEO_RECORDING,2025-11-18T16:21:51.580073
2025-11-18 16:21:50.660049,285,1189,HandType.Right,0.8486843705177307,-37.54727554321289,143.91738891601562,18.69175910949707,-0.1405218243598938,-0.9857891798019409,-0.09205067157745361,66.66549682617188,-79.97823333740234,-2.279654026031494,0.0,0.0,54.543212890625,1,1,1,1,1,-93.87128448486328,128.47390747070312,20.910747528076172,-93.55616760253906,134.03289794921875,-50.07951736450195,lower,9,2025-11-18T16:21:50.660049,my_hand_data\videos\lower_seq9_20251118_162147_488693.avi,89.81550772020417,360,90,HIGH,VIDEO_RECORDING,2025-11-18T16:21:51.580073
2025-11-18 16:21:50.670156,286,1189,HandType.Right,0.8475099802017212,-36.812591552734375,142.9893035888672,18.64982032775879,-0.14095814526081085,-0.9858470559120178,-0.09075470268726349,66.2354507446289,-83.6715316772461,-3.7811310291290283,0.0,0.0,54.6097526550293,1,1,1,1,1,-93.15283966064453,127.46742248535156,20.74522590637207,-92.70926666259766,133.11256408691406,-50.31597137451172,lower,9,2025-11-18T16:21:50.670156,my_hand_data\videos\lower_seq9_20251118_162147_488693.avi,89.81550772020417,360,90,HIGH,VIDEO_RECORDING,2025-11-18T16:21:51.580073
2025-11-18 16:21:50.680339,287,1189,HandType.Right,0.8464885354042053,-36.08913803100586,142.100830078125,18.596336364746094,-0.14184564352035522,-0.9858853220939636,-0.08893789350986481,65.052734375,-79.8906021118164,-4.809167861938477,0.0,0.0,54.689605712890625,1,1,1,1,1,-92.37506866455078,126.4793701171875,20.587217330932617,-91.8541259765625,132.1583709716797,-50.520259857177734,lower,9,2025-11-18T16:21:50.680339,my_hand_data\videos\lower_seq9_20251118_162147_488693.avi,89.81550772020417,360,90,HIGH,VIDEO_RECORDING,2025-11-18T16:21:51.580073
2025-11-18 16:21:50.700778,288,1189,HandType.Right,0.8452431559562683,-35.373985290527344,141.144287109375,18.543970108032227,-0.1417420506477356,-0.9860260486602783,-0.0875316634774208,65.34683990478516,-87.40369415283203,-4.784961700439453,0.0,0.0,54.77762985229492,1,1,1,1,1,-91.63531494140625,125.41626739501953,20.433719635009766,-91.11416625976562,131.21536254882812,-50.77730941772461,lower,9,2025-11-18T16:21:50.700778,my_hand_data\videos\lower_seq9_20251118_162147_488693.avi,89.81550772020417,360,90,HIGH,VIDEO_RECORDING,2025-11-18T16:21:51.580073
2025-11-18 16:21:50.704603,289,1189,HandType.Right,0.8444249629974365,-34.64265823364258,140.19895935058594,18.5430908203125,-0.1419280469417572,-0.9860955476760864,-0.08644049614667892,65.279296875,-84.38153076171875,-0.07847918570041656,0.0,0.0,54.83189010620117,1,1,1,1,1,-90.94734191894531,124.44571685791016,20.277605056762695,-90.27092742919922,130.21604919433594,-50.921363830566406,lower,9,2025-11-18T16:21:50.704603,my_hand_data\videos\lower_seq9_20251118_162147_488693.avi,89.81550772020417,360,90,HIGH,VIDEO_RECORDING,2025-11-18T16:21:51.580073
2025-11-18 16:21:50.721429,290,1189,HandType.Right,0.8431878685951233,-33.85529708862305,139.12127685546875,18.557584762573242,-0.14146305620670319,-0.9862110614776611,-0.08588365465402603,70.55239868164062,-96.56736755371094,1.2988243103027344,0.0,0.0,54.91798400878906,1,1,1,1,1,-90.25106048583984,123.3971939086914,20.1613826751709,-89.4503402709961,129.13064575195312,-51.097965240478516,lower,9,2025-11-18T16:21:50.721429,my_hand_data\videos\lower_seq9_20251118_162147_488693.avi,89.81550772020417,360,90,HIGH,VIDEO_RECORDING,2025-11-18T16:21:51.580073
2025-11-18 16:21:50.725446,291,1189,HandType.Right,0.8422649502754211,-33.05514144897461,138.09962463378906,18.606067657470703,-0.1419445425271988,-0.9862778782844543,-0.08430745452642441,72.25531005859375,-92.25655364990234,4.378028392791748,0.0,0.0,54.96424102783203,1,1,1,1,1,-89.52355194091797,122.4027328491211,20.092369079589844,-88.60169982910156,128.13320922851562,-51.184837341308594,lower,9,2025-11-18T16:21:50.725446,my_hand_data\videos\lower_seq9_20251118_162147_488693.avi,89.81550772020417,360,90,HIGH,VIDEO_RECORDING,2025-11-18T16:21:51.580073
2025-11-18 16:21:50.741956,292,1189,HandType.Right,0.8417559266090393,-32.24364471435547,137.08407592773438,18.69692039489746,-0.14282909035682678,-0.9862511157989502,-0.08311785757541656,72.90410614013672,-91.23538970947266,8.16204833984375,0.0,0.0,54.95073318481445,1,1,1,1,1,-88.74146270751953,121.38788604736328,19.99139404296875,-87.7489242553711,127.15782165527344,-51.190635681152344,lower,9,2025-11-18T16:21:50.741956,my_hand_data\videos\lower_seq9_20251118_162147_488693.avi,89.81550772020417,360,90,HIGH,VIDEO_RECORDING,2025-11-18T16:21:51.580073
2025-11-18 16:21:50.752012,293,1189,HandType.Right,0.8406714797019958,-31.468828201293945,136.15708923339844,18.781862258911133,-0.14504680037498474,-0.9861222505569458,-0.08077332377433777,70.61756134033203,-84.48675537109375,7.741778373718262,0.0,0.0,54.95109176635742,1,1,1,1,1,-87.98213195800781,120.42417907714844,19.915245056152344,-86.86194610595703,126.2459716796875,-51.17827606201172,lower,9,2025-11-18T16:21:50.752012,my_hand_data\videos\lower_seq9_20251118_162147_488693.avi,89.81550772020417,360,90,HIGH,VIDEO_RECORDING,2025-11-18T16:21:51.580073
2025-11-18 16:21:50.762232,294,1189,HandType.Right,0.8398057818412781,-30.694494247436523,135.239990234375,18.80425262451172,-0.1466134786605835,-0.9860445261001587,-0.07887163013219833,69.06924438476562,-81.802978515625,1.9972349405288696,0.0,0.0,55.016788482666016,1,1,1,1,1,-87.2348861694336,119.48980712890625,19.80654525756836,-86.00740814208984,125.37743377685547,-51.279685974121094,lower,9,2025-11-18T16:21:50.762232,my_hand_data\videos\lower_seq9_20251118_162147_488693.avi,89.81550772020417,360,90,HIGH,VIDEO_RECORDING,2025-11-18T16:21:51.580073
2025-11-18 16:21:50.772380,295,1189,HandType.Right,0.8385862112045288,-29.929931640625,134.3101806640625,18.892667770385742,-0.14809195697307587,-0.9859293103218079,-0.07753783464431763,63.9854621887207,-77.81584167480469,7.399223327636719,0.0,0.0,55.06190872192383,1,1,1,1,1,-86.56293487548828,118.59465026855469,19.760589599609375,-85.07233428955078,124.51714324951172,-51.26526641845703,lower,9,2025-11-18T16:21:50.772380,my_hand_data\videos\lower_seq9_20251118_162147_488693.avi,89.81550772020417,360,90,HIGH,VIDEO_RECORDING,2025-11-18T16:21:51.580073
2025-11-18 16:21:50.782490,296,1189,HandType.Right,0.8371148705482483,-29.118040084838867,133.3984375,19.02220344543457,-0.15012328326702118,-0.9857637882232666,-0.07571490854024887,78.41320037841797,-88.05691528320312,12.510809898376465,0.0,0.0,55.07774353027344,1,1,1,1,1,-85.77118682861328,117.69300079345703,19.706417083740234,-84.06153106689453,123.65593719482422,-51.271663665771484,lower,9,2025-11-18T16:21:50.782490,my_hand_data\videos\lower_seq9_20251118_162147_488693.avi,89.81550772020417,360,90,HIGH,VIDEO_RECORDING,2025-11-18T16:21:51.580073
2025-11-18 16:21:50.792593,297,1189,HandType.Right,0.8355867862701416,-28.346187591552734,132.5941619873047,19.244279861450195,-0.15200075507164001,-0.9855474233627319,-0.07477963715791702,69.14385223388672,-72.04774475097656,19.89387321472168,0.0,0.0,55.056785583496094,1,1,1,1,1,-85.06156921386719,116.89608001708984,19.69483184814453,-82.9866714477539,122.80209350585938,-51.17990493774414,lower,9,2025-11-18T16:21:50.792593,my_hand_data\videos\lower_seq9_20251118_162147_488693.avi,89.81550772020417,360,90,HIGH,VIDEO_RECORDING,2025-11-18T16:21:51.580073
2025-11-18 16:21:50.803097,298,1189,HandType.Right,0.8355867862701416,-28.346187591552734,132.5941619873047,19.244279861450195,-0.15200075507164001,-0.9855474233627319,-0.07477963715791702,69.14385223388672,-72.04774475097656,19.89387321472168,0.0,0.0,55.056785583496094,1,1,1,1,1,-85.06156921386719,116.89608001708984,19.69483184814453,-82.9866714477539,122.80209350585938,-51.17990493774414,lower,9,2025-11-18T16:21:50.803097,my_hand_data\videos\lower_seq9_20251118_162147_488693.avi,89.81550772020417,360,90,HIGH,VIDEO_RECORDING,2025-11-18T16:21:51.580073
2025-11-18 16:21:50.823707,299,1189,HandType.Right,0.831968367099762,-26.613693237304688,130.91969299316406,19.663103103637695,-0.15808887779712677,-0.9849022626876831,-0.07053640484809875,76.02186584472656,-70.21031951904297,19.983043670654297,0.0,0.0,55.029056549072266,1,1,1,1,1,-83.33320617675781,115.16009521484375,19.645429611206055,-81.02999877929688,121.21869659423828,-51.03688430786133,lower,9,2025-11-18T16:21:50.823707,my_hand_data\videos\lower_seq9_20251118_162147_488693.avi,89.81550772020417,360,90,HIGH,VIDEO_RECORDING,2025-11-18T16:21:51.580073
2025-11-18 16:21:50.828301,300,1189,HandType.Right,0.8301984071731567,-25.728702545166016,130.111328125,19.895597457885742,-0.16123487055301666,-0.9845399856567383,-0.06844248622655869,80.32959747314453,-73.37460327148438,21.10331153869629,0.0,0.0,55.00272750854492,1,1,1,1,1,-82.45124053955078,114.33076477050781,19.671932220458984,-79.97798919677734,120.5002670288086,-50.965545654296875,lower,9,2025-11-18T16:21:50.828301,my_hand_data\videos\lower_seq9_20251118_162147_488693.avi,89.81550772020417,360,90,HIGH,VIDEO_RECORDING,2025-11-18T16:21:51.580073
2025-11-18 16:21:50.834066,301,1189,HandType.Right,0.8278482556343079,-24.80776023864746,129.29205322265625,20.13556671142578,-0.1653665453195572,-0.9840280413627625,-0.06589892506599426,83.07251739501953,-73.90239715576172,21.646024703979492,0.0,0.0,54.990516662597656,1,1,1,1,1,-81.53508758544922,113.53160095214844,19.7484130859375,-78.85651397705078,119.765625,-50.8510856628418,lower,9,2025-11-18T16:21:50.834066,my_hand_data\videos\lower_seq9_20251118_162147_488693.avi,89.81550772020417,360,90,HIGH,VIDEO_RECORDING,2025-11-18T16:21:51.580073
2025-11-18 16:21:50.854530,302,1189,HandType.Right,0.8271764516830444,-23.86925506591797,128.58514404296875,20.371803283691406,-0.1690530776977539,-0.9835125803947449,-0.06421872228384018,85.02497863769531,-64.04332733154297,21.402217864990234,0.0,0.0,54.9913330078125,1,1,1,1,1,-80.70403289794922,112.89384460449219,19.761531829833984,-77.70706939697266,119.12930297851562,-50.72493362426758,lower,9,2025-11-18T16:21:50.854530,my_hand_data\videos\lower_seq9_20251118_162147_488693.avi,89.81550772020417,360,90,HIGH,VIDEO_RECORDING,2025-11-18T16:21:51.580073
2025-11-18 16:21:50.857307,303,1189,HandType.Right,0.8272774815559387,-22.9261531829834,127.96859741210938,20.5937442779541,-0.17277435958385468,-0.9830105304718018,-0.061962127685546875,84.60582733154297,-55.30982208251953,19.910367965698242,0.0,0.0,55.030487060546875,1,1,1,1,1,-79.84727478027344,112.2959213256836,19.796960830688477,-76.61206817626953,118.558837890625,-50.60417175292969,lower,9,2025-11-18T16:21:50.857307,my_hand_data\videos\lower_seq9_20251118_162147_488693.avi,89.81550772020417,360,90,HIGH,VIDEO_RECORDING,2025-11-18T16:21:51.580073
2025-11-18 16:21:50.875201,304,1189,HandType.Right,0.8271571397781372,-21.945045471191406,127.46121978759766,20.897647857666016,-0.17575889825820923,-0.9825881123542786,-0.060244370251894,87.70075225830078,-45.35439682006836,27.165761947631836,0.0,0.0,55.06493377685547,1,1,1,1,1,-78.95194244384766,111.80827331542969,19.920150756835938,-75.49262237548828,118.08236694335938,-50.41825485229492,lower,9,2025-11-18T16:21:50.875201,my_hand_data\videos\lower_seq9_20251118_162147_488693.avi,89.81550772020417,360,90,HIGH,VIDEO_RECORDING,2025-11-18T16:21:51.580073
2025-11-18 16:21:50.878944,305,1189,HandType.Right,0.8272848725318909,-20.947309494018555,126.92205810546875,21.098474502563477,-0.17789991199970245,-0.9822474122047424,-0.05951213091611862,89.22683715820312,-48.21653747558594,17.95985984802246,0.0,0.0,55.12544631958008,1,1,1,1,1,-78.01872253417969,111.26518249511719,19.93780517578125,-74.47216796875,117.60991668701172,-50.363922119140625,lower,9,2025-11-18T16:21:50.878944,my_hand_data\videos\lower_seq9_20251118_162147_488693.avi,89.81550772020417,360,90,HIGH,VIDEO_RECORDING,2025-11-18T16:21:51.580073
2025-11-18 16:21:50.896056,306,1189,HandType.Right,0.8269838690757751,-19.92658805847168,126.4223861694336,21.31085968017578,-0.17905791103839874,-0.982045590877533,-0.05936972796916962,92.45675659179688,-45.26057434082031,19.237716674804688,0.0,0.0,55.20072937011719,1,1,1,1,1,-77.11013793945312,110.80982208251953,20.000192642211914,-73.42684173583984,117.19825744628906,-50.362892150878906,lower,9,2025-11-18T16:21:50.896056,my_hand_data\videos\lower_seq9_20251118_162147_488693.avi,89.81550772020417,360,90,HIGH,VIDEO_RECORDING,2025-11-18T16:21:51.580073
2025-11-18 16:21:50.906301,307,1189,HandType.Right,0.8256253600120544,-18.917804718017578,125.98921966552734,21.633392333984375,-0.18000218272209167,-0.9818812608718872,-0.059231821447610855,90.83219909667969,-39.002769470214844,29.041221618652344,0.0,0.0,55.19784927368164,1,1,1,1,1,-76.21308898925781,110.38317108154297,20.077653884887695,-72.37779998779297,116.86131286621094,-50.224998474121094,lower,9,2025-11-18T16:21:50.906301,my_hand_data\videos\lower_seq9_20251118_162147_488693.avi,89.81550772020417,360,90,HIGH,VIDEO_RECORDING,2025-11-18T16:21:51.580073
2025-11-18 16:21:50.916526,308,1189,HandType.Right,0.8238645195960999,-17.890005111694336,125.52993774414062,22.00153923034668,-0.18108996748924255,-0.9817172884941101,-0.05863137170672417,93.14010620117188,-41.62054443359375,33.36186981201172,0.0,0.0,55.08835220336914,1,1,1,1,1,-75.22834777832031,109.92208862304688,20.060426712036133,-71.2299575805664,116.48639678955078,-50.06418228149414,lower,9,2025-11-18T16:21:50.916526,my_hand_data\videos\lower_seq9_20251118_162147_488693.avi,89.81550772020417,360,90,HIGH,VIDEO_RECORDING,2025-11-18T16:21:51.580073
2025-11-18 16:21:50.926929,309,1189,HandType.Right,0.8211194276809692,-16.8023681640625,124.98123931884766,22.380123138427734,-0.18231244385242462,-0.9815235733985901,-0.05808275192975998,94.98171997070312,-47.917205810546875,33.061195373535156,0.0,0.0,55.00598907470703,1,1,1,1,1,-74.16966247558594,109.40534210205078,20.1019229888916,-70.01052856445312,116.15901184082031,-49.90575408935547,lower,9,2025-11-18T16:21:50.926929,my_hand_data\videos\lower_seq9_20251118_162147_488693.avi,89.81550772020417,360,90,HIGH,VIDEO_RECORDING,2025-11-18T16:21:51.580073
2025-11-18 16:21:50.943004,310,1189,HandType.Right,0.8190365433692932,-15.691843032836914,124.39598083496094,22.84674644470215,-0.18420982360839844,-0.9812111258506775,-0.0573716014623642,103.21831512451172,-54.39693832397461,43.37045669555664,0.0,0.0,54.807830810546875,1,1,1,1,1,-73.1907958984375,108.99517059326172,20.101499557495117,-68.75872039794922,115.92095947265625,-49.66316223144531,lower,9,2025-11-18T16:21:50.943004,my_hand_data\videos\lower_seq9_20251118_162147_488693.avi,89.81550772020417,360,90,HIGH,VIDEO_RECORDING,2025-11-18T16:21:51.580073
2025-11-18 16:21:50.947023,311,1189,HandType.Right,0.8170539736747742,-14.564896583557129,123.83589935302734,23.34712791442871,-0.18677936494350433,-0.9807850122451782,-0.0563402958214283,101.4992446899414,-50.44378662109375,45.067230224609375,0.0,0.0,54.62687683105469,1,1,1,1,1,-72.19157409667969,108.56714630126953,20.153799057006836,-67.55603790283203,115.71284484863281,-49.35697555541992,lower,9,2025-11-18T16:21:50.947023,my_hand_data\videos\lower_seq9_20251118_162147_488693.avi,89.81550772020417,360,90,HIGH,VIDEO_RECORDING,2025-11-18T16:21:51.580073
2025-11-18 16:21:50.966711,312,1189,HandType.Right,0.8146874904632568,-13.390644073486328,123.29397583007812,23.806713104248047,-0.19023682177066803,-0.9802011251449585,-0.05491529032588005,106.05607604980469,-48.945613861083984,41.50873565673828,0.0,0.0,54.46553039550781,1,1,1,1,1,-71.18487548828125,108.08744812011719,20.22319221496582,-66.31977844238281,115.43719482421875,-49.007041931152344,lower,9,2025-11-18T16:21:50.966711,my_hand_data\videos\lower_seq9_20251118_162147_488693.avi,89.81550772020417,360,90,HIGH,VIDEO_RECORDING,2025-11-18T16:21:51.580073
2025-11-18 16:21:50.966711,313,1189,HandType.Right,0.8122199177742004,-12.187531471252441,122.7480239868164,24.329727172851562,-0.19397981464862823,-0.9795575141906738,-0.05328181013464928,107.93144226074219,-48.97762680053711,46.91986846923828,0.0,0.0,54.221107482910156,1,1,1,1,1,-70.23070526123047,107.60150146484375,20.263490676879883,-65.0887222290039,115.26917266845703,-48.608116149902344,lower,9,2025-11-18T16:21:50.966711,my_hand_data\videos\lower_seq9_20251118_162147_488693.avi,89.81550772020417,360,90,HIGH,VIDEO_RECORDING,2025-11-18T16:21:51.580073
2025-11-18 16:21:50.987337,314,1189,HandType.Right,0.8094199895858765,-11.020517349243164,122.20000457763672,24.639732360839844,-0.19717511534690857,-0.9790034890174866,-0.051712341606616974,104.23497009277344,-48.947513580322266,27.68891143798828,0.0,0.0,54.12479782104492,1,1,1,1,1,-69.34231567382812,107.14218139648438,20.27606773376465,-63.827232360839844,115.0455322265625,-48.32630920410156,lower,9,2025-11-18T16:21:50.987337,my_hand_data\videos\lower_seq9_20251118_162147_488693.avi,89.81550772020417,360,90,HIGH,VIDEO_RECORDING,2025-11-18T16:21:51.580073
2025-11-18 16:21:50.990153,315,1189,HandType.Right,0.8073277473449707,-9.805582046508789,121.68727111816406,25.045215606689453,-0.19972433149814606,-0.9785413146018982,-0.05066688731312752,109.96878814697266,-46.40955352783203,36.701927185058594,0.0,0.0,54.010040283203125,1,1,1,1,1,-68.25857543945312,106.67247772216797,20.35483741760254,-62.52008056640625,114.85740661621094,-47.95137023925781,lower,9,2025-11-18T16:21:50.990153,my_hand_data\videos\lower_seq9_20251118_162147_488693.avi,89.81550772020417,360,90,HIGH,VIDEO_RECORDING,2025-11-18T16:21:51.580073
2025-11-18 16:21:51.007750,316,1189,HandType.Right,0.8064577579498291,-8.629819869995117,121.20024108886719,25.495243072509766,-0.2015969604253769,-0.9781655669212341,-0.05050588399171829,105.52522277832031,-43.7113037109375,40.390235900878906,0.0,0.0,53.781097412109375,1,1,1,1,1,-67.16154479980469,106.23271942138672,20.37257957458496,-61.22074508666992,114.68185424804688,-47.5885124206543,lower,9,2025-11-18T16:21:51.007750,my_hand_data\videos\lower_seq9_20251118_162147_488693.avi,89.81550772020417,360,90,HIGH,VIDEO_RECORDING,2025-11-18T16:21:51.580073
2025-11-18 16:21:51.018052,317,1189,HandType.Right,0.8069936037063599,-7.398976802825928,120.705322265625,25.905433654785156,-0.20432811975479126,-0.9776178002357483,-0.050134602934122086,110.49850463867188,-44.43117141723633,36.824562072753906,0.0,0.0,53.64600372314453,1,1,1,1,1,-66.00707244873047,105.73696899414062,20.454116821289062,-59.78482437133789,114.4097900390625,-47.20380401611328,lower,9,2025-11-18T16:21:51.018052,my_hand_data\videos\lower_seq9_20251118_162147_488693.avi,89.81550772020417,360,90,HIGH,VIDEO_RECORDING,2025-11-18T16:21:51.580073
2025-11-18 16:21:51.028172,318,1189,HandType.Right,0.8078440427780151,-6.226919651031494,120.1596908569336,26.302642822265625,-0.20674289762973785,-0.9771428108215332,-0.049490656703710556,105.49568939208984,-49.111881256103516,35.752410888671875,0.0,0.0,53.48750305175781,1,1,1,1,1,-65.01116180419922,105.22091674804688,20.446882247924805,-58.43785095214844,114.15096282958984,-46.819091796875,lower,9,2025-11-18T16:21:51.028172,my_hand_data\videos\lower_seq9_20251118_162147_488693.avi,89.81550772020417,360,90,HIGH,VIDEO_RECORDING,2025-11-18T16:21:51.580073
2025-11-18 16:21:51.038190,319,1189,HandType.Right,0.8080271482467651,-5.120118141174316,119.64337158203125,26.633268356323242,-0.20962122082710266,-0.9765666127204895,-0.04875028878450394,100.3537826538086,-46.81463623046875,29.97797203063965,0.0,0.0,53.38857650756836,1,1,1,1,1,-64.00244903564453,104.75785064697266,20.510700225830078,-57.08220672607422,113.79681396484375,-46.458656311035156,lower,9,2025-11-18T16:21:51.038190,my_hand_data\videos\lower_seq9_20251118_162147_488693.avi,89.81550772020417,360,90,HIGH,VIDEO_RECORDING,2025-11-18T16:21:51.580073
2025-11-18 16:21:51.048330,320,1189,HandType.Right,0.8076769709587097,-4.078824043273926,119.11751556396484,26.960725784301758,-0.21352453529834747,-0.9757658243179321,-0.04783691465854645,91.10184478759766,-46.006717681884766,28.648826599121094,0.0,0.0,53.20429611206055,1,1,1,1,1,-63.02490234375,104.22428131103516,20.476415634155273,-55.68198013305664,113.33393859863281,-46.02789306640625,lower,9,2025-11-18T16:21:51.048330,my_hand_data\videos\lower_seq9_20251118_162147_488693.avi,89.81550772020417,360,90,HIGH,VIDEO_RECORDING,2025-11-18T16:21:51.580073
2025-11-18 16:21:51.058461,321,1189,HandType.Right,0.8076769709587097,-4.078824043273926,119.11751556396484,26.960725784301758,-0.21352453529834747,-0.9757658243179321,-0.04783691465854645,91.10184478759766,-46.006717681884766,28.648826599121094,0.0,0.0,53.20429611206055,1,1,1,1,1,-63.02490234375,104.22428131103516,20.476415634155273,-55.68198013305664,113.33393859863281,-46.02789306640625,lower,9,2025-11-18T16:21:51.058461,my_hand_data\videos\lower_seq9_20251118_162147_488693.avi,89.81550772020417,360,90,HIGH,VIDEO_RECORDING,2025-11-18T16:21:51.580073
2025-11-18 16:21:51.078800,322,1189,HandType.Right,0.8043882250785828,-2.016108512878418,118.20343017578125,27.542016983032227,-0.21921488642692566,-0.9745270013809204,-0.04734896868467331,89.37236022949219,-38.744842529296875,24.98191261291504,0.0,0.0,52.834983825683594,1,1,1,1,1,-61.05384063720703,103.36134338378906,20.382692337036133,-52.92804718017578,112.4716796875,-45.071598052978516,lower,9,2025-11-18T16:21:51.078800,my_hand_data\videos\lower_seq9_20251118_162147_488693.avi,89.81550772020417,360,90,HIGH,VIDEO_RECORDING,2025-11-18T16:21:51.580073
2025-11-18 16:21:51.082518,323,1189,HandType.Right,0.8021509051322937,-1.0140464305877686,117.70758819580078,27.78986930847168,-0.22067032754421234,-0.9741714596748352,-0.04790168255567551,93.9491958618164,-46.48810958862305,23.237611770629883,0.0,0.0,52.687225341796875,1,1,1,1,1,-60.133663177490234,102.88844299316406,20.32181739807129,-51.54916763305664,112.00627899169922,-44.68443298339844,lower,9,2025-11-18T16:21:51.082518,my_hand_data\videos\lower_seq9_20251118_162147_488693.avi,89.81550772020417,360,90,HIGH,VIDEO_RECORDING,2025-11-18T16:21:51.580073
2025-11-18 16:21:51.098919,324,1189,HandType.Right,0.8000536561012268,-0.0034635199699550867,117.17005920410156,28.058195114135742,-0.2232123166322708,-0.9736088514328003,-0.04756078124046326,90.4405746459961,-48.105712890625,24.01340675354004,0.0,0.0,52.49903869628906,1,1,1,1,1,-59.213043212890625,102.32634735107422,20.1707820892334,-50.218570709228516,111.5367202758789,-44.255897521972656,lower,9,2025-11-18T16:21:51.098919,my_hand_data\videos\lower_seq9_20251118_162147_488693.avi,89.81550772020417,360,90,HIGH,VIDEO_RECORDING,2025-11-18T16:21:51.580073
2025-11-18 16:21:51.103806,325,1189,HandType.Right,0.8000536561012268,-0.0034635199699550867,117.17005920410156,28.058195114135742,-0.2232123166322708,-0.9736088514328003,-0.04756078124046326,90.4405746459961,-48.105712890625,24.01340675354004,0.0,0.0,52.49903869628906,1,1,1,1,1,-59.213043212890625,102.32634735107422,20.1707820892334,-50.218570709228516,111.5367202758789,-44.255897521972656,lower,9,2025-11-18T16:21:51.103806,my_hand_data\videos\lower_seq9_20251118_162147_488693.avi,89.81550772020417,360,90,HIGH,VIDEO_RECORDING,2025-11-18T16:21:51.580073
2025-11-18 16:21:51.118862,326,1189,HandType.Right,0.7970154881477356,1.8521063327789307,116.09608459472656,28.602920532226562,-0.22736068069934845,-0.97264164686203,-0.04770078510046005,82.69175720214844,-42.89863204956055,27.29948616027832,0.0,0.0,52.30833053588867,1,1,1,1,1,-57.63347244262695,101.22093200683594,20.08742332458496,-47.54827117919922,110.44022369384766,-43.393558502197266,lower,9,2025-11-18T16:21:51.118862,my_hand_data\videos\lower_seq9_20251118_162147_488693.avi,89.81550772020417,360,90,HIGH,VIDEO_RECORDING,2025-11-18T16:21:51.580073
2025-11-18 16:21:51.129002,327,1189,HandType.Right,0.7958827614784241,2.7539117336273193,115.6644515991211,28.958335876464844,-0.22950713336467743,-0.9721164107322693,-0.0481262169778347,83.82649993896484,-40.12183380126953,33.03721618652344,0.0,0.0,52.15632629394531,1,1,1,1,1,-56.86648178100586,100.76454162597656,20.104896545410156,-46.39173126220703,109.95848083496094,-42.93648910522461,lower,9,2025-11-18T16:21:51.129002,my_hand_data\videos\lower_seq9_20251118_162147_488693.avi,89.81550772020417,360,90,HIGH,VIDEO_RECORDING,2025-11-18T16:21:51.580073
2025-11-18 16:21:51.139481,328,1189,HandType.Right,0.7938603758811951,3.644369125366211,115.0803451538086,29.268356323242188,-0.2316674441099167,-0.9715965390205383,-0.04827363044023514,79.32805633544922,-52.036773681640625,27.618698120117188,0.0,0.0,52.00178909301758,1,1,1,1,1,-56.12237548828125,100.2490234375,20.10445213317871,-45.227603912353516,109.38764190673828,-42.55518341064453,lower,9,2025-11-18T16:21:51.139481,my_hand_data\videos\lower_seq9_20251118_162147_488693.avi,89.81550772020417,360,90,HIGH,VIDEO_RECORDING,2025-11-18T16:21:51.580073
2025-11-18 16:21:51.149571,329,1189,HandType.Right,0.7908955812454224,4.484133243560791,114.578369140625,29.592763900756836,-0.23330381512641907,-0.9711683988571167,-0.04900319501757622,74.4933853149414,-44.52889633178711,28.777433395385742,0.0,0.0,51.89213562011719,1,1,1,1,1,-55.436527252197266,99.8518295288086,20.1347713470459,-44.088619232177734,108.89679718017578,-42.20114517211914,lower,9,2025-11-18T16:21:51.149571,my_hand_data\videos\lower_seq9_20251118_162147_488693.avi,89.81550772020417,360,90,HIGH,VIDEO_RECORDING,2025-11-18T16:21:51.580073
2025-11-18 16:21:51.159580,330,1189,HandType.Right,0.7908955812454224,4.484133243560791,114.578369140625,29.592763900756836,-0.23330381512641907,-0.9711683988571167,-0.04900319501757622,74.4933853149414,-44.52889633178711,28.777433395385742,0.0,0.0,51.89213562011719,1,1,1,1,1,-55.436527252197266,99.8518295288086,20.1347713470459,-44.088619232177734,108.89679718017578,-42.20114517211914,lower,9,2025-11-18T16:21:51.159580,my_hand_data\videos\lower_seq9_20251118_162147_488693.avi,89.81550772020417,360,90,HIGH,VIDEO_RECORDING,2025-11-18T16:21:51.580073
2025-11-18 16:21:51.169751,331,1189,HandType.Right,0.7849839329719543,6.0567827224731445,113.4013900756836,29.959922790527344,-0.23755383491516113,-0.9701350927352905,-0.049051884561777115,70.28035736083984,-56.394752502441406,19.00641632080078,0.0,0.0,51.69606018066406,1,1,1,1,1,-54.075653076171875,99.07061767578125,20.077180862426758,-41.91306686401367,107.7389144897461,-41.71903991699219,lower,9,2025-11-18T16:21:51.169751,my_hand_data\videos\lower_seq9_20251118_162147_488693.avi,89.81550772020417,360,90,HIGH,VIDEO_RECORDING,2025-11-18T16:21:51.580073
2025-11-18 16:21:51.179962,332,1189,HandType.Right,0.7840422987937927,6.820919513702393,112.83843994140625,30.145259857177734,-0.23979459702968597,-0.9695826172828674,-0.04907258599996567,67.3960952758789,-49.65166091918945,16.346595764160156,0.0,0.0,51.614871978759766,1,1,1,1,1,-53.36433029174805,98.72087097167969,20.076223373413086,-40.81650924682617,107.12085723876953,-41.45644760131836,lower,9,2025-11-18T16:21:51.179962,my_hand_data\videos\lower_seq9_20251118_162147_488693.avi,89.81550772020417,360,90,HIGH,VIDEO_RECORDING,2025-11-18T16:21:51.580073
2025-11-18 16:21:51.200730,333,1189,HandType.Right,0.7834832072257996,7.559389114379883,112.27626037597656,30.40889549255371,-0.2417231649160385,-0.9691136479377747,-0.048873718827962875,67.2252426147461,-51.17698669433594,23.99958610534668,0.0,0.0,51.459285736083984,1,1,1,1,1,-52.69475173950195,98.48346710205078,20.071550369262695,-39.93490982055664,106.56663513183594,-41.174163818359375,lower,9,2025-11-18T16:21:51.200730,my_hand_data\videos\lower_seq9_20251118_162147_488693.avi,89.81550772020417,360,90,HIGH,VIDEO_RECORDING,2025-11-18T16:21:51.580073
2025-11-18 16:21:51.200730,334,1189,HandType.Right,0.780444860458374,8.289474487304688,111.77047729492188,30.667821884155273,-0.24335183203220367,-0.9687011241912842,-0.04897017404437065,65.55497741699219,-45.41463851928711,23.249237060546875,0.0,0.0,51.38195037841797,1,1,1,1,1,-52.11695861816406,98.1736068725586,20.093339920043945,-39.0123405456543,105.96973419189453,-40.88931655883789,lower,9,2025-11-18T16:21:51.200730,my_hand_data\videos\lower_seq9_20251118_162147_488693.avi,89.81550772020417,360,90,HIGH,VIDEO_RECORDING,2025-11-18T16:21:51.580073
2025-11-18 16:21:51.221257,335,1189,HandType.Right,0.7765243053436279,9.02397632598877,111.21381378173828,30.887714385986328,-0.2443924993276596,-0.9684111475944519,-0.04951932281255722,66.3446273803711,-50.2810173034668,19.861881256103516,0.0,0.0,51.27349853515625,1,1,1,1,1,-51.52306365966797,97.8294906616211,20.02910614013672,-38.119529724121094,105.27991485595703,-40.65400314331055,lower,9,2025-11-18T16:21:51.221257,my_hand_data\videos\lower_seq9_20251118_162147_488693.avi,89.81550772020417,360,90,HIGH,VIDEO_RECORDING,2025-11-18T16:21:51.580073
2025-11-18 16:21:51.225347,336,1189,HandType.Right,0.7720582485198975,9.775263786315918,110.73472595214844,31.06696319580078,-0.24491718411445618,-0.9682595729827881,-0.04988923668861389,67.88543701171875,-43.289886474609375,16.196706771850586,0.0,0.0,51.254638671875,1,1,1,1,1,-50.88584899902344,97.42142486572266,20.004745483398438,-37.13394546508789,104.56063842773438,-40.458438873291016,lower,9,2025-11-18T16:21:51.225347,my_hand_data\videos\lower_seq9_20251118_162147_488693.avi,89.81550772020417,360,90,HIGH,VIDEO_RECORDING,2025-11-18T16:21:51.580073
2025-11-18 16:21:51.241856,337,1189,HandType.Right,0.7668219208717346,10.50096607208252,110.20943450927734,31.24655532836914,-0.2456505000591278,-0.9680607914924622,-0.05014154687523842,64.55271911621094,-46.72587966918945,15.9752197265625,0.0,0.0,51.158077239990234,1,1,1,1,1,-50.26350021362305,96.93756866455078,19.885948181152344,-36.25857162475586,103.74552154541016,-40.27346420288086,lower,9,2025-11-18T16:21:51.241856,my_hand_data\videos\lower_seq9_20251118_162147_488693.avi,89.81550772020417,360,90,HIGH,VIDEO_RECORDING,2025-11-18T16:21:51.580073
2025-11-18 16:21:51.252219,338,1189,HandType.Right,0.7603780031204224,11.24331283569336,109.6055908203125,31.362438201904297,-0.24608130753040314,-0.967953622341156,-0.050097208470106125,66.96858978271484,-54.473655700683594,10.453978538513184,0.0,0.0,51.11116027832031,1,1,1,1,1,-49.64804458618164,96.5067138671875,19.7399845123291,-35.34954071044922,102.92303466796875,-40.16890335083008,lower,9,2025-11-18T16:21:51.252219,my_hand_data\videos\lower_seq9_20251118_162147_488693.avi,89.81550772020417,360,90,HIGH,VIDEO_RECORDING,2025-11-18T16:21:51.580073
2025-11-18 16:21:51.262604,339,1189,HandType.Right,0.753853976726532,11.998671531677246,108.98976135253906,31.541034698486328,-0.24616830050945282,-0.9679111838340759,-0.05048825591802597,67.17288208007812,-54.76483154296875,15.882347106933594,0.0,0.0,51.071468353271484,1,1,1,1,1,-49.021854400634766,95.9268798828125,19.666391372680664,-34.29548263549805,101.81788635253906,-39.968849182128906,lower,9,2025-11-18T16:21:51.262604,my_hand_data\videos\lower_seq9_20251118_162147_488693.avi,89.81550772020417,360,90,HIGH,VIDEO_RECORDING,2025-11-18T16:21:51.580073
2025-11-18 16:21:51.272782,340,1189,HandType.Right,0.753853976726532,11.998671531677246,108.98976135253906,31.541034698486328,-0.24616830050945282,-0.9679111838340759,-0.05048825591802597,67.17288208007812,-54.76483154296875,15.882347106933594,0.0,0.0,51.071468353271484,1,1,1,1,1,-49.021854400634766,95.9268798828125,19.666391372680664,-34.29548263549805,101.81788635253906,-39.968849182128906,lower,9,2025-11-18T16:21:51.272782,my_hand_data\videos\lower_seq9_20251118_162147_488693.avi,89.81550772020417,360,90,HIGH,VIDEO_RECORDING,2025-11-18T16:21:51.580073
2025-11-18 16:21:51.282922,341,1189,HandType.Right,0.7446392178535461,13.520659446716309,107.55465698242188,31.902799606323242,-0.2485801875591278,-0.9673641324043274,-0.04913786053657532,68.70734405517578,-67.2619400024414,16.621936798095703,0.0,0.0,51.059043884277344,1,1,1,1,1,-47.89638137817383,94.59955596923828,19.60179328918457,-32.486507415771484,99.9876480102539,-39.489925384521484,lower,9,2025-11-18T16:21:51.282922,my_hand_data\videos\lower_seq9_20251118_162147_488693.avi,89.81550772020417,360,90,HIGH,VIDEO_RECORDING,2025-11-18T16:21:51.580073
2025-11-18 16:21:51.292933,342,1189,HandType.Right,0.739761471748352,14.240509033203125,106.83174896240234,32.058837890625,-0.2505417764186859,-0.9669565558433533,-0.0471571609377861,63.87307357788086,-64.14491271972656,13.845288276672363,0.0,0.0,51.07729721069336,1,1,1,1,1,-47.328060150146484,93.90505981445312,19.46954917907715,-31.708330154418945,99.2259292602539,-39.371673583984375,lower,9,2025-11-18T16:21:51.292933,my_hand_data\videos\lower_seq9_20251118_162147_488693.avi,89.81550772020417,360,90,HIGH,VIDEO_RECORDING,2025-11-18T16:21:51.580073
2025-11-18 16:21:51.303003,343,1189,HandType.Right,0.739761471748352,14.240509033203125,106.83174896240234,32.058837890625,-0.2505417764186859,-0.9669565558433533,-0.0471571609377861,63.87307357788086,-64.14491271972656,13.845288276672363,0.0,0.0,51.07729721069336,1,1,1,1,1,-47.328060150146484,93.90505981445312,19.46954917907715,-31.708330154418945,99.2259292602539,-39.371673583984375,lower,9,2025-11-18T16:21:51.303003,my_hand_data\videos\lower_seq9_20251118_162147_488693.avi,89.81550772020417,360,90,HIGH,VIDEO_RECORDING,2025-11-18T16:21:51.580073
2025-11-18 16:21:51.323335,344,1189,HandType.Right,0.7277336716651917,15.635473251342773,105.18988800048828,32.35053634643555,-0.2526147961616516,-0.9665454626083374,-0.04444822669029236,64.65848541259766,-73.64346313476562,12.258426666259766,0.0,0.0,51.112186431884766,1,1,1,1,1,-46.29606246948242,92.44213104248047,19.202180862426758,-30.117507934570312,97.46226501464844,-39.36319351196289,lower,9,2025-11-18T16:21:51.323335,my_hand_data\videos\lower_seq9_20251118_162147_488693.avi,89.81550772020417,360,90,HIGH,VIDEO_RECORDING,2025-11-18T16:21:51.580073
2025-11-18 16:21:51.323335,345,1189,HandType.Right,0.719700813293457,16.316030502319336,104.33592224121094,32.53379440307617,-0.25286316871643066,-0.9665509462356567,-0.04288993775844574,60.434776306152344,-75.83399963378906,16.273624420166016,0.0,0.0,51.0838737487793,1,1,1,1,1,-45.862422943115234,91.63854217529297,19.06723403930664,-29.409780502319336,96.60893249511719,-39.38941192626953,lower,9,2025-11-18T16:21:51.323335,my_hand_data\videos\lower_seq9_20251118_162147_488693.avi,89.81550772020417,360,90,HIGH,VIDEO_RECORDING,2025-11-18T16:21:51.580073
2025-11-18 16:21:51.343238,346,1189,HandType.Right,0.7100462317466736,17.011573791503906,103.44530487060547,32.747371673583984,-0.2532045543193817,-0.9665140509605408,-0.04168985038995743,63.31771469116211,-81.07584381103516,19.44258689880371,0.0,0.0,51.012298583984375,1,1,1,1,1,-45.427940368652344,90.82615661621094,18.935771942138672,-28.7322940826416,95.77483367919922,-39.36861801147461,lower,9,2025-11-18T16:21:51.343238,my_hand_data\videos\lower_seq9_20251118_162147_488693.avi,89.81550772020417,360,90,HIGH,VIDEO_RECORDING,2025-11-18T16:21:51.580073
2025-11-18 16:21:51.343238,347,1189,HandType.Right,0.7043886184692383,17.69912338256836,102.52892303466797,32.95077133178711,-0.253666490316391,-0.9664959907531738,-0.03922824561595917,61.61940002441406,-82.12721252441406,18.22917938232422,0.0,0.0,50.95404815673828,1,1,1,1,1,-45.013240814208984,90.0215835571289,18.815977096557617,-28.070932388305664,95.24403381347656,-39.40945053100586,lower,9,2025-11-18T16:21:51.343238,my_hand_data\videos\lower_seq9_20251118_162147_488693.avi,89.81550772020417,360,90,HIGH,VIDEO_RECORDING,2025-11-18T16:21:51.580073
2025-11-18 16:21:51.362867,348,1189,HandType.Right,0.698036253452301,18.350887298583984,101.58246612548828,33.14134979248047,-0.2544936239719391,-0.9663451313972473,-0.03755060210824013,58.51700210571289,-84.97569274902344,17.110557556152344,0.0,0.0,50.824302673339844,1,1,1,1,1,-44.585784912109375,89.21512603759766,18.66472625732422,-27.481504440307617,94.74325561523438,-39.3255500793457,lower,9,2025-11-18T16:21:51.362867,my_hand_data\videos\lower_seq9_20251118_162147_488693.avi,89.81550772020417,360,90,HIGH,VIDEO_RECORDING,2025-11-18T16:21:51.580073
2025-11-18 16:21:51.372917,349,1189,HandType.Right,0.6912611722946167,18.960878372192383,100.65482330322266,33.250789642333984,-0.25619274377822876,-0.9660084247589111,-0.03453918546438217,55.23794174194336,-84.00293731689453,9.910272598266602,0.0,0.0,50.673194885253906,1,1,1,1,1,-44.0672721862793,88.45260620117188,18.450105667114258,-26.91834259033203,94.3185043334961,-39.278865814208984,lower,9,2025-11-18T16:21:51.372917,my_hand_data\videos\lower_seq9_20251118_162147_488693.avi,89.81550772020417,360,90,HIGH,VIDEO_RECORDING,2025-11-18T16:21:51.580073
2025-11-18 16:21:51.383315,350,1189,HandType.Right,0.6860170960426331,19.637588500976562,99.67768096923828,33.32461929321289,-0.2572137117385864,-0.9658529758453369,-0.031130999326705933,59.53280258178711,-85.96331787109375,6.495131492614746,0.0,0.0,50.5592155456543,1,1,1,1,1,-43.50255584716797,87.68305969238281,18.267026901245117,-26.326278686523438,94.11481475830078,-39.268978118896484,lower,9,2025-11-18T16:21:51.383315,my_hand_data\videos\lower_seq9_20251118_162147_488693.avi,89.81550772020417,360,90,HIGH,VIDEO_RECORDING,2025-11-18T16:21:51.580073
2025-11-18 16:21:51.393649,351,1189,HandType.Right,0.6807281374931335,20.282196044921875,98.76309204101562,33.382102966308594,-0.2570951282978058,-0.9659308195114136,-0.029661547392606735,60.333984375,-85.60352325439453,5.380259990692139,0.0,0.0,50.47472381591797,1,1,1,1,1,-43.0546760559082,86.93180084228516,18.087203979492188,-25.75564193725586,93.52796936035156,-39.26882553100586,lower,9,2025-11-18T16:21:51.393649,my_hand_data\videos\lower_seq9_20251118_162147_488693.avi,89.81550772020417,360,90,HIGH,VIDEO_RECORDING,2025-11-18T16:21:51.580073
2025-11-18 16:21:51.403683,352,1189,HandType.Right,0.6807281374931335,20.282196044921875,98.76309204101562,33.382102966308594,-0.2570951282978058,-0.9659308195114136,-0.029661547392606735,60.333984375,-85.60352325439453,5.380259990692139,0.0,0.0,50.47472381591797,1,1,1,1,1,-43.0546760559082,86.93180084228516,18.087203979492188,-25.75564193725586,93.52796936035156,-39.26882553100586,lower,9,2025-11-18T16:21:51.403683,my_hand_data\videos\lower_seq9_20251118_162147_488693.avi,89.81550772020417,360,90,HIGH,VIDEO_RECORDING,2025-11-18T16:21:51.580073
2025-11-18 16:21:51.414127,353,1189,HandType.Right,0.6622217893600464,21.612977981567383,96.95234680175781,33.55390930175781,-0.256305456161499,-0.966145396232605,-0.02950628288090229,59.582305908203125,-80.58838653564453,8.002570152282715,0.0,0.0,50.4275016784668,1,1,1,1,1,-42.36835861206055,85.57474517822266,17.785642623901367,-24.61336326599121,92.32927703857422,-39.3780632019043,lower,9,2025-11-18T16:21:51.414127,my_hand_data\videos\lower_seq9_20251118_162147_488693.avi,89.81550772020417,360,90,HIGH,VIDEO_RECORDING,2025-11-18T16:21:51.580073
2025-11-18 16:21:51.434485,354,1189,HandType.Right,0.6374737620353699,22.847938537597656,95.20795440673828,33.52851486206055,-0.25401586294174194,-0.9667390584945679,-0.029858866706490517,51.981380462646484,-81.33413696289062,-7.880852699279785,0.0,0.0,50.58055877685547,1,1,1,1,1,-41.66230392456055,84.31912231445312,17.531936645507812,-23.326671600341797,90.79115295410156,-39.51205062866211,lower,9,2025-11-18T16:21:51.434485,my_hand_data\videos\lower_seq9_20251118_162147_488693.avi,89.81550772020417,360,90,HIGH,VIDEO_RECORDING,2025-11-18T16:21:51.580073
2025-11-18 16:21:51.437155,355,1189,HandType.Right,0.6374737620353699,22.847938537597656,95.20795440673828,33.52851486206055,-0.25401586294174194,-0.9667390584945679,-0.029858866706490517,51.981380462646484,-81.33413696289062,-7.880852699279785,0.0,0.0,50.58055877685547,1,1,1,1,1,-41.66230392456055,84.31912231445312,17.531936645507812,-23.326671600341797,90.79115295410156,-39.51205062866211,lower,9,2025-11-18T16:21:51.437155,my_hand_data\videos\lower_seq9_20251118_162147_488693.avi,89.81550772020417,360,90,HIGH,VIDEO_RECORDING,2025-11-18T16:21:51.580073
2025-11-18 16:21:51.455119,356,1189,HandType.Right,0.6230807304382324,23.415157318115234,94.35872650146484,33.5251350402832,-0.2526629865169525,-0.9670940041542053,-0.02984214574098587,51.49040222167969,-77.09003448486328,-0.30684828758239746,0.0,0.0,50.6135368347168,1,1,1,1,1,-41.22520065307617,83.65316009521484,17.427194595336914,-22.60936164855957,89.9789810180664,-39.52023696899414,lower,9,2025-11-18T16:21:51.455119,my_hand_data\videos\lower_seq9_20251118_162147_488693.avi,89.81550772020417,360,90,HIGH,VIDEO_RECORDING,2025-11-18T16:21:51.580073
2025-11-18 16:21:51.455119,357,1189,HandType.Right,0.6135910749435425,23.946195602416992,93.49539184570312,33.481719970703125,-0.2510669231414795,-0.9675373435020447,-0.02893007919192314,47.86713409423828,-77.82003784179688,-3.9132652282714844,0.0,0.0,50.66891860961914,1,1,1,1,1,-40.75101852416992,82.97024536132812,17.32695770263672,-21.924501419067383,89.36761474609375,-39.59771728515625,lower,9,2025-11-18T16:21:51.455119,my_hand_data\videos\lower_seq9_20251118_162147_488693.avi,89.81550772020417,360,90,HIGH,VIDEO_RECORDING,2025-11-18T16:21:51.580073
2025-11-18 16:21:51.475307,358,1189,HandType.Right,0.6073834300041199,24.34854507446289,92.6325454711914,33.368953704833984,-0.24965961277484894,-0.9679612517356873,-0.02685408852994442,35.96255874633789,-77.12242126464844,-10.079241752624512,0.0,0.0,50.68016052246094,1,1,1,1,1,-40.35163497924805,82.31808471679688,17.12870979309082,-21.31913185119629,88.88299560546875,-39.760353088378906,lower,9,2025-11-18T16:21:51.475307,my_hand_data\videos\lower_seq9_20251118_162147_488693.avi,89.81550772020417,360,90,HIGH,VIDEO_RECORDING,2025-11-18T16:21:51.580073
2025-11-18 16:21:51.477314,359,1189,HandType.Right,0.6042614579200745,24.76349449157715,91.80535125732422,33.257591247558594,-0.24728527665138245,-0.9686101078987122,-0.02538626454770565,37.09553146362305,-73.94905853271484,-9.955422401428223,0.0,0.0,50.69984817504883,1,1,1,1,1,-39.913818359375,81.65320587158203,16.988224029541016,-20.776058197021484,88.59772491455078,-39.890689849853516,lower,9,2025-11-18T16:21:51.477314,my_hand_data\videos\lower_seq9_20251118_162147_488693.avi,89.81550772020417,360,90,HIGH,VIDEO_RECORDING,2025-11-18T16:21:51.580073
2025-11-18 16:21:51.495970,360,1189,HandType.Right,0.6006510257720947,25.241323471069336,91.02179718017578,33.173763275146484,-0.24298173189163208,-0.9697351455688477,-0.023949403315782547,43.809364318847656,-71.83981323242188,-7.685869216918945,0.0,0.0,50.70436096191406,1,1,1,1,1,-39.42348098754883,81.0802230834961,16.91660499572754,-20.156335830688477,88.328857421875,-39.99093246459961,lower,9,2025-11-18T16:21:51.495970,my_hand_data\videos\lower_seq9_20251118_162147_488693.avi,89.81550772020417,360,90,HIGH,VIDEO_RECORDING,2025-11-18T16:21:51.580073
