timestamp,frame_id,hand_id,hand_type,confidence,palm_x,palm_y,palm_z,palm_normal_x,palm_normal_y,palm_normal_z,palm_velocity_x,palm_velocity_y,palm_velocity_z,grab_strength,pinch_strength,pinch_distance,thumb_extended,index_extended,middle_extended,ring_extended,pinky_extended,thumb_tip_x,thumb_tip_y,thumb_tip_z,index_tip_x,index_tip_y,index_tip_z,gesture_type,sequence_id,recording_timestamp,video_file_path,performance_actual_fps,performance_total_frames,performance_target_fps,performance_quality,performance_mode,video_recording_time
2025-11-16 20:34:19.498150,1,2567,HandType.Right,0.6377200484275818,5.743034839630127,148.90296936035156,-4.1569743156433105,-0.17831078171730042,-0.8891227841377258,0.42150431871414185,-9.346688270568848,1.9003552198410034,2.3461897373199463,0.0,0.1716139316558838,54.74803161621094,0,1,1,1,1,-30.22527313232422,92.71958923339844,1.4699784517288208,-44.18180847167969,91.18450164794922,-51.777008056640625,open,31,2025-11-16T20:34:19.498150,my_hand_data\videos\open_seq31_20251116_203419_477801.avi,89.8294363577175,360,90,HIGH,VIDEO_RECORDING,2025-11-16T20:34:23.543228
2025-11-16 20:34:19.518546,2,2567,HandType.Right,0.6386299729347229,5.555185794830322,148.78961181640625,-4.1089606285095215,-0.1784488707780838,-0.88909512758255,0.4215042293071747,-7.785552978515625,-8.787341117858887,1.4932928085327148,0.0,0.16739113628864288,54.865116119384766,0,1,1,1,1,-30.332305908203125,92.57290649414062,1.5697935819625854,-44.318458557128906,91.10570526123047,-51.84248733520508,open,31,2025-11-16T20:34:19.518546,my_hand_data\videos\open_seq31_20251116_203419_477801.avi,89.8294363577175,360,90,HIGH,VIDEO_RECORDING,2025-11-16T20:34:23.543228
2025-11-16 20:34:19.518546,3,2567,HandType.Right,0.6386423707008362,5.474251747131348,148.6681365966797,-4.0593132972717285,-0.17901405692100525,-0.8888878226280212,0.4217018485069275,-7.15913200378418,-10.74639892578125,4.391656398773193,0.0,0.1657402664422989,54.91953659057617,0,1,1,1,1,-30.356550216674805,92.44059753417969,1.637575626373291,-44.37430953979492,91.01156616210938,-51.83548355102539,open,31,2025-11-16T20:34:19.518546,my_hand_data\videos\open_seq31_20251116_203419_477801.avi,89.8294363577175,360,90,HIGH,VIDEO_RECORDING,2025-11-16T20:34:23.543228
2025-11-16 20:34:19.539393,4,2567,HandType.Right,0.6387630105018616,5.417664527893066,148.5361328125,-4.017897129058838,-0.179396852850914,-0.8886746764183044,0.42198824882507324,-5.08972692489624,-11.871979713439941,3.7251410484313965,0.0,0.16400514543056488,54.97482681274414,0,1,1,1,1,-30.38135528564453,92.30829620361328,1.7007840871810913,-44.40184020996094,90.90646362304688,-51.84313201904297,open,31,2025-11-16T20:34:19.539393,my_hand_data\videos\open_seq31_20251116_203419_477801.avi,89.8294363577175,360,90,HIGH,VIDEO_RECORDING,2025-11-16T20:34:23.543228
2025-11-16 20:34:19.539393,5,2567,HandType.Right,0.6387630105018616,5.417664527893066,148.5361328125,-4.017897129058838,-0.179396852850914,-0.8886746764183044,0.42198824882507324,-5.08972692489624,-11.871979713439941,3.7251410484313965,0.0,0.16400514543056488,54.97482681274414,0,1,1,1,1,-30.38135528564453,92.30829620361328,1.7007840871810913,-44.40184020996094,90.90646362304688,-51.84313201904297,open,31,2025-11-16T20:34:19.539393,my_hand_data\videos\open_seq31_20251116_203419_477801.avi,89.8294363577175,360,90,HIGH,VIDEO_RECORDING,2025-11-16T20:34:23.543228
2025-11-16 20:34:19.559571,6,2567,HandType.Right,0.6384179592132568,5.314469337463379,148.17185974121094,-3.957001209259033,-0.18089275062084198,-0.8878768086433411,0.42302781343460083,-4.372017860412598,-17.349285125732422,2.2685482501983643,0.0,0.16137520968914032,55.070045471191406,0,1,1,1,1,-30.394670486450195,91.97754669189453,1.7942105531692505,-44.42621994018555,90.63432312011719,-51.8575325012207,open,31,2025-11-16T20:34:19.559571,my_hand_data\videos\open_seq31_20251116_203419_477801.avi,89.8294363577175,360,90,HIGH,VIDEO_RECORDING,2025-11-16T20:34:23.543228
2025-11-16 20:34:19.559571,7,2567,HandType.Right,0.6384179592132568,5.314469337463379,148.17185974121094,-3.957001209259033,-0.18089275062084198,-0.8878768086433411,0.42302781343460083,-4.372017860412598,-17.349285125732422,2.2685482501983643,0.0,0.16137520968914032,55.070045471191406,0,1,1,1,1,-30.394670486450195,91.97754669189453,1.7942105531692505,-44.42621994018555,90.63432312011719,-51.8575325012207,open,31,2025-11-16T20:34:19.559571,my_hand_data\videos\open_seq31_20251116_203419_477801.avi,89.8294363577175,360,90,HIGH,VIDEO_RECORDING,2025-11-16T20:34:23.543228
2025-11-16 20:34:19.580143,8,2567,HandType.Right,0.6379345059394836,5.292534828186035,147.71588134765625,-3.9170193672180176,-0.18251779675483704,-0.8866855502128601,0.42482468485832214,0.7745025753974915,-21.068878173828125,1.6894609928131104,0.0,0.15893790125846863,55.15567398071289,0,1,1,1,1,-30.29564666748047,91.57723999023438,1.8993046283721924,-44.350669860839844,90.23406219482422,-51.84938049316406,open,31,2025-11-16T20:34:19.580143,my_hand_data\videos\open_seq31_20251116_203419_477801.avi,89.8294363577175,360,90,HIGH,VIDEO_RECORDING,2025-11-16T20:34:23.543228
2025-11-16 20:34:19.590276,9,2567,HandType.Right,0.6369103193283081,5.321965217590332,147.43527221679688,-3.9093449115753174,-0.1834271103143692,-0.886076807975769,0.42570221424102783,2.552945375442505,-24.340620040893555,0.6657432913780212,0.0,0.15835994482040405,55.16781997680664,0,1,1,1,1,-30.208309173583984,91.3551254272461,1.915472149848938,-44.29448699951172,90.0110092163086,-51.851112365722656,open,31,2025-11-16T20:34:19.590276,my_hand_data\videos\open_seq31_20251116_203419_477801.avi,89.8294363577175,360,90,HIGH,VIDEO_RECORDING,2025-11-16T20:34:23.543228
2025-11-16 20:34:19.600429,10,2567,HandType.Right,0.6369103193283081,5.321965217590332,147.43527221679688,-3.9093449115753174,-0.1834271103143692,-0.886076807975769,0.42570221424102783,2.552945375442505,-24.340620040893555,0.6657432913780212,0.0,0.15835994482040405,55.16781997680664,0,1,1,1,1,-30.208309173583984,91.3551254272461,1.915472149848938,-44.29448699951172,90.0110092163086,-51.851112365722656,open,31,2025-11-16T20:34:19.600429,my_hand_data\videos\open_seq31_20251116_203419_477801.avi,89.8294363577175,360,90,HIGH,VIDEO_RECORDING,2025-11-16T20:34:23.543228
2025-11-16 20:34:19.610559,11,2567,HandType.Right,0.6354485750198364,5.440216064453125,146.8025665283203,-3.9209647178649902,-0.18485429883003235,-0.884831428527832,0.4276706576347351,5.853764057159424,-30.116689682006836,-0.7638903260231018,0.0,0.15801948308944702,55.1621208190918,0,1,1,1,1,-30.002668380737305,90.8514175415039,1.9348357915878296,-44.03337860107422,89.43598937988281,-51.86365509033203,open,31,2025-11-16T20:34:19.610559,my_hand_data\videos\open_seq31_20251116_203419_477801.avi,89.8294363577175,360,90,HIGH,VIDEO_RECORDING,2025-11-16T20:34:23.543228
2025-11-16 20:34:19.620657,12,2567,HandType.Right,0.6354485750198364,5.440216064453125,146.8025665283203,-3.9209647178649902,-0.18485429883003235,-0.884831428527832,0.4276706576347351,5.853764057159424,-30.116689682006836,-0.7638903260231018,0.0,0.15801948308944702,55.1621208190918,0,1,1,1,1,-30.002668380737305,90.8514175415039,1.9348357915878296,-44.03337860107422,89.43598937988281,-51.86365509033203,open,31,2025-11-16T20:34:19.620657,my_hand_data\videos\open_seq31_20251116_203419_477801.avi,89.8294363577175,360,90,HIGH,VIDEO_RECORDING,2025-11-16T20:34:23.543228
2025-11-16 20:34:19.630770,13,2567,HandType.Right,0.6341636180877686,5.51521110534668,146.46820068359375,-3.9459824562072754,-0.1852400302886963,-0.8843520283699036,0.42849457263946533,6.5802130699157715,-29.339143753051758,-2.1951019763946533,0.0,0.1569467931985855,55.184566497802734,0,1,1,1,1,-29.842979431152344,90.57085418701172,1.938127040863037,-43.90617370605469,89.14080810546875,-51.89658737182617,open,31,2025-11-16T20:34:19.630770,my_hand_data\videos\open_seq31_20251116_203419_477801.avi,89.8294363577175,360,90,HIGH,VIDEO_RECORDING,2025-11-16T20:34:23.543228
2025-11-16 20:34:19.650968,14,2567,HandType.Right,0.6321435570716858,5.665821552276611,145.72813415527344,-3.952904462814331,-0.1865382045507431,-0.8832119107246399,0.4302791655063629,5.678942680358887,-34.475284576416016,-0.9045520424842834,0.0,0.15649111568927765,55.166839599609375,0,1,1,1,1,-29.59979820251465,89.9553451538086,1.9491571187973022,-43.66302490234375,88.47416687011719,-51.904296875,open,31,2025-11-16T20:34:19.650968,my_hand_data\videos\open_seq31_20251116_203419_477801.avi,89.8294363577175,360,90,HIGH,VIDEO_RECORDING,2025-11-16T20:34:23.543228
2025-11-16 20:34:19.650968,15,2567,HandType.Right,0.6315266489982605,5.712489128112793,145.34840393066406,-3.9701552391052246,-0.18727818131446838,-0.8826638460159302,0.4310816526412964,4.263784408569336,-34.69477844238281,-1.5761291980743408,0.0,0.15657375752925873,55.14413833618164,0,1,1,1,1,-29.500877380371094,89.65576171875,1.9401826858520508,-43.53547668457031,88.1177978515625,-51.9166259765625,open,31,2025-11-16T20:34:19.650968,my_hand_data\videos\open_seq31_20251116_203419_477801.avi,89.8294363577175,360,90,HIGH,VIDEO_RECORDING,2025-11-16T20:34:23.543228
2025-11-16 20:34:19.671285,16,2567,HandType.Right,0.6297532320022583,5.722579002380371,144.9844970703125,-4.0020928382873535,-0.18879225850105286,-0.8817732334136963,0.43224236369132996,0.893970787525177,-32.24012756347656,-2.829566717147827,0.0,0.1566101759672165,55.098384857177734,0,1,1,1,1,-29.465991973876953,89.43362426757812,1.9206205606460571,-43.48143768310547,87.79364776611328,-51.93993377685547,open,31,2025-11-16T20:34:19.671285,my_hand_data\videos\open_seq31_20251116_203419_477801.avi,89.8294363577175,360,90,HIGH,VIDEO_RECORDING,2025-11-16T20:34:23.543228
2025-11-16 20:34:19.671285,17,2567,HandType.Right,0.6297532320022583,5.722579002380371,144.9844970703125,-4.0020928382873535,-0.18879225850105286,-0.8817732334136963,0.43224236369132996,0.893970787525177,-32.24012756347656,-2.829566717147827,0.0,0.1566101759672165,55.098384857177734,0,1,1,1,1,-29.465991973876953,89.43362426757812,1.9206205606460571,-43.48143768310547,87.79364776611328,-51.93993377685547,open,31,2025-11-16T20:34:19.671285,my_hand_data\videos\open_seq31_20251116_203419_477801.avi,89.8294363577175,360,90,HIGH,VIDEO_RECORDING,2025-11-16T20:34:23.543228
2025-11-16 20:34:19.691601,18,2567,HandType.Right,0.62733393907547,5.655258655548096,144.33535766601562,-3.968616008758545,-0.19100619852542877,-0.880277693271637,0.43431296944618225,-3.931450366973877,-29.290075302124023,2.854820966720581,0.0,0.1552395522594452,55.01932907104492,0,1,1,1,1,-29.56336784362793,89.01397705078125,1.9286649227142334,-43.52382278442383,87.30186462402344,-52.000152587890625,open,31,2025-11-16T20:34:19.691601,my_hand_data\videos\open_seq31_20251116_203419_477801.avi,89.8294363577175,360,90,HIGH,VIDEO_RECORDING,2025-11-16T20:34:23.543228
2025-11-16 20:34:19.701732,19,2567,HandType.Right,0.6271772980690002,5.581523418426514,144.01992797851562,-3.9131360054016113,-0.1919674575328827,-0.8795009851455688,0.43546128273010254,-6.636838912963867,-28.390966415405273,4.993700981140137,0.0,0.1538124531507492,54.98358154296875,0,1,1,1,1,-29.67538070678711,88.82218170166016,1.9632552862167358,-43.58205795288086,87.09343719482422,-52.03440856933594,open,31,2025-11-16T20:34:19.701732,my_hand_data\videos\open_seq31_20251116_203419_477801.avi,89.8294363577175,360,90,HIGH,VIDEO_RECORDING,2025-11-16T20:34:23.543228
2025-11-16 20:34:19.711928,20,2567,HandType.Right,0.6267961263656616,5.500077247619629,143.69679260253906,-3.871081590652466,-0.19284209609031677,-0.8788129091262817,0.4364628195762634,-7.118831634521484,-28.24470329284668,3.6757543087005615,0.0,0.15262413024902344,54.92613220214844,0,1,1,1,1,-29.90699577331543,88.6534194946289,1.9743491411209106,-43.663272857666016,86.88404846191406,-52.105777740478516,open,31,2025-11-16T20:34:19.711928,my_hand_data\videos\open_seq31_20251116_203419_477801.avi,89.8294363577175,360,90,HIGH,VIDEO_RECORDING,2025-11-16T20:34:23.543228
2025-11-16 20:34:19.722119,21,2567,HandType.Right,0.6258601546287537,5.405516147613525,143.40042114257812,-3.8221800327301025,-0.19372712075710297,-0.8780888319015503,0.4375269412994385,-8.74188232421875,-27.398101806640625,4.52080774307251,0.0,0.15117917954921722,54.8826789855957,0,1,1,1,1,-30.11709976196289,88.48045349121094,1.9879450798034668,-43.77312088012695,86.70655822753906,-52.17250442504883,open,31,2025-11-16T20:34:19.722119,my_hand_data\videos\open_seq31_20251116_203419_477801.avi,89.8294363577175,360,90,HIGH,VIDEO_RECORDING,2025-11-16T20:34:23.543228
2025-11-16 20:34:19.732531,22,2567,HandType.Right,0.6258601546287537,5.405516147613525,143.40042114257812,-3.8221800327301025,-0.19372712075710297,-0.8780888319015503,0.4375269412994385,-8.74188232421875,-27.398101806640625,4.52080774307251,0.0,0.15117917954921722,54.8826789855957,0,1,1,1,1,-30.11709976196289,88.48045349121094,1.9879450798034668,-43.77312088012695,86.70655822753906,-52.17250442504883,open,31,2025-11-16T20:34:19.732531,my_hand_data\videos\open_seq31_20251116_203419_477801.avi,89.8294363577175,360,90,HIGH,VIDEO_RECORDING,2025-11-16T20:34:23.543228
2025-11-16 20:34:19.742997,23,2567,HandType.Right,0.6244787573814392,5.308444023132324,143.1231689453125,-3.763075828552246,-0.19452273845672607,-0.8774385452270508,0.43847742676734924,-8.733434677124023,-24.943870544433594,5.317516326904297,0.0,0.14925816655158997,54.854671478271484,0,1,1,1,1,-30.304540634155273,88.31430053710938,2.0131642818450928,-43.888694763183594,86.54922485351562,-52.23967742919922,open,31,2025-11-16T20:34:19.742997,my_hand_data\videos\open_seq31_20251116_203419_477801.avi,89.8294363577175,360,90,HIGH,VIDEO_RECORDING,2025-11-16T20:34:23.543228
2025-11-16 20:34:19.753390,24,2567,HandType.Right,0.622327983379364,5.215092182159424,142.83392333984375,-3.739528179168701,-0.19506767392158508,-0.8769952058792114,0.4391218423843384,-8.392662048339844,-26.00446319580078,2.1170308589935303,0.0,0.1481018364429474,54.82820510864258,0,1,1,1,1,-30.49482536315918,88.12816619873047,2.0041697025299072,-44.00432205200195,86.37813568115234,-52.311641693115234,open,31,2025-11-16T20:34:19.753390,my_hand_data\videos\open_seq31_20251116_203419_477801.avi,89.8294363577175,360,90,HIGH,VIDEO_RECORDING,2025-11-16T20:34:23.543228
2025-11-16 20:34:19.773637,25,2567,HandType.Right,0.6184618473052979,5.020205020904541,142.35134887695312,-3.687290668487549,-0.19615118205547333,-0.8761252164840698,0.4403740465641022,-8.286471366882324,-20.296932220458984,2.819999933242798,0.0,0.14463278651237488,54.78219985961914,0,1,1,1,1,-30.934001922607422,87.85009765625,2.0006232261657715,-44.33168029785156,86.11697387695312,-52.47697448730469,open,31,2025-11-16T20:34:19.773637,my_hand_data\videos\open_seq31_20251116_203419_477801.avi,89.8294363577175,360,90,HIGH,VIDEO_RECORDING,2025-11-16T20:34:23.543228
2025-11-16 20:34:19.773637,26,2567,HandType.Right,0.6172847747802734,4.941384315490723,142.10995483398438,-3.666149854660034,-0.19668178260326385,-0.8756739497184753,0.4410344362258911,-7.068480491638184,-21.647764205932617,1.8958711624145508,0.0,0.1414804309606552,54.791603088378906,0,1,1,1,1,-31.160320281982422,87.70272827148438,2.009977340698242,-44.467193603515625,86.02655029296875,-52.61528396606445,open,31,2025-11-16T20:34:19.773637,my_hand_data\videos\open_seq31_20251116_203419_477801.avi,89.8294363577175,360,90,HIGH,VIDEO_RECORDING,2025-11-16T20:34:23.543228
2025-11-16 20:34:19.793955,27,2567,HandType.Right,0.6160366535186768,4.865205764770508,141.8438262939453,-3.663663864135742,-0.19700679183006287,-0.8752383589744568,0.44175344705581665,-6.822343349456787,-23.833587646484375,0.2226308286190033,0.0,0.1386803686618805,54.79876708984375,0,1,1,1,1,-31.441539764404297,87.52082824707031,2.000885248184204,-44.593414306640625,85.89286041259766,-52.7721061706543,open,31,2025-11-16T20:34:19.793955,my_hand_data\videos\open_seq31_20251116_203419_477801.avi,89.8294363577175,360,90,HIGH,VIDEO_RECORDING,2025-11-16T20:34:23.543228
2025-11-16 20:34:19.793955,28,2567,HandType.Right,0.6160366535186768,4.865205764770508,141.8438262939453,-3.663663864135742,-0.19700679183006287,-0.8752383589744568,0.44175344705581665,-6.822343349456787,-23.833587646484375,0.2226308286190033,0.0,0.1386803686618805,54.79876708984375,0,1,1,1,1,-31.441539764404297,87.52082824707031,2.000885248184204,-44.593414306640625,85.89286041259766,-52.7721061706543,open,31,2025-11-16T20:34:19.793955,my_hand_data\videos\open_seq31_20251116_203419_477801.avi,89.8294363577175,360,90,HIGH,VIDEO_RECORDING,2025-11-16T20:34:23.543228
2025-11-16 20:34:19.814264,29,2567,HandType.Right,0.6133798360824585,4.690243721008301,141.3932647705078,-3.664947509765625,-0.1979655921459198,-0.874279797077179,0.44322049617767334,-8.146227836608887,-19.361108779907227,-1.1148673295974731,0.0,0.13367494940757751,54.787200927734375,0,1,1,1,1,-31.999982833862305,87.25735473632812,1.9590595960617065,-44.88199996948242,85.68093872070312,-53.069984436035156,open,31,2025-11-16T20:34:19.814264,my_hand_data\videos\open_seq31_20251116_203419_477801.avi,89.8294363577175,360,90,HIGH,VIDEO_RECORDING,2025-11-16T20:34:23.543228
2025-11-16 20:34:19.824409,30,2567,HandType.Right,0.6125582456588745,4.6078901290893555,141.26077270507812,-3.6470420360565186,-0.19835971295833588,-0.8738863468170166,0.44381991028785706,-7.425245761871338,-11.945011138916016,1.6144225597381592,0.0,0.13157829642295837,54.76692581176758,0,1,1,1,1,-32.263248443603516,87.2352523803711,1.9640133380889893,-45.00566482543945,85.6339111328125,-53.1743278503418,open,31,2025-11-16T20:34:19.824409,my_hand_data\videos\open_seq31_20251116_203419_477801.avi,89.8294363577175,360,90,HIGH,VIDEO_RECORDING,2025-11-16T20:34:23.543228
2025-11-16 20:34:19.834906,31,2567,HandType.Right,0.6117682456970215,4.526688575744629,141.1381378173828,-3.6553702354431152,-0.19844751060009003,-0.8736274838447571,0.44429001212120056,-7.391371726989746,-11.163036346435547,-0.7580752372741699,0.0,0.13133373856544495,54.690494537353516,0,1,1,1,1,-32.722312927246094,87.27281188964844,1.910406231880188,-45.116783142089844,85.57154083251953,-53.3070182800293,open,31,2025-11-16T20:34:19.834906,my_hand_data\videos\open_seq31_20251116_203419_477801.avi,89.8294363577175,360,90,HIGH,VIDEO_RECORDING,2025-11-16T20:34:23.543228
2025-11-16 20:34:19.845234,32,2567,HandType.Right,0.611512303352356,4.4484758377075195,141.03492736816406,-3.641018867492676,-0.19921593368053436,-0.872963011264801,0.44525110721588135,-6.970820903778076,-9.199091911315918,1.279076337814331,0.0,0.1288415491580963,54.70441818237305,0,1,1,1,1,-33.1982307434082,87.33525085449219,1.9750499725341797,-45.246883392333984,85.5771713256836,-53.410545349121094,open,31,2025-11-16T20:34:19.845234,my_hand_data\videos\open_seq31_20251116_203419_477801.avi,89.8294363577175,360,90,HIGH,VIDEO_RECORDING,2025-11-16T20:34:23.543228
2025-11-16 20:34:19.855533,33,2567,HandType.Right,0.6109313368797302,4.381344795227051,140.97091674804688,-3.5856993198394775,-0.20037274062633514,-0.8722149133682251,0.44619718194007874,-6.0272111892700195,-5.746973991394043,4.966745853424072,0.0,0.1239355206489563,54.774723052978516,0,1,1,1,1,-33.49712371826172,87.3971939086914,2.0920472145080566,-45.441715240478516,85.65988159179688,-53.50748062133789,open,31,2025-11-16T20:34:19.855533,my_hand_data\videos\open_seq31_20251116_203419_477801.avi,89.8294363577175,360,90,HIGH,VIDEO_RECORDING,2025-11-16T20:34:23.543228
2025-11-16 20:34:19.865857,34,2567,HandType.Right,0.6109313368797302,4.381344795227051,140.97091674804688,-3.5856993198394775,-0.20037274062633514,-0.8722149133682251,0.44619718194007874,-6.0272111892700195,-5.746973991394043,4.966745853424072,0.0,0.1239355206489563,54.774723052978516,0,1,1,1,1,-33.49712371826172,87.3971939086914,2.0920472145080566,-45.441715240478516,85.65988159179688,-53.50748062133789,open,31,2025-11-16T20:34:19.865857,my_hand_data\videos\open_seq31_20251116_203419_477801.avi,89.8294363577175,360,90,HIGH,VIDEO_RECORDING,2025-11-16T20:34:23.543228
2025-11-16 20:34:19.876170,35,2567,HandType.Right,0.6105934977531433,4.308238983154297,140.98629760742188,-3.5772271156311035,-0.20142298936843872,-0.8716479539871216,0.4468317925930023,-6.548962116241455,1.3786845207214355,0.7589645385742188,0.0,0.11851717531681061,54.857765197753906,0,1,1,1,1,-33.84872055053711,87.5643081665039,2.194600820541382,-45.661651611328125,85.80918884277344,-53.64262008666992,open,31,2025-11-16T20:34:19.876170,my_hand_data\videos\open_seq31_20251116_203419_477801.avi,89.8294363577175,360,90,HIGH,VIDEO_RECORDING,2025-11-16T20:34:23.543228
2025-11-16 20:34:19.886293,36,2567,HandType.Right,0.6104978322982788,4.230496406555176,141.0498809814453,-3.549118995666504,-0.20326437056064606,-0.8707947731018066,0.4476607143878937,-7.065585613250732,5.778530597686768,2.5545759201049805,0.0,0.11041949689388275,54.97896194458008,0,1,1,1,1,-34.23939514160156,87.79182434082031,2.329970359802246,-46.004249572753906,86.03775024414062,-53.83396530151367,open,31,2025-11-16T20:34:19.886293,my_hand_data\videos\open_seq31_20251116_203419_477801.avi,89.8294363577175,360,90,HIGH,VIDEO_RECORDING,2025-11-16T20:34:23.543228
2025-11-16 20:34:19.906507,37,2567,HandType.Right,0.6123224496841431,4.081209659576416,141.28453063964844,-3.4260294437408447,-0.20900632441043854,-0.8683733940124512,0.44971543550491333,-5.743049621582031,11.709979057312012,7.747678756713867,0.0,0.09004893898963928,55.35274887084961,0,1,1,1,1,-35.521141052246094,88.54358673095703,2.9117844104766846,-46.603912353515625,86.55127716064453,-54.184688568115234,open,31,2025-11-16T20:34:19.906507,my_hand_data\videos\open_seq31_20251116_203419_477801.avi,89.8294363577175,360,90,HIGH,VIDEO_RECORDING,2025-11-16T20:34:23.543228
2025-11-16 20:34:19.906507,38,2567,HandType.Right,0.6168293356895447,4.070262908935547,141.4066162109375,-3.294570207595825,-0.2113763839006424,-0.8671313524246216,0.4510025084018707,-0.9801307916641235,10.931138038635254,11.77000617980957,0.0,0.07771672308444977,55.60830307006836,0,1,1,1,1,-36.923912048339844,89.12010192871094,3.440474271774292,-46.80601119995117,86.79827880859375,-54.35240173339844,open,31,2025-11-16T20:34:19.906507,my_hand_data\videos\open_seq31_20251116_203419_477801.avi,89.8294363577175,360,90,HIGH,VIDEO_RECORDING,2025-11-16T20:34:23.543228
2025-11-16 20:34:19.926787,39,2567,HandType.Right,0.6212191581726074,4.087335586547852,141.5377960205078,-3.224529981613159,-0.2116207629442215,-0.8666309118270874,0.4518490135669708,1.563724398612976,12.014394760131836,6.4151177406311035,0.0,0.06420794129371643,55.936832427978516,0,1,1,1,1,-38.79765701293945,89.75807189941406,3.9291577339172363,-46.944923400878906,86.99691772460938,-54.63756561279297,open,31,2025-11-16T20:34:19.926787,my_hand_data\videos\open_seq31_20251116_203419_477801.avi,89.8294363577175,360,90,HIGH,VIDEO_RECORDING,2025-11-16T20:34:23.543228
2025-11-16 20:34:19.926787,40,2567,HandType.Right,0.6212191581726074,4.087335586547852,141.5377960205078,-3.224529981613159,-0.2116207629442215,-0.8666309118270874,0.4518490135669708,1.563724398612976,12.014394760131836,6.4151177406311035,0.0,0.06420794129371643,55.936832427978516,0,1,1,1,1,-38.79765701293945,89.75807189941406,3.9291577339172363,-46.944923400878906,86.99691772460938,-54.63756561279297,open,31,2025-11-16T20:34:19.926787,my_hand_data\videos\open_seq31_20251116_203419_477801.avi,89.8294363577175,360,90,HIGH,VIDEO_RECORDING,2025-11-16T20:34:23.543228
2025-11-16 20:34:19.947242,41,2567,HandType.Right,0.6249141693115234,4.014097213745117,141.73974609375,-3.221026659011841,-0.21231010556221008,-0.8653855323791504,0.4539078176021576,-5.915114402770996,6.588655948638916,-0.1128496378660202,0.0,0.03437189757823944,57.5042839050293,0,1,1,1,1,-41.414371490478516,90.27938842773438,5.04318380355835,-47.40353012084961,87.30265808105469,-54.93617248535156,open,31,2025-11-16T20:34:19.947242,my_hand_data\videos\open_seq31_20251116_203419_477801.avi,89.8294363577175,360,90,HIGH,VIDEO_RECORDING,2025-11-16T20:34:23.543228
2025-11-16 20:34:19.957474,42,2567,HandType.Right,0.6251010298728943,3.908451557159424,141.8229217529297,-3.1823461055755615,-0.2136024385690689,-0.864380419254303,0.45521482825279236,-9.4461669921875,7.436814785003662,3.4585494995117188,0.0,0.026866046711802483,57.674217224121094,0,1,1,1,1,-41.92906188964844,90.47591400146484,5.329291343688965,-47.79881286621094,87.51567840576172,-54.95925521850586,open,31,2025-11-16T20:34:19.957474,my_hand_data\videos\open_seq31_20251116_203419_477801.avi,89.8294363577175,360,90,HIGH,VIDEO_RECORDING,2025-11-16T20:34:23.543228
2025-11-16 20:34:19.967581,43,2567,HandType.Right,0.6263034343719482,3.7965352535247803,141.8903045654297,-3.11308217048645,-0.21434228122234344,-0.8636601567268372,0.4562329649925232,-10.174195289611816,6.125575542449951,6.296731472015381,0.0,0.02001006528735161,57.757896423339844,0,1,1,1,1,-42.35133361816406,90.62938690185547,5.557901382446289,-48.15478515625,87.71436309814453,-55.00721740722656,open,31,2025-11-16T20:34:19.967581,my_hand_data\videos\open_seq31_20251116_203419_477801.avi,89.8294363577175,360,90,HIGH,VIDEO_RECORDING,2025-11-16T20:34:23.543228
2025-11-16 20:34:19.977897,44,2567,HandType.Right,0.6263034343719482,3.7965352535247803,141.8903045654297,-3.11308217048645,-0.21434228122234344,-0.8636601567268372,0.4562329649925232,-10.174195289611816,6.125575542449951,6.296731472015381,0.0,0.02001006528735161,57.757896423339844,0,1,1,1,1,-42.35133361816406,90.62938690185547,5.557901382446289,-48.15478515625,87.71436309814453,-55.00721740722656,open,31,2025-11-16T20:34:19.977897,my_hand_data\videos\open_seq31_20251116_203419_477801.avi,89.8294363577175,360,90,HIGH,VIDEO_RECORDING,2025-11-16T20:34:23.543228
2025-11-16 20:34:19.988069,45,2567,HandType.Right,0.6264368891716003,3.6852400302886963,141.98007202148438,-3.0089669227600098,-0.21501049399375916,-0.8629958033561707,0.45717474818229675,-9.871854782104492,7.96293830871582,9.234976768493652,0.0,0.014839655719697475,57.77297592163086,0,1,1,1,1,-42.68827438354492,90.74808502197266,5.775725841522217,-48.480525970458984,87.89973449707031,-54.99484634399414,open,31,2025-11-16T20:34:19.988069,my_hand_data\videos\open_seq31_20251116_203419_477801.avi,89.8294363577175,360,90,HIGH,VIDEO_RECORDING,2025-11-16T20:34:23.543228
2025-11-16 20:34:19.998264,46,2567,HandType.Right,0.6263585090637207,3.5866618156433105,142.0446319580078,-2.9411842823028564,-0.21517252922058105,-0.8626217842102051,0.4578039348125458,-8.81579303741455,5.77290678024292,6.061764717102051,0.0,0.010510110296308994,57.82594299316406,0,1,1,1,1,-42.89618682861328,90.82376098632812,5.959178447723389,-48.64632797241211,88.02819061279297,-54.986629486083984,open,31,2025-11-16T20:34:19.998264,my_hand_data\videos\open_seq31_20251116_203419_477801.avi,89.8294363577175,360,90,HIGH,VIDEO_RECORDING,2025-11-16T20:34:23.543228
2025-11-16 20:34:20.008377,47,2567,HandType.Right,0.6257283687591553,3.5097711086273193,142.1385498046875,-2.902338743209839,-0.2154070883989334,-0.8622584342956543,0.45837774872779846,-6.930846214294434,8.466156959533691,3.5014967918395996,0.0,0.006834767293184996,57.86223220825195,0,1,1,1,1,-43.08466720581055,90.91921997070312,6.1030097007751465,-48.817623138427734,88.18154907226562,-54.990966796875,open,31,2025-11-16T20:34:20.008377,my_hand_data\videos\open_seq31_20251116_203419_477801.avi,89.8294363577175,360,90,HIGH,VIDEO_RECORDING,2025-11-16T20:34:23.543228
2025-11-16 20:34:20.018511,48,2567,HandType.Right,0.6247345209121704,3.4687938690185547,142.2450408935547,-2.8742828369140625,-0.2155149281024933,-0.8619959950447083,0.4588204026222229,-3.71675968170166,9.659265518188477,2.5447444915771484,0.0,0.003839850192889571,57.9368782043457,0,1,1,1,1,-43.292842864990234,91.0336685180664,6.232237815856934,-48.91975402832031,88.33866119384766,-54.990562438964844,open,31,2025-11-16T20:34:20.018511,my_hand_data\videos\open_seq31_20251116_203419_477801.avi,89.8294363577175,360,90,HIGH,VIDEO_RECORDING,2025-11-16T20:34:23.543228
2025-11-16 20:34:20.039117,49,2567,HandType.Right,0.6228347420692444,3.464545249938965,142.46607971191406,-2.872213840484619,-0.21560941636562347,-0.8617923855781555,0.45915836095809937,1.4163118600845337,9.563663482666016,-0.38715991377830505,0.0,0.0,58.2010498046875,0,1,1,1,1,-43.82427978515625,91.27261352539062,6.446842670440674,-49.01408386230469,88.65736389160156,-55.03063201904297,open,31,2025-11-16T20:34:20.039117,my_hand_data\videos\open_seq31_20251116_203419_477801.avi,89.8294363577175,360,90,HIGH,VIDEO_RECORDING,2025-11-16T20:34:23.543228
2025-11-16 20:34:20.039117,50,2567,HandType.Right,0.6226150989532471,3.493774652481079,142.54043579101562,-2.8886613845825195,-0.21601782739162445,-0.8615671396255493,0.4593890905380249,2.6261796951293945,6.67999267578125,-1.4777677059173584,0.0,0.0,58.298404693603516,0,1,1,1,1,-43.99061965942383,91.39759826660156,6.551674842834473,-49.04765701293945,88.796875,-55.06616973876953,open,31,2025-11-16T20:34:20.039117,my_hand_data\videos\open_seq31_20251116_203419_477801.avi,89.8294363577175,360,90,HIGH,VIDEO_RECORDING,2025-11-16T20:34:23.543228
2025-11-16 20:34:20.059412,51,2567,HandType.Right,0.6225857734680176,3.525665760040283,142.59385681152344,-2.904400110244751,-0.21662627160549164,-0.8612614274024963,0.45967572927474976,2.8167309761047363,4.718331336975098,-1.3901000022888184,0.0,0.0,58.376861572265625,0,1,1,1,1,-44.17649841308594,91.49698638916016,6.625981330871582,-49.145362854003906,88.92154693603516,-55.11426544189453,open,31,2025-11-16T20:34:20.059412,my_hand_data\videos\open_seq31_20251116_203419_477801.avi,89.8294363577175,360,90,HIGH,VIDEO_RECORDING,2025-11-16T20:34:23.543228
2025-11-16 20:34:20.059412,52,2567,HandType.Right,0.6225857734680176,3.525665760040283,142.59385681152344,-2.904400110244751,-0.21662627160549164,-0.8612614274024963,0.45967572927474976,2.8167309761047363,4.718331336975098,-1.3901000022888184,0.0,0.0,58.376861572265625,0,1,1,1,1,-44.17649841308594,91.49698638916016,6.625981330871582,-49.145362854003906,88.92154693603516,-55.11426544189453,open,31,2025-11-16T20:34:20.059412,my_hand_data\videos\open_seq31_20251116_203419_477801.avi,89.8294363577175,360,90,HIGH,VIDEO_RECORDING,2025-11-16T20:34:23.543228
2025-11-16 20:34:20.079786,53,2567,HandType.Right,0.6231361031532288,3.615596294403076,142.58924865722656,-2.9313130378723145,-0.21817323565483093,-0.860424280166626,0.460511177778244,3.698667526245117,-1.9645723104476929,-0.8747937679290771,0.0,0.0,58.45231246948242,0,1,1,1,1,-44.36738967895508,91.6053466796875,6.740677833557129,-49.29576873779297,89.0838623046875,-55.232276916503906,open,31,2025-11-16T20:34:20.079786,my_hand_data\videos\open_seq31_20251116_203419_477801.avi,89.8294363577175,360,90,HIGH,VIDEO_RECORDING,2025-11-16T20:34:23.543228
2025-11-16 20:34:20.089924,54,2567,HandType.Right,0.6234423518180847,3.653883934020996,142.54588317871094,-2.9301609992980957,-0.21882809698581696,-0.8600125908851624,0.4609692394733429,3.4225029945373535,-3.8763418197631836,0.1029844656586647,0.0,0.0,58.473114013671875,0,1,1,1,1,-44.43589401245117,91.6231918334961,6.798583030700684,-49.36427688598633,89.13302612304688,-55.301937103271484,open,31,2025-11-16T20:34:20.089924,my_hand_data\videos\open_seq31_20251116_203419_477801.avi,89.8294363577175,360,90,HIGH,VIDEO_RECORDING,2025-11-16T20:34:23.543228
2025-11-16 20:34:20.100066,55,2567,HandType.Right,0.6234423518180847,3.653883934020996,142.54588317871094,-2.9301609992980957,-0.21882809698581696,-0.8600125908851624,0.4609692394733429,3.4225029945373535,-3.8763418197631836,0.1029844656586647,0.0,0.0,58.473114013671875,0,1,1,1,1,-44.43589401245117,91.6231918334961,6.798583030700684,-49.36427688598633,89.13302612304688,-55.301937103271484,open,31,2025-11-16T20:34:20.100066,my_hand_data\videos\open_seq31_20251116_203419_477801.avi,89.8294363577175,360,90,HIGH,VIDEO_RECORDING,2025-11-16T20:34:23.543228
2025-11-16 20:34:20.110277,56,2567,HandType.Right,0.6233152151107788,3.6764466762542725,142.47634887695312,-2.9344921112060547,-0.21911625564098358,-0.8597208261489868,0.4613763689994812,2.0332324504852295,-6.266429901123047,-0.3902973234653473,0.0,0.0,58.532920837402344,0,1,1,1,1,-44.57307434082031,91.59982299804688,6.8627028465271,-49.415916442871094,89.11356353759766,-55.3712272644043,open,31,2025-11-16T20:34:20.110277,my_hand_data\videos\open_seq31_20251116_203419_477801.avi,89.8294363577175,360,90,HIGH,VIDEO_RECORDING,2025-11-16T20:34:23.543228
2025-11-16 20:34:20.120467,57,2567,HandType.Right,0.6231626868247986,3.6978938579559326,142.3792266845703,-2.922313928604126,-0.21937577426433563,-0.8593772053718567,0.4618929922580719,1.9495636224746704,-8.828699111938477,1.1070142984390259,0.0,0.0,58.600711822509766,0,1,1,1,1,-44.75233459472656,91.57611083984375,6.962316036224365,-49.47423553466797,89.05953216552734,-55.414520263671875,open,31,2025-11-16T20:34:20.120467,my_hand_data\videos\open_seq31_20251116_203419_477801.avi,89.8294363577175,360,90,HIGH,VIDEO_RECORDING,2025-11-16T20:34:23.543228
2025-11-16 20:34:20.130625,58,2567,HandType.Right,0.6227612495422363,3.7024691104888916,142.2874755859375,-2.8897414207458496,-0.2195458561182022,-0.8590486645698547,0.4624229669570923,0.39983150362968445,-8.017964363098145,2.8464901447296143,0.0,0.0,58.69868087768555,0,1,1,1,1,-45.005672454833984,91.53577423095703,7.117819309234619,-49.56873321533203,89.00680541992188,-55.44584274291992,open,31,2025-11-16T20:34:20.130625,my_hand_data\videos\open_seq31_20251116_203419_477801.avi,89.8294363577175,360,90,HIGH,VIDEO_RECORDING,2025-11-16T20:34:23.543228
2025-11-16 20:34:20.151391,59,2567,HandType.Right,0.6209589838981628,3.672539234161377,142.0502166748047,-2.755589246749878,-0.22038507461547852,-0.8580460548400879,0.4638829827308655,-2.5153565406799316,-12.302093505859375,7.076998710632324,0.0,0.0,58.83113098144531,0,1,1,1,1,-45.46653747558594,91.51327514648438,7.497361660003662,-49.88593673706055,88.91590881347656,-55.410926818847656,open,31,2025-11-16T20:34:20.151391,my_hand_data\videos\open_seq31_20251116_203419_477801.avi,89.8294363577175,360,90,HIGH,VIDEO_RECORDING,2025-11-16T20:34:23.543228
2025-11-16 20:34:20.151391,60,2567,HandType.Right,0.6209589838981628,3.672539234161377,142.0502166748047,-2.755589246749878,-0.22038507461547852,-0.8580460548400879,0.4638829827308655,-2.5153565406799316,-12.302093505859375,7.076998710632324,0.0,0.0,58.83113098144531,0,1,1,1,1,-45.46653747558594,91.51327514648438,7.497361660003662,-49.88593673706055,88.91590881347656,-55.410926818847656,open,31,2025-11-16T20:34:20.151391,my_hand_data\videos\open_seq31_20251116_203419_477801.avi,89.8294363577175,360,90,HIGH,VIDEO_RECORDING,2025-11-16T20:34:23.543228
2025-11-16 20:34:20.171598,61,2567,HandType.Right,0.6182892918586731,3.5601730346679688,141.76939392089844,-2.6253626346588135,-0.22097250819206238,-0.8574671745300293,0.46467325091362,-5.554369926452637,-12.688777923583984,5.583648204803467,0.0,0.0,58.92295455932617,0,1,1,1,1,-45.73876190185547,91.39392852783203,7.763272285461426,-50.13969039916992,88.78462219238281,-55.41147994995117,open,31,2025-11-16T20:34:20.171598,my_hand_data\videos\open_seq31_20251116_203419_477801.avi,89.8294363577175,360,90,HIGH,VIDEO_RECORDING,2025-11-16T20:34:23.543228
2025-11-16 20:34:20.171598,62,2567,HandType.Right,0.6182892918586731,3.5601730346679688,141.76939392089844,-2.6253626346588135,-0.22097250819206238,-0.8574671745300293,0.46467325091362,-5.554369926452637,-12.688777923583984,5.583648204803467,0.0,0.0,58.92295455932617,0,1,1,1,1,-45.73876190185547,91.39392852783203,7.763272285461426,-50.13969039916992,88.78462219238281,-55.41147994995117,open,31,2025-11-16T20:34:20.171598,my_hand_data\videos\open_seq31_20251116_203419_477801.avi,89.8294363577175,360,90,HIGH,VIDEO_RECORDING,2025-11-16T20:34:23.543228
2025-11-16 20:34:20.191931,63,2567,HandType.Right,0.6150753498077393,3.4036285877227783,141.51254272460938,-2.53509521484375,-0.2216390073299408,-0.8568555116653442,0.46548333764076233,-6.480595111846924,-10.793482780456543,3.7732787132263184,0.0,0.0,58.96966552734375,0,1,1,1,1,-45.98416519165039,91.23355865478516,7.892377853393555,-50.48275375366211,88.7326889038086,-55.48452377319336,open,31,2025-11-16T20:34:20.191931,my_hand_data\videos\open_seq31_20251116_203419_477801.avi,89.8294363577175,360,90,HIGH,VIDEO_RECORDING,2025-11-16T20:34:23.543228
2025-11-16 20:34:20.202135,64,2567,HandType.Right,0.6127030849456787,3.3297688961029053,141.42576599121094,-2.5063796043395996,-0.22199413180351257,-0.856593132019043,0.46579694747924805,-6.747653484344482,-7.9281487464904785,2.623403549194336,0.0,0.0,59.004920959472656,0,1,1,1,1,-46.10976028442383,91.16801452636719,7.940227031707764,-50.675628662109375,88.76185607910156,-55.53123474121094,open,31,2025-11-16T20:34:20.202135,my_hand_data\videos\open_seq31_20251116_203419_477801.avi,89.8294363577175,360,90,HIGH,VIDEO_RECORDING,2025-11-16T20:34:23.543228
2025-11-16 20:34:20.212187,65,2567,HandType.Right,0.6104344725608826,3.259450912475586,141.34783935546875,-2.479778528213501,-0.22259394824504852,-0.8562450408935547,0.4661506116390228,-6.262740612030029,-6.940282821655273,2.3691623210906982,0.0,0.0,59.0598258972168,0,1,1,1,1,-46.28059387207031,91.11845397949219,7.992481708526611,-50.991065979003906,88.890869140625,-55.61019515991211,open,31,2025-11-16T20:34:20.212187,my_hand_data\videos\open_seq31_20251116_203419_477801.avi,89.8294363577175,360,90,HIGH,VIDEO_RECORDING,2025-11-16T20:34:23.543228
2025-11-16 20:34:20.222323,66,2567,HandType.Right,0.6086523532867432,3.1869430541992188,141.30946350097656,-2.4595987796783447,-0.22330467402935028,-0.8558700680732727,0.46649911999702454,-6.514046669006348,-3.4478626251220703,1.81293523311615,0.0,0.0,59.13753890991211,0,1,1,1,1,-46.48609924316406,91.10845184326172,8.083325386047363,-51.29633712768555,88.99591827392578,-55.639930725097656,open,31,2025-11-16T20:34:20.222323,my_hand_data\videos\open_seq31_20251116_203419_477801.avi,89.8294363577175,360,90,HIGH,VIDEO_RECORDING,2025-11-16T20:34:23.543228
2025-11-16 20:34:20.232493,67,2567,HandType.Right,0.6086523532867432,3.1869430541992188,141.30946350097656,-2.4595987796783447,-0.22330467402935028,-0.8558700680732727,0.46649911999702454,-6.514046669006348,-3.4478626251220703,1.81293523311615,0.0,0.0,59.13753890991211,0,1,1,1,1,-46.48609924316406,91.10845184326172,8.083325386047363,-51.29633712768555,88.99591827392578,-55.639930725097656,open,31,2025-11-16T20:34:20.232493,my_hand_data\videos\open_seq31_20251116_203419_477801.avi,89.8294363577175,360,90,HIGH,VIDEO_RECORDING,2025-11-16T20:34:23.543228
2025-11-16 20:34:20.242938,68,2567,HandType.Right,0.6077260971069336,3.103787422180176,141.27911376953125,-2.4377787113189697,-0.2244206666946411,-0.8553087711334229,0.4669927656650543,-7.470625400543213,-2.7263636589050293,1.9603041410446167,0.0,0.0,59.24559783935547,0,1,1,1,1,-46.72785186767578,91.12789916992188,8.221628189086914,-51.667842864990234,89.13658905029297,-55.655269622802734,open,31,2025-11-16T20:34:20.242938,my_hand_data\videos\open_seq31_20251116_203419_477801.avi,89.8294363577175,360,90,HIGH,VIDEO_RECORDING,2025-11-16T20:34:23.543228
2025-11-16 20:34:20.253358,69,2567,HandType.Right,0.6070089936256409,3.0114927291870117,141.2539825439453,-2.373239517211914,-0.22647513449192047,-0.854266345500946,0.46790811419487,-8.292428970336914,-2.25816011428833,5.798671245574951,0.0,0.0,59.34513854980469,0,1,1,1,1,-47.04397964477539,91.25255584716797,8.425829887390137,-52.07883071899414,89.28914642333984,-55.624080657958984,open,31,2025-11-16T20:34:20.253358,my_hand_data\videos\open_seq31_20251116_203419_477801.avi,89.8294363577175,360,90,HIGH,VIDEO_RECORDING,2025-11-16T20:34:23.543228
2025-11-16 20:34:20.263539,70,2567,HandType.Right,0.6068142652511597,2.9002487659454346,141.14764404296875,-2.2982773780822754,-0.22831255197525024,-0.8532271981239319,0.4689101576805115,-9.949368476867676,-9.509926795959473,6.70442533493042,0.0,0.0,59.492828369140625,0,1,1,1,1,-47.299346923828125,91.27044677734375,8.652108192443848,-52.480262756347656,89.38528442382812,-55.629364013671875,open,31,2025-11-16T20:34:20.263539,my_hand_data\videos\open_seq31_20251116_203419_477801.avi,89.8294363577175,360,90,HIGH,VIDEO_RECORDING,2025-11-16T20:34:23.543228
2025-11-16 20:34:20.283795,71,2567,HandType.Right,0.6038073301315308,2.6232285499572754,140.81729125976562,-2.167478084564209,-0.2324359267950058,-0.8507999777793884,0.47128862142562866,-12.376481056213379,-15.521148681640625,7.60020637512207,0.0,0.0,59.97435760498047,0,1,1,1,1,-47.79661560058594,91.07987976074219,9.156723022460938,-53.20176315307617,89.44788360595703,-55.67925262451172,open,31,2025-11-16T20:34:20.283795,my_hand_data\videos\open_seq31_20251116_203419_477801.avi,89.8294363577175,360,90,HIGH,VIDEO_RECORDING,2025-11-16T20:34:23.543228
2025-11-16 20:34:20.283795,72,2567,HandType.Right,0.6038073301315308,2.6232285499572754,140.81729125976562,-2.167478084564209,-0.2324359267950058,-0.8507999777793884,0.47128862142562866,-12.376481056213379,-15.521148681640625,7.60020637512207,0.0,0.0,59.97435760498047,0,1,1,1,1,-47.79661560058594,91.07987976074219,9.156723022460938,-53.20176315307617,89.44788360595703,-55.67925262451172,open,31,2025-11-16T20:34:20.283795,my_hand_data\videos\open_seq31_20251116_203419_477801.avi,89.8294363577175,360,90,HIGH,VIDEO_RECORDING,2025-11-16T20:34:23.543228
2025-11-16 20:34:20.304097,73,2567,HandType.Right,0.5924386978149414,2.31333589553833,140.4041748046875,-1.9939357042312622,-0.2378644347190857,-0.847103476524353,0.47522222995758057,-14.867897987365723,-21.01082420349121,6.37120246887207,0.0,0.0,61.06955337524414,0,1,1,1,1,-48.47447967529297,90.95602416992188,9.903364181518555,-53.977447509765625,89.59607696533203,-55.89933776855469,open,31,2025-11-16T20:34:20.304097,my_hand_data\videos\open_seq31_20251116_203419_477801.avi,89.8294363577175,360,90,HIGH,VIDEO_RECORDING,2025-11-16T20:34:23.543228
2025-11-16 20:34:20.304097,74,2567,HandType.Right,0.5924386978149414,2.31333589553833,140.4041748046875,-1.9939357042312622,-0.2378644347190857,-0.847103476524353,0.47522222995758057,-14.867897987365723,-21.01082420349121,6.37120246887207,0.0,0.0,61.06955337524414,0,1,1,1,1,-48.47447967529297,90.95602416992188,9.903364181518555,-53.977447509765625,89.59607696533203,-55.89933776855469,open,31,2025-11-16T20:34:20.304097,my_hand_data\videos\open_seq31_20251116_203419_477801.avi,89.8294363577175,360,90,HIGH,VIDEO_RECORDING,2025-11-16T20:34:23.543228
2025-11-16 20:34:20.324398,75,2567,HandType.Right,0.57098788022995,2.066166639328003,139.96632385253906,-1.9241478443145752,-0.24524912238121033,-0.842039942741394,0.4804389476776123,-9.427531242370605,-20.609209060668945,3.493452787399292,0.0,0.0,62.02350997924805,0,1,1,1,1,-48.999996185302734,91.1645278930664,10.840445518493652,-54.553157806396484,89.6689453125,-56.28878402709961,open,31,2025-11-16T20:34:20.324398,my_hand_data\videos\open_seq31_20251116_203419_477801.avi,89.8294363577175,360,90,HIGH,VIDEO_RECORDING,2025-11-16T20:34:23.543228
2025-11-16 20:34:20.334727,76,2567,HandType.Right,0.57098788022995,2.066166639328003,139.96632385253906,-1.9241478443145752,-0.24524912238121033,-0.842039942741394,0.4804389476776123,-9.427531242370605,-20.609209060668945,3.493452787399292,0.0,0.0,62.02350997924805,0,1,1,1,1,-48.999996185302734,91.1645278930664,10.840445518493652,-54.553157806396484,89.6689453125,-56.28878402709961,open,31,2025-11-16T20:34:20.334727,my_hand_data\videos\open_seq31_20251116_203419_477801.avi,89.8294363577175,360,90,HIGH,VIDEO_RECORDING,2025-11-16T20:34:23.543228
2025-11-16 20:34:20.344908,77,2567,HandType.Right,0.5550827383995056,1.9848240613937378,139.5293426513672,-2.045910596847534,-0.25409552454948425,-0.836746871471405,0.48506712913513184,-2.5213780403137207,-19.750577926635742,-8.786437034606934,0.0,0.0,62.73720932006836,0,1,1,1,1,-49.5258903503418,91.77066040039062,11.597444534301758,-54.96970748901367,89.70005798339844,-56.83695983886719,open,31,2025-11-16T20:34:20.344908,my_hand_data\videos\open_seq31_20251116_203419_477801.avi,89.8294363577175,360,90,HIGH,VIDEO_RECORDING,2025-11-16T20:34:23.543228
2025-11-16 20:34:20.355370,78,2567,HandType.Right,0.5513851046562195,1.9338964223861694,139.3639678955078,-2.162996530532837,-0.2577343285083771,-0.8343402743339539,0.487287700176239,-4.512465000152588,-14.653666496276855,-10.374428749084473,0.0,0.0,63.152191162109375,0,1,1,1,1,-49.75136947631836,91.89619445800781,11.928540229797363,-55.1002082824707,89.69464874267578,-57.196231842041016,open,31,2025-11-16T20:34:20.355370,my_hand_data\videos\open_seq31_20251116_203419_477801.avi,89.8294363577175,360,90,HIGH,VIDEO_RECORDING,2025-11-16T20:34:23.543228
2025-11-16 20:34:20.365613,79,2567,HandType.Right,0.5513851046562195,1.9338964223861694,139.3639678955078,-2.162996530532837,-0.2577343285083771,-0.8343402743339539,0.487287700176239,-4.512465000152588,-14.653666496276855,-10.374428749084473,0.0,0.0,63.152191162109375,0,1,1,1,1,-49.75136947631836,91.89619445800781,11.928540229797363,-55.1002082824707,89.69464874267578,-57.196231842041016,open,31,2025-11-16T20:34:20.365613,my_hand_data\videos\open_seq31_20251116_203419_477801.avi,89.8294363577175,360,90,HIGH,VIDEO_RECORDING,2025-11-16T20:34:23.543228
2025-11-16 20:34:20.375724,80,2567,HandType.Right,0.5512961149215698,1.8916783332824707,139.26089477539062,-2.2562062740325928,-0.26032567024230957,-0.8325366973876953,0.48899200558662415,-3.76947283744812,-9.201828002929688,-8.322315216064453,0.0,0.0,63.43523406982422,0,1,1,1,1,-50.0096435546875,91.93983459472656,12.039015769958496,-55.19953536987305,89.7803726196289,-57.56694030761719,open,31,2025-11-16T20:34:20.375724,my_hand_data\videos\open_seq31_20251116_203419_477801.avi,89.8294363577175,360,90,HIGH,VIDEO_RECORDING,2025-11-16T20:34:23.543228
2025-11-16 20:34:20.385955,81,2567,HandType.Right,0.5521921515464783,1.8592664003372192,139.1650390625,-2.3498313426971436,-0.26184386014938354,-0.8314217925071716,0.49007710814476013,-2.9553985595703125,-8.741588592529297,-8.53697395324707,0.0,0.0,63.61345291137695,0,1,1,1,1,-50.22516632080078,91.94092559814453,12.042952537536621,-55.250022888183594,89.82206726074219,-57.83682632446289,open,31,2025-11-16T20:34:20.385955,my_hand_data\videos\open_seq31_20251116_203419_477801.avi,89.8294363577175,360,90,HIGH,VIDEO_RECORDING,2025-11-16T20:34:23.543228
2025-11-16 20:34:20.406669,82,2567,HandType.Right,0.5546066164970398,1.791770577430725,139.0623321533203,-2.4448652267456055,-0.26354169845581055,-0.8301709890365601,0.49128594994544983,-3.467250108718872,-3.8556582927703857,-3.608726739883423,0.0,0.0,63.81511306762695,0,1,1,1,1,-50.54767990112305,92.00189208984375,12.053787231445312,-55.3712158203125,89.89368438720703,-58.129032135009766,open,31,2025-11-16T20:34:20.406669,my_hand_data\videos\open_seq31_20251116_203419_477801.avi,89.8294363577175,360,90,HIGH,VIDEO_RECORDING,2025-11-16T20:34:23.543228
2025-11-16 20:34:20.406669,83,2567,HandType.Right,0.5546066164970398,1.791770577430725,139.0623321533203,-2.4448652267456055,-0.26354169845581055,-0.8301709890365601,0.49128594994544983,-3.467250108718872,-3.8556582927703857,-3.608726739883423,0.0,0.0,63.81511306762695,0,1,1,1,1,-50.54767990112305,92.00189208984375,12.053787231445312,-55.3712158203125,89.89368438720703,-58.129032135009766,open,31,2025-11-16T20:34:20.406669,my_hand_data\videos\open_seq31_20251116_203419_477801.avi,89.8294363577175,360,90,HIGH,VIDEO_RECORDING,2025-11-16T20:34:23.543228
2025-11-16 20:34:20.426847,84,2567,HandType.Right,0.5575520992279053,1.7456892728805542,138.9809112548828,-2.49861741065979,-0.2643590569496155,-0.8296292424201965,0.491761714220047,-1.884536623954773,-3.585752487182617,-2.2470736503601074,0.0,0.0,63.94590377807617,0,1,1,1,1,-50.846092224121094,92.02323150634766,12.040356636047363,-55.54936218261719,90.01329803466797,-58.33268356323242,open,31,2025-11-16T20:34:20.426847,my_hand_data\videos\open_seq31_20251116_203419_477801.avi,89.8294363577175,360,90,HIGH,VIDEO_RECORDING,2025-11-16T20:34:23.543228
2025-11-16 20:34:20.426847,85,2567,HandType.Right,0.5575520992279053,1.7456892728805542,138.9809112548828,-2.49861741065979,-0.2643590569496155,-0.8296292424201965,0.491761714220047,-1.884536623954773,-3.585752487182617,-2.2470736503601074,0.0,0.0,63.94590377807617,0,1,1,1,1,-50.846092224121094,92.02323150634766,12.040356636047363,-55.54936218261719,90.01329803466797,-58.33268356323242,open,31,2025-11-16T20:34:20.426847,my_hand_data\videos\open_seq31_20251116_203419_477801.avi,89.8294363577175,360,90,HIGH,VIDEO_RECORDING,2025-11-16T20:34:23.543228
2025-11-16 20:34:20.447183,86,2567,HandType.Right,0.5601540207862854,1.6772185564041138,138.9088134765625,-2.528677225112915,-0.26513999700546265,-0.82911217212677,0.4922131299972534,-3.870079278945923,-4.361996173858643,-2.1312403678894043,0.0,0.0,64.07150268554688,0,1,1,1,1,-51.27403259277344,92.17670440673828,12.074615478515625,-55.785099029541016,90.1657943725586,-58.469200134277344,open,31,2025-11-16T20:34:20.447183,my_hand_data\videos\open_seq31_20251116_203419_477801.avi,89.8294363577175,360,90,HIGH,VIDEO_RECORDING,2025-11-16T20:34:23.543228
2025-11-16 20:34:20.457383,87,2567,HandType.Right,0.5601540207862854,1.6772185564041138,138.9088134765625,-2.528677225112915,-0.26513999700546265,-0.82911217212677,0.4922131299972534,-3.870079278945923,-4.361996173858643,-2.1312403678894043,0.0,0.0,64.07150268554688,0,1,1,1,1,-51.27403259277344,92.17670440673828,12.074615478515625,-55.785099029541016,90.1657943725586,-58.469200134277344,open,31,2025-11-16T20:34:20.457383,my_hand_data\videos\open_seq31_20251116_203419_477801.avi,89.8294363577175,360,90,HIGH,VIDEO_RECORDING,2025-11-16T20:34:23.543228
2025-11-16 20:34:20.467509,88,2567,HandType.Right,0.5629727840423584,1.6015909910202026,138.80506896972656,-2.536201000213623,-0.2661532163619995,-0.8284463882446289,0.49278706312179565,-3.530344247817993,-5.012990474700928,-0.3150607943534851,0.0,0.0,64.18596649169922,0,1,1,1,1,-51.76408386230469,92.39976501464844,12.133105278015137,-55.99061584472656,90.28434753417969,-58.64106750488281,open,31,2025-11-16T20:34:20.467509,my_hand_data\videos\open_seq31_20251116_203419_477801.avi,89.8294363577175,360,90,HIGH,VIDEO_RECORDING,2025-11-16T20:34:23.543228
2025-11-16 20:34:20.477650,89,2567,HandType.Right,0.5629727840423584,1.6015909910202026,138.80506896972656,-2.536201000213623,-0.2661532163619995,-0.8284463882446289,0.49278706312179565,-3.530344247817993,-5.012990474700928,-0.3150607943534851,0.0,0.0,64.18596649169922,0,1,1,1,1,-51.76408386230469,92.39976501464844,12.133105278015137,-55.99061584472656,90.28434753417969,-58.64106750488281,open,31,2025-11-16T20:34:20.477650,my_hand_data\videos\open_seq31_20251116_203419_477801.avi,89.8294363577175,360,90,HIGH,VIDEO_RECORDING,2025-11-16T20:34:23.543228
2025-11-16 20:34:20.487828,90,2567,HandType.Right,0.5632302761077881,1.5787423849105835,138.74440002441406,-2.556480646133423,-0.2665855884552002,-0.8282201290130615,0.4929336607456207,-2.045168161392212,-5.430586814880371,-1.8152146339416504,0.0,0.0,64.2666244506836,0,1,1,1,1,-52.081295013427734,92.51993560791016,12.142122268676758,-56.081451416015625,90.35131072998047,-58.777618408203125,open,31,2025-11-16T20:34:20.487828,my_hand_data\videos\open_seq31_20251116_203419_477801.avi,89.8294363577175,360,90,HIGH,VIDEO_RECORDING,2025-11-16T20:34:23.543228
2025-11-16 20:34:20.497925,91,2567,HandType.Right,0.5640170574188232,1.5723459720611572,138.65451049804688,-2.6057586669921875,-0.2670821249485016,-0.8279907703399658,0.49305012822151184,-0.5875825881958008,-8.257189750671387,-4.526729583740234,0.0,0.0,64.39866638183594,0,1,1,1,1,-52.5361213684082,92.65251159667969,12.14644718170166,-56.14823532104492,90.43083190917969,-58.979007720947266,open,31,2025-11-16T20:34:20.497925,my_hand_data\videos\open_seq31_20251116_203419_477801.avi,89.8294363577175,360,90,HIGH,VIDEO_RECORDING,2025-11-16T20:34:23.543228
2025-11-16 20:34:20.508085,92,2567,HandType.Right,0.5667616724967957,1.5979937314987183,138.56234741210938,-2.651803493499756,-0.2674873471260071,-0.827858567237854,0.4930524528026581,2.318753957748413,-8.333171844482422,-4.162822246551514,0.0,0.0,64.56607055664062,0,1,1,1,1,-53.212059020996094,92.90727996826172,12.153973579406738,-56.15614700317383,90.47647094726562,-59.16609573364258,open,31,2025-11-16T20:34:20.508085,my_hand_data\videos\open_seq31_20251116_203419_477801.avi,89.8294363577175,360,90,HIGH,VIDEO_RECORDING,2025-11-16T20:34:23.543228
2025-11-16 20:34:20.528311,93,2567,HandType.Right,0.5754889845848083,1.7216397523880005,138.39605712890625,-2.745821952819824,-0.26766568422317505,-0.8283500671386719,0.49212929606437683,6.846517086029053,-7.051429271697998,-3.6035819053649902,0.0,0.0,64.91529083251953,0,1,1,1,1,-54.586875915527344,93.46575927734375,12.119799613952637,-56.12257385253906,90.56949615478516,-59.51121520996094,open,31,2025-11-16T20:34:20.528311,my_hand_data\videos\open_seq31_20251116_203419_477801.avi,89.8294363577175,360,90,HIGH,VIDEO_RECORDING,2025-11-16T20:34:23.543228
2025-11-16 20:34:20.528311,94,2567,HandType.Right,0.58002769947052,1.812794804573059,138.32411193847656,-2.7859158515930176,-0.26759299635887146,-0.8288714289665222,0.4912903308868408,8.247085571289062,-6.509153366088867,-3.6274096965789795,0.0,0.0,65.04342651367188,0,1,1,1,1,-55.1944694519043,93.79847717285156,12.084837913513184,-56.0839958190918,90.61922454833984,-59.66116714477539,open,31,2025-11-16T20:34:20.528311,my_hand_data\videos\open_seq31_20251116_203419_477801.avi,89.8294363577175,360,90,HIGH,VIDEO_RECORDING,2025-11-16T20:34:23.543228
2025-11-16 20:34:20.548683,95,2567,HandType.Right,0.5845782160758972,1.8994381427764893,138.26937866210938,-2.8034443855285645,-0.26773378252983093,-0.8296099305152893,0.4899652898311615,7.648600101470947,-4.830868721008301,-1.5473657846450806,0.0,0.0,65.14341735839844,0,1,1,1,1,-55.663265228271484,94.06494903564453,12.002755165100098,-56.03385543823242,90.69925689697266,-59.751949310302734,open,31,2025-11-16T20:34:20.548683,my_hand_data\videos\open_seq31_20251116_203419_477801.avi,89.8294363577175,360,90,HIGH,VIDEO_RECORDING,2025-11-16T20:34:23.543228
2025-11-16 20:34:20.548683,96,2567,HandType.Right,0.5845782160758972,1.8994381427764893,138.26937866210938,-2.8034443855285645,-0.26773378252983093,-0.8296099305152893,0.4899652898311615,7.648600101470947,-4.830868721008301,-1.5473657846450806,0.0,0.0,65.14341735839844,0,1,1,1,1,-55.663265228271484,94.06494903564453,12.002755165100098,-56.03385543823242,90.69925689697266,-59.751949310302734,open,31,2025-11-16T20:34:20.548683,my_hand_data\videos\open_seq31_20251116_203419_477801.avi,89.8294363577175,360,90,HIGH,VIDEO_RECORDING,2025-11-16T20:34:23.543228
2025-11-16 20:34:20.569269,97,2567,HandType.Right,0.5932930707931519,2.0153744220733643,138.16275024414062,-2.8635809421539307,-0.2678409218788147,-0.8312591314315796,0.48710310459136963,4.3760247230529785,-4.195712089538574,-2.6201560497283936,0.0,0.0,65.21353149414062,0,1,1,1,1,-56.55849838256836,94.54312896728516,11.623690605163574,-55.98828125,90.89313507080078,-60.050682067871094,open,31,2025-11-16T20:34:20.569269,my_hand_data\videos\open_seq31_20251116_203419_477801.avi,89.8294363577175,360,90,HIGH,VIDEO_RECORDING,2025-11-16T20:34:23.543228
2025-11-16 20:34:20.579573,98,2567,HandType.Right,0.5932930707931519,2.0153744220733643,138.16275024414062,-2.8635809421539307,-0.2678409218788147,-0.8312591314315796,0.48710310459136963,4.3760247230529785,-4.195712089538574,-2.6201560497283936,0.0,0.0,65.21353149414062,0,1,1,1,1,-56.55849838256836,94.54312896728516,11.623690605163574,-55.98828125,90.89313507080078,-60.050682067871094,open,31,2025-11-16T20:34:20.579573,my_hand_data\videos\open_seq31_20251116_203419_477801.avi,89.8294363577175,360,90,HIGH,VIDEO_RECORDING,2025-11-16T20:34:23.543228
2025-11-16 20:34:20.589805,99,2567,HandType.Right,0.5999525189399719,2.059051990509033,138.053955078125,-2.901132583618164,-0.2682250738143921,-0.8327366709709167,0.48436036705970764,1.058459758758545,-6.9180827140808105,-2.0898854732513428,0.0,0.0,65.24385070800781,0,1,1,1,1,-57.21335983276367,94.65628814697266,11.34593391418457,-56.017696380615234,90.97795104980469,-60.26518249511719,open,31,2025-11-16T20:34:20.589805,my_hand_data\videos\open_seq31_20251116_203419_477801.avi,89.8294363577175,360,90,HIGH,VIDEO_RECORDING,2025-11-16T20:34:23.543228
2025-11-16 20:34:20.600009,100,2567,HandType.Right,0.6023443341255188,2.047508716583252,137.99147033691406,-2.894881248474121,-0.26859912276268005,-0.833174467086792,0.4833992123603821,-1.0180155038833618,-5.51129150390625,0.5513186454772949,0.0,0.0,65.2724380493164,0,1,1,1,1,-57.38224792480469,94.6507568359375,11.312684059143066,-56.08705520629883,91.03494262695312,-60.36931228637695,open,31,2025-11-16T20:34:20.600009,my_hand_data\videos\open_seq31_20251116_203419_477801.avi,89.8294363577175,360,90,HIGH,VIDEO_RECORDING,2025-11-16T20:34:23.543228
2025-11-16 20:34:20.610161,101,2567,HandType.Right,0.6023443341255188,2.047508716583252,137.99147033691406,-2.894881248474121,-0.26859912276268005,-0.833174467086792,0.4833992123603821,-1.0180155038833618,-5.51129150390625,0.5513186454772949,0.0,0.0,65.2724380493164,0,1,1,1,1,-57.38224792480469,94.6507568359375,11.312684059143066,-56.08705520629883,91.03494262695312,-60.36931228637695,open,31,2025-11-16T20:34:20.610161,my_hand_data\videos\open_seq31_20251116_203419_477801.avi,89.8294363577175,360,90,HIGH,VIDEO_RECORDING,2025-11-16T20:34:23.543228
2025-11-16 20:34:20.620371,102,2567,HandType.Right,0.6030653119087219,2.0305747985839844,137.90536499023438,-2.9030838012695312,-0.2688550055027008,-0.8334795236587524,0.4827306866645813,-1.5312151908874512,-7.785980701446533,-0.7417024970054626,0.0,0.0,65.29471588134766,0,1,1,1,1,-57.57069396972656,94.63420867919922,11.274553298950195,-56.15699005126953,91.0387954711914,-60.44598388671875,open,31,2025-11-16T20:34:20.620371,my_hand_data\videos\open_seq31_20251116_203419_477801.avi,89.8294363577175,360,90,HIGH,VIDEO_RECORDING,2025-11-16T20:34:23.543228
2025-11-16 20:34:20.640589,103,2567,HandType.Right,0.6031981706619263,1.9999523162841797,137.7158660888672,-2.9246628284454346,-0.26922693848609924,-0.8338444232940674,0.481892466545105,-0.5571157336235046,-8.805913925170898,-0.8096870183944702,0.0,0.0,65.33086395263672,0,1,1,1,1,-57.90603256225586,94.62389373779297,11.236750602722168,-56.31194305419922,91.00595092773438,-60.558372497558594,open,31,2025-11-16T20:34:20.640589,my_hand_data\videos\open_seq31_20251116_203419_477801.avi,89.8294363577175,360,90,HIGH,VIDEO_RECORDING,2025-11-16T20:34:23.543228
2025-11-16 20:34:20.640589,104,2567,HandType.Right,0.603076696395874,2.009305953979492,137.6199493408203,-2.9047656059265137,-0.2693994641304016,-0.8339629769325256,0.48159077763557434,0.83858323097229,-8.59916877746582,1.7838735580444336,0.0,0.0,65.35110473632812,0,1,1,1,1,-58.09303283691406,94.60379028320312,11.241796493530273,-56.37693405151367,90.981689453125,-60.58515930175781,open,31,2025-11-16T20:34:20.640589,my_hand_data\videos\open_seq31_20251116_203419_477801.avi,89.8294363577175,360,90,HIGH,VIDEO_RECORDING,2025-11-16T20:34:23.543228
2025-11-16 20:34:20.660845,105,2567,HandType.Right,0.6030045747756958,2.037222385406494,137.52272033691406,-2.8570384979248047,-0.26973408460617065,-0.8340739011764526,0.48121124505996704,2.550137996673584,-8.881548881530762,4.359838008880615,0.0,0.0,65.35978698730469,0,1,1,1,1,-58.33920669555664,94.6654052734375,11.256580352783203,-56.388572692871094,90.96153259277344,-60.57209777832031,open,31,2025-11-16T20:34:20.660845,my_hand_data\videos\open_seq31_20251116_203419_477801.avi,89.8294363577175,360,90,HIGH,VIDEO_RECORDING,2025-11-16T20:34:23.543228
2025-11-16 20:34:20.660845,106,2567,HandType.Right,0.6030045747756958,2.037222385406494,137.52272033691406,-2.8570384979248047,-0.26973408460617065,-0.8340739011764526,0.48121124505996704,2.550137996673584,-8.881548881530762,4.359838008880615,0.0,0.0,65.35978698730469,0,1,1,1,1,-58.33920669555664,94.6654052734375,11.256580352783203,-56.388572692871094,90.96153259277344,-60.57209777832031,open,31,2025-11-16T20:34:20.660845,my_hand_data\videos\open_seq31_20251116_203419_477801.avi,89.8294363577175,360,90,HIGH,VIDEO_RECORDING,2025-11-16T20:34:23.543228
2025-11-16 20:34:20.681222,107,2567,HandType.Right,0.6021372079849243,2.127453088760376,137.3047637939453,-2.7449610233306885,-0.27016884088516235,-0.8344893455505371,0.4802461266517639,4.611577033996582,-10.085344314575195,5.718053340911865,0.0,0.0,65.35003662109375,0,1,1,1,1,-58.852962493896484,94.80974578857422,11.211495399475098,-56.36483383178711,90.90213012695312,-60.52315902709961,open,31,2025-11-16T20:34:20.681222,my_hand_data\videos\open_seq31_20251116_203419_477801.avi,89.8294363577175,360,90,HIGH,VIDEO_RECORDING,2025-11-16T20:34:23.543228
2025-11-16 20:34:20.691308,108,2567,HandType.Right,0.6008300185203552,2.1963937282562256,137.1871337890625,-2.6901559829711914,-0.2700907588005066,-0.8348497748374939,0.479663223028183,6.291933536529541,-10.73507308959961,5.001828193664551,0.0,0.0,65.30712890625,0,1,1,1,1,-59.200496673583984,94.89108276367188,11.100031852722168,-56.31142807006836,90.8372573852539,-60.490970611572266,open,31,2025-11-16T20:34:20.691308,my_hand_data\videos\open_seq31_20251116_203419_477801.avi,89.8294363577175,360,90,HIGH,VIDEO_RECORDING,2025-11-16T20:34:23.543228
2025-11-16 20:34:20.701471,109,2567,HandType.Right,0.5991981625556946,2.2819273471832275,137.0813446044922,-2.6393280029296875,-0.2701834440231323,-0.835273027420044,0.4788735806941986,7.623318195343018,-9.42922306060791,4.530126571655273,0.0,0.0,65.25908660888672,0,1,1,1,1,-59.450618743896484,94.99102020263672,10.995991706848145,-56.23694610595703,90.77611541748047,-60.45863342285156,open,31,2025-11-16T20:34:20.701471,my_hand_data\videos\open_seq31_20251116_203419_477801.avi,89.8294363577175,360,90,HIGH,VIDEO_RECORDING,2025-11-16T20:34:23.543228
2025-11-16 20:34:20.711837,110,2567,HandType.Right,0.5974411964416504,2.377239942550659,136.96963500976562,-2.6234500408172607,-0.270162969827652,-0.8358263373374939,0.47791874408721924,8.611553192138672,-10.092209815979004,1.4345782995224,0.0,0.0,65.2174072265625,0,1,1,1,1,-59.73512649536133,95.10472869873047,10.829526901245117,-56.131980895996094,90.69439697265625,-60.44772720336914,open,31,2025-11-16T20:34:20.711837,my_hand_data\videos\open_seq31_20251116_203419_477801.avi,89.8294363577175,360,90,HIGH,VIDEO_RECORDING,2025-11-16T20:34:23.543228
2025-11-16 20:34:20.721989,111,2567,HandType.Right,0.5971176028251648,2.4865071773529053,136.86952209472656,-2.613436460494995,-0.2702019214630127,-0.8363476991653442,0.4769836962223053,9.814698219299316,-8.993646621704102,0.899452805519104,0.0,0.0,65.19298553466797,0,1,1,1,1,-59.940330505371094,95.21062469482422,10.701621055603027,-56.00558090209961,90.61634826660156,-60.43934631347656,open,31,2025-11-16T20:34:20.721989,my_hand_data\videos\open_seq31_20251116_203419_477801.avi,89.8294363577175,360,90,HIGH,VIDEO_RECORDING,2025-11-16T20:34:23.543228
2025-11-16 20:34:20.732180,112,2567,HandType.Right,0.5971176028251648,2.4865071773529053,136.86952209472656,-2.613436460494995,-0.2702019214630127,-0.8363476991653442,0.4769836962223053,9.814698219299316,-8.993646621704102,0.899452805519104,0.0,0.0,65.19298553466797,0,1,1,1,1,-59.940330505371094,95.21062469482422,10.701621055603027,-56.00558090209961,90.61634826660156,-60.43934631347656,open,31,2025-11-16T20:34:20.732180,my_hand_data\videos\open_seq31_20251116_203419_477801.avi,89.8294363577175,360,90,HIGH,VIDEO_RECORDING,2025-11-16T20:34:23.543228
2025-11-16 20:34:20.742403,113,2567,HandType.Right,0.5970056056976318,2.611663818359375,136.76876831054688,-2.5968520641326904,-0.2703513503074646,-0.8368055820465088,0.47609513998031616,11.14883041381836,-8.9741849899292,1.4773285388946533,0.0,0.0,65.19813537597656,0,1,1,1,1,-60.17548370361328,95.33898162841797,10.62010669708252,-55.84486770629883,90.52593231201172,-60.42506408691406,open,31,2025-11-16T20:34:20.742403,my_hand_data\videos\open_seq31_20251116_203419_477801.avi,89.8294363577175,360,90,HIGH,VIDEO_RECORDING,2025-11-16T20:34:23.543228
2025-11-16 20:34:20.752752,114,2567,HandType.Right,0.5968549251556396,2.722914457321167,136.63009643554688,-2.5996592044830322,-0.2707059979438782,-0.8371623754501343,0.47526559233665466,10.000051498413086,-12.464622497558594,-0.2523268759250641,0.0,0.0,65.2605209350586,0,1,1,1,1,-60.531856536865234,95.44229888916016,10.560729026794434,-55.67881774902344,90.41255950927734,-60.452640533447266,open,31,2025-11-16T20:34:20.752752,my_hand_data\videos\open_seq31_20251116_203419_477801.avi,89.8294363577175,360,90,HIGH,VIDEO_RECORDING,2025-11-16T20:34:23.543228
2025-11-16 20:34:20.773210,115,2567,HandType.Right,0.5964769721031189,2.9378628730773926,136.36549377441406,-2.6070315837860107,-0.27185454964637756,-0.8377012610435486,0.4736577570438385,9.250367164611816,-10.630324363708496,-0.30034172534942627,0.0,0.0,65.43907165527344,0,1,1,1,1,-61.66266632080078,95.63678741455078,10.414603233337402,-55.41085433959961,90.32107543945312,-60.625038146972656,open,31,2025-11-16T20:34:20.773210,my_hand_data\videos\open_seq31_20251116_203419_477801.avi,89.8294363577175,360,90,HIGH,VIDEO_RECORDING,2025-11-16T20:34:23.543228
2025-11-16 20:34:20.773210,116,2567,HandType.Right,0.5969496369361877,3.015263795852661,136.32420349121094,-2.5250039100646973,-0.2728450894355774,-0.8377760052680969,0.47295549511909485,7.008400917053223,-3.739476442337036,7.427346706390381,0.0,0.0,65.52177429199219,0,1,1,1,1,-62.289100646972656,95.82044219970703,10.456089973449707,-55.337833404541016,90.39227294921875,-60.780311584472656,open,31,2025-11-16T20:34:20.773210,my_hand_data\videos\open_seq31_20251116_203419_477801.avi,89.8294363577175,360,90,HIGH,VIDEO_RECORDING,2025-11-16T20:34:23.543228
2025-11-16 20:34:20.793420,117,2567,HandType.Right,0.5971696376800537,3.084409236907959,136.2270050048828,-2.462388038635254,-0.27352914214134216,-0.8379142880439758,0.4723150134086609,6.175366401672363,-8.68075942993164,5.592207431793213,0.0,0.0,65.6304931640625,0,1,1,1,1,-62.81587600708008,95.95386505126953,10.475428581237793,-55.192710876464844,90.41431427001953,-60.93362045288086,open,31,2025-11-16T20:34:20.793420,my_hand_data\videos\open_seq31_20251116_203419_477801.avi,89.8294363577175,360,90,HIGH,VIDEO_RECORDING,2025-11-16T20:34:23.543228
2025-11-16 20:34:20.793420,118,2567,HandType.Right,0.5971696376800537,3.084409236907959,136.2270050048828,-2.462388038635254,-0.27352914214134216,-0.8379142880439758,0.4723150134086609,6.175366401672363,-8.68075942993164,5.592207431793213,0.0,0.0,65.6304931640625,0,1,1,1,1,-62.81587600708008,95.95386505126953,10.475428581237793,-55.192710876464844,90.41431427001953,-60.93362045288086,open,31,2025-11-16T20:34:20.793420,my_hand_data\videos\open_seq31_20251116_203419_477801.avi,89.8294363577175,360,90,HIGH,VIDEO_RECORDING,2025-11-16T20:34:23.543228
2025-11-16 20:34:20.813722,119,2567,HandType.Right,0.5986050367355347,3.2516961097717285,136.01480102539062,-2.3601298332214355,-0.2751908004283905,-0.8381063342094421,0.47100719809532166,7.557751655578613,-10.668339729309082,2.9724066257476807,0.0,0.0,65.76982116699219,0,1,1,1,1,-63.608734130859375,96.43162536621094,10.498580932617188,-54.98115158081055,90.48228454589844,-61.22404861450195,open,31,2025-11-16T20:34:20.813722,my_hand_data\videos\open_seq31_20251116_203419_477801.avi,89.8294363577175,360,90,HIGH,VIDEO_RECORDING,2025-11-16T20:34:23.543228
2025-11-16 20:34:20.823865,120,2567,HandType.Right,0.5991398096084595,3.3135530948638916,135.9043731689453,-2.307525157928467,-0.27623915672302246,-0.8380180597305298,0.47055038809776306,5.449957370758057,-9.729243278503418,4.634789943695068,0.0,0.0,65.81759643554688,0,1,1,1,1,-63.826202392578125,96.5482406616211,10.513090133666992,-54.920738220214844,90.5141830444336,-61.33433151245117,open,31,2025-11-16T20:34:20.823865,my_hand_data\videos\open_seq31_20251116_203419_477801.avi,89.8294363577175,360,90,HIGH,VIDEO_RECORDING,2025-11-16T20:34:23.543228
2025-11-16 20:34:20.823865,121,2567,HandType.Right,0.5991398096084595,3.3135530948638916,135.9043731689453,-2.307525157928467,-0.27623915672302246,-0.8380180597305298,0.47055038809776306,5.449957370758057,-9.729243278503418,4.634789943695068,0.0,0.0,65.81759643554688,0,1,1,1,1,-63.826202392578125,96.5482406616211,10.513090133666992,-54.920738220214844,90.5141830444336,-61.33433151245117,open,31,2025-11-16T20:34:20.823865,my_hand_data\videos\open_seq31_20251116_203419_477801.avi,89.8294363577175,360,90,HIGH,VIDEO_RECORDING,2025-11-16T20:34:23.543228
2025-11-16 20:34:20.844188,122,2567,HandType.Right,0.6006596088409424,3.386744737625122,135.72695922851562,-2.194431781768799,-0.2780154347419739,-0.8380444049835205,0.4694560468196869,1.7973737716674805,-7.329988956451416,5.863175868988037,0.0,0.0,65.82826232910156,0,1,1,1,1,-64.10906982421875,96.75251007080078,10.496407508850098,-54.83754348754883,90.54720306396484,-61.4368896484375,open,31,2025-11-16T20:34:20.844188,my_hand_data\videos\open_seq31_20251116_203419_477801.avi,89.8294363577175,360,90,HIGH,VIDEO_RECORDING,2025-11-16T20:34:23.543228
2025-11-16 20:34:20.854427,123,2567,HandType.Right,0.6006596088409424,3.386744737625122,135.72695922851562,-2.194431781768799,-0.2780154347419739,-0.8380444049835205,0.4694560468196869,1.7973737716674805,-7.329988956451416,5.863175868988037,0.0,0.0,65.82826232910156,0,1,1,1,1,-64.10906982421875,96.75251007080078,10.496407508850098,-54.83754348754883,90.54720306396484,-61.4368896484375,open,31,2025-11-16T20:34:20.854427,my_hand_data\videos\open_seq31_20251116_203419_477801.avi,89.8294363577175,360,90,HIGH,VIDEO_RECORDING,2025-11-16T20:34:23.543228
2025-11-16 20:34:20.864715,124,2567,HandType.Right,0.6024260520935059,3.383295774459839,135.65069580078125,-2.1287338733673096,-0.27863791584968567,-0.8382256627082825,0.4687628448009491,-0.3158093988895416,-6.983323097229004,6.015744686126709,0.0,0.0,65.82452392578125,0,1,1,1,1,-64.2615737915039,96.8033676147461,10.501683235168457,-54.85836410522461,90.56843566894531,-61.47153854370117,open,31,2025-11-16T20:34:20.864715,my_hand_data\videos\open_seq31_20251116_203419_477801.avi,89.8294363577175,360,90,HIGH,VIDEO_RECORDING,2025-11-16T20:34:23.543228
2025-11-16 20:34:20.874846,125,2567,HandType.Right,0.6036397814750671,3.3806300163269043,135.56236267089844,-2.081740379333496,-0.2788751721382141,-0.8385170698165894,0.4681001305580139,-0.2373383343219757,-7.864515781402588,4.183905124664307,0.0,0.0,65.85189056396484,0,1,1,1,1,-64.3608169555664,96.81404113769531,10.523077011108398,-54.8476448059082,90.55087280273438,-61.50242614746094,open,31,2025-11-16T20:34:20.874846,my_hand_data\videos\open_seq31_20251116_203419_477801.avi,89.8294363577175,360,90,HIGH,VIDEO_RECORDING,2025-11-16T20:34:23.543228
2025-11-16 20:34:20.895189,126,2567,HandType.Right,0.6054823994636536,3.360961675643921,135.3376007080078,-2.0627360343933105,-0.27952295541763306,-0.8390676975250244,0.46672511100769043,-0.7216942310333252,-9.452900886535645,0.7573460340499878,0.0,0.0,65.93157196044922,0,1,1,1,1,-64.53057861328125,96.8079833984375,10.55560302734375,-54.85457992553711,90.4382095336914,-61.57271194458008,open,31,2025-11-16T20:34:20.895189,my_hand_data\videos\open_seq31_20251116_203419_477801.avi,89.8294363577175,360,90,HIGH,VIDEO_RECORDING,2025-11-16T20:34:23.543228
2025-11-16 20:34:20.895189,127,2567,HandType.Right,0.6065697073936462,3.343837261199951,135.24267578125,-2.0373432636260986,-0.27981099486351013,-0.8392192125320435,0.46627989411354065,-1.593691349029541,-8.834589004516602,2.3632214069366455,0.0,0.0,65.95572662353516,0,1,1,1,1,-64.58573150634766,96.79979705810547,10.58974838256836,-54.859214782714844,90.38789367675781,-61.583683013916016,open,31,2025-11-16T20:34:20.895189,my_hand_data\videos\open_seq31_20251116_203419_477801.avi,89.8294363577175,360,90,HIGH,VIDEO_RECORDING,2025-11-16T20:34:23.543228
2025-11-16 20:34:20.915377,128,2567,HandType.Right,0.6079328656196594,3.3260436058044434,135.14697265625,-1.9845584630966187,-0.2802249491214752,-0.8393492102622986,0.4657970368862152,-1.5894317626953125,-8.548107147216797,4.715039253234863,0.0,0.0,65.98036193847656,0,1,1,1,1,-64.64623260498047,96.78147888183594,10.645160675048828,-54.85002136230469,90.33109283447266,-61.56181716918945,open,31,2025-11-16T20:34:20.915377,my_hand_data\videos\open_seq31_20251116_203419_477801.avi,89.8294363577175,360,90,HIGH,VIDEO_RECORDING,2025-11-16T20:34:23.543228
2025-11-16 20:34:20.915377,129,2567,HandType.Right,0.6079328656196594,3.3260436058044434,135.14697265625,-1.9845584630966187,-0.2802249491214752,-0.8393492102622986,0.4657970368862152,-1.5894317626953125,-8.548107147216797,4.715039253234863,0.0,0.0,65.98036193847656,0,1,1,1,1,-64.64623260498047,96.78147888183594,10.645160675048828,-54.85002136230469,90.33109283447266,-61.56181716918945,open,31,2025-11-16T20:34:20.915377,my_hand_data\videos\open_seq31_20251116_203419_477801.avi,89.8294363577175,360,90,HIGH,VIDEO_RECORDING,2025-11-16T20:34:23.543228
2025-11-16 20:34:20.935716,130,2567,HandType.Right,0.6107828617095947,3.303680896759033,134.91661071777344,-1.8890525102615356,-0.2810533940792084,-0.8397029042243958,0.4646590054035187,-1.1482253074645996,-10.897660255432129,3.6802351474761963,0.0,0.0,66.03201293945312,0,1,1,1,1,-64.77202606201172,96.67969512939453,10.727638244628906,-54.87245559692383,90.28368377685547,-61.617916107177734,open,31,2025-11-16T20:34:20.935716,my_hand_data\videos\open_seq31_20251116_203419_477801.avi,89.8294363577175,360,90,HIGH,VIDEO_RECORDING,2025-11-16T20:34:23.543228
2025-11-16 20:34:20.945827,131,2567,HandType.Right,0.6128232479095459,3.281468152999878,134.80148315429688,-1.8699661493301392,-0.2811811566352844,-0.840069055557251,0.4639192819595337,-1.993245005607605,-10.330387115478516,1.712703824043274,0.0,0.0,66.0720443725586,0,1,1,1,1,-64.81588745117188,96.59917449951172,10.733136177062988,-54.8966178894043,90.25569152832031,-61.730926513671875,open,31,2025-11-16T20:34:20.945827,my_hand_data\videos\open_seq31_20251116_203419_477801.avi,89.8294363577175,360,90,HIGH,VIDEO_RECORDING,2025-11-16T20:34:23.543228
2025-11-16 20:34:20.956062,132,2567,HandType.Right,0.6148787140846252,3.2477035522460938,134.6796417236328,-1.8802520036697388,-0.28131625056266785,-0.840404212474823,0.4632299244403839,-3.014706611633301,-10.878726959228516,-0.9183805584907532,0.0,0.0,66.12287139892578,0,1,1,1,1,-64.84803771972656,96.49881744384766,10.713541030883789,-54.9105110168457,90.2054443359375,-61.87548828125,open,31,2025-11-16T20:34:20.956062,my_hand_data\videos\open_seq31_20251116_203419_477801.avi,89.8294363577175,360,90,HIGH,VIDEO_RECORDING,2025-11-16T20:34:23.543228
2025-11-16 20:34:20.966524,133,2567,HandType.Right,0.6148787140846252,3.2477035522460938,134.6796417236328,-1.8802520036697388,-0.28131625056266785,-0.840404212474823,0.4632299244403839,-3.014706611633301,-10.878726959228516,-0.9183805584907532,0.0,0.0,66.12287139892578,0,1,1,1,1,-64.84803771972656,96.49881744384766,10.713541030883789,-54.9105110168457,90.2054443359375,-61.87548828125,open,31,2025-11-16T20:34:20.966524,my_hand_data\videos\open_seq31_20251116_203419_477801.avi,89.8294363577175,360,90,HIGH,VIDEO_RECORDING,2025-11-16T20:34:23.543228
2025-11-16 20:34:20.976807,134,2567,HandType.Right,0.6220206618309021,3.2127015590667725,134.45872497558594,-1.8393738269805908,-0.2811852991580963,-0.841384768486023,0.4615262746810913,-1.0479331016540527,-9.944818496704102,3.181168556213379,0.0,0.0,66.24436950683594,0,1,1,1,1,-64.85562896728516,96.32488250732422,10.743971824645996,-54.89640808105469,90.13682556152344,-62.141082763671875,open,31,2025-11-16T20:34:20.976807,my_hand_data\videos\open_seq31_20251116_203419_477801.avi,89.8294363577175,360,90,HIGH,VIDEO_RECORDING,2025-11-16T20:34:23.543228
2025-11-16 20:34:20.986945,135,2567,HandType.Right,0.6220206618309021,3.2127015590667725,134.45872497558594,-1.8393738269805908,-0.2811852991580963,-0.841384768486023,0.4615262746810913,-1.0479331016540527,-9.944818496704102,3.181168556213379,0.0,0.0,66.24436950683594,0,1,1,1,1,-64.85562896728516,96.32488250732422,10.743971824645996,-54.89640808105469,90.13682556152344,-62.141082763671875,open,31,2025-11-16T20:34:20.986945,my_hand_data\videos\open_seq31_20251116_203419_477801.avi,89.8294363577175,360,90,HIGH,VIDEO_RECORDING,2025-11-16T20:34:23.543228
2025-11-16 20:34:20.997060,136,2567,HandType.Right,0.6263502836227417,3.212568759918213,134.37374877929688,-1.7694181203842163,-0.28111532330513,-0.8419305086135864,0.46057263016700745,-0.012000851333141327,-7.680381774902344,6.322825908660889,0.0,0.0,66.2772445678711,0,1,1,1,1,-64.86543273925781,96.27206420898438,10.794475555419922,-54.92094039916992,90.15079498291016,-62.21628952026367,open,31,2025-11-16T20:34:20.997060,my_hand_data\videos\open_seq31_20251116_203419_477801.avi,89.8294363577175,360,90,HIGH,VIDEO_RECORDING,2025-11-16T20:34:23.543228
2025-11-16 20:34:21.017307,137,2567,HandType.Right,0.632026195526123,3.235271453857422,134.09730529785156,-1.7538201808929443,-0.2812335193157196,-0.842889130115509,0.45874354243278503,1.284375786781311,-11.774996757507324,1.7728230953216553,0.0,0.0,66.39591217041016,0,1,1,1,1,-64.84529113769531,96.01353454589844,10.843733787536621,-54.928382873535156,90.1219482421875,-62.387935638427734,open,31,2025-11-16T20:34:21.017307,my_hand_data\videos\open_seq31_20251116_203419_477801.avi,89.8294363577175,360,90,HIGH,VIDEO_RECORDING,2025-11-16T20:34:23.543228
2025-11-16 20:34:21.017307,138,2567,HandType.Right,0.6344413757324219,3.232333183288574,133.93724060058594,-1.7462786436080933,-0.28157392144203186,-0.8433573842048645,0.4576728641986847,-0.26461079716682434,-14.414865493774414,0.6791657209396362,0.0,0.0,66.46012878417969,0,1,1,1,1,-64.84774780273438,95.8620834350586,10.86701774597168,-54.96562576293945,90.17138671875,-62.526710510253906,open,31,2025-11-16T20:34:21.017307,my_hand_data\videos\open_seq31_20251116_203419_477801.avi,89.8294363577175,360,90,HIGH,VIDEO_RECORDING,2025-11-16T20:34:23.543228
2025-11-16 20:34:21.037876,139,2567,HandType.Right,0.6373605132102966,3.2205841541290283,133.76438903808594,-1.7429096698760986,-0.2818760573863983,-0.8439182639122009,0.456451416015625,-1.055988073348999,-15.53534984588623,0.3028023838996887,0.0,0.0,66.53569030761719,0,1,1,1,1,-64.8897476196289,95.68975830078125,10.87848949432373,-55.05519485473633,90.28863525390625,-62.74431228637695,open,31,2025-11-16T20:34:21.037876,my_hand_data\videos\open_seq31_20251116_203419_477801.avi,89.8294363577175,360,90,HIGH,VIDEO_RECORDING,2025-11-16T20:34:23.543228
2025-11-16 20:34:21.037876,140,2567,HandType.Right,0.6373605132102966,3.2205841541290283,133.76438903808594,-1.7429096698760986,-0.2818760573863983,-0.8439182639122009,0.456451416015625,-1.055988073348999,-15.53534984588623,0.3028023838996887,0.0,0.0,66.53569030761719,0,1,1,1,1,-64.8897476196289,95.68975830078125,10.87848949432373,-55.05519485473633,90.28863525390625,-62.74431228637695,open,31,2025-11-16T20:34:21.037876,my_hand_data\videos\open_seq31_20251116_203419_477801.avi,89.8294363577175,360,90,HIGH,VIDEO_RECORDING,2025-11-16T20:34:23.543228
2025-11-16 20:34:21.058091,141,2567,HandType.Right,0.6450289487838745,3.158153772354126,133.45494079589844,-1.7196563482284546,-0.2823184132575989,-0.845258891582489,0.4536890685558319,-3.195495843887329,-14.074945449829102,0.9095540642738342,0.0,0.0,66.70802307128906,1,1,1,1,1,-65.0566635131836,95.40281677246094,10.888038635253906,-55.22749710083008,90.43537139892578,-63.143028259277344,open,31,2025-11-16T20:34:21.058091,my_hand_data\videos\open_seq31_20251116_203419_477801.avi,89.8294363577175,360,90,HIGH,VIDEO_RECORDING,2025-11-16T20:34:23.543228
2025-11-16 20:34:21.068264,142,2567,HandType.Right,0.649516224861145,3.1320579051971436,133.2912139892578,-1.6938108205795288,-0.2827288508415222,-0.8457082509994507,0.45259469747543335,-2.3268697261810303,-14.5993013381958,2.304548501968384,0.0,0.0,66.77812194824219,1,1,1,1,1,-65.1417465209961,95.25231170654297,10.908011436462402,-55.301429748535156,90.47770690917969,-63.274383544921875,open,31,2025-11-16T20:34:21.068264,my_hand_data\videos\open_seq31_20251116_203419_477801.avi,89.8294363577175,360,90,HIGH,VIDEO_RECORDING,2025-11-16T20:34:23.543228
2025-11-16 20:34:21.078737,143,2567,HandType.Right,0.653616726398468,3.117325782775879,133.13580322265625,-1.6596866846084595,-0.28263983130455017,-0.8463171124458313,0.45151081681251526,-1.3397846221923828,-14.133452415466309,3.1033196449279785,0.0,0.0,66.83831787109375,1,1,1,1,1,-65.21665954589844,95.09688568115234,10.943558692932129,-55.35926055908203,90.43814086914062,-63.352882385253906,open,31,2025-11-16T20:34:21.078737,my_hand_data\videos\open_seq31_20251116_203419_477801.avi,89.8294363577175,360,90,HIGH,VIDEO_RECORDING,2025-11-16T20:34:23.543228
2025-11-16 20:34:21.088863,144,2567,HandType.Right,0.653616726398468,3.117325782775879,133.13580322265625,-1.6596866846084595,-0.28263983130455017,-0.8463171124458313,0.45151081681251526,-1.3397846221923828,-14.133452415466309,3.1033196449279785,0.0,0.0,66.83831787109375,1,1,1,1,1,-65.21665954589844,95.09688568115234,10.943558692932129,-55.35926055908203,90.43814086914062,-63.352882385253906,open,31,2025-11-16T20:34:21.088863,my_hand_data\videos\open_seq31_20251116_203419_477801.avi,89.8294363577175,360,90,HIGH,VIDEO_RECORDING,2025-11-16T20:34:23.543228
2025-11-16 20:34:21.099079,145,2567,HandType.Right,0.6602938175201416,3.0970094203948975,132.7994384765625,-1.5785664319992065,-0.28249290585517883,-0.8474017381668091,0.4495643377304077,-1.514550805091858,-16.638038635253906,2.7320587635040283,0.0,0.0,66.93273162841797,1,1,1,1,1,-65.30754089355469,94.75013732910156,11.030304908752441,-55.44920349121094,90.30708312988281,-63.421173095703125,open,31,2025-11-16T20:34:21.099079,my_hand_data\videos\open_seq31_20251116_203419_477801.avi,89.8294363577175,360,90,HIGH,VIDEO_RECORDING,2025-11-16T20:34:23.543228
2025-11-16 20:34:21.119358,146,2567,HandType.Right,0.6628201007843018,3.0692968368530273,132.5936279296875,-1.5423861742019653,-0.2828313410282135,-0.8477041125297546,0.4487808048725128,-2.473018169403076,-18.366783142089844,3.2286508083343506,0.0,0.0,66.97147369384766,1,1,1,1,1,-65.34138488769531,94.53887939453125,11.06958293914795,-55.5000114440918,90.2158432006836,-63.46175765991211,open,31,2025-11-16T20:34:21.119358,my_hand_data\videos\open_seq31_20251116_203419_477801.avi,89.8294363577175,360,90,HIGH,VIDEO_RECORDING,2025-11-16T20:34:23.543228
2025-11-16 20:34:21.119358,147,2567,HandType.Right,0.6649132370948792,3.0442376136779785,132.3843994140625,-1.4942635297775269,-0.28309696912765503,-0.8479380011558533,0.44817104935646057,-2.2698445320129395,-18.95138931274414,4.3589301109313965,0.0,0.0,67.00250244140625,1,1,1,1,1,-65.38587188720703,94.33758544921875,11.116411209106445,-55.55260467529297,90.12883758544922,-63.5041389465332,open,31,2025-11-16T20:34:21.119358,my_hand_data\videos\open_seq31_20251116_203419_477801.avi,89.8294363577175,360,90,HIGH,VIDEO_RECORDING,2025-11-16T20:34:23.543228
2025-11-16 20:34:21.139675,148,2567,HandType.Right,0.6666908264160156,3.012133836746216,132.1317901611328,-1.4488458633422852,-0.2832537591457367,-0.8482365608215332,0.44750651717185974,-2.8927509784698486,-22.76111602783203,4.092414855957031,0.0,0.0,67.04373168945312,1,1,1,1,1,-65.44570922851562,94.11695861816406,11.158838272094727,-55.60293960571289,90.03878021240234,-63.591495513916016,open,31,2025-11-16T20:34:21.139675,my_hand_data\videos\open_seq31_20251116_203419_477801.avi,89.8294363577175,360,90,HIGH,VIDEO_RECORDING,2025-11-16T20:34:23.543228
2025-11-16 20:34:21.139675,149,2567,HandType.Right,0.6666908264160156,3.012133836746216,132.1317901611328,-1.4488458633422852,-0.2832537591457367,-0.8482365608215332,0.44750651717185974,-2.8927509784698486,-22.76111602783203,4.092414855957031,0.0,0.0,67.04373168945312,1,1,1,1,1,-65.44570922851562,94.11695861816406,11.158838272094727,-55.60293960571289,90.03878021240234,-63.591495513916016,open,31,2025-11-16T20:34:21.139675,my_hand_data\videos\open_seq31_20251116_203419_477801.avi,89.8294363577175,360,90,HIGH,VIDEO_RECORDING,2025-11-16T20:34:23.543228
2025-11-16 20:34:21.159967,150,2567,HandType.Right,0.6685565710067749,2.9541430473327637,131.67007446289062,-1.3333349227905273,-0.28303298354148865,-0.8492886424064636,0.44564691185951233,-2.4770476818084717,-19.908266067504883,3.978567600250244,0.0,0.0,67.124267578125,1,1,1,1,1,-65.53105926513672,93.7109375,11.247647285461426,-55.73057556152344,89.95018768310547,-63.83135986328125,open,31,2025-11-16T20:34:21.159967,my_hand_data\videos\open_seq31_20251116_203419_477801.avi,89.8294363577175,360,90,HIGH,VIDEO_RECORDING,2025-11-16T20:34:23.543228
2025-11-16 20:34:21.159967,151,2567,HandType.Right,0.6685565710067749,2.9541430473327637,131.67007446289062,-1.3333349227905273,-0.28303298354148865,-0.8492886424064636,0.44564691185951233,-2.4770476818084717,-19.908266067504883,3.978567600250244,0.0,0.0,67.124267578125,1,1,1,1,1,-65.53105926513672,93.7109375,11.247647285461426,-55.73057556152344,89.95018768310547,-63.83135986328125,open,31,2025-11-16T20:34:21.159967,my_hand_data\videos\open_seq31_20251116_203419_477801.avi,89.8294363577175,360,90,HIGH,VIDEO_RECORDING,2025-11-16T20:34:23.543228
2025-11-16 20:34:21.180445,152,2567,HandType.Right,0.6701725721359253,2.9094130992889404,131.29225158691406,-1.2497479915618896,-0.2830856740474701,-0.8503601551055908,0.4435652792453766,-2.309509038925171,-15.9065580368042,3.6533315181732178,0.0,0.0,67.18251037597656,1,1,1,1,1,-65.62342834472656,93.40745544433594,11.284942626953125,-55.92194366455078,90.0207290649414,-64.04943084716797,open,31,2025-11-16T20:34:21.180445,my_hand_data\videos\open_seq31_20251116_203419_477801.avi,89.8294363577175,360,90,HIGH,VIDEO_RECORDING,2025-11-16T20:34:23.543228
2025-11-16 20:34:21.190774,153,2567,HandType.Right,0.6714698672294617,2.8626725673675537,131.1185302734375,-1.2319672107696533,-0.2833573818206787,-0.8509963154792786,0.44216951727867126,-4.176999092102051,-15.525335311889648,1.5889850854873657,0.0,0.0,67.20491790771484,1,1,1,1,1,-65.6929931640625,93.23945617675781,11.27424144744873,-56.08098602294922,90.05950164794922,-64.16395568847656,open,31,2025-11-16T20:34:21.190774,my_hand_data\videos\open_seq31_20251116_203419_477801.avi,89.8294363577175,360,90,HIGH,VIDEO_RECORDING,2025-11-16T20:34:23.543228
2025-11-16 20:34:21.200972,154,2567,HandType.Right,0.6714698672294617,2.8626725673675537,131.1185302734375,-1.2319672107696533,-0.2833573818206787,-0.8509963154792786,0.44216951727867126,-4.176999092102051,-15.525335311889648,1.5889850854873657,0.0,0.0,67.20491790771484,1,1,1,1,1,-65.6929931640625,93.23945617675781,11.27424144744873,-56.08098602294922,90.05950164794922,-64.16395568847656,open,31,2025-11-16T20:34:21.200972,my_hand_data\videos\open_seq31_20251116_203419_477801.avi,89.8294363577175,360,90,HIGH,VIDEO_RECORDING,2025-11-16T20:34:23.543228
2025-11-16 20:34:21.211106,155,2567,HandType.Right,0.675635814666748,2.750960111618042,130.80540466308594,-1.1631336212158203,-0.2837463617324829,-0.8527815937995911,0.43846505880355835,-5.421213626861572,-12.791659355163574,3.507244348526001,0.0,0.0,67.2483139038086,1,1,1,1,1,-65.90473175048828,92.9607162475586,11.268524169921875,-56.47006607055664,90.24308776855469,-64.40901947021484,open,31,2025-11-16T20:34:21.211106,my_hand_data\videos\open_seq31_20251116_203419_477801.avi,89.8294363577175,360,90,HIGH,VIDEO_RECORDING,2025-11-16T20:34:23.543228
2025-11-16 20:34:21.221275,156,2567,HandType.Right,0.675635814666748,2.750960111618042,130.80540466308594,-1.1631336212158203,-0.2837463617324829,-0.8527815937995911,0.43846505880355835,-5.421213626861572,-12.791659355163574,3.507244348526001,0.0,0.0,67.2483139038086,1,1,1,1,1,-65.90473175048828,92.9607162475586,11.268524169921875,-56.47006607055664,90.24308776855469,-64.40901947021484,open,31,2025-11-16T20:34:21.221275,my_hand_data\videos\open_seq31_20251116_203419_477801.avi,89.8294363577175,360,90,HIGH,VIDEO_RECORDING,2025-11-16T20:34:23.543228
2025-11-16 20:34:21.231329,157,2567,HandType.Right,0.6788175702095032,2.670581102371216,130.68601989746094,-1.1102538108825684,-0.2841750383377075,-0.8536513447761536,0.43649041652679443,-7.313178539276123,-10.862200736999512,4.811196327209473,0.0,0.0,67.28791046142578,1,1,1,1,1,-65.99295043945312,92.82457733154297,11.273234367370605,-56.73051071166992,90.45733642578125,-64.59066009521484,open,31,2025-11-16T20:34:21.231329,my_hand_data\videos\open_seq31_20251116_203419_477801.avi,89.8294363577175,360,90,HIGH,VIDEO_RECORDING,2025-11-16T20:34:23.543228
2025-11-16 20:34:21.251582,158,2567,HandType.Right,0.6869911551475525,2.546170949935913,130.54212951660156,-1.0061941146850586,-0.284370481967926,-0.8562796115875244,0.4311828315258026,-5.164449691772461,-5.959752559661865,3.7534797191619873,0.0,0.0,67.40715026855469,1,1,1,1,1,-66.34060668945312,92.6622314453125,11.225208282470703,-57.35609817504883,91.35619354248047,-65.20979309082031,open,31,2025-11-16T20:34:21.251582,my_hand_data\videos\open_seq31_20251116_203419_477801.avi,89.8294363577175,360,90,HIGH,VIDEO_RECORDING,2025-11-16T20:34:23.543228
2025-11-16 20:34:21.251582,159,2567,HandType.Right,0.6918540596961975,2.4675276279449463,130.50669860839844,-0.9745579361915588,-0.2845778167247772,-0.8578141331672668,0.4279840588569641,-7.138358116149902,-3.2159430980682373,2.8715732097625732,0.0,0.0,67.50160217285156,1,1,1,1,1,-66.49285888671875,92.61320495605469,11.177111625671387,-57.64063262939453,91.93093872070312,-65.60091400146484,open,31,2025-11-16T20:34:21.251582,my_hand_data\videos\open_seq31_20251116_203419_477801.avi,89.8294363577175,360,90,HIGH,VIDEO_RECORDING,2025-11-16T20:34:23.543228
2025-11-16 20:34:21.272457,160,2567,HandType.Right,0.6968509554862976,2.372833013534546,130.51052856445312,-0.9727834463119507,-0.28411436080932617,-0.8597707152366638,0.42435047030448914,-8.544139862060547,0.3455224931240082,0.16011057794094086,0.0,0.0,67.6245346069336,1,1,1,1,1,-66.6817626953125,92.60099029541016,11.11786937713623,-58.07689666748047,92.70550537109375,-66.10621643066406,open,31,2025-11-16T20:34:21.272457,my_hand_data\videos\open_seq31_20251116_203419_477801.avi,89.8294363577175,360,90,HIGH,VIDEO_RECORDING,2025-11-16T20:34:23.543228
2025-11-16 20:34:21.272457,161,2567,HandType.Right,0.7030390501022339,2.277299165725708,130.53826904296875,-0.9568454623222351,-0.2839442789554596,-0.8619343042373657,0.4200534224510193,-8.699127197265625,2.52693247795105,1.4512827396392822,0.0,0.0,67.7715072631836,1,1,1,1,1,-66.89098358154297,92.59867858886719,11.065654754638672,-58.498779296875,93.58267211914062,-66.64928436279297,open,31,2025-11-16T20:34:21.272457,my_hand_data\videos\open_seq31_20251116_203419_477801.avi,89.8294363577175,360,90,HIGH,VIDEO_RECORDING,2025-11-16T20:34:23.543228
2025-11-16 20:34:21.292959,162,2567,HandType.Right,0.7099424004554749,2.149648427963257,130.60824584960938,-0.9737513065338135,-0.2829585373401642,-0.8645152449607849,0.4153887927532196,-11.326581954956055,6.207929611206055,-1.5000735521316528,0.0,0.0,67.9516830444336,1,1,1,1,1,-67.225341796875,92.62035369873047,10.995844841003418,-59.03591537475586,94.5390396118164,-67.3022689819336,open,31,2025-11-16T20:34:21.292959,my_hand_data\videos\open_seq31_20251116_203419_477801.avi,89.8294363577175,360,90,HIGH,VIDEO_RECORDING,2025-11-16T20:34:23.543228
2025-11-16 20:34:21.292959,163,2567,HandType.Right,0.7099424004554749,2.149648427963257,130.60824584960938,-0.9737513065338135,-0.2829585373401642,-0.8645152449607849,0.4153887927532196,-11.326581954956055,6.207929611206055,-1.5000735521316528,0.0,0.0,67.9516830444336,1,1,1,1,1,-67.225341796875,92.62035369873047,10.995844841003418,-59.03591537475586,94.5390396118164,-67.3022689819336,open,31,2025-11-16T20:34:21.292959,my_hand_data\videos\open_seq31_20251116_203419_477801.avi,89.8294363577175,360,90,HIGH,VIDEO_RECORDING,2025-11-16T20:34:23.543228
2025-11-16 20:34:21.313680,164,2567,HandType.Right,0.7266668677330017,1.8435940742492676,130.80264282226562,-0.9876248240470886,-0.28138187527656555,-0.8699324727058411,0.40502071380615234,-14.64649486541748,8.893139839172363,-2.4331157207489014,0.0,0.0,68.33245086669922,1,1,1,1,1,-68.0223159790039,92.72533416748047,10.859598159790039,-60.03520584106445,96.37854766845703,-68.45146179199219,open,31,2025-11-16T20:34:21.313680,my_hand_data\videos\open_seq31_20251116_203419_477801.avi,89.8294363577175,360,90,HIGH,VIDEO_RECORDING,2025-11-16T20:34:23.543228
2025-11-16 20:34:21.323838,165,2567,HandType.Right,0.7360654473304749,1.6582530736923218,130.8985137939453,-0.9648699760437012,-0.28008484840393066,-0.8724247813224792,0.4005339741706848,-16.5173282623291,8.544150352478027,2.0278828144073486,0.0,0.0,68.4903564453125,1,1,1,1,1,-68.46196746826172,92.88388061523438,10.810436248779297,-60.550838470458984,97.4366683959961,-69.094970703125,open,31,2025-11-16T20:34:21.323838,my_hand_data\videos\open_seq31_20251116_203419_477801.avi,89.8294363577175,360,90,HIGH,VIDEO_RECORDING,2025-11-16T20:34:23.543228
2025-11-16 20:34:21.333909,166,2567,HandType.Right,0.7454385161399841,1.4916656017303467,130.98509216308594,-0.9176645874977112,-0.2778090536594391,-0.8748152852058411,0.3968883752822876,-14.964741706848145,7.7767767906188965,4.240511894226074,0.0,0.0,68.59165954589844,1,1,1,1,1,-68.95927429199219,93.2441177368164,10.79013729095459,-61.05866241455078,98.45671081542969,-69.6893539428711,open,31,2025-11-16T20:34:21.333909,my_hand_data\videos\open_seq31_20251116_203419_477801.avi,89.8294363577175,360,90,HIGH,VIDEO_RECORDING,2025-11-16T20:34:23.543228
2025-11-16 20:34:21.344103,167,2567,HandType.Right,0.753628134727478,1.3164045810699463,131.02621459960938,-0.8598584532737732,-0.2752302885055542,-0.8770679235458374,0.3937005400657654,-15.820633888244629,3.7127606868743896,5.21810245513916,0.0,0.0,68.65250396728516,1,1,1,1,1,-69.43375396728516,93.7796401977539,10.81464958190918,-61.625186920166016,99.48907470703125,-70.17750549316406,open,31,2025-11-16T20:34:21.344103,my_hand_data\videos\open_seq31_20251116_203419_477801.avi,89.8294363577175,360,90,HIGH,VIDEO_RECORDING,2025-11-16T20:34:23.543228
2025-11-16 20:34:21.354221,168,2567,HandType.Right,0.753628134727478,1.3164045810699463,131.02621459960938,-0.8598584532737732,-0.2752302885055542,-0.8770679235458374,0.3937005400657654,-15.820633888244629,3.7127606868743896,5.21810245513916,0.0,0.0,68.65250396728516,1,1,1,1,1,-69.43375396728516,93.7796401977539,10.81464958190918,-61.625186920166016,99.48907470703125,-70.17750549316406,open,31,2025-11-16T20:34:21.354221,my_hand_data\videos\open_seq31_20251116_203419_477801.avi,89.8294363577175,360,90,HIGH,VIDEO_RECORDING,2025-11-16T20:34:23.543228
2025-11-16 20:34:21.364418,169,2567,HandType.Right,0.7626600861549377,1.1121183633804321,130.97593688964844,-0.8007521033287048,-0.2722712755203247,-0.8789564967155457,0.3915403485298157,-18.4423828125,-4.5393853187561035,5.335951328277588,0.0,0.0,68.67630767822266,1,1,1,1,1,-69.94075775146484,94.4281234741211,10.87817096710205,-62.18976974487305,100.52469635009766,-70.6290054321289,open,31,2025-11-16T20:34:21.364418,my_hand_data\videos\open_seq31_20251116_203419_477801.avi,89.8294363577175,360,90,HIGH,VIDEO_RECORDING,2025-11-16T20:34:23.543228
2025-11-16 20:34:21.374698,170,2567,HandType.Right,0.769731879234314,0.9212108850479126,130.94485473632812,-0.7241110801696777,-0.26869192719459534,-0.8809547424316406,0.3895168602466583,-17.04226303100586,-2.7749195098876953,6.841724872589111,0.0,0.0,68.66029357910156,1,1,1,1,1,-70.5540771484375,95.30472564697266,10.977779388427734,-62.76508331298828,101.40975952148438,-70.92961120605469,open,31,2025-11-16T20:34:21.374698,my_hand_data\videos\open_seq31_20251116_203419_477801.avi,89.8294363577175,360,90,HIGH,VIDEO_RECORDING,2025-11-16T20:34:23.543228
2025-11-16 20:34:21.395083,171,2567,HandType.Right,0.7793083786964417,0.6310850381851196,130.70228576660156,-0.32201048731803894,-0.26088517904281616,-0.8847085237503052,0.3863027095794678,-12.6181640625,-11.133649826049805,21.71859359741211,0.0,0.0,68.49700927734375,1,1,1,1,1,-71.71961212158203,97.59207916259766,11.301334381103516,-63.5804328918457,102.95695495605469,-71.5276870727539,open,31,2025-11-16T20:34:21.395083,my_hand_data\videos\open_seq31_20251116_203419_477801.avi,89.8294363577175,360,90,HIGH,VIDEO_RECORDING,2025-11-16T20:34:23.543228
2025-11-16 20:34:21.395083,172,2567,HandType.Right,0.7821590304374695,0.498425155878067,130.56777954101562,-0.027844402939081192,-0.25679248571395874,-0.8865835666656494,0.3847430944442749,-12.033732414245605,-12.201472282409668,26.68415069580078,0.0,0.0,68.35855865478516,1,1,1,1,1,-72.18709564208984,98.75283813476562,11.360410690307617,-63.88522720336914,103.82505798339844,-71.8589859008789,open,31,2025-11-16T20:34:21.395083,my_hand_data\videos\open_seq31_20251116_203419_477801.avi,89.8294363577175,360,90,HIGH,VIDEO_RECORDING,2025-11-16T20:34:23.543228
2025-11-16 20:34:21.415352,173,2567,HandType.Right,0.7845363616943359,0.41014498472213745,130.4746551513672,0.22058521211147308,-0.2528468072414398,-0.888583242893219,0.3827379643917084,-7.941007137298584,-8.376923561096191,22.34682273864746,0.0,0.0,68.2458724975586,1,1,1,1,1,-72.57157135009766,99.93917083740234,11.373502731323242,-64.11222839355469,104.62207794189453,-72.2532958984375,open,31,2025-11-16T20:34:21.415352,my_hand_data\videos\open_seq31_20251116_203419_477801.avi,89.8294363577175,360,90,HIGH,VIDEO_RECORDING,2025-11-16T20:34:23.543228
2025-11-16 20:34:21.415352,174,2567,HandType.Right,0.7845363616943359,0.41014498472213745,130.4746551513672,0.22058521211147308,-0.2528468072414398,-0.888583242893219,0.3827379643917084,-7.941007137298584,-8.376923561096191,22.34682273864746,0.0,0.0,68.2458724975586,1,1,1,1,1,-72.57157135009766,99.93917083740234,11.373502731323242,-64.11222839355469,104.62207794189453,-72.2532958984375,open,31,2025-11-16T20:34:21.415352,my_hand_data\videos\open_seq31_20251116_203419_477801.avi,89.8294363577175,360,90,HIGH,VIDEO_RECORDING,2025-11-16T20:34:23.543228
2025-11-16 20:34:21.435657,175,2567,HandType.Right,0.7888100743293762,0.25658196210861206,130.2553253173828,0.51776123046875,-0.24464181065559387,-0.8930301070213318,0.3776872158050537,-7.199304580688477,-9.539100646972656,13.030489921569824,0.0,0.0,67.90042877197266,1,1,1,1,1,-73.40253448486328,101.79425811767578,10.99397087097168,-64.60537719726562,106.04581451416016,-72.81224060058594,open,31,2025-11-16T20:34:21.435657,my_hand_data\videos\open_seq31_20251116_203419_477801.avi,89.8294363577175,360,90,HIGH,VIDEO_RECORDING,2025-11-16T20:34:23.543228
2025-11-16 20:34:21.445760,176,2567,HandType.Right,0.7888100743293762,0.25658196210861206,130.2553253173828,0.51776123046875,-0.24464181065559387,-0.8930301070213318,0.3776872158050537,-7.199304580688477,-9.539100646972656,13.030489921569824,0.0,0.0,67.90042877197266,1,1,1,1,1,-73.40253448486328,101.79425811767578,10.99397087097168,-64.60537719726562,106.04581451416016,-72.81224060058594,open,31,2025-11-16T20:34:21.445760,my_hand_data\videos\open_seq31_20251116_203419_477801.avi,89.8294363577175,360,90,HIGH,VIDEO_RECORDING,2025-11-16T20:34:23.543228
2025-11-16 20:34:21.455883,177,2567,HandType.Right,0.7922123670578003,0.07795627415180206,129.9629669189453,0.5973082780838013,-0.23875316977500916,-0.8962499499320984,0.37380877137184143,-9.760932922363281,-14.768839836120605,2.382842540740967,0.0,0.0,67.75121307373047,1,1,1,1,1,-74.04464721679688,103.28565216064453,10.707100868225098,-65.13162231445312,107.50153350830078,-73.34849548339844,open,31,2025-11-16T20:34:21.455883,my_hand_data\videos\open_seq31_20251116_203419_477801.avi,89.8294363577175,360,90,HIGH,VIDEO_RECORDING,2025-11-16T20:34:23.543228
2025-11-16 20:34:21.466038,178,2567,HandType.Right,0.7922123670578003,0.07795627415180206,129.9629669189453,0.5973082780838013,-0.23875316977500916,-0.8962499499320984,0.37380877137184143,-9.760932922363281,-14.768839836120605,2.382842540740967,0.0,0.0,67.75121307373047,1,1,1,1,1,-74.04464721679688,103.28565216064453,10.707100868225098,-65.13162231445312,107.50153350830078,-73.34849548339844,open,31,2025-11-16T20:34:21.466038,my_hand_data\videos\open_seq31_20251116_203419_477801.avi,89.8294363577175,360,90,HIGH,VIDEO_RECORDING,2025-11-16T20:34:23.543228
2025-11-16 20:34:21.476400,179,2567,HandType.Right,0.7938442230224609,-0.077402763068676,129.8172607421875,0.6325268149375916,-0.23696064949035645,-0.8974756598472595,0.3720041513442993,-14.169922828674316,-13.289297103881836,3.21220064163208,0.0,0.0,67.72064208984375,1,1,1,1,1,-74.22209930419922,103.97313690185547,10.707314491271973,-65.4284439086914,108.18592834472656,-73.6051254272461,open,31,2025-11-16T20:34:21.476400,my_hand_data\videos\open_seq31_20251116_203419_477801.avi,89.8294363577175,360,90,HIGH,VIDEO_RECORDING,2025-11-16T20:34:23.543228
2025-11-16 20:34:21.486457,180,2567,HandType.Right,0.7957761287689209,-0.26449987292289734,129.6951141357422,0.6218189597129822,-0.23624886572360992,-0.8984833359718323,0.3700191378593445,-16.604286193847656,-10.839717864990234,-0.9502883553504944,0.0,0.0,67.69196319580078,1,1,1,1,1,-74.412353515625,104.80021667480469,10.694050788879395,-65.74373626708984,108.90735626220703,-73.90141296386719,open,31,2025-11-16T20:34:21.486457,my_hand_data\videos\open_seq31_20251116_203419_477801.avi,89.8294363577175,360,90,HIGH,VIDEO_RECORDING,2025-11-16T20:34:23.543228
2025-11-16 20:34:21.507113,181,2567,HandType.Right,0.8013197183609009,-0.5949856042861938,129.50039672851562,0.6924439072608948,-0.2376960813999176,-0.8999788761138916,0.3654292821884155,-13.061673164367676,-6.349244594573975,4.701030254364014,0.0,0.0,67.57129669189453,1,1,1,1,1,-74.67362213134766,106.2275161743164,10.582202911376953,-66.34679412841797,110.2475357055664,-74.24259948730469,open,31,2025-11-16T20:34:21.507113,my_hand_data\videos\open_seq31_20251116_203419_477801.avi,89.8294363577175,360,90,HIGH,VIDEO_RECORDING,2025-11-16T20:34:23.543228
2025-11-16 20:34:21.507113,182,2567,HandType.Right,0.8039043545722961,-0.7258881330490112,129.40283203125,0.724388599395752,-0.23856203258037567,-0.9006946682929993,0.3630940616130829,-11.886180877685547,-8.859210968017578,2.900635004043579,0.0,0.0,67.48985290527344,1,1,1,1,1,-74.7454605102539,106.84056854248047,10.48979377746582,-66.59789276123047,110.79470825195312,-74.36266326904297,open,31,2025-11-16T20:34:21.507113,my_hand_data\videos\open_seq31_20251116_203419_477801.avi,89.8294363577175,360,90,HIGH,VIDEO_RECORDING,2025-11-16T20:34:23.543228
2025-11-16 20:34:21.527464,183,2567,HandType.Right,0.8055158257484436,-0.8384878039360046,129.3559112548828,0.7549595832824707,-0.23938722908496857,-0.9015374183654785,0.36044982075691223,-10.061628341674805,-4.192213535308838,2.7317447662353516,0.0,0.0,67.40617370605469,1,1,1,1,1,-74.7515640258789,107.42035675048828,10.38667106628418,-66.81494903564453,111.2734603881836,-74.44636535644531,open,31,2025-11-16T20:34:21.527464,my_hand_data\videos\open_seq31_20251116_203419_477801.avi,89.8294363577175,360,90,HIGH,VIDEO_RECORDING,2025-11-16T20:34:23.543228
2025-11-16 20:34:21.527464,184,2567,HandType.Right,0.8055158257484436,-0.8384878039360046,129.3559112548828,0.7549595832824707,-0.23938722908496857,-0.9015374183654785,0.36044982075691223,-10.061628341674805,-4.192213535308838,2.7317447662353516,0.0,0.0,67.40617370605469,1,1,1,1,1,-74.7515640258789,107.42035675048828,10.38667106628418,-66.81494903564453,111.2734603881836,-74.44636535644531,open,31,2025-11-16T20:34:21.527464,my_hand_data\videos\open_seq31_20251116_203419_477801.avi,89.8294363577175,360,90,HIGH,VIDEO_RECORDING,2025-11-16T20:34:23.543228
2025-11-16 20:34:21.547743,185,2567,HandType.Right,0.8082264065742493,-1.1242622137069702,129.24664306640625,0.7095023989677429,-0.23997566103935242,-0.9042158126831055,0.3532782196998596,-12.392212867736816,-4.223151683807373,-2.3185176849365234,0.0,0.0,67.31803131103516,1,1,1,1,1,-75.02183532714844,108.410400390625,10.149393081665039,-67.19950103759766,112.0673828125,-74.6982421875,open,31,2025-11-16T20:34:21.547743,my_hand_data\videos\open_seq31_20251116_203419_477801.avi,89.8294363577175,360,90,HIGH,VIDEO_RECORDING,2025-11-16T20:34:23.543228
2025-11-16 20:34:21.557952,186,2567,HandType.Right,0.8088078498840332,-1.2728289365768433,129.17198181152344,0.6900468468666077,-0.24029219150543213,-0.9054573178291321,0.349866658449173,-13.424298286437988,-6.74597692489624,-1.7579795122146606,0.0,0.0,67.2851791381836,1,1,1,1,1,-75.14086151123047,108.93621826171875,10.069141387939453,-67.3862533569336,112.3770980834961,-74.81083679199219,open,31,2025-11-16T20:34:21.557952,my_hand_data\videos\open_seq31_20251116_203419_477801.avi,89.8294363577175,360,90,HIGH,VIDEO_RECORDING,2025-11-16T20:34:23.543228
2025-11-16 20:34:21.568094,187,2567,HandType.Right,0.8099687695503235,-1.394967794418335,129.07188415527344,0.7004693150520325,-0.24033129215240479,-0.9066751599311829,0.3466714024543762,-10.780129432678223,-8.83464527130127,0.919901967048645,0.0,0.0,67.24034881591797,1,1,1,1,1,-75.24835205078125,109.53952026367188,10.017973899841309,-67.53593444824219,112.69989013671875,-74.90647888183594,open,31,2025-11-16T20:34:21.568094,my_hand_data\videos\open_seq31_20251116_203419_477801.avi,89.8294363577175,360,90,HIGH,VIDEO_RECORDING,2025-11-16T20:34:23.543228
2025-11-16 20:34:21.578521,188,2567,HandType.Right,0.8112393021583557,-1.5209318399429321,128.97109985351562,0.7244760394096375,-0.23982836306095123,-0.9078766703605652,0.34386372566223145,-11.48468017578125,-9.189192771911621,2.1887993812561035,0.0,0.0,67.20033264160156,1,1,1,1,1,-75.351318359375,110.04119873046875,9.986555099487305,-67.7173843383789,112.99176788330078,-74.98954772949219,open,31,2025-11-16T20:34:21.578521,my_hand_data\videos\open_seq31_20251116_203419_477801.avi,89.8294363577175,360,90,HIGH,VIDEO_RECORDING,2025-11-16T20:34:23.543228
2025-11-16 20:34:21.588715,189,2567,HandType.Right,0.8126272559165955,-1.6348707675933838,128.887451171875,0.7622928023338318,-0.23976145684719086,-0.9088383316993713,0.34136107563972473,-10.409183502197266,-7.642402648925781,3.4548473358154297,0.0,0.0,67.1689682006836,1,1,1,1,1,-75.38278198242188,110.45836639404297,9.990038871765137,-67.9115982055664,113.2199935913086,-75.0626220703125,open,31,2025-11-16T20:34:21.588715,my_hand_data\videos\open_seq31_20251116_203419_477801.avi,89.8294363577175,360,90,HIGH,VIDEO_RECORDING,2025-11-16T20:34:23.543228
2025-11-16 20:34:21.598986,190,2567,HandType.Right,0.8126272559165955,-1.6348707675933838,128.887451171875,0.7622928023338318,-0.23976145684719086,-0.9088383316993713,0.34136107563972473,-10.409183502197266,-7.642402648925781,3.4548473358154297,0.0,0.0,67.1689682006836,1,1,1,1,1,-75.38278198242188,110.45836639404297,9.990038871765137,-67.9115982055664,113.2199935913086,-75.0626220703125,open,31,2025-11-16T20:34:21.598986,my_hand_data\videos\open_seq31_20251116_203419_477801.avi,89.8294363577175,360,90,HIGH,VIDEO_RECORDING,2025-11-16T20:34:23.543228
2025-11-16 20:34:21.609154,191,2567,HandType.Right,0.8135939836502075,-1.7786833047866821,128.82481384277344,0.7956588864326477,-0.24017047882080078,-0.909602165222168,0.33903107047080994,-13.012354850769043,-5.6677961349487305,3.0190064907073975,0.0,0.0,67.14937591552734,1,1,1,1,1,-75.44783782958984,110.81584167480469,10.007467269897461,-68.10066986083984,113.33403778076172,-75.0809555053711,open,31,2025-11-16T20:34:21.609154,my_hand_data\videos\open_seq31_20251116_203419_477801.avi,89.8294363577175,360,90,HIGH,VIDEO_RECORDING,2025-11-16T20:34:23.543228
2025-11-16 20:34:21.619309,192,2567,HandType.Right,0.8144949674606323,-1.9292582273483276,128.733642578125,0.8446153402328491,-0.23985536396503448,-0.9106524586677551,0.3364245593547821,-13.488748550415039,-8.16729736328125,4.385603427886963,0.0,0.0,67.13163757324219,1,1,1,1,1,-75.51448059082031,111.08718872070312,10.055822372436523,-68.31755828857422,113.42127990722656,-75.0833969116211,open,31,2025-11-16T20:34:21.619309,my_hand_data\videos\open_seq31_20251116_203419_477801.avi,89.8294363577175,360,90,HIGH,VIDEO_RECORDING,2025-11-16T20:34:23.543228
2025-11-16 20:34:21.639642,193,2567,HandType.Right,0.8162410259246826,-2.3204329013824463,128.4589080810547,0.92311030626297,-0.23995211720466614,-0.9122729897499084,0.33193525671958923,-18.243656158447266,-14.463164329528809,4.147822380065918,0.0,0.0,67.1180419921875,1,1,1,1,1,-75.7410659790039,111.46279907226562,10.157342910766602,-68.77478790283203,113.42373657226562,-75.05903625488281,open,31,2025-11-16T20:34:21.639642,my_hand_data\videos\open_seq31_20251116_203419_477801.avi,89.8294363577175,360,90,HIGH,VIDEO_RECORDING,2025-11-16T20:34:23.543228
2025-11-16 20:34:21.639642,194,2567,HandType.Right,0.8167280554771423,-2.516660213470459,128.2650909423828,0.9639680981636047,-0.23939821124076843,-0.913053572177887,0.3301842212677002,-17.869718551635742,-17.650100708007812,3.7207717895507812,0.0,0.0,67.13652038574219,1,1,1,1,1,-75.88985443115234,111.59126281738281,10.225661277770996,-69.01535034179688,113.35282897949219,-75.04816436767578,open,31,2025-11-16T20:34:21.639642,my_hand_data\videos\open_seq31_20251116_203419_477801.avi,89.8294363577175,360,90,HIGH,VIDEO_RECORDING,2025-11-16T20:34:23.543228
2025-11-16 20:34:21.659796,195,2567,HandType.Right,0.817175567150116,-2.7052505016326904,128.05133056640625,1.0291508436203003,-0.2386665791273117,-0.9139527082443237,0.3282204866409302,-16.8806095123291,-19.133438110351562,5.834473609924316,0.0,0.0,67.14682006835938,1,1,1,1,1,-76.03402709960938,111.66758728027344,10.3203706741333,-69.24681091308594,113.2440414428711,-75.00234985351562,open,31,2025-11-16T20:34:21.659796,my_hand_data\videos\open_seq31_20251116_203419_477801.avi,89.8294363577175,360,90,HIGH,VIDEO_RECORDING,2025-11-16T20:34:23.543228
2025-11-16 20:34:21.660808,196,2567,HandType.Right,0.817175567150116,-2.7052505016326904,128.05133056640625,1.0291508436203003,-0.2386665791273117,-0.9139527082443237,0.3282204866409302,-16.8806095123291,-19.133438110351562,5.834473609924316,0.0,0.0,67.14682006835938,1,1,1,1,1,-76.03402709960938,111.66758728027344,10.3203706741333,-69.24681091308594,113.2440414428711,-75.00234985351562,open,31,2025-11-16T20:34:21.660808,my_hand_data\videos\open_seq31_20251116_203419_477801.avi,89.8294363577175,360,90,HIGH,VIDEO_RECORDING,2025-11-16T20:34:23.543228
2025-11-16 20:34:21.680333,197,2567,HandType.Right,0.8173636794090271,-3.0615592002868652,127.63904571533203,1.1821609735488892,-0.23680676519870758,-0.915561318397522,0.3250693082809448,-16.01454734802246,-19.8042049407959,7.934647083282471,0.0,0.0,67.08587646484375,1,1,1,1,1,-76.32776641845703,112.26810455322266,10.498250007629395,-69.6326675415039,112.94290161132812,-74.90394592285156,open,31,2025-11-16T20:34:21.680333,my_hand_data\videos\open_seq31_20251116_203419_477801.avi,89.8294363577175,360,90,HIGH,VIDEO_RECORDING,2025-11-16T20:34:23.543228
2025-11-16 20:34:21.690368,198,2567,HandType.Right,0.817633330821991,-3.2449026107788086,127.39869689941406,1.2547553777694702,-0.23561331629753113,-0.9164515137672424,0.3234238028526306,-16.42568016052246,-21.532794952392578,6.5037102699279785,0.0,0.0,67.0489273071289,1,1,1,1,1,-76.51109313964844,112.69149017333984,10.545381546020508,-69.826904296875,112.78852844238281,-74.87740325927734,open,31,2025-11-16T20:34:21.690368,my_hand_data\videos\open_seq31_20251116_203419_477801.avi,89.8294363577175,360,90,HIGH,VIDEO_RECORDING,2025-11-16T20:34:23.543228
2025-11-16 20:34:21.700806,199,2567,HandType.Right,0.8179706335067749,-3.4314420223236084,127.14794158935547,1.3630162477493286,-0.23464535176753998,-0.9172065854072571,0.3219839036464691,-16.267498016357422,-21.867788314819336,9.441081047058105,0.0,0.0,66.98860168457031,1,1,1,1,1,-76.69506072998047,113.02720642089844,10.566410064697266,-70.02177429199219,112.64237976074219,-74.80183410644531,open,31,2025-11-16T20:34:21.700806,my_hand_data\videos\open_seq31_20251116_203419_477801.avi,89.8294363577175,360,90,HIGH,VIDEO_RECORDING,2025-11-16T20:34:23.543228
2025-11-16 20:34:21.711142,200,2567,HandType.Right,0.8179706335067749,-3.4314420223236084,127.14794158935547,1.3630162477493286,-0.23464535176753998,-0.9172065854072571,0.3219839036464691,-16.267498016357422,-21.867788314819336,9.441081047058105,0.0,0.0,66.98860168457031,1,1,1,1,1,-76.69506072998047,113.02720642089844,10.566410064697266,-70.02177429199219,112.64237976074219,-74.80183410644531,open,31,2025-11-16T20:34:21.711142,my_hand_data\videos\open_seq31_20251116_203419_477801.avi,89.8294363577175,360,90,HIGH,VIDEO_RECORDING,2025-11-16T20:34:23.543228
2025-11-16 20:34:21.721285,201,2567,HandType.Right,0.8185302019119263,-3.8172855377197266,126.73788452148438,1.5897431373596191,-0.23289327323436737,-0.9186956882476807,0.3189968764781952,-18.14290428161621,-16.113300323486328,9.834821701049805,0.0,0.0,66.83197021484375,1,1,1,1,1,-77.05014038085938,113.44058227539062,10.553312301635742,-70.4311752319336,112.55351257324219,-74.6600112915039,open,31,2025-11-16T20:34:21.721285,my_hand_data\videos\open_seq31_20251116_203419_477801.avi,89.8294363577175,360,90,HIGH,VIDEO_RECORDING,2025-11-16T20:34:23.543228
2025-11-16 20:34:21.731436,202,2567,HandType.Right,0.8185302019119263,-3.8172855377197266,126.73788452148438,1.5897431373596191,-0.23289327323436737,-0.9186956882476807,0.3189968764781952,-18.14290428161621,-16.113300323486328,9.834821701049805,0.0,0.0,66.83197021484375,1,1,1,1,1,-77.05014038085938,113.44058227539062,10.553312301635742,-70.4311752319336,112.55351257324219,-74.6600112915039,open,31,2025-11-16T20:34:21.731436,my_hand_data\videos\open_seq31_20251116_203419_477801.avi,89.8294363577175,360,90,HIGH,VIDEO_RECORDING,2025-11-16T20:34:23.543228
2025-11-16 20:34:21.751943,203,2567,HandType.Right,0.8197450041770935,-4.251399517059326,126.42982482910156,1.749841332435608,-0.23208288848400116,-0.9199339747428894,0.31600484251976013,-20.424467086791992,-13.415846824645996,7.644779682159424,0.0,0.0,66.73358917236328,1,1,1,1,1,-77.41403198242188,113.58348846435547,10.573678016662598,-70.88443756103516,112.47893524169922,-74.57160949707031,open,31,2025-11-16T20:34:21.751943,my_hand_data\videos\open_seq31_20251116_203419_477801.avi,89.8294363577175,360,90,HIGH,VIDEO_RECORDING,2025-11-16T20:34:23.543228
2025-11-16 20:34:21.751943,204,2567,HandType.Right,0.8202078938484192,-4.496163368225098,126.25834655761719,1.8299616575241089,-0.23177994787693024,-0.920364260673523,0.31497251987457275,-22.013124465942383,-15.422080993652344,7.205708026885986,0.0,0.0,66.72213745117188,1,1,1,1,1,-77.64724731445312,113.56227111816406,10.645845413208008,-71.14118194580078,112.45991516113281,-74.5163345336914,open,31,2025-11-16T20:34:21.751943,my_hand_data\videos\open_seq31_20251116_203419_477801.avi,89.8294363577175,360,90,HIGH,VIDEO_RECORDING,2025-11-16T20:34:23.543228
2025-11-16 20:34:21.772470,205,2567,HandType.Right,0.8202745914459229,-4.7515106201171875,126.09520721435547,1.9213731288909912,-0.23150698840618134,-0.9207183718681335,0.31413713097572327,-22.489620208740234,-14.368309020996094,8.051037788391113,0.0,0.0,66.70880889892578,1,1,1,1,1,-77.87167358398438,113.46369171142578,10.732078552246094,-71.43365478515625,112.4494857788086,-74.45508575439453,open,31,2025-11-16T20:34:21.772470,my_hand_data\videos\open_seq31_20251116_203419_477801.avi,89.8294363577175,360,90,HIGH,VIDEO_RECORDING,2025-11-16T20:34:23.543228
2025-11-16 20:34:21.772470,206,2567,HandType.Right,0.8204314708709717,-5.015474319458008,125.95499420166016,2.030402421951294,-0.23121824860572815,-0.9210545420646667,0.3133634328842163,-24.319482803344727,-12.917769432067871,10.045085906982422,0.0,0.0,66.70027923583984,1,1,1,1,1,-78.10411834716797,113.34925842285156,10.853666305541992,-71.74353790283203,112.454833984375,-74.35958099365234,open,31,2025-11-16T20:34:21.772470,my_hand_data\videos\open_seq31_20251116_203419_477801.avi,89.8294363577175,360,90,HIGH,VIDEO_RECORDING,2025-11-16T20:34:23.543228
2025-11-16 20:34:21.792903,207,2567,HandType.Right,0.8208759427070618,-5.278470039367676,125.82716369628906,2.156654119491577,-0.2309628129005432,-0.9213993549346924,0.3125370144844055,-22.963022232055664,-11.16183090209961,11.023452758789062,0.0,0.0,66.68048095703125,1,1,1,1,1,-78.31954193115234,113.21719360351562,10.99541187286377,-72.02709197998047,112.40753936767578,-74.22256469726562,open,31,2025-11-16T20:34:21.792903,my_hand_data\videos\open_seq31_20251116_203419_477801.avi,89.8294363577175,360,90,HIGH,VIDEO_RECORDING,2025-11-16T20:34:23.543228
2025-11-16 20:34:21.792903,208,2567,HandType.Right,0.8208759427070618,-5.278470039367676,125.82716369628906,2.156654119491577,-0.2309628129005432,-0.9213993549346924,0.3125370144844055,-22.963022232055664,-11.16183090209961,11.023452758789062,0.0,0.0,66.68048095703125,1,1,1,1,1,-78.31954193115234,113.21719360351562,10.99541187286377,-72.02709197998047,112.40753936767578,-74.22256469726562,open,31,2025-11-16T20:34:21.792903,my_hand_data\videos\open_seq31_20251116_203419_477801.avi,89.8294363577175,360,90,HIGH,VIDEO_RECORDING,2025-11-16T20:34:23.543228
2025-11-16 20:34:21.813399,209,2567,HandType.Right,0.8220915198326111,-5.8489603996276855,125.60289001464844,2.3885927200317383,-0.23065471649169922,-0.9219627976417542,0.31109973788261414,-26.409019470214844,-8.797518730163574,11.608003616333008,0.0,0.0,66.62409973144531,1,1,1,1,1,-78.6407241821289,112.92831420898438,11.283000946044922,-72.59002685546875,112.27265167236328,-73.88581848144531,open,31,2025-11-16T20:34:21.813399,my_hand_data\videos\open_seq31_20251116_203419_477801.avi,89.8294363577175,360,90,HIGH,VIDEO_RECORDING,2025-11-16T20:34:23.543228
2025-11-16 20:34:21.823618,210,2567,HandType.Right,0.8223907947540283,-6.144579887390137,125.53837585449219,2.5685863494873047,-0.23056241869926453,-0.9221875667572021,0.31050121784210205,-26.508182525634766,-5.785356044769287,16.140033721923828,0.0,0.0,66.55361938476562,1,1,1,1,1,-78.75147247314453,112.85992431640625,11.482616424560547,-72.83419799804688,112.27750396728516,-73.58521270751953,open,31,2025-11-16T20:34:21.823618,my_hand_data\videos\open_seq31_20251116_203419_477801.avi,89.8294363577175,360,90,HIGH,VIDEO_RECORDING,2025-11-16T20:34:23.543228
2025-11-16 20:34:21.833765,211,2567,HandType.Right,0.8223907947540283,-6.144579887390137,125.53837585449219,2.5685863494873047,-0.23056241869926453,-0.9221875667572021,0.31050121784210205,-26.508182525634766,-5.785356044769287,16.140033721923828,0.0,0.0,66.55361938476562,1,1,1,1,1,-78.75147247314453,112.85992431640625,11.482616424560547,-72.83419799804688,112.27750396728516,-73.58521270751953,open,31,2025-11-16T20:34:21.833765,my_hand_data\videos\open_seq31_20251116_203419_477801.avi,89.8294363577175,360,90,HIGH,VIDEO_RECORDING,2025-11-16T20:34:23.543228
2025-11-16 20:34:21.843903,212,2567,HandType.Right,0.8232671022415161,-6.475553035736084,125.4170150756836,2.711876630783081,-0.23015400767326355,-0.9225659966468811,0.3096790611743927,-29.469608306884766,-10.805655479431152,12.75844669342041,0.0,0.0,66.4571762084961,1,1,1,1,1,-78.86587524414062,112.79508972167969,11.651952743530273,-73.09691619873047,112.34571075439453,-73.30915832519531,open,31,2025-11-16T20:34:21.843903,my_hand_data\videos\open_seq31_20251116_203419_477801.avi,89.8294363577175,360,90,HIGH,VIDEO_RECORDING,2025-11-16T20:34:23.543228
2025-11-16 20:34:21.854054,213,2567,HandType.Right,0.8238171339035034,-6.812455177307129,125.35235595703125,2.8835649490356445,-0.2300855815410614,-0.922958254814148,0.3085591197013855,-28.58251190185547,-5.485760688781738,14.56592082977295,0.0,0.0,66.34370422363281,1,1,1,1,1,-79.00608825683594,112.81277465820312,11.843206405639648,-73.33495330810547,112.40132141113281,-72.95214080810547,open,31,2025-11-16T20:34:21.854054,my_hand_data\videos\open_seq31_20251116_203419_477801.avi,89.8294363577175,360,90,HIGH,VIDEO_RECORDING,2025-11-16T20:34:23.543228
2025-11-16 20:34:21.864165,214,2567,HandType.Right,0.82408207654953,-7.1578216552734375,125.3973617553711,3.0625386238098145,-0.2301906794309616,-0.923448920249939,0.30700865387916565,-33.362335205078125,4.347415924072266,17.288787841796875,0.0,0.0,66.23907470703125,1,1,1,1,1,-79.23310089111328,112.93197631835938,12.041934967041016,-73.58944702148438,112.5395278930664,-72.61447143554688,open,31,2025-11-16T20:34:21.864165,my_hand_data\videos\open_seq31_20251116_203419_477801.avi,89.8294363577175,360,90,HIGH,VIDEO_RECORDING,2025-11-16T20:34:23.543228
2025-11-16 20:34:21.884572,215,2567,HandType.Right,0.8245405554771423,-7.751038074493408,125.46906280517578,3.334157705307007,-0.22968505322933197,-0.9249260425567627,0.3029135465621948,-25.894176483154297,4.845480442047119,13.660087585449219,0.0,0.0,66.12323760986328,1,1,1,1,1,-79.64181518554688,113.03541564941406,12.358366966247559,-74.1010513305664,112.8765640258789,-72.13861083984375,open,31,2025-11-16T20:34:21.884572,my_hand_data\videos\open_seq31_20251116_203419_477801.avi,89.8294363577175,360,90,HIGH,VIDEO_RECORDING,2025-11-16T20:34:23.543228
2025-11-16 20:34:21.884572,216,2567,HandType.Right,0.8250080347061157,-8.015142440795898,125.51473236083984,3.5195565223693848,-0.22879621386528015,-0.925792932510376,0.3009314239025116,-24.040103912353516,4.156774997711182,16.87590980529785,0.0,0.0,66.07893371582031,1,1,1,1,1,-79.79173278808594,113.07697296142578,12.565698623657227,-74.33871459960938,113.02316284179688,-71.8843002319336,open,31,2025-11-16T20:34:21.884572,my_hand_data\videos\open_seq31_20251116_203419_477801.avi,89.8294363577175,360,90,HIGH,VIDEO_RECORDING,2025-11-16T20:34:23.543228
2025-11-16 20:34:21.904754,217,2567,HandType.Right,0.8259326219558716,-8.249139785766602,125.56660461425781,3.733227491378784,-0.2275741547346115,-0.9266802668571472,0.299121618270874,-20.70400047302246,4.5898637771606445,18.905593872070312,0.0,0.0,66.02094268798828,1,1,1,1,1,-79.90736389160156,113.12487030029297,12.785516738891602,-74.52603912353516,113.16966247558594,-71.61595153808594,open,31,2025-11-16T20:34:21.904754,my_hand_data\videos\open_seq31_20251116_203419_477801.avi,89.8294363577175,360,90,HIGH,VIDEO_RECORDING,2025-11-16T20:34:23.543228
2025-11-16 20:34:21.904754,218,2567,HandType.Right,0.8259326219558716,-8.249139785766602,125.56660461425781,3.733227491378784,-0.2275741547346115,-0.9266802668571472,0.299121618270874,-20.70400047302246,4.5898637771606445,18.905593872070312,0.0,0.0,66.02094268798828,1,1,1,1,1,-79.90736389160156,113.12487030029297,12.785516738891602,-74.52603912353516,113.16966247558594,-71.61595153808594,open,31,2025-11-16T20:34:21.904754,my_hand_data\videos\open_seq31_20251116_203419_477801.avi,89.8294363577175,360,90,HIGH,VIDEO_RECORDING,2025-11-16T20:34:23.543228
2025-11-16 20:34:21.925016,219,2567,HandType.Right,0.8272371292114258,-8.68863296508789,125.64838409423828,4.132145404815674,-0.2244889736175537,-0.928727388381958,0.29507654905319214,-19.076807022094727,4.085161209106445,17.77606964111328,0.0,0.0,65.94656372070312,1,1,1,1,1,-80.25264739990234,113.44400787353516,13.162198066711426,-74.91471862792969,113.37442779541016,-71.17366790771484,open,31,2025-11-16T20:34:21.925016,my_hand_data\videos\open_seq31_20251116_203419_477801.avi,89.8294363577175,360,90,HIGH,VIDEO_RECORDING,2025-11-16T20:34:23.543228
2025-11-16 20:34:21.935134,220,2567,HandType.Right,0.8281694650650024,-8.888541221618652,125.70600128173828,4.383021354675293,-0.22290880978107452,-0.9296510815620422,0.2933606803417206,-17.9370174407959,5.169789791107178,22.51016616821289,0.0,0.0,65.9097900390625,1,1,1,1,1,-80.44149017333984,113.65882873535156,13.39955997467041,-75.1015625,113.56144714355469,-70.91926574707031,open,31,2025-11-16T20:34:21.935134,my_hand_data\videos\open_seq31_20251116_203419_477801.avi,89.8294363577175,360,90,HIGH,VIDEO_RECORDING,2025-11-16T20:34:23.543228
2025-11-16 20:34:21.945250,221,2567,HandType.Right,0.8292917609214783,-9.096586227416992,125.78265380859375,4.59457540512085,-0.2209683656692505,-0.9307413101196289,0.2913650572299957,-18.525794982910156,6.825467586517334,18.83829689025879,0.0,0.0,65.89215850830078,1,1,1,1,1,-80.67948913574219,113.91231536865234,13.606586456298828,-75.31769561767578,113.8669662475586,-70.72718811035156,open,31,2025-11-16T20:34:21.945250,my_hand_data\videos\open_seq31_20251116_203419_477801.avi,89.8294363577175,360,90,HIGH,VIDEO_RECORDING,2025-11-16T20:34:23.543228
2025-11-16 20:34:21.955393,222,2567,HandType.Right,0.8292917609214783,-9.096586227416992,125.78265380859375,4.59457540512085,-0.2209683656692505,-0.9307413101196289,0.2913650572299957,-18.525794982910156,6.825467586517334,18.83829689025879,0.0,0.0,65.89215850830078,1,1,1,1,1,-80.67948913574219,113.91231536865234,13.606586456298828,-75.31769561767578,113.8669662475586,-70.72718811035156,open,31,2025-11-16T20:34:21.955393,my_hand_data\videos\open_seq31_20251116_203419_477801.avi,89.8294363577175,360,90,HIGH,VIDEO_RECORDING,2025-11-16T20:34:23.543228
2025-11-16 20:34:21.965656,223,2567,HandType.Right,0.8302004337310791,-9.318485260009766,125.87284851074219,4.813744068145752,-0.21940477192401886,-0.931714653968811,0.28942933678627014,-19.80889320373535,8.05189323425293,19.56515884399414,0.0,0.0,65.87964630126953,1,1,1,1,1,-80.89114379882812,114.05220031738281,13.820409774780273,-75.55054473876953,114.26009368896484,-70.54849243164062,open,31,2025-11-16T20:34:21.965656,my_hand_data\videos\open_seq31_20251116_203419_477801.avi,89.8294363577175,360,90,HIGH,VIDEO_RECORDING,2025-11-16T20:34:23.543228
2025-11-16 20:34:21.975741,224,2567,HandType.Right,0.8308339715003967,-9.52877426147461,125.99588775634766,5.006295680999756,-0.21813242137432098,-0.9326427578926086,0.2873947322368622,-18.970563888549805,11.099481582641602,17.370473861694336,0.0,0.0,65.87513732910156,1,1,1,1,1,-81.10334777832031,114.21192932128906,13.991387367248535,-75.78656005859375,114.59143829345703,-70.37874603271484,open,31,2025-11-16T20:34:21.975741,my_hand_data\videos\open_seq31_20251116_203419_477801.avi,89.8294363577175,360,90,HIGH,VIDEO_RECORDING,2025-11-16T20:34:23.543228
2025-11-16 20:34:21.986199,225,2567,HandType.Right,0.8313530087471008,-9.713484764099121,126.09827423095703,5.171777725219727,-0.2167597860097885,-0.9335612058639526,0.2854446768760681,-16.657085418701172,9.232769012451172,14.923055648803711,0.0,0.0,65.88451385498047,1,1,1,1,1,-81.29377746582031,114.35040283203125,14.153411865234375,-76.02264404296875,114.9001693725586,-70.26900482177734,open,31,2025-11-16T20:34:21.986199,my_hand_data\videos\open_seq31_20251116_203419_477801.avi,89.8294363577175,360,90,HIGH,VIDEO_RECORDING,2025-11-16T20:34:23.543228
2025-11-16 20:34:21.996239,226,2567,HandType.Right,0.831740140914917,-9.880148887634277,126.21598052978516,5.3694963455200195,-0.21605980396270752,-0.9341700673103333,0.28397974371910095,-15.029711723327637,10.614931106567383,17.83016586303711,0.0,0.0,65.89812469482422,1,1,1,1,1,-81.47994995117188,114.52876281738281,14.3301420211792,-76.23381042480469,115.1587905883789,-70.11842346191406,open,31,2025-11-16T20:34:21.996239,my_hand_data\videos\open_seq31_20251116_203419_477801.avi,89.8294363577175,360,90,HIGH,VIDEO_RECORDING,2025-11-16T20:34:23.543228
2025-11-16 20:34:22.016603,227,2567,HandType.Right,0.8324164748191833,-10.197100639343262,126.39737701416016,5.790257453918457,-0.21443705260753632,-0.9355058670043945,0.2807944416999817,-14.334563255310059,7.940838813781738,20.289331436157227,0.0,0.0,65.95755004882812,1,1,1,1,1,-81.83625030517578,115.12164306640625,14.755799293518066,-76.67247772216797,115.81683349609375,-69.87723541259766,open,31,2025-11-16T20:34:22.016603,my_hand_data\videos\open_seq31_20251116_203419_477801.avi,89.8294363577175,360,90,HIGH,VIDEO_RECORDING,2025-11-16T20:34:23.543228
2025-11-16 20:34:22.016603,228,2567,HandType.Right,0.8324164748191833,-10.197100639343262,126.39737701416016,5.790257453918457,-0.21443705260753632,-0.9355058670043945,0.2807944416999817,-14.334563255310059,7.940838813781738,20.289331436157227,0.0,0.0,65.95755004882812,1,1,1,1,1,-81.83625030517578,115.12164306640625,14.755799293518066,-76.67247772216797,115.81683349609375,-69.87723541259766,open,31,2025-11-16T20:34:22.016603,my_hand_data\videos\open_seq31_20251116_203419_477801.avi,89.8294363577175,360,90,HIGH,VIDEO_RECORDING,2025-11-16T20:34:23.543228
2025-11-16 20:34:22.036853,229,2567,HandType.Right,0.8331186771392822,-10.478829383850098,126.62129974365234,6.224796772003174,-0.2123485505580902,-0.9370642304420471,0.27716198563575745,-12.585895538330078,9.951741218566895,18.731277465820312,0.0,0.0,66.00726318359375,1,1,1,1,1,-82.15638732910156,116.07679748535156,15.161031723022461,-77.054931640625,116.52828216552734,-69.65350341796875,open,31,2025-11-16T20:34:22.036853,my_hand_data\videos\open_seq31_20251116_203419_477801.avi,89.8294363577175,360,90,HIGH,VIDEO_RECORDING,2025-11-16T20:34:23.543228
2025-11-16 20:34:22.036853,230,2567,HandType.Right,0.8331186771392822,-10.478829383850098,126.62129974365234,6.224796772003174,-0.2123485505580902,-0.9370642304420471,0.27716198563575745,-12.585895538330078,9.951741218566895,18.731277465820312,0.0,0.0,66.00726318359375,1,1,1,1,1,-82.15638732910156,116.07679748535156,15.161031723022461,-77.054931640625,116.52828216552734,-69.65350341796875,open,31,2025-11-16T20:34:22.036853,my_hand_data\videos\open_seq31_20251116_203419_477801.avi,89.8294363577175,360,90,HIGH,VIDEO_RECORDING,2025-11-16T20:34:23.543228
2025-11-16 20:34:22.057060,231,2567,HandType.Right,0.8344882130622864,-10.7206392288208,126.83345031738281,6.638392925262451,-0.21046879887580872,-0.9385202527046204,0.2736469805240631,-10.46223258972168,11.46628475189209,19.33844757080078,0.0,0.0,65.99908447265625,1,1,1,1,1,-82.36441802978516,116.95427703857422,15.414933204650879,-77.34783935546875,117.47909545898438,-69.42891693115234,open,31,2025-11-16T20:34:22.057060,my_hand_data\videos\open_seq31_20251116_203419_477801.avi,89.8294363577175,360,90,HIGH,VIDEO_RECORDING,2025-11-16T20:34:23.543228
2025-11-16 20:34:22.067309,232,2567,HandType.Right,0.8349941968917847,-10.840376853942871,126.94295501708984,6.838384628295898,-0.20972470939159393,-0.9391115307807922,0.2721858024597168,-10.697531700134277,9.78368091583252,17.867578506469727,0.0,0.0,65.95307159423828,1,1,1,1,1,-82.46056365966797,117.39741516113281,15.518949508666992,-77.48189544677734,117.94509887695312,-69.31305694580078,open,31,2025-11-16T20:34:22.067309,my_hand_data\videos\open_seq31_20251116_203419_477801.avi,89.8294363577175,360,90,HIGH,VIDEO_RECORDING,2025-11-16T20:34:23.543228
2025-11-16 20:34:22.077429,233,2567,HandType.Right,0.835728645324707,-10.957629203796387,127.04399871826172,7.03183650970459,-0.20930297672748566,-0.9395830631256104,0.270879864692688,-10.539557456970215,9.082417488098145,17.388933181762695,0.0,0.0,65.85861206054688,1,1,1,1,1,-82.439697265625,117.79769134521484,15.597631454467773,-77.59810638427734,118.33582305908203,-69.17784881591797,open,31,2025-11-16T20:34:22.077429,my_hand_data\videos\open_seq31_20251116_203419_477801.avi,89.8294363577175,360,90,HIGH,VIDEO_RECORDING,2025-11-16T20:34:23.543228
2025-11-16 20:34:22.087797,234,2567,HandType.Right,0.835728645324707,-10.957629203796387,127.04399871826172,7.03183650970459,-0.20930297672748566,-0.9395830631256104,0.270879864692688,-10.539557456970215,9.082417488098145,17.388933181762695,0.0,0.0,65.85861206054688,1,1,1,1,1,-82.439697265625,117.79769134521484,15.597631454467773,-77.59810638427734,118.33582305908203,-69.17784881591797,open,31,2025-11-16T20:34:22.087797,my_hand_data\videos\open_seq31_20251116_203419_477801.avi,89.8294363577175,360,90,HIGH,VIDEO_RECORDING,2025-11-16T20:34:23.543228
2025-11-16 20:34:22.098023,235,2567,HandType.Right,0.8360062837600708,-11.057638168334961,127.15904235839844,7.195754051208496,-0.20863358676433563,-0.9401357769966125,0.2694750130176544,-8.919000625610352,10.259638786315918,14.61850643157959,0.0,0.0,65.74864959716797,1,1,1,1,1,-82.46116638183594,118.27176666259766,15.639684677124023,-77.69274139404297,118.68773651123047,-69.09066772460938,open,31,2025-11-16T20:34:22.098023,my_hand_data\videos\open_seq31_20251116_203419_477801.avi,89.8294363577175,360,90,HIGH,VIDEO_RECORDING,2025-11-16T20:34:23.543228
2025-11-16 20:34:22.108138,236,2567,HandType.Right,0.8364264369010925,-11.168245315551758,127.287841796875,7.3303632736206055,-0.20799677073955536,-0.9407120943069458,0.26795175671577454,-9.961030960083008,11.599247932434082,12.122570991516113,0.0,0.0,65.67727661132812,1,1,1,1,1,-82.53622436523438,118.902587890625,15.639238357543945,-77.783203125,118.96258544921875,-69.019287109375,open,31,2025-11-16T20:34:22.108138,my_hand_data\videos\open_seq31_20251116_203419_477801.avi,89.8294363577175,360,90,HIGH,VIDEO_RECORDING,2025-11-16T20:34:23.543228
2025-11-16 20:34:22.128436,237,2567,HandType.Right,0.8370090126991272,-11.415515899658203,127.49029541015625,7.498866558074951,-0.20629455149173737,-0.9418580532073975,0.2652282118797302,-12.209023475646973,7.929891109466553,4.688680648803711,0.0,0.0,65.46157836914062,1,1,1,1,1,-82.47250366210938,119.65283203125,15.48027229309082,-78.03937530517578,119.3184814453125,-68.89617156982422,open,31,2025-11-16T20:34:22.128436,my_hand_data\videos\open_seq31_20251116_203419_477801.avi,89.8294363577175,360,90,HIGH,VIDEO_RECORDING,2025-11-16T20:34:23.543228
2025-11-16 20:34:22.128436,238,2567,HandType.Right,0.8370090126991272,-11.415515899658203,127.49029541015625,7.498866558074951,-0.20629455149173737,-0.9418580532073975,0.2652282118797302,-12.209023475646973,7.929891109466553,4.688680648803711,0.0,0.0,65.46157836914062,1,1,1,1,1,-82.47250366210938,119.65283203125,15.48027229309082,-78.03937530517578,119.3184814453125,-68.89617156982422,open,31,2025-11-16T20:34:22.128436,my_hand_data\videos\open_seq31_20251116_203419_477801.avi,89.8294363577175,360,90,HIGH,VIDEO_RECORDING,2025-11-16T20:34:23.543228
2025-11-16 20:34:22.148659,239,2567,HandType.Right,0.8374301195144653,-11.708637237548828,127.68453216552734,7.65950870513916,-0.20494015514850616,-0.9427735209465027,0.26301640272140503,-13.861087799072266,9.388246536254883,7.136480331420898,0.0,0.0,64.95347595214844,1,1,1,1,1,-81.88463592529297,120.31402587890625,15.12664794921875,-78.29117584228516,119.5379409790039,-68.66932678222656,open,31,2025-11-16T20:34:22.148659,my_hand_data\videos\open_seq31_20251116_203419_477801.avi,89.8294363577175,360,90,HIGH,VIDEO_RECORDING,2025-11-16T20:34:23.543228
2025-11-16 20:34:22.148659,240,2567,HandType.Right,0.8374301195144653,-11.708637237548828,127.68453216552734,7.65950870513916,-0.20494015514850616,-0.9427735209465027,0.26301640272140503,-13.861087799072266,9.388246536254883,7.136480331420898,0.0,0.0,64.95347595214844,1,1,1,1,1,-81.88463592529297,120.31402587890625,15.12664794921875,-78.29117584228516,119.5379409790039,-68.66932678222656,open,31,2025-11-16T20:34:22.148659,my_hand_data\videos\open_seq31_20251116_203419_477801.avi,89.8294363577175,360,90,HIGH,VIDEO_RECORDING,2025-11-16T20:34:23.543228
2025-11-16 20:34:22.168946,241,2567,HandType.Right,0.8367454409599304,-12.032587051391602,127.81735229492188,7.9783124923706055,-0.2053149938583374,-0.942948043346405,0.2620968818664551,-15.228690147399902,5.506837844848633,16.966814041137695,0.0,0.0,64.14739227294922,1,1,1,1,1,-81.14234924316406,120.78954315185547,14.82106876373291,-78.55646514892578,119.6771011352539,-68.1963119506836,open,31,2025-11-16T20:34:22.168946,my_hand_data\videos\open_seq31_20251116_203419_477801.avi,89.8294363577175,360,90,HIGH,VIDEO_RECORDING,2025-11-16T20:34:23.543228
2025-11-16 20:34:22.179166,242,2567,HandType.Right,0.8361825346946716,-12.194045066833496,127.8536376953125,8.195806503295898,-0.20565065741539001,-0.9429811835289001,0.26171404123306274,-14.285808563232422,3.2101876735687256,19.24385643005371,0.0,0.0,63.83455276489258,1,1,1,1,1,-81.02721405029297,121.0074462890625,14.808423042297363,-78.67865753173828,119.69378662109375,-67.88145446777344,open,31,2025-11-16T20:34:22.179166,my_hand_data\videos\open_seq31_20251116_203419_477801.avi,89.8294363577175,360,90,HIGH,VIDEO_RECORDING,2025-11-16T20:34:23.543228
2025-11-16 20:34:22.189299,243,2567,HandType.Right,0.835794985294342,-12.398172378540039,127.91704559326172,8.386861801147461,-0.2062474638223648,-0.9429406523704529,0.2613902986049652,-18.60101318359375,5.778201103210449,17.409780502319336,0.0,0.0,63.54729461669922,1,1,1,1,1,-80.97442626953125,121.23704528808594,14.790515899658203,-78.82186889648438,119.69424438476562,-67.54590606689453,open,31,2025-11-16T20:34:22.189299,my_hand_data\videos\open_seq31_20251116_203419_477801.avi,89.8294363577175,360,90,HIGH,VIDEO_RECORDING,2025-11-16T20:34:23.543228
2025-11-16 20:34:22.199530,244,2567,HandType.Right,0.8357632160186768,-12.612743377685547,127.96027374267578,8.551033973693848,-0.20604068040847778,-0.9431325793266296,0.26086050271987915,-19.358564376831055,3.9004178047180176,14.811671257019043,0.0,0.0,63.23886489868164,1,1,1,1,1,-81.02865600585938,121.55552673339844,14.664875984191895,-79.01177978515625,119.70089721679688,-67.26518249511719,open,31,2025-11-16T20:34:22.199530,my_hand_data\videos\open_seq31_20251116_203419_477801.avi,89.8294363577175,360,90,HIGH,VIDEO_RECORDING,2025-11-16T20:34:23.543228
2025-11-16 20:34:22.209718,245,2567,HandType.Right,0.8357632160186768,-12.612743377685547,127.96027374267578,8.551033973693848,-0.20604068040847778,-0.9431325793266296,0.26086050271987915,-19.358564376831055,3.9004178047180176,14.811671257019043,0.0,0.0,63.23886489868164,1,1,1,1,1,-81.02865600585938,121.55552673339844,14.664875984191895,-79.01177978515625,119.70089721679688,-67.26518249511719,open,31,2025-11-16T20:34:22.209718,my_hand_data\videos\open_seq31_20251116_203419_477801.avi,89.8294363577175,360,90,HIGH,VIDEO_RECORDING,2025-11-16T20:34:23.543228
2025-11-16 20:34:22.219892,246,2567,HandType.Right,0.8360955715179443,-12.821255683898926,128.01840209960938,8.704690933227539,-0.20572429895401,-0.9433066248893738,0.26048052310943604,-18.398696899414062,5.129049777984619,13.55838680267334,0.0,0.0,62.92610549926758,1,1,1,1,1,-81.05007934570312,121.85352325439453,14.47998046875,-79.20667266845703,119.72441101074219,-66.99882507324219,open,31,2025-11-16T20:34:22.219892,my_hand_data\videos\open_seq31_20251116_203419_477801.avi,89.8294363577175,360,90,HIGH,VIDEO_RECORDING,2025-11-16T20:34:23.543228
2025-11-16 20:34:22.240181,247,2567,HandType.Right,0.8362928628921509,-13.20539665222168,128.08837890625,8.970714569091797,-0.20449255406856537,-0.943800151348114,0.2596615254878998,-16.21111488342285,4.308895587921143,12.315546035766602,0.0,0.0,62.46028137207031,1,1,1,1,1,-81.09171295166016,122.39641571044922,14.26613998413086,-79.58876037597656,119.70343780517578,-66.59715270996094,open,31,2025-11-16T20:34:22.240181,my_hand_data\videos\open_seq31_20251116_203419_477801.avi,89.8294363577175,360,90,HIGH,VIDEO_RECORDING,2025-11-16T20:34:23.543228
2025-11-16 20:34:22.240181,248,2567,HandType.Right,0.8366186022758484,-13.358963966369629,128.14352416992188,9.125821113586426,-0.20346127450466156,-0.9441917538642883,0.259047269821167,-13.734620094299316,4.932826042175293,13.872329711914062,0.0,0.0,62.33202362060547,1,1,1,1,1,-81.17684936523438,122.61713409423828,14.276043891906738,-79.73656463623047,119.7285385131836,-66.41377258300781,open,31,2025-11-16T20:34:22.240181,my_hand_data\videos\open_seq31_20251116_203419_477801.avi,89.8294363577175,360,90,HIGH,VIDEO_RECORDING,2025-11-16T20:34:23.543228
2025-11-16 20:34:22.260375,249,2567,HandType.Right,0.8376882076263428,-13.520650863647461,128.20449829101562,9.275096893310547,-0.20271652936935425,-0.9444763660430908,0.25859305262565613,-14.454442977905273,5.450524806976318,13.344850540161133,0.0,0.0,62.20136260986328,1,1,1,1,1,-81.2767562866211,122.77308654785156,14.281704902648926,-79.87538146972656,119.78948211669922,-66.2406997680664,open,31,2025-11-16T20:34:22.260375,my_hand_data\videos\open_seq31_20251116_203419_477801.avi,89.8294363577175,360,90,HIGH,VIDEO_RECORDING,2025-11-16T20:34:23.543228
2025-11-16 20:34:22.261390,250,2567,HandType.Right,0.8376882076263428,-13.520650863647461,128.20449829101562,9.275096893310547,-0.20271652936935425,-0.9444763660430908,0.25859305262565613,-14.454442977905273,5.450524806976318,13.344850540161133,0.0,0.0,62.20136260986328,1,1,1,1,1,-81.2767562866211,122.77308654785156,14.281704902648926,-79.87538146972656,119.78948211669922,-66.2406997680664,open,31,2025-11-16T20:34:22.261390,my_hand_data\videos\open_seq31_20251116_203419_477801.avi,89.8294363577175,360,90,HIGH,VIDEO_RECORDING,2025-11-16T20:34:23.543228
2025-11-16 20:34:22.280540,251,2567,HandType.Right,0.8381286263465881,-13.80933666229248,128.3789520263672,9.429159164428711,-0.20055314898490906,-0.945482611656189,0.2565952241420746,-13.992033004760742,9.10453987121582,6.229045391082764,0.0,0.0,62.14012145996094,1,1,1,1,1,-81.57219696044922,123.01303100585938,14.385187149047852,-80.16754913330078,119.97119140625,-66.08032989501953,open,31,2025-11-16T20:34:22.280540,my_hand_data\videos\open_seq31_20251116_203419_477801.avi,89.8294363577175,360,90,HIGH,VIDEO_RECORDING,2025-11-16T20:34:23.543228
2025-11-16 20:34:22.290942,252,2567,HandType.Right,0.8382895588874817,-13.974550247192383,128.47921752929688,9.478391647338867,-0.19947972893714905,-0.9459797143936157,0.2555978298187256,-14.67651653289795,8.906867027282715,4.373526573181152,0.0,0.0,62.135658264160156,1,1,1,1,1,-81.75004577636719,123.11997985839844,14.437396049499512,-80.32262420654297,120.07939910888672,-66.03421783447266,open,31,2025-11-16T20:34:22.290942,my_hand_data\videos\open_seq31_20251116_203419_477801.avi,89.8294363577175,360,90,HIGH,VIDEO_RECORDING,2025-11-16T20:34:23.543228
2025-11-16 20:34:22.301240,253,2567,HandType.Right,0.8386131525039673,-14.124650955200195,128.56396484375,9.534158706665039,-0.1986313909292221,-0.9463435411453247,0.25491073727607727,-13.461983680725098,7.600828647613525,5.001540660858154,0.0,0.0,62.11791229248047,1,1,1,1,1,-81.90011596679688,123.1781997680664,14.478498458862305,-80.45875549316406,120.16944885253906,-65.98107147216797,open,31,2025-11-16T20:34:22.301240,my_hand_data\videos\open_seq31_20251116_203419_477801.avi,89.8294363577175,360,90,HIGH,VIDEO_RECORDING,2025-11-16T20:34:23.543228
2025-11-16 20:34:22.311421,254,2567,HandType.Right,0.8388876914978027,-14.276006698608398,128.65164184570312,9.598697662353516,-0.19782432913780212,-0.9466516971588135,0.25439348816871643,-13.709711074829102,7.94179630279541,5.845890522003174,0.0,0.0,62.0806999206543,1,1,1,1,1,-82.02342987060547,123.18389129638672,14.490363121032715,-80.59869384765625,120.27163696289062,-65.91985321044922,open,31,2025-11-16T20:34:22.311421,my_hand_data\videos\open_seq31_20251116_203419_477801.avi,89.8294363577175,360,90,HIGH,VIDEO_RECORDING,2025-11-16T20:34:23.543228
2025-11-16 20:34:22.321579,255,2567,HandType.Right,0.8388876914978027,-14.276006698608398,128.65164184570312,9.598697662353516,-0.19782432913780212,-0.9466516971588135,0.25439348816871643,-13.709711074829102,7.94179630279541,5.845890522003174,0.0,0.0,62.0806999206543,1,1,1,1,1,-82.02342987060547,123.18389129638672,14.490363121032715,-80.59869384765625,120.27163696289062,-65.91985321044922,open,31,2025-11-16T20:34:22.321579,my_hand_data\videos\open_seq31_20251116_203419_477801.avi,89.8294363577175,360,90,HIGH,VIDEO_RECORDING,2025-11-16T20:34:23.543228
2025-11-16 20:34:22.331821,256,2567,HandType.Right,0.8391879200935364,-14.420647621154785,128.724365234375,9.678051948547363,-0.19692373275756836,-0.9469763040542603,0.2538837492465973,-12.901687622070312,6.487041473388672,7.0782999992370605,0.0,0.0,62.011104583740234,1,1,1,1,1,-82.14511108398438,123.18537139892578,14.480132102966309,-80.73141479492188,120.39928436279297,-65.83979797363281,open,31,2025-11-16T20:34:22.331821,my_hand_data\videos\open_seq31_20251116_203419_477801.avi,89.8294363577175,360,90,HIGH,VIDEO_RECORDING,2025-11-16T20:34:23.543228
2025-11-16 20:34:22.341892,257,2567,HandType.Right,0.8397536873817444,-14.57443618774414,128.78753662109375,9.727060317993164,-0.19574607908725739,-0.9474694728851318,0.2529526650905609,-13.975770950317383,5.740395545959473,4.45369291305542,0.0,0.0,61.94352722167969,1,1,1,1,1,-82.26664733886719,123.16179656982422,14.460211753845215,-80.88050842285156,120.62039947509766,-65.80155181884766,open,31,2025-11-16T20:34:22.341892,my_hand_data\videos\open_seq31_20251116_203419_477801.avi,89.8294363577175,360,90,HIGH,VIDEO_RECORDING,2025-11-16T20:34:23.543228
2025-11-16 20:34:22.352040,258,2567,HandType.Right,0.8405122756958008,-14.745991706848145,128.89620971679688,9.751220703125,-0.19387739896774292,-0.9483020901679993,0.2512662410736084,-15.43593692779541,9.778020858764648,2.173870325088501,0.0,0.0,61.889652252197266,1,1,1,1,1,-82.39865112304688,123.15635681152344,14.45242977142334,-81.03172302246094,120.95879364013672,-65.81114959716797,open,31,2025-11-16T20:34:22.352040,my_hand_data\videos\open_seq31_20251116_203419_477801.avi,89.8294363577175,360,90,HIGH,VIDEO_RECORDING,2025-11-16T20:34:23.543228
2025-11-16 20:34:22.372351,259,2567,HandType.Right,0.842060923576355,-15.065342903137207,129.17037963867188,9.78084945678711,-0.19163431227207184,-0.9494999051094055,0.2484477013349533,-13.067460060119629,11.32332992553711,1.0262196063995361,0.0,0.0,61.827510833740234,1,1,1,1,1,-82.65797424316406,123.24527740478516,14.460003852844238,-81.2860107421875,121.56755828857422,-65.79839324951172,open,31,2025-11-16T20:34:22.372351,my_hand_data\videos\open_seq31_20251116_203419_477801.avi,89.8294363577175,360,90,HIGH,VIDEO_RECORDING,2025-11-16T20:34:23.543228
2025-11-16 20:34:22.372351,260,2567,HandType.Right,0.842060923576355,-15.065342903137207,129.17037963867188,9.78084945678711,-0.19163431227207184,-0.9494999051094055,0.2484477013349533,-13.067460060119629,11.32332992553711,1.0262196063995361,0.0,0.0,61.827510833740234,1,1,1,1,1,-82.65797424316406,123.24527740478516,14.460003852844238,-81.2860107421875,121.56755828857422,-65.79839324951172,open,31,2025-11-16T20:34:22.372351,my_hand_data\videos\open_seq31_20251116_203419_477801.avi,89.8294363577175,360,90,HIGH,VIDEO_RECORDING,2025-11-16T20:34:23.543228
2025-11-16 20:34:22.392640,261,2567,HandType.Right,0.8426007032394409,-15.328803062438965,129.4356689453125,9.77994441986084,-0.18983812630176544,-0.9505045413970947,0.2459728717803955,-10.653250694274902,11.243879318237305,-0.5150577425956726,0.0,0.0,61.78530502319336,1,1,1,1,1,-82.88713073730469,123.31887817382812,14.436056137084961,-81.50141143798828,122.11837005615234,-65.8221664428711,open,31,2025-11-16T20:34:22.392640,my_hand_data\videos\open_seq31_20251116_203419_477801.avi,89.8294363577175,360,90,HIGH,VIDEO_RECORDING,2025-11-16T20:34:23.543228
2025-11-16 20:34:22.392640,262,2567,HandType.Right,0.8426007032394409,-15.328803062438965,129.4356689453125,9.77994441986084,-0.18983812630176544,-0.9505045413970947,0.2459728717803955,-10.653250694274902,11.243879318237305,-0.5150577425956726,0.0,0.0,61.78530502319336,1,1,1,1,1,-82.88713073730469,123.31887817382812,14.436056137084961,-81.50141143798828,122.11837005615234,-65.8221664428711,open,31,2025-11-16T20:34:22.392640,my_hand_data\videos\open_seq31_20251116_203419_477801.avi,89.8294363577175,360,90,HIGH,VIDEO_RECORDING,2025-11-16T20:34:23.543228
2025-11-16 20:34:22.412999,263,2567,HandType.Right,0.8428765535354614,-15.439516067504883,129.61474609375,9.798504829406738,-0.18849726021289825,-0.9511747360229492,0.24440822005271912,-4.212700843811035,7.01412296295166,0.45022329688072205,0.0,0.0,61.74948501586914,1,1,1,1,1,-82.99971008300781,123.32672119140625,14.417198181152344,-81.55216217041016,122.46824645996094,-65.81724548339844,open,31,2025-11-16T20:34:22.412999,my_hand_data\videos\open_seq31_20251116_203419_477801.avi,89.8294363577175,360,90,HIGH,VIDEO_RECORDING,2025-11-16T20:34:23.543228
2025-11-16 20:34:22.423239,264,2567,HandType.Right,0.8432691693305969,-15.471092224121094,129.67837524414062,9.803281784057617,-0.1874869167804718,-0.9515668749809265,0.24365776777267456,-2.8173177242279053,5.67737340927124,0.4262247085571289,0.0,0.0,61.74607849121094,1,1,1,1,1,-83.04462432861328,123.32911682128906,14.411006927490234,-81.54499816894531,122.55240631103516,-65.8226547241211,open,31,2025-11-16T20:34:22.423239,my_hand_data\videos\open_seq31_20251116_203419_477801.avi,89.8294363577175,360,90,HIGH,VIDEO_RECORDING,2025-11-16T20:34:23.543228
2025-11-16 20:34:22.433436,265,2567,HandType.Right,0.8432691693305969,-15.471092224121094,129.67837524414062,9.803281784057617,-0.1874869167804718,-0.9515668749809265,0.24365776777267456,-2.8173177242279053,5.67737340927124,0.4262247085571289,0.0,0.0,61.74607849121094,1,1,1,1,1,-83.04462432861328,123.32911682128906,14.411006927490234,-81.54499816894531,122.55240631103516,-65.8226547241211,open,31,2025-11-16T20:34:22.433436,my_hand_data\videos\open_seq31_20251116_203419_477801.avi,89.8294363577175,360,90,HIGH,VIDEO_RECORDING,2025-11-16T20:34:23.543228
2025-11-16 20:34:22.443543,266,2567,HandType.Right,0.8444894552230835,-15.509119987487793,129.7313995361328,9.791430473327637,-0.18656009435653687,-0.9518985748291016,0.24307295680046082,-3.435840129852295,4.790469169616699,-1.0707488059997559,0.0,0.0,61.702293395996094,1,1,1,1,1,-83.05377197265625,123.25199127197266,14.332964897155762,-81.52961730957031,122.61131286621094,-65.83023834228516,open,31,2025-11-16T20:34:22.443543,my_hand_data\videos\open_seq31_20251116_203419_477801.avi,89.8294363577175,360,90,HIGH,VIDEO_RECORDING,2025-11-16T20:34:23.543228
2025-11-16 20:34:22.453712,267,2567,HandType.Right,0.8453269004821777,-15.56191349029541,129.7627716064453,9.752918243408203,-0.1856999397277832,-0.9521709680557251,0.24266435205936432,-4.712390422821045,2.8012282848358154,-3.437704086303711,0.0,0.0,61.64691162109375,1,1,1,1,1,-82.99138641357422,123.1282958984375,14.230554580688477,-81.47076416015625,122.59992980957031,-65.8364486694336,open,31,2025-11-16T20:34:22.453712,my_hand_data\videos\open_seq31_20251116_203419_477801.avi,89.8294363577175,360,90,HIGH,VIDEO_RECORDING,2025-11-16T20:34:23.543228
2025-11-16 20:34:22.473903,268,2567,HandType.Right,0.8458989262580872,-15.619215965270996,129.79270935058594,9.662782669067383,-0.18297426402568817,-0.9529927968978882,0.24150589108467102,-1.6272504329681396,0.49159014225006104,-4.527689456939697,0.0,0.0,61.52288818359375,1,1,1,1,1,-82.68175506591797,122.7901840209961,13.984633445739746,-81.26712036132812,122.41893005371094,-65.87034606933594,open,31,2025-11-16T20:34:22.473903,my_hand_data\videos\open_seq31_20251116_203419_477801.avi,89.8294363577175,360,90,HIGH,VIDEO_RECORDING,2025-11-16T20:34:23.543228
2025-11-16 20:34:22.473903,269,2567,HandType.Right,0.8458989262580872,-15.619215965270996,129.79270935058594,9.662782669067383,-0.18297426402568817,-0.9529927968978882,0.24150589108467102,-1.6272504329681396,0.49159014225006104,-4.527689456939697,0.0,0.0,61.52288818359375,1,1,1,1,1,-82.68175506591797,122.7901840209961,13.984633445739746,-81.26712036132812,122.41893005371094,-65.87034606933594,open,31,2025-11-16T20:34:22.473903,my_hand_data\videos\open_seq31_20251116_203419_477801.avi,89.8294363577175,360,90,HIGH,VIDEO_RECORDING,2025-11-16T20:34:23.543228
2025-11-16 20:34:22.494363,270,2567,HandType.Right,0.8455225825309753,-15.657718658447266,129.8048095703125,9.58944320678711,-0.18081854283809662,-0.9536868333816528,0.24038730561733246,-1.6692695617675781,0.28206077218055725,-2.718942642211914,0.0,0.0,61.3868293762207,1,1,1,1,1,-82.51470947265625,122.39403533935547,13.712902069091797,-81.01056671142578,122.19700622558594,-65.92609405517578,open,31,2025-11-16T20:34:22.494363,my_hand_data\videos\open_seq31_20251116_203419_477801.avi,89.8294363577175,360,90,HIGH,VIDEO_RECORDING,2025-11-16T20:34:23.543228
2025-11-16 20:34:22.494363,271,2567,HandType.Right,0.8455225825309753,-15.657718658447266,129.8048095703125,9.58944320678711,-0.18081854283809662,-0.9536868333816528,0.24038730561733246,-1.6692695617675781,0.28206077218055725,-2.718942642211914,0.0,0.0,61.3868293762207,1,1,1,1,1,-82.51470947265625,122.39403533935547,13.712902069091797,-81.01056671142578,122.19700622558594,-65.92609405517578,open,31,2025-11-16T20:34:22.494363,my_hand_data\videos\open_seq31_20251116_203419_477801.avi,89.8294363577175,360,90,HIGH,VIDEO_RECORDING,2025-11-16T20:34:23.543228
2025-11-16 20:34:22.514720,272,2567,HandType.Right,0.844825804233551,-15.666007995605469,129.7823028564453,9.553960800170898,-0.17937204241752625,-0.9542295336723328,0.23931501805782318,-0.3357318639755249,-0.08612724393606186,-0.1930379718542099,0.0,0.0,61.28697967529297,1,1,1,1,1,-82.33989715576172,121.74327850341797,13.545727729797363,-80.82488250732422,122.0339126586914,-65.96367645263672,open,31,2025-11-16T20:34:22.514720,my_hand_data\videos\open_seq31_20251116_203419_477801.avi,89.8294363577175,360,90,HIGH,VIDEO_RECORDING,2025-11-16T20:34:23.543228
2025-11-16 20:34:22.514720,273,2567,HandType.Right,0.844825804233551,-15.666007995605469,129.7823028564453,9.553960800170898,-0.17937204241752625,-0.9542295336723328,0.23931501805782318,-0.3357318639755249,-0.08612724393606186,-0.1930379718542099,0.0,0.0,61.28697967529297,1,1,1,1,1,-82.33989715576172,121.74327850341797,13.545727729797363,-80.82488250732422,122.0339126586914,-65.96367645263672,open,31,2025-11-16T20:34:22.514720,my_hand_data\videos\open_seq31_20251116_203419_477801.avi,89.8294363577175,360,90,HIGH,VIDEO_RECORDING,2025-11-16T20:34:23.543228
2025-11-16 20:34:22.534987,274,2567,HandType.Right,0.8442953824996948,-15.67837905883789,129.73159790039062,9.53459358215332,-0.17799779772758484,-0.9547497034072876,0.2382640391588211,-0.5190140604972839,-3.179673910140991,-0.7635758519172668,0.0,0.0,61.28996276855469,1,1,1,1,1,-82.33255004882812,121.39752197265625,13.502249717712402,-80.7786865234375,121.91205596923828,-66.00559997558594,open,31,2025-11-16T20:34:22.534987,my_hand_data\videos\open_seq31_20251116_203419_477801.avi,89.8294363577175,360,90,HIGH,VIDEO_RECORDING,2025-11-16T20:34:23.543228
2025-11-16 20:34:22.545195,275,2567,HandType.Right,0.8441861867904663,-15.6793212890625,129.70950317382812,9.550188064575195,-0.17757101356983185,-0.9548956751823425,0.2379973977804184,-0.08447708189487457,-1.9797544479370117,1.3972296714782715,0.0,0.0,61.31476593017578,1,1,1,1,1,-82.38239288330078,121.28945922851562,13.532675743103027,-80.76387786865234,121.86780548095703,-65.99407958984375,open,31,2025-11-16T20:34:22.545195,my_hand_data\videos\open_seq31_20251116_203419_477801.avi,89.8294363577175,360,90,HIGH,VIDEO_RECORDING,2025-11-16T20:34:23.543228
2025-11-16 20:34:22.555363,276,2567,HandType.Right,0.8441861867904663,-15.6793212890625,129.70950317382812,9.550188064575195,-0.17757101356983185,-0.9548956751823425,0.2379973977804184,-0.08447708189487457,-1.9797544479370117,1.3972296714782715,0.0,0.0,61.31476593017578,1,1,1,1,1,-82.38239288330078,121.28945922851562,13.532675743103027,-80.76387786865234,121.86780548095703,-65.99407958984375,open,31,2025-11-16T20:34:22.555363,my_hand_data\videos\open_seq31_20251116_203419_477801.avi,89.8294363577175,360,90,HIGH,VIDEO_RECORDING,2025-11-16T20:34:23.543228
2025-11-16 20:34:22.565532,277,2567,HandType.Right,0.8442647457122803,-15.678631782531738,129.6722412109375,9.578749656677246,-0.17709924280643463,-0.9550499320030212,0.23772983253002167,0.06094174087047577,-3.291537046432495,2.5228288173675537,0.0,0.0,61.35497283935547,1,1,1,1,1,-82.47222137451172,121.23469543457031,13.592212677001953,-80.74961853027344,121.83303833007812,-65.9659194946289,open,31,2025-11-16T20:34:22.565532,my_hand_data\videos\open_seq31_20251116_203419_477801.avi,89.8294363577175,360,90,HIGH,VIDEO_RECORDING,2025-11-16T20:34:23.543228
2025-11-16 20:34:22.585674,278,2567,HandType.Right,0.8444880843162537,-15.67793083190918,129.59075927734375,9.667572021484375,-0.1764017790555954,-0.9552790522575378,0.2373274266719818,-0.2565779983997345,-3.4493887424468994,4.272172927856445,0.0,0.0,61.42891311645508,1,1,1,1,1,-82.67369842529297,121.16055297851562,13.763642311096191,-80.73563385009766,121.87422943115234,-65.88382720947266,open,31,2025-11-16T20:34:22.585674,my_hand_data\videos\open_seq31_20251116_203419_477801.avi,89.8294363577175,360,90,HIGH,VIDEO_RECORDING,2025-11-16T20:34:23.543228
2025-11-16 20:34:22.585674,279,2567,HandType.Right,0.8448019027709961,-15.680717468261719,129.55392456054688,9.726415634155273,-0.17616954445838928,-0.9553446769714355,0.23723581433296204,-0.2510671615600586,-3.317669153213501,5.300790786743164,0.0,0.0,61.45928955078125,1,1,1,1,1,-82.80171203613281,121.16393280029297,13.861225128173828,-80.73831939697266,121.97804260253906,-65.83277130126953,open,31,2025-11-16T20:34:22.585674,my_hand_data\videos\open_seq31_20251116_203419_477801.avi,89.8294363577175,360,90,HIGH,VIDEO_RECORDING,2025-11-16T20:34:23.543228
2025-11-16 20:34:22.606205,280,2567,HandType.Right,0.8452110886573792,-15.683884620666504,129.52642822265625,9.796689987182617,-0.17621812224388123,-0.9553401470184326,0.23721803724765778,-0.2858251631259918,-2.481849193572998,6.342437744140625,0.0,0.0,61.48705291748047,1,1,1,1,1,-82.90458679199219,121.17691040039062,13.974039077758789,-80.73167419433594,122.06305694580078,-65.76557159423828,open,31,2025-11-16T20:34:22.606205,my_hand_data\videos\open_seq31_20251116_203419_477801.avi,89.8294363577175,360,90,HIGH,VIDEO_RECORDING,2025-11-16T20:34:23.543228
2025-11-16 20:34:22.606205,281,2567,HandType.Right,0.8455662727355957,-15.692273139953613,129.52239990234375,9.856882095336914,-0.17656634747982025,-0.9552384614944458,0.23736843466758728,-0.7716229557991028,-0.36989954113960266,5.5369038581848145,0.0,0.0,61.52365493774414,1,1,1,1,1,-83.01683807373047,121.17407989501953,14.089171409606934,-80.73141479492188,122.20409393310547,-65.71475982666016,open,31,2025-11-16T20:34:22.606205,my_hand_data\videos\open_seq31_20251116_203419_477801.avi,89.8294363577175,360,90,HIGH,VIDEO_RECORDING,2025-11-16T20:34:23.543228
2025-11-16 20:34:22.626488,282,2567,HandType.Right,0.8458574414253235,-15.691513061523438,129.52500915527344,9.89814567565918,-0.17693807184696198,-0.9551348090171814,0.23750868439674377,0.0675472542643547,0.23236209154129028,3.669496536254883,0.0,0.0,61.57278060913086,1,1,1,1,1,-83.12032318115234,121.16816711425781,14.1895170211792,-80.72425842285156,122.34435272216797,-65.71270751953125,open,31,2025-11-16T20:34:22.626488,my_hand_data\videos\open_seq31_20251116_203419_477801.avi,89.8294363577175,360,90,HIGH,VIDEO_RECORDING,2025-11-16T20:34:23.543228
2025-11-16 20:34:22.626488,283,2567,HandType.Right,0.8458574414253235,-15.691513061523438,129.52500915527344,9.89814567565918,-0.17693807184696198,-0.9551348090171814,0.23750868439674377,0.0675472542643547,0.23236209154129028,3.669496536254883,0.0,0.0,61.57278060913086,1,1,1,1,1,-83.12032318115234,121.16816711425781,14.1895170211792,-80.72425842285156,122.34435272216797,-65.71270751953125,open,31,2025-11-16T20:34:22.626488,my_hand_data\videos\open_seq31_20251116_203419_477801.avi,89.8294363577175,360,90,HIGH,VIDEO_RECORDING,2025-11-16T20:34:23.543228
2025-11-16 20:34:22.646697,284,2567,HandType.Right,0.8457692861557007,-15.686281204223633,129.5392303466797,9.937053680419922,-0.17750345170497894,-0.9549724459648132,0.2377397119998932,0.47198623418807983,1.2815117835998535,3.509697675704956,0.0,0.0,61.61997985839844,1,1,1,1,1,-83.1982192993164,121.17720794677734,14.274798393249512,-80.71736145019531,122.45166015625,-65.70821380615234,open,31,2025-11-16T20:34:22.646697,my_hand_data\videos\open_seq31_20251116_203419_477801.avi,89.8294363577175,360,90,HIGH,VIDEO_RECORDING,2025-11-16T20:34:23.543228
2025-11-16 20:34:22.656854,285,2567,HandType.Right,0.8449859023094177,-15.667162895202637,129.5557403564453,10.032177925109863,-0.17837072908878326,-0.9547311067581177,0.2380596250295639,0.4594109356403351,0.6704733967781067,4.303300380706787,0.0,0.0,61.698486328125,1,1,1,1,1,-83.27597045898438,121.21343994140625,14.418262481689453,-80.72048950195312,122.5904312133789,-65.69708251953125,open,31,2025-11-16T20:34:22.656854,my_hand_data\videos\open_seq31_20251116_203419_477801.avi,89.8294363577175,360,90,HIGH,VIDEO_RECORDING,2025-11-16T20:34:23.543228
2025-11-16 20:34:22.667061,286,2567,HandType.Right,0.8447161316871643,-15.664555549621582,129.56227111816406,10.046723365783691,-0.17886529862880707,-0.954585075378418,0.23827411234378815,0.23465991020202637,0.5878081321716309,1.3092248439788818,0.0,0.0,61.70608901977539,1,1,1,1,1,-83.24292755126953,121.23918151855469,14.428915977478027,-80.73751831054688,122.64751434326172,-65.69835662841797,open,31,2025-11-16T20:34:22.667061,my_hand_data\videos\open_seq31_20251116_203419_477801.avi,89.8294363577175,360,90,HIGH,VIDEO_RECORDING,2025-11-16T20:34:23.543228
2025-11-16 20:34:22.677221,287,2567,HandType.Right,0.8447161316871643,-15.664555549621582,129.56227111816406,10.046723365783691,-0.17886529862880707,-0.954585075378418,0.23827411234378815,0.23465991020202637,0.5878081321716309,1.3092248439788818,0.0,0.0,61.70608901977539,1,1,1,1,1,-83.24292755126953,121.23918151855469,14.428915977478027,-80.73751831054688,122.64751434326172,-65.69835662841797,open,31,2025-11-16T20:34:22.677221,my_hand_data\videos\open_seq31_20251116_203419_477801.avi,89.8294363577175,360,90,HIGH,VIDEO_RECORDING,2025-11-16T20:34:23.543228
2025-11-16 20:34:22.687356,288,2567,HandType.Right,0.8445799946784973,-15.653979301452637,129.58168029785156,10.067532539367676,-0.17934557795524597,-0.9544141888618469,0.23859737813472748,0.9534514546394348,1.7497386932373047,1.875910997390747,0.0,0.0,61.709739685058594,1,1,1,1,1,-83.19766235351562,121.3178939819336,14.449090957641602,-80.75320434570312,122.69999694824219,-65.68474578857422,open,31,2025-11-16T20:34:22.687356,my_hand_data\videos\open_seq31_20251116_203419_477801.avi,89.8294363577175,360,90,HIGH,VIDEO_RECORDING,2025-11-16T20:34:23.543228
2025-11-16 20:34:22.697845,289,2567,HandType.Right,0.8444018959999084,-15.641830444335938,129.5817108154297,10.105281829833984,-0.17979976534843445,-0.9542204141616821,0.23903022706508636,1.064091444015503,0.0023742199409753084,3.306433916091919,0.0,0.0,61.70747375488281,1,1,1,1,1,-83.15721893310547,121.37938690185547,14.482535362243652,-80.7552719116211,122.73062133789062,-65.64986419677734,open,31,2025-11-16T20:34:22.697845,my_hand_data\videos\open_seq31_20251116_203419_477801.avi,89.8294363577175,360,90,HIGH,VIDEO_RECORDING,2025-11-16T20:34:23.543228
2025-11-16 20:34:22.717973,290,2567,HandType.Right,0.8443379998207092,-15.62902545928955,129.5748291015625,10.18816089630127,-0.18071673810482025,-0.953850507736206,0.23981373012065887,0.4151747524738312,-0.3955831825733185,3.372494697570801,0.0,0.0,61.66529846191406,1,1,1,1,1,-83.07543182373047,121.51630401611328,14.521268844604492,-80.76856231689453,122.80268096923828,-65.56565856933594,open,31,2025-11-16T20:34:22.717973,my_hand_data\videos\open_seq31_20251116_203419_477801.avi,89.8294363577175,360,90,HIGH,VIDEO_RECORDING,2025-11-16T20:34:23.543228
2025-11-16 20:34:22.717973,291,2567,HandType.Right,0.8443572521209717,-15.618805885314941,129.57400512695312,10.211710929870605,-0.1809476763010025,-0.9537590742111206,0.24000334739685059,0.9399237036705017,-0.0761617049574852,2.165919542312622,0.0,0.0,61.63943862915039,1,1,1,1,1,-83.04076385498047,121.57125854492188,14.518710136413574,-80.76670837402344,122.83004760742188,-65.53716278076172,open,31,2025-11-16T20:34:22.717973,my_hand_data\videos\open_seq31_20251116_203419_477801.avi,89.8294363577175,360,90,HIGH,VIDEO_RECORDING,2025-11-16T20:34:23.543228
2025-11-16 20:34:22.738277,292,2567,HandType.Right,0.8447062969207764,-15.604681015014648,129.5880126953125,10.2552490234375,-0.18129634857177734,-0.9536318778991699,0.24024555087089539,1.221246361732483,1.2115068435668945,3.7643141746520996,0.0,0.0,61.598731994628906,1,1,1,1,1,-82.98165130615234,121.61885070800781,14.527420997619629,-80.74286651611328,122.85965728759766,-65.48721313476562,open,31,2025-11-16T20:34:22.738277,my_hand_data\videos\open_seq31_20251116_203419_477801.avi,89.8294363577175,360,90,HIGH,VIDEO_RECORDING,2025-11-16T20:34:23.543228
2025-11-16 20:34:22.738277,293,2567,HandType.Right,0.8447062969207764,-15.604681015014648,129.5880126953125,10.2552490234375,-0.18129634857177734,-0.9536318778991699,0.24024555087089539,1.221246361732483,1.2115068435668945,3.7643141746520996,0.0,0.0,61.598731994628906,1,1,1,1,1,-82.98165130615234,121.61885070800781,14.527420997619629,-80.74286651611328,122.85965728759766,-65.48721313476562,open,31,2025-11-16T20:34:22.738277,my_hand_data\videos\open_seq31_20251116_203419_477801.avi,89.8294363577175,360,90,HIGH,VIDEO_RECORDING,2025-11-16T20:34:23.543228
2025-11-16 20:34:22.758636,294,2567,HandType.Right,0.8447785377502441,-15.58851432800293,129.63465881347656,10.275839805603027,-0.18187300860881805,-0.9534991979598999,0.24033625423908234,0.518573522567749,3.030386447906494,1.0749058723449707,0.0,0.0,61.57130432128906,1,1,1,1,1,-82.90420532226562,121.71167755126953,14.521773338317871,-80.71862030029297,122.92656707763672,-65.460693359375,open,31,2025-11-16T20:34:22.758636,my_hand_data\videos\open_seq31_20251116_203419_477801.avi,89.8294363577175,360,90,HIGH,VIDEO_RECORDING,2025-11-16T20:34:23.543228
2025-11-16 20:34:22.768874,295,2567,HandType.Right,0.8447785377502441,-15.58851432800293,129.63465881347656,10.275839805603027,-0.18187300860881805,-0.9534991979598999,0.24033625423908234,0.518573522567749,3.030386447906494,1.0749058723449707,0.0,0.0,61.57130432128906,1,1,1,1,1,-82.90420532226562,121.71167755126953,14.521773338317871,-80.71862030029297,122.92656707763672,-65.460693359375,open,31,2025-11-16T20:34:22.768874,my_hand_data\videos\open_seq31_20251116_203419_477801.avi,89.8294363577175,360,90,HIGH,VIDEO_RECORDING,2025-11-16T20:34:23.543228
2025-11-16 20:34:22.778987,296,2567,HandType.Right,0.8446670174598694,-15.571793556213379,129.7079620361328,10.265995025634766,-0.18270055949687958,-0.9532734751701355,0.24060384929180145,0.7825267314910889,3.5915606021881104,-0.5944153666496277,0.0,0.0,61.564674377441406,1,1,1,1,1,-82.86131286621094,121.8128662109375,14.509642601013184,-80.6920394897461,123.0332260131836,-65.47464752197266,open,31,2025-11-16T20:34:22.778987,my_hand_data\videos\open_seq31_20251116_203419_477801.avi,89.8294363577175,360,90,HIGH,VIDEO_RECORDING,2025-11-16T20:34:23.543228
2025-11-16 20:34:22.789129,297,2567,HandType.Right,0.8444874286651611,-15.551124572753906,129.74179077148438,10.245984077453613,-0.1831485480070114,-0.9531515836715698,0.24074606597423553,1.8699567317962646,3.060648202896118,-1.8105193376541138,0.0,0.0,61.5670051574707,1,1,1,1,1,-82.83245849609375,121.8606948852539,14.496447563171387,-80.67333984375,123.08413696289062,-65.49649047851562,open,31,2025-11-16T20:34:22.789129,my_hand_data\videos\open_seq31_20251116_203419_477801.avi,89.8294363577175,360,90,HIGH,VIDEO_RECORDING,2025-11-16T20:34:23.543228
2025-11-16 20:34:22.799369,298,2567,HandType.Right,0.8444874286651611,-15.551124572753906,129.74179077148438,10.245984077453613,-0.1831485480070114,-0.9531515836715698,0.24074606597423553,1.8699567317962646,3.060648202896118,-1.8105193376541138,0.0,0.0,61.5670051574707,1,1,1,1,1,-82.83245849609375,121.8606948852539,14.496447563171387,-80.67333984375,123.08413696289062,-65.49649047851562,open,31,2025-11-16T20:34:22.799369,my_hand_data\videos\open_seq31_20251116_203419_477801.avi,89.8294363577175,360,90,HIGH,VIDEO_RECORDING,2025-11-16T20:34:23.543228
2025-11-16 20:34:22.809749,299,2567,HandType.Right,0.8442238569259644,-15.531675338745117,129.77268981933594,10.2379789352417,-0.1836894005537033,-0.9529798030853271,0.24101383984088898,1.7460905313491821,2.7734668254852295,-0.7186017036437988,0.0,0.0,61.56844711303711,1,1,1,1,1,-82.80610656738281,121.91313171386719,14.497404098510742,-80.65546417236328,123.12519073486328,-65.5067138671875,open,31,2025-11-16T20:34:22.809749,my_hand_data\videos\open_seq31_20251116_203419_477801.avi,89.8294363577175,360,90,HIGH,VIDEO_RECORDING,2025-11-16T20:34:23.543228
2025-11-16 20:34:22.819838,300,2567,HandType.Right,0.8440537452697754,-15.508856773376465,129.78565979003906,10.236236572265625,-0.18443191051483154,-0.9527230262756348,0.24146170914173126,1.9805721044540405,1.126275897026062,-0.1512872725725174,0.0,0.0,61.56586837768555,1,1,1,1,1,-82.77749633789062,121.9521484375,14.501553535461426,-80.63579559326172,123.15742492675781,-65.50611114501953,open,31,2025-11-16T20:34:22.819838,my_hand_data\videos\open_seq31_20251116_203419_477801.avi,89.8294363577175,360,90,HIGH,VIDEO_RECORDING,2025-11-16T20:34:23.543228
2025-11-16 20:34:22.840213,301,2567,HandType.Right,0.8439881205558777,-15.466623306274414,129.77783203125,10.247079849243164,-0.18562787771224976,-0.9523534774780273,0.242002472281456,1.9247465133666992,-0.5261070132255554,0.9211910367012024,0.0,0.0,61.5586051940918,1,1,1,1,1,-82.72865295410156,121.99512481689453,14.51921558380127,-80.59356689453125,123.20362854003906,-65.48925018310547,open,31,2025-11-16T20:34:22.840213,my_hand_data\videos\open_seq31_20251116_203419_477801.avi,89.8294363577175,360,90,HIGH,VIDEO_RECORDING,2025-11-16T20:34:23.543228
2025-11-16 20:34:22.840213,302,2567,HandType.Right,0.8440672159194946,-15.456542015075684,129.77584838867188,10.249690055847168,-0.18618065118789673,-0.9522034525871277,0.2421680986881256,0.9142407178878784,-0.17879226803779602,0.23675820231437683,0.0,0.0,61.55531311035156,1,1,1,1,1,-82.71745300292969,122.02086639404297,14.521482467651367,-80.57164001464844,123.21701049804688,-65.48016357421875,open,31,2025-11-16T20:34:22.840213,my_hand_data\videos\open_seq31_20251116_203419_477801.avi,89.8294363577175,360,90,HIGH,VIDEO_RECORDING,2025-11-16T20:34:23.543228
2025-11-16 20:34:22.860488,303,2567,HandType.Right,0.8441141843795776,-15.44410228729248,129.7802276611328,10.245296478271484,-0.18667618930339813,-0.9520711898803711,0.24230657517910004,1.1231021881103516,0.3941101133823395,-0.39668726921081543,0.0,0.0,61.55099105834961,1,1,1,1,1,-82.70571899414062,122.04324340820312,14.517287254333496,-80.54064178466797,123.218994140625,-65.47691345214844,open,31,2025-11-16T20:34:22.860488,my_hand_data\videos\open_seq31_20251116_203419_477801.avi,89.8294363577175,360,90,HIGH,VIDEO_RECORDING,2025-11-16T20:34:23.543228
2025-11-16 20:34:22.862004,304,2567,HandType.Right,0.8441141843795776,-15.44410228729248,129.7802276611328,10.245296478271484,-0.18667618930339813,-0.9520711898803711,0.24230657517910004,1.1231021881103516,0.3941101133823395,-0.39668726921081543,0.0,0.0,61.55099105834961,1,1,1,1,1,-82.70571899414062,122.04324340820312,14.517287254333496,-80.54064178466797,123.218994140625,-65.47691345214844,open,31,2025-11-16T20:34:22.862004,my_hand_data\videos\open_seq31_20251116_203419_477801.avi,89.8294363577175,360,90,HIGH,VIDEO_RECORDING,2025-11-16T20:34:23.543228
2025-11-16 20:34:22.880690,305,2567,HandType.Right,0.8440070152282715,-15.36849308013916,129.75198364257812,10.208209037780762,-0.18759341537952423,-0.9518131017684937,0.24261179566383362,4.20345401763916,-1.865290880203247,-2.257370710372925,0.0,0.0,61.526493072509766,1,1,1,1,1,-82.58370971679688,122.03292846679688,14.459529876708984,-80.4188232421875,123.17791748046875,-65.50919342041016,open,31,2025-11-16T20:34:22.880690,my_hand_data\videos\open_seq31_20251116_203419_477801.avi,89.8294363577175,360,90,HIGH,VIDEO_RECORDING,2025-11-16T20:34:23.543228
2025-11-16 20:34:22.890993,306,2567,HandType.Right,0.8440070152282715,-15.36849308013916,129.75198364257812,10.208209037780762,-0.18759341537952423,-0.9518131017684937,0.24261179566383362,4.20345401763916,-1.865290880203247,-2.257370710372925,0.0,0.0,61.526493072509766,1,1,1,1,1,-82.58370971679688,122.03292846679688,14.459529876708984,-80.4188232421875,123.17791748046875,-65.50919342041016,open,31,2025-11-16T20:34:22.890993,my_hand_data\videos\open_seq31_20251116_203419_477801.avi,89.8294363577175,360,90,HIGH,VIDEO_RECORDING,2025-11-16T20:34:23.543228
2025-11-16 20:34:22.901119,307,2567,HandType.Right,0.8438882827758789,-15.258636474609375,129.70330810546875,10.127172470092773,-0.18858349323272705,-0.951515793800354,0.2430102676153183,5.345407009124756,-1.9465450048446655,-4.414668560028076,0.0,0.0,61.50270080566406,1,1,1,1,1,-82.44203186035156,122.08544921875,14.353052139282227,-80.23865509033203,123.08003997802734,-65.59899139404297,open,31,2025-11-16T20:34:22.901119,my_hand_data\videos\open_seq31_20251116_203419_477801.avi,89.8294363577175,360,90,HIGH,VIDEO_RECORDING,2025-11-16T20:34:23.543228
2025-11-16 20:34:22.911420,308,2567,HandType.Right,0.8436686396598816,-15.19731616973877,129.68223571777344,10.076570510864258,-0.18907596170902252,-0.9513546228408813,0.24325834214687347,5.574110984802246,-1.9152168035507202,-4.5997796058654785,0.0,0.0,61.49806213378906,1,1,1,1,1,-82.35602569580078,122.1198959350586,14.302114486694336,-80.15680694580078,123.04344177246094,-65.65660858154297,open,31,2025-11-16T20:34:22.911420,my_hand_data\videos\open_seq31_20251116_203419_477801.avi,89.8294363577175,360,90,HIGH,VIDEO_RECORDING,2025-11-16T20:34:23.543228
2025-11-16 20:34:22.921656,309,2567,HandType.Right,0.8436686396598816,-15.19731616973877,129.68223571777344,10.076570510864258,-0.18907596170902252,-0.9513546228408813,0.24325834214687347,5.574110984802246,-1.9152168035507202,-4.5997796058654785,0.0,0.0,61.49806213378906,1,1,1,1,1,-82.35602569580078,122.1198959350586,14.302114486694336,-80.15680694580078,123.04344177246094,-65.65660858154297,open,31,2025-11-16T20:34:22.921656,my_hand_data\videos\open_seq31_20251116_203419_477801.avi,89.8294363577175,360,90,HIGH,VIDEO_RECORDING,2025-11-16T20:34:23.543228
2025-11-16 20:34:22.931856,310,2567,HandType.Right,0.8435376286506653,-15.131176948547363,129.66082763671875,10.024077415466309,-0.18955153226852417,-0.9511958956718445,0.24350887537002563,5.805275917053223,-1.878720998764038,-4.607493877410889,0.0,0.0,61.49304962158203,1,1,1,1,1,-82.26433563232422,122.15489959716797,14.24923324584961,-80.07832336425781,123.01365661621094,-65.71234893798828,open,31,2025-11-16T20:34:22.931856,my_hand_data\videos\open_seq31_20251116_203419_477801.avi,89.8294363577175,360,90,HIGH,VIDEO_RECORDING,2025-11-16T20:34:23.543228
2025-11-16 20:34:22.941984,311,2567,HandType.Right,0.8434672355651855,-15.073953628540039,129.64002990722656,9.976544380187988,-0.1899879276752472,-0.9510425329208374,0.24376773834228516,5.253186225891113,-1.9095264673233032,-4.363597393035889,0.0,0.0,61.4879035949707,1,1,1,1,1,-82.17680358886719,122.19078063964844,14.200984001159668,-80.01375579833984,122.9919204711914,-65.76412963867188,open,31,2025-11-16T20:34:22.941984,my_hand_data\videos\open_seq31_20251116_203419_477801.avi,89.8294363577175,360,90,HIGH,VIDEO_RECORDING,2025-11-16T20:34:23.543228
2025-11-16 20:34:22.962312,312,2567,HandType.Right,0.8430494666099548,-15.001923561096191,129.61415100097656,9.888021469116211,-0.19077306985855103,-0.9507641792297363,0.24423986673355103,2.634103536605835,-0.5920823216438293,-3.1213436126708984,0.0,0.0,61.47177505493164,1,1,1,1,1,-82.07072448730469,122.26931762695312,14.111530303955078,-79.93476104736328,122.95445251464844,-65.86380767822266,open,31,2025-11-16T20:34:22.962312,my_hand_data\videos\open_seq31_20251116_203419_477801.avi,89.8294363577175,360,90,HIGH,VIDEO_RECORDING,2025-11-16T20:34:23.543228
2025-11-16 20:34:22.962312,313,2567,HandType.Right,0.8427832126617432,-14.984731674194336,129.5917205810547,9.855125427246094,-0.19118806719779968,-0.9506261348724365,0.24445252120494843,1.5389310121536255,-2.0075135231018066,-2.9447505474090576,0.0,0.0,61.463096618652344,1,1,1,1,1,-82.02943420410156,122.26937866210938,14.077249526977539,-79.91339111328125,122.92815399169922,-65.89986419677734,open,31,2025-11-16T20:34:22.962312,my_hand_data\videos\open_seq31_20251116_203419_477801.avi,89.8294363577175,360,90,HIGH,VIDEO_RECORDING,2025-11-16T20:34:23.543228
2025-11-16 20:34:22.982513,314,2567,HandType.Right,0.8426392078399658,-14.985112190246582,129.57315063476562,9.830351829528809,-0.1916215568780899,-0.9505026936531067,0.24459312856197357,-0.03464285284280777,-1.6910732984542847,-2.2558624744415283,0.0,0.0,61.45083999633789,1,1,1,1,1,-82.00990295410156,122.26070404052734,14.047140121459961,-79.90061950683594,122.89257049560547,-65.921142578125,open,31,2025-11-16T20:34:22.982513,my_hand_data\videos\open_seq31_20251116_203419_477801.avi,89.8294363577175,360,90,HIGH,VIDEO_RECORDING,2025-11-16T20:34:23.543228
2025-11-16 20:34:22.982513,315,2567,HandType.Right,0.8426392078399658,-14.985112190246582,129.57315063476562,9.830351829528809,-0.1916215568780899,-0.9505026936531067,0.24459312856197357,-0.03464285284280777,-1.6910732984542847,-2.2558624744415283,0.0,0.0,61.45083999633789,1,1,1,1,1,-82.00990295410156,122.26070404052734,14.047140121459961,-79.90061950683594,122.89257049560547,-65.921142578125,open,31,2025-11-16T20:34:22.982513,my_hand_data\videos\open_seq31_20251116_203419_477801.avi,89.8294363577175,360,90,HIGH,VIDEO_RECORDING,2025-11-16T20:34:23.543228
2025-11-16 20:34:23.003069,316,2567,HandType.Right,0.841830849647522,-14.993958473205566,129.51223754882812,9.795291900634766,-0.19229918718338013,-0.9502648711204529,0.24498508870601654,-0.5171439051628113,-3.3994901180267334,-1.4542428255081177,0.0,0.0,61.43336868286133,1,1,1,1,1,-81.99110412597656,122.1585693359375,13.990713119506836,-79.88233184814453,122.77870178222656,-65.96112060546875,open,31,2025-11-16T20:34:23.003069,my_hand_data\videos\open_seq31_20251116_203419_477801.avi,89.8294363577175,360,90,HIGH,VIDEO_RECORDING,2025-11-16T20:34:23.543228
2025-11-16 20:34:23.013226,317,2567,HandType.Right,0.8414621949195862,-14.993241310119629,129.46463012695312,9.796353340148926,-0.19261778891086578,-0.9501365423202515,0.24523240327835083,0.06416035443544388,-4.260902404785156,0.09492985904216766,0.0,0.0,61.412628173828125,1,1,1,1,1,-81.97842407226562,122.06465911865234,13.963238716125488,-79.86325073242188,122.7082290649414,-65.96358489990234,open,31,2025-11-16T20:34:23.013226,my_hand_data\videos\open_seq31_20251116_203419_477801.avi,89.8294363577175,360,90,HIGH,VIDEO_RECORDING,2025-11-16T20:34:23.543228
2025-11-16 20:34:23.023414,318,2567,HandType.Right,0.8414621949195862,-14.993241310119629,129.46463012695312,9.796353340148926,-0.19261778891086578,-0.9501365423202515,0.24523240327835083,0.06416035443544388,-4.260902404785156,0.09492985904216766,0.0,0.0,61.412628173828125,1,1,1,1,1,-81.97842407226562,122.06465911865234,13.963238716125488,-79.86325073242188,122.7082290649414,-65.96358489990234,open,31,2025-11-16T20:34:23.023414,my_hand_data\videos\open_seq31_20251116_203419_477801.avi,89.8294363577175,360,90,HIGH,VIDEO_RECORDING,2025-11-16T20:34:23.543228
2025-11-16 20:34:23.033734,319,2567,HandType.Right,0.8407670855522156,-15.004158973693848,129.34986877441406,9.788810729980469,-0.19297537207603455,-0.9499670267105103,0.24560779333114624,-0.7376958131790161,-5.610838890075684,-0.017974039539694786,0.0,0.0,61.39842987060547,1,1,1,1,1,-81.98494720458984,121.80828857421875,13.92593002319336,-79.84812927246094,122.5482406616211,-65.98431396484375,open,31,2025-11-16T20:34:23.033734,my_hand_data\videos\open_seq31_20251116_203419_477801.avi,89.8294363577175,360,90,HIGH,VIDEO_RECORDING,2025-11-16T20:34:23.543228
2025-11-16 20:34:23.043887,320,2567,HandType.Right,0.8405919075012207,-15.018194198608398,129.27908325195312,9.796916007995605,-0.1930977702140808,-0.9499123096466064,0.2457231879234314,-1.235331654548645,-6.231413841247559,0.7133809328079224,0.0,0.0,61.38964080810547,1,1,1,1,1,-81.99566650390625,121.63761138916016,13.91651439666748,-79.83638763427734,122.44840240478516,-65.9778823852539,open,31,2025-11-16T20:34:23.043887,my_hand_data\videos\open_seq31_20251116_203419_477801.avi,89.8294363577175,360,90,HIGH,VIDEO_RECORDING,2025-11-16T20:34:23.543228
2025-11-16 20:34:23.054077,321,2567,HandType.Right,0.8405919075012207,-15.018194198608398,129.27908325195312,9.796916007995605,-0.1930977702140808,-0.9499123096466064,0.2457231879234314,-1.235331654548645,-6.231413841247559,0.7133809328079224,0.0,0.0,61.38964080810547,1,1,1,1,1,-81.99566650390625,121.63761138916016,13.91651439666748,-79.83638763427734,122.44840240478516,-65.9778823852539,open,31,2025-11-16T20:34:23.054077,my_hand_data\videos\open_seq31_20251116_203419_477801.avi,89.8294363577175,360,90,HIGH,VIDEO_RECORDING,2025-11-16T20:34:23.543228
2025-11-16 20:34:23.064411,322,2567,HandType.Right,0.8403216004371643,-15.03193473815918,129.21078491210938,9.80856704711914,-0.1931568682193756,-0.9498654007911682,0.24585801362991333,-1.2436326742172241,-6.181201457977295,1.054469108581543,0.0,0.0,61.37977981567383,1,1,1,1,1,-82.0116958618164,121.50981903076172,13.9053373336792,-79.83409118652344,122.34613800048828,-65.9742660522461,open,31,2025-11-16T20:34:23.064411,my_hand_data\videos\open_seq31_20251116_203419_477801.avi,89.8294363577175,360,90,HIGH,VIDEO_RECORDING,2025-11-16T20:34:23.543228
2025-11-16 20:34:23.074509,323,2567,HandType.Right,0.8399102091789246,-15.03840160369873,129.1452178955078,9.81446647644043,-0.19326238334178925,-0.9497932195663452,0.24605385959148407,-0.5890051126480103,-5.971776485443115,0.5373882055282593,0.0,0.0,61.3723258972168,1,1,1,1,1,-82.00557708740234,121.3572769165039,13.891956329345703,-79.82743835449219,122.2459716796875,-65.97190856933594,open,31,2025-11-16T20:34:23.074509,my_hand_data\videos\open_seq31_20251116_203419_477801.avi,89.8294363577175,360,90,HIGH,VIDEO_RECORDING,2025-11-16T20:34:23.543228
2025-11-16 20:34:23.094763,324,2567,HandType.Right,0.8392782807350159,-15.030406951904297,128.96847534179688,9.841072082519531,-0.1936214119195938,-0.9496195316314697,0.24644167721271515,0.7374172210693359,-8.67465877532959,1.6124210357666016,0.0,0.0,61.36868667602539,1,1,1,1,1,-81.95970916748047,121.05870819091797,13.888287544250488,-79.79376983642578,121.98030090332031,-65.9522705078125,open,31,2025-11-16T20:34:23.094763,my_hand_data\videos\open_seq31_20251116_203419_477801.avi,89.8294363577175,360,90,HIGH,VIDEO_RECORDING,2025-11-16T20:34:23.543228
2025-11-16 20:34:23.094763,325,2567,HandType.Right,0.8392782807350159,-15.030406951904297,128.96847534179688,9.841072082519531,-0.1936214119195938,-0.9496195316314697,0.24644167721271515,0.7374172210693359,-8.67465877532959,1.6124210357666016,0.0,0.0,61.36868667602539,1,1,1,1,1,-81.95970916748047,121.05870819091797,13.888287544250488,-79.79376983642578,121.98030090332031,-65.9522705078125,open,31,2025-11-16T20:34:23.094763,my_hand_data\videos\open_seq31_20251116_203419_477801.avi,89.8294363577175,360,90,HIGH,VIDEO_RECORDING,2025-11-16T20:34:23.543228
2025-11-16 20:34:23.115299,326,2567,HandType.Right,0.8389662504196167,-15.007048606872559,128.7812957763672,9.879364967346191,-0.19382323324680328,-0.9495400786399841,0.24658916890621185,1.3926960229873657,-7.906501293182373,1.9549869298934937,0.0,0.0,61.37674331665039,1,1,1,1,1,-81.92155456542969,120.80867767333984,13.920734405517578,-79.74506378173828,121.73208618164062,-65.92076110839844,open,31,2025-11-16T20:34:23.115299,my_hand_data\videos\open_seq31_20251116_203419_477801.avi,89.8294363577175,360,90,HIGH,VIDEO_RECORDING,2025-11-16T20:34:23.543228
2025-11-16 20:34:23.115299,327,2567,HandType.Right,0.8389662504196167,-15.007048606872559,128.7812957763672,9.879364967346191,-0.19382323324680328,-0.9495400786399841,0.24658916890621185,1.3926960229873657,-7.906501293182373,1.9549869298934937,0.0,0.0,61.37674331665039,1,1,1,1,1,-81.92155456542969,120.80867767333984,13.920734405517578,-79.74506378173828,121.73208618164062,-65.92076110839844,open,31,2025-11-16T20:34:23.115299,my_hand_data\videos\open_seq31_20251116_203419_477801.avi,89.8294363577175,360,90,HIGH,VIDEO_RECORDING,2025-11-16T20:34:23.543228
2025-11-16 20:34:23.135735,328,2567,HandType.Right,0.8385016322135925,-14.935781478881836,128.57861328125,9.911883354187012,-0.19398076832294464,-0.9494735598564148,0.24672123789787292,3.460360050201416,-9.605732917785645,0.8545933961868286,0.0,0.0,61.379302978515625,1,1,1,1,1,-81.85081481933594,120.55859375,13.941068649291992,-79.67637634277344,121.49853515625,-65.89488220214844,open,31,2025-11-16T20:34:23.135735,my_hand_data\videos\open_seq31_20251116_203419_477801.avi,89.8294363577175,360,90,HIGH,VIDEO_RECORDING,2025-11-16T20:34:23.543228
2025-11-16 20:34:23.145941,329,2567,HandType.Right,0.8380795121192932,-14.89349365234375,128.45706176757812,9.915681838989258,-0.19400812685489655,-0.9494548439979553,0.2467719167470932,3.778756618499756,-10.861026763916016,0.3394480049610138,0.0,0.0,61.3837776184082,1,1,1,1,1,-81.81169128417969,120.42761993408203,13.939569473266602,-79.63805389404297,121.35872650146484,-65.89555358886719,open,31,2025-11-16T20:34:23.145941,my_hand_data\videos\open_seq31_20251116_203419_477801.avi,89.8294363577175,360,90,HIGH,VIDEO_RECORDING,2025-11-16T20:34:23.543228
2025-11-16 20:34:23.156049,330,2567,HandType.Right,0.8377087712287903,-14.846501350402832,128.3466339111328,9.935103416442871,-0.19398999214172363,-0.9494425058364868,0.24683350324630737,4.306865692138672,-10.121533393859863,1.7799855470657349,0.0,0.0,61.38471221923828,1,1,1,1,1,-81.74630737304688,120.26597595214844,13.94899845123291,-79.5896987915039,121.23214721679688,-65.88185119628906,open,31,2025-11-16T20:34:23.156049,my_hand_data\videos\open_seq31_20251116_203419_477801.avi,89.8294363577175,360,90,HIGH,VIDEO_RECORDING,2025-11-16T20:34:23.543228
2025-11-16 20:34:23.166303,331,2567,HandType.Right,0.8377087712287903,-14.846501350402832,128.3466339111328,9.935103416442871,-0.19398999214172363,-0.9494425058364868,0.24683350324630737,4.306865692138672,-10.121533393859863,1.7799855470657349,0.0,0.0,61.38471221923828,1,1,1,1,1,-81.74630737304688,120.26597595214844,13.94899845123291,-79.5896987915039,121.23214721679688,-65.88185119628906,open,31,2025-11-16T20:34:23.166303,my_hand_data\videos\open_seq31_20251116_203419_477801.avi,89.8294363577175,360,90,HIGH,VIDEO_RECORDING,2025-11-16T20:34:23.543228
2025-11-16 20:34:23.176396,332,2567,HandType.Right,0.8372504711151123,-14.806488990783691,128.2266845703125,9.927759170532227,-0.19408270716667175,-0.9493909478187561,0.24695907533168793,3.519105911254883,-10.54981803894043,-0.6459787487983704,0.0,0.0,61.38900375366211,1,1,1,1,1,-81.71037292480469,120.11662292480469,13.934098243713379,-79.54806518554688,121.08927154541016,-65.89098358154297,open,31,2025-11-16T20:34:23.176396,my_hand_data\videos\open_seq31_20251116_203419_477801.avi,89.8294363577175,360,90,HIGH,VIDEO_RECORDING,2025-11-16T20:34:23.543228
2025-11-16 20:34:23.186537,333,2567,HandType.Right,0.836962103843689,-14.763612747192383,128.1049041748047,9.926562309265137,-0.194163978099823,-0.9493011832237244,0.24723997712135315,3.8485352993011475,-10.93099594116211,-0.10739493370056152,0.0,0.0,61.397274017333984,1,1,1,1,1,-81.670654296875,119.95284271240234,13.932440757751465,-79.50262451171875,120.92064666748047,-65.89400482177734,open,31,2025-11-16T20:34:23.186537,my_hand_data\videos\open_seq31_20251116_203419_477801.avi,89.8294363577175,360,90,HIGH,VIDEO_RECORDING,2025-11-16T20:34:23.543228
2025-11-16 20:34:23.207183,334,2567,HandType.Right,0.8364824652671814,-14.66913890838623,127.86075592041016,9.963025093078613,-0.19430819153785706,-0.949157178401947,0.2476792335510254,3.788585662841797,-10.809975624084473,1.8396353721618652,0.0,0.0,61.40055847167969,1,1,1,1,1,-81.60935974121094,119.61196899414062,13.949584007263184,-79.41303253173828,120.60797119140625,-65.8631591796875,open,31,2025-11-16T20:34:23.207183,my_hand_data\videos\open_seq31_20251116_203419_477801.avi,89.8294363577175,360,90,HIGH,VIDEO_RECORDING,2025-11-16T20:34:23.543228
2025-11-16 20:34:23.207183,335,2567,HandType.Right,0.836184561252594,-14.623115539550781,127.7510986328125,9.983938217163086,-0.19441746175289154,-0.9490931034088135,0.24783901870250702,4.189726829528809,-9.982486724853516,1.903786301612854,0.0,0.0,61.40903854370117,1,1,1,1,1,-81.55255889892578,119.43243408203125,13.968859672546387,-79.36125946044922,120.47911834716797,-65.85934448242188,open,31,2025-11-16T20:34:23.207183,my_hand_data\videos\open_seq31_20251116_203419_477801.avi,89.8294363577175,360,90,HIGH,VIDEO_RECORDING,2025-11-16T20:34:23.543228
2025-11-16 20:34:23.227347,336,2567,HandType.Right,0.8357667922973633,-14.568387985229492,127.64185333251953,10.019416809082031,-0.19472554326057434,-0.9489648938179016,0.24808785319328308,4.799327373504639,-9.58013916015625,3.111382007598877,0.0,0.0,61.41252136230469,1,1,1,1,1,-81.48788452148438,119.26216125488281,13.997734069824219,-79.29460144042969,120.3427963256836,-65.83396911621094,open,31,2025-11-16T20:34:23.227347,my_hand_data\videos\open_seq31_20251116_203419_477801.avi,89.8294363577175,360,90,HIGH,VIDEO_RECORDING,2025-11-16T20:34:23.543228
2025-11-16 20:34:23.227347,337,2567,HandType.Right,0.8357667922973633,-14.568387985229492,127.64185333251953,10.019416809082031,-0.19472554326057434,-0.9489648938179016,0.24808785319328308,4.799327373504639,-9.58013916015625,3.111382007598877,0.0,0.0,61.41252136230469,1,1,1,1,1,-81.48788452148438,119.26216125488281,13.997734069824219,-79.29460144042969,120.3427963256836,-65.83396911621094,open,31,2025-11-16T20:34:23.227347,my_hand_data\videos\open_seq31_20251116_203419_477801.avi,89.8294363577175,360,90,HIGH,VIDEO_RECORDING,2025-11-16T20:34:23.543228
2025-11-16 20:34:23.247610,338,2567,HandType.Right,0.8351678252220154,-14.457998275756836,127.46113586425781,10.085065841674805,-0.1952570527791977,-0.9487746953964233,0.24839743971824646,5.003002643585205,-7.493955135345459,2.477084159851074,0.0,0.0,61.417842864990234,1,1,1,1,1,-81.35523986816406,118.98298645019531,14.048638343811035,-79.14920043945312,120.0844497680664,-65.7910385131836,open,31,2025-11-16T20:34:23.247610,my_hand_data\videos\open_seq31_20251116_203419_477801.avi,89.8294363577175,360,90,HIGH,VIDEO_RECORDING,2025-11-16T20:34:23.543228
2025-11-16 20:34:23.257757,339,2567,HandType.Right,0.8348507285118103,-14.398770332336426,127.3880615234375,10.116198539733887,-0.19547702372074127,-0.9486995935440063,0.2485111504793167,5.4437336921691895,-6.716236114501953,2.861525297164917,0.0,0.0,61.41511154174805,1,1,1,1,1,-81.29093933105469,118.8802490234375,14.062850952148438,-79.06656646728516,119.96179962158203,-65.772216796875,open,31,2025-11-16T20:34:23.257757,my_hand_data\videos\open_seq31_20251116_203419_477801.avi,89.8294363577175,360,90,HIGH,VIDEO_RECORDING,2025-11-16T20:34:23.543228
2025-11-16 20:34:23.267966,340,2567,HandType.Right,0.834708571434021,-14.338713645935059,127.31551361083984,10.14500617980957,-0.1957489252090454,-0.9486057162284851,0.24865558743476868,5.341252326965332,-6.452209949493408,2.5620474815368652,0.0,0.0,61.414180755615234,1,1,1,1,1,-81.22969818115234,118.78743743896484,14.063446998596191,-78.98365020751953,119.83971405029297,-65.75523376464844,open,31,2025-11-16T20:34:23.267966,my_hand_data\videos\open_seq31_20251116_203419_477801.avi,89.8294363577175,360,90,HIGH,VIDEO_RECORDING,2025-11-16T20:34:23.543228
2025-11-16 20:34:23.278091,341,2567,HandType.Right,0.8344417214393616,-14.279966354370117,127.2558364868164,10.16291332244873,-0.19581575691699982,-0.948585033416748,0.24868176877498627,5.336287975311279,-5.420549392700195,1.6265448331832886,0.0,0.0,61.4193115234375,1,1,1,1,1,-81.16453552246094,118.70270538330078,14.055404663085938,-78.90544128417969,119.73664855957031,-65.76464080810547,open,31,2025-11-16T20:34:23.278091,my_hand_data\videos\open_seq31_20251116_203419_477801.avi,89.8294363577175,360,90,HIGH,VIDEO_RECORDING,2025-11-16T20:34:23.543228
2025-11-16 20:34:23.288171,342,2567,HandType.Right,0.8344417214393616,-14.279966354370117,127.2558364868164,10.16291332244873,-0.19581575691699982,-0.948585033416748,0.24868176877498627,5.336287975311279,-5.420549392700195,1.6265448331832886,0.0,0.0,61.4193115234375,1,1,1,1,1,-81.16453552246094,118.70270538330078,14.055404663085938,-78.90544128417969,119.73664855957031,-65.76464080810547,open,31,2025-11-16T20:34:23.288171,my_hand_data\videos\open_seq31_20251116_203419_477801.avi,89.8294363577175,360,90,HIGH,VIDEO_RECORDING,2025-11-16T20:34:23.543228
2025-11-16 20:34:23.298400,343,2567,HandType.Right,0.8342840671539307,-14.223560333251953,127.20384979248047,10.171602249145508,-0.19593912363052368,-0.9485483169555664,0.24872475862503052,4.919389247894287,-4.53389835357666,0.7577824592590332,0.0,0.0,61.42457580566406,1,1,1,1,1,-81.08949279785156,118.60523986816406,14.050192832946777,-78.82977294921875,119.64036560058594,-65.7702865600586,open,31,2025-11-16T20:34:23.298400,my_hand_data\videos\open_seq31_20251116_203419_477801.avi,89.8294363577175,360,90,HIGH,VIDEO_RECORDING,2025-11-16T20:34:23.543228
2025-11-16 20:34:23.308719,344,2567,HandType.Right,0.8340188264846802,-14.171380996704102,127.14505767822266,10.172300338745117,-0.19604404270648956,-0.9485006928443909,0.2488236129283905,4.803371429443359,-5.412516117095947,0.06431662291288376,0.0,0.0,61.42894744873047,1,1,1,1,1,-81.03243255615234,118.53429412841797,14.035305976867676,-78.76425170898438,119.53466033935547,-65.77655792236328,open,31,2025-11-16T20:34:23.308719,my_hand_data\videos\open_seq31_20251116_203419_477801.avi,89.8294363577175,360,90,HIGH,VIDEO_RECORDING,2025-11-16T20:34:23.543228
2025-11-16 20:34:23.329590,345,2567,HandType.Right,0.833351731300354,-14.068290710449219,127.03987884521484,10.208240509033203,-0.1965358555316925,-0.9482771754264832,0.24928700923919678,4.14584493637085,-4.576817512512207,1.7768617868423462,0.0,0.0,61.427921295166016,1,1,1,1,1,-80.9227294921875,118.41097259521484,14.037595748901367,-78.65018463134766,119.33070373535156,-65.75164794921875,open,31,2025-11-16T20:34:23.329590,my_hand_data\videos\open_seq31_20251116_203419_477801.avi,89.8294363577175,360,90,HIGH,VIDEO_RECORDING,2025-11-16T20:34:23.543228
2025-11-16 20:34:23.329590,346,2567,HandType.Right,0.8331860899925232,-14.033077239990234,126.98432159423828,10.206406593322754,-0.19686099886894226,-0.94814133644104,0.2495471090078354,3.1524248123168945,-4.973392963409424,-0.1642056703567505,0.0,0.0,61.43055725097656,1,1,1,1,1,-80.88445281982422,118.3438949584961,14.029510498046875,-78.61424255371094,119.24678802490234,-65.76156616210938,open,31,2025-11-16T20:34:23.329590,my_hand_data\videos\open_seq31_20251116_203419_477801.avi,89.8294363577175,360,90,HIGH,VIDEO_RECORDING,2025-11-16T20:34:23.543228
2025-11-16 20:34:23.349882,347,2567,HandType.Right,0.8330844640731812,-14.006797790527344,126.91793823242188,10.203256607055664,-0.1971939653158188,-0.948004961013794,0.24980229139328003,2.3395140171051025,-5.909617900848389,-0.28040173649787903,0.0,0.0,61.437644958496094,1,1,1,1,1,-80.84075927734375,118.26252746582031,14.02604866027832,-78.58709716796875,119.15327453613281,-65.77484893798828,open,31,2025-11-16T20:34:23.349882,my_hand_data\videos\open_seq31_20251116_203419_477801.avi,89.8294363577175,360,90,HIGH,VIDEO_RECORDING,2025-11-16T20:34:23.543228
2025-11-16 20:34:23.349882,348,2567,HandType.Right,0.8330844640731812,-14.006797790527344,126.91793823242188,10.203256607055664,-0.1971939653158188,-0.948004961013794,0.24980229139328003,2.3395140171051025,-5.909617900848389,-0.28040173649787903,0.0,0.0,61.437644958496094,1,1,1,1,1,-80.84075927734375,118.26252746582031,14.02604866027832,-78.58709716796875,119.15327453613281,-65.77484893798828,open,31,2025-11-16T20:34:23.349882,my_hand_data\videos\open_seq31_20251116_203419_477801.avi,89.8294363577175,360,90,HIGH,VIDEO_RECORDING,2025-11-16T20:34:23.543228
2025-11-16 20:34:23.370227,349,2567,HandType.Right,0.8329014778137207,-13.960158348083496,126.78777313232422,10.21624755859375,-0.1977815181016922,-0.9477357864379883,0.25035855174064636,1.9261796474456787,-5.609024524688721,1.0098117589950562,0.0,0.0,61.435829162597656,1,1,1,1,1,-80.77510070800781,118.10709381103516,14.0140962600708,-78.54893493652344,118.98297882080078,-65.77339172363281,open,31,2025-11-16T20:34:23.370227,my_hand_data\videos\open_seq31_20251116_203419_477801.avi,89.8294363577175,360,90,HIGH,VIDEO_RECORDING,2025-11-16T20:34:23.543228
2025-11-16 20:34:23.370227,350,2567,HandType.Right,0.8329014778137207,-13.960158348083496,126.78777313232422,10.21624755859375,-0.1977815181016922,-0.9477357864379883,0.25035855174064636,1.9261796474456787,-5.609024524688721,1.0098117589950562,0.0,0.0,61.435829162597656,1,1,1,1,1,-80.77510070800781,118.10709381103516,14.0140962600708,-78.54893493652344,118.98297882080078,-65.77339172363281,open,31,2025-11-16T20:34:23.370227,my_hand_data\videos\open_seq31_20251116_203419_477801.avi,89.8294363577175,360,90,HIGH,VIDEO_RECORDING,2025-11-16T20:34:23.543228
2025-11-16 20:34:23.390387,351,2567,HandType.Right,0.8325243592262268,-13.911582946777344,126.69638061523438,10.229079246520996,-0.19834664463996887,-0.9474811553955078,0.2508746385574341,2.310805082321167,-3.9984395503997803,0.29261717200279236,0.0,0.0,61.42913055419922,1,1,1,1,1,-80.70880126953125,117.9456558227539,14.00340747833252,-78.48817443847656,118.83257293701172,-65.76360321044922,open,31,2025-11-16T20:34:23.390387,my_hand_data\videos\open_seq31_20251116_203419_477801.avi,89.8294363577175,360,90,HIGH,VIDEO_RECORDING,2025-11-16T20:34:23.543228
2025-11-16 20:34:23.400499,352,2567,HandType.Right,0.8326351642608643,-13.905468940734863,126.65682220458984,10.234748840332031,-0.1986028403043747,-0.947354257106781,0.25115105509757996,0.5390791296958923,-3.487837553024292,0.49986350536346436,0.0,0.0,61.4268684387207,1,1,1,1,1,-80.7005386352539,117.8907470703125,13.99950885772705,-78.45582580566406,118.72931671142578,-65.75826263427734,open,31,2025-11-16T20:34:23.400499,my_hand_data\videos\open_seq31_20251116_203419_477801.avi,89.8294363577175,360,90,HIGH,VIDEO_RECORDING,2025-11-16T20:34:23.543228
2025-11-16 20:34:23.410653,353,2567,HandType.Right,0.8324882984161377,-13.899345397949219,126.60921478271484,10.227380752563477,-0.19869457185268402,-0.9472948908805847,0.2513022720813751,0.5606237649917603,-4.358628273010254,-0.6745538115501404,0.0,0.0,61.4280891418457,1,1,1,1,1,-80.68819427490234,117.81681060791016,13.981063842773438,-78.45036315917969,118.63760375976562,-65.77154541015625,open,31,2025-11-16T20:34:23.410653,my_hand_data\videos\open_seq31_20251116_203419_477801.avi,89.8294363577175,360,90,HIGH,VIDEO_RECORDING,2025-11-16T20:34:23.543228
2025-11-16 20:34:23.420947,354,2567,HandType.Right,0.8324882984161377,-13.899345397949219,126.60921478271484,10.227380752563477,-0.19869457185268402,-0.9472948908805847,0.2513022720813751,0.5606237649917603,-4.358628273010254,-0.6745538115501404,0.0,0.0,61.4280891418457,1,1,1,1,1,-80.68819427490234,117.81681060791016,13.981063842773438,-78.45036315917969,118.63760375976562,-65.77154541015625,open,31,2025-11-16T20:34:23.420947,my_hand_data\videos\open_seq31_20251116_203419_477801.avi,89.8294363577175,360,90,HIGH,VIDEO_RECORDING,2025-11-16T20:34:23.543228
2025-11-16 20:34:23.431084,355,2567,HandType.Right,0.832343578338623,-13.89146900177002,126.55876159667969,10.221787452697754,-0.1987144649028778,-0.947249710559845,0.25145694613456726,0.6989348530769348,-4.477158069610596,-0.4963511526584625,0.0,0.0,61.42908477783203,1,1,1,1,1,-80.67121887207031,117.72470092773438,13.964412689208984,-78.44026184082031,118.53469848632812,-65.78165435791016,open,31,2025-11-16T20:34:23.431084,my_hand_data\videos\open_seq31_20251116_203419_477801.avi,89.8294363577175,360,90,HIGH,VIDEO_RECORDING,2025-11-16T20:34:23.543228
2025-11-16 20:34:23.441353,356,2567,HandType.Right,0.8322132229804993,-13.879877090454102,126.51667022705078,10.230900764465332,-0.19874760508537292,-0.9471815228462219,0.2516874074935913,1.0546822547912598,-3.8296329975128174,0.8291653394699097,0.0,0.0,61.429100036621094,1,1,1,1,1,-80.63528442382812,117.62403869628906,13.967157363891602,-78.42756652832031,118.45001220703125,-65.77738189697266,open,31,2025-11-16T20:34:23.441353,my_hand_data\videos\open_seq31_20251116_203419_477801.avi,89.8294363577175,360,90,HIGH,VIDEO_RECORDING,2025-11-16T20:34:23.543228
2025-11-16 20:34:23.461653,357,2567,HandType.Right,0.8320227265357971,-13.868443489074707,126.42593383789062,10.250606536865234,-0.19864892959594727,-0.9471219778060913,0.25198912620544434,0.4348736107349396,-3.8293297290802,0.9496762156486511,0.0,0.0,61.4264030456543,1,1,1,1,1,-80.6154556274414,117.46761322021484,13.963898658752441,-78.41432189941406,118.296875,-65.75836944580078,open,31,2025-11-16T20:34:23.461653,my_hand_data\videos\open_seq31_20251116_203419_477801.avi,89.8294363577175,360,90,HIGH,VIDEO_RECORDING,2025-11-16T20:34:23.543228
2025-11-16 20:34:23.463183,358,2567,HandType.Right,0.8319215178489685,-13.860639572143555,126.38774871826172,10.263886451721191,-0.19851505756378174,-0.9471383690834045,0.25203317403793335,0.6846871972084045,-3.3507585525512695,1.1652812957763672,0.0,0.0,61.424991607666016,1,1,1,1,1,-80.60832977294922,117.404296875,13.964585304260254,-78.40629577636719,118.23188781738281,-65.74620056152344,open,31,2025-11-16T20:34:23.463183,my_hand_data\videos\open_seq31_20251116_203419_477801.avi,89.8294363577175,360,90,HIGH,VIDEO_RECORDING,2025-11-16T20:34:23.543228
2025-11-16 20:34:23.482079,359,2567,HandType.Right,0.8318963646888733,-13.847942352294922,126.35841369628906,10.276039123535156,-0.19838261604309082,-0.9471431970596313,0.2521192729473114,1.1374436616897583,-2.627415895462036,1.0885725021362305,0.0,0.0,61.42658615112305,1,1,1,1,1,-80.59229278564453,117.34609985351562,13.973276138305664,-78.39025115966797,118.17906188964844,-65.73743438720703,open,31,2025-11-16T20:34:23.482079,my_hand_data\videos\open_seq31_20251116_203419_477801.avi,89.8294363577175,360,90,HIGH,VIDEO_RECORDING,2025-11-16T20:34:23.543228
2025-11-16 20:34:23.482079,360,2567,HandType.Right,0.8318963646888733,-13.847942352294922,126.35841369628906,10.276039123535156,-0.19838261604309082,-0.9471431970596313,0.2521192729473114,1.1374436616897583,-2.627415895462036,1.0885725021362305,0.0,0.0,61.42658615112305,1,1,1,1,1,-80.59229278564453,117.34609985351562,13.973276138305664,-78.39025115966797,118.17906188964844,-65.73743438720703,open,31,2025-11-16T20:34:23.482079,my_hand_data\videos\open_seq31_20251116_203419_477801.avi,89.8294363577175,360,90,HIGH,VIDEO_RECORDING,2025-11-16T20:34:23.543228
