timestamp,frame_id,hand_id,hand_type,confidence,palm_x,palm_y,palm_z,palm_normal_x,palm_normal_y,palm_normal_z,palm_velocity_x,palm_velocity_y,palm_velocity_z,grab_strength,pinch_strength,pinch_distance,thumb_extended,index_extended,middle_extended,ring_extended,pinky_extended,thumb_tip_x,thumb_tip_y,thumb_tip_z,index_tip_x,index_tip_y,index_tip_z,gesture_type,sequence_id,recording_timestamp,video_file_path,performance_actual_fps,performance_total_frames,performance_target_fps,performance_quality,performance_mode,video_recording_time
2025-11-18 13:52:49.713590,1,517,HandType.Right,0.6804649829864502,168.8302001953125,201.16632080078125,-133.07493591308594,-0.4041319787502289,-0.8504026532173157,-0.3368866741657257,-18.963008880615234,-10.58326244354248,9.98844051361084,0.0,0.16575126349925995,41.840335845947266,0,1,1,1,1,141.35255432128906,201.78724670410156,-174.09603881835938,173.84300231933594,207.1411895751953,-212.212646484375,pull,16,2025-11-18T13:52:49.713590,my_hand_data\videos\pull_seq16_20251118_135249_694859.avi,89.78766563891388,360,90,HIGH,VIDEO_RECORDING,2025-11-18T13:52:53.782478
2025-11-18 13:52:49.713590,2,517,HandType.Right,0.6827002167701721,168.57774353027344,201.01756286621094,-132.97042846679688,-0.403606116771698,-0.8510494828224182,-0.3358822762966156,-22.570219039916992,-13.300359725952148,9.343889236450195,0.0,0.16184119880199432,41.94355392456055,0,1,1,1,1,141.00338745117188,201.627197265625,-173.9929656982422,173.61160278320312,207.0456085205078,-212.1832733154297,pull,16,2025-11-18T13:52:49.713590,my_hand_data\videos\pull_seq16_20251118_135249_694859.avi,89.78766563891388,360,90,HIGH,VIDEO_RECORDING,2025-11-18T13:52:53.782478
2025-11-18 13:52:49.727078,3,517,HandType.Right,0.68241286277771,168.3314208984375,200.86891174316406,-132.8626251220703,-0.4030618965625763,-0.851638913154602,-0.3350406587123871,-22.00071144104004,-13.276216506958008,9.628597259521484,0.0,0.15804670751094818,42.01201248168945,0,1,1,1,1,140.7287139892578,201.4846954345703,-173.87777709960938,173.44894409179688,206.9684295654297,-212.14306640625,pull,16,2025-11-18T13:52:49.727078,my_hand_data\videos\pull_seq16_20251118_135249_694859.avi,89.78766563891388,360,90,HIGH,VIDEO_RECORDING,2025-11-18T13:52:53.782478
2025-11-18 13:52:49.744238,4,517,HandType.Right,0.6838023662567139,168.15341186523438,200.79315185546875,-132.74868774414062,-0.4009891748428345,-0.8530217409133911,-0.3340083360671997,-16.426816940307617,-6.991300582885742,10.514312744140625,0.0,0.15063758194446564,42.151065826416016,0,1,1,1,1,140.51930236816406,201.4198455810547,-173.73367309570312,173.40478515625,207.0612335205078,-212.186279296875,pull,16,2025-11-18T13:52:49.744238,my_hand_data\videos\pull_seq16_20251118_135249_694859.avi,89.78766563891388,360,90,HIGH,VIDEO_RECORDING,2025-11-18T13:52:53.782478
2025-11-18 13:52:49.754509,5,517,HandType.Right,0.6837062835693359,167.99961853027344,200.780517578125,-132.5975341796875,-0.3988368511199951,-0.8543306589126587,-0.3332391679286957,-13.63306999206543,-1.119917869567871,13.398115158081055,0.0,0.1446215659379959,42.28565216064453,0,1,1,1,1,140.34188842773438,201.3931884765625,-173.5655975341797,173.3693389892578,207.3394317626953,-212.13778686523438,pull,16,2025-11-18T13:52:49.754509,my_hand_data\videos\pull_seq16_20251118_135249_694859.avi,89.78766563891388,360,90,HIGH,VIDEO_RECORDING,2025-11-18T13:52:53.782478
2025-11-18 13:52:49.764826,6,517,HandType.Right,0.6846795082092285,167.87908935546875,200.79745483398438,-132.4190216064453,-0.39735421538352966,-0.8553363680839539,-0.33242934942245483,-11.016791343688965,1.5475443601608276,16.318504333496094,0.0,0.13951526582241058,42.4300651550293,0,1,1,1,1,140.16380310058594,201.3702850341797,-173.3829803466797,173.32391357421875,207.63096618652344,-212.03541564941406,pull,16,2025-11-18T13:52:49.764826,my_hand_data\videos\pull_seq16_20251118_135249_694859.avi,89.78766563891388,360,90,HIGH,VIDEO_RECORDING,2025-11-18T13:52:53.782478
2025-11-18 13:52:49.774938,7,517,HandType.Right,0.6846795082092285,167.87908935546875,200.79745483398438,-132.4190216064453,-0.39735421538352966,-0.8553363680839539,-0.33242934942245483,-11.016791343688965,1.5475443601608276,16.318504333496094,0.0,0.13951526582241058,42.4300651550293,0,1,1,1,1,140.16380310058594,201.3702850341797,-173.3829803466797,173.32391357421875,207.63096618652344,-212.03541564941406,pull,16,2025-11-18T13:52:49.774938,my_hand_data\videos\pull_seq16_20251118_135249_694859.avi,89.78766563891388,360,90,HIGH,VIDEO_RECORDING,2025-11-18T13:52:53.782478
2025-11-18 13:52:49.785276,8,517,HandType.Right,0.6831663250923157,167.77313232421875,200.82745361328125,-132.20492553710938,-0.3961523771286011,-0.8562308549880981,-0.3315599858760834,-9.53763484954834,2.700963258743286,19.27033042907715,0.0,0.13657818734645844,42.522789001464844,0,1,1,1,1,140.00611877441406,201.3608856201172,-173.1591796875,173.26425170898438,207.7680206298828,-211.84307861328125,pull,16,2025-11-18T13:52:49.785276,my_hand_data\videos\pull_seq16_20251118_135249_694859.avi,89.78766563891388,360,90,HIGH,VIDEO_RECORDING,2025-11-18T13:52:53.782478
2025-11-18 13:52:49.805375,9,517,HandType.Right,0.681976318359375,167.71116638183594,200.88265991210938,-131.8275909423828,-0.3929476737976074,-0.8580000996589661,-0.3307989835739136,-2.491915225982666,-0.5574321746826172,17.94663429260254,0.0,0.1334352195262909,42.639678955078125,0,1,1,1,1,139.92074584960938,201.31597900390625,-172.69161987304688,173.2539825439453,207.7908172607422,-211.45570373535156,pull,16,2025-11-18T13:52:49.805375,my_hand_data\videos\pull_seq16_20251118_135249_694859.avi,89.78766563891388,360,90,HIGH,VIDEO_RECORDING,2025-11-18T13:52:53.782478
2025-11-18 13:52:49.805375,10,517,HandType.Right,0.6823031306266785,167.67420959472656,200.83253479003906,-131.63653564453125,-0.3921512961387634,-0.8584919571876526,-0.33046773076057434,-3.385476589202881,-4.592381954193115,17.503904342651367,0.0,0.13536882400512695,42.59418487548828,0,1,1,1,1,139.8726043701172,201.2548828125,-172.4922637939453,173.12831115722656,207.70872497558594,-211.23876953125,pull,16,2025-11-18T13:52:49.805375,my_hand_data\videos\pull_seq16_20251118_135249_694859.avi,89.78766563891388,360,90,HIGH,VIDEO_RECORDING,2025-11-18T13:52:53.782478
2025-11-18 13:52:49.825675,11,517,HandType.Right,0.6823242902755737,167.64093017578125,200.81173706054688,-131.43606567382812,-0.3910849988460541,-0.8590741753578186,-0.3302181363105774,-3.0635182857513428,-1.914872646331787,18.452098846435547,0.0,0.13772542774677277,42.542808532714844,0,1,1,1,1,139.83645629882812,201.1698455810547,-172.2845001220703,173.00279235839844,207.57662963867188,-211.00851440429688,pull,16,2025-11-18T13:52:49.825675,my_hand_data\videos\pull_seq16_20251118_135249_694859.avi,89.78766563891388,360,90,HIGH,VIDEO_RECORDING,2025-11-18T13:52:53.782478
2025-11-18 13:52:49.825675,12,517,HandType.Right,0.6823214292526245,167.6158447265625,200.80618286132812,-131.24057006835938,-0.3898616135120392,-0.8595933318138123,-0.3303138315677643,-2.2625184059143066,-0.5008801221847534,17.637353897094727,0.0,0.13985410332679749,42.48555374145508,0,1,1,1,1,139.8250274658203,201.1267852783203,-172.07980346679688,172.90000915527344,207.4722442626953,-210.79701232910156,pull,16,2025-11-18T13:52:49.825675,my_hand_data\videos\pull_seq16_20251118_135249_694859.avi,89.78766563891388,360,90,HIGH,VIDEO_RECORDING,2025-11-18T13:52:53.782478
2025-11-18 13:52:49.846332,13,517,HandType.Right,0.6823468804359436,167.6671142578125,200.8703155517578,-131.05003356933594,-0.38882267475128174,-0.8599184155464172,-0.3306921124458313,4.544459342956543,5.684906959533691,16.889585494995117,0.0,0.14419975876808167,42.39604949951172,0,1,1,1,1,139.91287231445312,201.0514373779297,-171.8778839111328,172.84271240234375,207.25013732910156,-210.54327392578125,pull,16,2025-11-18T13:52:49.846332,my_hand_data\videos\pull_seq16_20251118_135249_694859.avi,89.78766563891388,360,90,HIGH,VIDEO_RECORDING,2025-11-18T13:52:53.782478
2025-11-18 13:52:49.846332,14,517,HandType.Right,0.6823738217353821,167.7329559326172,200.95968627929688,-130.85206604003906,-0.38812732696533203,-0.8601716756820679,-0.3308502435684204,5.679956912994385,7.709279537200928,17.076847076416016,0.0,0.14695924520492554,42.3457145690918,0,1,1,1,1,140.05007934570312,200.98118591308594,-171.64694213867188,172.8703155517578,207.20892333984375,-210.27328491210938,pull,16,2025-11-18T13:52:49.846332,my_hand_data\videos\pull_seq16_20251118_135249_694859.avi,89.78766563891388,360,90,HIGH,VIDEO_RECORDING,2025-11-18T13:52:53.782478
2025-11-18 13:52:49.866559,15,517,HandType.Right,0.684027373790741,167.80979919433594,201.06948852539062,-130.64500427246094,-0.3879232108592987,-0.8601229190826416,-0.33121612668037415,7.221146583557129,10.318609237670898,19.45921516418457,0.0,0.15099602937698364,42.30048370361328,0,1,1,1,1,140.1352081298828,200.905029296875,-171.39837646484375,172.8015594482422,207.0612030029297,-209.97959899902344,pull,16,2025-11-18T13:52:49.866559,my_hand_data\videos\pull_seq16_20251118_135249_694859.avi,89.78766563891388,360,90,HIGH,VIDEO_RECORDING,2025-11-18T13:52:53.782478
2025-11-18 13:52:49.876603,16,517,HandType.Right,0.6820844411849976,167.81333923339844,201.1298065185547,-130.38636779785156,-0.38819801807403564,-0.859848141670227,-0.3316074013710022,0.30995383858680725,5.288516998291016,22.676546096801758,0.0,0.15781207382678986,42.20371627807617,0,1,1,1,1,140.2108917236328,200.6709747314453,-171.05398559570312,172.567138671875,207.02333068847656,-209.5479736328125,pull,16,2025-11-18T13:52:49.876603,my_hand_data\videos\pull_seq16_20251118_135249_694859.avi,89.78766563891388,360,90,HIGH,VIDEO_RECORDING,2025-11-18T13:52:53.782478
2025-11-18 13:52:49.886983,17,517,HandType.Right,0.6843855977058411,167.8075714111328,201.27967834472656,-130.09324645996094,-0.3881364166736603,-0.8596557974815369,-0.3321777582168579,-0.5325000882148743,13.84249496459961,27.073993682861328,0.0,0.15974025428295135,42.15277862548828,0,1,1,1,1,140.23089599609375,200.78846740722656,-170.7412109375,172.5045166015625,207.16558837890625,-209.21307373046875,pull,16,2025-11-18T13:52:49.886983,my_hand_data\videos\pull_seq16_20251118_135249_694859.avi,89.78766563891388,360,90,HIGH,VIDEO_RECORDING,2025-11-18T13:52:53.782478
2025-11-18 13:52:49.897102,18,517,HandType.Right,0.6843855977058411,167.8075714111328,201.27967834472656,-130.09324645996094,-0.3881364166736603,-0.8596557974815369,-0.3321777582168579,-0.5325000882148743,13.84249496459961,27.073993682861328,0.0,0.15974025428295135,42.15277862548828,0,1,1,1,1,140.23089599609375,200.78846740722656,-170.7412109375,172.5045166015625,207.16558837890625,-209.21307373046875,pull,16,2025-11-18T13:52:49.897102,my_hand_data\videos\pull_seq16_20251118_135249_694859.avi,89.78766563891388,360,90,HIGH,VIDEO_RECORDING,2025-11-18T13:52:53.782478
2025-11-18 13:52:49.907396,19,517,HandType.Right,0.6868520379066467,167.6916961669922,201.58534240722656,-129.4768829345703,-0.3869495689868927,-0.8597941994667053,-0.3332025706768036,-8.728353500366211,11.435263633728027,28.72258949279785,0.0,0.1647714227437973,42.00019073486328,0,1,1,1,1,140.19921875,201.1109161376953,-170.0951690673828,172.206787109375,207.54473876953125,-208.54490661621094,pull,16,2025-11-18T13:52:49.907396,my_hand_data\videos\pull_seq16_20251118_135249_694859.avi,89.78766563891388,360,90,HIGH,VIDEO_RECORDING,2025-11-18T13:52:53.782478
2025-11-18 13:52:49.928080,20,517,HandType.Right,0.6883648633956909,167.51634216308594,201.90187072753906,-128.89849853515625,-0.38566291332244873,-0.8598626255989075,-0.33451518416404724,-9.02768325805664,17.415931701660156,27.82721710205078,0.0,0.17467723786830902,41.7129020690918,0,1,1,1,1,140.1540985107422,201.4254913330078,-169.4662322998047,171.6256866455078,207.77561950683594,-207.91026306152344,pull,16,2025-11-18T13:52:49.928080,my_hand_data\videos\pull_seq16_20251118_135249_694859.avi,89.78766563891388,360,90,HIGH,VIDEO_RECORDING,2025-11-18T13:52:53.782478
2025-11-18 13:52:49.932466,21,517,HandType.Right,0.6883648633956909,167.51634216308594,201.90187072753906,-128.89849853515625,-0.38566291332244873,-0.8598626255989075,-0.33451518416404724,-9.02768325805664,17.415931701660156,27.82721710205078,0.0,0.17467723786830902,41.7129020690918,0,1,1,1,1,140.1540985107422,201.4254913330078,-169.4662322998047,171.6256866455078,207.77561950683594,-207.91026306152344,pull,16,2025-11-18T13:52:49.932466,my_hand_data\videos\pull_seq16_20251118_135249_694859.avi,89.78766563891388,360,90,HIGH,VIDEO_RECORDING,2025-11-18T13:52:53.782478
2025-11-18 13:52:49.948333,22,517,HandType.Right,0.690332293510437,167.38829040527344,202.094970703125,-128.5948028564453,-0.385292112827301,-0.859843909740448,-0.3349902629852295,-11.614789962768555,17.51436996459961,27.54678726196289,0.0,0.17850880324840546,41.6170768737793,0,1,1,1,1,140.0270233154297,201.57510375976562,-169.1485137939453,171.3118133544922,207.87448120117188,-207.5758819580078,pull,16,2025-11-18T13:52:49.948333,my_hand_data\videos\pull_seq16_20251118_135249_694859.avi,89.78766563891388,360,90,HIGH,VIDEO_RECORDING,2025-11-18T13:52:53.782478
2025-11-18 13:52:49.948333,23,517,HandType.Right,0.6922722458839417,167.2252960205078,202.31410217285156,-128.23619079589844,-0.38487672805786133,-0.8599545955657959,-0.3351835608482361,-13.866742134094238,18.641775131225586,30.50628089904785,0.0,0.18041585385799408,41.553199768066406,0,1,1,1,1,139.86309814453125,201.7867431640625,-168.77932739257812,171.05148315429688,207.97772216796875,-207.21426391601562,pull,16,2025-11-18T13:52:49.948333,my_hand_data\videos\pull_seq16_20251118_135249_694859.avi,89.78766563891388,360,90,HIGH,VIDEO_RECORDING,2025-11-18T13:52:53.782478
2025-11-18 13:52:49.968916,24,517,HandType.Right,0.6944670677185059,167.02821350097656,202.5249481201172,-127.8169937133789,-0.38445353507995605,-0.8600835800170898,-0.33533817529678345,-18.93287467956543,20.256250381469727,40.27293395996094,0.0,0.18682163953781128,41.357173919677734,0,1,1,1,1,139.67889404296875,201.98634338378906,-168.37301635742188,170.6021270751953,207.8164520263672,-206.78697204589844,pull,16,2025-11-18T13:52:49.968916,my_hand_data\videos\pull_seq16_20251118_135249_694859.avi,89.78766563891388,360,90,HIGH,VIDEO_RECORDING,2025-11-18T13:52:53.782478
2025-11-18 13:52:49.974861,25,517,HandType.Right,0.6955404877662659,166.83030700683594,202.656005859375,-127.35713195800781,-0.38424962759017944,-0.8601742386817932,-0.33533933758735657,-17.13991928100586,11.349963188171387,39.82548522949219,0.0,0.19230426847934723,41.192630767822266,0,1,1,1,1,139.5426788330078,202.0436248779297,-167.90518188476562,170.20924377441406,207.72454833984375,-206.2970428466797,pull,16,2025-11-18T13:52:49.974861,my_hand_data\videos\pull_seq16_20251118_135249_694859.avi,89.78766563891388,360,90,HIGH,VIDEO_RECORDING,2025-11-18T13:52:53.782478
2025-11-18 13:52:49.989190,26,517,HandType.Right,0.6969000697135925,166.6135711669922,202.74996948242188,-126.90556335449219,-0.38412225246429443,-0.8601982593536377,-0.33542370796203613,-19.705039978027344,8.542898178100586,41.05543518066406,0.0,0.1963142305612564,41.086151123046875,0,1,1,1,1,139.36004638671875,202.14755249023438,-167.41355895996094,169.83229064941406,207.73997497558594,-205.79287719726562,pull,16,2025-11-18T13:52:49.989190,my_hand_data\videos\pull_seq16_20251118_135249_694859.avi,89.78766563891388,360,90,HIGH,VIDEO_RECORDING,2025-11-18T13:52:53.782478
2025-11-18 13:52:49.999254,27,517,HandType.Right,0.6975661516189575,166.4345703125,202.8878631591797,-126.39613342285156,-0.3837372660636902,-0.8601477146148682,-0.3359934985637665,-16.384502410888672,12.622377395629883,46.62969207763672,0.0,0.19816212356090546,41.02470397949219,0,1,1,1,1,139.27301025390625,202.26744079589844,-166.87815856933594,169.62486267089844,207.87461853027344,-205.2684783935547,pull,16,2025-11-18T13:52:49.999254,my_hand_data\videos\pull_seq16_20251118_135249_694859.avi,89.78766563891388,360,90,HIGH,VIDEO_RECORDING,2025-11-18T13:52:53.782478
2025-11-18 13:52:50.009580,28,517,HandType.Right,0.6979385614395142,166.20999145507812,203.1405792236328,-125.8609619140625,-0.3830968737602234,-0.8600991368293762,-0.33684757351875305,-20.038898468017578,22.54874038696289,47.753082275390625,0.0,0.199718177318573,40.99205017089844,0,1,1,1,1,139.0948944091797,202.4776611328125,-166.3148956298828,169.35873413085938,208.07801818847656,-204.7086944580078,pull,16,2025-11-18T13:52:50.009580,my_hand_data\videos\pull_seq16_20251118_135249_694859.avi,89.78766563891388,360,90,HIGH,VIDEO_RECORDING,2025-11-18T13:52:53.782478
2025-11-18 13:52:50.019775,29,517,HandType.Right,0.6979385614395142,166.20999145507812,203.1405792236328,-125.8609619140625,-0.3830968737602234,-0.8600991368293762,-0.33684757351875305,-20.038898468017578,22.54874038696289,47.753082275390625,0.0,0.199718177318573,40.99205017089844,0,1,1,1,1,139.0948944091797,202.4776611328125,-166.3148956298828,169.35873413085938,208.07801818847656,-204.7086944580078,pull,16,2025-11-18T13:52:50.019775,my_hand_data\videos\pull_seq16_20251118_135249_694859.avi,89.78766563891388,360,90,HIGH,VIDEO_RECORDING,2025-11-18T13:52:53.782478
2025-11-18 13:52:50.029899,30,517,HandType.Right,0.7001397609710693,165.55218505859375,203.63101196289062,-124.71876525878906,-0.38287976384162903,-0.8596947193145752,-0.33812442421913147,-32.925357818603516,20.377660751342773,55.22688674926758,0.0,0.20182840526103973,40.96330642700195,0,1,1,1,1,138.4934539794922,202.90782165527344,-165.15948486328125,168.68124389648438,208.5630645751953,-203.51443481445312,pull,16,2025-11-18T13:52:50.029899,my_hand_data\videos\pull_seq16_20251118_135249_694859.avi,89.78766563891388,360,90,HIGH,VIDEO_RECORDING,2025-11-18T13:52:53.782478
2025-11-18 13:52:50.050123,31,517,HandType.Right,0.7034296989440918,164.51487731933594,203.81390380859375,-123.5161361694336,-0.3832404315471649,-0.8589835166931152,-0.3395204246044159,-51.00856399536133,9.047934532165527,54.208595275878906,0.0,0.20265963673591614,40.98750305175781,0,1,1,1,1,137.50950622558594,203.06814575195312,-163.90724182128906,167.54615783691406,209.15634155273438,-202.27386474609375,pull,16,2025-11-18T13:52:50.050123,my_hand_data\videos\pull_seq16_20251118_135249_694859.avi,89.78766563891388,360,90,HIGH,VIDEO_RECORDING,2025-11-18T13:52:53.782478
2025-11-18 13:52:50.053230,32,517,HandType.Right,0.7034296989440918,164.51487731933594,203.81390380859375,-123.5161361694336,-0.3832404315471649,-0.8589835166931152,-0.3395204246044159,-51.00856399536133,9.047934532165527,54.208595275878906,0.0,0.20265963673591614,40.98750305175781,0,1,1,1,1,137.50950622558594,203.06814575195312,-163.90724182128906,167.54615783691406,209.15634155273438,-202.27386474609375,pull,16,2025-11-18T13:52:50.053230,my_hand_data\videos\pull_seq16_20251118_135249_694859.avi,89.78766563891388,360,90,HIGH,VIDEO_RECORDING,2025-11-18T13:52:53.782478
2025-11-18 13:52:50.070953,33,517,HandType.Right,0.7044296264648438,163.94241333007812,203.8701171875,-122.88818359375,-0.3830896317958832,-0.8588634133338928,-0.33999404311180115,-52.7662239074707,5.181339263916016,57.880985260009766,0.0,0.20003336668014526,41.061195373535156,0,1,1,1,1,136.87356567382812,203.1933135986328,-163.27545166015625,166.99380493164062,209.34814453125,-201.68780517578125,pull,16,2025-11-18T13:52:50.070953,my_hand_data\videos\pull_seq16_20251118_135249_694859.avi,89.78766563891388,360,90,HIGH,VIDEO_RECORDING,2025-11-18T13:52:53.782478
2025-11-18 13:52:50.070953,34,517,HandType.Right,0.7075207829475403,163.36456298828125,203.91053771972656,-122.24574279785156,-0.38311633467674255,-0.8588514924049377,-0.33999407291412354,-52.062713623046875,3.6414716243743896,57.88301467895508,0.0,0.19417330622673035,41.21434020996094,0,1,1,1,1,136.14801025390625,203.2963409423828,-162.63597106933594,166.41311645507812,209.55691528320312,-201.19178771972656,pull,16,2025-11-18T13:52:50.070953,my_hand_data\videos\pull_seq16_20251118_135249_694859.avi,89.78766563891388,360,90,HIGH,VIDEO_RECORDING,2025-11-18T13:52:53.782478
2025-11-18 13:52:50.091761,35,517,HandType.Right,0.7080925703048706,162.78765869140625,203.9735107421875,-121.59583282470703,-0.3836260437965393,-0.8584291338920593,-0.34048566222190857,-51.30833053588867,5.600472450256348,57.80080032348633,0.0,0.19273048639297485,41.289798736572266,0,1,1,1,1,135.32281494140625,203.5167236328125,-162.0267333984375,165.6980438232422,209.65892028808594,-200.58981323242188,pull,16,2025-11-18T13:52:50.091761,my_hand_data\videos\pull_seq16_20251118_135249_694859.avi,89.78766563891388,360,90,HIGH,VIDEO_RECORDING,2025-11-18T13:52:53.782478
2025-11-18 13:52:50.096798,36,517,HandType.Right,0.7080925703048706,162.78765869140625,203.9735107421875,-121.59583282470703,-0.3836260437965393,-0.8584291338920593,-0.34048566222190857,-51.30833053588867,5.600472450256348,57.80080032348633,0.0,0.19273048639297485,41.289798736572266,0,1,1,1,1,135.32281494140625,203.5167236328125,-162.0267333984375,165.6980438232422,209.65892028808594,-200.58981323242188,pull,16,2025-11-18T13:52:50.096798,my_hand_data\videos\pull_seq16_20251118_135249_694859.avi,89.78766563891388,360,90,HIGH,VIDEO_RECORDING,2025-11-18T13:52:53.782478
2025-11-18 13:52:50.112460,37,517,HandType.Right,0.7136978507041931,161.23931884765625,203.908935546875,-120.21932983398438,-0.38365501165390015,-0.8584720492362976,-0.34034478664398193,-79.94548797607422,-5.526897430419922,65.2746353149414,0.0,0.1741788536310196,41.7730598449707,0,1,1,1,1,133.3381805419922,203.77902221679688,-160.6744384765625,164.25575256347656,210.1391143798828,-199.63677978515625,pull,16,2025-11-18T13:52:50.112460,my_hand_data\videos\pull_seq16_20251118_135249_694859.avi,89.78766563891388,360,90,HIGH,VIDEO_RECORDING,2025-11-18T13:52:53.782478
2025-11-18 13:52:50.122642,38,517,HandType.Right,0.7172501087188721,160.4776153564453,203.98703002929688,-119.5975570678711,-0.3837238550186157,-0.8585063219070435,-0.3401806950569153,-69.25907135009766,7.101484775543213,56.535491943359375,0.0,0.1580021232366562,42.139503479003906,0,1,1,1,1,132.38963317871094,204.0223846435547,-160.11865234375,163.7267303466797,210.7689666748047,-199.4320526123047,pull,16,2025-11-18T13:52:50.122642,my_hand_data\videos\pull_seq16_20251118_135249_694859.avi,89.78766563891388,360,90,HIGH,VIDEO_RECORDING,2025-11-18T13:52:53.782478
2025-11-18 13:52:50.132714,39,517,HandType.Right,0.7196736931800842,159.6649932861328,204.10580444335938,-118.97398376464844,-0.38419461250305176,-0.85853511095047,-0.3395761549472809,-72.76301574707031,10.635221481323242,55.83557891845703,0.0,0.147649347782135,42.41856384277344,0,1,1,1,1,131.4700927734375,204.15284729003906,-159.4381561279297,162.89535522460938,211.3997344970703,-199.06723022460938,pull,16,2025-11-18T13:52:50.132714,my_hand_data\videos\pull_seq16_20251118_135249_694859.avi,89.78766563891388,360,90,HIGH,VIDEO_RECORDING,2025-11-18T13:52:53.782478
2025-11-18 13:52:50.142750,40,517,HandType.Right,0.7191401124000549,158.73233032226562,204.23281860351562,-118.34432983398438,-0.3832075595855713,-0.8593515157699585,-0.3386250138282776,-84.44171905517578,11.499778747558594,57.00815963745117,0.0,0.1416788548231125,42.53679275512695,0,1,1,1,1,130.50672912597656,204.2947235107422,-158.78248596191406,161.94602966308594,211.83856201171875,-198.61248779296875,pull,16,2025-11-18T13:52:50.142750,my_hand_data\videos\pull_seq16_20251118_135249_694859.avi,89.78766563891388,360,90,HIGH,VIDEO_RECORDING,2025-11-18T13:52:53.782478
2025-11-18 13:52:50.152795,41,517,HandType.Right,0.7196572422981262,157.6919403076172,204.3133087158203,-117.5988540649414,-0.3818911612033844,-0.8604205250740051,-0.33739539980888367,-92.24993896484375,7.136219024658203,66.09971618652344,0.0,0.1288120597600937,42.82830810546875,0,1,1,1,1,129.40432739257812,204.37274169921875,-158.003662109375,161.02200317382812,212.6849365234375,-198.1231231689453,pull,16,2025-11-18T13:52:50.152795,my_hand_data\videos\pull_seq16_20251118_135249_694859.avi,89.78766563891388,360,90,HIGH,VIDEO_RECORDING,2025-11-18T13:52:53.782478
2025-11-18 13:52:50.163076,42,517,HandType.Right,0.7196572422981262,157.6919403076172,204.3133087158203,-117.5988540649414,-0.3818911612033844,-0.8604205250740051,-0.33739539980888367,-92.24993896484375,7.136219024658203,66.09971618652344,0.0,0.1288120597600937,42.82830810546875,0,1,1,1,1,129.40432739257812,204.37274169921875,-158.003662109375,161.02200317382812,212.6849365234375,-198.1231231689453,pull,16,2025-11-18T13:52:50.163076,my_hand_data\videos\pull_seq16_20251118_135249_694859.avi,89.78766563891388,360,90,HIGH,VIDEO_RECORDING,2025-11-18T13:52:53.782478
2025-11-18 13:52:50.183455,43,517,HandType.Right,0.7259207963943481,154.83935546875,204.6230926513672,-115.26940155029297,-0.3764447867870331,-0.8634907007217407,-0.33566814661026,-83.47105407714844,8.410219192504883,70.94159698486328,0.0,0.10288809984922409,43.60886764526367,0,1,1,1,1,125.92530059814453,204.70298767089844,-155.67747497558594,158.4007110595703,213.6756134033203,-196.16278076171875,pull,16,2025-11-18T13:52:50.183455,my_hand_data\videos\pull_seq16_20251118_135249_694859.avi,89.78766563891388,360,90,HIGH,VIDEO_RECORDING,2025-11-18T13:52:53.782478
2025-11-18 13:52:50.189582,44,517,HandType.Right,0.7259207963943481,154.83935546875,204.6230926513672,-115.26940155029297,-0.3764447867870331,-0.8634907007217407,-0.33566814661026,-83.47105407714844,8.410219192504883,70.94159698486328,0.0,0.10288809984922409,43.60886764526367,0,1,1,1,1,125.92530059814453,204.70298767089844,-155.67747497558594,158.4007110595703,213.6756134033203,-196.16278076171875,pull,16,2025-11-18T13:52:50.189582,my_hand_data\videos\pull_seq16_20251118_135249_694859.avi,89.78766563891388,360,90,HIGH,VIDEO_RECORDING,2025-11-18T13:52:53.782478
2025-11-18 13:52:50.203731,45,517,HandType.Right,0.7287612557411194,153.9453125,204.65689086914062,-114.44578552246094,-0.3753117322921753,-0.8642589449882507,-0.33495911955833435,-79.7332534790039,3.0143449306488037,73.45161437988281,0.0,0.09447237104177475,43.85953903198242,0,1,1,1,1,124.75956726074219,204.7582244873047,-154.85694885253906,157.5076446533203,213.9315643310547,-195.47496032714844,pull,16,2025-11-18T13:52:50.203731,my_hand_data\videos\pull_seq16_20251118_135249_694859.avi,89.78766563891388,360,90,HIGH,VIDEO_RECORDING,2025-11-18T13:52:53.782478
2025-11-18 13:52:50.203731,46,517,HandType.Right,0.7300772666931152,152.91378784179688,204.6436767578125,-113.60372924804688,-0.37317851185798645,-0.8656139969825745,-0.33384162187576294,-94.76559448242188,-1.2143869400024414,77.35935974121094,0.0,0.08599428832530975,44.113487243652344,0,1,1,1,1,123.58341979980469,204.55433654785156,-153.89459228515625,156.47079467773438,214.0586700439453,-194.7164764404297,pull,16,2025-11-18T13:52:50.203731,my_hand_data\videos\pull_seq16_20251118_135249_694859.avi,89.78766563891388,360,90,HIGH,VIDEO_RECORDING,2025-11-18T13:52:53.782478
2025-11-18 13:52:50.224309,47,517,HandType.Right,0.7309038043022156,151.81842041015625,204.5816192626953,-112.78605651855469,-0.37189990282058716,-0.8666509985923767,-0.33257558941841125,-97.58321380615234,-5.528228759765625,72.84359741210938,0.0,0.0794452652335167,44.375694274902344,0,1,1,1,1,122.26134490966797,204.1282196044922,-153.02297973632812,155.25599670410156,214.05581665039062,-193.95909118652344,pull,16,2025-11-18T13:52:50.224309,my_hand_data\videos\pull_seq16_20251118_135249_694859.avi,89.78766563891388,360,90,HIGH,VIDEO_RECORDING,2025-11-18T13:52:53.782478
2025-11-18 13:52:50.233874,48,517,HandType.Right,0.732215166091919,150.66342163085938,204.42724609375,-112.00223541259766,-0.3707037568092346,-0.8677405714988708,-0.3310665786266327,-104.06256103515625,-13.908952713012695,70.62098693847656,0.0,0.07506158947944641,44.46635055541992,0,1,1,1,1,120.92425537109375,203.94979858398438,-152.1776885986328,153.85440063476562,214.06544494628906,-193.3211212158203,pull,16,2025-11-18T13:52:50.233874,my_hand_data\videos\pull_seq16_20251118_135249_694859.avi,89.78766563891388,360,90,HIGH,VIDEO_RECORDING,2025-11-18T13:52:53.782478
2025-11-18 13:52:50.243905,49,517,HandType.Right,0.7342677116394043,149.54713439941406,204.3492889404297,-111.14356994628906,-0.3701171278953552,-0.8685608506202698,-0.32956841588020325,-100.205810546875,-6.998261451721191,77.07971954345703,0.0,0.0726168304681778,44.565616607666016,0,1,1,1,1,119.55272674560547,203.7350311279297,-151.286865234375,152.37876892089844,213.97315979003906,-192.60052490234375,pull,16,2025-11-18T13:52:50.243905,my_hand_data\videos\pull_seq16_20251118_135249_694859.avi,89.78766563891388,360,90,HIGH,VIDEO_RECORDING,2025-11-18T13:52:53.782478
2025-11-18 13:52:50.254267,50,517,HandType.Right,0.7369275093078613,148.39529418945312,204.20750427246094,-110.32674407958984,-0.3699149787425995,-0.8692893385887146,-0.32787033915519714,-103.6854019165039,-12.762928009033203,73.52787017822266,0.0,0.06679172813892365,44.736000061035156,0,1,1,1,1,118.19407653808594,203.5649871826172,-150.45770263671875,151.1404571533203,214.06214904785156,-191.8813934326172,pull,16,2025-11-18T13:52:50.254267,my_hand_data\videos\pull_seq16_20251118_135249_694859.avi,89.78766563891388,360,90,HIGH,VIDEO_RECORDING,2025-11-18T13:52:53.782478
2025-11-18 13:52:50.264409,51,517,HandType.Right,0.7369288802146912,147.22247314453125,204.09979248046875,-109.54042053222656,-0.37079596519470215,-0.8691497445106506,-0.3272446095943451,-104.52034759521484,-9.599852561950684,70.07654571533203,0.0,0.06891248375177383,44.69648742675781,0,1,1,1,1,116.97354125976562,203.37747192382812,-149.6534423828125,149.6392822265625,214.3104705810547,-191.095947265625,pull,16,2025-11-18T13:52:50.264409,my_hand_data\videos\pull_seq16_20251118_135249_694859.avi,89.78766563891388,360,90,HIGH,VIDEO_RECORDING,2025-11-18T13:52:53.782478
2025-11-18 13:52:50.274424,52,517,HandType.Right,0.7368610501289368,145.97332763671875,203.92044067382812,-108.75618743896484,-0.3697422742843628,-0.8704341053962708,-0.3250155448913574,-113.13639831542969,-16.242883682250977,71.02897644042969,0.0,0.06730141490697861,44.728572845458984,0,1,1,1,1,115.65685272216797,203.00868225097656,-148.81492614746094,148.16600036621094,214.2347412109375,-190.37405395507812,pull,16,2025-11-18T13:52:50.274424,my_hand_data\videos\pull_seq16_20251118_135249_694859.avi,89.78766563891388,360,90,HIGH,VIDEO_RECORDING,2025-11-18T13:52:53.782478
2025-11-18 13:52:50.295617,53,517,HandType.Right,0.7424106001853943,143.52073669433594,203.5578155517578,-107.10863494873047,-0.36822015047073364,-0.8721432685852051,-0.3221491277217865,-110.49940490722656,-19.816274642944336,69.94408416748047,0.0,0.050402674823999405,45.14178466796875,0,1,1,1,1,112.7679214477539,202.62937927246094,-147.09010314941406,145.29115295410156,214.86326599121094,-189.14422607421875,pull,16,2025-11-18T13:52:50.295617,my_hand_data\videos\pull_seq16_20251118_135249_694859.avi,89.78766563891388,360,90,HIGH,VIDEO_RECORDING,2025-11-18T13:52:53.782478
2025-11-18 13:52:50.300658,54,517,HandType.Right,0.7424106001853943,143.52073669433594,203.5578155517578,-107.10863494873047,-0.36822015047073364,-0.8721432685852051,-0.3221491277217865,-110.49940490722656,-19.816274642944336,69.94408416748047,0.0,0.050402674823999405,45.14178466796875,0,1,1,1,1,112.7679214477539,202.62937927246094,-147.09010314941406,145.29115295410156,214.86326599121094,-189.14422607421875,pull,16,2025-11-18T13:52:50.300658,my_hand_data\videos\pull_seq16_20251118_135249_694859.avi,89.78766563891388,360,90,HIGH,VIDEO_RECORDING,2025-11-18T13:52:53.782478
2025-11-18 13:52:50.314683,55,517,HandType.Right,0.7437883615493774,142.2943878173828,203.33187866210938,-106.30661010742188,-0.36766165494918823,-0.8729127049446106,-0.3206997811794281,-109.1732406616211,-20.11328887939453,71.39915466308594,0.0,0.05085080862045288,45.14657974243164,0,1,1,1,1,111.29288482666016,202.40249633789062,-146.2259521484375,143.61326599121094,214.72274780273438,-188.3972625732422,pull,16,2025-11-18T13:52:50.314683,my_hand_data\videos\pull_seq16_20251118_135249_694859.avi,89.78766563891388,360,90,HIGH,VIDEO_RECORDING,2025-11-18T13:52:53.782478
2025-11-18 13:52:50.314683,56,517,HandType.Right,0.7454447746276855,141.08322143554688,203.0616912841797,-105.55867767333984,-0.3675433397293091,-0.8733121752738953,-0.3197464048862457,-110.06654357910156,-24.554420471191406,67.96913146972656,0.0,0.05718068778514862,45.024654388427734,0,1,1,1,1,109.89816284179688,202.0773162841797,-145.37179565429688,141.73760986328125,214.45826721191406,-187.6049041748047,pull,16,2025-11-18T13:52:50.314683,my_hand_data\videos\pull_seq16_20251118_135249_694859.avi,89.78766563891388,360,90,HIGH,VIDEO_RECORDING,2025-11-18T13:52:53.782478
2025-11-18 13:52:50.335626,57,517,HandType.Right,0.748253345489502,139.88031005859375,202.82391357421875,-104.7347640991211,-0.36767953634262085,-0.8735958337783813,-0.3188134729862213,-107.27827453613281,-21.204816818237305,73.47831726074219,0.0,0.05796126276254654,45.1237907409668,0,1,1,1,1,108.30245971679688,201.58392333984375,-144.52879333496094,139.97657775878906,214.20458984375,-186.7887725830078,pull,16,2025-11-18T13:52:50.335626,my_hand_data\videos\pull_seq16_20251118_135249_694859.avi,89.78766563891388,360,90,HIGH,VIDEO_RECORDING,2025-11-18T13:52:53.782478
2025-11-18 13:52:50.335626,58,517,HandType.Right,0.7492049932479858,138.74835205078125,202.63577270507812,-103.8763656616211,-0.36834725737571716,-0.8733799457550049,-0.3186342716217041,-100.6268539428711,-16.725128173828125,76.30890655517578,0.0,0.056711409240961075,45.30747604370117,0,1,1,1,1,106.8418197631836,201.0851593017578,-143.62794494628906,138.5646209716797,213.70347595214844,-185.92213439941406,pull,16,2025-11-18T13:52:50.335626,my_hand_data\videos\pull_seq16_20251118_135249_694859.avi,89.78766563891388,360,90,HIGH,VIDEO_RECORDING,2025-11-18T13:52:53.782478
2025-11-18 13:52:50.356079,59,517,HandType.Right,0.7523856163024902,137.50692749023438,202.35821533203125,-102.99744415283203,-0.3676788806915283,-0.8742284774780273,-0.31707537174224854,-112.57990264892578,-25.170665740966797,79.70616149902344,0.0,0.047958895564079285,45.668312072753906,0,1,1,1,1,105.19161987304688,200.4975128173828,-142.57662963867188,136.99832153320312,213.5192108154297,-185.08355712890625,pull,16,2025-11-18T13:52:50.356079,my_hand_data\videos\pull_seq16_20251118_135249_694859.avi,89.78766563891388,360,90,HIGH,VIDEO_RECORDING,2025-11-18T13:52:53.782478
2025-11-18 13:52:50.366179,60,517,HandType.Right,0.7556076645851135,136.29141235351562,202.1455841064453,-102.21216583251953,-0.3670700490474701,-0.8750621676445007,-0.3154771327972412,-109.9915771484375,-19.240659713745117,71.05929565429688,0.0,0.03891576826572418,45.90754318237305,0,1,1,1,1,103.75444793701172,200.19723510742188,-141.64952087402344,135.5972442626953,213.5124053955078,-184.45237731933594,pull,16,2025-11-18T13:52:50.366179,my_hand_data\videos\pull_seq16_20251118_135249_694859.avi,89.78766563891388,360,90,HIGH,VIDEO_RECORDING,2025-11-18T13:52:53.782478
2025-11-18 13:52:50.376198,61,517,HandType.Right,0.7570710182189941,134.959716796875,201.8558807373047,-101.4280776977539,-0.36730891466140747,-0.8760333061218262,-0.312489777803421,-121.3506088256836,-26.399045944213867,71.45014190673828,0.0,0.027771800756454468,46.19389724731445,0,1,1,1,1,102.24800109863281,199.75930786132812,-140.57955932617188,134.06500244140625,213.3890838623047,-183.8134765625,pull,16,2025-11-18T13:52:50.376198,my_hand_data\videos\pull_seq16_20251118_135249_694859.avi,89.78766563891388,360,90,HIGH,VIDEO_RECORDING,2025-11-18T13:52:53.782478
2025-11-18 13:52:50.386246,62,517,HandType.Right,0.7586317658424377,133.6500701904297,201.6116485595703,-100.69499969482422,-0.36823663115501404,-0.8761652708053589,-0.31102439761161804,-116.75570678710938,-21.77361488342285,65.3538589477539,0.0,0.021197723224759102,46.370147705078125,0,1,1,1,1,100.69359588623047,199.5039520263672,-139.75074768066406,132.5614471435547,213.27642822265625,-183.21090698242188,pull,16,2025-11-18T13:52:50.386246,my_hand_data\videos\pull_seq16_20251118_135249_694859.avi,89.78766563891388,360,90,HIGH,VIDEO_RECORDING,2025-11-18T13:52:53.782478
2025-11-18 13:52:50.405907,63,517,HandType.Right,0.7615782022476196,130.86080932617188,201.3686065673828,-98.97881317138672,-0.3676814138889313,-0.8776721954345703,-0.3074116110801697,-124.99293518066406,-8.319843292236328,77.35247039794922,0.0,0.0002454482309985906,46.90483856201172,0,1,1,1,1,97.63285827636719,198.80238342285156,-137.62074279785156,129.49594116210938,213.25686645507812,-181.8338623046875,pull,16,2025-11-18T13:52:50.405907,my_hand_data\videos\pull_seq16_20251118_135249_694859.avi,89.78766563891388,360,90,HIGH,VIDEO_RECORDING,2025-11-18T13:52:53.782478
2025-11-18 13:52:50.409354,64,517,HandType.Right,0.7615782022476196,130.86080932617188,201.3686065673828,-98.97881317138672,-0.3676814138889313,-0.8776721954345703,-0.3074116110801697,-124.99293518066406,-8.319843292236328,77.35247039794922,0.0,0.0002454482309985906,46.90483856201172,0,1,1,1,1,97.63285827636719,198.80238342285156,-137.62074279785156,129.49594116210938,213.25686645507812,-181.8338623046875,pull,16,2025-11-18T13:52:50.409354,my_hand_data\videos\pull_seq16_20251118_135249_694859.avi,89.78766563891388,360,90,HIGH,VIDEO_RECORDING,2025-11-18T13:52:53.782478
2025-11-18 13:52:50.426354,65,517,HandType.Right,0.7637436985969543,129.46153259277344,201.287353515625,-98.09457397460938,-0.36672669649124146,-0.8786022663116455,-0.3058915436267853,-126.23204040527344,-7.329893112182617,79.76890563964844,0.0,0.0,46.947166442871094,0,1,1,1,1,96.15140533447266,198.64280700683594,-136.62893676757812,127.84640502929688,213.2275390625,-181.09312438964844,pull,16,2025-11-18T13:52:50.426354,my_hand_data\videos\pull_seq16_20251118_135249_694859.avi,89.78766563891388,360,90,HIGH,VIDEO_RECORDING,2025-11-18T13:52:53.782478
2025-11-18 13:52:50.426354,66,517,HandType.Right,0.7637436985969543,129.46153259277344,201.287353515625,-98.09457397460938,-0.36672669649124146,-0.8786022663116455,-0.3058915436267853,-126.23204040527344,-7.329893112182617,79.76890563964844,0.0,0.0,46.947166442871094,0,1,1,1,1,96.15140533447266,198.64280700683594,-136.62893676757812,127.84640502929688,213.2275390625,-181.09312438964844,pull,16,2025-11-18T13:52:50.426354,my_hand_data\videos\pull_seq16_20251118_135249_694859.avi,89.78766563891388,360,90,HIGH,VIDEO_RECORDING,2025-11-18T13:52:53.782478
2025-11-18 13:52:50.446817,67,517,HandType.Right,0.7687138915061951,126.66188049316406,201.02113342285156,-96.4238052368164,-0.3666926622390747,-0.8794764280319214,-0.3034101128578186,-126.49486541748047,-11.447062492370605,76.25947570800781,0.0,0.0,43.673484802246094,0,1,1,1,1,93.12126159667969,197.96925354003906,-134.7131805419922,124.3868637084961,213.3007049560547,-179.64788818359375,pull,16,2025-11-18T13:52:50.446817,my_hand_data\videos\pull_seq16_20251118_135249_694859.avi,89.78766563891388,360,90,HIGH,VIDEO_RECORDING,2025-11-18T13:52:53.782478
2025-11-18 13:52:50.451575,68,517,HandType.Right,0.7701956033706665,125.30986022949219,200.9392852783203,-95.60781860351562,-0.36756575107574463,-0.8793400526046753,-0.3027481436729431,-120.47904205322266,-7.293683052062988,72.71351623535156,0.0,0.0,43.23735046386719,0,1,1,1,1,91.6417236328125,197.8059539794922,-133.7207489013672,122.73531341552734,213.19857788085938,-178.95535278320312,pull,16,2025-11-18T13:52:50.451575,my_hand_data\videos\pull_seq16_20251118_135249_694859.avi,89.78766563891388,360,90,HIGH,VIDEO_RECORDING,2025-11-18T13:52:53.782478
2025-11-18 13:52:50.466944,69,517,HandType.Right,0.7706431150436401,123.86540985107422,200.8687744140625,-94.7437515258789,-0.368824303150177,-0.8790911436080933,-0.30193933844566345,-128.27076721191406,-6.261923313140869,76.7309799194336,0.0,0.0,41.226924896240234,0,1,1,1,1,90.0995101928711,197.4553680419922,-132.6396942138672,120.99748992919922,213.23175048828125,-178.1402587890625,pull,16,2025-11-18T13:52:50.466944,my_hand_data\videos\pull_seq16_20251118_135249_694859.avi,89.78766563891388,360,90,HIGH,VIDEO_RECORDING,2025-11-18T13:52:53.782478
2025-11-18 13:52:50.477294,70,517,HandType.Right,0.7727217674255371,122.40199279785156,200.7456512451172,-93.8376693725586,-0.36957401037216187,-0.8791529536247253,-0.30084073543548584,-136.71621704101562,-11.502372741699219,84.64856719970703,0.0,0.0,40.831451416015625,0,1,1,1,1,88.43850708007812,197.1482696533203,-131.5453643798828,119.24214935302734,212.982177734375,-177.35919189453125,pull,16,2025-11-18T13:52:50.477294,my_hand_data\videos\pull_seq16_20251118_135249_694859.avi,89.78766563891388,360,90,HIGH,VIDEO_RECORDING,2025-11-18T13:52:53.782478
2025-11-18 13:52:50.487606,71,517,HandType.Right,0.7760108709335327,120.97422790527344,200.6046905517578,-92.94781494140625,-0.37073802947998047,-0.8790600299835205,-0.2996777594089508,-127.99330139160156,-12.636734008789062,79.77175903320312,0.0,0.0,41.80819320678711,0,1,1,1,1,86.73223876953125,196.9130401611328,-130.5403594970703,117.45968627929688,212.43191528320312,-176.58468627929688,pull,16,2025-11-18T13:52:50.487606,my_hand_data\videos\pull_seq16_20251118_135249_694859.avi,89.78766563891388,360,90,HIGH,VIDEO_RECORDING,2025-11-18T13:52:53.782478
2025-11-18 13:52:50.497887,72,517,HandType.Right,0.7775304317474365,119.57394409179688,200.50379943847656,-92.03294372558594,-0.3716079890727997,-0.8787251710891724,-0.2995823323726654,-125.0365982055664,-9.00939655303955,81.6923599243164,0.0,0.0,43.14653015136719,0,1,1,1,1,85.18580627441406,196.64154052734375,-129.5821075439453,115.71710968017578,211.9571990966797,-175.68553161621094,pull,16,2025-11-18T13:52:50.497887,my_hand_data\videos\pull_seq16_20251118_135249_694859.avi,89.78766563891388,360,90,HIGH,VIDEO_RECORDING,2025-11-18T13:52:53.782478
2025-11-18 13:52:50.507976,73,517,HandType.Right,0.7784827351570129,118.2006607055664,200.36863708496094,-91.13671875,-0.37208887934684753,-0.8786905407905579,-0.2990865707397461,-122.2873764038086,-12.035248756408691,79.80670928955078,0.0,0.0,44.22068405151367,0,1,1,1,1,83.59566497802734,196.0801239013672,-128.5187530517578,113.90277099609375,211.252685546875,-174.7552947998047,pull,16,2025-11-18T13:52:50.507976,my_hand_data\videos\pull_seq16_20251118_135249_694859.avi,89.78766563891388,360,90,HIGH,VIDEO_RECORDING,2025-11-18T13:52:53.782478
2025-11-18 13:52:50.528483,74,517,HandType.Right,0.7813109159469604,116.75559997558594,200.27908325195312,-90.19771575927734,-0.3722125291824341,-0.8792186379432678,-0.2973758280277252,-130.18551635742188,-8.067737579345703,84.59447479248047,0.0,0.0,44.32887268066406,0,1,1,1,1,81.91466522216797,195.83285522460938,-127.34735107421875,112.11798858642578,210.97567749023438,-173.8310089111328,pull,16,2025-11-18T13:52:50.528483,my_hand_data\videos\pull_seq16_20251118_135249_694859.avi,89.78766563891388,360,90,HIGH,VIDEO_RECORDING,2025-11-18T13:52:53.782478
2025-11-18 13:52:50.528483,75,517,HandType.Right,0.7846726179122925,115.36099243164062,200.2025604248047,-89.27206420898438,-0.3725804090499878,-0.8795754909515381,-0.2958561182022095,-122.82943725585938,-6.739446640014648,81.52653503417969,0.0,0.0,43.98765563964844,0,1,1,1,1,80.26173400878906,195.53565979003906,-126.28765106201172,110.57410430908203,210.74664306640625,-172.82894897460938,pull,16,2025-11-18T13:52:50.528483,my_hand_data\videos\pull_seq16_20251118_135249_694859.avi,89.78766563891388,360,90,HIGH,VIDEO_RECORDING,2025-11-18T13:52:53.782478
2025-11-18 13:52:50.549483,76,517,HandType.Right,0.7869773507118225,113.9930419921875,200.03823852539062,-88.3603286743164,-0.37431615591049194,-0.8792120814323425,-0.2947431206703186,-124.59681701660156,-14.9679536819458,83.04399108886719,0.0,0.0,43.284488677978516,0,1,1,1,1,78.69742584228516,195.24282836914062,-125.1828842163086,108.89472198486328,210.57122802734375,-171.91111755371094,pull,16,2025-11-18T13:52:50.549483,my_hand_data\videos\pull_seq16_20251118_135249_694859.avi,89.78766563891388,360,90,HIGH,VIDEO_RECORDING,2025-11-18T13:52:53.782478
2025-11-18 13:52:50.553285,77,517,HandType.Right,0.7898485660552979,112.73087310791016,199.84434509277344,-87.44666290283203,-0.37582316994667053,-0.8786483407020569,-0.29450634121894836,-116.07225799560547,-17.830018997192383,84.02272033691406,0.0,0.0,43.99842834472656,0,1,1,1,1,77.16222381591797,194.97335815429688,-124.1809310913086,107.23104858398438,210.23614501953125,-170.9295196533203,pull,16,2025-11-18T13:52:50.553285,my_hand_data\videos\pull_seq16_20251118_135249_694859.avi,89.78766563891388,360,90,HIGH,VIDEO_RECORDING,2025-11-18T13:52:53.782478
2025-11-18 13:52:50.569903,78,517,HandType.Right,0.7924116253852844,111.44127655029297,199.554443359375,-86.51606750488281,-0.37603259086608887,-0.8789406418800354,-0.2933647632598877,-115.13252258300781,-25.88263511657715,83.08151245117188,0.0,0.0,43.6336669921875,0,1,1,1,1,75.69348907470703,194.5963134765625,-123.09624481201172,105.78438568115234,209.9817352294922,-169.99636840820312,pull,16,2025-11-18T13:52:50.569903,my_hand_data\videos\pull_seq16_20251118_135249_694859.avi,89.78766563891388,360,90,HIGH,VIDEO_RECORDING,2025-11-18T13:52:53.782478
2025-11-18 13:52:50.569903,79,517,HandType.Right,0.7949608564376831,110.21417236328125,199.38629150390625,-85.64509582519531,-0.3771899342536926,-0.8788669109344482,-0.2920970916748047,-111.7481460571289,-15.31224536895752,79.31635284423828,0.0,0.0,43.1744384765625,0,1,1,1,1,74.32965087890625,194.2930145263672,-122.1177749633789,104.30574798583984,209.75173950195312,-169.11972045898438,pull,16,2025-11-18T13:52:50.569903,my_hand_data\videos\pull_seq16_20251118_135249_694859.avi,89.78766563891388,360,90,HIGH,VIDEO_RECORDING,2025-11-18T13:52:53.782478
2025-11-18 13:52:50.590360,80,517,HandType.Right,0.797838568687439,109.00112915039062,199.19483947753906,-84.78030395507812,-0.3765701949596405,-0.8795167803764343,-0.29093825817108154,-108.64659881591797,-17.1478328704834,77.45547485351562,0.0,0.0,43.01272201538086,0,1,1,1,1,73.04277038574219,193.95494079589844,-121.16456604003906,102.94507598876953,209.4889678955078,-168.25579833984375,pull,16,2025-11-18T13:52:50.590360,my_hand_data\videos\pull_seq16_20251118_135249_694859.avi,89.78766563891388,360,90,HIGH,VIDEO_RECORDING,2025-11-18T13:52:53.782478
2025-11-18 13:52:50.596077,81,517,HandType.Right,0.797838568687439,109.00112915039062,199.19483947753906,-84.78030395507812,-0.3765701949596405,-0.8795167803764343,-0.29093825817108154,-108.64659881591797,-17.1478328704834,77.45547485351562,0.0,0.0,43.01272201538086,0,1,1,1,1,73.04277038574219,193.95494079589844,-121.16456604003906,102.94507598876953,209.4889678955078,-168.25579833984375,pull,16,2025-11-18T13:52:50.596077,my_hand_data\videos\pull_seq16_20251118_135249_694859.avi,89.78766563891388,360,90,HIGH,VIDEO_RECORDING,2025-11-18T13:52:53.782478
2025-11-18 13:52:50.610791,82,517,HandType.Right,0.8019920587539673,106.80213928222656,198.77645874023438,-82.99855041503906,-0.3762784004211426,-0.880218505859375,-0.2891885042190552,-97.03166961669922,-19.59695053100586,80.89637756347656,0.0,0.0,42.10003662109375,0,1,1,1,1,70.59996795654297,193.19277954101562,-119.23991394042969,100.31108856201172,209.01004028320312,-166.4817657470703,pull,16,2025-11-18T13:52:50.610791,my_hand_data\videos\pull_seq16_20251118_135249_694859.avi,89.78766563891388,360,90,HIGH,VIDEO_RECORDING,2025-11-18T13:52:53.782478
2025-11-18 13:52:50.621152,83,517,HandType.Right,0.8036550283432007,105.70611572265625,198.48216247558594,-82.01325225830078,-0.37658703327178955,-0.8802933096885681,-0.28855830430984497,-98.54544067382812,-26.460582733154297,88.58953857421875,0.0,0.0,41.929115295410156,0,1,1,1,1,69.32364654541016,192.71337890625,-118.20452117919922,98.96831512451172,208.61611938476562,-165.52110290527344,pull,16,2025-11-18T13:52:50.621152,my_hand_data\videos\pull_seq16_20251118_135249_694859.avi,89.78766563891388,360,90,HIGH,VIDEO_RECORDING,2025-11-18T13:52:53.782478
2025-11-18 13:52:50.631513,84,517,HandType.Right,0.8036550283432007,105.70611572265625,198.48216247558594,-82.01325225830078,-0.37658703327178955,-0.8802933096885681,-0.28855830430984497,-98.54544067382812,-26.460582733154297,88.58953857421875,0.0,0.0,41.929115295410156,0,1,1,1,1,69.32364654541016,192.71337890625,-118.20452117919922,98.96831512451172,208.61611938476562,-165.52110290527344,pull,16,2025-11-18T13:52:50.631513,my_hand_data\videos\pull_seq16_20251118_135249_694859.avi,89.78766563891388,360,90,HIGH,VIDEO_RECORDING,2025-11-18T13:52:53.782478
2025-11-18 13:52:50.641520,85,517,HandType.Right,0.8079500198364258,103.56765747070312,197.80938720703125,-80.16524505615234,-0.3774087727069855,-0.8805387616157532,-0.28672999143600464,-98.03092193603516,-31.66792106628418,82.56120300292969,0.0,0.0,42.754390716552734,0,1,1,1,1,66.55931854248047,191.88934326171875,-116.31883239746094,96.3423080444336,207.6027069091797,-163.7440643310547,pull,16,2025-11-18T13:52:50.641520,my_hand_data\videos\pull_seq16_20251118_135249_694859.avi,89.78766563891388,360,90,HIGH,VIDEO_RECORDING,2025-11-18T13:52:53.782478
2025-11-18 13:52:50.651598,86,517,HandType.Right,0.8087347745895386,102.41504669189453,197.36317443847656,-79.28334045410156,-0.3774874210357666,-0.8808972835540771,-0.2855226695537567,-102.66449737548828,-39.745384216308594,78.55194091796875,0.0,0.0,42.06521987915039,0,1,1,1,1,65.22684478759766,191.2773895263672,-115.44039916992188,95.09855651855469,207.17027282714844,-162.93882751464844,pull,16,2025-11-18T13:52:50.651598,my_hand_data\videos\pull_seq16_20251118_135249_694859.avi,89.78766563891388,360,90,HIGH,VIDEO_RECORDING,2025-11-18T13:52:53.782478
2025-11-18 13:52:50.672385,87,517,HandType.Right,0.8122726678848267,100.07783508300781,196.16888427734375,-77.37861633300781,-0.3782905042171478,-0.8817132711410522,-0.28191840648651123,-104.97119903564453,-53.55438995361328,84.37305450439453,0.0,0.0,41.19306945800781,0,1,1,1,1,62.476036071777344,189.81898498535156,-113.44648742675781,92.4052963256836,205.85328674316406,-161.31031799316406,pull,16,2025-11-18T13:52:50.672385,my_hand_data\videos\pull_seq16_20251118_135249_694859.avi,89.78766563891388,360,90,HIGH,VIDEO_RECORDING,2025-11-18T13:52:53.782478
2025-11-18 13:52:50.672385,88,517,HandType.Right,0.8122726678848267,100.07783508300781,196.16888427734375,-77.37861633300781,-0.3782905042171478,-0.8817132711410522,-0.28191840648651123,-104.97119903564453,-53.55438995361328,84.37305450439453,0.0,0.0,41.19306945800781,0,1,1,1,1,62.476036071777344,189.81898498535156,-113.44648742675781,92.4052963256836,205.85328674316406,-161.31031799316406,pull,16,2025-11-18T13:52:50.672385,my_hand_data\videos\pull_seq16_20251118_135249_694859.avi,89.78766563891388,360,90,HIGH,VIDEO_RECORDING,2025-11-18T13:52:53.782478
2025-11-18 13:52:50.692430,89,517,HandType.Right,0.8145679235458374,98.98703002929688,195.69223022460938,-76.45804595947266,-0.37905868887901306,-0.8820037245750427,-0.27997124195098877,-97.55050659179688,-42.62706756591797,82.326171875,0.0,0.0,41.253639221191406,0,1,1,1,1,61.07958221435547,189.10545349121094,-112.4321060180664,91.04862976074219,205.1154327392578,-160.4456329345703,pull,16,2025-11-18T13:52:50.692430,my_hand_data\videos\pull_seq16_20251118_135249_694859.avi,89.78766563891388,360,90,HIGH,VIDEO_RECORDING,2025-11-18T13:52:53.782478
2025-11-18 13:52:50.696222,90,517,HandType.Right,0.8160715699195862,97.88780975341797,195.29771423339844,-75.53367614746094,-0.3808288872241974,-0.8816527128219604,-0.278671532869339,-99.74768829345703,-35.80042266845703,83.88054656982422,0.0,0.0,41.865966796875,0,1,1,1,1,59.75993347167969,188.6266326904297,-111.49771881103516,89.70689392089844,204.4333953857422,-159.55104064941406,pull,16,2025-11-18T13:52:50.696222,my_hand_data\videos\pull_seq16_20251118_135249_694859.avi,89.78766563891388,360,90,HIGH,VIDEO_RECORDING,2025-11-18T13:52:53.782478
2025-11-18 13:52:50.712881,91,517,HandType.Right,0.8159212470054626,96.73561096191406,194.90499877929688,-74.62165832519531,-0.3839535713195801,-0.8806992769241333,-0.27739572525024414,-100.93724060058594,-34.403438568115234,79.89667510986328,0.0,0.0,41.4709587097168,0,1,1,1,1,58.37423324584961,188.07530212402344,-110.51889038085938,88.2469482421875,204.0147247314453,-158.6846923828125,pull,16,2025-11-18T13:52:50.712881,my_hand_data\videos\pull_seq16_20251118_135249_694859.avi,89.78766563891388,360,90,HIGH,VIDEO_RECORDING,2025-11-18T13:52:53.782478
2025-11-18 13:52:50.723073,92,517,HandType.Right,0.8165108561515808,95.5429458618164,194.5109405517578,-73.671875,-0.3876142203807831,-0.8793866634368896,-0.2764676511287689,-107.56322479248047,-35.538734436035156,85.65839385986328,0.0,0.0,41.40456771850586,0,1,1,1,1,56.986141204833984,187.56092834472656,-109.43910217285156,86.68954467773438,203.62991333007812,-157.73416137695312,pull,16,2025-11-18T13:52:50.723073,my_hand_data\videos\pull_seq16_20251118_135249_694859.avi,89.78766563891388,360,90,HIGH,VIDEO_RECORDING,2025-11-18T13:52:53.782478
2025-11-18 13:52:50.733239,93,517,HandType.Right,0.8168920874595642,94.41619873046875,194.16697692871094,-72.68925476074219,-0.39016640186309814,-0.8784180879592896,-0.2759561538696289,-101.50932312011719,-30.987346649169922,88.52497100830078,0.0,0.0,41.16704177856445,0,1,1,1,1,55.62363052368164,187.14535522460938,-108.37212371826172,85.17997741699219,203.43955993652344,-156.7670440673828,pull,16,2025-11-18T13:52:50.733239,my_hand_data\videos\pull_seq16_20251118_135249_694859.avi,89.78766563891388,360,90,HIGH,VIDEO_RECORDING,2025-11-18T13:52:53.782478
2025-11-18 13:52:50.743722,94,517,HandType.Right,0.8169034123420715,93.32756042480469,193.9105224609375,-71.81562042236328,-0.3930477201938629,-0.8772231340408325,-0.27566829323768616,-99.48237609863281,-23.436317443847656,79.83460998535156,0.0,0.0,41.334693908691406,0,1,1,1,1,54.3638916015625,186.82322692871094,-107.35669708251953,83.97061157226562,203.3507080078125,-155.95721435546875,pull,16,2025-11-18T13:52:50.743722,my_hand_data\videos\pull_seq16_20251118_135249_694859.avi,89.78766563891388,360,90,HIGH,VIDEO_RECORDING,2025-11-18T13:52:53.782478
2025-11-18 13:52:50.753754,95,517,HandType.Right,0.8176923394203186,92.19046020507812,193.6168212890625,-70.92967224121094,-0.3958851397037506,-0.8761088848114014,-0.2751511335372925,-103.11949920654297,-26.634424209594727,80.34368133544922,0.0,0.0,41.58712387084961,0,1,1,1,1,53.00357437133789,186.35049438476562,-106.37535095214844,82.716796875,202.9866180419922,-155.11741638183594,pull,16,2025-11-18T13:52:50.753754,my_hand_data\videos\pull_seq16_20251118_135249_694859.avi,89.78766563891388,360,90,HIGH,VIDEO_RECORDING,2025-11-18T13:52:53.782478
2025-11-18 13:52:50.763880,96,517,HandType.Right,0.8189681768417358,91.02056884765625,193.33010864257812,-70.04067993164062,-0.39806967973709106,-0.8753830194473267,-0.27430838346481323,-106.12252044677734,-26.007436752319336,80.6414566040039,0.0,0.0,41.77946853637695,0,1,1,1,1,51.61162567138672,185.9181365966797,-105.38754272460938,81.30345916748047,202.5819091796875,-154.2395782470703,pull,16,2025-11-18T13:52:50.763880,my_hand_data\videos\pull_seq16_20251118_135249_694859.avi,89.78766563891388,360,90,HIGH,VIDEO_RECORDING,2025-11-18T13:52:53.782478
2025-11-18 13:52:50.774320,97,517,HandType.Right,0.8188371658325195,89.82239532470703,193.04443359375,-69.17827606201172,-0.39965784549713135,-0.8747929930686951,-0.27388110756874084,-107.5268325805664,-25.637609481811523,77.39405059814453,0.0,0.0,41.8431396484375,0,1,1,1,1,50.294803619384766,185.57080078125,-104.49555206298828,80.00360107421875,202.20562744140625,-153.4236602783203,pull,16,2025-11-18T13:52:50.774320,my_hand_data\videos\pull_seq16_20251118_135249_694859.avi,89.78766563891388,360,90,HIGH,VIDEO_RECORDING,2025-11-18T13:52:53.782478
2025-11-18 13:52:50.794679,98,517,HandType.Right,0.8183273673057556,88.61555480957031,192.8109588623047,-68.31041717529297,-0.4002740681171417,-0.8747288584709167,-0.2731850743293762,-107.76310729980469,-20.84786033630371,77.4944839477539,0.0,0.0,41.937801361083984,0,1,1,1,1,48.94622039794922,185.1234893798828,-103.48648071289062,78.42372131347656,201.72879028320312,-152.5813751220703,pull,16,2025-11-18T13:52:50.794679,my_hand_data\videos\pull_seq16_20251118_135249_694859.avi,89.78766563891388,360,90,HIGH,VIDEO_RECORDING,2025-11-18T13:52:53.782478
2025-11-18 13:52:50.796199,99,517,HandType.Right,0.8183314800262451,87.3924789428711,192.59335327148438,-67.3792953491211,-0.40134570002555847,-0.8744412660598755,-0.2725328207015991,-108.63117218017578,-19.327733993530273,82.7000732421875,0.0,0.0,42.070526123046875,0,1,1,1,1,47.53587341308594,184.7430419921875,-102.41661834716797,76.8628921508789,201.40631103515625,-151.6489715576172,pull,16,2025-11-18T13:52:50.796199,my_hand_data\videos\pull_seq16_20251118_135249_694859.avi,89.78766563891388,360,90,HIGH,VIDEO_RECORDING,2025-11-18T13:52:53.782478
2025-11-18 13:52:50.815061,100,517,HandType.Right,0.8179494738578796,86.19122314453125,192.4138641357422,-66.42579650878906,-0.4035477638244629,-0.8734853267669678,-0.2723464369773865,-109.28416442871094,-16.328020095825195,86.74528503417969,0.0,0.0,42.234317779541016,0,1,1,1,1,46.12623977661133,184.3937225341797,-101.36795043945312,75.36990356445312,200.9876708984375,-150.6793212890625,pull,16,2025-11-18T13:52:50.815061,my_hand_data\videos\pull_seq16_20251118_135249_694859.avi,89.78766563891388,360,90,HIGH,VIDEO_RECORDING,2025-11-18T13:52:53.782478
2025-11-18 13:52:50.815061,101,517,HandType.Right,0.817653477191925,84.99674224853516,192.24073791503906,-65.4368896484375,-0.4049384295940399,-0.8728441596031189,-0.2723378837108612,-108.46159362792969,-15.720732688903809,89.79389190673828,0.0,0.0,42.32280731201172,0,1,1,1,1,44.83820724487305,184.08889770507812,-100.26113891601562,73.9919662475586,200.5224151611328,-149.6181182861328,pull,16,2025-11-18T13:52:50.815061,my_hand_data\videos\pull_seq16_20251118_135249_694859.avi,89.78766563891388,360,90,HIGH,VIDEO_RECORDING,2025-11-18T13:52:53.782478
2025-11-18 13:52:50.835146,102,517,HandType.Right,0.8178324103355408,83.83984375,192.11949157714844,-64.47550964355469,-0.4073812663555145,-0.8715017437934875,-0.2729930877685547,-102.05506896972656,-10.69532299041748,84.80826568603516,0.0,0.0,42.500205993652344,0,1,1,1,1,43.42453384399414,183.89910888671875,-99.20490264892578,72.70081329345703,200.03526306152344,-148.6271514892578,pull,16,2025-11-18T13:52:50.835146,my_hand_data\videos\pull_seq16_20251118_135249_694859.avi,89.78766563891388,360,90,HIGH,VIDEO_RECORDING,2025-11-18T13:52:53.782478
2025-11-18 13:52:50.844866,103,517,HandType.Right,0.8183574080467224,82.7002182006836,191.9399871826172,-63.52462387084961,-0.4085015654563904,-0.8708712458610535,-0.2733308970928192,-104.14218139648438,-16.40437889099121,86.8942642211914,0.0,0.0,42.57518768310547,0,1,1,1,1,42.13088607788086,183.68643188476562,-98.22230529785156,71.4793701171875,199.56739807128906,-147.657958984375,pull,16,2025-11-18T13:52:50.844866,my_hand_data\videos\pull_seq16_20251118_135249_694859.avi,89.78766563891388,360,90,HIGH,VIDEO_RECORDING,2025-11-18T13:52:53.782478
2025-11-18 13:52:50.854963,104,517,HandType.Right,0.8191158771514893,81.52249145507812,191.6293182373047,-62.649742126464844,-0.40928179025650024,-0.8703420162200928,-0.2738488018512726,-106.8910903930664,-28.196414947509766,79.40447235107422,0.0,0.0,43.05889129638672,0,1,1,1,1,40.90327835083008,183.34915161132812,-97.33495330810547,70.18742370605469,199.11825561523438,-146.7084503173828,pull,16,2025-11-18T13:52:50.854963,my_hand_data\videos\pull_seq16_20251118_135249_694859.avi,89.78766563891388,360,90,HIGH,VIDEO_RECORDING,2025-11-18T13:52:53.782478
2025-11-18 13:52:50.865259,105,517,HandType.Right,0.8198102712631226,80.32571411132812,191.30447387695312,-61.71219253540039,-0.40900200605392456,-0.8705253005027771,-0.2736842930316925,-107.41142272949219,-29.155139923095703,84.14567565917969,0.0,0.0,43.43159484863281,0,1,1,1,1,39.624820709228516,182.98765563964844,-96.38508605957031,69.04778289794922,198.541015625,-145.76254272460938,pull,16,2025-11-18T13:52:50.865259,my_hand_data\videos\pull_seq16_20251118_135249_694859.avi,89.78766563891388,360,90,HIGH,VIDEO_RECORDING,2025-11-18T13:52:53.782478
2025-11-18 13:52:50.875656,106,517,HandType.Right,0.8196981549263,79.19098663330078,191.05593872070312,-60.799007415771484,-0.4095248281955719,-0.8700037002563477,-0.2745595872402191,-101.04424285888672,-22.130727767944336,81.31672668457031,0.0,0.0,44.44607925415039,0,1,1,1,1,38.459285736083984,182.6857452392578,-95.45372772216797,67.92388153076172,197.9293670654297,-144.7786407470703,pull,16,2025-11-18T13:52:50.875656,my_hand_data\videos\pull_seq16_20251118_135249_694859.avi,89.78766563891388,360,90,HIGH,VIDEO_RECORDING,2025-11-18T13:52:53.782478
2025-11-18 13:52:50.886107,107,517,HandType.Right,0.8209823966026306,78.07697296142578,190.7415771484375,-59.91128921508789,-0.41068971157073975,-0.8694610595703125,-0.27453848719596863,-102.09986877441406,-28.811941146850586,81.3598403930664,0.0,0.0,44.484130859375,0,1,1,1,1,37.18461227416992,182.2117919921875,-94.49366760253906,66.8357925415039,197.31991577148438,-143.8748779296875,pull,16,2025-11-18T13:52:50.886107,my_hand_data\videos\pull_seq16_20251118_135249_694859.avi,89.78766563891388,360,90,HIGH,VIDEO_RECORDING,2025-11-18T13:52:53.782478
2025-11-18 13:52:50.896365,108,517,HandType.Right,0.8230477571487427,77.0289077758789,190.5013427734375,-59.06089782714844,-0.41159963607788086,-0.8689246773719788,-0.27487388253211975,-90.75719451904297,-20.80301856994629,73.63981628417969,0.0,0.0,44.59280014038086,0,1,1,1,1,36.01014709472656,181.8365936279297,-93.58775329589844,65.97350311279297,196.7273712158203,-143.01702880859375,pull,16,2025-11-18T13:52:50.896365,my_hand_data\videos\pull_seq16_20251118_135249_694859.avi,89.78766563891388,360,90,HIGH,VIDEO_RECORDING,2025-11-18T13:52:53.782478
2025-11-18 13:52:50.916637,109,517,HandType.Right,0.8239860534667969,75.92129516601562,190.15040588378906,-58.14036560058594,-0.41298702359199524,-0.8681600093841553,-0.2752089500427246,-101.3280029296875,-32.10434341430664,84.2129898071289,0.0,0.0,45.19187545776367,0,1,1,1,1,34.819358825683594,181.4120635986328,-92.5747299194336,65.00382232666016,196.03665161132812,-142.07217407226562,pull,16,2025-11-18T13:52:50.916637,my_hand_data\videos\pull_seq16_20251118_135249_694859.avi,89.78766563891388,360,90,HIGH,VIDEO_RECORDING,2025-11-18T13:52:53.782478
2025-11-18 13:52:50.918646,110,517,HandType.Right,0.8255056142807007,74.8465347290039,189.8621368408203,-57.196468353271484,-0.41389578580856323,-0.8676833510398865,-0.27534693479537964,-97.8656234741211,-26.24869728088379,85.94943237304688,0.0,0.0,45.88225555419922,0,1,1,1,1,33.61391830444336,180.87774658203125,-91.5733871459961,63.94285583496094,195.26390075683594,-141.07986450195312,pull,16,2025-11-18T13:52:50.918646,my_hand_data\videos\pull_seq16_20251118_135249_694859.avi,89.78766563891388,360,90,HIGH,VIDEO_RECORDING,2025-11-18T13:52:53.782478
2025-11-18 13:52:50.937320,111,517,HandType.Right,0.8259194493293762,73.76103210449219,189.5950469970703,-56.25754165649414,-0.41462284326553345,-0.8672332167625427,-0.2756709158420563,-96.85013580322266,-23.83047866821289,83.77277374267578,0.0,0.0,45.921852111816406,0,1,1,1,1,32.45256423950195,180.36363220214844,-90.5993423461914,62.92390823364258,194.7196807861328,-140.0963134765625,pull,16,2025-11-18T13:52:50.937320,my_hand_data\videos\pull_seq16_20251118_135249_694859.avi,89.78766563891388,360,90,HIGH,VIDEO_RECORDING,2025-11-18T13:52:53.782478
2025-11-18 13:52:50.937320,112,517,HandType.Right,0.8269345760345459,72.6598892211914,189.3812255859375,-55.272377014160156,-0.4139017164707184,-0.8672198057174683,-0.2767944037914276,-100.78202819824219,-19.57061767578125,90.1668930053711,0.0,0.0,49.522857666015625,0,1,1,1,1,31.23961067199707,180.0714569091797,-89.61145782470703,61.82542037963867,193.90492248535156,-139.03907775878906,pull,16,2025-11-18T13:52:50.937320,my_hand_data\videos\pull_seq16_20251118_135249_694859.avi,89.78766563891388,360,90,HIGH,VIDEO_RECORDING,2025-11-18T13:52:53.782478
2025-11-18 13:52:50.957719,113,517,HandType.Right,0.8279545903205872,71.60247802734375,189.13937377929688,-54.3162841796875,-0.4135294258594513,-0.866980254650116,-0.27809834480285645,-93.60945129394531,-21.41033363342285,84.64008331298828,0.0,0.0,51.27912902832031,0,1,1,1,1,30.069183349609375,179.72718811035156,-88.65735626220703,60.7270393371582,193.23435974121094,-137.9934539794922,pull,16,2025-11-18T13:52:50.957719,my_hand_data\videos\pull_seq16_20251118_135249_694859.avi,89.78766563891388,360,90,HIGH,VIDEO_RECORDING,2025-11-18T13:52:53.782478
2025-11-18 13:52:50.968137,114,517,HandType.Right,0.828245222568512,70.57549285888672,188.97251892089844,-53.40636444091797,-0.4132091999053955,-0.8667897582054138,-0.27916598320007324,-93.78031921386719,-15.236242294311523,83.09003448486328,0.0,0.0,51.330169677734375,0,1,1,1,1,29.021286010742188,179.1643524169922,-87.63198852539062,59.56106948852539,192.56246948242188,-136.9114227294922,pull,16,2025-11-18T13:52:50.968137,my_hand_data\videos\pull_seq16_20251118_135249_694859.avi,89.78766563891388,360,90,HIGH,VIDEO_RECORDING,2025-11-18T13:52:53.782478
2025-11-18 13:52:50.978640,115,517,HandType.Right,0.8283742666244507,69.52688598632812,188.80349731445312,-52.46390151977539,-0.412605345249176,-0.8667500615119934,-0.28018054366111755,-92.57554626464844,-14.921683311462402,83.20516967773438,0.0,0.0,51.1764030456543,0,1,1,1,1,27.940311431884766,178.84600830078125,-86.67552185058594,58.27002716064453,191.9207000732422,-135.83819580078125,pull,16,2025-11-18T13:52:50.978640,my_hand_data\videos\pull_seq16_20251118_135249_694859.avi,89.78766563891388,360,90,HIGH,VIDEO_RECORDING,2025-11-18T13:52:53.782478
2025-11-18 13:52:50.988679,116,517,HandType.Right,0.8294388651847839,68.44525909423828,188.66986083984375,-51.49322509765625,-0.4119061529636383,-0.8668006658554077,-0.2810514569282532,-98.4191665649414,-12.160950660705566,88.3235092163086,0.0,0.0,50.917884826660156,0,1,1,1,1,26.838712692260742,178.55999755859375,-85.67689514160156,56.93265151977539,191.09120178222656,-134.66622924804688,pull,16,2025-11-18T13:52:50.988679,my_hand_data\videos\pull_seq16_20251118_135249_694859.avi,89.78766563891388,360,90,HIGH,VIDEO_RECORDING,2025-11-18T13:52:53.782478
2025-11-18 13:52:50.998966,117,517,HandType.Right,0.8297317028045654,67.43358612060547,188.57591247558594,-50.590579986572266,-0.41087186336517334,-0.8671255707740784,-0.2815627157688141,-91.73699188232422,-8.517867088317871,81.8501968383789,0.0,0.0,50.864097595214844,0,1,1,1,1,25.81214141845703,178.20423889160156,-84.6756362915039,55.669097900390625,190.71214294433594,-133.6251678466797,pull,16,2025-11-18T13:52:50.998966,my_hand_data\videos\pull_seq16_20251118_135249_694859.avi,89.78766563891388,360,90,HIGH,VIDEO_RECORDING,2025-11-18T13:52:53.782478
2025-11-18 13:52:51.009044,118,517,HandType.Right,0.8309447765350342,66.38275909423828,188.4833526611328,-49.65615463256836,-0.4095539450645447,-0.8678346276283264,-0.28129807114601135,-91.5113296508789,-8.060515403747559,81.37464904785156,0.0,0.0,50.82646942138672,0,1,1,1,1,24.732202529907227,177.96588134765625,-83.73202514648438,54.556556701660156,190.38246154785156,-132.67376708984375,pull,16,2025-11-18T13:52:51.009044,my_hand_data\videos\pull_seq16_20251118_135249_694859.avi,89.78766563891388,360,90,HIGH,VIDEO_RECORDING,2025-11-18T13:52:53.782478
2025-11-18 13:52:51.019519,119,517,HandType.Right,0.8321639895439148,65.35601043701172,188.37843322753906,-48.70963668823242,-0.40802326798439026,-0.8685215711593628,-0.2814022898674011,-92.70862579345703,-9.47461223602295,85.46441650390625,0.0,0.0,50.76030731201172,0,1,1,1,1,23.690149307250977,177.76673889160156,-82.71501922607422,53.38227081298828,189.9904327392578,-131.68124389648438,pull,16,2025-11-18T13:52:51.019519,my_hand_data\videos\pull_seq16_20251118_135249_694859.avi,89.78766563891388,360,90,HIGH,VIDEO_RECORDING,2025-11-18T13:52:53.782478
2025-11-18 13:52:51.029805,120,517,HandType.Right,0.8334555625915527,64.3633804321289,188.3765106201172,-47.626277923583984,-0.40667617321014404,-0.8691489100456238,-0.28141549229621887,-91.84249877929688,-0.1780623346567154,100.2366714477539,0.0,0.0,50.82049560546875,0,1,1,1,1,22.684690475463867,177.57046508789062,-81.53848266601562,52.36476516723633,189.76487731933594,-130.58522033691406,pull,16,2025-11-18T13:52:51.029805,my_hand_data\videos\pull_seq16_20251118_135249_694859.avi,89.78766563891388,360,90,HIGH,VIDEO_RECORDING,2025-11-18T13:52:53.782478
2025-11-18 13:52:51.050149,121,517,HandType.Right,0.8353183269500732,62.453392028808594,188.26473999023438,-45.57138442993164,-0.40538105368614197,-0.8695525527000427,-0.2820364534854889,-86.87682342529297,-5.921396255493164,94.18596649169922,0.0,0.0,50.93674087524414,0,1,1,1,1,20.747196197509766,177.14349365234375,-79.24282836914062,50.20484924316406,189.4183807373047,-128.45001220703125,pull,16,2025-11-18T13:52:51.050149,my_hand_data\videos\pull_seq16_20251118_135249_694859.avi,89.78766563891388,360,90,HIGH,VIDEO_RECORDING,2025-11-18T13:52:53.782478
2025-11-18 13:52:51.050149,122,517,HandType.Right,0.8353183269500732,62.453392028808594,188.26473999023438,-45.57138442993164,-0.40538105368614197,-0.8695525527000427,-0.2820364534854889,-86.87682342529297,-5.921396255493164,94.18596649169922,0.0,0.0,50.93674087524414,0,1,1,1,1,20.747196197509766,177.14349365234375,-79.24282836914062,50.20484924316406,189.4183807373047,-128.45001220703125,pull,16,2025-11-18T13:52:51.050149,my_hand_data\videos\pull_seq16_20251118_135249_694859.avi,89.78766563891388,360,90,HIGH,VIDEO_RECORDING,2025-11-18T13:52:53.782478
2025-11-18 13:52:51.070865,123,517,HandType.Right,0.8354924917221069,61.492027282714844,188.17526245117188,-44.53831100463867,-0.4046248197555542,-0.8699191212654114,-0.28199195861816406,-86.938232421875,-8.092408180236816,93.42304992675781,0.0,0.0,50.99050521850586,0,1,1,1,1,19.70073127746582,176.97706604003906,-78.1462173461914,49.23606491088867,189.20758056640625,-127.32653045654297,pull,16,2025-11-18T13:52:51.070865,my_hand_data\videos\pull_seq16_20251118_135249_694859.avi,89.78766563891388,360,90,HIGH,VIDEO_RECORDING,2025-11-18T13:52:53.782478
2025-11-18 13:52:51.070865,124,517,HandType.Right,0.8352974653244019,60.505794525146484,188.13331604003906,-43.5565185546875,-0.40456753969192505,-0.8698263764381409,-0.2823599576950073,-87.93096923828125,-3.739779233932495,87.5351333618164,0.0,0.0,51.16692352294922,0,1,1,1,1,18.510908126831055,176.68804931640625,-77.0853042602539,48.26076889038086,188.88697814941406,-126.24442291259766,pull,16,2025-11-18T13:52:51.070865,my_hand_data\videos\pull_seq16_20251118_135249_694859.avi,89.78766563891388,360,90,HIGH,VIDEO_RECORDING,2025-11-18T13:52:53.782478
2025-11-18 13:52:51.090945,125,517,HandType.Right,0.8355333805084229,59.48325729370117,188.06964111328125,-42.5553092956543,-0.40401414036750793,-0.870044469833374,-0.28248050808906555,-91.97962188720703,-5.727638244628906,90.06096649169922,0.0,0.0,51.265525817871094,0,1,1,1,1,17.324737548828125,176.60829162597656,-76.00497436523438,47.27263259887695,188.6903533935547,-125.18739318847656,pull,16,2025-11-18T13:52:51.090945,my_hand_data\videos\pull_seq16_20251118_135249_694859.avi,89.78766563891388,360,90,HIGH,VIDEO_RECORDING,2025-11-18T13:52:53.782478
2025-11-18 13:52:51.101403,126,517,HandType.Right,0.8357983827590942,58.38148880004883,188.07594299316406,-41.49563980102539,-0.403277188539505,-0.8702993988990784,-0.2827479839324951,-100.42561340332031,0.5740578174591064,96.58819580078125,0.0,0.0,51.32118225097656,0,1,1,1,1,16.183086395263672,176.58714294433594,-74.77949523925781,46.17428207397461,188.48574829101562,-124.01480865478516,pull,16,2025-11-18T13:52:51.101403,my_hand_data\videos\pull_seq16_20251118_135249_694859.avi,89.78766563891388,360,90,HIGH,VIDEO_RECORDING,2025-11-18T13:52:53.782478
2025-11-18 13:52:51.111741,127,517,HandType.Right,0.8362763524055481,57.30068588256836,188.09510803222656,-40.40494155883789,-0.4033893048763275,-0.8702916502952576,-0.28261202573776245,-96.77671813964844,1.7168781757354736,97.66281127929688,0.0,0.0,51.4043083190918,0,1,1,1,1,15.049494743347168,176.41090393066406,-73.5466537475586,45.09513854980469,188.20620727539062,-122.8280029296875,pull,16,2025-11-18T13:52:51.111741,my_hand_data\videos\pull_seq16_20251118_135249_694859.avi,89.78766563891388,360,90,HIGH,VIDEO_RECORDING,2025-11-18T13:52:53.782478
2025-11-18 13:52:51.122181,128,517,HandType.Right,0.8376084566116333,56.180843353271484,188.1928253173828,-39.288631439208984,-0.40319567918777466,-0.8704041242599487,-0.28254181146621704,-98.59487915039062,8.602602005004883,98.28426361083984,0.0,0.0,51.426239013671875,0,1,1,1,1,13.783909797668457,176.4309539794922,-72.34046173095703,43.8754997253418,188.15213012695312,-121.5888442993164,pull,16,2025-11-18T13:52:51.122181,my_hand_data\videos\pull_seq16_20251118_135249_694859.avi,89.78766563891388,360,90,HIGH,VIDEO_RECORDING,2025-11-18T13:52:53.782478
2025-11-18 13:52:51.132295,129,517,HandType.Right,0.838220477104187,55.071380615234375,188.38221740722656,-38.18590545654297,-0.40243032574653625,-0.8705925345420837,-0.28305214643478394,-103.25403594970703,17.62699317932129,102.62676239013672,0.0,0.0,51.42837142944336,0,1,1,1,1,12.584779739379883,176.57180786132812,-71.14250946044922,42.65486145019531,188.29241943359375,-120.37581634521484,pull,16,2025-11-18T13:52:51.132295,my_hand_data\videos\pull_seq16_20251118_135249_694859.avi,89.78766563891388,360,90,HIGH,VIDEO_RECORDING,2025-11-18T13:52:53.782478
2025-11-18 13:52:51.142781,130,517,HandType.Right,0.8388347625732422,53.908721923828125,188.54507446289062,-37.01802444458008,-0.401031494140625,-0.8711125254631042,-0.28343725204467773,-101.32977294921875,14.193559646606445,101.78506469726562,0.0,0.0,51.33122634887695,0,1,1,1,1,11.393424034118652,176.6832733154297,-69.95689392089844,41.38978576660156,188.37518310546875,-119.07549285888672,pull,16,2025-11-18T13:52:51.142781,my_hand_data\videos\pull_seq16_20251118_135249_694859.avi,89.78766563891388,360,90,HIGH,VIDEO_RECORDING,2025-11-18T13:52:53.782478
2025-11-18 13:52:51.152997,131,517,HandType.Right,0.8388746976852417,52.79132843017578,188.61961364746094,-35.7410888671875,-0.40046191215515137,-0.8711997866630554,-0.28397390246391296,-103.49127197265625,6.903618812561035,118.26737213134766,0.0,0.0,51.237884521484375,0,1,1,1,1,10.194409370422363,176.6473388671875,-68.6805191040039,40.03612518310547,188.41741943359375,-117.69010162353516,pull,16,2025-11-18T13:52:51.152997,my_hand_data\videos\pull_seq16_20251118_135249_694859.avi,89.78766563891388,360,90,HIGH,VIDEO_RECORDING,2025-11-18T13:52:53.782478
2025-11-18 13:52:51.163058,132,517,HandType.Right,0.8390889167785645,51.65073013305664,188.707763671875,-34.440162658691406,-0.4007052779197693,-0.8708876371383667,-0.28458747267723083,-101.93002319335938,7.877303600311279,116.2582015991211,0.0,0.0,51.042354583740234,0,1,1,1,1,8.975605964660645,176.62770080566406,-67.38670349121094,38.563438415527344,188.36293029785156,-116.12971496582031,pull,16,2025-11-18T13:52:51.163058,my_hand_data\videos\pull_seq16_20251118_135249_694859.avi,89.78766563891388,360,90,HIGH,VIDEO_RECORDING,2025-11-18T13:52:53.782478
2025-11-18 13:52:51.183600,133,517,HandType.Right,0.840260922908783,50.47126770019531,188.7892608642578,-33.07011795043945,-0.3995712697505951,-0.8713027834892273,-0.28491097688674927,-104.46965789794922,7.218830108642578,121.35003662109375,0.0,0.0,50.84772491455078,0,1,1,1,1,7.7031145095825195,176.62721252441406,-66.02310943603516,37.15180587768555,188.1555938720703,-114.52716827392578,pull,16,2025-11-18T13:52:51.183600,my_hand_data\videos\pull_seq16_20251118_135249_694859.avi,89.78766563891388,360,90,HIGH,VIDEO_RECORDING,2025-11-18T13:52:53.782478
2025-11-18 13:52:51.189357,134,517,HandType.Right,0.8405739068984985,49.29324722290039,188.89430236816406,-31.713306427001953,-0.39741405844688416,-0.8719882965087891,-0.2858295738697052,-108.28379821777344,9.654470443725586,124.71863555908203,0.0,0.0,50.74823760986328,0,1,1,1,1,6.409797668457031,176.6270751953125,-64.6767578125,35.83153533935547,188.09078979492188,-113.01712036132812,pull,16,2025-11-18T13:52:51.189357,my_hand_data\videos\pull_seq16_20251118_135249_694859.avi,89.78766563891388,360,90,HIGH,VIDEO_RECORDING,2025-11-18T13:52:53.782478
2025-11-18 13:52:51.203808,135,517,HandType.Right,0.8405610918998718,48.105201721191406,189.01869201660156,-30.381244659423828,-0.39587974548339844,-0.8723196983337402,-0.2869452238082886,-107.32117462158203,11.23641586303711,120.33073425292969,0.0,0.0,50.663570404052734,0,1,1,1,1,5.173675537109375,176.62217712402344,-63.35448455810547,34.52054977416992,188.18077087402344,-111.55249786376953,pull,16,2025-11-18T13:52:51.203808,my_hand_data\videos\pull_seq16_20251118_135249_694859.avi,89.78766563891388,360,90,HIGH,VIDEO_RECORDING,2025-11-18T13:52:53.782478
2025-11-18 13:52:51.203808,136,517,HandType.Right,0.8402506709098816,46.855064392089844,189.12222290039062,-28.985883712768555,-0.39450082182884216,-0.8727853894233704,-0.2874278724193573,-113.91824340820312,9.434450149536133,127.15142822265625,0.0,0.0,50.5216064453125,0,1,1,1,1,3.8211941719055176,176.64697265625,-61.95026397705078,33.031925201416016,188.21966552734375,-109.96678924560547,pull,16,2025-11-18T13:52:51.203808,my_hand_data\videos\pull_seq16_20251118_135249_694859.avi,89.78766563891388,360,90,HIGH,VIDEO_RECORDING,2025-11-18T13:52:53.782478
2025-11-18 13:52:51.224157,137,517,HandType.Right,0.8400111794471741,45.57244873046875,189.2324676513672,-27.60819435119629,-0.39122846722602844,-0.8740835785865784,-0.28795525431632996,-114.65218353271484,9.855518341064453,123.15103149414062,0.0,0.0,50.52682876586914,0,1,1,1,1,2.4515130519866943,176.71827697753906,-60.43989944458008,31.63397979736328,188.25100708007812,-108.52704620361328,pull,16,2025-11-18T13:52:51.224157,my_hand_data\videos\pull_seq16_20251118_135249_694859.avi,89.78766563891388,360,90,HIGH,VIDEO_RECORDING,2025-11-18T13:52:53.782478
2025-11-18 13:52:51.234659,138,517,HandType.Right,0.8402923345565796,44.307552337646484,189.31101989746094,-26.20456314086914,-0.389708012342453,-0.8746418356895447,-0.2883215844631195,-113.46407318115234,7.045361042022705,125.90870666503906,0.0,0.0,50.543190002441406,0,1,1,1,1,1.039158582687378,176.806640625,-58.93803024291992,30.228099822998047,188.36009216308594,-107.06734466552734,pull,16,2025-11-18T13:52:51.234659,my_hand_data\videos\pull_seq16_20251118_135249_694859.avi,89.78766563891388,360,90,HIGH,VIDEO_RECORDING,2025-11-18T13:52:53.782478
2025-11-18 13:52:51.244895,139,517,HandType.Right,0.8405686616897583,43.03462600708008,189.4931182861328,-24.793560028076172,-0.38666704297065735,-0.8756928443908691,-0.28922420740127563,-113.36066436767578,16.217790603637695,125.6570816040039,0.0,0.0,50.55923843383789,0,1,1,1,1,-0.4129335284233093,177.03204345703125,-57.390777587890625,28.76432228088379,188.5575714111328,-105.61194610595703,pull,16,2025-11-18T13:52:51.244895,my_hand_data\videos\pull_seq16_20251118_135249_694859.avi,89.78766563891388,360,90,HIGH,VIDEO_RECORDING,2025-11-18T13:52:53.782478
2025-11-18 13:52:51.254960,140,517,HandType.Right,0.8408253192901611,41.7198600769043,189.76670837402344,-23.338016510009766,-0.3844207227230072,-0.876329243183136,-0.29028916358947754,-119.94952392578125,24.95949935913086,132.79290771484375,0.0,0.0,50.56394577026367,0,1,1,1,1,-1.9640252590179443,177.27883911132812,-55.81975555419922,27.188425064086914,188.9295654296875,-104.04600524902344,pull,16,2025-11-18T13:52:51.254960,my_hand_data\videos\pull_seq16_20251118_135249_694859.avi,89.78766563891388,360,90,HIGH,VIDEO_RECORDING,2025-11-18T13:52:53.782478
2025-11-18 13:52:51.264993,141,517,HandType.Right,0.8421696424484253,40.40730285644531,190.08706665039062,-21.834014892578125,-0.38230371475219727,-0.8768952488899231,-0.2913735806941986,-116.75457763671875,28.497180938720703,133.78424072265625,0.0,0.0,50.68074035644531,0,1,1,1,1,-3.5231783390045166,177.47708129882812,-54.157203674316406,25.588254928588867,189.45480346679688,-102.47653198242188,pull,16,2025-11-18T13:52:51.264993,my_hand_data\videos\pull_seq16_20251118_135249_694859.avi,89.78766563891388,360,90,HIGH,VIDEO_RECORDING,2025-11-18T13:52:53.782478
2025-11-18 13:52:51.275091,142,517,HandType.Right,0.8427032828330994,39.054019927978516,190.40248107910156,-20.358200073242188,-0.3795820474624634,-0.8777307271957397,-0.29241445660591125,-122.99223327636719,28.666271209716797,134.12841796875,0.0,0.0,50.65491485595703,0,1,1,1,1,-5.018908500671387,177.71803283691406,-52.636558532714844,24.00057029724121,189.9882354736328,-100.9798812866211,pull,16,2025-11-18T13:52:51.275091,my_hand_data\videos\pull_seq16_20251118_135249_694859.avi,89.78766563891388,360,90,HIGH,VIDEO_RECORDING,2025-11-18T13:52:53.782478
2025-11-18 13:52:51.285177,143,517,HandType.Right,0.8432955145835876,37.658409118652344,190.71473693847656,-18.845916748046875,-0.3759409189224243,-0.8790448307991028,-0.29316994547843933,-125.66300201416016,28.11579132080078,136.1681671142578,0.0,0.0,50.64714813232422,0,1,1,1,1,-6.501689434051514,177.93458557128906,-51.13874053955078,22.382526397705078,190.70298767089844,-99.49102020263672,pull,16,2025-11-18T13:52:51.285177,my_hand_data\videos\pull_seq16_20251118_135249_694859.avi,89.78766563891388,360,90,HIGH,VIDEO_RECORDING,2025-11-18T13:52:53.782478
2025-11-18 13:52:51.305861,144,517,HandType.Right,0.8427128791809082,34.955596923828125,191.43765258789062,-15.8746976852417,-0.37201452255249023,-0.8802928924560547,-0.29443106055259705,-123.93817901611328,36.451663970947266,136.77639770507812,0.0,0.0,50.483497619628906,0,1,1,1,1,-9.371415138244629,178.46546936035156,-48.07062530517578,19.05996322631836,191.64794921875,-96.45965576171875,pull,16,2025-11-18T13:52:51.305861,my_hand_data\videos\pull_seq16_20251118_135249_694859.avi,89.78766563891388,360,90,HIGH,VIDEO_RECORDING,2025-11-18T13:52:53.782478
2025-11-18 13:52:51.310119,145,517,HandType.Right,0.8427128791809082,34.955596923828125,191.43765258789062,-15.8746976852417,-0.37201452255249023,-0.8802928924560547,-0.29443106055259705,-123.93817901611328,36.451663970947266,136.77639770507812,0.0,0.0,50.483497619628906,0,1,1,1,1,-9.371415138244629,178.46546936035156,-48.07062530517578,19.05996322631836,191.64794921875,-96.45965576171875,pull,16,2025-11-18T13:52:51.310119,my_hand_data\videos\pull_seq16_20251118_135249_694859.avi,89.78766563891388,360,90,HIGH,VIDEO_RECORDING,2025-11-18T13:52:53.782478
2025-11-18 13:52:51.326010,146,517,HandType.Right,0.8424150347709656,33.661224365234375,191.81813049316406,-14.3858060836792,-0.37070244550704956,-0.8804418444633484,-0.2956380844116211,-116.16012573242188,34.145023345947266,133.6167755126953,0.0,0.0,50.25252914428711,0,1,1,1,1,-10.725617408752441,178.74053955078125,-46.548641204833984,17.352169036865234,191.98724365234375,-94.7781982421875,pull,16,2025-11-18T13:52:51.326010,my_hand_data\videos\pull_seq16_20251118_135249_694859.avi,89.78766563891388,360,90,HIGH,VIDEO_RECORDING,2025-11-18T13:52:53.782478
2025-11-18 13:52:51.330271,147,517,HandType.Right,0.8420377373695374,32.3851432800293,192.08250427246094,-12.819942474365234,-0.3707403242588043,-0.8799840211868286,-0.2969507873058319,-113.70226287841797,23.55630111694336,139.52267456054688,0.0,0.0,50.11960983276367,0,1,1,1,1,-12.066170692443848,178.8837890625,-44.92369842529297,15.68727970123291,192.3270263671875,-93.04454803466797,pull,16,2025-11-18T13:52:51.330271,my_hand_data\videos\pull_seq16_20251118_135249_694859.avi,89.78766563891388,360,90,HIGH,VIDEO_RECORDING,2025-11-18T13:52:53.782478
2025-11-18 13:52:51.346183,148,517,HandType.Right,0.8416244983673096,31.156513214111328,192.30291748046875,-11.25314998626709,-0.3704495131969452,-0.879675567150116,-0.2982248067855835,-111.87675476074219,20.070571899414062,142.66920471191406,0.0,0.0,49.99260330200195,0,1,1,1,1,-13.39140510559082,179.03359985351562,-43.33217239379883,14.126855850219727,192.6193084716797,-91.3520736694336,pull,16,2025-11-18T13:52:51.346183,my_hand_data\videos\pull_seq16_20251118_135249_694859.avi,89.78766563891388,360,90,HIGH,VIDEO_RECORDING,2025-11-18T13:52:53.782478
2025-11-18 13:52:51.356208,149,517,HandType.Right,0.8402928709983826,29.956174850463867,192.4801483154297,-9.725462913513184,-0.36977288126945496,-0.8794586062431335,-0.29970070719718933,-106.43196105957031,15.715227127075195,135.4572296142578,0.0,0.0023268985096365213,49.873111724853516,0,1,1,1,1,-14.65024471282959,179.12826538085938,-41.72364807128906,12.522002220153809,192.9133758544922,-89.70816802978516,pull,16,2025-11-18T13:52:51.356208,my_hand_data\videos\pull_seq16_20251118_135249_694859.avi,89.78766563891388,360,90,HIGH,VIDEO_RECORDING,2025-11-18T13:52:53.782478
2025-11-18 13:52:51.366681,150,517,HandType.Right,0.8397140502929688,28.733251571655273,192.68099975585938,-8.190727233886719,-0.36842024326324463,-0.879514753818512,-0.3011980652809143,-109.19928741455078,17.933809280395508,137.04217529296875,0.0,0.013319912366569042,49.58266830444336,0,1,1,1,1,-15.90751838684082,179.2430877685547,-40.178184509277344,10.861832618713379,193.07130432128906,-87.90474700927734,pull,16,2025-11-18T13:52:51.366681,my_hand_data\videos\pull_seq16_20251118_135249_694859.avi,89.78766563891388,360,90,HIGH,VIDEO_RECORDING,2025-11-18T13:52:53.782478
2025-11-18 13:52:51.377017,151,517,HandType.Right,0.8382376432418823,27.513137817382812,192.89527893066406,-6.649569034576416,-0.36842119693756104,-0.8789351582527161,-0.30288416147232056,-111.3749771118164,19.560087203979492,140.6808319091797,0.0,0.022235434502363205,49.35236740112305,0,1,1,1,1,-17.103471755981445,179.29965209960938,-38.597328186035156,9.272936820983887,193.18930053710938,-86.14302062988281,pull,16,2025-11-18T13:52:51.377017,my_hand_data\videos\pull_seq16_20251118_135249_694859.avi,89.78766563891388,360,90,HIGH,VIDEO_RECORDING,2025-11-18T13:52:53.782478
2025-11-18 13:52:51.387322,152,517,HandType.Right,0.8378984928131104,26.306976318359375,193.1207275390625,-5.123827934265137,-0.3689095973968506,-0.8780294060707092,-0.30490991473197937,-108.97746276855469,20.36911392211914,137.8515625,0.0,0.025713006034493446,49.23326873779297,0,1,1,1,1,-18.30360221862793,179.36268615722656,-36.89471435546875,7.642392158508301,193.3806915283203,-84.48807525634766,pull,16,2025-11-18T13:52:51.387322,my_hand_data\videos\pull_seq16_20251118_135249_694859.avi,89.78766563891388,360,90,HIGH,VIDEO_RECORDING,2025-11-18T13:52:53.782478
2025-11-18 13:52:51.397695,153,517,HandType.Right,0.837897002696991,25.05780792236328,193.2025909423828,-3.706704616546631,-0.3669304847717285,-0.8785781264305115,-0.30571630597114563,-111.36382293701172,7.298978328704834,126.33712768554688,0.0,0.029840171337127686,49.11469268798828,0,1,1,1,1,-19.5291690826416,179.2775115966797,-35.39107894897461,6.147831916809082,193.4103546142578,-82.91874694824219,pull,16,2025-11-18T13:52:51.397695,my_hand_data\videos\pull_seq16_20251118_135249_694859.avi,89.78766563891388,360,90,HIGH,VIDEO_RECORDING,2025-11-18T13:52:53.782478
2025-11-18 13:52:51.408090,154,517,HandType.Right,0.8377655744552612,23.806774139404297,193.23667907714844,-2.3557422161102295,-0.3657684922218323,-0.8788231611251831,-0.3064037263393402,-115.6436767578125,3.15116024017334,124.8809585571289,0.0,0.029525477439165115,49.10982894897461,0,1,1,1,1,-20.7283935546875,179.11180114746094,-33.9296760559082,4.666009902954102,193.51483154296875,-81.5358657836914,pull,16,2025-11-18T13:52:51.408090,my_hand_data\videos\pull_seq16_20251118_135249_694859.avi,89.78766563891388,360,90,HIGH,VIDEO_RECORDING,2025-11-18T13:52:53.782478
2025-11-18 13:52:51.418099,155,517,HandType.Right,0.8377655744552612,23.806774139404297,193.23667907714844,-2.3557422161102295,-0.3657684922218323,-0.8788231611251831,-0.3064037263393402,-115.6436767578125,3.15116024017334,124.8809585571289,0.0,0.029525477439165115,49.10982894897461,0,1,1,1,1,-20.7283935546875,179.11180114746094,-33.9296760559082,4.666009902954102,193.51483154296875,-81.5358657836914,pull,16,2025-11-18T13:52:51.418099,my_hand_data\videos\pull_seq16_20251118_135249_694859.avi,89.78766563891388,360,90,HIGH,VIDEO_RECORDING,2025-11-18T13:52:53.782478
2025-11-18 13:52:51.438552,156,517,HandType.Right,0.8366600871086121,21.34198760986328,193.3441619873047,0.2676980197429657,-0.36577844619750977,-0.879037618637085,-0.30577608942985535,-114.98077392578125,6.403606414794922,118.74893951416016,0.0,0.026772145181894302,49.18523406982422,0,1,1,1,1,-23.079246520996094,178.72276306152344,-30.986740112304688,1.747257947921753,193.65122985839844,-78.82966613769531,pull,16,2025-11-18T13:52:51.438552,my_hand_data\videos\pull_seq16_20251118_135249_694859.avi,89.78766563891388,360,90,HIGH,VIDEO_RECORDING,2025-11-18T13:52:53.782478
2025-11-18 13:52:51.438552,157,517,HandType.Right,0.8365817070007324,20.087142944335938,193.40463256835938,1.4737650156021118,-0.36487144231796265,-0.8796501755714417,-0.3050972819328308,-113.58110046386719,5.474183559417725,109.16608428955078,0.0,0.02739027701318264,49.12800216674805,0,1,1,1,1,-24.267520904541016,178.67657470703125,-29.719560623168945,0.3223475217819214,193.7837371826172,-77.5970230102539,pull,16,2025-11-18T13:52:51.438552,my_hand_data\videos\pull_seq16_20251118_135249_694859.avi,89.78766563891388,360,90,HIGH,VIDEO_RECORDING,2025-11-18T13:52:53.782478
2025-11-18 13:52:51.459076,158,517,HandType.Right,0.8359293341636658,18.85305404663086,193.38648986816406,2.656826972961426,-0.36379438638687134,-0.880527138710022,-0.30385127663612366,-109.84324645996094,-1.6156549453735352,105.30146789550781,0.0,0.02659478597342968,49.13426971435547,0,1,1,1,1,-25.468746185302734,178.4972381591797,-28.464269638061523,-1.068584680557251,193.79702758789062,-76.40547180175781,pull,16,2025-11-18T13:52:51.459076,my_hand_data\videos\pull_seq16_20251118_135249_694859.avi,89.78766563891388,360,90,HIGH,VIDEO_RECORDING,2025-11-18T13:52:53.782478
2025-11-18 13:52:51.462991,159,517,HandType.Right,0.8353467583656311,17.650121688842773,193.4073028564453,3.878740072250366,-0.36326804757118225,-0.8809717297554016,-0.30319157242774963,-109.48700714111328,1.8939154148101807,111.21444702148438,0.0,0.026174094527959824,49.153289794921875,0,1,1,1,1,-26.639177322387695,178.2716064453125,-27.183704376220703,-2.495704174041748,193.83949279785156,-75.18106842041016,pull,16,2025-11-18T13:52:51.462991,my_hand_data\videos\pull_seq16_20251118_135249_694859.avi,89.78766563891388,360,90,HIGH,VIDEO_RECORDING,2025-11-18T13:52:53.782478
2025-11-18 13:52:51.479542,160,517,HandType.Right,0.8350910544395447,16.41545295715332,193.49002075195312,5.104024887084961,-0.36357954144477844,-0.8811146020889282,-0.30240193009376526,-111.63357543945312,7.479101657867432,110.7852554321289,0.0,0.025750286877155304,49.194122314453125,0,1,1,1,1,-27.816286087036133,178.018310546875,-25.866310119628906,-4.007505416870117,193.9167938232422,-73.93382263183594,pull,16,2025-11-18T13:52:51.479542,my_hand_data\videos\pull_seq16_20251118_135249_694859.avi,89.78766563891388,360,90,HIGH,VIDEO_RECORDING,2025-11-18T13:52:53.782478
2025-11-18 13:52:51.489224,161,517,HandType.Right,0.8346731662750244,15.15830135345459,193.5592803955078,6.309732913970947,-0.3636406660079956,-0.8812358379364014,-0.3019750118255615,-113.26717376708984,6.240429878234863,108.63213348388672,0.0,0.025430098176002502,49.15266036987305,0,1,1,1,1,-29.071826934814453,178.08384704589844,-24.67221450805664,-5.40053653717041,194.1562042236328,-72.758056640625,pull,16,2025-11-18T13:52:51.489224,my_hand_data\videos\pull_seq16_20251118_135249_694859.avi,89.78766563891388,360,90,HIGH,VIDEO_RECORDING,2025-11-18T13:52:53.782478
2025-11-18 13:52:51.499339,162,517,HandType.Right,0.8335708379745483,13.913369178771973,193.5606231689453,7.539727210998535,-0.3637191355228424,-0.8814030289649963,-0.3013918697834015,-112.58203887939453,0.12104320526123047,111.2311782836914,0.0,0.026026206091046333,49.1018180847168,0,1,1,1,1,-30.3308048248291,178.08680725097656,-23.456809997558594,-6.737394332885742,194.19931030273438,-71.53994750976562,pull,16,2025-11-18T13:52:51.499339,my_hand_data\videos\pull_seq16_20251118_135249_694859.avi,89.78766563891388,360,90,HIGH,VIDEO_RECORDING,2025-11-18T13:52:53.782478
2025-11-18 13:52:51.509381,163,517,HandType.Right,0.8328260183334351,12.6849946975708,193.59988403320312,8.737935066223145,-0.364632785320282,-0.8812214136123657,-0.300818532705307,-109.56864166259766,3.502439022064209,106.87786865234375,0.0,0.026954876258969307,49.07645797729492,0,1,1,1,1,-31.58873748779297,178.0432586669922,-22.25533676147461,-8.10059928894043,194.23060607910156,-70.32038116455078,pull,16,2025-11-18T13:52:51.509381,my_hand_data\videos\pull_seq16_20251118_135249_694859.avi,89.78766563891388,360,90,HIGH,VIDEO_RECORDING,2025-11-18T13:52:53.782478
2025-11-18 13:52:51.519828,164,517,HandType.Right,0.8328260183334351,12.6849946975708,193.59988403320312,8.737935066223145,-0.364632785320282,-0.8812214136123657,-0.300818532705307,-109.56864166259766,3.502439022064209,106.87786865234375,0.0,0.026954876258969307,49.07645797729492,0,1,1,1,1,-31.58873748779297,178.0432586669922,-22.25533676147461,-8.10059928894043,194.23060607910156,-70.32038116455078,pull,16,2025-11-18T13:52:51.519828,my_hand_data\videos\pull_seq16_20251118_135249_694859.avi,89.78766563891388,360,90,HIGH,VIDEO_RECORDING,2025-11-18T13:52:53.782478
2025-11-18 13:52:51.529987,165,517,HandType.Right,0.831981897354126,10.04275131225586,193.4786834716797,11.19219970703125,-0.370126336812973,-0.8792826533317566,-0.2997807264328003,-120.4462890625,-9.722760200500488,110.89628601074219,0.0,0.03361189737915993,48.925819396972656,0,1,1,1,1,-34.327125549316406,177.69766235351562,-19.8365478515625,-11.146559715270996,193.90577697753906,-67.7460708618164,pull,16,2025-11-18T13:52:51.529987,my_hand_data\videos\pull_seq16_20251118_135249_694859.avi,89.78766563891388,360,90,HIGH,VIDEO_RECORDING,2025-11-18T13:52:53.782478
2025-11-18 13:52:51.539998,166,517,HandType.Right,0.8313836455345154,8.693069458007812,193.31224060058594,12.42632007598877,-0.37222084403038025,-0.8785716891288757,-0.2992715537548065,-119.95034790039062,-14.793152809143066,109.68006134033203,0.0,0.03568333759903908,48.84420394897461,0,1,1,1,1,-35.789608001708984,177.54190063476562,-18.605749130249023,-12.655122756958008,193.614013671875,-66.48432159423828,pull,16,2025-11-18T13:52:51.539998,my_hand_data\videos\pull_seq16_20251118_135249_694859.avi,89.78766563891388,360,90,HIGH,VIDEO_RECORDING,2025-11-18T13:52:53.782478
2025-11-18 13:52:51.560422,167,517,HandType.Right,0.8292627930641174,5.973628997802734,193.04666137695312,14.849723815917969,-0.37656497955322266,-0.8771818280220032,-0.29791077971458435,-122.93577575683594,-10.9259033203125,109.0292739868164,0.0,0.048060670495033264,48.48951721191406,0,1,1,1,1,-38.851348876953125,177.3306427001953,-16.1296329498291,-15.669427871704102,192.4269256591797,-63.76790237426758,pull,16,2025-11-18T13:52:51.560422,my_hand_data\videos\pull_seq16_20251118_135249_694859.avi,89.78766563891388,360,90,HIGH,VIDEO_RECORDING,2025-11-18T13:52:53.782478
2025-11-18 13:52:51.564735,168,517,HandType.Right,0.8292627930641174,5.973628997802734,193.04666137695312,14.849723815917969,-0.37656497955322266,-0.8771818280220032,-0.29791077971458435,-122.93577575683594,-10.9259033203125,109.0292739868164,0.0,0.048060670495033264,48.48951721191406,0,1,1,1,1,-38.851348876953125,177.3306427001953,-16.1296329498291,-15.669427871704102,192.4269256591797,-63.76790237426758,pull,16,2025-11-18T13:52:51.564735,my_hand_data\videos\pull_seq16_20251118_135249_694859.avi,89.78766563891388,360,90,HIGH,VIDEO_RECORDING,2025-11-18T13:52:53.782478
2025-11-18 13:52:51.581189,169,517,HandType.Right,0.8280934691429138,4.6271586418151855,192.8328399658203,16.156330108642578,-0.3796631991863251,-0.8762044906616211,-0.296852707862854,-119.5268783569336,-18.981395721435547,115.98822784423828,0.0,0.05343328043818474,48.319217681884766,0,1,1,1,1,-40.2921028137207,177.08404541015625,-14.803312301635742,-17.148021697998047,191.80557250976562,-62.345458984375,pull,16,2025-11-18T13:52:51.581189,my_hand_data\videos\pull_seq16_20251118_135249_694859.avi,89.78766563891388,360,90,HIGH,VIDEO_RECORDING,2025-11-18T13:52:53.782478
2025-11-18 13:52:51.581189,170,517,HandType.Right,0.8259820342063904,3.1960349082946777,192.5981903076172,17.405195236206055,-0.38166025280952454,-0.8757952451705933,-0.2954963445663452,-130.79180908203125,-21.444171905517578,114.13494110107422,0.0,0.059893831610679626,48.13816833496094,0,1,1,1,1,-41.72808074951172,176.789794921875,-13.568202018737793,-18.683950424194336,191.28170776367188,-60.954803466796875,pull,16,2025-11-18T13:52:51.581189,my_hand_data\videos\pull_seq16_20251118_135249_694859.avi,89.78766563891388,360,90,HIGH,VIDEO_RECORDING,2025-11-18T13:52:53.782478
2025-11-18 13:52:51.601455,171,517,HandType.Right,0.8231005072593689,1.7496602535247803,192.40037536621094,18.69859504699707,-0.3833332657814026,-0.8753436803817749,-0.29466763138771057,-129.98782348632812,-17.77829933166504,116.23978424072266,0.0,0.06485393643379211,47.98259735107422,0,1,1,1,1,-43.19502258300781,176.52865600585938,-12.275242805480957,-20.228376388549805,190.756103515625,-59.56871795654297,pull,16,2025-11-18T13:52:51.601455,my_hand_data\videos\pull_seq16_20251118_135249_694859.avi,89.78766563891388,360,90,HIGH,VIDEO_RECORDING,2025-11-18T13:52:53.782478
2025-11-18 13:52:51.611854,172,517,HandType.Right,0.8209717869758606,0.3213162422180176,192.19801330566406,20.011756896972656,-0.38467878103256226,-0.8750547170639038,-0.2937712073326111,-128.65646362304688,-18.2269229888916,118.28146362304688,0.0,0.07104524224996567,47.795780181884766,0,1,1,1,1,-44.62883758544922,176.2255096435547,-10.924827575683594,-21.80368423461914,190.16555786132812,-58.110809326171875,pull,16,2025-11-18T13:52:51.611854,my_hand_data\videos\pull_seq16_20251118_135249_694859.avi,89.78766563891388,360,90,HIGH,VIDEO_RECORDING,2025-11-18T13:52:53.782478
2025-11-18 13:52:51.622154,173,517,HandType.Right,0.8183088898658752,-1.1425743103027344,191.8575897216797,21.334964752197266,-0.38606616854667664,-0.874977707862854,-0.2921762764453888,-132.00094604492188,-30.697057723999023,119.31548309326172,0.0,0.07642368972301483,47.63591003417969,0,1,1,1,1,-46.087867736816406,175.8437957763672,-9.502213478088379,-23.450414657592773,189.55303955078125,-56.61671447753906,pull,16,2025-11-18T13:52:51.622154,my_hand_data\videos\pull_seq16_20251118_135249_694859.avi,89.78766563891388,360,90,HIGH,VIDEO_RECORDING,2025-11-18T13:52:53.782478
2025-11-18 13:52:51.632398,174,517,HandType.Right,0.8157878518104553,-2.6314754486083984,191.51797485351562,22.68537712097168,-0.38790610432624817,-0.8748353719711304,-0.2901584804058075,-134.05072021484375,-30.57662582397461,121.58209228515625,0.0,0.07681843638420105,47.6025276184082,0,1,1,1,1,-47.574256896972656,175.46937561035156,-7.867559909820557,-25.112457275390625,188.9786834716797,-55.09587097167969,pull,16,2025-11-18T13:52:51.632398,my_hand_data\videos\pull_seq16_20251118_135249_694859.avi,89.78766563891388,360,90,HIGH,VIDEO_RECORDING,2025-11-18T13:52:53.782478
2025-11-18 13:52:51.642529,175,517,HandType.Right,0.814494252204895,-4.1464667320251465,191.17503356933594,24.17219352722168,-0.3904133439064026,-0.8745449781417847,-0.2876604199409485,-135.7640838623047,-30.732330322265625,133.23915100097656,0.0,0.07985707372426987,47.50269317626953,0,1,1,1,1,-49.08583068847656,175.06063842773438,-6.344873428344727,-26.80048370361328,188.62225341796875,-53.50313949584961,pull,16,2025-11-18T13:52:51.642529,my_hand_data\videos\pull_seq16_20251118_135249_694859.avi,89.78766563891388,360,90,HIGH,VIDEO_RECORDING,2025-11-18T13:52:53.782478
2025-11-18 13:52:51.652973,176,517,HandType.Right,0.8133363127708435,-5.6877923011779785,190.8443145751953,25.627578735351562,-0.3922845721244812,-0.8745494484901428,-0.2850895822048187,-139.00840759277344,-29.826311111450195,131.25775146484375,0.0,0.0780867487192154,47.51519775390625,0,1,1,1,1,-50.64833068847656,174.73611450195312,-4.743445873260498,-28.444272994995117,188.29405212402344,-52.0004997253418,pull,16,2025-11-18T13:52:51.652973,my_hand_data\videos\pull_seq16_20251118_135249_694859.avi,89.78766563891388,360,90,HIGH,VIDEO_RECORDING,2025-11-18T13:52:53.782478
2025-11-18 13:52:51.663342,177,517,HandType.Right,0.8119513988494873,-7.217716217041016,190.5719451904297,27.122249603271484,-0.3939053416252136,-0.8744813799858093,-0.2830563187599182,-137.57073974609375,-24.49131965637207,134.4007568359375,0.0,0.0787213146686554,47.50326919555664,0,1,1,1,1,-52.163204193115234,174.36758422851562,-3.1419284343719482,-30.125438690185547,188.08523559570312,-50.391963958740234,pull,16,2025-11-18T13:52:51.663342,my_hand_data\videos\pull_seq16_20251118_135249_694859.avi,89.78766563891388,360,90,HIGH,VIDEO_RECORDING,2025-11-18T13:52:53.782478
2025-11-18 13:52:51.683456,178,517,HandType.Right,0.8083371520042419,-10.199986457824707,190.125732421875,30.280561447143555,-0.39639654755592346,-0.8741779923439026,-0.2805042266845703,-135.59414672851562,-22.60066032409668,141.79364013671875,0.0,0.08672783523797989,47.34881591796875,0,1,1,1,1,-55.246116638183594,173.81011962890625,0.2927929162979126,-33.48094177246094,187.4076385498047,-46.76034164428711,pull,16,2025-11-18T13:52:51.683456,my_hand_data\videos\pull_seq16_20251118_135249_694859.avi,89.78766563891388,360,90,HIGH,VIDEO_RECORDING,2025-11-18T13:52:53.782478
2025-11-18 13:52:51.683456,179,517,HandType.Right,0.8083371520042419,-10.199986457824707,190.125732421875,30.280561447143555,-0.39639654755592346,-0.8741779923439026,-0.2805042266845703,-135.59414672851562,-22.60066032409668,141.79364013671875,0.0,0.08672783523797989,47.34881591796875,0,1,1,1,1,-55.246116638183594,173.81011962890625,0.2927929162979126,-33.48094177246094,187.4076385498047,-46.76034164428711,pull,16,2025-11-18T13:52:51.683456,my_hand_data\videos\pull_seq16_20251118_135249_694859.avi,89.78766563891388,360,90,HIGH,VIDEO_RECORDING,2025-11-18T13:52:53.782478
2025-11-18 13:52:51.704237,180,517,HandType.Right,0.8051738739013672,-13.061232566833496,189.499267578125,33.51163864135742,-0.4003087282180786,-0.8729685544967651,-0.27870914340019226,-129.677001953125,-37.302978515625,142.55709838867188,0.0,0.09278266876935959,47.1678352355957,0,1,1,1,1,-58.43376922607422,173.1998291015625,3.953702688217163,-37.29137420654297,186.72305297851562,-43.1097297668457,pull,16,2025-11-18T13:52:51.704237,my_hand_data\videos\pull_seq16_20251118_135249_694859.avi,89.78766563891388,360,90,HIGH,VIDEO_RECORDING,2025-11-18T13:52:53.782478
2025-11-18 13:52:51.704237,181,517,HandType.Right,0.8051738739013672,-13.061232566833496,189.499267578125,33.51163864135742,-0.4003087282180786,-0.8729685544967651,-0.27870914340019226,-129.677001953125,-37.302978515625,142.55709838867188,0.0,0.09278266876935959,47.1678352355957,0,1,1,1,1,-58.43376922607422,173.1998291015625,3.953702688217163,-37.29137420654297,186.72305297851562,-43.1097297668457,pull,16,2025-11-18T13:52:51.704237,my_hand_data\videos\pull_seq16_20251118_135249_694859.avi,89.78766563891388,360,90,HIGH,VIDEO_RECORDING,2025-11-18T13:52:53.782478
2025-11-18 13:52:51.724545,182,517,HandType.Right,0.8045288324356079,-14.469120979309082,189.1094512939453,35.04322814941406,-0.4023895263671875,-0.8724567890167236,-0.277311772108078,-126.55171203613281,-35.03933334350586,137.6708526611328,0.0,0.094858318567276,47.114871978759766,0,1,1,1,1,-60.02808380126953,172.8310546875,5.815513610839844,-39.18824768066406,186.20338439941406,-41.31959915161133,pull,16,2025-11-18T13:52:51.724545,my_hand_data\videos\pull_seq16_20251118_135249_694859.avi,89.78766563891388,360,90,HIGH,VIDEO_RECORDING,2025-11-18T13:52:53.782478
2025-11-18 13:52:51.724545,183,517,HandType.Right,0.8036067485809326,-15.90146255493164,188.63919067382812,36.69180679321289,-0.40517887473106384,-0.8717169165611267,-0.2755715548992157,-126.72227478027344,-41.605159759521484,145.85321044921875,0.0,0.10257752984762192,46.8817253112793,0,1,1,1,1,-61.58206558227539,172.46856689453125,7.705755710601807,-40.96751022338867,185.40188598632812,-39.316871643066406,pull,16,2025-11-18T13:52:51.724545,my_hand_data\videos\pull_seq16_20251118_135249_694859.avi,89.78766563891388,360,90,HIGH,VIDEO_RECORDING,2025-11-18T13:52:53.782478
2025-11-18 13:52:51.744792,184,517,HandType.Right,0.8034237623214722,-17.377473831176758,188.29747009277344,38.15650177001953,-0.4078643023967743,-0.8712381720542908,-0.27311310172080994,-133.890625,-30.99787139892578,132.86427307128906,0.0,0.11045914888381958,46.647037506103516,0,1,1,1,1,-63.137813568115234,172.17666625976562,9.469647407531738,-42.84965515136719,184.816162109375,-37.44112777709961,pull,16,2025-11-18T13:52:51.744792,my_hand_data\videos\pull_seq16_20251118_135249_694859.avi,89.78766563891388,360,90,HIGH,VIDEO_RECORDING,2025-11-18T13:52:53.782478
2025-11-18 13:52:51.754819,185,517,HandType.Right,0.8030232787132263,-18.81385612487793,188.00827026367188,39.67155838012695,-0.40886834263801575,-0.8711647391319275,-0.2718430757522583,-128.25994873046875,-25.824359893798828,135.2849578857422,0.0,0.11455868929624557,46.48273849487305,0,1,1,1,1,-64.69139862060547,171.91395568847656,11.326164245605469,-44.784271240234375,184.29922485351562,-35.640464782714844,pull,16,2025-11-18T13:52:51.754819,my_hand_data\videos\pull_seq16_20251118_135249_694859.avi,89.78766563891388,360,90,HIGH,VIDEO_RECORDING,2025-11-18T13:52:53.782478
2025-11-18 13:52:51.764862,186,517,HandType.Right,0.8026610612869263,-20.251466751098633,187.6977081298828,41.16597366333008,-0.40852439403533936,-0.8717352151870728,-0.27052831649780273,-131.79415893554688,-28.471071243286133,137.00164794921875,0.0,0.11497054994106293,46.36215591430664,0,1,1,1,1,-66.29401397705078,171.80386352539062,13.14571475982666,-46.707027435302734,183.99452209472656,-33.98274612426758,pull,16,2025-11-18T13:52:51.764862,my_hand_data\videos\pull_seq16_20251118_135249_694859.avi,89.78766563891388,360,90,HIGH,VIDEO_RECORDING,2025-11-18T13:52:53.782478
2025-11-18 13:52:51.775128,187,517,HandType.Right,0.8025944828987122,-21.64472770690918,187.4709930419922,42.653194427490234,-0.4084886908531189,-0.8721150755882263,-0.2693553566932678,-125.42852783203125,-20.409900665283203,133.887451171875,0.0,0.11636888235807419,46.256710052490234,0,1,1,1,1,-67.79151153564453,171.5907440185547,14.840420722961426,-48.628482818603516,183.81085205078125,-32.38601303100586,pull,16,2025-11-18T13:52:51.775128,my_hand_data\videos\pull_seq16_20251118_135249_694859.avi,89.78766563891388,360,90,HIGH,VIDEO_RECORDING,2025-11-18T13:52:53.782478
2025-11-18 13:52:51.785576,188,517,HandType.Right,0.8007656931877136,-23.052385330200195,187.1851348876953,44.18650436401367,-0.40773653984069824,-0.8728795051574707,-0.26801538467407227,-124.9253158569336,-25.36811065673828,136.07656860351562,0.0,0.11388145387172699,46.209251403808594,0,1,1,1,1,-69.4087905883789,171.5870361328125,16.51106071472168,-50.278594970703125,183.62857055664062,-30.859477996826172,pull,16,2025-11-18T13:52:51.785576,my_hand_data\videos\pull_seq16_20251118_135249_694859.avi,89.78766563891388,360,90,HIGH,VIDEO_RECORDING,2025-11-18T13:52:53.782478
2025-11-18 13:52:51.805666,189,517,HandType.Right,0.8012143969535828,-25.62908172607422,186.57427978515625,47.288352966308594,-0.40785089135169983,-0.8731780052185059,-0.26686668395996094,-115.62590026855469,-28.59063148498535,147.74839782714844,0.0,0.11637619137763977,46.05615997314453,0,1,1,1,1,-72.3873519897461,171.16458129882812,19.7761173248291,-53.55942916870117,183.29867553710938,-27.557666778564453,pull,16,2025-11-18T13:52:51.805666,my_hand_data\videos\pull_seq16_20251118_135249_694859.avi,89.78766563891388,360,90,HIGH,VIDEO_RECORDING,2025-11-18T13:52:53.782478
2025-11-18 13:52:51.808978,190,517,HandType.Right,0.8012143969535828,-25.62908172607422,186.57427978515625,47.288352966308594,-0.40785089135169983,-0.8731780052185059,-0.26686668395996094,-115.62590026855469,-28.59063148498535,147.74839782714844,0.0,0.11637619137763977,46.05615997314453,0,1,1,1,1,-72.3873519897461,171.16458129882812,19.7761173248291,-53.55942916870117,183.29867553710938,-27.557666778564453,pull,16,2025-11-18T13:52:51.808978,my_hand_data\videos\pull_seq16_20251118_135249_694859.avi,89.78766563891388,360,90,HIGH,VIDEO_RECORDING,2025-11-18T13:52:53.782478
2025-11-18 13:52:51.826102,191,517,HandType.Right,0.8016459941864014,-26.878101348876953,186.29945373535156,48.931243896484375,-0.40821465849876404,-0.8733978867530823,-0.26558780670166016,-111.86919403076172,-24.614877700805664,147.14657592773438,0.0,0.11896400153636932,45.916358947753906,0,1,1,1,1,-73.73770141601562,170.91351318359375,21.40358543395996,-55.11820983886719,183.16778564453125,-25.865550994873047,pull,16,2025-11-18T13:52:51.826102,my_hand_data\videos\pull_seq16_20251118_135249_694859.avi,89.78766563891388,360,90,HIGH,VIDEO_RECORDING,2025-11-18T13:52:53.782478
2025-11-18 13:52:51.826102,192,517,HandType.Right,0.801657497882843,-28.122989654541016,186.06417846679688,50.30884552001953,-0.4060361087322235,-0.8742786049842834,-0.26602938771247864,-111.45909881591797,-21.064817428588867,123.3415298461914,0.0,0.11895794421434402,45.85796356201172,0,1,1,1,1,-75.10481262207031,170.68115234375,22.81888198852539,-56.71051025390625,183.17092895507812,-24.47321319580078,pull,16,2025-11-18T13:52:51.826102,my_hand_data\videos\pull_seq16_20251118_135249_694859.avi,89.78766563891388,360,90,HIGH,VIDEO_RECORDING,2025-11-18T13:52:53.782478
2025-11-18 13:52:51.846638,193,517,HandType.Right,0.8018080592155457,-29.326656341552734,185.91311645507812,51.71792984008789,-0.40451040863990784,-0.8748233914375305,-0.26656216382980347,-108.6930923461914,-13.641347885131836,127.24264526367188,0.0,0.12050811201334,45.80432891845703,0,1,1,1,1,-76.34300994873047,170.4219207763672,24.310152053833008,-58.11483383178711,183.0089111328125,-22.94976234436035,pull,16,2025-11-18T13:52:51.846638,my_hand_data\videos\pull_seq16_20251118_135249_694859.avi,89.78766563891388,360,90,HIGH,VIDEO_RECORDING,2025-11-18T13:52:53.782478
2025-11-18 13:52:51.846638,194,517,HandType.Right,0.8012029528617859,-30.465858459472656,185.80685424804688,53.03011703491211,-0.4019198417663574,-0.8761157989501953,-0.2662358582019806,-102.06084442138672,-9.519695281982422,117.55851745605469,0.0,0.11936311423778534,45.83037185668945,0,1,1,1,1,-77.50374603271484,170.14524841308594,25.7406005859375,-59.458106994628906,182.90719604492188,-21.587528228759766,pull,16,2025-11-18T13:52:51.846638,my_hand_data\videos\pull_seq16_20251118_135249_694859.avi,89.78766563891388,360,90,HIGH,VIDEO_RECORDING,2025-11-18T13:52:53.782478
2025-11-18 13:52:51.866866,195,517,HandType.Right,0.8010318875312805,-31.4707088470459,185.70394897460938,54.33476638793945,-0.39977148175239563,-0.8769717812538147,-0.26665186882019043,-90.60865783691406,-9.279736518859863,117.64180755615234,0.0,0.11852258443832397,45.880924224853516,0,1,1,1,1,-78.5948486328125,169.82664489746094,27.14167594909668,-60.688846588134766,182.8079833984375,-20.213491439819336,pull,16,2025-11-18T13:52:51.866866,my_hand_data\videos\pull_seq16_20251118_135249_694859.avi,89.78766563891388,360,90,HIGH,VIDEO_RECORDING,2025-11-18T13:52:53.782478
2025-11-18 13:52:51.877374,196,517,HandType.Right,0.8005451560020447,-32.488304138183594,185.6497344970703,55.521671295166016,-0.3970143795013428,-0.8781275749206543,-0.2669673562049866,-93.04999542236328,-4.957215309143066,108.53189849853516,0.0,0.11705749481916428,45.932769775390625,0,1,1,1,1,-79.63750457763672,169.66790771484375,28.529211044311523,-61.834686279296875,182.72422790527344,-18.900997161865234,pull,16,2025-11-18T13:52:51.877374,my_hand_data\videos\pull_seq16_20251118_135249_694859.avi,89.78766563891388,360,90,HIGH,VIDEO_RECORDING,2025-11-18T13:52:53.782478
2025-11-18 13:52:51.887549,197,517,HandType.Right,0.7988970279693604,-33.4635009765625,185.59640502929688,56.68437576293945,-0.39469337463378906,-0.8790954947471619,-0.2672232389450073,-87.14106750488281,-4.76522970199585,103.8964614868164,0.0,0.11634141951799393,46.017608642578125,0,1,1,1,1,-80.6142807006836,169.37985229492188,29.927370071411133,-62.95417404174805,182.5507354736328,-17.553634643554688,pull,16,2025-11-18T13:52:51.887549,my_hand_data\videos\pull_seq16_20251118_135249_694859.avi,89.78766563891388,360,90,HIGH,VIDEO_RECORDING,2025-11-18T13:52:53.782478
2025-11-18 13:52:51.897319,198,517,HandType.Right,0.7984039187431335,-34.356075286865234,185.45654296875,57.885135650634766,-0.39248383045196533,-0.8799648880958557,-0.26761576533317566,-79.89385986328125,-12.518775939941406,107.47925567626953,0.0,0.11134553700685501,46.1295280456543,0,1,1,1,1,-81.54193878173828,169.1876220703125,31.393739700317383,-64.02002716064453,182.35057067871094,-16.342424392700195,pull,16,2025-11-18T13:52:51.897319,my_hand_data\videos\pull_seq16_20251118_135249_694859.avi,89.78766563891388,360,90,HIGH,VIDEO_RECORDING,2025-11-18T13:52:53.782478
2025-11-18 13:52:51.907475,199,517,HandType.Right,0.7966144680976868,-35.26401901245117,185.39859008789062,59.00238037109375,-0.3910447955131531,-0.8805252909660339,-0.26787900924682617,-82.02580261230469,-5.235476493835449,100.93477630615234,0.0,0.11088111251592636,46.10746383666992,0,1,1,1,1,-82.44853973388672,169.05474853515625,32.719364166259766,-64.9578628540039,181.844482421875,-15.151694297790527,pull,16,2025-11-18T13:52:51.907475,my_hand_data\videos\pull_seq16_20251118_135249_694859.avi,89.78766563891388,360,90,HIGH,VIDEO_RECORDING,2025-11-18T13:52:53.782478
2025-11-18 13:52:51.917959,200,517,HandType.Right,0.7964521050453186,-36.113460540771484,185.3318634033203,60.16379165649414,-0.3896796405315399,-0.8811993598937988,-0.2676517069339752,-76.10133361816406,-5.978254795074463,104.05052947998047,0.0,0.10598862916231155,46.248287200927734,0,1,1,1,1,-83.31892395019531,168.81997680664062,34.135337829589844,-66.08216094970703,181.77638244628906,-13.980693817138672,pull,16,2025-11-18T13:52:51.917959,my_hand_data\videos\pull_seq16_20251118_135249_694859.avi,89.78766563891388,360,90,HIGH,VIDEO_RECORDING,2025-11-18T13:52:53.782478
2025-11-18 13:52:51.938362,201,517,HandType.Right,0.7981934547424316,-37.74470138549805,185.08209228515625,62.49022674560547,-0.38809865713119507,-0.8817234635353088,-0.26822230219841003,-70.9677505493164,-13.741266250610352,111.44725036621094,0.0,0.10562106966972351,46.249691009521484,0,1,1,1,1,-85.06681060791016,168.47824096679688,36.843955993652344,-68.11445617675781,181.14048767089844,-11.476569175720215,pull,16,2025-11-18T13:52:51.938362,my_hand_data\videos\pull_seq16_20251118_135249_694859.avi,89.78766563891388,360,90,HIGH,VIDEO_RECORDING,2025-11-18T13:52:53.782478
2025-11-18 13:52:51.938362,202,517,HandType.Right,0.7981934547424316,-37.74470138549805,185.08209228515625,62.49022674560547,-0.38809865713119507,-0.8817234635353088,-0.26822230219841003,-70.9677505493164,-13.741266250610352,111.44725036621094,0.0,0.10562106966972351,46.249691009521484,0,1,1,1,1,-85.06681060791016,168.47824096679688,36.843955993652344,-68.11445617675781,181.14048767089844,-11.476569175720215,pull,16,2025-11-18T13:52:51.938362,my_hand_data\videos\pull_seq16_20251118_135249_694859.avi,89.78766563891388,360,90,HIGH,VIDEO_RECORDING,2025-11-18T13:52:53.782478
2025-11-18 13:52:51.958685,203,517,HandType.Right,0.7996008396148682,-38.60219955444336,184.96670532226562,63.56732177734375,-0.388028621673584,-0.8817320466041565,-0.2682953178882599,-76.97479248046875,-10.357203483581543,96.68708801269531,0.0,0.10925212502479553,46.201534271240234,0,1,1,1,1,-85.97364807128906,168.32723999023438,38.05107879638672,-69.2111587524414,180.99017333984375,-10.197103500366211,pull,16,2025-11-18T13:52:51.958685,my_hand_data\videos\pull_seq16_20251118_135249_694859.avi,89.78766563891388,360,90,HIGH,VIDEO_RECORDING,2025-11-18T13:52:53.782478
2025-11-18 13:52:51.958685,204,517,HandType.Right,0.8014546632766724,-39.46198272705078,184.8179931640625,64.76512908935547,-0.38742098212242126,-0.8819254636764526,-0.26853761076927185,-78.20486450195312,-13.527381896972656,108.95101928710938,0.0,0.11128871142864227,46.17852020263672,0,1,1,1,1,-86.84173583984375,168.11326599121094,39.34788131713867,-70.150390625,180.66314697265625,-8.88011646270752,pull,16,2025-11-18T13:52:51.958685,my_hand_data\videos\pull_seq16_20251118_135249_694859.avi,89.78766563891388,360,90,HIGH,VIDEO_RECORDING,2025-11-18T13:52:53.782478
2025-11-18 13:52:51.978972,205,517,HandType.Right,0.8016126751899719,-40.335453033447266,184.6649932861328,65.88291931152344,-0.3869920074939728,-0.8822533488273621,-0.2680787146091461,-77.92579650878906,-13.649690628051758,99.72258758544922,0.0,0.11242275685071945,46.15481948852539,0,1,1,1,1,-87.72927856445312,167.8955535888672,40.54985427856445,-71.10226440429688,180.33387756347656,-7.686354160308838,pull,16,2025-11-18T13:52:51.978972,my_hand_data\videos\pull_seq16_20251118_135249_694859.avi,89.78766563891388,360,90,HIGH,VIDEO_RECORDING,2025-11-18T13:52:53.782478
2025-11-18 13:52:51.989171,206,517,HandType.Right,0.8009709715843201,-41.171043395996094,184.3845672607422,66.96204376220703,-0.38569387793540955,-0.8828874826431274,-0.26786166429519653,-75.98328399658203,-25.499998092651367,98.12866973876953,0.0,0.11045204848051071,46.17708969116211,0,1,1,1,1,-88.59473419189453,167.6196746826172,41.73643112182617,-72.01839447021484,180.00308227539062,-6.608046531677246,pull,16,2025-11-18T13:52:51.989171,my_hand_data\videos\pull_seq16_20251118_135249_694859.avi,89.78766563891388,360,90,HIGH,VIDEO_RECORDING,2025-11-18T13:52:53.782478
2025-11-18 13:52:51.999420,207,517,HandType.Right,0.7995737791061401,-41.96434783935547,184.19491577148438,68.18749237060547,-0.3856189250946045,-0.8831059336662292,-0.2672489583492279,-71.77286529541016,-17.157644271850586,110.87059020996094,0.0,0.10924109816551208,46.205055236816406,0,1,1,1,1,-89.43135833740234,167.40223693847656,43.05721664428711,-72.90509033203125,179.7322540283203,-5.367525100708008,pull,16,2025-11-18T13:52:51.999420,my_hand_data\videos\pull_seq16_20251118_135249_694859.avi,89.78766563891388,360,90,HIGH,VIDEO_RECORDING,2025-11-18T13:52:53.782478
2025-11-18 13:52:52.009563,208,517,HandType.Right,0.7976443767547607,-42.776824951171875,183.99951171875,69.36006164550781,-0.38651350140571594,-0.8828513622283936,-0.2667972147464752,-71.93223571777344,-17.30063247680664,103.81330871582031,0.0,0.11108969897031784,46.16254806518555,0,1,1,1,1,-90.2713394165039,167.1269073486328,44.26607894897461,-73.78582763671875,179.26559448242188,-4.148863315582275,pull,16,2025-11-18T13:52:52.009563,my_hand_data\videos\pull_seq16_20251118_135249_694859.avi,89.78766563891388,360,90,HIGH,VIDEO_RECORDING,2025-11-18T13:52:53.782478
2025-11-18 13:52:52.019849,209,517,HandType.Right,0.7959564328193665,-43.573936462402344,183.76473999023438,70.5968246459961,-0.38719451427459717,-0.8826279044151306,-0.2665489614009857,-70.96159362792969,-20.89959716796875,110.10092163085938,0.0,0.11438380181789398,46.067752838134766,0,1,1,1,1,-91.14733123779297,166.88987731933594,45.51099395751953,-74.9281234741211,179.0731658935547,-2.8557255268096924,pull,16,2025-11-18T13:52:52.019849,my_hand_data\videos\pull_seq16_20251118_135249_694859.avi,89.78766563891388,360,90,HIGH,VIDEO_RECORDING,2025-11-18T13:52:53.782478
2025-11-18 13:52:52.029872,210,517,HandType.Right,0.7935330867767334,-44.35432815551758,183.41567993164062,71.65637969970703,-0.38739651441574097,-0.8825774192810059,-0.2664226293563843,-71.14519500732422,-31.82243537902832,96.59524536132812,0.0,0.11395854502916336,46.09119415283203,0,1,1,1,1,-92.05901336669922,166.5859375,46.68357849121094,-75.91831970214844,178.6944122314453,-1.7499327659606934,pull,16,2025-11-18T13:52:52.029872,my_hand_data\videos\pull_seq16_20251118_135249_694859.avi,89.78766563891388,360,90,HIGH,VIDEO_RECORDING,2025-11-18T13:52:53.782478
2025-11-18 13:52:52.040174,211,517,HandType.Right,0.7920730113983154,-45.21763610839844,183.0337677001953,72.9286117553711,-0.387273371219635,-0.8824378848075867,-0.26706311106681824,-78.70437622070312,-34.81808090209961,115.98405456542969,0.0,0.11567741632461548,46.05473327636719,0,1,1,1,1,-93.02361297607422,166.20883178710938,47.9454460144043,-76.90509033203125,178.34408569335938,-0.43182820081710815,pull,16,2025-11-18T13:52:52.040174,my_hand_data\videos\pull_seq16_20251118_135249_694859.avi,89.78766563891388,360,90,HIGH,VIDEO_RECORDING,2025-11-18T13:52:53.782478
2025-11-18 13:52:52.060719,212,517,HandType.Right,0.7882140278816223,-47.078948974609375,181.8649444580078,75.42444610595703,-0.38749098777770996,-0.8821701407432556,-0.2676314413547516,-86.12968444824219,-56.33635330200195,121.10171508789062,0.0,0.1216471940279007,45.90645217895508,0,1,1,1,1,-95.00285339355469,165.0267791748047,50.404762268066406,-79.04752349853516,177.29556274414062,2.220667839050293,pull,16,2025-11-18T13:52:52.060719,my_hand_data\videos\pull_seq16_20251118_135249_694859.avi,89.78766563891388,360,90,HIGH,VIDEO_RECORDING,2025-11-18T13:52:53.782478
2025-11-18 13:52:52.060719,213,517,HandType.Right,0.7882140278816223,-47.078948974609375,181.8649444580078,75.42444610595703,-0.38749098777770996,-0.8821701407432556,-0.2676314413547516,-86.12968444824219,-56.33635330200195,121.10171508789062,0.0,0.1216471940279007,45.90645217895508,0,1,1,1,1,-95.00285339355469,165.0267791748047,50.404762268066406,-79.04752349853516,177.29556274414062,2.220667839050293,pull,16,2025-11-18T13:52:52.060719,my_hand_data\videos\pull_seq16_20251118_135249_694859.avi,89.78766563891388,360,90,HIGH,VIDEO_RECORDING,2025-11-18T13:52:53.782478
2025-11-18 13:52:52.081064,214,517,HandType.Right,0.7868334650993347,-48.0496940612793,181.31103515625,76.59654998779297,-0.3888716697692871,-0.8815573453903198,-0.26764804124832153,-86.0055923461914,-49.07532501220703,103.84529876708984,0.0,0.12806254625320435,45.81861114501953,0,1,1,1,1,-96.02603912353516,164.28277587890625,51.580509185791016,-80.30964660644531,176.74037170410156,3.604724884033203,pull,16,2025-11-18T13:52:52.081064,my_hand_data\videos\pull_seq16_20251118_135249_694859.avi,89.78766563891388,360,90,HIGH,VIDEO_RECORDING,2025-11-18T13:52:53.782478
2025-11-18 13:52:52.081064,215,517,HandType.Right,0.7863324284553528,-49.05947494506836,180.69252014160156,77.78058624267578,-0.3916207551956177,-0.8805038332939148,-0.2671070992946625,-90.8729476928711,-55.66130065917969,106.55452728271484,0.0,0.13412204384803772,45.73453903198242,0,1,1,1,1,-97.18571472167969,163.48802185058594,52.78831100463867,-81.78359985351562,176.1660614013672,4.991680145263672,pull,16,2025-11-18T13:52:52.081064,my_hand_data\videos\pull_seq16_20251118_135249_694859.avi,89.78766563891388,360,90,HIGH,VIDEO_RECORDING,2025-11-18T13:52:53.782478
2025-11-18 13:52:52.101445,216,517,HandType.Right,0.7871084809303284,-50.115665435791016,180.02322387695312,79.12754821777344,-0.3930334746837616,-0.8801437616348267,-0.2662173807621002,-96.438232421875,-61.112056732177734,122.98789978027344,0.0,0.13819339871406555,45.668521881103516,0,1,1,1,1,-98.25414276123047,162.6486358642578,54.12833786010742,-83.00494384765625,175.47183227539062,6.462700843811035,pull,16,2025-11-18T13:52:52.101445,my_hand_data\videos\pull_seq16_20251118_135249_694859.avi,89.78766563891388,360,90,HIGH,VIDEO_RECORDING,2025-11-18T13:52:53.782478
2025-11-18 13:52:52.111801,217,517,HandType.Right,0.7873772382736206,-51.23141098022461,179.3200225830078,80.46106719970703,-0.3947606384754181,-0.8798721432685852,-0.2645544707775116,-99.60205841064453,-62.77488327026367,119.0430679321289,0.0,0.14339374005794525,45.54546356201172,0,1,1,1,1,-99.38854217529297,161.8566131591797,55.4571418762207,-84.37167358398438,174.78024291992188,7.935143947601318,pull,16,2025-11-18T13:52:52.111801,my_hand_data\videos\pull_seq16_20251118_135249_694859.avi,89.78766563891388,360,90,HIGH,VIDEO_RECORDING,2025-11-18T13:52:53.782478
2025-11-18 13:52:52.122304,218,517,HandType.Right,0.7873601913452148,-52.32951354980469,178.5750732421875,81.71428680419922,-0.39586442708969116,-0.8800374269485474,-0.2623461186885834,-99.33098602294922,-67.38536834716797,113.36239624023438,0.0,0.14704759418964386,45.44414138793945,0,1,1,1,1,-100.50448608398438,161.06344604492188,56.71408462524414,-85.78731536865234,174.1307830810547,9.265758514404297,pull,16,2025-11-18T13:52:52.122304,my_hand_data\videos\pull_seq16_20251118_135249_694859.avi,89.78766563891388,360,90,HIGH,VIDEO_RECORDING,2025-11-18T13:52:53.782478
2025-11-18 13:52:52.132442,219,517,HandType.Right,0.7865986227989197,-53.46996307373047,177.77540588378906,83.0303726196289,-0.3973090350627899,-0.8802512288093567,-0.25942879915237427,-103.49861145019531,-72.57244110107422,119.43789672851562,0.0,0.15358209609985352,45.29589080810547,0,1,1,1,1,-101.66493225097656,160.2216033935547,58.05027770996094,-87.22208404541016,173.33628845214844,10.773152351379395,pull,16,2025-11-18T13:52:52.132442,my_hand_data\videos\pull_seq16_20251118_135249_694859.avi,89.78766563891388,360,90,HIGH,VIDEO_RECORDING,2025-11-18T13:52:53.782478
2025-11-18 13:52:52.142466,220,517,HandType.Right,0.7853612303733826,-54.658538818359375,177.0353240966797,84.35706329345703,-0.3980734944343567,-0.8806001543998718,-0.25706204771995544,-106.76129150390625,-66.475830078125,119.16702270507812,0.0,0.15615181624889374,45.23395919799805,0,1,1,1,1,-102.90725708007812,159.43927001953125,59.42687225341797,-88.68046569824219,172.5611572265625,12.171149253845215,pull,16,2025-11-18T13:52:52.142466,my_hand_data\videos\pull_seq16_20251118_135249_694859.avi,89.78766563891388,360,90,HIGH,VIDEO_RECORDING,2025-11-18T13:52:53.782478
2025-11-18 13:52:52.152818,221,517,HandType.Right,0.7844519019126892,-55.86763381958008,176.30490112304688,85.54901885986328,-0.39768660068511963,-0.8813660144805908,-0.25502803921699524,-109.58907318115234,-66.20427703857422,108.03595733642578,0.0,0.15669849514961243,45.20416259765625,0,1,1,1,1,-104.26122283935547,158.68368530273438,60.77565002441406,-90.37641906738281,171.90769958496094,13.459146499633789,pull,16,2025-11-18T13:52:52.152818,my_hand_data\videos\pull_seq16_20251118_135249_694859.avi,89.78766563891388,360,90,HIGH,VIDEO_RECORDING,2025-11-18T13:52:53.782478
2025-11-18 13:52:52.163188,222,517,HandType.Right,0.783568263053894,-57.12149429321289,175.71681213378906,86.84503936767578,-0.3975236713886261,-0.8818151354789734,-0.25372618436813354,-112.11189270019531,-52.581939697265625,115.8814926147461,0.0,0.1567177176475525,45.2249870300293,0,1,1,1,1,-105.58770751953125,157.9886932373047,62.19847869873047,-92.11614990234375,171.5443572998047,14.854818344116211,pull,16,2025-11-18T13:52:52.163188,my_hand_data\videos\pull_seq16_20251118_135249_694859.avi,89.78766563891388,360,90,HIGH,VIDEO_RECORDING,2025-11-18T13:52:53.782478
2025-11-18 13:52:52.184066,223,517,HandType.Right,0.7821462750434875,-58.39039611816406,175.12771606445312,88.15399169921875,-0.3977791666984558,-0.8820201754570007,-0.25261062383651733,-112.78115844726562,-52.360084533691406,116.34105682373047,0.0,0.15794947743415833,45.2026481628418,0,1,1,1,1,-106.9113998413086,157.32032775878906,63.63037872314453,-93.68221282958984,170.82664489746094,16.250810623168945,pull,16,2025-11-18T13:52:52.184066,my_hand_data\videos\pull_seq16_20251118_135249_694859.avi,89.78766563891388,360,90,HIGH,VIDEO_RECORDING,2025-11-18T13:52:53.782478
2025-11-18 13:52:52.184066,224,517,HandType.Right,0.7798808813095093,-59.68973922729492,174.5419921875,89.41304779052734,-0.3974396884441376,-0.8824618458747864,-0.25160038471221924,-117.726318359375,-53.068931579589844,114.07582092285156,0.0,0.15600769221782684,45.30417251586914,0,1,1,1,1,-108.19607543945312,156.5713348388672,65.08956909179688,-95.05262756347656,169.96380615234375,17.572410583496094,pull,16,2025-11-18T13:52:52.184066,my_hand_data\videos\pull_seq16_20251118_135249_694859.avi,89.78766563891388,360,90,HIGH,VIDEO_RECORDING,2025-11-18T13:52:53.782478
2025-11-18 13:52:52.204306,225,517,HandType.Right,0.7749320268630981,-62.320884704589844,173.55662536621094,92.06922912597656,-0.3978472352027893,-0.883243203163147,-0.24819153547286987,-115.26441955566406,-41.24628448486328,111.14615631103516,0.0,0.16396276652812958,45.26163101196289,0,1,1,1,1,-110.77131652832031,155.3476104736328,68.29310607910156,-98.62823486328125,168.9534912109375,20.85137367248535,pull,16,2025-11-18T13:52:52.204306,my_hand_data\videos\pull_seq16_20251118_135249_694859.avi,89.78766563891388,360,90,HIGH,VIDEO_RECORDING,2025-11-18T13:52:53.782478
2025-11-18 13:52:52.204306,226,517,HandType.Right,0.7749320268630981,-62.320884704589844,173.55662536621094,92.06922912597656,-0.3978472352027893,-0.883243203163147,-0.24819153547286987,-115.26441955566406,-41.24628448486328,111.14615631103516,0.0,0.16396276652812958,45.26163101196289,0,1,1,1,1,-110.77131652832031,155.3476104736328,68.29310607910156,-98.62823486328125,168.9534912109375,20.85137367248535,pull,16,2025-11-18T13:52:52.204306,my_hand_data\videos\pull_seq16_20251118_135249_694859.avi,89.78766563891388,360,90,HIGH,VIDEO_RECORDING,2025-11-18T13:52:53.782478
2025-11-18 13:52:52.224792,227,517,HandType.Right,0.7743799090385437,-63.62043380737305,173.16302490234375,93.49684143066406,-0.39877721667289734,-0.8832389116287231,-0.2467099130153656,-123.83731842041016,-37.507625579833984,136.0408477783203,0.0,0.16595236957073212,45.213382720947266,0,1,1,1,1,-112.06929016113281,154.9111785888672,69.90626525878906,-100.68196105957031,168.92124938964844,22.46683120727539,pull,16,2025-11-18T13:52:52.224792,my_hand_data\videos\pull_seq16_20251118_135249_694859.avi,89.78766563891388,360,90,HIGH,VIDEO_RECORDING,2025-11-18T13:52:53.782478
2025-11-18 13:52:52.228813,228,517,HandType.Right,0.7731196284294128,-64.92601776123047,172.73785400390625,94.91991424560547,-0.3990913927555084,-0.8836351037025452,-0.2447754591703415,-118.84068298339844,-38.70072555541992,129.5352325439453,0.0,0.16748890280723572,45.21612548828125,0,1,1,1,1,-113.39334869384766,154.4899139404297,71.46896362304688,-102.42276000976562,168.84896850585938,24.089202880859375,pull,16,2025-11-18T13:52:52.228813,my_hand_data\videos\pull_seq16_20251118_135249_694859.avi,89.78766563891388,360,90,HIGH,VIDEO_RECORDING,2025-11-18T13:52:53.782478
2025-11-18 13:52:52.245411,229,517,HandType.Right,0.7728127241134644,-66.20816040039062,172.46728515625,96.47438049316406,-0.4006163477897644,-0.8835045099258423,-0.2427474558353424,-114.81565856933594,-24.22962188720703,139.20223999023438,0.0,0.17070166766643524,45.165321350097656,0,1,1,1,1,-114.66431427001953,154.17498779296875,73.06829071044922,-103.94380950927734,168.64215087890625,25.784746170043945,pull,16,2025-11-18T13:52:52.245411,my_hand_data\videos\pull_seq16_20251118_135249_694859.avi,89.78766563891388,360,90,HIGH,VIDEO_RECORDING,2025-11-18T13:52:53.782478
2025-11-18 13:52:52.255454,230,517,HandType.Right,0.772377610206604,-67.50383758544922,172.21119689941406,97.96810913085938,-0.40144452452659607,-0.8835934996604919,-0.24104930460453033,-115.99577331542969,-22.92662811279297,133.72642517089844,0.0,0.17066505551338196,45.170982360839844,0,1,1,1,1,-115.9787826538086,153.9039764404297,74.65928649902344,-105.41246795654297,168.3357696533203,27.32477378845215,pull,16,2025-11-18T13:52:52.255454,my_hand_data\videos\pull_seq16_20251118_135249_694859.avi,89.78766563891388,360,90,HIGH,VIDEO_RECORDING,2025-11-18T13:52:53.782478
2025-11-18 13:52:52.265491,231,517,HandType.Right,0.7717349529266357,-68.85258483886719,172.101318359375,99.32781982421875,-0.402412474155426,-0.8836055994033813,-0.2393854260444641,-119.96361541748047,-9.772170066833496,120.93832397460938,0.0,0.17439277470111847,45.11791229248047,0,1,1,1,1,-117.39524841308594,153.79615783691406,76.07071685791016,-106.77397155761719,168.0050811767578,28.813772201538086,pull,16,2025-11-18T13:52:52.265491,my_hand_data\videos\pull_seq16_20251118_135249_694859.avi,89.78766563891388,360,90,HIGH,VIDEO_RECORDING,2025-11-18T13:52:53.782478
2025-11-18 13:52:52.275636,232,517,HandType.Right,0.7696806788444519,-70.13883972167969,172.0894775390625,100.5971908569336,-0.4022195637226105,-0.8836659789085388,-0.2394866794347763,-117.90727996826172,-1.086348056793213,116.36035919189453,0.0,0.17911359667778015,45.04691696166992,0,1,1,1,1,-118.78050994873047,153.78659057617188,77.5147476196289,-108.24653625488281,167.77500915527344,30.335552215576172,pull,16,2025-11-18T13:52:52.275636,my_hand_data\videos\pull_seq16_20251118_135249_694859.avi,89.78766563891388,360,90,HIGH,VIDEO_RECORDING,2025-11-18T13:52:53.782478
2025-11-18 13:52:52.286107,233,517,HandType.Right,0.7690914869308472,-71.41424560546875,172.25103759765625,101.89342498779297,-0.40210986137390137,-0.8835617899894714,-0.2400546818971634,-112.51970672607422,14.254085540771484,114.35645294189453,0.0,0.18779243528842926,44.865867614746094,0,1,1,1,1,-120.15835571289062,153.83580017089844,78.91571807861328,-109.89865112304688,167.73660278320312,31.9632511138916,pull,16,2025-11-18T13:52:52.286107,my_hand_data\videos\pull_seq16_20251118_135249_694859.avi,89.78766563891388,360,90,HIGH,VIDEO_RECORDING,2025-11-18T13:52:53.782478
2025-11-18 13:52:52.306446,234,517,HandType.Right,0.7688926458358765,-73.89887237548828,172.5722198486328,104.56121063232422,-0.4031120836734772,-0.8821907639503479,-0.2433929592370987,-111.59171295166016,16.273542404174805,111.29646301269531,0.0,0.2048283964395523,44.51114273071289,0,1,1,1,1,-122.976806640625,154.05227661132812,81.85587310791016,-113.35387420654297,168.21002197265625,35.46403503417969,pull,16,2025-11-18T13:52:52.306446,my_hand_data\videos\pull_seq16_20251118_135249_694859.avi,89.78766563891388,360,90,HIGH,VIDEO_RECORDING,2025-11-18T13:52:53.782478
2025-11-18 13:52:52.306446,235,517,HandType.Right,0.7688926458358765,-73.89887237548828,172.5722198486328,104.56121063232422,-0.4031120836734772,-0.8821907639503479,-0.2433929592370987,-111.59171295166016,16.273542404174805,111.29646301269531,0.0,0.2048283964395523,44.51114273071289,0,1,1,1,1,-122.976806640625,154.05227661132812,81.85587310791016,-113.35387420654297,168.21002197265625,35.46403503417969,pull,16,2025-11-18T13:52:52.306446,my_hand_data\videos\pull_seq16_20251118_135249_694859.avi,89.78766563891388,360,90,HIGH,VIDEO_RECORDING,2025-11-18T13:52:53.782478
2025-11-18 13:52:52.326761,236,517,HandType.Right,0.7680072784423828,-75.0277099609375,172.6785888671875,105.74483489990234,-0.4021039605140686,-0.8824297189712524,-0.24419298768043518,-100.66289520263672,9.485519409179688,105.54904174804688,0.0,0.20818719267845154,44.49853515625,0,1,1,1,1,-124.22366333007812,154.0862579345703,83.26696014404297,-114.71693420410156,168.18125915527344,36.939048767089844,pull,16,2025-11-18T13:52:52.326761,my_hand_data\videos\pull_seq16_20251118_135249_694859.avi,89.78766563891388,360,90,HIGH,VIDEO_RECORDING,2025-11-18T13:52:53.782478
2025-11-18 13:52:52.326761,237,517,HandType.Right,0.7690975069999695,-76.1623306274414,172.70733642578125,107.10509490966797,-0.40197640657424927,-0.8825462460517883,-0.24398167431354523,-103.37323760986328,2.6194629669189453,123.9302749633789,0.0,0.21027816832065582,44.443538665771484,0,1,1,1,1,-125.42806243896484,154.09530639648438,84.75822448730469,-116.27978515625,168.34933471679688,38.47225570678711,pull,16,2025-11-18T13:52:52.326761,my_hand_data\videos\pull_seq16_20251118_135249_694859.avi,89.78766563891388,360,90,HIGH,VIDEO_RECORDING,2025-11-18T13:52:53.782478
2025-11-18 13:52:52.346819,238,517,HandType.Right,0.7718909382820129,-77.29966735839844,172.89955139160156,108.39551544189453,-0.402060329914093,-0.882599949836731,-0.24364903569221497,-102.94495391845703,17.39748764038086,116.80138397216797,0.0,0.21106815338134766,44.420814514160156,0,1,1,1,1,-126.76123046875,154.31088256835938,86.20143127441406,-117.74871826171875,168.59982299804688,39.92380905151367,pull,16,2025-11-18T13:52:52.346819,my_hand_data\videos\pull_seq16_20251118_135249_694859.avi,89.78766563891388,360,90,HIGH,VIDEO_RECORDING,2025-11-18T13:52:53.782478
2025-11-18 13:52:52.356851,239,517,HandType.Right,0.7719894647598267,-78.34130859375,173.01718139648438,109.7152328491211,-0.4029465317726135,-0.8820854425430298,-0.2440478503704071,-93.23627471923828,10.529003143310547,118.12736511230469,0.0,0.21799491345882416,44.288265228271484,0,1,1,1,1,-127.93679809570312,154.48680114746094,87.71527099609375,-119.30974578857422,168.9132080078125,41.66745376586914,pull,16,2025-11-18T13:52:52.356851,my_hand_data\videos\pull_seq16_20251118_135249_694859.avi,89.78766563891388,360,90,HIGH,VIDEO_RECORDING,2025-11-18T13:52:53.782478
2025-11-18 13:52:52.367253,240,517,HandType.Right,0.7720275521278381,-79.38583374023438,173.10067749023438,110.93282318115234,-0.40357598662376404,-0.8819894194602966,-0.24335390329360962,-93.01209259033203,7.43583869934082,108.42298126220703,0.0,0.22662238776683807,44.12010955810547,0,1,1,1,1,-129.1015625,154.65765380859375,89.11370086669922,-120.79562377929688,169.0938720703125,43.33057403564453,pull,16,2025-11-18T13:52:52.367253,my_hand_data\videos\pull_seq16_20251118_135249_694859.avi,89.78766563891388,360,90,HIGH,VIDEO_RECORDING,2025-11-18T13:52:53.782478
2025-11-18 13:52:52.367253,241,517,HandType.Right,0.7723172903060913,-80.42835998535156,173.20166015625,112.22460174560547,-0.40290504693984985,-0.8819573521614075,-0.2445787787437439,-94.16783905029297,9.121404647827148,116.68099212646484,0.0,0.23181961476802826,44.00481414794922,0,1,1,1,1,-130.24301147460938,154.88389587402344,90.57452392578125,-122.08858489990234,169.29025268554688,44.9471549987793,pull,16,2025-11-18T13:52:52.367253,my_hand_data\videos\pull_seq16_20251118_135249_694859.avi,89.78766563891388,360,90,HIGH,VIDEO_RECORDING,2025-11-18T13:52:53.782478
2025-11-18 13:52:52.388007,242,517,HandType.Right,0.7712304592132568,-81.43097686767578,173.33224487304688,113.41426086425781,-0.4020766615867615,-0.8820228576660156,-0.24570323526859283,-90.32588195800781,11.763778686523438,107.17682647705078,0.0,0.23578770458698273,43.93595886230469,0,1,1,1,1,-131.2568359375,155.00511169433594,92.00027465820312,-123.37887573242188,169.4120330810547,46.463714599609375,pull,16,2025-11-18T13:52:52.388007,my_hand_data\videos\pull_seq16_20251118_135249_694859.avi,89.78766563891388,360,90,HIGH,VIDEO_RECORDING,2025-11-18T13:52:53.782478
2025-11-18 13:52:52.398180,243,517,HandType.Right,0.7711305618286133,-82.39028930664062,173.43267822265625,114.82169342041016,-0.40340080857276917,-0.8811266422271729,-0.2467460036277771,-86.77587127685547,9.085087776184082,127.31172180175781,0.0,0.24316366016864777,43.73947525024414,0,1,1,1,1,-132.23228454589844,155.0884246826172,93.47281646728516,-124.79898071289062,169.5536346435547,48.16005325317383,pull,16,2025-11-18T13:52:52.398180,my_hand_data\videos\pull_seq16_20251118_135249_694859.avi,89.78766563891388,360,90,HIGH,VIDEO_RECORDING,2025-11-18T13:52:53.782478
2025-11-18 13:52:52.408218,244,517,HandType.Right,0.7700247168540955,-83.43099212646484,173.54214477539062,116.23868560791016,-0.40525752305984497,-0.8798620700836182,-0.24821186065673828,-93.90079498291016,9.876421928405762,127.85303497314453,0.0,0.25339728593826294,43.46767807006836,0,1,1,1,1,-133.43084716796875,155.24270629882812,94.87137603759766,-126.28437805175781,169.86549377441406,49.95799255371094,pull,16,2025-11-18T13:52:52.408218,my_hand_data\videos\pull_seq16_20251118_135249_694859.avi,89.78766563891388,360,90,HIGH,VIDEO_RECORDING,2025-11-18T13:52:53.782478
2025-11-18 13:52:52.418551,245,517,HandType.Right,0.7699395418167114,-84.46776580810547,173.63214111328125,117.63695526123047,-0.40624770522117615,-0.8789171576499939,-0.24993474781513214,-94.43256378173828,8.19802474975586,127.35843658447266,0.0,0.2582145929336548,43.277889251708984,0,1,1,1,1,-134.45745849609375,155.26901245117188,96.22789764404297,-127.7190170288086,170.0596160888672,51.499881744384766,pull,16,2025-11-18T13:52:52.418551,my_hand_data\videos\pull_seq16_20251118_135249_694859.avi,89.78766563891388,360,90,HIGH,VIDEO_RECORDING,2025-11-18T13:52:53.782478
2025-11-18 13:52:52.439284,246,517,HandType.Right,0.7665918469429016,-86.610107421875,173.33682250976562,120.27240753173828,-0.4045824110507965,-0.8795154690742493,-0.25053057074546814,-92.50054168701172,-19.978429794311523,108.66835021972656,0.0,0.2745066285133362,42.877559661865234,0,1,1,1,1,-136.6732177734375,154.94061279296875,98.94142150878906,-130.28219604492188,169.7076873779297,54.75397491455078,pull,16,2025-11-18T13:52:52.439284,my_hand_data\videos\pull_seq16_20251118_135249_694859.avi,89.78766563891388,360,90,HIGH,VIDEO_RECORDING,2025-11-18T13:52:53.782478
2025-11-18 13:52:52.439284,247,517,HandType.Right,0.7665918469429016,-86.610107421875,173.33682250976562,120.27240753173828,-0.4045824110507965,-0.8795154690742493,-0.25053057074546814,-92.50054168701172,-19.978429794311523,108.66835021972656,0.0,0.2745066285133362,42.877559661865234,0,1,1,1,1,-136.6732177734375,154.94061279296875,98.94142150878906,-130.28219604492188,169.7076873779297,54.75397491455078,pull,16,2025-11-18T13:52:52.439284,my_hand_data\videos\pull_seq16_20251118_135249_694859.avi,89.78766563891388,360,90,HIGH,VIDEO_RECORDING,2025-11-18T13:52:53.782478
2025-11-18 13:52:52.459693,248,517,HandType.Right,0.7660356163978577,-87.64311218261719,173.00271606445312,121.64070129394531,-0.40263596177101135,-0.8806902170181274,-0.2495376020669937,-92.8458023071289,-30.030324935913086,122.98114776611328,0.0,0.2790294587612152,42.75143051147461,0,1,1,1,1,-137.69309997558594,154.5491180419922,100.30326080322266,-131.34999084472656,169.2519989013672,56.25148010253906,pull,16,2025-11-18T13:52:52.459693,my_hand_data\videos\pull_seq16_20251118_135249_694859.avi,89.78766563891388,360,90,HIGH,VIDEO_RECORDING,2025-11-18T13:52:53.782478
2025-11-18 13:52:52.459693,249,517,HandType.Right,0.7653939127922058,-88.66520690917969,172.66587829589844,122.90714263916016,-0.40056827664375305,-0.8817229270935059,-0.24921828508377075,-92.73193359375,-30.560094833374023,114.90169525146484,0.0,0.2819879651069641,42.65449523925781,0,1,1,1,1,-138.84388732910156,154.2108917236328,101.61353302001953,-132.68331909179688,168.99502563476562,57.66398620605469,pull,16,2025-11-18T13:52:52.459693,my_hand_data\videos\pull_seq16_20251118_135249_694859.avi,89.78766563891388,360,90,HIGH,VIDEO_RECORDING,2025-11-18T13:52:53.782478
2025-11-18 13:52:52.480008,250,517,HandType.Right,0.7652904391288757,-89.75715637207031,172.34730529785156,124.18329620361328,-0.39934155344963074,-0.882877767086029,-0.24708934128284454,-99.39492797851562,-28.997440338134766,116.16142272949219,0.0,0.27857092022895813,42.74765396118164,0,1,1,1,1,-139.98190307617188,153.8917694091797,103.050048828125,-133.83877563476562,168.7030792236328,58.96359634399414,pull,16,2025-11-18T13:52:52.480008,my_hand_data\videos\pull_seq16_20251118_135249_694859.avi,89.78766563891388,360,90,HIGH,VIDEO_RECORDING,2025-11-18T13:52:53.782478
2025-11-18 13:52:52.480008,251,517,HandType.Right,0.7660860419273376,-90.87763977050781,172.0965576171875,125.41310119628906,-0.39904651045799255,-0.8834854364395142,-0.24538815021514893,-101.74199676513672,-22.76869010925293,111.668701171875,0.0,0.2804190218448639,42.723270416259766,0,1,1,1,1,-141.14093017578125,153.5881805419922,104.406494140625,-135.16232299804688,168.4452667236328,60.3779411315918,pull,16,2025-11-18T13:52:52.480008,my_hand_data\videos\pull_seq16_20251118_135249_694859.avi,89.78766563891388,360,90,HIGH,VIDEO_RECORDING,2025-11-18T13:52:53.782478
2025-11-18 13:52:52.500223,252,517,HandType.Right,0.7668837308883667,-91.90714263916016,171.7954864501953,126.56963348388672,-0.3992501497268677,-0.8837522864341736,-0.24409271776676178,-91.7235107421875,-26.823997497558594,103.0407943725586,0.0,0.28459417819976807,42.633094787597656,0,1,1,1,1,-142.3351593017578,153.29054260253906,105.72245025634766,-136.65536499023438,168.20626831054688,61.83542251586914,pull,16,2025-11-18T13:52:52.500223,my_hand_data\videos\pull_seq16_20251118_135249_694859.avi,89.78766563891388,360,90,HIGH,VIDEO_RECORDING,2025-11-18T13:52:53.782478
2025-11-18 13:52:52.510496,253,517,HandType.Right,0.7671960592269897,-92.94317626953125,171.47015380859375,127.8260498046875,-0.3987543284893036,-0.884194016456604,-0.24330203235149384,-94.45953369140625,-29.662681579589844,114.55294799804688,0.0,0.29001912474632263,42.487125396728516,0,1,1,1,1,-143.36923217773438,152.9612274169922,107.06973266601562,-137.848876953125,167.86431884765625,63.366554260253906,pull,16,2025-11-18T13:52:52.510496,my_hand_data\videos\pull_seq16_20251118_135249_694859.avi,89.78766563891388,360,90,HIGH,VIDEO_RECORDING,2025-11-18T13:52:53.782478
2025-11-18 13:52:52.520684,254,517,HandType.Right,0.7681058049201965,-93.89881134033203,171.00894165039062,129.10215759277344,-0.39967963099479675,-0.8842711448669434,-0.2414969801902771,-84.68196105957031,-40.868499755859375,113.08055114746094,0.0,0.29591819643974304,42.303688049316406,0,1,1,1,1,-144.3863067626953,152.57391357421875,108.428466796875,-138.90982055664062,167.38523864746094,64.92346954345703,pull,16,2025-11-18T13:52:52.520684,my_hand_data\videos\pull_seq16_20251118_135249_694859.avi,89.78766563891388,360,90,HIGH,VIDEO_RECORDING,2025-11-18T13:52:53.782478
2025-11-18 13:52:52.531111,255,517,HandType.Right,0.7685683369636536,-94.92889404296875,170.68878173828125,130.25706481933594,-0.40219950675964355,-0.8838072419166565,-0.2389986664056778,-92.45016479492188,-28.73440933227539,103.65257263183594,0.0,0.30476799607276917,42.10957336425781,0,1,1,1,1,-145.4697265625,152.2648468017578,109.73703002929688,-140.2845001220703,167.1035614013672,66.55548858642578,pull,16,2025-11-18T13:52:52.531111,my_hand_data\videos\pull_seq16_20251118_135249_694859.avi,89.78766563891388,360,90,HIGH,VIDEO_RECORDING,2025-11-18T13:52:53.782478
2025-11-18 13:52:52.541175,256,517,HandType.Right,0.7670628428459167,-95.90678405761719,170.19300842285156,131.433837890625,-0.4041644334793091,-0.8835945725440979,-0.23645666241645813,-89.23968505859375,-45.24417495727539,107.39027404785156,0.0,0.31251025199890137,41.92351531982422,0,1,1,1,1,-146.65560913085938,151.97201538085938,111.19457244873047,-141.65467834472656,166.61654663085938,68.22888946533203,pull,16,2025-11-18T13:52:52.541175,my_hand_data\videos\pull_seq16_20251118_135249_694859.avi,89.78766563891388,360,90,HIGH,VIDEO_RECORDING,2025-11-18T13:52:53.782478
2025-11-18 13:52:52.561688,257,517,HandType.Right,0.76516193151474,-96.84651184082031,169.6054229736328,132.5572967529297,-0.40553683042526245,-0.883792519569397,-0.23334664106369019,-84.06208801269531,-52.56123733520508,100.49757385253906,0.0,0.3159365653991699,41.791385650634766,0,1,1,1,1,-147.7630615234375,151.5945587158203,112.47171020507812,-142.7717742919922,165.98997497558594,69.55314636230469,pull,16,2025-11-18T13:52:52.561688,my_hand_data\videos\pull_seq16_20251118_135249_694859.avi,89.78766563891388,360,90,HIGH,VIDEO_RECORDING,2025-11-18T13:52:53.782478
2025-11-18 13:52:52.561688,258,517,HandType.Right,0.7628311514854431,-97.8155288696289,169.0490264892578,133.9202117919922,-0.4080437421798706,-0.8838579654693604,-0.2286818027496338,-87.3857192993164,-50.174720764160156,122.90613555908203,0.0,0.32141271233558655,41.62885665893555,0,1,1,1,1,-148.93809509277344,151.21493530273438,113.95912170410156,-144.0532684326172,165.4586944580078,71.19273376464844,pull,16,2025-11-18T13:52:52.561688,my_hand_data\videos\pull_seq16_20251118_135249_694859.avi,89.78766563891388,360,90,HIGH,VIDEO_RECORDING,2025-11-18T13:52:53.782478
2025-11-18 13:52:52.581861,259,517,HandType.Right,0.76307213306427,-98.85282135009766,168.5909881591797,135.21861267089844,-0.4095829129219055,-0.8837757706642151,-0.22623486816883087,-90.49016571044922,-39.958736419677734,113.26873016357422,0.0,0.32581037282943726,41.482425689697266,0,1,1,1,1,-150.1015167236328,150.85125732421875,115.35203552246094,-145.389404296875,165.018310546875,72.721435546875,pull,16,2025-11-18T13:52:52.581861,my_hand_data\videos\pull_seq16_20251118_135249_694859.avi,89.78766563891388,360,90,HIGH,VIDEO_RECORDING,2025-11-18T13:52:53.782478
2025-11-18 13:52:52.586044,260,517,HandType.Right,0.7623209357261658,-99.90129852294922,168.0832977294922,136.3749542236328,-0.41047200560569763,-0.8838751316070557,-0.2242264598608017,-97.43315887451172,-47.17875289916992,107.45672607421875,0.0,0.34174346923828125,41.105857849121094,0,1,1,1,1,-151.32632446289062,150.38125610351562,116.50466918945312,-146.847412109375,164.45794677734375,74.43368530273438,pull,16,2025-11-18T13:52:52.586044,my_hand_data\videos\pull_seq16_20251118_135249_694859.avi,89.78766563891388,360,90,HIGH,VIDEO_RECORDING,2025-11-18T13:52:53.782478
2025-11-18 13:52:52.601593,261,517,HandType.Right,0.7623233199119568,-100.89312744140625,167.51956176757812,137.49993896484375,-0.4114765524864197,-0.8839015364646912,-0.2222725749015808,-88.64311218261719,-50.383460998535156,100.5436782836914,0.0,0.35380539298057556,40.812835693359375,0,1,1,1,1,-152.46676635742188,149.8144989013672,117.65070343017578,-148.32640075683594,163.9105224609375,76.01670837402344,pull,16,2025-11-18T13:52:52.601593,my_hand_data\videos\pull_seq16_20251118_135249_694859.avi,89.78766563891388,360,90,HIGH,VIDEO_RECORDING,2025-11-18T13:52:53.782478
2025-11-18 13:52:52.611702,262,517,HandType.Right,0.7624468207359314,-101.89187622070312,166.94920349121094,138.74769592285156,-0.4135628640651703,-0.8836525082588196,-0.21937185525894165,-91.49421691894531,-52.249820709228516,114.30561065673828,0.0,0.35804975032806396,40.701744079589844,0,1,1,1,1,-153.6338653564453,149.30638122558594,119.08273315429688,-149.69091796875,163.36607360839844,77.58977508544922,pull,16,2025-11-18T13:52:52.611702,my_hand_data\videos\pull_seq16_20251118_135249_694859.avi,89.78766563891388,360,90,HIGH,VIDEO_RECORDING,2025-11-18T13:52:53.782478
2025-11-18 13:52:52.621716,263,517,HandType.Right,0.762870192527771,-102.98753356933594,166.36709594726562,140.0384521484375,-0.41337525844573975,-0.8844773173332214,-0.21638105809688568,-98.35348510742188,-52.25355529785156,115.86687469482422,0.0,0.36129122972488403,40.603397369384766,0,1,1,1,1,-154.86817932128906,148.73851013183594,120.44390869140625,-151.04873657226562,162.83738708496094,79.08366394042969,pull,16,2025-11-18T13:52:52.621716,my_hand_data\videos\pull_seq16_20251118_135249_694859.avi,89.78766563891388,360,90,HIGH,VIDEO_RECORDING,2025-11-18T13:52:53.782478
2025-11-18 13:52:52.632110,264,517,HandType.Right,0.7640320062637329,-104.05474853515625,165.61268615722656,141.29721069335938,-0.41300344467163086,-0.8853259682655334,-0.21360261738300323,-96.65036010742188,-68.3216781616211,113.99786376953125,0.0,0.35945770144462585,40.592952728271484,0,1,1,1,1,-156.04920959472656,148.02914428710938,121.84771728515625,-152.34634399414062,162.23353576660156,80.45065307617188,pull,16,2025-11-18T13:52:52.632110,my_hand_data\videos\pull_seq16_20251118_135249_694859.avi,89.78766563891388,360,90,HIGH,VIDEO_RECORDING,2025-11-18T13:52:53.782478
2025-11-18 13:52:52.642119,265,517,HandType.Right,0.7654278874397278,-105.15261840820312,164.8737030029297,142.5499267578125,-0.41352251172065735,-0.8862807154655457,-0.2085799276828766,-97.21688079833984,-65.43701934814453,110.92765045166016,0.0,0.35800522565841675,40.585411071777344,0,1,1,1,1,-157.17068481445312,147.27545166015625,123.13203430175781,-153.47918701171875,161.5265655517578,81.71463012695312,pull,16,2025-11-18T13:52:52.642119,my_hand_data\videos\pull_seq16_20251118_135249_694859.avi,89.78766563891388,360,90,HIGH,VIDEO_RECORDING,2025-11-18T13:52:53.782478
2025-11-18 13:52:52.652148,266,517,HandType.Right,0.7651302814483643,-106.14397430419922,164.10653686523438,143.7155303955078,-0.4144754111766815,-0.8868088126182556,-0.20440208911895752,-89.73966217041016,-69.44601440429688,105.51426696777344,0.0,0.35449644923210144,40.62380599975586,0,1,1,1,1,-158.427001953125,146.56280517578125,124.51315307617188,-154.99305725097656,161.04095458984375,83.0262680053711,pull,16,2025-11-18T13:52:52.652148,my_hand_data\videos\pull_seq16_20251118_135249_694859.avi,89.78766563891388,360,90,HIGH,VIDEO_RECORDING,2025-11-18T13:52:53.782478
2025-11-18 13:52:52.662314,267,517,HandType.Right,0.7651302814483643,-106.14397430419922,164.10653686523438,143.7155303955078,-0.4144754111766815,-0.8868088126182556,-0.20440208911895752,-89.73966217041016,-69.44601440429688,105.51426696777344,0.0,0.35449644923210144,40.62380599975586,0,1,1,1,1,-158.427001953125,146.56280517578125,124.51315307617188,-154.99305725097656,161.04095458984375,83.0262680053711,pull,16,2025-11-18T13:52:52.662314,my_hand_data\videos\pull_seq16_20251118_135249_694859.avi,89.78766563891388,360,90,HIGH,VIDEO_RECORDING,2025-11-18T13:52:53.782478
2025-11-18 13:52:52.683101,268,517,HandType.Right,0.7633674144744873,-108.9768295288086,161.7751007080078,147.42892456054688,-0.4138052463531494,-0.8893566727638245,-0.19444775581359863,-90.8101577758789,-66.04705810546875,119.60477447509766,0.0,0.37284496426582336,40.229488372802734,0,1,1,1,1,-161.8526153564453,144.59146118164062,128.70912170410156,-158.70594787597656,158.93128967285156,87.86163330078125,pull,16,2025-11-18T13:52:52.683101,my_hand_data\videos\pull_seq16_20251118_135249_694859.avi,89.78766563891388,360,90,HIGH,VIDEO_RECORDING,2025-11-18T13:52:53.782478
2025-11-18 13:52:52.683101,269,517,HandType.Right,0.7633674144744873,-108.9768295288086,161.7751007080078,147.42892456054688,-0.4138052463531494,-0.8893566727638245,-0.19444775581359863,-90.8101577758789,-66.04705810546875,119.60477447509766,0.0,0.37284496426582336,40.229488372802734,0,1,1,1,1,-161.8526153564453,144.59146118164062,128.70912170410156,-158.70594787597656,158.93128967285156,87.86163330078125,pull,16,2025-11-18T13:52:52.683101,my_hand_data\videos\pull_seq16_20251118_135249_694859.avi,89.78766563891388,360,90,HIGH,VIDEO_RECORDING,2025-11-18T13:52:53.782478
2025-11-18 13:52:52.703171,270,517,HandType.Right,0.762176513671875,-109.91389465332031,160.96388244628906,148.70614624023438,-0.4140351414680481,-0.8897246718406677,-0.192262664437294,-83.30972290039062,-72.12158966064453,113.55134582519531,0.0,0.3714478313922882,40.23856735229492,0,1,1,1,1,-162.97268676757812,143.90451049804688,130.23739624023438,-160.14784240722656,158.4476318359375,89.39115142822266,pull,16,2025-11-18T13:52:52.703171,my_hand_data\videos\pull_seq16_20251118_135249_694859.avi,89.78766563891388,360,90,HIGH,VIDEO_RECORDING,2025-11-18T13:52:53.782478
2025-11-18 13:52:52.703171,271,517,HandType.Right,0.7611494064331055,-110.8971939086914,160.21397399902344,150.02633666992188,-0.4131564497947693,-0.890728771686554,-0.18948349356651306,-90.6679916381836,-69.14817810058594,121.73246002197266,0.0,0.37350961565971375,40.16244888305664,0,1,1,1,1,-164.0718231201172,143.1790771484375,131.7294464111328,-161.7753448486328,157.93553161621094,91.01045989990234,pull,16,2025-11-18T13:52:52.703171,my_hand_data\videos\pull_seq16_20251118_135249_694859.avi,89.78766563891388,360,90,HIGH,VIDEO_RECORDING,2025-11-18T13:52:53.782478
2025-11-18 13:52:52.723559,272,517,HandType.Right,0.7597995400428772,-111.88145446777344,159.53477478027344,151.4129638671875,-0.4105989634990692,-0.8922211527824402,-0.1880156397819519,-86.92575073242188,-59.9842414855957,122.46077728271484,0.0,0.38271573185920715,39.925193786621094,0,1,1,1,1,-165.09173583984375,142.46905517578125,133.1638946533203,-163.17979431152344,157.35055541992188,92.83148193359375,pull,16,2025-11-18T13:52:52.723559,my_hand_data\videos\pull_seq16_20251118_135249_694859.avi,89.78766563891388,360,90,HIGH,VIDEO_RECORDING,2025-11-18T13:52:53.782478
2025-11-18 13:52:52.733583,273,517,HandType.Right,0.7577829360961914,-112.80347442626953,158.8677215576172,152.92027282714844,-0.40777283906936646,-0.8940430283546448,-0.1854950487613678,-83.9272232055664,-60.71820831298828,137.203857421875,0.0,0.3853857219219208,39.79978942871094,0,1,1,1,1,-166.14553833007812,141.78123474121094,134.7389373779297,-164.70462036132812,156.85476684570312,94.56878662109375,pull,16,2025-11-18T13:52:52.733583,my_hand_data\videos\pull_seq16_20251118_135249_694859.avi,89.78766563891388,360,90,HIGH,VIDEO_RECORDING,2025-11-18T13:52:53.782478
2025-11-18 13:52:52.743792,274,517,HandType.Right,0.7565128803253174,-113.58216094970703,158.04910278320312,154.3162078857422,-0.40512794256210327,-0.896115243434906,-0.18124228715896606,-70.20869445800781,-73.80931854248047,125.86163330078125,0.0,0.38324910402297974,39.7788200378418,0,1,1,1,1,-167.230224609375,141.098388671875,136.18238830566406,-165.73512268066406,156.2012481689453,95.96795654296875,pull,16,2025-11-18T13:52:52.743792,my_hand_data\videos\pull_seq16_20251118_135249_694859.avi,89.78766563891388,360,90,HIGH,VIDEO_RECORDING,2025-11-18T13:52:53.782478
2025-11-18 13:52:52.753815,275,517,HandType.Right,0.7559047937393188,-114.3641128540039,157.27609252929688,155.6336669921875,-0.40301719307899475,-0.8977082967758179,-0.17803630232810974,-70.57971954345703,-69.77197265625,118.9145278930664,0.0,0.3855862617492676,39.63137435913086,0,1,1,1,1,-168.1610565185547,140.42074584960938,137.58412170410156,-167.0540008544922,155.7608184814453,97.54270935058594,pull,16,2025-11-18T13:52:52.753815,my_hand_data\videos\pull_seq16_20251118_135249_694859.avi,89.78766563891388,360,90,HIGH,VIDEO_RECORDING,2025-11-18T13:52:53.782478
2025-11-18 13:52:52.763829,276,517,HandType.Right,0.7547319531440735,-115.18814086914062,156.5497589111328,156.9377899169922,-0.40271231532096863,-0.8983837962150574,-0.1752977818250656,-73.4820785522461,-64.77058410644531,116.29473114013672,0.0,0.3979180157184601,39.305686950683594,0,1,1,1,1,-169.16226196289062,139.93115234375,139.09434509277344,-168.33502197265625,155.06939697265625,99.44486236572266,pull,16,2025-11-18T13:52:52.763829,my_hand_data\videos\pull_seq16_20251118_135249_694859.avi,89.78766563891388,360,90,HIGH,VIDEO_RECORDING,2025-11-18T13:52:53.782478
2025-11-18 13:52:52.774034,277,517,HandType.Right,0.7526598572731018,-115.84419250488281,155.767578125,158.17433166503906,-0.40223395824432373,-0.8990895748138428,-0.1727592498064041,-59.11943817138672,-70.4851303100586,111.43071746826172,0.0,0.40277960896492004,39.19034194946289,0,1,1,1,1,-169.9633026123047,139.35289001464844,140.55593872070312,-169.0521240234375,154.07752990722656,100.9396743774414,pull,16,2025-11-18T13:52:52.774034,my_hand_data\videos\pull_seq16_20251118_135249_694859.avi,89.78766563891388,360,90,HIGH,VIDEO_RECORDING,2025-11-18T13:52:53.782478
2025-11-18 13:52:52.794390,278,517,HandType.Right,0.7490328550338745,-117.45292663574219,154.49244689941406,160.8201141357422,-0.39946940541267395,-0.9014530777931213,-0.16675299406051636,-73.49314880371094,-55.74998474121094,117.42540740966797,0.0,0.4173327386379242,38.77383041381836,0,1,1,1,1,-171.59649658203125,138.04598999023438,143.51197814941406,-171.4064178466797,152.61842346191406,104.3862075805664,pull,16,2025-11-18T13:52:52.794390,my_hand_data\videos\pull_seq16_20251118_135249_694859.avi,89.78766563891388,360,90,HIGH,VIDEO_RECORDING,2025-11-18T13:52:53.782478
2025-11-18 13:52:52.798062,279,517,HandType.Right,0.7490328550338745,-117.45292663574219,154.49244689941406,160.8201141357422,-0.39946940541267395,-0.9014530777931213,-0.16675299406051636,-73.49314880371094,-55.74998474121094,117.42540740966797,0.0,0.4173327386379242,38.77383041381836,0,1,1,1,1,-171.59649658203125,138.04598999023438,143.51197814941406,-171.4064178466797,152.61842346191406,104.3862075805664,pull,16,2025-11-18T13:52:52.798062,my_hand_data\videos\pull_seq16_20251118_135249_694859.avi,89.78766563891388,360,90,HIGH,VIDEO_RECORDING,2025-11-18T13:52:53.782478
2025-11-18 13:52:52.815068,280,517,HandType.Right,0.7474616169929504,-118.21257019042969,153.74864196777344,162.15980529785156,-0.3971857726573944,-0.9031404852867126,-0.16303594410419464,-66.78189086914062,-65.38964080810547,117.77462768554688,0.0,0.418447881937027,38.643131256103516,0,1,1,1,1,-172.37257385253906,137.26405334472656,145.04977416992188,-172.47377014160156,151.58055114746094,105.88037872314453,pull,16,2025-11-18T13:52:52.815068,my_hand_data\videos\pull_seq16_20251118_135249_694859.avi,89.78766563891388,360,90,HIGH,VIDEO_RECORDING,2025-11-18T13:52:53.782478
2025-11-18 13:52:52.815068,281,517,HandType.Right,0.7461479306221008,-118.93154907226562,153.03488159179688,163.50552368164062,-0.3953784108161926,-0.9046568870544434,-0.15897132456302643,-65.54039764404297,-65.06483459472656,122.67389678955078,0.0,0.41342777013778687,38.694061279296875,0,1,1,1,1,-173.09400939941406,136.53041076660156,146.56854248046875,-173.38890075683594,150.8509063720703,107.22019958496094,pull,16,2025-11-18T13:52:52.815068,my_hand_data\videos\pull_seq16_20251118_135249_694859.avi,89.78766563891388,360,90,HIGH,VIDEO_RECORDING,2025-11-18T13:52:53.782478
2025-11-18 13:52:52.835581,282,517,HandType.Right,0.7447768449783325,-119.54790496826172,152.31980895996094,164.7938995361328,-0.392395943403244,-0.9064952731132507,-0.15585801005363464,-55.945858001708984,-64.90663146972656,116.9443130493164,0.0,0.40974003076553345,38.65657043457031,0,1,1,1,1,-173.7200927734375,135.86935424804688,148.02565002441406,-173.90805053710938,149.7710723876953,108.39945983886719,pull,16,2025-11-18T13:52:52.835581,my_hand_data\videos\pull_seq16_20251118_135249_694859.avi,89.78766563891388,360,90,HIGH,VIDEO_RECORDING,2025-11-18T13:52:53.782478
2025-11-18 13:52:52.845933,283,517,HandType.Right,0.7425371408462524,-120.1533203125,151.5631561279297,166.10633850097656,-0.3903846740722656,-0.9076547622680664,-0.15415140986442566,-54.292274475097656,-67.8541488647461,117.69579315185547,0.0,0.40395286679267883,38.703880310058594,0,1,1,1,1,-174.3837127685547,135.2003173828125,149.4976043701172,-174.36927795410156,148.67706298828125,109.50899505615234,pull,16,2025-11-18T13:52:52.845933,my_hand_data\videos\pull_seq16_20251118_135249_694859.avi,89.78766563891388,360,90,HIGH,VIDEO_RECORDING,2025-11-18T13:52:53.782478
2025-11-18 13:52:52.856207,284,517,HandType.Right,0.7415130138397217,-120.72252655029297,150.88282775878906,167.3955078125,-0.3874933421611786,-0.9090933799743652,-0.15296441316604614,-49.97019958496094,-59.72588348388672,113.17485046386719,0.0,0.4028279185295105,38.6755256652832,0,1,1,1,1,-174.90065002441406,134.46514892578125,150.78919982910156,-175.18209838867188,147.99749755859375,110.78024291992188,pull,16,2025-11-18T13:52:52.856207,my_hand_data\videos\pull_seq16_20251118_135249_694859.avi,89.78766563891388,360,90,HIGH,VIDEO_RECORDING,2025-11-18T13:52:53.782478
2025-11-18 13:52:52.866456,285,517,HandType.Right,0.7399729490280151,-121.2530288696289,150.1912078857422,168.71963500976562,-0.3839314877986908,-0.9109470248222351,-0.1509043425321579,-48.56273651123047,-63.312477111816406,121.21246337890625,0.0,0.4022224247455597,38.59479522705078,0,1,1,1,1,-175.36854553222656,133.71829223632812,152.11654663085938,-175.7362823486328,147.0187530517578,112.01811981201172,pull,16,2025-11-18T13:52:52.866456,my_hand_data\videos\pull_seq16_20251118_135249_694859.avi,89.78766563891388,360,90,HIGH,VIDEO_RECORDING,2025-11-18T13:52:53.782478
2025-11-18 13:52:52.876650,286,517,HandType.Right,0.7397534251213074,-121.87490844726562,149.64822387695312,170.0021514892578,-0.3814240097999573,-0.9124228358268738,-0.14832502603530884,-55.99483871459961,-48.89033889770508,115.47969055175781,0.0,0.3968736529350281,38.60211181640625,0,1,1,1,1,-175.90859985351562,133.12289428710938,153.4635772705078,-176.34722900390625,146.10498046875,113.06703186035156,pull,16,2025-11-18T13:52:52.876650,my_hand_data\videos\pull_seq16_20251118_135249_694859.avi,89.78766563891388,360,90,HIGH,VIDEO_RECORDING,2025-11-18T13:52:53.782478
2025-11-18 13:52:52.886726,287,517,HandType.Right,0.7385794520378113,-122.36290740966797,149.04515075683594,171.12762451171875,-0.3797208368778229,-0.9135991334915161,-0.145425945520401,-44.582332611083984,-55.094730377197266,102.8209457397461,0.0,0.3903330862522125,38.687095642089844,0,1,1,1,1,-176.4273223876953,132.5384063720703,154.70652770996094,-176.6779022216797,145.08682250976562,113.93099212646484,pull,16,2025-11-18T13:52:52.886726,my_hand_data\videos\pull_seq16_20251118_135249_694859.avi,89.78766563891388,360,90,HIGH,VIDEO_RECORDING,2025-11-18T13:52:53.782478
2025-11-18 13:52:52.896784,288,517,HandType.Right,0.7372803092002869,-122.82247161865234,148.45663452148438,172.32286071777344,-0.3774976134300232,-0.9149028658866882,-0.14299744367599487,-41.49563980102539,-53.139739990234375,107.92189025878906,0.0,0.375529408454895,38.97003173828125,0,1,1,1,1,-176.90142822265625,131.94471740722656,156.0829620361328,-177.18496704101562,144.43589782714844,114.74467468261719,pull,16,2025-11-18T13:52:52.896784,my_hand_data\videos\pull_seq16_20251118_135249_694859.avi,89.78766563891388,360,90,HIGH,VIDEO_RECORDING,2025-11-18T13:52:53.782478
2025-11-18 13:52:52.917321,289,517,HandType.Right,0.737462043762207,-123.24005889892578,147.88955688476562,173.6126708984375,-0.3765813112258911,-0.9154992699623108,-0.14158938825130463,-36.36574172973633,-49.38348388671875,112.323486328125,0.0,0.36634016036987305,39.156280517578125,0,1,1,1,1,-177.30938720703125,131.39865112304688,157.53750610351562,-177.83868408203125,143.90745544433594,115.86866760253906,pull,16,2025-11-18T13:52:52.917321,my_hand_data\videos\pull_seq16_20251118_135249_694859.avi,89.78766563891388,360,90,HIGH,VIDEO_RECORDING,2025-11-18T13:52:53.782478
2025-11-18 13:52:52.922558,290,517,HandType.Right,0.7363964319229126,-123.62185668945312,147.3245086669922,174.72938537597656,-0.3753429651260376,-0.9160915613174438,-0.14104598760604858,-35.0175895690918,-51.82571792602539,102.4223861694336,0.0,0.3550197184085846,39.43105697631836,0,1,1,1,1,-177.7678680419922,130.87115478515625,158.9387664794922,-178.45346069335938,143.45518493652344,116.870849609375,pull,16,2025-11-18T13:52:52.922558,my_hand_data\videos\pull_seq16_20251118_135249_694859.avi,89.78766563891388,360,90,HIGH,VIDEO_RECORDING,2025-11-18T13:52:53.782478
2025-11-18 13:52:52.937888,291,517,HandType.Right,0.7358818054199219,-124.08502960205078,146.95225524902344,175.8914337158203,-0.3733043074607849,-0.9170953631401062,-0.13992837071418762,-41.71250534057617,-33.524696350097656,104.65196990966797,0.0,0.3482401967048645,39.56991195678711,0,1,1,1,1,-178.14186096191406,130.3159637451172,160.16522216796875,-179.37123107910156,143.16326904296875,117.93644714355469,pull,16,2025-11-18T13:52:52.937888,my_hand_data\videos\pull_seq16_20251118_135249_694859.avi,89.78766563891388,360,90,HIGH,VIDEO_RECORDING,2025-11-18T13:52:53.782478
2025-11-18 13:52:52.942529,292,517,HandType.Right,0.7345936894416809,-124.64784240722656,146.6209259033203,177.16580200195312,-0.3707219362258911,-0.9183290004730225,-0.13869796693325043,-50.818328857421875,-29.916494369506836,115.06634521484375,0.0,0.34173327684402466,39.72456359863281,0,1,1,1,1,-178.52810668945312,129.76467895507812,161.43092346191406,-179.93826293945312,142.8741455078125,119.04911041259766,pull,16,2025-11-18T13:52:52.942529,my_hand_data\videos\pull_seq16_20251118_135249_694859.avi,89.78766563891388,360,90,HIGH,VIDEO_RECORDING,2025-11-18T13:52:53.782478
2025-11-18 13:52:52.957953,293,517,HandType.Right,0.7327799201011658,-125.11444091796875,146.23597717285156,178.29617309570312,-0.36840394139289856,-0.91949063539505,-0.13716958463191986,-41.58628463745117,-34.309532165527344,100.74628448486328,0.0,0.3369980454444885,39.818485260009766,0,1,1,1,1,-178.81590270996094,129.2353973388672,162.57473754882812,-180.45277404785156,142.47637939453125,120.07499694824219,pull,16,2025-11-18T13:52:52.957953,my_hand_data\videos\pull_seq16_20251118_135249_694859.avi,89.78766563891388,360,90,HIGH,VIDEO_RECORDING,2025-11-18T13:52:53.782478
2025-11-18 13:52:52.968080,294,517,HandType.Right,0.7304087281227112,-125.56354522705078,145.96083068847656,179.50045776367188,-0.36740607023239136,-0.9201236963272095,-0.1355918049812317,-41.35414123535156,-25.33558464050293,110.89220428466797,0.0,0.3358018696308136,39.881343841552734,0,1,1,1,1,-179.18887329101562,128.7528839111328,163.7945556640625,-181.01754760742188,142.17112731933594,121.32152557373047,pull,16,2025-11-18T13:52:52.968080,my_hand_data\videos\pull_seq16_20251118_135249_694859.avi,89.78766563891388,360,90,HIGH,VIDEO_RECORDING,2025-11-18T13:52:53.782478
2025-11-18 13:52:52.978126,295,517,HandType.Right,0.7291374802589417,-125.93449401855469,145.70375061035156,180.60035705566406,-0.3676087558269501,-0.9201741814613342,-0.13469712436199188,-32.830101013183594,-22.75203514099121,97.3441390991211,0.0,0.33514630794525146,39.90262985229492,0,1,1,1,1,-179.60345458984375,128.45587158203125,164.95188903808594,-181.63174438476562,141.96995544433594,122.49871826171875,pull,16,2025-11-18T13:52:52.978126,my_hand_data\videos\pull_seq16_20251118_135249_694859.avi,89.78766563891388,360,90,HIGH,VIDEO_RECORDING,2025-11-18T13:52:53.782478
2025-11-18 13:52:52.988221,296,517,HandType.Right,0.7278052568435669,-126.26644134521484,145.3951873779297,181.63905334472656,-0.36762872338294983,-0.9201995730400085,-0.13446871936321259,-30.05967903137207,-27.941566467285156,94.0599594116211,0.0,0.3278946876525879,40.13813781738281,0,1,1,1,1,-180.16748046875,128.20530700683594,166.30767822265625,-182.0669708251953,141.71914672851562,123.57917022705078,pull,16,2025-11-18T13:52:52.988221,my_hand_data\videos\pull_seq16_20251118_135249_694859.avi,89.78766563891388,360,90,HIGH,VIDEO_RECORDING,2025-11-18T13:52:53.782478
2025-11-18 13:52:52.998168,297,517,HandType.Right,0.7255367636680603,-126.67346954345703,145.11032104492188,182.765625,-0.3680255115032196,-0.9201419949531555,-0.1337757706642151,-36.685577392578125,-25.67642593383789,101.53889465332031,0.0,0.3240642547607422,40.21443557739258,0,1,1,1,1,-180.56443786621094,127.91602325439453,167.6421356201172,-182.8083038330078,141.5817108154297,124.8393325805664,pull,16,2025-11-18T13:52:52.998168,my_hand_data\videos\pull_seq16_20251118_135249_694859.avi,89.78766563891388,360,90,HIGH,VIDEO_RECORDING,2025-11-18T13:52:53.782478
2025-11-18 13:52:53.007951,298,517,HandType.Right,0.7231134176254272,-127.04690551757812,144.65841674804688,183.89259338378906,-0.3686473071575165,-0.9201250076293945,-0.1321708709001541,-33.52207946777344,-40.56562423706055,101.16382598876953,0.0,0.3172934055328369,40.38239669799805,0,1,1,1,1,-180.92491149902344,127.43282318115234,168.96554565429688,-183.20140075683594,141.07901000976562,125.90780639648438,pull,16,2025-11-18T13:52:53.007951,my_hand_data\videos\pull_seq16_20251118_135249_694859.avi,89.78766563891388,360,90,HIGH,VIDEO_RECORDING,2025-11-18T13:52:53.782478
2025-11-18 13:52:53.028278,299,517,HandType.Right,0.7242150902748108,-128.39639282226562,144.15512084960938,186.22116088867188,-0.366875022649765,-0.9210489392280579,-0.13065820932388306,-61.45079803466797,-18.916217803955078,99.52994537353516,0.0,0.3173358142375946,40.373985290527344,0,1,1,1,1,-182.17916870117188,126.6080322265625,171.5777130126953,-185.25845336914062,140.58047485351562,128.68365478515625,pull,16,2025-11-18T13:52:53.028278,my_hand_data\videos\pull_seq16_20251118_135249_694859.avi,89.78766563891388,360,90,HIGH,VIDEO_RECORDING,2025-11-18T13:52:53.782478
2025-11-18 13:52:53.028278,300,517,HandType.Right,0.7242150902748108,-128.39639282226562,144.15512084960938,186.22116088867188,-0.366875022649765,-0.9210489392280579,-0.13065820932388306,-61.45079803466797,-18.916217803955078,99.52994537353516,0.0,0.3173358142375946,40.373985290527344,0,1,1,1,1,-182.17916870117188,126.6080322265625,171.5777130126953,-185.25845336914062,140.58047485351562,128.68365478515625,pull,16,2025-11-18T13:52:53.028278,my_hand_data\videos\pull_seq16_20251118_135249_694859.avi,89.78766563891388,360,90,HIGH,VIDEO_RECORDING,2025-11-18T13:52:53.782478
2025-11-18 13:52:53.038516,301,517,HandType.Right,0.724686324596405,-129.0598907470703,143.92959594726562,187.34255981445312,-0.3668275475502014,-0.9212267994880676,-0.12953273952007294,-59.69844436645508,-20.29192352294922,100.90029907226562,0.0,0.3115493655204773,40.525413513183594,0,1,1,1,1,-182.84164428710938,126.31433868408203,173.01380920410156,-186.2840118408203,140.34844970703125,129.95904541015625,pull,16,2025-11-18T13:52:53.038516,my_hand_data\videos\pull_seq16_20251118_135249_694859.avi,89.78766563891388,360,90,HIGH,VIDEO_RECORDING,2025-11-18T13:52:53.782478
2025-11-18 13:52:53.059118,302,517,HandType.Right,0.7250170111656189,-129.67544555664062,143.6573944091797,188.58763122558594,-0.3656660318374634,-0.9218319058418274,-0.12850818037986755,-54.25871658325195,-23.99213409423828,109.74579620361328,0.0,0.3064051568508148,40.64590072631836,0,1,1,1,1,-183.3628692626953,125.8797378540039,174.2993621826172,-186.81407165527344,139.91783142089844,131.0595245361328,pull,16,2025-11-18T13:52:53.059118,my_hand_data\videos\pull_seq16_20251118_135249_694859.avi,89.78766563891388,360,90,HIGH,VIDEO_RECORDING,2025-11-18T13:52:53.782478
2025-11-18 13:52:53.059118,303,517,HandType.Right,0.7240988612174988,-130.23471069335938,143.3757781982422,189.7696075439453,-0.36500033736228943,-0.9222815036773682,-0.127167746424675,-51.84577178955078,-26.10669708251953,109.57406616210938,0.0,0.29655641317367554,40.91703796386719,0,1,1,1,1,-183.95555114746094,125.59528350830078,175.70936584472656,-187.3128204345703,139.6487579345703,132.1033172607422,pull,16,2025-11-18T13:52:53.059118,my_hand_data\videos\pull_seq16_20251118_135249_694859.avi,89.78766563891388,360,90,HIGH,VIDEO_RECORDING,2025-11-18T13:52:53.782478
2025-11-18 13:52:53.079062,304,517,HandType.Right,0.7232496738433838,-130.8710174560547,143.1354522705078,191.00149536132812,-0.36420032382011414,-0.922694981098175,-0.12645967304706573,-56.9600830078125,-21.514604568481445,110.27498626708984,0.0,0.29495084285736084,40.9916877746582,0,1,1,1,1,-184.50755310058594,125.28562927246094,177.02188110351562,-187.81124877929688,139.2495574951172,133.32705688476562,pull,16,2025-11-18T13:52:53.079062,my_hand_data\videos\pull_seq16_20251118_135249_694859.avi,89.78766563891388,360,90,HIGH,VIDEO_RECORDING,2025-11-18T13:52:53.782478
2025-11-18 13:52:53.089088,305,517,HandType.Right,0.7219088077545166,-131.60792541503906,142.98313903808594,192.404052734375,-0.36389926075935364,-0.9229637980461121,-0.1253598928451538,-66.07966613769531,-13.657391548156738,125.7682876586914,0.0,0.29237985610961914,41.06817626953125,0,1,1,1,1,-185.10205078125,125.09474182128906,178.5758514404297,-188.60215759277344,139.14317321777344,134.8300018310547,pull,16,2025-11-18T13:52:53.089088,my_hand_data\videos\pull_seq16_20251118_135249_694859.avi,89.78766563891388,360,90,HIGH,VIDEO_RECORDING,2025-11-18T13:52:53.782478
2025-11-18 13:52:53.099328,306,517,HandType.Right,0.7209180593490601,-132.35459899902344,142.99586486816406,193.87413024902344,-0.36424174904823303,-0.922974705696106,-0.12428036332130432,-67.984375,1.158600091934204,133.85043334960938,0.0,0.293443500995636,41.05769348144531,0,1,1,1,1,-185.719970703125,124.98178100585938,180.07737731933594,-189.48057556152344,139.1668701171875,136.43881225585938,pull,16,2025-11-18T13:52:53.099328,my_hand_data\videos\pull_seq16_20251118_135249_694859.avi,89.78766563891388,360,90,HIGH,VIDEO_RECORDING,2025-11-18T13:52:53.782478
2025-11-18 13:52:53.109628,307,517,HandType.Right,0.7182795405387878,-132.925048828125,142.8665008544922,195.21116638183594,-0.3650488555431366,-0.9228614568710327,-0.12274369597434998,-50.51299285888672,-11.454601287841797,118.39515686035156,0.0,0.29695725440979004,41.01313400268555,0,1,1,1,1,-186.28517150878906,124.80824279785156,181.52786254882812,-190.28770446777344,139.17828369140625,138.11322021484375,pull,16,2025-11-18T13:52:53.109628,my_hand_data\videos\pull_seq16_20251118_135249_694859.avi,89.78766563891388,360,90,HIGH,VIDEO_RECORDING,2025-11-18T13:52:53.782478
2025-11-18 13:52:53.119674,308,517,HandType.Right,0.7160123586654663,-133.5641326904297,142.65185546875,196.528564453125,-0.3665549159049988,-0.9224700927734375,-0.12118740379810333,-57.09186553955078,-19.175065994262695,117.68778228759766,0.0,0.2947746813297272,41.10597610473633,0,1,1,1,1,-186.9130859375,124.54209899902344,183.02513122558594,-191.16551208496094,139.05078125,139.6082305908203,pull,16,2025-11-18T13:52:53.119674,my_hand_data\videos\pull_seq16_20251118_135249_694859.avi,89.78766563891388,360,90,HIGH,VIDEO_RECORDING,2025-11-18T13:52:53.782478
2025-11-18 13:52:53.129963,309,517,HandType.Right,0.713655412197113,-134.28648376464844,142.41700744628906,197.78208923339844,-0.3676507771015167,-0.922188937664032,-0.12000203132629395,-66.22228240966797,-21.530099868774414,114.91687774658203,0.0,0.2965473532676697,41.042049407958984,0,1,1,1,1,-187.57470703125,124.24745178222656,184.34197998046875,-192.3819122314453,138.95703125,141.13052368164062,pull,16,2025-11-18T13:52:53.129963,my_hand_data\videos\pull_seq16_20251118_135249_694859.avi,89.78766563891388,360,90,HIGH,VIDEO_RECORDING,2025-11-18T13:52:53.782478
2025-11-18 13:52:53.150039,310,517,HandType.Right,0.708655595779419,-135.66595458984375,141.65023803710938,200.4173583984375,-0.36994531750679016,-0.921446681022644,-0.11864447593688965,-59.517723083496094,-40.79944610595703,126.7423324584961,0.0,0.28287747502326965,41.43985366821289,0,1,1,1,1,-189.0693817138672,123.55448150634766,187.5424346923828,-193.72561645507812,138.18824768066406,143.7819366455078,pull,16,2025-11-18T13:52:53.150039,my_hand_data\videos\pull_seq16_20251118_135249_694859.avi,89.78766563891388,360,90,HIGH,VIDEO_RECORDING,2025-11-18T13:52:53.782478
2025-11-18 13:52:53.154022,311,517,HandType.Right,0.708655595779419,-135.66595458984375,141.65023803710938,200.4173583984375,-0.36994531750679016,-0.921446681022644,-0.11864447593688965,-59.517723083496094,-40.79944610595703,126.7423324584961,0.0,0.28287747502326965,41.43985366821289,0,1,1,1,1,-189.0693817138672,123.55448150634766,187.5424346923828,-193.72561645507812,138.18824768066406,143.7819366455078,pull,16,2025-11-18T13:52:53.154022,my_hand_data\videos\pull_seq16_20251118_135249_694859.avi,89.78766563891388,360,90,HIGH,VIDEO_RECORDING,2025-11-18T13:52:53.782478
2025-11-18 13:52:53.170769,312,517,HandType.Right,0.7060301303863525,-136.27755737304688,141.0457305908203,201.72628784179688,-0.37101516127586365,-0.9212449789047241,-0.11685644835233688,-54.523494720458984,-53.892642974853516,116.69134521484375,0.0,0.2732478678226471,41.639225006103516,0,1,1,1,1,-189.88966369628906,123.13581085205078,189.32933044433594,-194.7964324951172,137.7066650390625,145.21408081054688,pull,16,2025-11-18T13:52:53.170769,my_hand_data\videos\pull_seq16_20251118_135249_694859.avi,89.78766563891388,360,90,HIGH,VIDEO_RECORDING,2025-11-18T13:52:53.782478
2025-11-18 13:52:53.170769,313,517,HandType.Right,0.7056150436401367,-136.90396118164062,140.45216369628906,203.10511779785156,-0.3719191551208496,-0.9210626482963562,-0.1154109537601471,-56.44894027709961,-53.48933029174805,124.25254821777344,0.0,0.26290300488471985,41.86585998535156,0,1,1,1,1,-190.90347290039062,122.8157958984375,191.1261444091797,-195.72860717773438,137.14202880859375,146.52764892578125,pull,16,2025-11-18T13:52:53.170769,my_hand_data\videos\pull_seq16_20251118_135249_694859.avi,89.78766563891388,360,90,HIGH,VIDEO_RECORDING,2025-11-18T13:52:53.782478
2025-11-18 13:52:53.191517,314,517,HandType.Right,0.7034896016120911,-137.56185913085938,139.84791564941406,204.52566528320312,-0.3736586570739746,-0.920691728591919,-0.11272076517343521,-58.62022018432617,-53.83918380737305,126.574462890625,0.0,0.2548857629299164,42.02982711791992,0,1,1,1,1,-191.6419219970703,122.28532409667969,192.85662841796875,-196.85888671875,136.63082885742188,148.0059356689453,pull,16,2025-11-18T13:52:53.191517,my_hand_data\videos\pull_seq16_20251118_135249_694859.avi,89.78766563891388,360,90,HIGH,VIDEO_RECORDING,2025-11-18T13:52:53.782478
2025-11-18 13:52:53.191517,315,517,HandType.Right,0.7021551728248596,-138.39215087890625,139.30316162109375,205.8338623046875,-0.3739188015460968,-0.9207385182380676,-0.11146896332502365,-75.3982162475586,-49.46909713745117,118.79727935791016,0.0,0.2512577474117279,42.12319564819336,0,1,1,1,1,-192.59591674804688,121.81958770751953,194.6044921875,-198.10743713378906,136.1125946044922,149.63796997070312,pull,16,2025-11-18T13:52:53.191517,my_hand_data\videos\pull_seq16_20251118_135249_694859.avi,89.78766563891388,360,90,HIGH,VIDEO_RECORDING,2025-11-18T13:52:53.782478
2025-11-18 13:52:53.212000,316,517,HandType.Right,0.7021156549453735,-139.20326232910156,138.78965759277344,207.1171875,-0.3736966848373413,-0.9209335446357727,-0.1105993241071701,-72.9165267944336,-46.16191482543945,115.36669921875,0.0,0.24974679946899414,42.1513557434082,0,1,1,1,1,-193.4056396484375,121.3115234375,196.13418579101562,-199.24905395507812,135.5627899169922,151.1353302001953,pull,16,2025-11-18T13:52:53.212000,my_hand_data\videos\pull_seq16_20251118_135249_694859.avi,89.78766563891388,360,90,HIGH,VIDEO_RECORDING,2025-11-18T13:52:53.782478
2025-11-18 13:52:53.222152,317,517,HandType.Right,0.6991000175476074,-139.8943328857422,138.23092651367188,208.32850646972656,-0.3729574382305145,-0.9212791919708252,-0.11021513491868973,-62.34788513183594,-50.4094352722168,109.28419494628906,0.0,0.24828281998634338,42.181575775146484,0,1,1,1,1,-194.16134643554688,120.76663208007812,197.5170135498047,-200.11830139160156,134.8765869140625,152.4313201904297,pull,16,2025-11-18T13:52:53.222152,my_hand_data\videos\pull_seq16_20251118_135249_694859.avi,89.78766563891388,360,90,HIGH,VIDEO_RECORDING,2025-11-18T13:52:53.782478
2025-11-18 13:52:53.232174,318,517,HandType.Right,0.6955533623695374,-140.56515502929688,137.70762634277344,209.98121643066406,-0.37137481570243835,-0.9220985770225525,-0.10869681090116501,-60.32566833496094,-47.05879592895508,148.62588500976562,0.0,0.24968421459197998,42.097434997558594,0,1,1,1,1,-194.89315795898438,120.28634643554688,199.3166961669922,-200.95697021484375,134.2291717529297,154.23580932617188,pull,16,2025-11-18T13:52:53.232174,my_hand_data\videos\pull_seq16_20251118_135249_694859.avi,89.78766563891388,360,90,HIGH,VIDEO_RECORDING,2025-11-18T13:52:53.782478
2025-11-18 13:52:53.242401,319,517,HandType.Right,0.6936392784118652,-141.3038330078125,137.22872924804688,211.3958282470703,-0.3689042627811432,-0.9232280254364014,-0.10751603543758392,-67.31169128417969,-43.63985824584961,128.90553283691406,0.0,0.2414862960577011,42.31105041503906,0,1,1,1,1,-195.80247497558594,119.93097686767578,201.19435119628906,-201.81178283691406,133.617431640625,155.71693420410156,pull,16,2025-11-18T13:52:53.242401,my_hand_data\videos\pull_seq16_20251118_135249_694859.avi,89.78766563891388,360,90,HIGH,VIDEO_RECORDING,2025-11-18T13:52:53.782478
2025-11-18 13:52:53.252434,320,517,HandType.Right,0.6895900368690491,-141.88412475585938,136.65264892578125,212.84979248046875,-0.3670123517513275,-0.9241515398025513,-0.10604660958051682,-51.668357849121094,-51.29375076293945,129.459228515625,0.0,0.2380807250738144,42.387943267822266,0,1,1,1,1,-196.70953369140625,119.53800201416016,202.945556640625,-202.60125732421875,133.01268005371094,157.26417541503906,pull,16,2025-11-18T13:52:53.252434,my_hand_data\videos\pull_seq16_20251118_135249_694859.avi,89.78766563891388,360,90,HIGH,VIDEO_RECORDING,2025-11-18T13:52:53.782478
2025-11-18 13:52:53.272614,321,517,HandType.Right,0.6852291822433472,-142.33216857910156,136.08470153808594,214.14169311523438,-0.3665115237236023,-0.9246134757995605,-0.10372675210237503,-40.14468765258789,-50.88596725463867,115.75238800048828,0.0,0.23462171852588654,42.50056457519531,0,1,1,1,1,-197.350830078125,119.06953430175781,204.5839080810547,-203.259521484375,132.5010986328125,158.7574005126953,pull,16,2025-11-18T13:52:53.272614,my_hand_data\videos\pull_seq16_20251118_135249_694859.avi,89.78766563891388,360,90,HIGH,VIDEO_RECORDING,2025-11-18T13:52:53.782478
2025-11-18 13:52:53.272614,322,517,HandType.Right,0.6831675171852112,-142.90541076660156,135.6885528564453,215.5998077392578,-0.36602577567100525,-0.9251022338867188,-0.10104971379041672,-51.06730270385742,-35.2914924621582,129.89901733398438,0.0,0.23024141788482666,42.67632293701172,0,1,1,1,1,-198.3111572265625,118.80451202392578,206.35720825195312,-203.93234252929688,132.1236572265625,160.29580688476562,pull,16,2025-11-18T13:52:53.272614,my_hand_data\videos\pull_seq16_20251118_135249_694859.avi,89.78766563891388,360,90,HIGH,VIDEO_RECORDING,2025-11-18T13:52:53.782478
2025-11-18 13:52:53.292813,323,517,HandType.Right,0.6807191371917725,-143.36119079589844,135.15914916992188,216.87855529785156,-0.36744317412376404,-0.9248582720756531,-0.09809505939483643,-41.563167572021484,-48.2779426574707,116.6090316772461,0.0,0.22084222733974457,43.002601623535156,0,1,1,1,1,-199.2489471435547,118.64806365966797,208.34043884277344,-204.60435485839844,131.64205932617188,161.800537109375,pull,16,2025-11-18T13:52:53.292813,my_hand_data\videos\pull_seq16_20251118_135249_694859.avi,89.78766563891388,360,90,HIGH,VIDEO_RECORDING,2025-11-18T13:52:53.782478
2025-11-18 13:52:53.296961,324,517,HandType.Right,0.6786516904830933,-143.9547119140625,134.67929077148438,218.2113800048828,-0.368442177772522,-0.9246616363525391,-0.09618306905031204,-52.65941619873047,-42.573951721191406,118.25370788574219,0.0,0.2172771543264389,43.132972717285156,0,1,1,1,1,-200.040771484375,118.3426513671875,210.11062622070312,-205.51824951171875,131.24424743652344,163.42295837402344,pull,16,2025-11-18T13:52:53.296961,my_hand_data\videos\pull_seq16_20251118_135249_694859.avi,89.78766563891388,360,90,HIGH,VIDEO_RECORDING,2025-11-18T13:52:53.782478
2025-11-18 13:52:53.312873,325,517,HandType.Right,0.6759462356567383,-144.4789581298828,134.19778442382812,219.77517700195312,-0.36890631914138794,-0.9246991276741028,-0.09401943534612656,-47.65059280395508,-43.76547622680664,142.13723754882812,0.0,0.2066279798746109,43.42249298095703,0,1,1,1,1,-200.7746124267578,118.01535034179688,212.1592254638672,-206.41864013671875,130.83030700683594,165.06716918945312,pull,16,2025-11-18T13:52:53.312873,my_hand_data\videos\pull_seq16_20251118_135249_694859.avi,89.78766563891388,360,90,HIGH,VIDEO_RECORDING,2025-11-18T13:52:53.782478
2025-11-18 13:52:53.312873,326,517,HandType.Right,0.6734803915023804,-144.9008026123047,133.66143798828125,221.1763916015625,-0.3696886897087097,-0.9245451092720032,-0.0924481526017189,-38.25515365600586,-48.63890838623047,127.07105255126953,0.0,0.19799254834651947,43.70295333862305,0,1,1,1,1,-201.73695373535156,117.87374114990234,214.2552490234375,-207.46481323242188,130.38792419433594,166.76483154296875,pull,16,2025-11-18T13:52:53.312873,my_hand_data\videos\pull_seq16_20251118_135249_694859.avi,89.78766563891388,360,90,HIGH,VIDEO_RECORDING,2025-11-18T13:52:53.782478
2025-11-18 13:52:53.333540,327,517,HandType.Right,0.6686007976531982,-145.3043670654297,133.0939178466797,222.68678283691406,-0.3710029125213623,-0.9243061542510986,-0.08952636271715164,-36.236000061035156,-50.95893478393555,135.61892700195312,0.0,0.19184425473213196,43.93778610229492,0,1,1,1,1,-202.49810791015625,117.51112365722656,216.13783264160156,-208.06619262695312,129.96446228027344,168.37899780273438,pull,16,2025-11-18T13:52:53.333540,my_hand_data\videos\pull_seq16_20251118_135249_694859.avi,89.78766563891388,360,90,HIGH,VIDEO_RECORDING,2025-11-18T13:52:53.782478
2025-11-18 13:52:53.343775,328,517,HandType.Right,0.66458660364151,-145.8215789794922,132.5723114013672,223.86801147460938,-0.3691060543060303,-0.9251098036766052,-0.08906504511833191,-47.036766052246094,-47.436012268066406,107.42351531982422,0.0,0.19268764555454254,43.92789077758789,0,1,1,1,1,-203.05296325683594,117.01470947265625,217.44760131835938,-208.74583435058594,129.49520874023438,169.72088623046875,pull,16,2025-11-18T13:52:53.343775,my_hand_data\videos\pull_seq16_20251118_135249_694859.avi,89.78766563891388,360,90,HIGH,VIDEO_RECORDING,2025-11-18T13:52:53.782478
2025-11-18 13:52:53.354043,329,517,HandType.Right,0.6600695848464966,-146.4423828125,132.18658447265625,225.06004333496094,-0.3678306043148041,-0.9256786108016968,-0.08842939138412476,-55.310726165771484,-34.36647033691406,106.20356750488281,0.0,0.1843547374010086,44.215946197509766,0,1,1,1,1,-203.75726318359375,116.63483428955078,218.9147491455078,-209.47564697265625,129.32479858398438,170.91868591308594,pull,16,2025-11-18T13:52:53.354043,my_hand_data\videos\pull_seq16_20251118_135249_694859.avi,89.78766563891388,360,90,HIGH,VIDEO_RECORDING,2025-11-18T13:52:53.782478
2025-11-18 13:52:53.364061,330,517,HandType.Right,0.6563807725906372,-147.10543823242188,131.83917236328125,226.37197875976562,-0.36649954319000244,-0.926283597946167,-0.08761730790138245,-59.6429557800293,-31.249353408813477,118.01204681396484,0.0,0.1751067340373993,44.543121337890625,0,1,1,1,1,-204.61451721191406,116.32201385498047,220.57241821289062,-210.15733337402344,129.04193115234375,172.21009826660156,pull,16,2025-11-18T13:52:53.364061,my_hand_data\videos\pull_seq16_20251118_135249_694859.avi,89.78766563891388,360,90,HIGH,VIDEO_RECORDING,2025-11-18T13:52:53.782478
2025-11-18 13:52:53.374134,331,517,HandType.Right,0.6515763401985168,-147.4757080078125,131.50445556640625,227.42823791503906,-0.36607468128204346,-0.926569938659668,-0.08635658025741577,-33.047645568847656,-29.874711990356445,94.27461242675781,0.0,0.15891726315021515,45.140079498291016,0,1,1,1,1,-205.62109375,116.11192321777344,222.4617462158203,-210.8462371826172,128.7728729248047,173.436279296875,pull,16,2025-11-18T13:52:53.374134,my_hand_data\videos\pull_seq16_20251118_135249_694859.avi,89.78766563891388,360,90,HIGH,VIDEO_RECORDING,2025-11-18T13:52:53.782478
2025-11-18 13:52:53.394848,332,517,HandType.Right,0.6425478458404541,-147.68594360351562,130.43038940429688,229.50926208496094,-0.3658865690231323,-0.9268491864204407,-0.08412846177816391,-1.8986024856567383,-52.0101432800293,87.82725524902344,0.0,0.13861307501792908,45.818382263183594,1,1,1,1,1,-206.57302856445312,115.72966003417969,225.86936950683594,-211.74261474609375,128.29562377929688,176.0439453125,pull,16,2025-11-18T13:52:53.394848,my_hand_data\videos\pull_seq16_20251118_135249_694859.avi,89.78766563891388,360,90,HIGH,VIDEO_RECORDING,2025-11-18T13:52:53.782478
2025-11-18 13:52:53.400437,333,517,HandType.Right,0.6425478458404541,-147.68594360351562,130.43038940429688,229.50926208496094,-0.3658865690231323,-0.9268491864204407,-0.08412846177816391,-1.8986024856567383,-52.0101432800293,87.82725524902344,0.0,0.13861307501792908,45.818382263183594,1,1,1,1,1,-206.57302856445312,115.72966003417969,225.86936950683594,-211.74261474609375,128.29562377929688,176.0439453125,pull,16,2025-11-18T13:52:53.400437,my_hand_data\videos\pull_seq16_20251118_135249_694859.avi,89.78766563891388,360,90,HIGH,VIDEO_RECORDING,2025-11-18T13:52:53.782478
2025-11-18 13:52:53.414845,334,517,HandType.Right,0.6404006481170654,-147.7965850830078,129.94419860839844,230.5341796875,-0.36517277359962463,-0.9272321462631226,-0.08300264924764633,-9.991521835327148,-43.908546447753906,92.55963134765625,0.0,0.12551234662532806,46.241737365722656,1,1,1,1,1,-207.07037353515625,115.5641860961914,227.53294372558594,-212.01834106445312,128.1260528564453,177.18698120117188,pull,16,2025-11-18T13:52:53.414845,my_hand_data\videos\pull_seq16_20251118_135249_694859.avi,89.78766563891388,360,90,HIGH,VIDEO_RECORDING,2025-11-18T13:52:53.782478
2025-11-18 13:52:53.414845,335,517,HandType.Right,0.6386652588844299,-147.9348907470703,129.57305908203125,231.75201416015625,-0.3653760850429535,-0.9273278713226318,-0.08101434260606766,-12.410310745239258,-33.30322265625,109.28223419189453,0.0,0.11592162400484085,46.56929016113281,1,1,1,1,1,-207.6466064453125,115.68155670166016,229.53858947753906,-212.40599060058594,127.91389465332031,178.72508239746094,pull,16,2025-11-18T13:52:53.414845,my_hand_data\videos\pull_seq16_20251118_135249_694859.avi,89.78766563891388,360,90,HIGH,VIDEO_RECORDING,2025-11-18T13:52:53.782478
2025-11-18 13:52:53.435613,336,517,HandType.Right,0.6372622847557068,-148.2993927001953,129.3863067626953,232.97930908203125,-0.36526429653167725,-0.9274793267250061,-0.07977503538131714,-32.85297775268555,-16.83252716064453,110.61611938476562,0.0,0.11278873682022095,46.69050216674805,1,1,1,1,1,-208.1477813720703,115.61235809326172,231.04542541503906,-212.92556762695312,127.87982940673828,180.11618041992188,pull,16,2025-11-18T13:52:53.435613,my_hand_data\videos\pull_seq16_20251118_135249_694859.avi,89.78766563891388,360,90,HIGH,VIDEO_RECORDING,2025-11-18T13:52:53.782478
2025-11-18 13:52:53.445632,337,517,HandType.Right,0.6363030076026917,-148.62339782714844,129.27003479003906,234.22900390625,-0.36543360352516174,-0.927452027797699,-0.07931629568338394,-29.582021713256836,-10.615683555603027,114.09674835205078,0.0,0.11137425899505615,46.780696868896484,1,1,1,1,1,-208.6693878173828,115.59786224365234,232.5519561767578,-213.53880310058594,128.02947998046875,181.61221313476562,pull,16,2025-11-18T13:52:53.445632,my_hand_data\videos\pull_seq16_20251118_135249_694859.avi,89.78766563891388,360,90,HIGH,VIDEO_RECORDING,2025-11-18T13:52:53.782478
2025-11-18 13:52:53.455762,338,517,HandType.Right,0.6337988376617432,-148.91812133789062,129.18087768554688,235.5439910888672,-0.3660273253917694,-0.9272886514663696,-0.0784841924905777,-26.589231491088867,-8.043841361999512,118.6375732421875,0.0,0.11303000152111053,46.75809860229492,1,1,1,1,1,-208.95716857910156,115.5136947631836,233.89598083496094,-213.91497802734375,128.1300811767578,183.064453125,pull,16,2025-11-18T13:52:53.455762,my_hand_data\videos\pull_seq16_20251118_135249_694859.avi,89.78766563891388,360,90,HIGH,VIDEO_RECORDING,2025-11-18T13:52:53.782478
2025-11-18 13:52:53.465836,339,517,HandType.Right,0.6287956833839417,-149.08782958984375,129.04556274414062,236.754638671875,-0.36727967858314514,-0.926846444606781,-0.07785453647375107,-15.217328071594238,-12.133148193359375,108.54967498779297,0.0,0.11203081905841827,46.85627746582031,1,1,1,1,1,-209.2144012451172,115.50730895996094,235.45277404785156,-214.24728393554688,128.12940979003906,184.59292602539062,pull,16,2025-11-18T13:52:53.465836,my_hand_data\videos\pull_seq16_20251118_135249_694859.avi,89.78766563891388,360,90,HIGH,VIDEO_RECORDING,2025-11-18T13:52:53.782478
2025-11-18 13:52:53.475896,340,517,HandType.Right,0.6268104314804077,-149.3094482421875,128.9468994140625,237.887939453125,-0.36846253275871277,-0.9264059066772461,-0.07750806212425232,-19.89923667907715,-8.858076095581055,101.75943756103516,0.0,0.11389587819576263,46.8443603515625,1,1,1,1,1,-209.44317626953125,115.39362335205078,236.63235473632812,-214.5408172607422,128.1806182861328,185.8892059326172,pull,16,2025-11-18T13:52:53.475896,my_hand_data\videos\pull_seq16_20251118_135249_694859.avi,89.78766563891388,360,90,HIGH,VIDEO_RECORDING,2025-11-18T13:52:53.782478
2025-11-18 13:52:53.486162,341,517,HandType.Right,0.6279882192611694,-149.46749877929688,128.83619689941406,238.9744415283203,-0.3697551190853119,-0.925961971282959,-0.07665212452411652,-14.058526992797852,-9.847075462341309,96.6470718383789,0.0,0.10927490144968033,47.005252838134766,1,1,1,1,1,-209.68589782714844,115.28337097167969,237.90042114257812,-214.7362823486328,128.2904815673828,187.03839111328125,pull,16,2025-11-18T13:52:53.486162,my_hand_data\videos\pull_seq16_20251118_135249_694859.avi,89.78766563891388,360,90,HIGH,VIDEO_RECORDING,2025-11-18T13:52:53.782478
2025-11-18 13:52:53.496636,342,517,HandType.Right,0.6244508028030396,-149.5272216796875,128.6112518310547,240.13046264648438,-0.3718273341655731,-0.925274133682251,-0.07491469383239746,-5.466675758361816,-20.590667724609375,105.81489562988281,0.0,0.11146479845046997,46.99202346801758,1,1,1,1,1,-209.6825714111328,115.05070495605469,239.11514282226562,-214.89881896972656,128.2010040283203,188.38070678710938,pull,16,2025-11-18T13:52:53.496636,my_hand_data\videos\pull_seq16_20251118_135249_694859.avi,89.78766563891388,360,90,HIGH,VIDEO_RECORDING,2025-11-18T13:52:53.782478
2025-11-18 13:52:53.516745,343,517,HandType.Right,0.6213589310646057,-149.6248779296875,128.35218811035156,241.4064178466797,-0.3735562562942505,-0.924699604511261,-0.0733918696641922,-8.600800514221191,-22.816879272460938,112.37916564941406,0.0,0.10300958901643753,47.25942611694336,1,1,1,1,1,-209.88746643066406,114.9286117553711,240.68458557128906,-215.0922088623047,128.2178192138672,189.6649932861328,pull,16,2025-11-18T13:52:53.516745,my_hand_data\videos\pull_seq16_20251118_135249_694859.avi,89.78766563891388,360,90,HIGH,VIDEO_RECORDING,2025-11-18T13:52:53.782478
2025-11-18 13:52:53.520092,344,517,HandType.Right,0.61668860912323,-149.70956420898438,127.97114562988281,242.6560821533203,-0.3741670250892639,-0.9244673252105713,-0.07320652157068253,-7.537703514099121,-33.915611267089844,111.22978973388672,0.0,0.09446317702531815,47.506378173828125,1,1,1,1,1,-210.18887329101562,114.7895736694336,242.1665802001953,-215.22377014160156,128.0883331298828,190.81045532226562,pull,16,2025-11-18T13:52:53.520092,my_hand_data\videos\pull_seq16_20251118_135249_694859.avi,89.78766563891388,360,90,HIGH,VIDEO_RECORDING,2025-11-18T13:52:53.782478
2025-11-18 13:52:53.536361,345,517,HandType.Right,0.6145867705345154,-149.91563415527344,127.58788299560547,243.8566131591797,-0.37419456243515015,-0.9244558811187744,-0.07321027666330338,-19.30476951599121,-35.9031982421875,112.46112060546875,0.0,0.08385135978460312,47.84074783325195,1,1,1,1,1,-210.51004028320312,114.56523895263672,243.68206787109375,-215.52777099609375,128.0677947998047,191.97750854492188,pull,16,2025-11-18T13:52:53.536361,my_hand_data\videos\pull_seq16_20251118_135249_694859.avi,89.78766563891388,360,90,HIGH,VIDEO_RECORDING,2025-11-18T13:52:53.782478
2025-11-18 13:52:53.536361,346,517,HandType.Right,0.6105855107307434,-150.216552734375,127.17484283447266,245.17710876464844,-0.3745659589767456,-0.924346923828125,-0.07268517464399338,-27.20026206970215,-37.33523178100586,119.36156463623047,0.0,0.07572973519563675,48.09644317626953,1,1,1,1,1,-210.87986755371094,114.27027893066406,245.186767578125,-215.8209991455078,127.9988021850586,193.22174072265625,pull,16,2025-11-18T13:52:53.536361,my_hand_data\videos\pull_seq16_20251118_135249_694859.avi,89.78766563891388,360,90,HIGH,VIDEO_RECORDING,2025-11-18T13:52:53.782478
2025-11-18 13:52:53.557140,347,517,HandType.Right,0.6087971329689026,-150.53167724609375,126.76488494873047,246.50521850585938,-0.3752981722354889,-0.9241042733192444,-0.07199016213417053,-27.834928512573242,-36.21171951293945,117.31377410888672,0.0,0.07157228142023087,48.23969268798828,1,1,1,1,1,-211.2745819091797,113.87667846679688,246.5440673828125,-216.11325073242188,127.86990356445312,194.4806671142578,pull,16,2025-11-18T13:52:53.557140,my_hand_data\videos\pull_seq16_20251118_135249_694859.avi,89.78766563891388,360,90,HIGH,VIDEO_RECORDING,2025-11-18T13:52:53.782478
2025-11-18 13:52:53.567179,348,517,HandType.Right,0.6098667979240417,-150.75213623046875,126.31935119628906,247.7135009765625,-0.37525102496147156,-0.9241323471069336,-0.07187516242265701,-19.858963012695312,-40.13447189331055,108.84498596191406,0.0,0.06612947583198547,48.45524215698242,1,1,1,1,1,-211.6972198486328,113.4510269165039,247.93186950683594,-216.27392578125,127.48098754882812,195.6516571044922,pull,16,2025-11-18T13:52:53.567179,my_hand_data\videos\pull_seq16_20251118_135249_694859.avi,89.78766563891388,360,90,HIGH,VIDEO_RECORDING,2025-11-18T13:52:53.782478
2025-11-18 13:52:53.577186,349,517,HandType.Right,0.6074988842010498,-151.07757568359375,125.9422607421875,249.0113983154297,-0.3750970661640167,-0.924248218536377,-0.07118550688028336,-28.369407653808594,-32.87050247192383,113.13590240478516,0.0,0.06579425185918808,48.513587951660156,1,1,1,1,1,-212.00868225097656,112.99250030517578,249.241943359375,-216.51881408691406,127.18427276611328,196.98631286621094,pull,16,2025-11-18T13:52:53.577186,my_hand_data\videos\pull_seq16_20251118_135249_694859.avi,89.78766563891388,360,90,HIGH,VIDEO_RECORDING,2025-11-18T13:52:53.782478
2025-11-18 13:52:53.587485,350,517,HandType.Right,0.6016033291816711,-151.25816345214844,125.42352294921875,250.24436950683594,-0.3754624128341675,-0.9241709113121033,-0.07025716453790665,-16.761154174804688,-48.14747619628906,114.43916320800781,0.0,0.06129836663603783,48.721439361572266,1,1,1,1,1,-212.26556396484375,112.5173568725586,250.6593475341797,-216.5060272216797,126.73029327392578,198.2142333984375,pull,16,2025-11-18T13:52:53.587485,my_hand_data\videos\pull_seq16_20251118_135249_694859.avi,89.78766563891388,360,90,HIGH,VIDEO_RECORDING,2025-11-18T13:52:53.782478
2025-11-18 13:52:53.597950,351,517,HandType.Right,0.5989358425140381,-151.32269287109375,124.90336608886719,251.33157348632812,-0.3756689429283142,-0.9241172671318054,-0.06985804438591003,-5.864543914794922,-47.278011322021484,98.81925201416016,0.0,0.05565004050731659,49.03260040283203,1,1,1,1,1,-212.51258850097656,112.01586151123047,252.12669372558594,-216.49729919433594,126.46040344238281,199.49684143066406,pull,16,2025-11-18T13:52:53.597950,my_hand_data\videos\pull_seq16_20251118_135249_694859.avi,89.78766563891388,360,90,HIGH,VIDEO_RECORDING,2025-11-18T13:52:53.782478
2025-11-18 13:52:53.608387,352,517,HandType.Right,0.5927098989486694,-151.2532501220703,124.24192810058594,252.270263671875,-0.37665224075317383,-0.9237673878669739,-0.06918754428625107,6.255684852600098,-59.58388900756836,84.5584487915039,0.0,0.04422737658023834,49.48140335083008,1,1,1,1,1,-212.6891326904297,111.47806549072266,253.56192016601562,-216.39413452148438,126.40701293945312,200.60995483398438,pull,16,2025-11-18T13:52:53.608387,my_hand_data\videos\pull_seq16_20251118_135249_694859.avi,89.78766563891388,360,90,HIGH,VIDEO_RECORDING,2025-11-18T13:52:53.782478
2025-11-18 13:52:53.618433,353,517,HandType.Right,0.5830361843109131,-151.1259765625,123.49089050292969,253.5662078857422,-0.37696385383605957,-0.9236929416656494,-0.06848043948411942,11.464365005493164,-67.6547622680664,116.74139404296875,0.0,0.0350567102432251,49.8148078918457,1,1,1,1,1,-212.82266235351562,111.08097839355469,255.1616973876953,-216.16073608398438,126.22611236572266,201.89517211914062,pull,16,2025-11-18T13:52:53.618433,my_hand_data\videos\pull_seq16_20251118_135249_694859.avi,89.78766563891388,360,90,HIGH,VIDEO_RECORDING,2025-11-18T13:52:53.782478
2025-11-18 13:52:53.638743,354,517,HandType.Right,0.5766107439994812,-151.23464965820312,122.8123779296875,255.17213439941406,-0.3768483102321625,-0.9237814545631409,-0.06792008131742477,-9.633713722229004,-60.146949768066406,142.3565673828125,0.0,0.017887430265545845,50.34442901611328,1,1,1,1,1,-213.22193908691406,110.81128692626953,257.1138610839844,-215.81036376953125,125.89945220947266,203.12612915039062,pull,16,2025-11-18T13:52:53.638743,my_hand_data\videos\pull_seq16_20251118_135249_694859.avi,89.78766563891388,360,90,HIGH,VIDEO_RECORDING,2025-11-18T13:52:53.782478
2025-11-18 13:52:53.643112,355,517,HandType.Right,0.569205641746521,-151.28965759277344,122.24658966064453,256.85614013671875,-0.3777565658092499,-0.9236528277397156,-0.06453994661569595,-4.968585014343262,-51.1142578125,152.13662719726562,0.0,0.0,51.01054382324219,1,1,1,1,1,-213.59336853027344,110.46720886230469,259.1441650390625,-215.42312622070312,125.47224426269531,204.37564086914062,pull,16,2025-11-18T13:52:53.643112,my_hand_data\videos\pull_seq16_20251118_135249_694859.avi,89.78766563891388,360,90,HIGH,VIDEO_RECORDING,2025-11-18T13:52:53.782478
2025-11-18 13:52:53.659427,356,517,HandType.Right,0.5654555559158325,-151.4862518310547,121.821044921875,258.3409118652344,-0.37758252024650574,-0.9238868951797485,-0.06216510385274887,-17.485074996948242,-37.84632110595703,132.0509033203125,0.0,0.0,51.733821868896484,1,1,1,1,1,-214.32684326171875,110.33621215820312,261.1727294921875,-215.43028259277344,125.24129486083984,205.5747528076172,pull,16,2025-11-18T13:52:53.659427,my_hand_data\videos\pull_seq16_20251118_135249_694859.avi,89.78766563891388,360,90,HIGH,VIDEO_RECORDING,2025-11-18T13:52:53.782478
2025-11-18 13:52:53.659427,357,517,HandType.Right,0.5607154965400696,-151.7084197998047,121.3850326538086,259.75,-0.37747034430503845,-0.9239435195922852,-0.06200369447469711,-20.391326904296875,-40.01981735229492,129.33331298828125,0.0,0.0,52.16347122192383,1,1,1,1,1,-214.7091827392578,110.18164825439453,262.85479736328125,-215.3435516357422,125.07097625732422,206.76571655273438,pull,16,2025-11-18T13:52:53.659427,my_hand_data\videos\pull_seq16_20251118_135249_694859.avi,89.78766563891388,360,90,HIGH,VIDEO_RECORDING,2025-11-18T13:52:53.782478
2025-11-18 13:52:53.679712,358,517,HandType.Right,0.5573318004608154,-151.92405700683594,120.93610382080078,261.43707275390625,-0.3769809901714325,-0.9242966175079346,-0.05967532843351364,-19.270540237426758,-40.118839263916016,150.76617431640625,0.0,0.0,52.538124084472656,1,1,1,1,1,-215.0012664794922,109.92203521728516,264.6058044433594,-215.2552032470703,124.87628173828125,208.04502868652344,pull,16,2025-11-18T13:52:53.679712,my_hand_data\videos\pull_seq16_20251118_135249_694859.avi,89.78766563891388,360,90,HIGH,VIDEO_RECORDING,2025-11-18T13:52:53.782478
2025-11-18 13:52:53.690124,359,517,HandType.Right,0.5533251762390137,-152.1437225341797,120.50082397460938,263.16534423828125,-0.3768000900745392,-0.9243999719619751,-0.05921482294797897,-19.967540740966797,-39.56723403930664,157.10150146484375,0.0,0.0,53.39617919921875,1,1,1,1,1,-215.68894958496094,109.99298095703125,266.9523620605469,-215.10037231445312,124.60736846923828,209.31211853027344,pull,16,2025-11-18T13:52:53.690124,my_hand_data\videos\pull_seq16_20251118_135249_694859.avi,89.78766563891388,360,90,HIGH,VIDEO_RECORDING,2025-11-18T13:52:53.782478
2025-11-18 13:52:53.700355,360,517,HandType.Right,0.5450683832168579,-152.2686004638672,119.98016357421875,264.7212829589844,-0.3773658871650696,-0.9242936968803406,-0.057238053530454636,-11.064615249633789,-46.1290397644043,137.85108947753906,0.0,0.0,54.0775146484375,1,1,1,1,1,-216.08177185058594,109.84516143798828,269.119873046875,-215.07858276367188,124.47498321533203,210.72906494140625,pull,16,2025-11-18T13:52:53.700355,my_hand_data\videos\pull_seq16_20251118_135249_694859.avi,89.78766563891388,360,90,HIGH,VIDEO_RECORDING,2025-11-18T13:52:53.782478
