timestamp,frame_id,hand_id,hand_type,confidence,palm_x,palm_y,palm_z,palm_normal_x,palm_normal_y,palm_normal_z,palm_velocity_x,palm_velocity_y,palm_velocity_z,grab_strength,pinch_strength,pinch_distance,thumb_extended,index_extended,middle_extended,ring_extended,pinky_extended,thumb_tip_x,thumb_tip_y,thumb_tip_z,index_tip_x,index_tip_y,index_tip_z,gesture_type,sequence_id,recording_timestamp,video_file_path,performance_actual_fps,performance_total_frames,performance_target_fps,performance_quality,performance_mode,video_recording_time
2025-11-18 13:52:40.781250,1,517,HandType.Right,0.3369610905647278,119.87230682373047,183.99940490722656,-212.69993591308594,-0.013158190064132214,-0.9951547980308533,-0.0974360853433609,-13.07699966430664,-1.1905378103256226,-5.004245281219482,0.0,0.4214951992034912,37.80818176269531,1,1,1,1,1,76.85718536376953,156.59776306152344,-233.48648071289062,92.37523651123047,160.82498168945312,-271.00653076171875,pull,15,2025-11-18T13:52:40.781250,my_hand_data\videos\pull_seq15_20251118_135240_763029.avi,89.83967660511466,360,90,HIGH,VIDEO_RECORDING,2025-11-18T13:52:44.830725
2025-11-18 13:52:40.791722,2,517,HandType.Right,0.33592772483825684,119.75416564941406,184.02720642089844,-212.8174285888672,-0.012502784840762615,-0.9951732158660889,-0.0973343551158905,-10.481951713562012,2.466139793395996,-10.423415184020996,0.0,0.4225725531578064,37.775848388671875,1,1,1,1,1,76.7783432006836,156.53257751464844,-233.6175079345703,92.23434448242188,160.7568817138672,-271.1220703125,pull,15,2025-11-18T13:52:40.791722,my_hand_data\videos\pull_seq15_20251118_135240_763029.avi,89.83967660511466,360,90,HIGH,VIDEO_RECORDING,2025-11-18T13:52:44.830725
2025-11-18 13:52:40.802223,3,517,HandType.Right,0.33465003967285156,119.67395782470703,183.97776794433594,-212.8575897216797,-0.012653498910367489,-0.9951987862586975,-0.09705283492803574,-7.226312160491943,-4.454032897949219,-3.619542360305786,0.0,0.4278067350387573,37.654605865478516,1,1,1,1,1,76.7209243774414,156.34634399414062,-233.6445770263672,92.11249542236328,160.41062927246094,-270.9926452636719,pull,15,2025-11-18T13:52:40.802223,my_hand_data\videos\pull_seq15_20251118_135240_763029.avi,89.83967660511466,360,90,HIGH,VIDEO_RECORDING,2025-11-18T13:52:44.830725
2025-11-18 13:52:40.812638,4,517,HandType.Right,0.33033621311187744,119.60838317871094,183.93113708496094,-212.8943328857422,-0.01286169420927763,-0.9951842427253723,-0.09717483818531036,-5.9294843673706055,-4.216884613037109,-3.321624994277954,0.0,0.43754860758781433,37.47380447387695,1,1,1,1,1,76.67145538330078,156.18568420410156,-233.68484497070312,92.06333923339844,160.0928955078125,-270.6773681640625,pull,15,2025-11-18T13:52:40.812638,my_hand_data\videos\pull_seq15_20251118_135240_763029.avi,89.83967660511466,360,90,HIGH,VIDEO_RECORDING,2025-11-18T13:52:44.830725
2025-11-18 13:52:40.822985,5,517,HandType.Right,0.32641440629959106,119.46917724609375,183.8643035888672,-212.87962341308594,-0.012416812591254711,-0.9951774477958679,-0.09730224311351776,-12.517366409301758,-6.0097737312316895,1.3222154378890991,0.0,0.4470483362674713,37.276527404785156,1,1,1,1,1,76.57325744628906,155.93983459472656,-233.6531219482422,91.94808959960938,159.6783447265625,-270.3097229003906,pull,15,2025-11-18T13:52:40.822985,my_hand_data\videos\pull_seq15_20251118_135240_763029.avi,89.83967660511466,360,90,HIGH,VIDEO_RECORDING,2025-11-18T13:52:44.830725
2025-11-18 13:52:40.833173,6,517,HandType.Right,0.3243330717086792,119.39539337158203,183.78460693359375,-212.8324737548828,-0.012221972458064556,-0.9952043294906616,-0.09705130010843277,-6.60114860534668,-7.129877090454102,4.218608856201172,0.0,0.4559676945209503,37.070709228515625,1,1,1,1,1,76.4914321899414,155.76084899902344,-233.56956481933594,91.84535217285156,159.27171325683594,-269.9217224121094,pull,15,2025-11-18T13:52:40.833173,my_hand_data\videos\pull_seq15_20251118_135240_763029.avi,89.83967660511466,360,90,HIGH,VIDEO_RECORDING,2025-11-18T13:52:44.830725
2025-11-18 13:52:40.853284,7,517,HandType.Right,0.31934869289398193,119.0871353149414,183.33563232421875,-212.47569274902344,-0.009879115968942642,-0.9953279495239258,-0.09604498744010925,-16.09711265563965,-26.014720916748047,16.403213500976562,0.0,0.4654195010662079,36.83275604248047,1,1,1,1,1,76.26985168457031,155.03961181640625,-233.06480407714844,91.3884506225586,158.16360473632812,-269.2137756347656,pull,15,2025-11-18T13:52:40.853284,my_hand_data\videos\pull_seq15_20251118_135240_763029.avi,89.83967660511466,360,90,HIGH,VIDEO_RECORDING,2025-11-18T13:52:44.830725
2025-11-18 13:52:40.853284,8,517,HandType.Right,0.31934869289398193,119.0871353149414,183.33563232421875,-212.47569274902344,-0.009879115968942642,-0.9953279495239258,-0.09604498744010925,-16.09711265563965,-26.014720916748047,16.403213500976562,0.0,0.4654195010662079,36.83275604248047,1,1,1,1,1,76.26985168457031,155.03961181640625,-233.06480407714844,91.3884506225586,158.16360473632812,-269.2137756347656,pull,15,2025-11-18T13:52:40.853284,my_hand_data\videos\pull_seq15_20251118_135240_763029.avi,89.83967660511466,360,90,HIGH,VIDEO_RECORDING,2025-11-18T13:52:44.830725
2025-11-18 13:52:40.873321,9,517,HandType.Right,0.3138986825942993,118.76067352294922,182.66014099121094,-212.1376495361328,-0.011126975528895855,-0.9953941702842712,-0.09521880000829697,-15.004463195800781,-32.29118728637695,16.252185821533203,0.0,0.47633206844329834,36.70158386230469,0,1,1,1,1,75.98428344726562,154.10792541503906,-232.4968719482422,91.07852935791016,157.05003356933594,-268.2652282714844,pull,15,2025-11-18T13:52:40.873321,my_hand_data\videos\pull_seq15_20251118_135240_763029.avi,89.83967660511466,360,90,HIGH,VIDEO_RECORDING,2025-11-18T13:52:44.830725
2025-11-18 13:52:40.873321,10,517,HandType.Right,0.3138986825942993,118.76067352294922,182.66014099121094,-212.1376495361328,-0.011126975528895855,-0.9953941702842712,-0.09521880000829697,-15.004463195800781,-32.29118728637695,16.252185821533203,0.0,0.47633206844329834,36.70158386230469,0,1,1,1,1,75.98428344726562,154.10792541503906,-232.4968719482422,91.07852935791016,157.05003356933594,-268.2652282714844,pull,15,2025-11-18T13:52:40.873321,my_hand_data\videos\pull_seq15_20251118_135240_763029.avi,89.83967660511466,360,90,HIGH,VIDEO_RECORDING,2025-11-18T13:52:44.830725
2025-11-18 13:52:40.893408,11,517,HandType.Right,0.31662535667419434,118.65892028808594,182.3621063232422,-211.9570770263672,-0.011584242805838585,-0.9954648017883301,-0.0944225862622261,-9.150798797607422,-26.800859451293945,16.237878799438477,0.0,0.476773738861084,36.67466354370117,0,1,1,1,1,75.89436340332031,153.80572509765625,-232.26246643066406,90.97779846191406,156.6997833251953,-268.0205078125,pull,15,2025-11-18T13:52:40.893408,my_hand_data\videos\pull_seq15_20251118_135240_763029.avi,89.83967660511466,360,90,HIGH,VIDEO_RECORDING,2025-11-18T13:52:44.830725
2025-11-18 13:52:40.903595,12,517,HandType.Right,0.31843316555023193,118.56615447998047,182.063232421875,-211.7725067138672,-0.011626654304564,-0.9955273866653442,-0.09375547617673874,-8.409117698669434,-27.093772888183594,16.73242950439453,0.0,0.4789275825023651,36.5955696105957,0,1,1,1,1,75.88932800292969,153.53543090820312,-232.0692138671875,90.90934753417969,156.40219116210938,-267.7682189941406,pull,15,2025-11-18T13:52:40.903595,my_hand_data\videos\pull_seq15_20251118_135240_763029.avi,89.83967660511466,360,90,HIGH,VIDEO_RECORDING,2025-11-18T13:52:44.830725
2025-11-18 13:52:40.913642,13,517,HandType.Right,0.3184373378753662,118.47618103027344,181.7552032470703,-211.60960388183594,-0.011162728071212769,-0.9956175684928894,-0.09284950792789459,-8.040664672851562,-27.527711868286133,14.55764389038086,0.0,0.4834662973880768,36.46050262451172,0,1,1,1,1,75.8442611694336,153.2357940673828,-231.90782165527344,90.8607406616211,155.9659423828125,-267.4402770996094,pull,15,2025-11-18T13:52:40.913642,my_hand_data\videos\pull_seq15_20251118_135240_763029.avi,89.83967660511466,360,90,HIGH,VIDEO_RECORDING,2025-11-18T13:52:44.830725
2025-11-18 13:52:40.924081,14,517,HandType.Right,0.3187781572341919,118.39189147949219,181.5313262939453,-211.50648498535156,-0.010779870674014091,-0.9956341981887817,-0.09271617233753204,-7.611030578613281,-20.21479034423828,9.311386108398438,0.0,0.4912680685520172,36.28960418701172,0,1,1,1,1,75.82534790039062,152.9777069091797,-231.8253936767578,90.8986587524414,155.538818359375,-267.0419616699219,pull,15,2025-11-18T13:52:40.924081,my_hand_data\videos\pull_seq15_20251118_135240_763029.avi,89.83967660511466,360,90,HIGH,VIDEO_RECORDING,2025-11-18T13:52:44.830725
2025-11-18 13:52:40.934169,15,517,HandType.Right,0.3221932649612427,118.30752563476562,181.29652404785156,-211.34014892578125,-0.009114718995988369,-0.9957002401351929,-0.09218424558639526,-7.508203506469727,-20.89751434326172,14.803597450256348,0.0,0.4937005937099457,36.161285400390625,0,1,1,1,1,75.79070281982422,152.84466552734375,-231.71224975585938,90.87060546875,155.2990264892578,-266.8341979980469,pull,15,2025-11-18T13:52:40.934169,my_hand_data\videos\pull_seq15_20251118_135240_763029.avi,89.83967660511466,360,90,HIGH,VIDEO_RECORDING,2025-11-18T13:52:44.830725
2025-11-18 13:52:40.944519,16,517,HandType.Right,0.32131659984588623,118.24478149414062,181.14186096191406,-211.00885009765625,-0.008058604784309864,-0.9956773519515991,-0.09252957999706268,-5.665045261383057,-13.963689804077148,29.911836624145508,0.0,0.4975954294204712,36.05855178833008,0,1,1,1,1,75.73881530761719,152.68739318847656,-231.40841674804688,90.96833038330078,154.99282836914062,-266.3210144042969,pull,15,2025-11-18T13:52:40.944519,my_hand_data\videos\pull_seq15_20251118_135240_763029.avi,89.83967660511466,360,90,HIGH,VIDEO_RECORDING,2025-11-18T13:52:44.830725
2025-11-18 13:52:40.965243,17,517,HandType.Right,0.31898999214172363,118.06059265136719,181.0399169921875,-209.91946411132812,-0.004430945962667465,-0.9955688714981079,-0.09393081814050674,-6.628839492797852,-2.310781478881836,54.11186981201172,0.0,0.5019052624702454,35.92349624633789,1,1,1,1,1,75.5794677734375,152.60601806640625,-230.46791076660156,91.05437469482422,154.86109924316406,-265.1047058105469,pull,15,2025-11-18T13:52:40.965243,my_hand_data\videos\pull_seq15_20251118_135240_763029.avi,89.83967660511466,360,90,HIGH,VIDEO_RECORDING,2025-11-18T13:52:44.830725
2025-11-18 13:52:40.968127,18,517,HandType.Right,0.31898999214172363,118.06059265136719,181.0399169921875,-209.91946411132812,-0.004430945962667465,-0.9955688714981079,-0.09393081814050674,-6.628839492797852,-2.310781478881836,54.11186981201172,0.0,0.5019052624702454,35.92349624633789,1,1,1,1,1,75.5794677734375,152.60601806640625,-230.46791076660156,91.05437469482422,154.86109924316406,-265.1047058105469,pull,15,2025-11-18T13:52:40.968127,my_hand_data\videos\pull_seq15_20251118_135240_763029.avi,89.83967660511466,360,90,HIGH,VIDEO_RECORDING,2025-11-18T13:52:44.830725
2025-11-18 13:52:40.985296,19,517,HandType.Right,0.32459914684295654,118.04226684570312,181.0799560546875,-209.37950134277344,-0.002533847000449896,-0.9954787492752075,-0.09495078772306442,-1.6378722190856934,3.578371286392212,48.257720947265625,0.0,0.5020895600318909,35.9283447265625,1,1,1,1,1,75.54346466064453,152.6831817626953,-230.04005432128906,91.14554595947266,155.10049438476562,-264.5936584472656,pull,15,2025-11-18T13:52:40.985296,my_hand_data\videos\pull_seq15_20251118_135240_763029.avi,89.83967660511466,360,90,HIGH,VIDEO_RECORDING,2025-11-18T13:52:44.830725
2025-11-18 13:52:40.987303,20,517,HandType.Right,0.3255237340927124,117.9166259765625,181.09698486328125,-208.81707763671875,-0.0039418525993824005,-0.9953999519348145,-0.09572579711675644,-11.083230018615723,1.502062439918518,49.61418914794922,0.0,0.5063026547431946,35.85979080200195,1,1,1,1,1,75.37196350097656,152.72714233398438,-229.48956298828125,90.97919464111328,155.04742431640625,-263.88104248046875,pull,15,2025-11-18T13:52:40.987303,my_hand_data\videos\pull_seq15_20251118_135240_763029.avi,89.83967660511466,360,90,HIGH,VIDEO_RECORDING,2025-11-18T13:52:44.830725
2025-11-18 13:52:41.006194,21,517,HandType.Right,0.3432495594024658,117.46785736083984,181.02420043945312,-207.70913696289062,-0.006461200769990683,-0.9954150915145874,-0.09543110430240631,-24.07243537902832,-5.093944549560547,51.18016052246094,0.0,0.49091652035713196,36.30458450317383,1,1,1,1,1,74.75099182128906,152.65936279296875,-228.38040161132812,90.41516876220703,155.50729370117188,-263.2789306640625,pull,15,2025-11-18T13:52:41.006194,my_hand_data\videos\pull_seq15_20251118_135240_763029.avi,89.83967660511466,360,90,HIGH,VIDEO_RECORDING,2025-11-18T13:52:44.830725
2025-11-18 13:52:41.016615,22,517,HandType.Right,0.3432495594024658,117.46785736083984,181.02420043945312,-207.70913696289062,-0.006461200769990683,-0.9954150915145874,-0.09543110430240631,-24.07243537902832,-5.093944549560547,51.18016052246094,0.0,0.49091652035713196,36.30458450317383,1,1,1,1,1,74.75099182128906,152.65936279296875,-228.38040161132812,90.41516876220703,155.50729370117188,-263.2789306640625,pull,15,2025-11-18T13:52:41.016615,my_hand_data\videos\pull_seq15_20251118_135240_763029.avi,89.83967660511466,360,90,HIGH,VIDEO_RECORDING,2025-11-18T13:52:44.830725
2025-11-18 13:52:41.026883,23,517,HandType.Right,0.34959036111831665,117.16227722167969,181.02232360839844,-206.9815673828125,-0.00927202682942152,-0.9954325556755066,-0.09501632302999496,-27.383882522583008,-0.16830243170261383,65.20108032226562,0.0,0.4827952980995178,36.56520462036133,1,1,1,1,1,74.40567779541016,152.60633850097656,-227.5950164794922,89.9338607788086,155.8118438720703,-262.8334045410156,pull,15,2025-11-18T13:52:41.026883,my_hand_data\videos\pull_seq15_20251118_135240_763029.avi,89.83967660511466,360,90,HIGH,VIDEO_RECORDING,2025-11-18T13:52:44.830725
2025-11-18 13:52:41.036893,24,517,HandType.Right,0.3513146638870239,116.85124969482422,181.1211395263672,-206.24620056152344,-0.011756681837141514,-0.9953470826148987,-0.09563428908586502,-27.86997413635254,8.85444450378418,65.89291381835938,0.0,0.4760494530200958,36.88121795654297,1,1,1,1,1,73.90029907226562,152.59190368652344,-226.7794647216797,89.59063720703125,156.12054443359375,-262.1776123046875,pull,15,2025-11-18T13:52:41.036893,my_hand_data\videos\pull_seq15_20251118_135240_763029.avi,89.83967660511466,360,90,HIGH,VIDEO_RECORDING,2025-11-18T13:52:44.830725
2025-11-18 13:52:41.047209,25,517,HandType.Right,0.35252541303634644,116.49932098388672,181.2749786376953,-205.496826171875,-0.01676563359797001,-0.9950990080833435,-0.09745221585035324,-32.16618728637695,14.060924530029297,68.49292755126953,0.0,0.4802878499031067,37.142024993896484,1,1,1,1,1,73.27544403076172,152.29043579101562,-225.81008911132812,89.22408294677734,156.06504821777344,-260.90478515625,pull,15,2025-11-18T13:52:41.047209,my_hand_data\videos\pull_seq15_20251118_135240_763029.avi,89.83967660511466,360,90,HIGH,VIDEO_RECORDING,2025-11-18T13:52:44.830725
2025-11-18 13:52:41.057342,26,517,HandType.Right,0.3587372303009033,116.13488006591797,181.5443115234375,-204.5229949951172,-0.01836821436882019,-0.9949097037315369,-0.09908252954483032,-32.870487213134766,24.293628692626953,87.8351058959961,0.0,0.46732184290885925,37.4979133605957,1,1,1,1,1,72.71849822998047,152.53782653808594,-224.81504821777344,88.55101776123047,157.06544494628906,-260.38677978515625,pull,15,2025-11-18T13:52:41.057342,my_hand_data\videos\pull_seq15_20251118_135240_763029.avi,89.83967660511466,360,90,HIGH,VIDEO_RECORDING,2025-11-18T13:52:44.830725
2025-11-18 13:52:41.067520,27,517,HandType.Right,0.35892677307128906,115.61626434326172,181.690673828125,-203.5468292236328,-0.019288932904601097,-0.994743287563324,-0.10056713223457336,-46.371334075927734,13.086810111999512,87.2820816040039,0.0,0.4578799605369568,37.91077423095703,1,1,1,1,1,72.09716796875,152.4406280517578,-223.61911010742188,87.8968505859375,157.5349578857422,-259.506103515625,pull,15,2025-11-18T13:52:41.067520,my_hand_data\videos\pull_seq15_20251118_135240_763029.avi,89.83967660511466,360,90,HIGH,VIDEO_RECORDING,2025-11-18T13:52:44.830725
2025-11-18 13:52:41.087961,28,517,HandType.Right,0.3759353756904602,114.52212524414062,182.14686584472656,-201.69432067871094,-0.020046856254339218,-0.9943214058876038,-0.1045132502913475,-49.6272087097168,24.43232536315918,90.7059326171875,0.0,0.4264723062515259,39.089088439941406,1,1,1,1,1,70.45809936523438,152.3079071044922,-221.47718811035156,86.45211029052734,159.13052368164062,-258.2231140136719,pull,15,2025-11-18T13:52:41.087961,my_hand_data\videos\pull_seq15_20251118_135240_763029.avi,89.83967660511466,360,90,HIGH,VIDEO_RECORDING,2025-11-18T13:52:44.830725
2025-11-18 13:52:41.089968,29,517,HandType.Right,0.3759353756904602,114.52212524414062,182.14686584472656,-201.69432067871094,-0.020046856254339218,-0.9943214058876038,-0.1045132502913475,-49.6272087097168,24.43232536315918,90.7059326171875,0.0,0.4264723062515259,39.089088439941406,1,1,1,1,1,70.45809936523438,152.3079071044922,-221.47718811035156,86.45211029052734,159.13052368164062,-258.2231140136719,pull,15,2025-11-18T13:52:41.089968,my_hand_data\videos\pull_seq15_20251118_135240_763029.avi,89.83967660511466,360,90,HIGH,VIDEO_RECORDING,2025-11-18T13:52:44.830725
2025-11-18 13:52:41.108613,30,517,HandType.Right,0.38695645332336426,113.2110824584961,182.087646484375,-199.51268005371094,-0.01574759930372238,-0.9944643378257751,-0.10388796776533127,-61.90034866333008,-13.825757026672363,95.04830169677734,0.0,0.39255115389823914,39.75392532348633,1,1,1,1,1,68.80467224121094,152.34262084960938,-219.2527618408203,84.71286010742188,159.87550354003906,-257.2061767578125,pull,15,2025-11-18T13:52:41.108613,my_hand_data\videos\pull_seq15_20251118_135240_763029.avi,89.83967660511466,360,90,HIGH,VIDEO_RECORDING,2025-11-18T13:52:44.830725
2025-11-18 13:52:41.108613,31,517,HandType.Right,0.38695645332336426,113.2110824584961,182.087646484375,-199.51268005371094,-0.01574759930372238,-0.9944643378257751,-0.10388796776533127,-61.90034866333008,-13.825757026672363,95.04830169677734,0.0,0.39255115389823914,39.75392532348633,1,1,1,1,1,68.80467224121094,152.34262084960938,-219.2527618408203,84.71286010742188,159.87550354003906,-257.2061767578125,pull,15,2025-11-18T13:52:41.108613,my_hand_data\videos\pull_seq15_20251118_135240_763029.avi,89.83967660511466,360,90,HIGH,VIDEO_RECORDING,2025-11-18T13:52:44.830725
2025-11-18 13:52:41.129063,32,517,HandType.Right,0.39558184146881104,112.5071792602539,181.88180541992188,-198.48452758789062,-0.01618407666683197,-0.9943860173225403,-0.10456804186105728,-62.77048110961914,-18.355674743652344,91.68473052978516,0.0,0.3928268551826477,39.717430114746094,1,1,1,1,1,68.24122619628906,152.13494873046875,-218.34901428222656,83.78018188476562,159.7219696044922,-256.4221496582031,pull,15,2025-11-18T13:52:41.129063,my_hand_data\videos\pull_seq15_20251118_135240_763029.avi,89.83967660511466,360,90,HIGH,VIDEO_RECORDING,2025-11-18T13:52:44.830725
2025-11-18 13:52:41.139257,33,517,HandType.Right,0.4045466184616089,111.910400390625,181.5794219970703,-197.32598876953125,-0.015084026381373405,-0.9944385886192322,-0.104232057929039,-53.64286422729492,-27.1812686920166,104.13871765136719,0.0,0.39720696210861206,39.552001953125,1,1,1,1,1,67.67141723632812,151.91775512695312,-217.24288940429688,83.17163848876953,159.0642547607422,-255.2295684814453,pull,15,2025-11-18T13:52:41.139257,my_hand_data\videos\pull_seq15_20251118_135240_763029.avi,89.83967660511466,360,90,HIGH,VIDEO_RECORDING,2025-11-18T13:52:44.830725
2025-11-18 13:52:41.149395,34,517,HandType.Right,0.4150305986404419,111.375244140625,181.30120849609375,-196.16036987304688,-0.014163481071591377,-0.9945434331893921,-0.10335719585418701,-47.747703552246094,-24.821685791015625,103.99842071533203,0.0,0.41076380014419556,39.106353759765625,1,1,1,1,1,67.29097747802734,151.72300720214844,-216.17689514160156,82.48883056640625,158.255615234375,-253.8535614013672,pull,15,2025-11-18T13:52:41.149395,my_hand_data\videos\pull_seq15_20251118_135240_763029.avi,89.83967660511466,360,90,HIGH,VIDEO_RECORDING,2025-11-18T13:52:44.830725
2025-11-18 13:52:41.159467,35,517,HandType.Right,0.4208242893218994,111.01896667480469,181.23031616210938,-195.10140991210938,-0.01487732958048582,-0.9945316910743713,-0.10337001085281372,-32.50114059448242,-6.468283176422119,96.60244750976562,0.0,0.4321078360080719,38.532962799072266,1,1,1,1,1,67.03370666503906,151.81997680664062,-215.2257537841797,82.12006378173828,157.66802978515625,-252.21478271484375,pull,15,2025-11-18T13:52:41.159467,my_hand_data\videos\pull_seq15_20251118_135240_763029.avi,89.83967660511466,360,90,HIGH,VIDEO_RECORDING,2025-11-18T13:52:44.830725
2025-11-18 13:52:41.169553,36,517,HandType.Right,0.424182653427124,110.74613952636719,181.3590087890625,-193.99545288085938,-0.015510079450905323,-0.9943812489509583,-0.10471555590629578,-24.024869918823242,11.333538055419922,97.38996887207031,0.0,0.44813644886016846,37.993980407714844,1,1,1,1,1,66.9513931274414,152.21389770507812,-214.24560546875,81.75684356689453,157.74537658691406,-250.765380859375,pull,15,2025-11-18T13:52:41.169553,my_hand_data\videos\pull_seq15_20251118_135240_763029.avi,89.83967660511466,360,90,HIGH,VIDEO_RECORDING,2025-11-18T13:52:44.830725
2025-11-18 13:52:41.179575,37,517,HandType.Right,0.43136799335479736,110.46405792236328,181.6119842529297,-192.87673950195312,-0.01698405109345913,-0.9940597414970398,-0.10750270634889603,-25.919721603393555,23.24406623840332,102.79488372802734,0.0,0.4752344489097595,37.23497009277344,1,1,1,1,1,66.96837615966797,152.605712890625,-213.42762756347656,81.38450622558594,157.56643676757812,-249.14035034179688,pull,15,2025-11-18T13:52:41.179575,my_hand_data\videos\pull_seq15_20251118_135240_763029.avi,89.83967660511466,360,90,HIGH,VIDEO_RECORDING,2025-11-18T13:52:44.830725
2025-11-18 13:52:41.199617,38,517,HandType.Right,0.4340575933456421,110.0677719116211,182.13308715820312,-190.3408660888672,-0.022171886637806892,-0.9936981201171875,-0.10987496376037598,-12.434184074401855,27.84027099609375,121.5200424194336,0.0,0.5243226289749146,35.70012664794922,0,1,1,1,1,67.13506317138672,153.34683227539062,-211.33250427246094,80.50523376464844,157.24110412597656,-245.71469116210938,pull,15,2025-11-18T13:52:41.199617,my_hand_data\videos\pull_seq15_20251118_135240_763029.avi,89.83967660511466,360,90,HIGH,VIDEO_RECORDING,2025-11-18T13:52:44.830725
2025-11-18 13:52:41.204504,39,517,HandType.Right,0.4340575933456421,110.0677719116211,182.13308715820312,-190.3408660888672,-0.022171886637806892,-0.9936981201171875,-0.10987496376037598,-12.434184074401855,27.84027099609375,121.5200424194336,0.0,0.5243226289749146,35.70012664794922,0,1,1,1,1,67.13506317138672,153.34683227539062,-211.33250427246094,80.50523376464844,157.24110412597656,-245.71469116210938,pull,15,2025-11-18T13:52:41.204504,my_hand_data\videos\pull_seq15_20251118_135240_763029.avi,89.83967660511466,360,90,HIGH,VIDEO_RECORDING,2025-11-18T13:52:44.830725
2025-11-18 13:52:41.219749,40,517,HandType.Right,0.44113409519195557,109.98504638671875,182.44390869140625,-188.85597229003906,-0.02205321379005909,-0.9937500953674316,-0.109427809715271,-7.329087257385254,27.538162231445312,131.55850219726562,0.0,0.5377643704414368,35.02837371826172,0,1,1,1,1,67.33726501464844,154.0274200439453,-210.1627655029297,79.7451400756836,157.8257598876953,-244.3993682861328,pull,15,2025-11-18T13:52:41.219749,my_hand_data\videos\pull_seq15_20251118_135240_763029.avi,89.83967660511466,360,90,HIGH,VIDEO_RECORDING,2025-11-18T13:52:44.830725
2025-11-18 13:52:41.219749,41,517,HandType.Right,0.4488540291786194,109.89176940917969,182.702880859375,-187.42483520507812,-0.02077876217663288,-0.9938251972198486,-0.10899435728788376,-8.64139175415039,23.991304397583008,132.5861053466797,0.0,0.5565844178199768,34.14630126953125,0,1,1,1,1,67.69876098632812,154.78851318359375,-209.2759246826172,79.27253723144531,158.3439483642578,-243.1121826171875,pull,15,2025-11-18T13:52:41.219749,my_hand_data\videos\pull_seq15_20251118_135240_763029.avi,89.83967660511466,360,90,HIGH,VIDEO_RECORDING,2025-11-18T13:52:44.830725
2025-11-18 13:52:41.239599,42,517,HandType.Right,0.4631478786468506,109.74690246582031,183.22259521484375,-184.7716827392578,-0.02200465090572834,-0.9938440322875977,-0.10858099907636642,-3.1939029693603516,23.296321868896484,127.60909271240234,0.0,0.5695430040359497,33.441951751708984,0,1,1,1,1,68.2520980834961,155.91949462890625,-207.0166015625,78.79185485839844,159.32305908203125,-240.70143127441406,pull,15,2025-11-18T13:52:41.239599,my_hand_data\videos\pull_seq15_20251118_135240_763029.avi,89.83967660511466,360,90,HIGH,VIDEO_RECORDING,2025-11-18T13:52:44.830725
2025-11-18 13:52:41.250008,43,517,HandType.Right,0.4631478786468506,109.74690246582031,183.22259521484375,-184.7716827392578,-0.02200465090572834,-0.9938440322875977,-0.10858099907636642,-3.1939029693603516,23.296321868896484,127.60909271240234,0.0,0.5695430040359497,33.441951751708984,0,1,1,1,1,68.2520980834961,155.91949462890625,-207.0166015625,78.79185485839844,159.32305908203125,-240.70143127441406,pull,15,2025-11-18T13:52:41.250008,my_hand_data\videos\pull_seq15_20251118_135240_763029.avi,89.83967660511466,360,90,HIGH,VIDEO_RECORDING,2025-11-18T13:52:44.830725
2025-11-18 13:52:41.260129,44,517,HandType.Right,0.4691726565361023,109.79981231689453,183.4052734375,-183.18226623535156,-0.021307699382305145,-0.9938945174217224,-0.10825756937265396,4.722701549530029,16.30699920654297,141.88687133789062,0.0,0.5614399909973145,33.36861801147461,0,1,1,1,1,68.49011993408203,156.6104736328125,-205.587158203125,78.87025451660156,159.94911193847656,-239.61021423339844,pull,15,2025-11-18T13:52:41.260129,my_hand_data\videos\pull_seq15_20251118_135240_763029.avi,89.83967660511466,360,90,HIGH,VIDEO_RECORDING,2025-11-18T13:52:44.830725
2025-11-18 13:52:41.270261,45,517,HandType.Right,0.47611093521118164,109.86351776123047,183.55868530273438,-181.52659606933594,-0.02077239193022251,-0.9938933849334717,-0.1083717867732048,5.644396781921387,13.593191146850586,146.6875457763672,0.0,0.5499863028526306,33.53097152709961,0,1,1,1,1,68.83768463134766,157.065185546875,-203.97450256347656,79.29556274414062,160.43408203125,-238.37364196777344,pull,15,2025-11-18T13:52:41.270261,my_hand_data\videos\pull_seq15_20251118_135240_763029.avi,89.83967660511466,360,90,HIGH,VIDEO_RECORDING,2025-11-18T13:52:44.830725
2025-11-18 13:52:41.280735,46,517,HandType.Right,0.47916364669799805,110.0557632446289,183.81137084960938,-179.8656005859375,-0.021160300821065903,-0.9937829971313477,-0.10930479317903519,17.41514015197754,22.889638900756836,150.4674530029297,0.0,0.5473768711090088,33.52063751220703,0,1,1,1,1,69.26830291748047,157.4256134033203,-202.52606201171875,79.60780334472656,160.94497680664062,-237.02796936035156,pull,15,2025-11-18T13:52:41.280735,my_hand_data\videos\pull_seq15_20251118_135240_763029.avi,89.83967660511466,360,90,HIGH,VIDEO_RECORDING,2025-11-18T13:52:44.830725
2025-11-18 13:52:41.290767,47,517,HandType.Right,0.48745954036712646,110.34910583496094,184.14547729492188,-178.22653198242188,-0.023554963991045952,-0.9934352040290833,-0.11194503307342529,26.36798667907715,30.032596588134766,147.33152770996094,0.0,0.5359286665916443,33.78486633300781,0,1,1,1,1,69.80084228515625,158.0411834716797,-200.98622131347656,79.96060180664062,161.9727020263672,-235.9062957763672,pull,15,2025-11-18T13:52:41.290767,my_hand_data\videos\pull_seq15_20251118_135240_763029.avi,89.83967660511466,360,90,HIGH,VIDEO_RECORDING,2025-11-18T13:52:44.830725
2025-11-18 13:52:41.300921,48,517,HandType.Right,0.49189966917037964,110.4969253540039,184.28053283691406,-176.6589813232422,-0.02470572292804718,-0.9934254288673401,-0.11178362369537354,13.267754554748535,12.12181568145752,140.70094299316406,0.0,0.5147561430931091,34.24755859375,0,1,1,1,1,70.13560485839844,158.26881408691406,-199.41168212890625,80.17176055908203,163.06805419921875,-235.0227508544922,pull,15,2025-11-18T13:52:41.300921,my_hand_data\videos\pull_seq15_20251118_135240_763029.avi,89.83967660511466,360,90,HIGH,VIDEO_RECORDING,2025-11-18T13:52:44.830725
2025-11-18 13:52:41.321503,49,517,HandType.Right,0.49963057041168213,110.55592346191406,184.2401580810547,-173.9385223388672,-0.024014310911297798,-0.9936733841896057,-0.10971122980117798,2.4932470321655273,-4.070674896240234,122.90001678466797,0.0,0.474364310503006,35.01015853881836,0,1,1,1,1,70.48345184326172,158.7579345703125,-196.73199462890625,80.42755126953125,164.90115356445312,-233.62452697753906,pull,15,2025-11-18T13:52:41.321503,my_hand_data\videos\pull_seq15_20251118_135240_763029.avi,89.83967660511466,360,90,HIGH,VIDEO_RECORDING,2025-11-18T13:52:44.830725
2025-11-18 13:52:41.321503,50,517,HandType.Right,0.49963057041168213,110.55592346191406,184.2401580810547,-173.9385223388672,-0.024014310911297798,-0.9936733841896057,-0.10971122980117798,2.4932470321655273,-4.070674896240234,122.90001678466797,0.0,0.474364310503006,35.01015853881836,0,1,1,1,1,70.48345184326172,158.7579345703125,-196.73199462890625,80.42755126953125,164.90115356445312,-233.62452697753906,pull,15,2025-11-18T13:52:41.321503,my_hand_data\videos\pull_seq15_20251118_135240_763029.avi,89.83967660511466,360,90,HIGH,VIDEO_RECORDING,2025-11-18T13:52:44.830725
2025-11-18 13:52:41.341748,51,517,HandType.Right,0.5136225819587708,110.5326156616211,183.7871856689453,-171.56539916992188,-0.021233052015304565,-0.9942259788513184,-0.10518473386764526,-6.971618175506592,-29.01549530029297,102.7988052368164,0.0,0.3924653232097626,36.70641326904297,0,1,1,1,1,70.52047729492188,159.3456268310547,-194.38882446289062,80.73042297363281,167.61642456054688,-233.7879180908203,pull,15,2025-11-18T13:52:41.341748,my_hand_data\videos\pull_seq15_20251118_135240_763029.avi,89.83967660511466,360,90,HIGH,VIDEO_RECORDING,2025-11-18T13:52:44.830725
2025-11-18 13:52:41.341748,52,517,HandType.Right,0.5136225819587708,110.5326156616211,183.7871856689453,-171.56539916992188,-0.021233052015304565,-0.9942259788513184,-0.10518473386764526,-6.971618175506592,-29.01549530029297,102.7988052368164,0.0,0.3924653232097626,36.70641326904297,0,1,1,1,1,70.52047729492188,159.3456268310547,-194.38882446289062,80.73042297363281,167.61642456054688,-233.7879180908203,pull,15,2025-11-18T13:52:41.341748,my_hand_data\videos\pull_seq15_20251118_135240_763029.avi,89.83967660511466,360,90,HIGH,VIDEO_RECORDING,2025-11-18T13:52:44.830725
2025-11-18 13:52:41.362077,53,517,HandType.Right,0.5229230523109436,110.34555053710938,183.2596435546875,-169.4808807373047,-0.019614513963460922,-0.9945245385169983,-0.10264603793621063,-8.922139167785645,-22.849271774291992,93.13764953613281,0.0,0.32796528935432434,38.132545471191406,0,1,1,1,1,70.37860107421875,159.44456481933594,-192.0518798828125,80.73282623291016,169.2140655517578,-233.42884826660156,pull,15,2025-11-18T13:52:41.362077,my_hand_data\videos\pull_seq15_20251118_135240_763029.avi,89.83967660511466,360,90,HIGH,VIDEO_RECORDING,2025-11-18T13:52:44.830725
2025-11-18 13:52:41.365648,54,517,HandType.Right,0.5229230523109436,110.34555053710938,183.2596435546875,-169.4808807373047,-0.019614513963460922,-0.9945245385169983,-0.10264603793621063,-8.922139167785645,-22.849271774291992,93.13764953613281,0.0,0.32796528935432434,38.132545471191406,0,1,1,1,1,70.37860107421875,159.44456481933594,-192.0518798828125,80.73282623291016,169.2140655517578,-233.42884826660156,pull,15,2025-11-18T13:52:41.365648,my_hand_data\videos\pull_seq15_20251118_135240_763029.avi,89.83967660511466,360,90,HIGH,VIDEO_RECORDING,2025-11-18T13:52:44.830725
2025-11-18 13:52:41.382347,55,517,HandType.Right,0.5291720628738403,110.30306243896484,183.0774688720703,-168.42962646484375,-0.020725766196846962,-0.9945077300071716,-0.10259032249450684,-3.8062360286712646,-16.319143295288086,94.17371368408203,0.0,0.29763370752334595,38.97962951660156,0,1,1,1,1,70.31665802001953,159.2677459716797,-190.95016479492188,80.95450592041016,170.06590270996094,-233.11312866210938,pull,15,2025-11-18T13:52:41.382347,my_hand_data\videos\pull_seq15_20251118_135240_763029.avi,89.83967660511466,360,90,HIGH,VIDEO_RECORDING,2025-11-18T13:52:44.830725
2025-11-18 13:52:41.392451,56,517,HandType.Right,0.5346981883049011,110.23168182373047,182.80189514160156,-167.28692626953125,-0.02145373262465,-0.9945001006126404,-0.10251497477293015,-6.263071537017822,-24.179851531982422,100.26309204101562,0.0,0.2805883288383484,39.41492462158203,0,1,1,1,1,70.27005004882812,159.0332489013672,-189.75123596191406,81.06109619140625,170.19964599609375,-232.401611328125,pull,15,2025-11-18T13:52:41.392451,my_hand_data\videos\pull_seq15_20251118_135240_763029.avi,89.83967660511466,360,90,HIGH,VIDEO_RECORDING,2025-11-18T13:52:44.830725
2025-11-18 13:52:41.402713,57,517,HandType.Right,0.5385096073150635,110.17179107666016,182.51268005371094,-166.0299530029297,-0.021752556785941124,-0.9944782853126526,-0.10266319662332535,-5.333335876464844,-25.756237030029297,111.93952941894531,0.0,0.2680370807647705,39.66982650756836,0,1,1,1,1,70.26619720458984,158.8188934326172,-188.51026916503906,81.10188293457031,170.25979614257812,-231.535888671875,pull,15,2025-11-18T13:52:41.402713,my_hand_data\videos\pull_seq15_20251118_135240_763029.avi,89.83967660511466,360,90,HIGH,VIDEO_RECORDING,2025-11-18T13:52:44.830725
2025-11-18 13:52:41.412761,58,517,HandType.Right,0.5436026453971863,110.14534759521484,182.10626220703125,-164.90675354003906,-0.02267628163099289,-0.9944314956665039,-0.10291635990142822,-2.406611919403076,-36.99067306518555,102.230712890625,0.0,0.2502415180206299,40.08719253540039,0,1,1,1,1,70.27935028076172,158.55453491210938,-187.3806915283203,81.23220825195312,170.52120971679688,-230.8919219970703,pull,15,2025-11-18T13:52:41.412761,my_hand_data\videos\pull_seq15_20251118_135240_763029.avi,89.83967660511466,360,90,HIGH,VIDEO_RECORDING,2025-11-18T13:52:44.830725
2025-11-18 13:52:41.432810,59,517,HandType.Right,0.5528467893600464,110.00261688232422,181.2084197998047,-162.5369873046875,-0.027064597234129906,-0.9941710233688354,-0.10436255484819412,-10.4988431930542,-51.93338394165039,111.5090103149414,0.0,0.2343044877052307,40.391822814941406,0,1,1,1,1,70.40162658691406,158.056640625,-185.17735290527344,81.57984924316406,170.387451171875,-229.10220336914062,pull,15,2025-11-18T13:52:41.432810,my_hand_data\videos\pull_seq15_20251118_135240_763029.avi,89.83967660511466,360,90,HIGH,VIDEO_RECORDING,2025-11-18T13:52:44.830725
2025-11-18 13:52:41.432810,60,517,HandType.Right,0.5528467893600464,110.00261688232422,181.2084197998047,-162.5369873046875,-0.027064597234129906,-0.9941710233688354,-0.10436255484819412,-10.4988431930542,-51.93338394165039,111.5090103149414,0.0,0.2343044877052307,40.391822814941406,0,1,1,1,1,70.40162658691406,158.056640625,-185.17735290527344,81.57984924316406,170.387451171875,-229.10220336914062,pull,15,2025-11-18T13:52:41.432810,my_hand_data\videos\pull_seq15_20251118_135240_763029.avi,89.83967660511466,360,90,HIGH,VIDEO_RECORDING,2025-11-18T13:52:44.830725
2025-11-18 13:52:41.445937,61,517,HandType.Right,0.5589955449104309,109.8437728881836,180.64645385742188,-161.3546142578125,-0.030399445444345474,-0.9941110014915466,-0.10401546955108643,-13.221587181091309,-46.77582550048828,98.4159927368164,0.0,0.226216658949852,40.62263488769531,0,1,1,1,1,70.27391815185547,157.44509887695312,-183.99136352539062,81.54774475097656,170.0942840576172,-228.09588623046875,pull,15,2025-11-18T13:52:41.445937,my_hand_data\videos\pull_seq15_20251118_135240_763029.avi,89.83967660511466,360,90,HIGH,VIDEO_RECORDING,2025-11-18T13:52:44.830725
2025-11-18 13:52:41.463139,62,517,HandType.Right,0.5670941472053528,109.54463958740234,179.43374633789062,-158.98385620117188,-0.033566296100616455,-0.994053065776825,-0.10359424352645874,-14.585371971130371,-60.43793869018555,118.03645324707031,0.0,0.1892639845609665,41.50159454345703,0,1,1,1,1,70.02783966064453,156.26763916015625,-181.52943420410156,81.43681335449219,170.35581970214844,-226.5354461669922,pull,15,2025-11-18T13:52:41.463139,my_hand_data\videos\pull_seq15_20251118_135240_763029.avi,89.83967660511466,360,90,HIGH,VIDEO_RECORDING,2025-11-18T13:52:44.830725
2025-11-18 13:52:41.463139,63,517,HandType.Right,0.5670941472053528,109.54463958740234,179.43374633789062,-158.98385620117188,-0.033566296100616455,-0.994053065776825,-0.10359424352645874,-14.585371971130371,-60.43793869018555,118.03645324707031,0.0,0.1892639845609665,41.50159454345703,0,1,1,1,1,70.02783966064453,156.26763916015625,-181.52943420410156,81.43681335449219,170.35581970214844,-226.5354461669922,pull,15,2025-11-18T13:52:41.463139,my_hand_data\videos\pull_seq15_20251118_135240_763029.avi,89.83967660511466,360,90,HIGH,VIDEO_RECORDING,2025-11-18T13:52:44.830725
2025-11-18 13:52:41.483260,64,517,HandType.Right,0.5676367282867432,109.27182006835938,178.84249877929688,-157.7322540283203,-0.03485524654388428,-0.9941468834877014,-0.10226017981767654,-24.367700576782227,-52.80768966674805,111.78954315185547,0.0,0.17024250328540802,41.943565368652344,0,1,1,1,1,69.71758270263672,155.69091796875,-180.13479614257812,81.30340576171875,170.14247131347656,-225.68861389160156,pull,15,2025-11-18T13:52:41.483260,my_hand_data\videos\pull_seq15_20251118_135240_763029.avi,89.83967660511466,360,90,HIGH,VIDEO_RECORDING,2025-11-18T13:52:44.830725
2025-11-18 13:52:41.493393,65,517,HandType.Right,0.56809002161026,109.02225494384766,178.21234130859375,-156.18630981445312,-0.035575903952121735,-0.9941863417625427,-0.10162604600191116,-22.52215003967285,-56.86876678466797,139.51344299316406,0.0,0.15269702672958374,42.32400131225586,0,1,1,1,1,69.48094940185547,155.16421508789062,-178.5481719970703,81.16896057128906,170.1258544921875,-224.56398010253906,pull,15,2025-11-18T13:52:41.493393,my_hand_data\videos\pull_seq15_20251118_135240_763029.avi,89.83967660511466,360,90,HIGH,VIDEO_RECORDING,2025-11-18T13:52:44.830725
2025-11-18 13:52:41.503708,66,517,HandType.Right,0.5690203309059143,108.77972412109375,177.65928649902344,-154.69529724121094,-0.036718208342790604,-0.9941653609275818,-0.10142496228218079,-21.724044799804688,-49.539520263671875,133.5557861328125,0.0,0.14110350608825684,42.70423889160156,0,1,1,1,1,69.23278045654297,154.54541015625,-176.8280029296875,80.96143341064453,169.78952026367188,-223.16641235351562,pull,15,2025-11-18T13:52:41.503708,my_hand_data\videos\pull_seq15_20251118_135240_763029.avi,89.83967660511466,360,90,HIGH,VIDEO_RECORDING,2025-11-18T13:52:44.830725
2025-11-18 13:52:41.513958,67,517,HandType.Right,0.5699921250343323,108.48406219482422,176.9735565185547,-153.26783752441406,-0.03762790560722351,-0.9941888451576233,-0.10085947811603546,-26.864158630371094,-62.3043327331543,129.6974639892578,0.0,0.13379579782485962,42.90721130371094,0,1,1,1,1,68.95425415039062,153.8422088623047,-175.28143310546875,80.86156463623047,169.131591796875,-221.8221435546875,pull,15,2025-11-18T13:52:41.513958,my_hand_data\videos\pull_seq15_20251118_135240_763029.avi,89.83967660511466,360,90,HIGH,VIDEO_RECORDING,2025-11-18T13:52:44.830725
2025-11-18 13:52:41.524084,68,517,HandType.Right,0.5726341605186462,108.00601196289062,176.15858459472656,-151.90281677246094,-0.04044574499130249,-0.9943007826805115,-0.09864108264446259,-42.835960388183594,-73.02717590332031,122.31389617919922,0.0,0.125966414809227,43.10080337524414,0,1,1,1,1,68.49105834960938,153.0224151611328,-173.810791015625,80.45308685302734,168.45529174804688,-220.5725860595703,pull,15,2025-11-18T13:52:41.524084,my_hand_data\videos\pull_seq15_20251118_135240_763029.avi,89.83967660511466,360,90,HIGH,VIDEO_RECORDING,2025-11-18T13:52:44.830725
2025-11-18 13:52:41.544472,69,517,HandType.Right,0.571381688117981,107.24651336669922,175.1370086669922,-149.2799072265625,-0.04528239741921425,-0.9943386912345886,-0.09612546116113663,-35.85314178466797,-43.153587341308594,123.63624572753906,0.0,0.12110719829797745,43.20494842529297,0,1,1,1,1,67.65079498291016,152.0949249267578,-171.08375549316406,79.73137664794922,167.3992156982422,-218.0160369873047,pull,15,2025-11-18T13:52:41.544472,my_hand_data\videos\pull_seq15_20251118_135240_763029.avi,89.83967660511466,360,90,HIGH,VIDEO_RECORDING,2025-11-18T13:52:44.830725
2025-11-18 13:52:41.547650,70,517,HandType.Right,0.571381688117981,107.24651336669922,175.1370086669922,-149.2799072265625,-0.04528239741921425,-0.9943386912345886,-0.09612546116113663,-35.85314178466797,-43.153587341308594,123.63624572753906,0.0,0.12110719829797745,43.20494842529297,0,1,1,1,1,67.65079498291016,152.0949249267578,-171.08375549316406,79.73137664794922,167.3992156982422,-218.0160369873047,pull,15,2025-11-18T13:52:41.547650,my_hand_data\videos\pull_seq15_20251118_135240_763029.avi,89.83967660511466,360,90,HIGH,VIDEO_RECORDING,2025-11-18T13:52:44.830725
2025-11-18 13:52:41.564805,71,517,HandType.Right,0.5725010633468628,106.29837799072266,174.2798614501953,-146.92649841308594,-0.04810246080160141,-0.9943008422851562,-0.09514174610376358,-44.164207458496094,-37.934730529785156,103.00698852539062,0.0,0.12731225788593292,42.94211196899414,0,1,1,1,1,66.57749938964844,151.5940399169922,-168.89959716796875,78.82952880859375,166.44989013671875,-215.67520141601562,pull,15,2025-11-18T13:52:41.564805,my_hand_data\videos\pull_seq15_20251118_135240_763029.avi,89.83967660511466,360,90,HIGH,VIDEO_RECORDING,2025-11-18T13:52:44.830725
2025-11-18 13:52:41.568152,72,517,HandType.Right,0.5725010633468628,106.29837799072266,174.2798614501953,-146.92649841308594,-0.04810246080160141,-0.9943008422851562,-0.09514174610376358,-44.164207458496094,-37.934730529785156,103.00698852539062,0.0,0.12731225788593292,42.94211196899414,0,1,1,1,1,66.57749938964844,151.5940399169922,-168.89959716796875,78.82952880859375,166.44989013671875,-215.67520141601562,pull,15,2025-11-18T13:52:41.568152,my_hand_data\videos\pull_seq15_20251118_135240_763029.avi,89.83967660511466,360,90,HIGH,VIDEO_RECORDING,2025-11-18T13:52:44.830725
2025-11-18 13:52:41.584494,73,517,HandType.Right,0.5784101486206055,105.44593048095703,173.9999237060547,-144.6081085205078,-0.05074043944478035,-0.9941494464874268,-0.09535371512174606,-36.90800094604492,-6.596451282501221,100.20393371582031,0.0,0.13103033602237701,42.718055725097656,0,1,1,1,1,65.64173126220703,151.45985412597656,-166.8517303466797,78.14334106445312,165.9664306640625,-213.50228881835938,pull,15,2025-11-18T13:52:41.584494,my_hand_data\videos\pull_seq15_20251118_135240_763029.avi,89.83967660511466,360,90,HIGH,VIDEO_RECORDING,2025-11-18T13:52:44.830725
2025-11-18 13:52:41.589925,74,517,HandType.Right,0.5784101486206055,105.44593048095703,173.9999237060547,-144.6081085205078,-0.05074043944478035,-0.9941494464874268,-0.09535371512174606,-36.90800094604492,-6.596451282501221,100.20393371582031,0.0,0.13103033602237701,42.718055725097656,0,1,1,1,1,65.64173126220703,151.45985412597656,-166.8517303466797,78.14334106445312,165.9664306640625,-213.50228881835938,pull,15,2025-11-18T13:52:41.589925,my_hand_data\videos\pull_seq15_20251118_135240_763029.avi,89.83967660511466,360,90,HIGH,VIDEO_RECORDING,2025-11-18T13:52:44.830725
2025-11-18 13:52:41.605194,75,517,HandType.Right,0.5835496783256531,104.9234848022461,173.86195373535156,-143.41778564453125,-0.05107583850622177,-0.9941417574882507,-0.09525466710329056,-46.31618118286133,-12.231959342956543,105.52474212646484,0.0,0.1349850594997406,42.567832946777344,0,1,1,1,1,65.1155776977539,151.41136169433594,-165.71151733398438,77.7031478881836,165.4081573486328,-212.32521057128906,pull,15,2025-11-18T13:52:41.605194,my_hand_data\videos\pull_seq15_20251118_135240_763029.avi,89.83967660511466,360,90,HIGH,VIDEO_RECORDING,2025-11-18T13:52:44.830725
2025-11-18 13:52:41.615277,76,517,HandType.Right,0.5864248275756836,104.29981994628906,173.72103881835938,-142.1576690673828,-0.051896534860134125,-0.9941041469573975,-0.09520373493432999,-57.613006591796875,-13.017578125,116.40776062011719,0.0,0.13856424391269684,42.42061996459961,0,1,1,1,1,64.54330444335938,151.4031524658203,-164.42945861816406,77.12726593017578,164.9983367919922,-211.00778198242188,pull,15,2025-11-18T13:52:41.615277,my_hand_data\videos\pull_seq15_20251118_135240_763029.avi,89.83967660511466,360,90,HIGH,VIDEO_RECORDING,2025-11-18T13:52:44.830725
2025-11-18 13:52:41.625459,77,517,HandType.Right,0.5886198282241821,103.7379150390625,173.72119140625,-140.88555908203125,-0.05210128799080849,-0.994018018245697,-0.09598752111196518,-50.53559112548828,0.013977129012346268,114.40892791748047,0.0,0.1373961716890335,42.39883041381836,0,1,1,1,1,64.11552429199219,151.48741149902344,-163.12896728515625,76.73388671875,164.9927978515625,-209.74594116210938,pull,15,2025-11-18T13:52:41.625459,my_hand_data\videos\pull_seq15_20251118_135240_763029.avi,89.83967660511466,360,90,HIGH,VIDEO_RECORDING,2025-11-18T13:52:44.830725
2025-11-18 13:52:41.635686,78,517,HandType.Right,0.5912275314331055,103.34141540527344,173.90769958496094,-139.56976318359375,-0.05473704636096954,-0.9936490058898926,-0.09831320494413376,-35.69819641113281,16.791332244873047,118.46466064453125,0.0,0.14061832427978516,42.32683181762695,0,1,1,1,1,63.74348831176758,151.63327026367188,-161.8875732421875,76.47564697265625,164.8827362060547,-208.41094970703125,pull,15,2025-11-18T13:52:41.635686,my_hand_data\videos\pull_seq15_20251118_135240_763029.avi,89.83967660511466,360,90,HIGH,VIDEO_RECORDING,2025-11-18T13:52:44.830725
2025-11-18 13:52:41.645851,79,517,HandType.Right,0.5953934192657471,102.8956298828125,174.1020965576172,-138.06849670410156,-0.05789053067564964,-0.9931432008743286,-0.1015642061829567,-39.96635055541992,17.428939819335938,134.59445190429688,0.0,0.15342676639556885,42.087364196777344,0,1,1,1,1,63.322147369384766,151.84652709960938,-160.44329833984375,76.06556701660156,164.70504760742188,-206.57249450683594,pull,15,2025-11-18T13:52:41.645851,my_hand_data\videos\pull_seq15_20251118_135240_763029.avi,89.83967660511466,360,90,HIGH,VIDEO_RECORDING,2025-11-18T13:52:44.830725
2025-11-18 13:52:41.666106,80,517,HandType.Right,0.6057785153388977,102.05056762695312,174.54852294921875,-135.26080322265625,-0.06596574932336807,-0.9917960166931152,-0.109495148062706,-34.57743453979492,24.856077194213867,124.40343475341797,0.0,0.15341439843177795,42.26625061035156,0,1,1,1,1,62.505558013916016,152.15020751953125,-157.66481018066406,75.75044250488281,165.0702667236328,-203.58450317382812,pull,15,2025-11-18T13:52:41.666106,my_hand_data\videos\pull_seq15_20251118_135240_763029.avi,89.83967660511466,360,90,HIGH,VIDEO_RECORDING,2025-11-18T13:52:44.830725
2025-11-18 13:52:41.666106,81,517,HandType.Right,0.6057785153388977,102.05056762695312,174.54852294921875,-135.26080322265625,-0.06596574932336807,-0.9917960166931152,-0.109495148062706,-34.57743453979492,24.856077194213867,124.40343475341797,0.0,0.15341439843177795,42.26625061035156,0,1,1,1,1,62.505558013916016,152.15020751953125,-157.66481018066406,75.75044250488281,165.0702667236328,-203.58450317382812,pull,15,2025-11-18T13:52:41.666106,my_hand_data\videos\pull_seq15_20251118_135240_763029.avi,89.83967660511466,360,90,HIGH,VIDEO_RECORDING,2025-11-18T13:52:44.830725
2025-11-18 13:52:41.686605,82,517,HandType.Right,0.6182695031166077,101.29083251953125,175.0159454345703,-132.4842529296875,-0.07392220199108124,-0.9905216693878174,-0.11576834321022034,-34.2310791015625,23.1712646484375,128.87615966796875,0.0,0.15210358798503876,42.45942306518555,0,1,1,1,1,61.710811614990234,152.69834899902344,-154.9090118408203,75.393310546875,165.7947540283203,-200.65472412109375,pull,15,2025-11-18T13:52:41.686605,my_hand_data\videos\pull_seq15_20251118_135240_763029.avi,89.83967660511466,360,90,HIGH,VIDEO_RECORDING,2025-11-18T13:52:44.830725
2025-11-18 13:52:41.686605,83,517,HandType.Right,0.6182695031166077,101.29083251953125,175.0159454345703,-132.4842529296875,-0.07392220199108124,-0.9905216693878174,-0.11576834321022034,-34.2310791015625,23.1712646484375,128.87615966796875,0.0,0.15210358798503876,42.45942306518555,0,1,1,1,1,61.710811614990234,152.69834899902344,-154.9090118408203,75.393310546875,165.7947540283203,-200.65472412109375,pull,15,2025-11-18T13:52:41.686605,my_hand_data\videos\pull_seq15_20251118_135240_763029.avi,89.83967660511466,360,90,HIGH,VIDEO_RECORDING,2025-11-18T13:52:44.830725
2025-11-18 13:52:41.706751,84,517,HandType.Right,0.6265316605567932,100.87116241455078,175.26878356933594,-131.16383361816406,-0.07662825286388397,-0.9899751543998718,-0.11864781379699707,-37.67593765258789,22.697940826416016,118.54005432128906,0.0,0.14547087252140045,42.66937255859375,0,1,1,1,1,61.307273864746094,153.10293579101562,-153.5699920654297,75.13996887207031,166.41432189941406,-199.43496704101562,pull,15,2025-11-18T13:52:41.706751,my_hand_data\videos\pull_seq15_20251118_135240_763029.avi,89.83967660511466,360,90,HIGH,VIDEO_RECORDING,2025-11-18T13:52:44.830725
2025-11-18 13:52:41.716803,85,517,HandType.Right,0.6364297270774841,100.39336395263672,175.35476684570312,-129.80906677246094,-0.07753253728151321,-0.9896008968353271,-0.12115582823753357,-43.091453552246094,7.7552947998046875,122.18304443359375,0.0,0.12014798820018768,43.112300872802734,0,1,1,1,1,60.74315643310547,153.6519012451172,-152.21878051757812,74.67633056640625,167.42745971679688,-198.8523712158203,pull,15,2025-11-18T13:52:41.716803,my_hand_data\videos\pull_seq15_20251118_135240_763029.avi,89.83967660511466,360,90,HIGH,VIDEO_RECORDING,2025-11-18T13:52:44.830725
2025-11-18 13:52:41.726823,86,517,HandType.Right,0.6439527869224548,99.87348175048828,175.44500732421875,-128.3270721435547,-0.07859692722558975,-0.9893412590026855,-0.12258195877075195,-46.331298828125,8.042524337768555,132.0738067626953,0.0,0.10840504616498947,43.335384368896484,0,1,1,1,1,60.24012756347656,153.9940643310547,-150.7855224609375,74.21011352539062,168.09068298339844,-197.7365264892578,pull,15,2025-11-18T13:52:41.726823,my_hand_data\videos\pull_seq15_20251118_135240_763029.avi,89.83967660511466,360,90,HIGH,VIDEO_RECORDING,2025-11-18T13:52:44.830725
2025-11-18 13:52:41.736844,87,517,HandType.Right,0.6470848917961121,99.34772491455078,175.61671447753906,-126.86174774169922,-0.07905913889408112,-0.9890648722648621,-0.12450014799833298,-47.58842468261719,15.541853904724121,132.63201904296875,0.0,0.09177856147289276,43.54301834106445,0,1,1,1,1,59.710086822509766,154.51690673828125,-149.4481964111328,73.87718963623047,168.7420654296875,-196.9116668701172,pull,15,2025-11-18T13:52:41.736844,my_hand_data\videos\pull_seq15_20251118_135240_763029.avi,89.83967660511466,360,90,HIGH,VIDEO_RECORDING,2025-11-18T13:52:44.830725
2025-11-18 13:52:41.747098,88,517,HandType.Right,0.653445839881897,98.82530212402344,175.7112579345703,-125.34517669677734,-0.07881806790828705,-0.9887714385986328,-0.126959890127182,-46.74480056762695,8.458950996398926,135.69888305664062,0.0,0.07451887428760529,43.84040451049805,0,1,1,1,1,59.27798080444336,154.87452697753906,-148.00274658203125,73.36273956298828,169.68008422851562,-195.9450225830078,pull,15,2025-11-18T13:52:41.747098,my_hand_data\videos\pull_seq15_20251118_135240_763029.avi,89.83967660511466,360,90,HIGH,VIDEO_RECORDING,2025-11-18T13:52:44.830725
2025-11-18 13:52:41.757175,89,517,HandType.Right,0.6598224639892578,98.21562957763672,175.63206481933594,-123.80794525146484,-0.0792427733540535,-0.9885731339454651,-0.12823311984539032,-54.401187896728516,-7.066857814788818,137.1675262451172,0.0,0.053977519273757935,44.15973663330078,0,1,1,1,1,58.74775314331055,155.1356964111328,-146.5409698486328,72.73332214355469,170.55868530273438,-195.07452392578125,pull,15,2025-11-18T13:52:41.757175,my_hand_data\videos\pull_seq15_20251118_135240_763029.avi,89.83967660511466,360,90,HIGH,VIDEO_RECORDING,2025-11-18T13:52:44.830725
2025-11-18 13:52:41.767607,90,517,HandType.Right,0.6643071174621582,97.64823150634766,175.55221557617188,-122.24813842773438,-0.07957761734724045,-0.9881955981254578,-0.13090786337852478,-50.82830810546875,-7.151947498321533,139.7301025390625,0.0,0.04355799779295921,44.32011795043945,0,1,1,1,1,58.314884185791016,155.3665008544922,-145.0575714111328,72.00496673583984,171.20993041992188,-193.91787719726562,pull,15,2025-11-18T13:52:41.767607,my_hand_data\videos\pull_seq15_20251118_135240_763029.avi,89.83967660511466,360,90,HIGH,VIDEO_RECORDING,2025-11-18T13:52:44.830725
2025-11-18 13:52:41.777782,91,517,HandType.Right,0.6663395762443542,97.06983184814453,175.53927612304688,-120.71028900146484,-0.0794382244348526,-0.9878960847854614,-0.13323242962360382,-52.981849670410156,-1.1855933666229248,140.8669891357422,0.0,0.03659239411354065,44.38137435913086,0,1,1,1,1,57.78633499145508,155.5069580078125,-143.55592346191406,71.2637939453125,171.4693603515625,-192.6860809326172,pull,15,2025-11-18T13:52:41.777782,my_hand_data\videos\pull_seq15_20251118_135240_763029.avi,89.83967660511466,360,90,HIGH,VIDEO_RECORDING,2025-11-18T13:52:44.830725
2025-11-18 13:52:41.798525,92,517,HandType.Right,0.6705463528633118,96.05941772460938,175.4728240966797,-117.5972671508789,-0.08214221894741058,-0.9870900511741638,-0.13749855756759644,-39.86553955078125,-4.256144046783447,141.5307159423828,0.0,0.018655823543667793,41.05812072753906,0,1,1,1,1,56.78987503051758,156.16493225097656,-140.41888427734375,69.78492736816406,172.54632568359375,-190.19407653808594,pull,15,2025-11-18T13:52:41.798525,my_hand_data\videos\pull_seq15_20251118_135240_763029.avi,89.83967660511466,360,90,HIGH,VIDEO_RECORDING,2025-11-18T13:52:44.830725
2025-11-18 13:52:41.802541,93,517,HandType.Right,0.6705463528633118,96.05941772460938,175.4728240966797,-117.5972671508789,-0.08214221894741058,-0.9870900511741638,-0.13749855756759644,-39.86553955078125,-4.256144046783447,141.5307159423828,0.0,0.018655823543667793,41.05812072753906,0,1,1,1,1,56.78987503051758,156.16493225097656,-140.41888427734375,69.78492736816406,172.54632568359375,-190.19407653808594,pull,15,2025-11-18T13:52:41.802541,my_hand_data\videos\pull_seq15_20251118_135240_763029.avi,89.83967660511466,360,90,HIGH,VIDEO_RECORDING,2025-11-18T13:52:44.830725
2025-11-18 13:52:41.818964,94,517,HandType.Right,0.6740515232086182,95.61871337890625,175.37344360351562,-115.9920654296875,-0.08307944983243942,-0.9867390394210815,-0.1394411027431488,-38.962608337402344,-8.786370277404785,141.91481018066406,0.0,0.011533967219293118,38.1368408203125,0,1,1,1,1,56.20381164550781,156.5810089111328,-138.8459930419922,68.91463470458984,172.92306518554688,-188.9642791748047,pull,15,2025-11-18T13:52:41.818964,my_hand_data\videos\pull_seq15_20251118_135240_763029.avi,89.83967660511466,360,90,HIGH,VIDEO_RECORDING,2025-11-18T13:52:44.830725
2025-11-18 13:52:41.818964,95,517,HandType.Right,0.678392767906189,95.1399917602539,175.19667053222656,-114.48374938964844,-0.08281926065683365,-0.9865153431892395,-0.14116822183132172,-42.830902099609375,-15.815759658813477,134.94851684570312,0.0,0.0,35.18424606323242,0,1,1,1,1,55.49364471435547,156.77476501464844,-137.32786560058594,68.00532531738281,173.44488525390625,-187.85267639160156,pull,15,2025-11-18T13:52:41.818964,my_hand_data\videos\pull_seq15_20251118_135240_763029.avi,89.83967660511466,360,90,HIGH,VIDEO_RECORDING,2025-11-18T13:52:44.830725
2025-11-18 13:52:41.838996,96,517,HandType.Right,0.6901132464408875,94.29603576660156,175.01345825195312,-111.55382537841797,-0.0834212601184845,-0.9858985543251038,-0.1450687050819397,-39.745243072509766,-8.706696510314941,129.181884765625,0.0,0.0,37.55210494995117,0,1,1,1,1,54.21868133544922,157.1269073486328,-134.23255920410156,66.30486297607422,173.86148071289062,-185.43753051757812,pull,15,2025-11-18T13:52:41.838996,my_hand_data\videos\pull_seq15_20251118_135240_763029.avi,89.83967660511466,360,90,HIGH,VIDEO_RECORDING,2025-11-18T13:52:44.830725
2025-11-18 13:52:41.849081,97,517,HandType.Right,0.6901132464408875,94.29603576660156,175.01345825195312,-111.55382537841797,-0.0834212601184845,-0.9858985543251038,-0.1450687050819397,-39.745243072509766,-8.706696510314941,129.181884765625,0.0,0.0,37.55210494995117,0,1,1,1,1,54.21868133544922,157.1269073486328,-134.23255920410156,66.30486297607422,173.86148071289062,-185.43753051757812,pull,15,2025-11-18T13:52:41.849081,my_hand_data\videos\pull_seq15_20251118_135240_763029.avi,89.83967660511466,360,90,HIGH,VIDEO_RECORDING,2025-11-18T13:52:44.830725
2025-11-18 13:52:41.859124,98,517,HandType.Right,0.6977279782295227,93.96165466308594,174.96881103515625,-110.07431030273438,-0.08366820216178894,-0.9856996536254883,-0.14627300202846527,-29.7172908782959,-3.9674081802368164,131.48922729492188,0.0,0.0,39.35210037231445,0,1,1,1,1,53.74637985229492,157.27188110351562,-132.65391540527344,65.69095611572266,173.96603393554688,-184.20126342773438,pull,15,2025-11-18T13:52:41.859124,my_hand_data\videos\pull_seq15_20251118_135240_763029.avi,89.83967660511466,360,90,HIGH,VIDEO_RECORDING,2025-11-18T13:52:44.830725
2025-11-18 13:52:41.869197,99,517,HandType.Right,0.6998437643051147,93.67520141601562,174.97154235839844,-108.61160278320312,-0.08387335389852524,-0.9854238033294678,-0.1480039656162262,-26.16303825378418,0.24934831261634827,133.59280395507812,0.0,0.0,38.44200897216797,0,1,1,1,1,53.398963928222656,157.29510498046875,-131.15542602539062,65.23675537109375,173.8678436279297,-182.78538513183594,pull,15,2025-11-18T13:52:41.869197,my_hand_data\videos\pull_seq15_20251118_135240_763029.avi,89.83967660511466,360,90,HIGH,VIDEO_RECORDING,2025-11-18T13:52:44.830725
2025-11-18 13:52:41.879200,100,517,HandType.Right,0.705983579158783,93.43473815917969,174.95677185058594,-107.21163177490234,-0.08256242424249649,-0.9852447509765625,-0.14992071688175201,-21.86986541748047,-1.3433328866958618,127.32791137695312,0.0,0.0,39.95322036743164,0,1,1,1,1,53.00213623046875,157.29367065429688,-129.7083282470703,64.7961654663086,173.8308563232422,-181.56011962890625,pull,15,2025-11-18T13:52:41.879200,my_hand_data\videos\pull_seq15_20251118_135240_763029.avi,89.83967660511466,360,90,HIGH,VIDEO_RECORDING,2025-11-18T13:52:44.830725
2025-11-18 13:52:41.889397,101,517,HandType.Right,0.7073306441307068,93.187255859375,174.92352294921875,-105.79682922363281,-0.0806887075304985,-0.9852243065834045,-0.1510709971189499,-22.36000633239746,-3.00462007522583,127.82811737060547,0.0,0.0,38.20882797241211,0,1,1,1,1,52.72393798828125,157.3219757080078,-128.27200317382812,64.3544921875,173.74249267578125,-180.1724853515625,pull,15,2025-11-18T13:52:41.889397,my_hand_data\videos\pull_seq15_20251118_135240_763029.avi,89.83967660511466,360,90,HIGH,VIDEO_RECORDING,2025-11-18T13:52:44.830725
2025-11-18 13:52:41.909872,102,517,HandType.Right,0.7133399844169617,92.83890533447266,174.83172607421875,-103.01274108886719,-0.07616139203310013,-0.985339879989624,-0.15265914797782898,-11.915939331054688,-1.2243598699569702,122.01178741455078,0.0,0.0,43.00764846801758,0,1,1,1,1,52.12931823730469,157.36669921875,-125.32109069824219,63.73883819580078,173.8114776611328,-177.57772827148438,pull,15,2025-11-18T13:52:41.909872,my_hand_data\videos\pull_seq15_20251118_135240_763029.avi,89.83967660511466,360,90,HIGH,VIDEO_RECORDING,2025-11-18T13:52:44.830725
2025-11-18 13:52:41.912663,103,517,HandType.Right,0.7133399844169617,92.83890533447266,174.83172607421875,-103.01274108886719,-0.07616139203310013,-0.985339879989624,-0.15265914797782898,-11.915939331054688,-1.2243598699569702,122.01178741455078,0.0,0.0,43.00764846801758,0,1,1,1,1,52.12931823730469,157.36669921875,-125.32109069824219,63.73883819580078,173.8114776611328,-177.57772827148438,pull,15,2025-11-18T13:52:41.912663,my_hand_data\videos\pull_seq15_20251118_135240_763029.avi,89.83967660511466,360,90,HIGH,VIDEO_RECORDING,2025-11-18T13:52:44.830725
2025-11-18 13:52:41.929970,104,517,HandType.Right,0.7178959250450134,92.5874252319336,174.89572143554688,-100.30805969238281,-0.07406308501958847,-0.9853617548942566,-0.1535474807024002,-11.857503890991211,0.1734001785516739,124.41595458984375,0.0,0.0,43.02049255371094,0,1,1,1,1,51.8443603515625,157.49925231933594,-122.5112533569336,63.23477554321289,174.15548706054688,-174.980224609375,pull,15,2025-11-18T13:52:41.929970,my_hand_data\videos\pull_seq15_20251118_135240_763029.avi,89.83967660511466,360,90,HIGH,VIDEO_RECORDING,2025-11-18T13:52:44.830725
2025-11-18 13:52:41.929970,105,517,HandType.Right,0.7178959250450134,92.5874252319336,174.89572143554688,-100.30805969238281,-0.07406308501958847,-0.9853617548942566,-0.1535474807024002,-11.857503890991211,0.1734001785516739,124.41595458984375,0.0,0.0,43.02049255371094,0,1,1,1,1,51.8443603515625,157.49925231933594,-122.5112533569336,63.23477554321289,174.15548706054688,-174.980224609375,pull,15,2025-11-18T13:52:41.929970,my_hand_data\videos\pull_seq15_20251118_135240_763029.avi,89.83967660511466,360,90,HIGH,VIDEO_RECORDING,2025-11-18T13:52:44.830725
2025-11-18 13:52:41.950818,106,517,HandType.Right,0.7217104434967041,92.49200439453125,174.99826049804688,-99.04368591308594,-0.0733279436826706,-0.9852558374404907,-0.15457653999328613,-8.863992691040039,9.524849891662598,117.45256042480469,0.0,0.0,43.02042007446289,0,1,1,1,1,51.67207336425781,157.61569213867188,-121.26025390625,63.086524963378906,174.32791137695312,-173.77627563476562,pull,15,2025-11-18T13:52:41.950818,my_hand_data\videos\pull_seq15_20251118_135240_763029.avi,89.83967660511466,360,90,HIGH,VIDEO_RECORDING,2025-11-18T13:52:44.830725
2025-11-18 13:52:41.950818,107,517,HandType.Right,0.7271876931190491,92.36262512207031,175.09066772460938,-97.8182601928711,-0.07273177802562714,-0.9852818846702576,-0.1546924114227295,-11.63506031036377,8.309915542602539,110.20014190673828,0.0,0.0,43.15169906616211,0,1,1,1,1,51.494022369384766,157.72406005859375,-119.924560546875,62.82084274291992,174.77455139160156,-172.73052978515625,pull,15,2025-11-18T13:52:41.950818,my_hand_data\videos\pull_seq15_20251118_135240_763029.avi,89.83967660511466,360,90,HIGH,VIDEO_RECORDING,2025-11-18T13:52:44.830725
2025-11-18 13:52:41.971291,108,517,HandType.Right,0.7344071269035339,92.23491668701172,175.17355346679688,-96.56253814697266,-0.072324737906456,-0.9852570295333862,-0.15504102408885956,-11.678170204162598,7.578793525695801,114.82453918457031,0.0,0.0,43.37678909301758,0,1,1,1,1,51.35017395019531,157.82821655273438,-118.47405242919922,62.42445755004883,175.56349182128906,-171.74412536621094,pull,15,2025-11-18T13:52:41.971291,my_hand_data\videos\pull_seq15_20251118_135240_763029.avi,89.83967660511466,360,90,HIGH,VIDEO_RECORDING,2025-11-18T13:52:44.830725
2025-11-18 13:52:41.981303,109,517,HandType.Right,0.7386311888694763,92.1531753540039,175.38839721679688,-95.24423217773438,-0.07266323268413544,-0.9851477742195129,-0.15557600557804108,-7.2328057289123535,19.010984420776367,116.65354919433594,0.0,0.0,43.5606689453125,0,1,1,1,1,51.18075942993164,158.01766967773438,-116.97673034667969,62.07589340209961,176.05906677246094,-170.5630645751953,pull,15,2025-11-18T13:52:41.981303,my_hand_data\videos\pull_seq15_20251118_135240_763029.avi,89.83967660511466,360,90,HIGH,VIDEO_RECORDING,2025-11-18T13:52:44.830725
2025-11-18 13:52:41.991803,110,517,HandType.Right,0.7418683767318726,92.03177642822266,175.6277313232422,-93.95455169677734,-0.07305792719125748,-0.984981894493103,-0.1564391851425171,-10.70608139038086,21.108423233032227,113.73848724365234,0.0,0.0,43.67838668823242,0,1,1,1,1,50.99272537231445,158.2443389892578,-115.54560089111328,61.6587028503418,176.53565979003906,-169.33360290527344,pull,15,2025-11-18T13:52:41.991803,my_hand_data\videos\pull_seq15_20251118_135240_763029.avi,89.83967660511466,360,90,HIGH,VIDEO_RECORDING,2025-11-18T13:52:44.830725
2025-11-18 13:52:42.002314,111,517,HandType.Right,0.7446394562721252,91.86089324951172,175.7568359375,-92.5813980102539,-0.07415147870779037,-0.9848133325576782,-0.15698479115962982,-15.680827140808105,11.84562873840332,126.0009765625,0.0,0.0,43.8357048034668,0,1,1,1,1,50.81450653076172,158.36940002441406,-113.99613952636719,61.121185302734375,177.27001953125,-168.04161071777344,pull,15,2025-11-18T13:52:42.002314,my_hand_data\videos\pull_seq15_20251118_135240_763029.avi,89.83967660511466,360,90,HIGH,VIDEO_RECORDING,2025-11-18T13:52:44.830725
2025-11-18 13:52:42.012321,112,517,HandType.Right,0.7498874664306641,91.67253875732422,175.9130096435547,-91.31810760498047,-0.07557152211666107,-0.98462975025177,-0.15745863318443298,-16.952938079833984,14.057052612304688,113.70698547363281,0.0,0.0,43.91564178466797,0,1,1,1,1,50.523033142089844,158.580810546875,-112.6105728149414,60.577388763427734,177.95892333984375,-166.8231201171875,pull,15,2025-11-18T13:52:42.012321,my_hand_data\videos\pull_seq15_20251118_135240_763029.avi,89.83967660511466,360,90,HIGH,VIDEO_RECORDING,2025-11-18T13:52:44.830725
2025-11-18 13:52:42.022631,113,517,HandType.Right,0.7524123787879944,91.50065612792969,176.14346313476562,-90.08625030517578,-0.07689760625362396,-0.9843717813491821,-0.15842659771442413,-15.439519882202148,20.700063705444336,110.64939880371094,0.0,0.0,43.876094818115234,0,1,1,1,1,50.29289245605469,158.92694091796875,-111.36996459960938,60.23142623901367,178.21771240234375,-165.60704040527344,pull,15,2025-11-18T13:52:42.022631,my_hand_data\videos\pull_seq15_20251118_135240_763029.avi,89.83967660511466,360,90,HIGH,VIDEO_RECORDING,2025-11-18T13:52:44.830725
2025-11-18 13:52:42.043027,114,517,HandType.Right,0.7573774456977844,91.08202362060547,176.497314453125,-87.63185119628906,-0.08059247583150864,-0.9838927388191223,-0.15956179797649384,-22.391170501708984,10.761021614074707,116.28564453125,0.0,0.0,43.94930648803711,0,1,1,1,1,49.459068298339844,159.39157104492188,-108.81305694580078,59.38533401489258,178.68917846679688,-163.1546630859375,pull,15,2025-11-18T13:52:42.043027,my_hand_data\videos\pull_seq15_20251118_135240_763029.avi,89.83967660511466,360,90,HIGH,VIDEO_RECORDING,2025-11-18T13:52:44.830725
2025-11-18 13:52:42.043027,115,517,HandType.Right,0.7573774456977844,91.08202362060547,176.497314453125,-87.63185119628906,-0.08059247583150864,-0.9838927388191223,-0.15956179797649384,-22.391170501708984,10.761021614074707,116.28564453125,0.0,0.0,43.94930648803711,0,1,1,1,1,49.459068298339844,159.39157104492188,-108.81305694580078,59.38533401489258,178.68917846679688,-163.1546630859375,pull,15,2025-11-18T13:52:42.043027,my_hand_data\videos\pull_seq15_20251118_135240_763029.avi,89.83967660511466,360,90,HIGH,VIDEO_RECORDING,2025-11-18T13:52:44.830725
2025-11-18 13:52:42.063675,116,517,HandType.Right,0.7638900876045227,90.65313720703125,176.67381286621094,-85.04141235351562,-0.08649235218763351,-0.9834926724433899,-0.1589377373456955,-20.231082916259766,9.300451278686523,118.71123504638672,0.0,0.0,44.24443817138672,0,1,1,1,1,48.63153076171875,159.68991088867188,-105.77752685546875,58.529502868652344,179.13558959960938,-160.586669921875,pull,15,2025-11-18T13:52:42.063675,my_hand_data\videos\pull_seq15_20251118_135240_763029.avi,89.83967660511466,360,90,HIGH,VIDEO_RECORDING,2025-11-18T13:52:44.830725
2025-11-18 13:52:42.063675,117,517,HandType.Right,0.7638900876045227,90.65313720703125,176.67381286621094,-85.04141235351562,-0.08649235218763351,-0.9834926724433899,-0.1589377373456955,-20.231082916259766,9.300451278686523,118.71123504638672,0.0,0.0,44.24443817138672,0,1,1,1,1,48.63153076171875,159.68991088867188,-105.77752685546875,58.529502868652344,179.13558959960938,-160.586669921875,pull,15,2025-11-18T13:52:42.063675,my_hand_data\videos\pull_seq15_20251118_135240_763029.avi,89.83967660511466,360,90,HIGH,VIDEO_RECORDING,2025-11-18T13:52:44.830725
2025-11-18 13:52:42.084196,118,517,HandType.Right,0.7745798826217651,90.19732666015625,176.9770965576172,-82.50271606445312,-0.09679737687110901,-0.9825009107589722,-0.15912950038909912,-21.99384307861328,15.635110855102539,110.76924133300781,0.0,0.0,44.58121871948242,0,1,1,1,1,48.019805908203125,160.21192932128906,-102.57090759277344,57.3715934753418,179.75604248046875,-158.0259246826172,pull,15,2025-11-18T13:52:42.084196,my_hand_data\videos\pull_seq15_20251118_135240_763029.avi,89.83967660511466,360,90,HIGH,VIDEO_RECORDING,2025-11-18T13:52:44.830725
2025-11-18 13:52:42.085711,119,517,HandType.Right,0.7745798826217651,90.19732666015625,176.9770965576172,-82.50271606445312,-0.09679737687110901,-0.9825009107589722,-0.15912950038909912,-21.99384307861328,15.635110855102539,110.76924133300781,0.0,0.0,44.58121871948242,0,1,1,1,1,48.019805908203125,160.21192932128906,-102.57090759277344,57.3715934753418,179.75604248046875,-158.0259246826172,pull,15,2025-11-18T13:52:42.085711,my_hand_data\videos\pull_seq15_20251118_135240_763029.avi,89.83967660511466,360,90,HIGH,VIDEO_RECORDING,2025-11-18T13:52:44.830725
2025-11-18 13:52:42.104418,120,517,HandType.Right,0.778265118598938,89.90840911865234,177.19505310058594,-81.34367370605469,-0.10208280384540558,-0.9817841649055481,-0.1602465808391571,-25.681358337402344,19.373897552490234,103.02582550048828,0.0,0.0,44.692665100097656,0,1,1,1,1,47.72842025756836,160.55096435546875,-101.14813232421875,56.88548278808594,180.37942504882812,-156.82891845703125,pull,15,2025-11-18T13:52:42.104418,my_hand_data\videos\pull_seq15_20251118_135240_763029.avi,89.83967660511466,360,90,HIGH,VIDEO_RECORDING,2025-11-18T13:52:44.830725
2025-11-18 13:52:42.114592,121,517,HandType.Right,0.7815927863121033,89.65869140625,177.41290283203125,-80.1722640991211,-0.10807985812425613,-0.9808903932571411,-0.16177991032600403,-22.667011260986328,19.773605346679688,106.32770538330078,0.0,0.0,44.791786193847656,0,1,1,1,1,47.413814544677734,160.79652404785156,-99.7933578491211,56.27231979370117,180.86329650878906,-155.56814575195312,pull,15,2025-11-18T13:52:42.114592,my_hand_data\videos\pull_seq15_20251118_135240_763029.avi,89.83967660511466,360,90,HIGH,VIDEO_RECORDING,2025-11-18T13:52:44.830725
2025-11-18 13:52:42.124765,122,517,HandType.Right,0.7874833941459656,89.39509582519531,177.5035858154297,-79.0541763305664,-0.11184985935688019,-0.9802464842796326,-0.1631147563457489,-22.960861206054688,7.898787021636963,97.39392852783203,0.0,0.0,44.92817687988281,0,1,1,1,1,47.157535552978516,161.03443908691406,-98.32963562011719,55.803993225097656,181.4251708984375,-154.38693237304688,pull,15,2025-11-18T13:52:42.124765,my_hand_data\videos\pull_seq15_20251118_135240_763029.avi,89.83967660511466,360,90,HIGH,VIDEO_RECORDING,2025-11-18T13:52:44.830725
2025-11-18 13:52:42.134815,123,517,HandType.Right,0.790809690952301,89.14604187011719,177.57875061035156,-77.87916564941406,-0.11611560732126236,-0.9796057939529419,-0.16398049890995026,-23.224021911621094,7.008873462677002,109.56820678710938,0.0,0.0,45.035545349121094,0,1,1,1,1,46.8684196472168,161.1362762451172,-96.96784210205078,55.4837532043457,181.6585235595703,-153.1769561767578,pull,15,2025-11-18T13:52:42.134815,my_hand_data\videos\pull_seq15_20251118_135240_763029.avi,89.83967660511466,360,90,HIGH,VIDEO_RECORDING,2025-11-18T13:52:44.830725
2025-11-18 13:52:42.145216,124,517,HandType.Right,0.792638897895813,88.88040161132812,177.61619567871094,-76.60323333740234,-0.12088039517402649,-0.9788636565208435,-0.1649661511182785,-23.884305953979492,3.3673393726348877,114.72149658203125,0.0,0.0,45.06364059448242,0,1,1,1,1,46.498294830322266,161.2257843017578,-95.58281707763672,55.10734176635742,181.82626342773438,-151.82781982421875,pull,15,2025-11-18T13:52:42.145216,my_hand_data\videos\pull_seq15_20251118_135240_763029.avi,89.83967660511466,360,90,HIGH,VIDEO_RECORDING,2025-11-18T13:52:44.830725
2025-11-18 13:52:42.165689,125,517,HandType.Right,0.7963285446166992,88.39520263671875,177.77407836914062,-74.08765411376953,-0.12618155777454376,-0.9777563214302063,-0.1675434708595276,-23.520872116088867,8.72904109954834,113.8629379272461,0.0,0.0,45.17582321166992,0,1,1,1,1,45.975791931152344,161.45303344726562,-92.73662567138672,54.218021392822266,181.99984741210938,-149.10739135742188,pull,15,2025-11-18T13:52:42.165689,my_hand_data\videos\pull_seq15_20251118_135240_763029.avi,89.83967660511466,360,90,HIGH,VIDEO_RECORDING,2025-11-18T13:52:44.830725
2025-11-18 13:52:42.169993,126,517,HandType.Right,0.7963285446166992,88.39520263671875,177.77407836914062,-74.08765411376953,-0.12618155777454376,-0.9777563214302063,-0.1675434708595276,-23.520872116088867,8.72904109954834,113.8629379272461,0.0,0.0,45.17582321166992,0,1,1,1,1,45.975791931152344,161.45303344726562,-92.73662567138672,54.218021392822266,181.99984741210938,-149.10739135742188,pull,15,2025-11-18T13:52:42.169993,my_hand_data\videos\pull_seq15_20251118_135240_763029.avi,89.83967660511466,360,90,HIGH,VIDEO_RECORDING,2025-11-18T13:52:44.830725
2025-11-18 13:52:42.185776,127,517,HandType.Right,0.7989506125450134,87.83319854736328,177.9639434814453,-71.70369720458984,-0.13084766268730164,-0.9767172932624817,-0.1700066477060318,-26.66079330444336,7.54619026184082,106.88865661621094,0.0,0.0,45.259559631347656,0,1,1,1,1,45.32408905029297,161.6273193359375,-89.91641998291016,53.21744155883789,182.14306640625,-146.39849853515625,pull,15,2025-11-18T13:52:42.185776,my_hand_data\videos\pull_seq15_20251118_135240_763029.avi,89.83967660511466,360,90,HIGH,VIDEO_RECORDING,2025-11-18T13:52:44.830725
2025-11-18 13:52:42.185776,128,517,HandType.Right,0.7989506125450134,87.83319854736328,177.9639434814453,-71.70369720458984,-0.13084766268730164,-0.9767172932624817,-0.1700066477060318,-26.66079330444336,7.54619026184082,106.88865661621094,0.0,0.0,45.259559631347656,0,1,1,1,1,45.32408905029297,161.6273193359375,-89.91641998291016,53.21744155883789,182.14306640625,-146.39849853515625,pull,15,2025-11-18T13:52:42.185776,my_hand_data\videos\pull_seq15_20251118_135240_763029.avi,89.83967660511466,360,90,HIGH,VIDEO_RECORDING,2025-11-18T13:52:44.830725
2025-11-18 13:52:42.206212,129,517,HandType.Right,0.8035364151000977,87.25934600830078,177.91246032714844,-69.41960144042969,-0.13631170988082886,-0.9757828712463379,-0.17107567191123962,-25.83016586303711,-3.339273452758789,100.62677764892578,0.0,0.0,45.26117706298828,0,1,1,1,1,44.64665603637695,161.75979614257812,-87.35374450683594,52.354000091552734,182.09205627441406,-143.8098602294922,pull,15,2025-11-18T13:52:42.206212,my_hand_data\videos\pull_seq15_20251118_135240_763029.avi,89.83967660511466,360,90,HIGH,VIDEO_RECORDING,2025-11-18T13:52:44.830725
2025-11-18 13:52:42.206212,130,517,HandType.Right,0.8035364151000977,87.25934600830078,177.91246032714844,-69.41960144042969,-0.13631170988082886,-0.9757828712463379,-0.17107567191123962,-25.83016586303711,-3.339273452758789,100.62677764892578,0.0,0.0,45.26117706298828,0,1,1,1,1,44.64665603637695,161.75979614257812,-87.35374450683594,52.354000091552734,182.09205627441406,-143.8098602294922,pull,15,2025-11-18T13:52:42.206212,my_hand_data\videos\pull_seq15_20251118_135240_763029.avi,89.83967660511466,360,90,HIGH,VIDEO_RECORDING,2025-11-18T13:52:44.830725
2025-11-18 13:52:42.226676,131,517,HandType.Right,0.8054903149604797,86.9537582397461,177.90576171875,-68.34268951416016,-0.13730186223983765,-0.9754670262336731,-0.1720820963382721,-27.846466064453125,-0.6104443669319153,98.13264465332031,0.0,0.0,45.20568084716797,0,1,1,1,1,44.33932113647461,161.96926879882812,-86.20576477050781,52.06779479980469,182.0850830078125,-142.68055725097656,pull,15,2025-11-18T13:52:42.226676,my_hand_data\videos\pull_seq15_20251118_135240_763029.avi,89.83967660511466,360,90,HIGH,VIDEO_RECORDING,2025-11-18T13:52:44.830725
2025-11-18 13:52:42.236766,132,517,HandType.Right,0.8068742752075195,86.67689514160156,177.94204711914062,-67.23734283447266,-0.13894489407539368,-0.9751236438751221,-0.17270830273628235,-25.012920379638672,3.2791290283203125,99.85993194580078,0.0,0.0,45.169349670410156,0,1,1,1,1,44.06084442138672,162.0636749267578,-85.08395385742188,51.82489013671875,182.10455322265625,-141.5311737060547,pull,15,2025-11-18T13:52:42.236766,my_hand_data\videos\pull_seq15_20251118_135240_763029.avi,89.83967660511466,360,90,HIGH,VIDEO_RECORDING,2025-11-18T13:52:44.830725
2025-11-18 13:52:42.246840,133,517,HandType.Right,0.8085522651672363,86.4413070678711,177.96910095214844,-66.0758056640625,-0.14007677137851715,-0.9749491214752197,-0.17277945578098297,-21.483142852783203,2.46594500541687,105.92147064208984,0.0,0.0,45.105106353759766,0,1,1,1,1,43.8040657043457,162.16319274902344,-83.89933013916016,51.6194953918457,182.2301788330078,-140.2783203125,pull,15,2025-11-18T13:52:42.246840,my_hand_data\videos\pull_seq15_20251118_135240_763029.avi,89.83967660511466,360,90,HIGH,VIDEO_RECORDING,2025-11-18T13:52:44.830725
2025-11-18 13:52:42.256940,134,517,HandType.Right,0.8102524280548096,86.20767211914062,177.91717529296875,-64.92520904541016,-0.13939225673675537,-0.9749443531036377,-0.17335885763168335,-20.798709869384766,-4.622537612915039,102.43024444580078,0.0,0.0,45.07779312133789,0,1,1,1,1,43.48768997192383,162.26731872558594,-82.6968994140625,51.44209671020508,182.46310424804688,-139.098388671875,pull,15,2025-11-18T13:52:42.256940,my_hand_data\videos\pull_seq15_20251118_135240_763029.avi,89.83967660511466,360,90,HIGH,VIDEO_RECORDING,2025-11-18T13:52:44.830725
2025-11-18 13:52:42.267062,135,517,HandType.Right,0.8111962676048279,86.00965118408203,177.83251953125,-63.72898483276367,-0.13920089602470398,-0.9749342799186707,-0.1735692322254181,-17.72530746459961,-7.576374530792236,107.07351684570312,0.0,0.0,45.03984451293945,0,1,1,1,1,43.21466827392578,162.3003692626953,-81.49974060058594,51.35179138183594,182.72000122070312,-137.8571014404297,pull,15,2025-11-18T13:52:42.267062,my_hand_data\videos\pull_seq15_20251118_135240_763029.avi,89.83967660511466,360,90,HIGH,VIDEO_RECORDING,2025-11-18T13:52:44.830725
2025-11-18 13:52:42.287158,136,517,HandType.Right,0.8130400776863098,85.7303466796875,177.70599365234375,-61.39475631713867,-0.13798348605632782,-0.9750655293464661,-0.17380371689796448,-10.831830978393555,-4.843385219573975,104.04244995117188,0.0,0.0,44.910247802734375,0,1,1,1,1,42.79916763305664,162.34088134765625,-79.145263671875,51.115962982177734,182.61639404296875,-135.39305114746094,pull,15,2025-11-18T13:52:42.287158,my_hand_data\videos\pull_seq15_20251118_135240_763029.avi,89.83967660511466,360,90,HIGH,VIDEO_RECORDING,2025-11-18T13:52:44.830725
2025-11-18 13:52:42.290248,137,517,HandType.Right,0.8130400776863098,85.7303466796875,177.70599365234375,-61.39475631713867,-0.13798348605632782,-0.9750655293464661,-0.17380371689796448,-10.831830978393555,-4.843385219573975,104.04244995117188,0.0,0.0,44.910247802734375,0,1,1,1,1,42.79916763305664,162.34088134765625,-79.145263671875,51.115962982177734,182.61639404296875,-135.39305114746094,pull,15,2025-11-18T13:52:42.290248,my_hand_data\videos\pull_seq15_20251118_135240_763029.avi,89.83967660511466,360,90,HIGH,VIDEO_RECORDING,2025-11-18T13:52:44.830725
2025-11-18 13:52:42.307707,138,517,HandType.Right,0.8174281120300293,85.55240631103516,177.66883850097656,-59.14522171020508,-0.13953974843025208,-0.9748985171318054,-0.17349781095981598,-6.301313400268555,-1.493540644645691,100.56646728515625,0.0,0.0,44.96833801269531,0,1,1,1,1,42.391971588134766,162.29844665527344,-76.60816192626953,50.736328125,182.5485382080078,-132.98182678222656,pull,15,2025-11-18T13:52:42.307707,my_hand_data\videos\pull_seq15_20251118_135240_763029.avi,89.83967660511466,360,90,HIGH,VIDEO_RECORDING,2025-11-18T13:52:44.830725
2025-11-18 13:52:42.311419,139,517,HandType.Right,0.8174281120300293,85.55240631103516,177.66883850097656,-59.14522171020508,-0.13953974843025208,-0.9748985171318054,-0.17349781095981598,-6.301313400268555,-1.493540644645691,100.56646728515625,0.0,0.0,44.96833801269531,0,1,1,1,1,42.391971588134766,162.29844665527344,-76.60816192626953,50.736328125,182.5485382080078,-132.98182678222656,pull,15,2025-11-18T13:52:42.311419,my_hand_data\videos\pull_seq15_20251118_135240_763029.avi,89.83967660511466,360,90,HIGH,VIDEO_RECORDING,2025-11-18T13:52:44.830725
2025-11-18 13:52:42.328317,140,517,HandType.Right,0.8194992542266846,85.49043273925781,177.55111694335938,-58.0115966796875,-0.1404256969690323,-0.9747378826141357,-0.173685684800148,-5.508710861206055,-10.465005874633789,100.76659393310547,0.0,0.0,44.96759033203125,0,1,1,1,1,42.205997467041016,162.1790008544922,-75.39543151855469,50.397621154785156,182.37765502929688,-131.7291259765625,pull,15,2025-11-18T13:52:42.328317,my_hand_data\videos\pull_seq15_20251118_135240_763029.avi,89.83967660511466,360,90,HIGH,VIDEO_RECORDING,2025-11-18T13:52:44.830725
2025-11-18 13:52:42.328317,141,517,HandType.Right,0.8218621611595154,85.40118408203125,177.37461853027344,-56.9031867980957,-0.1407776176929474,-0.9747285842895508,-0.17345266044139862,-8.099071502685547,-16.016719818115234,100.59101867675781,0.0,0.0,44.967350006103516,0,1,1,1,1,41.9707145690918,162.0259246826172,-74.21604919433594,50.14531707763672,182.22657775878906,-130.5225372314453,pull,15,2025-11-18T13:52:42.328317,my_hand_data\videos\pull_seq15_20251118_135240_763029.avi,89.83967660511466,360,90,HIGH,VIDEO_RECORDING,2025-11-18T13:52:44.830725
2025-11-18 13:52:42.348656,142,517,HandType.Right,0.8244065642356873,85.31948852539062,177.1708526611328,-55.78371047973633,-0.1409570574760437,-0.9747730493545532,-0.17305663228034973,-7.267006874084473,-18.125755310058594,99.57962036132812,0.0,0.0,44.92210388183594,0,1,1,1,1,41.67025375366211,161.87753295898438,-73.07473754882812,49.891082763671875,181.96205139160156,-129.29885864257812,pull,15,2025-11-18T13:52:42.348656,my_hand_data\videos\pull_seq15_20251118_135240_763029.avi,89.83967660511466,360,90,HIGH,VIDEO_RECORDING,2025-11-18T13:52:44.830725
2025-11-18 13:52:42.358692,143,517,HandType.Right,0.8269742727279663,85.25814056396484,176.8706817626953,-54.60737609863281,-0.14146053791046143,-0.9747368097305298,-0.17284998297691345,-5.631811141967773,-27.554380416870117,107.9802474975586,0.0,0.0,44.91058349609375,0,1,1,1,1,41.425052642822266,161.60630798339844,-71.88905334472656,49.55281448364258,181.57406616210938,-128.02613830566406,pull,15,2025-11-18T13:52:42.358692,my_hand_data\videos\pull_seq15_20251118_135240_763029.avi,89.83967660511466,360,90,HIGH,VIDEO_RECORDING,2025-11-18T13:52:44.830725
2025-11-18 13:52:42.368740,144,517,HandType.Right,0.828798770904541,85.21897888183594,176.60653686523438,-53.453033447265625,-0.14349956810474396,-0.9745660424232483,-0.17213042080402374,-3.5331945419311523,-23.83056640625,104.1447525024414,0.0,0.0,44.87525177001953,0,1,1,1,1,41.296287536621094,161.43040466308594,-70.67462921142578,49.337677001953125,181.16741943359375,-126.80596160888672,pull,15,2025-11-18T13:52:42.368740,my_hand_data\videos\pull_seq15_20251118_135240_763029.avi,89.83967660511466,360,90,HIGH,VIDEO_RECORDING,2025-11-18T13:52:44.830725
2025-11-18 13:52:42.378752,145,517,HandType.Right,0.830409049987793,85.09052276611328,176.26821899414062,-52.318695068359375,-0.1461593061685562,-0.9743296504020691,-0.1712283194065094,-11.184446334838867,-29.45771598815918,98.76700592041016,0.0,0.0,44.88478088378906,0,1,1,1,1,41.05067825317383,161.13612365722656,-69.45233917236328,49.03587341308594,180.65135192871094,-125.61940002441406,pull,15,2025-11-18T13:52:42.378752,my_hand_data\videos\pull_seq15_20251118_135240_763029.avi,89.83967660511466,360,90,HIGH,VIDEO_RECORDING,2025-11-18T13:52:44.830725
2025-11-18 13:52:42.399249,146,517,HandType.Right,0.833100438117981,84.63949584960938,175.33670043945312,-49.94147872924805,-0.1537313461303711,-0.9736719131469727,-0.16831406950950623,-23.566635131835938,-44.969268798828125,112.61664581298828,0.0,0.0,44.74900436401367,0,1,1,1,1,40.61611557006836,160.4684600830078,-67.0294418334961,48.5029411315918,179.27874755859375,-123.09160614013672,pull,15,2025-11-18T13:52:42.399249,my_hand_data\videos\pull_seq15_20251118_135240_763029.avi,89.83967660511466,360,90,HIGH,VIDEO_RECORDING,2025-11-18T13:52:44.830725
2025-11-18 13:52:42.402766,147,517,HandType.Right,0.833100438117981,84.63949584960938,175.33670043945312,-49.94147872924805,-0.1537313461303711,-0.9736719131469727,-0.16831406950950623,-23.566635131835938,-44.969268798828125,112.61664581298828,0.0,0.0,44.74900436401367,0,1,1,1,1,40.61611557006836,160.4684600830078,-67.0294418334961,48.5029411315918,179.27874755859375,-123.09160614013672,pull,15,2025-11-18T13:52:42.402766,my_hand_data\videos\pull_seq15_20251118_135240_763029.avi,89.83967660511466,360,90,HIGH,VIDEO_RECORDING,2025-11-18T13:52:44.830725
2025-11-18 13:52:42.419843,148,517,HandType.Right,0.8347392082214355,84.12034606933594,174.30816650390625,-47.23073959350586,-0.16103030741214752,-0.9731679558753967,-0.16435742378234863,-22.12550926208496,-43.07400131225586,119.45198059082031,0.0,0.0,44.565643310546875,0,1,1,1,1,40.05954360961914,159.9446258544922,-64.15869140625,47.907283782958984,177.8743438720703,-120.29378509521484,pull,15,2025-11-18T13:52:42.419843,my_hand_data\videos\pull_seq15_20251118_135240_763029.avi,89.83967660511466,360,90,HIGH,VIDEO_RECORDING,2025-11-18T13:52:44.830725
2025-11-18 13:52:42.421853,149,517,HandType.Right,0.8347392082214355,84.12034606933594,174.30816650390625,-47.23073959350586,-0.16103030741214752,-0.9731679558753967,-0.16435742378234863,-22.12550926208496,-43.07400131225586,119.45198059082031,0.0,0.0,44.565643310546875,0,1,1,1,1,40.05954360961914,159.9446258544922,-64.15869140625,47.907283782958984,177.8743438720703,-120.29378509521484,pull,15,2025-11-18T13:52:42.421853,my_hand_data\videos\pull_seq15_20251118_135240_763029.avi,89.83967660511466,360,90,HIGH,VIDEO_RECORDING,2025-11-18T13:52:44.830725
2025-11-18 13:52:42.439495,150,517,HandType.Right,0.8351055383682251,83.93282318115234,173.96885681152344,-45.882606506347656,-0.1638413965702057,-0.9728541374206543,-0.16343437135219574,-16.63033676147461,-30.090246200561523,119.55780029296875,0.0,0.0,44.511962890625,0,1,1,1,1,39.78151321411133,159.72923278808594,-62.7541389465332,47.57905197143555,177.11111450195312,-118.893798828125,pull,15,2025-11-18T13:52:42.439495,my_hand_data\videos\pull_seq15_20251118_135240_763029.avi,89.83967660511466,360,90,HIGH,VIDEO_RECORDING,2025-11-18T13:52:44.830725
2025-11-18 13:52:42.449949,151,517,HandType.Right,0.836242139339447,83.59001922607422,173.5535125732422,-43.16922378540039,-0.16725927591323853,-0.9722206592559814,-0.1637416034936905,-12.133651733398438,-12.845341682434082,121.6933364868164,0.0,0.0,44.37765121459961,0,1,1,1,1,39.300254821777344,159.57603454589844,-59.988155364990234,46.97706604003906,175.9232177734375,-115.94647216796875,pull,15,2025-11-18T13:52:42.449949,my_hand_data\videos\pull_seq15_20251118_135240_763029.avi,89.83967660511466,360,90,HIGH,VIDEO_RECORDING,2025-11-18T13:52:44.830725
2025-11-18 13:52:42.460366,152,517,HandType.Right,0.836242139339447,83.59001922607422,173.5535125732422,-43.16922378540039,-0.16725927591323853,-0.9722206592559814,-0.1637416034936905,-12.133651733398438,-12.845341682434082,121.6933364868164,0.0,0.0,44.37765121459961,0,1,1,1,1,39.300254821777344,159.57603454589844,-59.988155364990234,46.97706604003906,175.9232177734375,-115.94647216796875,pull,15,2025-11-18T13:52:42.460366,my_hand_data\videos\pull_seq15_20251118_135240_763029.avi,89.83967660511466,360,90,HIGH,VIDEO_RECORDING,2025-11-18T13:52:44.830725
2025-11-18 13:52:42.470426,153,517,HandType.Right,0.8368380665779114,83.4301986694336,173.36300659179688,-41.75431823730469,-0.16838054358959198,-0.9719465970993042,-0.16421864926815033,-14.411334991455078,-17.178068161010742,127.5841293334961,0.0,0.0,44.324249267578125,0,1,1,1,1,39.0509033203125,159.49603271484375,-58.53945541381836,46.62836456298828,175.4943084716797,-114.41326141357422,pull,15,2025-11-18T13:52:42.470426,my_hand_data\videos\pull_seq15_20251118_135240_763029.avi,89.83967660511466,360,90,HIGH,VIDEO_RECORDING,2025-11-18T13:52:44.830725
2025-11-18 13:52:42.480838,154,517,HandType.Right,0.8369798064231873,83.31912231445312,173.36358642578125,-40.3505859375,-0.17153103649616241,-0.9709794521331787,-0.16666139662265778,-10.181584358215332,0.0538974292576313,128.6765899658203,0.0,0.0,44.310874938964844,0,1,1,1,1,38.838069915771484,159.49476623535156,-57.123756408691406,46.2650146484375,175.17245483398438,-112.90267181396484,pull,15,2025-11-18T13:52:42.480838,my_hand_data\videos\pull_seq15_20251118_135240_763029.avi,89.83967660511466,360,90,HIGH,VIDEO_RECORDING,2025-11-18T13:52:44.830725
2025-11-18 13:52:42.491015,155,517,HandType.Right,0.8375726342201233,83.15068054199219,173.25331115722656,-38.99429702758789,-0.1728268265724182,-0.9704251885414124,-0.16854029893875122,-14.851531982421875,-9.723722457885742,119.58088684082031,0.0,0.0,44.25794982910156,0,1,1,1,1,38.522300720214844,159.44485473632812,-55.7484245300293,45.85699462890625,174.73126220703125,-111.4139404296875,pull,15,2025-11-18T13:52:42.491015,my_hand_data\videos\pull_seq15_20251118_135240_763029.avi,89.83967660511466,360,90,HIGH,VIDEO_RECORDING,2025-11-18T13:52:44.830725
2025-11-18 13:52:42.501419,156,517,HandType.Right,0.8383901119232178,82.99027252197266,173.09564208984375,-37.65224838256836,-0.17449140548706055,-0.9697945713996887,-0.17044410109519958,-14.504624366760254,-14.256368637084961,121.35360717773438,0.0,0.0,44.196224212646484,0,1,1,1,1,38.28325271606445,159.37646484375,-54.37363052368164,45.50159454345703,174.27342224121094,-109.9039535522461,pull,15,2025-11-18T13:52:42.501419,my_hand_data\videos\pull_seq15_20251118_135240_763029.avi,89.83967660511466,360,90,HIGH,VIDEO_RECORDING,2025-11-18T13:52:44.830725
2025-11-18 13:52:42.511452,157,517,HandType.Right,0.8387138843536377,82.78728485107422,172.87350463867188,-36.33940124511719,-0.17537815868854523,-0.9693067669868469,-0.1722988784313202,-18.179067611694336,-19.89483070373535,117.57542419433594,0.0,0.0,44.1553955078125,0,1,1,1,1,37.98679733276367,159.1439666748047,-53.03865432739258,45.152732849121094,173.71221923828125,-108.37557983398438,pull,15,2025-11-18T13:52:42.511452,my_hand_data\videos\pull_seq15_20251118_135240_763029.avi,89.83967660511466,360,90,HIGH,VIDEO_RECORDING,2025-11-18T13:52:44.830725
2025-11-18 13:52:42.532128,158,517,HandType.Right,0.8402469158172607,82.51292419433594,172.50711059570312,-33.670528411865234,-0.17631568014621735,-0.9686015844345093,-0.17528188228607178,-10.820734977722168,-14.942116737365723,103.78517150878906,0.0,0.0,46.485557556152344,0,1,1,1,1,37.527679443359375,158.7659149169922,-50.302528381347656,44.54085159301758,172.6741180419922,-105.3897476196289,pull,15,2025-11-18T13:52:42.532128,my_hand_data\videos\pull_seq15_20251118_135240_763029.avi,89.83967660511466,360,90,HIGH,VIDEO_RECORDING,2025-11-18T13:52:44.830725
2025-11-18 13:52:42.536544,159,517,HandType.Right,0.8402469158172607,82.51292419433594,172.50711059570312,-33.670528411865234,-0.17631568014621735,-0.9686015844345093,-0.17528188228607178,-10.820734977722168,-14.942116737365723,103.78517150878906,0.0,0.0,46.485557556152344,0,1,1,1,1,37.527679443359375,158.7659149169922,-50.302528381347656,44.54085159301758,172.6741180419922,-105.3897476196289,pull,15,2025-11-18T13:52:42.536544,my_hand_data\videos\pull_seq15_20251118_135240_763029.avi,89.83967660511466,360,90,HIGH,VIDEO_RECORDING,2025-11-18T13:52:44.830725
2025-11-18 13:52:42.552240,160,517,HandType.Right,0.8420823812484741,82.22906494140625,172.02622985839844,-31.043472290039062,-0.17650191485881805,-0.9679818153381348,-0.17848902940750122,-14.595786094665527,-20.920425415039062,113.22977447509766,0.0,0.0,46.11764907836914,0,1,1,1,1,37.094242095947266,158.16563415527344,-47.59341812133789,43.74200439453125,171.31185913085938,-102.3487319946289,pull,15,2025-11-18T13:52:42.552240,my_hand_data\videos\pull_seq15_20251118_135240_763029.avi,89.83967660511466,360,90,HIGH,VIDEO_RECORDING,2025-11-18T13:52:44.830725
2025-11-18 13:52:42.556849,161,517,HandType.Right,0.8420823812484741,82.22906494140625,172.02622985839844,-31.043472290039062,-0.17650191485881805,-0.9679818153381348,-0.17848902940750122,-14.595786094665527,-20.920425415039062,113.22977447509766,0.0,0.0,46.11764907836914,0,1,1,1,1,37.094242095947266,158.16563415527344,-47.59341812133789,43.74200439453125,171.31185913085938,-102.3487319946289,pull,15,2025-11-18T13:52:42.556849,my_hand_data\videos\pull_seq15_20251118_135240_763029.avi,89.83967660511466,360,90,HIGH,VIDEO_RECORDING,2025-11-18T13:52:44.830725
2025-11-18 13:52:42.572373,162,517,HandType.Right,0.8439888954162598,81.9173355102539,171.5432586669922,-28.5855655670166,-0.17743264138698578,-0.967123806476593,-0.18217897415161133,-15.694066047668457,-20.1520938873291,109.4808120727539,0.0,0.0,45.710227966308594,0,1,1,1,1,36.656253814697266,157.42819213867188,-45.09372329711914,43.070465087890625,169.6938934326172,-99.34455108642578,pull,15,2025-11-18T13:52:42.572373,my_hand_data\videos\pull_seq15_20251118_135240_763029.avi,89.83967660511466,360,90,HIGH,VIDEO_RECORDING,2025-11-18T13:52:44.830725
2025-11-18 13:52:42.582707,163,517,HandType.Right,0.8439888954162598,81.9173355102539,171.5432586669922,-28.5855655670166,-0.17743264138698578,-0.967123806476593,-0.18217897415161133,-15.694066047668457,-20.1520938873291,109.4808120727539,0.0,0.0,45.710227966308594,0,1,1,1,1,36.656253814697266,157.42819213867188,-45.09372329711914,43.070465087890625,169.6938934326172,-99.34455108642578,pull,15,2025-11-18T13:52:42.582707,my_hand_data\videos\pull_seq15_20251118_135240_763029.avi,89.83967660511466,360,90,HIGH,VIDEO_RECORDING,2025-11-18T13:52:44.830725
2025-11-18 13:52:42.603410,164,517,HandType.Right,0.8449031114578247,81.58163452148438,171.04884338378906,-26.228300094604492,-0.17786869406700134,-0.9665837287902832,-0.18460386991500854,-12.654322624206543,-19.720125198364258,103.42967224121094,0.0,0.0,45.496490478515625,0,1,1,1,1,36.23194885253906,156.61480712890625,-42.62226867675781,42.40098190307617,168.5927734375,-96.51753234863281,pull,15,2025-11-18T13:52:42.603410,my_hand_data\videos\pull_seq15_20251118_135240_763029.avi,89.83967660511466,360,90,HIGH,VIDEO_RECORDING,2025-11-18T13:52:44.830725
2025-11-18 13:52:42.607425,165,517,HandType.Right,0.8450472950935364,81.44036102294922,170.82000732421875,-25.08714485168457,-0.17774470150470734,-0.9663938283920288,-0.1857142597436905,-12.863776206970215,-20.838369369506836,103.91144561767578,0.0,0.0,45.41606903076172,0,1,1,1,1,36.05982971191406,156.1987762451172,-41.439212799072266,42.142948150634766,168.129150390625,-95.13201904296875,pull,15,2025-11-18T13:52:42.607425,my_hand_data\videos\pull_seq15_20251118_135240_763029.avi,89.83967660511466,360,90,HIGH,VIDEO_RECORDING,2025-11-18T13:52:44.830725
2025-11-18 13:52:42.612448,166,517,HandType.Right,0.8450472950935364,81.44036102294922,170.82000732421875,-25.08714485168457,-0.17774470150470734,-0.9663938283920288,-0.1857142597436905,-12.863776206970215,-20.838369369506836,103.91144561767578,0.0,0.0,45.41606903076172,0,1,1,1,1,36.05982971191406,156.1987762451172,-41.439212799072266,42.142948150634766,168.129150390625,-95.13201904296875,pull,15,2025-11-18T13:52:42.612448,my_hand_data\videos\pull_seq15_20251118_135240_763029.avi,89.83967660511466,360,90,HIGH,VIDEO_RECORDING,2025-11-18T13:52:44.830725
2025-11-18 13:52:42.623601,167,517,HandType.Right,0.8452256321907043,81.34051513671875,170.57077026367188,-23.915821075439453,-0.1781623661518097,-0.9660516381263733,-0.1870892196893692,-9.073074340820312,-22.64725685119629,106.43565368652344,0.0,0.0,45.405921936035156,0,1,1,1,1,35.921913146972656,155.70968627929688,-40.2317008972168,41.911468505859375,167.71453857421875,-93.81173706054688,pull,15,2025-11-18T13:52:42.623601,my_hand_data\videos\pull_seq15_20251118_135240_763029.avi,89.83967660511466,360,90,HIGH,VIDEO_RECORDING,2025-11-18T13:52:44.830725
2025-11-18 13:52:42.644109,168,517,HandType.Right,0.8460975289344788,81.07579040527344,170.04615783691406,-21.594066619873047,-0.17931999266147614,-0.9653685688972473,-0.18949371576309204,-12.378335952758789,-25.5606632232666,104.6379623413086,0.0,0.0,45.26713562011719,0,1,1,1,1,35.65412139892578,154.88694763183594,-37.94407272338867,41.382266998291016,166.897216796875,-91.27926635742188,pull,15,2025-11-18T13:52:42.644109,my_hand_data\videos\pull_seq15_20251118_135240_763029.avi,89.83967660511466,360,90,HIGH,VIDEO_RECORDING,2025-11-18T13:52:44.830725
2025-11-18 13:52:42.644109,169,517,HandType.Right,0.8460975289344788,81.07579040527344,170.04615783691406,-21.594066619873047,-0.17931999266147614,-0.9653685688972473,-0.18949371576309204,-12.378335952758789,-25.5606632232666,104.6379623413086,0.0,0.0,45.26713562011719,0,1,1,1,1,35.65412139892578,154.88694763183594,-37.94407272338867,41.382266998291016,166.897216796875,-91.27926635742188,pull,15,2025-11-18T13:52:42.644109,my_hand_data\videos\pull_seq15_20251118_135240_763029.avi,89.83967660511466,360,90,HIGH,VIDEO_RECORDING,2025-11-18T13:52:44.830725
2025-11-18 13:52:42.664740,170,517,HandType.Right,0.8463942408561707,80.98731231689453,169.7183074951172,-20.39650535583496,-0.1795479655265808,-0.9652767181396484,-0.18974563479423523,-8.01198673248291,-29.68858528137207,108.44532775878906,0.0,3.092372935498133e-05,45.09865951538086,0,1,1,1,1,35.569698333740234,154.48988342285156,-36.870399475097656,41.112220764160156,166.47750854492188,-90.00746154785156,pull,15,2025-11-18T13:52:42.664740,my_hand_data\videos\pull_seq15_20251118_135240_763029.avi,89.83967660511466,360,90,HIGH,VIDEO_RECORDING,2025-11-18T13:52:44.830725
2025-11-18 13:52:42.669208,171,517,HandType.Right,0.8466827869415283,80.88387298583984,169.3895263671875,-19.267501831054688,-0.18030790984630585,-0.9651200771331787,-0.18982189893722534,-9.246252059936523,-29.390512466430664,100.92108917236328,0.0,0.0048019858077168465,44.86758804321289,0,1,1,1,1,35.481361389160156,154.09312438964844,-35.84115982055664,40.87738800048828,166.0929718017578,-88.83080291748047,pull,15,2025-11-18T13:52:42.669208,my_hand_data\videos\pull_seq15_20251118_135240_763029.avi,89.83967660511466,360,90,HIGH,VIDEO_RECORDING,2025-11-18T13:52:44.830725
2025-11-18 13:52:42.684993,172,517,HandType.Right,0.8468977212905884,80.6854019165039,168.66505432128906,-17.014541625976562,-0.18103785812854767,-0.9649271965026855,-0.19010744988918304,-6.798429489135742,-31.783998489379883,102.3344955444336,0.0,0.014417553320527077,44.14285659790039,0,1,1,1,1,35.27764129638672,153.1696319580078,-33.77566146850586,40.34870147705078,165.30638122558594,-86.44448852539062,pull,15,2025-11-18T13:52:42.684993,my_hand_data\videos\pull_seq15_20251118_135240_763029.avi,89.83967660511466,360,90,HIGH,VIDEO_RECORDING,2025-11-18T13:52:44.830725
2025-11-18 13:52:42.690484,173,517,HandType.Right,0.8468977212905884,80.6854019165039,168.66505432128906,-17.014541625976562,-0.18103785812854767,-0.9649271965026855,-0.19010744988918304,-6.798429489135742,-31.783998489379883,102.3344955444336,0.0,0.014417553320527077,44.14285659790039,0,1,1,1,1,35.27764129638672,153.1696319580078,-33.77566146850586,40.34870147705078,165.30638122558594,-86.44448852539062,pull,15,2025-11-18T13:52:42.690484,my_hand_data\videos\pull_seq15_20251118_135240_763029.avi,89.83967660511466,360,90,HIGH,VIDEO_RECORDING,2025-11-18T13:52:44.830725
2025-11-18 13:52:42.705199,174,517,HandType.Right,0.8464231491088867,80.44086456298828,167.96014404296875,-14.688268661499023,-0.18213264644145966,-0.9646909832954407,-0.1902603954076767,-12.313815116882324,-32.631500244140625,109.95199584960938,0.0,0.023227741941809654,43.83308029174805,0,1,1,1,1,35.01108932495117,152.19541931152344,-31.556941986083984,39.770381927490234,164.45645141601562,-83.93635559082031,pull,15,2025-11-18T13:52:42.705199,my_hand_data\videos\pull_seq15_20251118_135240_763029.avi,89.83967660511466,360,90,HIGH,VIDEO_RECORDING,2025-11-18T13:52:44.830725
2025-11-18 13:52:42.715388,175,517,HandType.Right,0.8464231491088867,80.44086456298828,167.96014404296875,-14.688268661499023,-0.18213264644145966,-0.9646909832954407,-0.1902603954076767,-12.313815116882324,-32.631500244140625,109.95199584960938,0.0,0.023227741941809654,43.83308029174805,0,1,1,1,1,35.01108932495117,152.19541931152344,-31.556941986083984,39.770381927490234,164.45645141601562,-83.93635559082031,pull,15,2025-11-18T13:52:42.715388,my_hand_data\videos\pull_seq15_20251118_135240_763029.avi,89.83967660511466,360,90,HIGH,VIDEO_RECORDING,2025-11-18T13:52:44.830725
2025-11-18 13:52:42.725407,176,517,HandType.Right,0.8461768627166748,80.24103546142578,167.57029724121094,-13.519031524658203,-0.18220841884613037,-0.964701235294342,-0.19013594090938568,-17.98622703552246,-35.089881896972656,105.24185943603516,0.0,0.026227859780192375,43.81861877441406,0,1,1,1,1,34.822227478027344,151.6656494140625,-30.414552688598633,39.448150634765625,164.05740356445312,-82.68392181396484,pull,15,2025-11-18T13:52:42.725407,my_hand_data\videos\pull_seq15_20251118_135240_763029.avi,89.83967660511466,360,90,HIGH,VIDEO_RECORDING,2025-11-18T13:52:44.830725
2025-11-18 13:52:42.735646,177,517,HandType.Right,0.8460425734519958,79.99860382080078,167.1880645751953,-12.36557674407959,-0.18209241330623627,-0.9647780060768127,-0.18985722959041595,-21.75240135192871,-34.29580307006836,103.49527740478516,0.0,0.027640003710985184,43.78400421142578,0,1,1,1,1,34.59109115600586,151.24935913085938,-29.278236389160156,39.167728424072266,163.74810791015625,-81.49267578125,pull,15,2025-11-18T13:52:42.735646,my_hand_data\videos\pull_seq15_20251118_135240_763029.avi,89.83967660511466,360,90,HIGH,VIDEO_RECORDING,2025-11-18T13:52:44.830725
2025-11-18 13:52:42.745687,178,517,HandType.Right,0.8462987542152405,79.7054672241211,166.80178833007812,-11.217527389526367,-0.18150566518306732,-0.9648592472076416,-0.19000597298145294,-26.60550880432129,-35.059059143066406,104.19755554199219,0.0,0.030164184048771858,43.709712982177734,0,1,1,1,1,34.31454086303711,150.84768676757812,-28.18337631225586,38.846649169921875,163.4160919189453,-80.31086730957031,pull,15,2025-11-18T13:52:42.745687,my_hand_data\videos\pull_seq15_20251118_135240_763029.avi,89.83967660511466,360,90,HIGH,VIDEO_RECORDING,2025-11-18T13:52:44.830725
2025-11-18 13:52:42.766071,179,517,HandType.Right,0.8464593887329102,79.01731872558594,166.0096435546875,-8.981840133666992,-0.180428609251976,-0.9651286005973816,-0.18966366350650787,-33.00225830078125,-36.630794525146484,98.88047790527344,0.0,0.03514951840043068,43.537052154541016,0,1,1,1,1,33.73622512817383,150.0308380126953,-26.000471115112305,38.05817413330078,162.68580627441406,-77.97364807128906,pull,15,2025-11-18T13:52:42.766071,my_hand_data\videos\pull_seq15_20251118_135240_763029.avi,89.83967660511466,360,90,HIGH,VIDEO_RECORDING,2025-11-18T13:52:44.830725
2025-11-18 13:52:42.769690,180,517,HandType.Right,0.8464593887329102,79.01731872558594,166.0096435546875,-8.981840133666992,-0.180428609251976,-0.9651286005973816,-0.18966366350650787,-33.00225830078125,-36.630794525146484,98.88047790527344,0.0,0.03514951840043068,43.537052154541016,0,1,1,1,1,33.73622512817383,150.0308380126953,-26.000471115112305,38.05817413330078,162.68580627441406,-77.97364807128906,pull,15,2025-11-18T13:52:42.769690,my_hand_data\videos\pull_seq15_20251118_135240_763029.avi,89.83967660511466,360,90,HIGH,VIDEO_RECORDING,2025-11-18T13:52:44.830725
2025-11-18 13:52:42.787157,181,517,HandType.Right,0.846847653388977,78.19684600830078,165.10910034179688,-6.707508563995361,-0.1781526654958725,-0.9655693769454956,-0.18957169353961945,-38.87944412231445,-41.50918960571289,104.54820251464844,0.0,0.03960449993610382,43.35551071166992,0,1,1,1,1,33.07881164550781,149.09786987304688,-23.774166107177734,37.218353271484375,161.8539276123047,-75.59838104248047,pull,15,2025-11-18T13:52:42.787157,my_hand_data\videos\pull_seq15_20251118_135240_763029.avi,89.83967660511466,360,90,HIGH,VIDEO_RECORDING,2025-11-18T13:52:44.830725
2025-11-18 13:52:42.792165,182,517,HandType.Right,0.846847653388977,78.19684600830078,165.10910034179688,-6.707508563995361,-0.1781526654958725,-0.9655693769454956,-0.18957169353961945,-38.87944412231445,-41.50918960571289,104.54820251464844,0.0,0.03960449993610382,43.35551071166992,0,1,1,1,1,33.07881164550781,149.09786987304688,-23.774166107177734,37.218353271484375,161.8539276123047,-75.59838104248047,pull,15,2025-11-18T13:52:42.792165,my_hand_data\videos\pull_seq15_20251118_135240_763029.avi,89.83967660511466,360,90,HIGH,VIDEO_RECORDING,2025-11-18T13:52:44.830725
2025-11-18 13:52:42.808058,183,517,HandType.Right,0.8470656871795654,77.28761291503906,164.18618774414062,-4.402524948120117,-0.17601518332958221,-0.9661353826522827,-0.18868260085582733,-41.855709075927734,-40.13808822631836,103.48509216308594,0.0,0.04981765151023865,43.04527282714844,0,1,1,1,1,32.369667053222656,148.0374298095703,-21.631288528442383,36.27372360229492,160.94085693359375,-73.08704376220703,pull,15,2025-11-18T13:52:42.808058,my_hand_data\videos\pull_seq15_20251118_135240_763029.avi,89.83967660511466,360,90,HIGH,VIDEO_RECORDING,2025-11-18T13:52:44.830725
2025-11-18 13:52:42.808058,184,517,HandType.Right,0.8470656871795654,77.28761291503906,164.18618774414062,-4.402524948120117,-0.17601518332958221,-0.9661353826522827,-0.18868260085582733,-41.855709075927734,-40.13808822631836,103.48509216308594,0.0,0.04981765151023865,43.04527282714844,0,1,1,1,1,32.369667053222656,148.0374298095703,-21.631288528442383,36.27372360229492,160.94085693359375,-73.08704376220703,pull,15,2025-11-18T13:52:42.808058,my_hand_data\videos\pull_seq15_20251118_135240_763029.avi,89.83967660511466,360,90,HIGH,VIDEO_RECORDING,2025-11-18T13:52:44.830725
2025-11-18 13:52:42.828869,185,517,HandType.Right,0.84698885679245,76.30626678466797,163.36941528320312,-2.0857994556427,-0.1740858256816864,-0.9667447805404663,-0.18734650313854218,-43.258636474609375,-34.16120910644531,103.26209259033203,0.0,0.05999382957816124,42.71430206298828,0,1,1,1,1,31.46510887145996,147.14447021484375,-19.373498916625977,35.23221206665039,160.05072021484375,-70.48991394042969,pull,15,2025-11-18T13:52:42.828869,my_hand_data\videos\pull_seq15_20251118_135240_763029.avi,89.83967660511466,360,90,HIGH,VIDEO_RECORDING,2025-11-18T13:52:44.830725
2025-11-18 13:52:42.828869,186,517,HandType.Right,0.84698885679245,76.30626678466797,163.36941528320312,-2.0857994556427,-0.1740858256816864,-0.9667447805404663,-0.18734650313854218,-43.258636474609375,-34.16120910644531,103.26209259033203,0.0,0.05999382957816124,42.71430206298828,0,1,1,1,1,31.46510887145996,147.14447021484375,-19.373498916625977,35.23221206665039,160.05072021484375,-70.48991394042969,pull,15,2025-11-18T13:52:42.828869,my_hand_data\videos\pull_seq15_20251118_135240_763029.avi,89.83967660511466,360,90,HIGH,VIDEO_RECORDING,2025-11-18T13:52:44.830725
2025-11-18 13:52:42.849301,187,517,HandType.Right,0.8462115526199341,75.82752990722656,162.95932006835938,-0.9450504779815674,-0.17206624150276184,-0.9671047925949097,-0.18735386431217194,-43.005348205566406,-36.838253021240234,102.47476959228516,0.0,0.06298414617776871,42.5837287902832,0,1,1,1,1,31.00759506225586,146.77857971191406,-18.24066162109375,34.719505310058594,159.64694213867188,-69.27254486083984,pull,15,2025-11-18T13:52:42.849301,my_hand_data\videos\pull_seq15_20251118_135240_763029.avi,89.83967660511466,360,90,HIGH,VIDEO_RECORDING,2025-11-18T13:52:44.830725
2025-11-18 13:52:42.859794,188,517,HandType.Right,0.8456735610961914,75.29537200927734,162.60519409179688,0.1779342144727707,-0.17046582698822021,-0.9672170281410217,-0.1882355660200119,-48.9881706237793,-32.59968566894531,103.37702941894531,0.0,0.06944108754396439,42.451744079589844,0,1,1,1,1,30.540328979492188,146.41897583007812,-17.11767578125,34.144710540771484,159.1456298828125,-67.96865844726562,pull,15,2025-11-18T13:52:42.859794,my_hand_data\videos\pull_seq15_20251118_135240_763029.avi,89.83967660511466,360,90,HIGH,VIDEO_RECORDING,2025-11-18T13:52:44.830725
2025-11-18 13:52:42.869882,189,517,HandType.Right,0.8454307317733765,74.76525115966797,162.34671020507812,1.2861409187316895,-0.1694219410419464,-0.9671792984008789,-0.18936847150325775,-47.18918228149414,-23.009666442871094,98.6475601196289,0.0,0.07205324620008469,42.39760971069336,0,1,1,1,1,30.074167251586914,146.1453094482422,-16.000001907348633,33.61134719848633,158.85830688476562,-66.77232360839844,pull,15,2025-11-18T13:52:42.869882,my_hand_data\videos\pull_seq15_20251118_135240_763029.avi,89.83967660511466,360,90,HIGH,VIDEO_RECORDING,2025-11-18T13:52:44.830725
2025-11-18 13:52:42.880141,190,517,HandType.Right,0.845477283000946,74.24769592285156,162.11399841308594,2.41890811920166,-0.16797392070293427,-0.967242956161499,-0.19033078849315643,-46.542625427246094,-20.926681518554688,101.86754608154297,0.0,0.07538904994726181,42.33908462524414,0,1,1,1,1,29.60525131225586,145.84539794921875,-14.8850679397583,33.089141845703125,158.55032348632812,-65.55110168457031,pull,15,2025-11-18T13:52:42.880141,my_hand_data\videos\pull_seq15_20251118_135240_763029.avi,89.83967660511466,360,90,HIGH,VIDEO_RECORDING,2025-11-18T13:52:44.830725
2025-11-18 13:52:42.900681,191,517,HandType.Right,0.8450803160667419,73.16092681884766,161.61705017089844,4.826953887939453,-0.16691114008426666,-0.9671526551246643,-0.19171954691410065,-49.76097106933594,-23.583724975585938,110.97146606445312,0.0,0.0816335529088974,42.27152633666992,0,1,1,1,1,28.5762996673584,145.12008666992188,-12.48237419128418,32.012107849121094,158.05300903320312,-62.88289260864258,pull,15,2025-11-18T13:52:42.900681,my_hand_data\videos\pull_seq15_20251118_135240_763029.avi,89.83967660511466,360,90,HIGH,VIDEO_RECORDING,2025-11-18T13:52:44.830725
2025-11-18 13:52:42.904700,192,517,HandType.Right,0.8450803160667419,73.16092681884766,161.61705017089844,4.826953887939453,-0.16691114008426666,-0.9671526551246643,-0.19171954691410065,-49.76097106933594,-23.583724975585938,110.97146606445312,0.0,0.0816335529088974,42.27152633666992,0,1,1,1,1,28.5762996673584,145.12008666992188,-12.48237419128418,32.012107849121094,158.05300903320312,-62.88289260864258,pull,15,2025-11-18T13:52:42.904700,my_hand_data\videos\pull_seq15_20251118_135240_763029.avi,89.83967660511466,360,90,HIGH,VIDEO_RECORDING,2025-11-18T13:52:44.830725
2025-11-18 13:52:42.920875,193,517,HandType.Right,0.8441678285598755,72.03662872314453,161.28317260742188,7.175013065338135,-0.16572986543178558,-0.9670677781105042,-0.19316722452640533,-52.9097785949707,-10.002436637878418,99.08087158203125,0.0,0.08778642863035202,42.273921966552734,0,1,1,1,1,27.386079788208008,144.47193908691406,-10.027667045593262,30.72712516784668,157.60299682617188,-60.17570114135742,pull,15,2025-11-18T13:52:42.920875,my_hand_data\videos\pull_seq15_20251118_135240_763029.avi,89.83967660511466,360,90,HIGH,VIDEO_RECORDING,2025-11-18T13:52:44.830725
2025-11-18 13:52:42.923511,194,517,HandType.Right,0.8441678285598755,72.03662872314453,161.28317260742188,7.175013065338135,-0.16572986543178558,-0.9670677781105042,-0.19316722452640533,-52.9097785949707,-10.002436637878418,99.08087158203125,0.0,0.08778642863035202,42.273921966552734,0,1,1,1,1,27.386079788208008,144.47193908691406,-10.027667045593262,30.72712516784668,157.60299682617188,-60.17570114135742,pull,15,2025-11-18T13:52:42.923511,my_hand_data\videos\pull_seq15_20251118_135240_763029.avi,89.83967660511466,360,90,HIGH,VIDEO_RECORDING,2025-11-18T13:52:44.830725
2025-11-18 13:52:42.941123,195,517,HandType.Right,0.8412562012672424,70.80191040039062,161.03048706054688,9.344527244567871,-0.16487503051757812,-0.9671409130096436,-0.19353210926055908,-53.5845947265625,-7.55284309387207,96.42037963867188,0.0,0.08539801836013794,42.506832122802734,0,1,1,1,1,26.0474910736084,143.83384704589844,-7.536288261413574,29.501720428466797,157.2169647216797,-57.7106819152832,pull,15,2025-11-18T13:52:42.941123,my_hand_data\videos\pull_seq15_20251118_135240_763029.avi,89.83967660511466,360,90,HIGH,VIDEO_RECORDING,2025-11-18T13:52:44.830725
2025-11-18 13:52:42.941123,196,517,HandType.Right,0.8412562012672424,70.80191040039062,161.03048706054688,9.344527244567871,-0.16487503051757812,-0.9671409130096436,-0.19353210926055908,-53.5845947265625,-7.55284309387207,96.42037963867188,0.0,0.08539801836013794,42.506832122802734,0,1,1,1,1,26.0474910736084,143.83384704589844,-7.536288261413574,29.501720428466797,157.2169647216797,-57.7106819152832,pull,15,2025-11-18T13:52:42.941123,my_hand_data\videos\pull_seq15_20251118_135240_763029.avi,89.83967660511466,360,90,HIGH,VIDEO_RECORDING,2025-11-18T13:52:44.830725
2025-11-18 13:52:42.961582,197,517,HandType.Right,0.8408056497573853,70.21051788330078,160.90658569335938,10.50609302520752,-0.16458861529827118,-0.9671443104743958,-0.19375869631767273,-50.898983001708984,-10.663661003112793,99.97118377685547,0.0,0.08551480621099472,42.630619049072266,0,1,1,1,1,25.40909194946289,143.4851837158203,-6.207199573516846,28.915740966796875,156.86862182617188,-56.379547119140625,pull,15,2025-11-18T13:52:42.961582,my_hand_data\videos\pull_seq15_20251118_135240_763029.avi,89.83967660511466,360,90,HIGH,VIDEO_RECORDING,2025-11-18T13:52:44.830725
2025-11-18 13:52:42.971891,198,517,HandType.Right,0.8403662443161011,69.65940856933594,160.7958526611328,11.682342529296875,-0.16384007036685944,-0.9672311544418335,-0.1939595639705658,-51.21330642700195,-10.2901611328125,109.30672454833984,0.0,0.08567088097333908,42.717567443847656,0,1,1,1,1,24.776823043823242,143.17416381835938,-4.871891975402832,28.357912063598633,156.59719848632812,-55.03129959106445,pull,15,2025-11-18T13:52:42.971891,my_hand_data\videos\pull_seq15_20251118_135240_763029.avi,89.83967660511466,360,90,HIGH,VIDEO_RECORDING,2025-11-18T13:52:44.830725
2025-11-18 13:52:42.981911,199,517,HandType.Right,0.839762270450592,69.169921875,160.76109313964844,12.93625545501709,-0.1634901612997055,-0.9672890901565552,-0.19396580755710602,-44.22945785522461,-3.1399590969085693,113.30195617675781,0.0,0.08754680305719376,42.73041534423828,0,1,1,1,1,24.206329345703125,142.93533325195312,-3.5713539123535156,27.852542877197266,156.44398498535156,-53.642452239990234,pull,15,2025-11-18T13:52:42.981911,my_hand_data\videos\pull_seq15_20251118_135240_763029.avi,89.83967660511466,360,90,HIGH,VIDEO_RECORDING,2025-11-18T13:52:44.830725
2025-11-18 13:52:42.991941,200,517,HandType.Right,0.8397101163864136,68.67662048339844,160.76480102539062,14.164464950561523,-0.16314375400543213,-0.9672386050224304,-0.19450852274894714,-45.14944839477539,0.3384324610233307,112.41168212890625,0.0,0.0915655866265297,42.74802017211914,0,1,1,1,1,23.6534366607666,142.77516174316406,-2.2512245178222656,27.332107543945312,156.23422241210938,-52.19145202636719,pull,15,2025-11-18T13:52:42.991941,my_hand_data\videos\pull_seq15_20251118_135240_763029.avi,89.83967660511466,360,90,HIGH,VIDEO_RECORDING,2025-11-18T13:52:44.830725
2025-11-18 13:52:43.002443,201,517,HandType.Right,0.8390167355537415,68.16410064697266,160.7476348876953,15.412365913391113,-0.1632513701915741,-0.9672155380249023,-0.19453305006027222,-45.43198013305664,-1.5215390920639038,110.61968994140625,0.0,0.09179355949163437,42.81452941894531,0,1,1,1,1,23.098508834838867,142.52761840820312,-0.9258854985237122,26.815231323242188,156.14122009277344,-50.817283630371094,pull,15,2025-11-18T13:52:43.002443,my_hand_data\videos\pull_seq15_20251118_135240_763029.avi,89.83967660511466,360,90,HIGH,VIDEO_RECORDING,2025-11-18T13:52:44.830725
2025-11-18 13:52:43.012651,202,517,HandType.Right,0.8380940556526184,67.67473602294922,160.72457885742188,16.666797637939453,-0.16242282092571259,-0.9673509001731873,-0.19455356895923615,-44.174468994140625,-2.0809106826782227,113.23623657226562,0.0,0.09067465364933014,42.88307189941406,0,1,1,1,1,22.571958541870117,142.2826690673828,0.4314817488193512,26.324357986450195,156.04444885253906,-49.46342086791992,pull,15,2025-11-18T13:52:43.012651,my_hand_data\videos\pull_seq15_20251118_135240_763029.avi,89.83967660511466,360,90,HIGH,VIDEO_RECORDING,2025-11-18T13:52:44.830725
2025-11-18 13:52:43.023144,203,517,HandType.Right,0.8370013236999512,67.2451171875,160.71458435058594,17.93417739868164,-0.16277535259723663,-0.9673327207565308,-0.1943490207195282,-38.54080581665039,-0.8967849612236023,113.69701385498047,0.0,0.09235011786222458,42.95221710205078,0,1,1,1,1,22.156715393066406,142.01535034179688,1.8253754377365112,25.87626075744629,155.7438201904297,-48.021358489990234,pull,15,2025-11-18T13:52:43.023144,my_hand_data\videos\pull_seq15_20251118_135240_763029.avi,89.83967660511466,360,90,HIGH,VIDEO_RECORDING,2025-11-18T13:52:44.830725
2025-11-18 13:52:43.044000,204,517,HandType.Right,0.8356409072875977,66.46887969970703,160.43321228027344,20.552370071411133,-0.161333829164505,-0.9678224325180054,-0.19310927391052246,-32.20344924926758,-16.85825538635254,120.88798522949219,0.0,0.0867656022310257,42.989620208740234,0,1,1,1,1,21.281898498535156,141.58599853515625,4.643343448638916,24.94330406188965,155.59803771972656,-45.336952209472656,pull,15,2025-11-18T13:52:43.044000,my_hand_data\videos\pull_seq15_20251118_135240_763029.avi,89.83967660511466,360,90,HIGH,VIDEO_RECORDING,2025-11-18T13:52:44.830725
2025-11-18 13:52:43.044000,205,517,HandType.Right,0.8356409072875977,66.46887969970703,160.43321228027344,20.552370071411133,-0.161333829164505,-0.9678224325180054,-0.19310927391052246,-32.20344924926758,-16.85825538635254,120.88798522949219,0.0,0.0867656022310257,42.989620208740234,0,1,1,1,1,21.281898498535156,141.58599853515625,4.643343448638916,24.94330406188965,155.59803771972656,-45.336952209472656,pull,15,2025-11-18T13:52:43.044000,my_hand_data\videos\pull_seq15_20251118_135240_763029.avi,89.83967660511466,360,90,HIGH,VIDEO_RECORDING,2025-11-18T13:52:44.830725
2025-11-18 13:52:43.064539,206,517,HandType.Right,0.8343703150749207,65.78077697753906,160.136962890625,23.142061233520508,-0.15986822545528412,-0.9684048891067505,-0.19140030443668365,-31.742443084716797,-15.358418464660645,118.42891693115234,0.0,0.08319348096847534,43.45687484741211,0,1,1,1,1,20.45294952392578,141.20742797851562,7.345117568969727,24.151988983154297,155.5014190673828,-42.68519592285156,pull,15,2025-11-18T13:52:43.064539,my_hand_data\videos\pull_seq15_20251118_135240_763029.avi,89.83967660511466,360,90,HIGH,VIDEO_RECORDING,2025-11-18T13:52:44.830725
2025-11-18 13:52:43.068093,207,517,HandType.Right,0.8343703150749207,65.78077697753906,160.136962890625,23.142061233520508,-0.15986822545528412,-0.9684048891067505,-0.19140030443668365,-31.742443084716797,-15.358418464660645,118.42891693115234,0.0,0.08319348096847534,43.45687484741211,0,1,1,1,1,20.45294952392578,141.20742797851562,7.345117568969727,24.151988983154297,155.5014190673828,-42.68519592285156,pull,15,2025-11-18T13:52:43.068093,my_hand_data\videos\pull_seq15_20251118_135240_763029.avi,89.83967660511466,360,90,HIGH,VIDEO_RECORDING,2025-11-18T13:52:44.830725
2025-11-18 13:52:43.084703,208,517,HandType.Right,0.8338826894760132,65.21357727050781,159.6948699951172,25.709308624267578,-0.1570308804512024,-0.9691531658172607,-0.189956396818161,-24.262929916381836,-20.59247398376465,113.74618530273438,0.0,0.07713616639375687,44.03619384765625,0,1,1,1,1,19.764822006225586,140.74537658691406,9.984944343566895,23.531131744384766,155.40921020507812,-40.15886306762695,pull,15,2025-11-18T13:52:43.084703,my_hand_data\videos\pull_seq15_20251118_135240_763029.avi,89.83967660511466,360,90,HIGH,VIDEO_RECORDING,2025-11-18T13:52:44.830725
2025-11-18 13:52:43.094734,209,517,HandType.Right,0.8338826894760132,65.21357727050781,159.6948699951172,25.709308624267578,-0.1570308804512024,-0.9691531658172607,-0.189956396818161,-24.262929916381836,-20.59247398376465,113.74618530273438,0.0,0.07713616639375687,44.03619384765625,0,1,1,1,1,19.764822006225586,140.74537658691406,9.984944343566895,23.531131744384766,155.40921020507812,-40.15886306762695,pull,15,2025-11-18T13:52:43.094734,my_hand_data\videos\pull_seq15_20251118_135240_763029.avi,89.83967660511466,360,90,HIGH,VIDEO_RECORDING,2025-11-18T13:52:44.830725
2025-11-18 13:52:43.104993,210,517,HandType.Right,0.833759069442749,64.96625518798828,159.4957733154297,26.969144821166992,-0.1573861539363861,-0.9691830277442932,-0.18950966000556946,-22.33170509338379,-17.976619720458984,113.75494384765625,0.0,0.07459097355604172,44.112831115722656,0,1,1,1,1,19.49441146850586,140.53872680664062,11.282224655151367,23.28139877319336,155.33065795898438,-38.9146728515625,pull,15,2025-11-18T13:52:43.104993,my_hand_data\videos\pull_seq15_20251118_135240_763029.avi,89.83967660511466,360,90,HIGH,VIDEO_RECORDING,2025-11-18T13:52:44.830725
2025-11-18 13:52:43.115023,211,517,HandType.Right,0.8332852721214294,64.78475189208984,159.28558349609375,28.272602081298828,-0.15786118805408478,-0.9691483974456787,-0.18929144740104675,-16.470333099365234,-19.072946548461914,118.2811279296875,0.0,0.07248442620038986,44.18892288208008,0,1,1,1,1,19.26717185974121,140.29949951171875,12.597437858581543,23.084453582763672,155.23080444335938,-37.63197708129883,pull,15,2025-11-18T13:52:43.115023,my_hand_data\videos\pull_seq15_20251118_135240_763029.avi,89.83967660511466,360,90,HIGH,VIDEO_RECORDING,2025-11-18T13:52:44.830725
2025-11-18 13:52:43.125256,212,517,HandType.Right,0.8330400586128235,64.64503479003906,159.10098266601562,29.569910049438477,-0.1581890732049942,-0.9691082835197449,-0.18922296166419983,-12.334888458251953,-16.297176361083984,114.53221893310547,0.0,0.07105433940887451,44.25341796875,0,1,1,1,1,19.10540008544922,140.04983520507812,13.891597747802734,22.926130294799805,155.08287048339844,-36.359474182128906,pull,15,2025-11-18T13:52:43.125256,my_hand_data\videos\pull_seq15_20251118_135240_763029.avi,89.83967660511466,360,90,HIGH,VIDEO_RECORDING,2025-11-18T13:52:44.830725
2025-11-18 13:52:43.135678,213,517,HandType.Right,0.8325113654136658,64.5617904663086,158.81455993652344,30.880508422851562,-0.15831562876701355,-0.9690538048744202,-0.18939615786075592,-7.4493184089660645,-25.630695343017578,117.27957153320312,0.0,0.07082214951515198,44.278663635253906,0,1,1,1,1,19.025676727294922,139.71934509277344,15.177183151245117,22.842676162719727,154.8189239501953,-35.06016540527344,pull,15,2025-11-18T13:52:43.135678,my_hand_data\videos\pull_seq15_20251118_135240_763029.avi,89.83967660511466,360,90,HIGH,VIDEO_RECORDING,2025-11-18T13:52:44.830725
2025-11-18 13:52:43.145833,214,517,HandType.Right,0.8318578600883484,64.54570770263672,158.58419799804688,32.12550354003906,-0.1591959446668625,-0.9689346551895142,-0.18926765024662018,-1.471433162689209,-21.07443618774414,113.89582824707031,0.0,0.06923466920852661,44.37989807128906,0,1,1,1,1,18.98479461669922,139.32492065429688,16.42429542541504,22.818283081054688,154.58062744140625,-33.818931579589844,pull,15,2025-11-18T13:52:43.145833,my_hand_data\videos\pull_seq15_20251118_135240_763029.avi,89.83967660511466,360,90,HIGH,VIDEO_RECORDING,2025-11-18T13:52:44.830725
2025-11-18 13:52:43.155861,215,517,HandType.Right,0.8305562734603882,64.60629272460938,158.340576171875,33.376102447509766,-0.16084793210029602,-0.9688082337379456,-0.18851664662361145,5.461365222930908,-21.960159301757812,112.72756958007812,0.0,0.0674046203494072,44.517906188964844,0,1,1,1,1,18.993080139160156,138.95257568359375,17.70262908935547,22.875606536865234,154.3804473876953,-32.54840087890625,pull,15,2025-11-18T13:52:43.155861,my_hand_data\videos\pull_seq15_20251118_135240_763029.avi,89.83967660511466,360,90,HIGH,VIDEO_RECORDING,2025-11-18T13:52:44.830725
2025-11-18 13:52:43.176389,216,517,HandType.Right,0.8276253342628479,64.86270904541016,157.77645874023438,35.86440658569336,-0.1687757521867752,-0.9677486419677734,-0.1870221495628357,11.267123222351074,-23.491159439086914,101.20819854736328,0.0,0.06487923115491867,44.829036712646484,0,1,1,1,1,18.992822647094727,138.15179443359375,20.210596084594727,23.11530303955078,153.97703552246094,-29.98884391784668,pull,15,2025-11-18T13:52:43.176389,my_hand_data\videos\pull_seq15_20251118_135240_763029.avi,89.83967660511466,360,90,HIGH,VIDEO_RECORDING,2025-11-18T13:52:44.830725
2025-11-18 13:52:43.181176,217,517,HandType.Right,0.8276253342628479,64.86270904541016,157.77645874023438,35.86440658569336,-0.1687757521867752,-0.9677486419677734,-0.1870221495628357,11.267123222351074,-23.491159439086914,101.20819854736328,0.0,0.06487923115491867,44.829036712646484,0,1,1,1,1,18.992822647094727,138.15179443359375,20.210596084594727,23.11530303955078,153.97703552246094,-29.98884391784668,pull,15,2025-11-18T13:52:43.181176,my_hand_data\videos\pull_seq15_20251118_135240_763029.avi,89.83967660511466,360,90,HIGH,VIDEO_RECORDING,2025-11-18T13:52:44.830725
2025-11-18 13:52:43.197382,218,517,HandType.Right,0.8232393860816956,65.21306610107422,156.99415588378906,38.480892181396484,-0.17650026082992554,-0.9668271541595459,-0.18464280664920807,15.66640567779541,-36.897857666015625,118.01154327392578,0.0,0.06447331607341766,45.156246185302734,0,1,1,1,1,19.06879997253418,136.80821228027344,22.80227279663086,23.38028335571289,153.06948852539062,-27.24011993408203,pull,15,2025-11-18T13:52:43.197382,my_hand_data\videos\pull_seq15_20251118_135240_763029.avi,89.83967660511466,360,90,HIGH,VIDEO_RECORDING,2025-11-18T13:52:44.830725
2025-11-18 13:52:43.201439,219,517,HandType.Right,0.8232393860816956,65.21306610107422,156.99415588378906,38.480892181396484,-0.17650026082992554,-0.9668271541595459,-0.18464280664920807,15.66640567779541,-36.897857666015625,118.01154327392578,0.0,0.06447331607341766,45.156246185302734,0,1,1,1,1,19.06879997253418,136.80821228027344,22.80227279663086,23.38028335571289,153.06948852539062,-27.24011993408203,pull,15,2025-11-18T13:52:43.201439,my_hand_data\videos\pull_seq15_20251118_135240_763029.avi,89.83967660511466,360,90,HIGH,VIDEO_RECORDING,2025-11-18T13:52:44.830725
2025-11-18 13:52:43.217601,220,517,HandType.Right,0.8177870512008667,65.47022247314453,155.86509704589844,40.9123420715332,-0.1821584850549698,-0.9664514660835266,-0.18107964098453522,13.455053329467773,-53.011051177978516,112.58100891113281,0.0,0.07029588520526886,45.244449615478516,0,1,1,1,1,19.218955993652344,135.36312866210938,25.207134246826172,23.404848098754883,151.5973358154297,-24.62612533569336,pull,15,2025-11-18T13:52:43.217601,my_hand_data\videos\pull_seq15_20251118_135240_763029.avi,89.83967660511466,360,90,HIGH,VIDEO_RECORDING,2025-11-18T13:52:44.830725
2025-11-18 13:52:43.227929,221,517,HandType.Right,0.8151562213897705,65.61980438232422,155.2676544189453,42.12126159667969,-0.18276000022888184,-0.9667070508003235,-0.1790984719991684,13.325819969177246,-53.224796295166016,107.698974609375,0.0,0.07582219690084457,45.13515853881836,0,1,1,1,1,19.38024139404297,134.63491821289062,26.35679054260254,23.471426010131836,150.62429809570312,-23.356578826904297,pull,15,2025-11-18T13:52:43.227929,my_hand_data\videos\pull_seq15_20251118_135240_763029.avi,89.83967660511466,360,90,HIGH,VIDEO_RECORDING,2025-11-18T13:52:44.830725
2025-11-18 13:52:43.238101,222,517,HandType.Right,0.8151562213897705,65.61980438232422,155.2676544189453,42.12126159667969,-0.18276000022888184,-0.9667070508003235,-0.1790984719991684,13.325819969177246,-53.224796295166016,107.698974609375,0.0,0.07582219690084457,45.13515853881836,0,1,1,1,1,19.38024139404297,134.63491821289062,26.35679054260254,23.471426010131836,150.62429809570312,-23.356578826904297,pull,15,2025-11-18T13:52:43.238101,my_hand_data\videos\pull_seq15_20251118_135240_763029.avi,89.83967660511466,360,90,HIGH,VIDEO_RECORDING,2025-11-18T13:52:44.830725
2025-11-18 13:52:43.248192,223,517,HandType.Right,0.8118916749954224,65.77487182617188,154.68740844726562,43.33544158935547,-0.18322210013866425,-0.9670719504356384,-0.1766393929719925,13.906229019165039,-52.03596115112305,108.8853759765625,0.0,0.08246704936027527,45.03147888183594,0,1,1,1,1,19.60003662109375,133.8380584716797,27.56768798828125,23.488697052001953,149.56546020507812,-21.99620819091797,pull,15,2025-11-18T13:52:43.248192,my_hand_data\videos\pull_seq15_20251118_135240_763029.avi,89.83967660511466,360,90,HIGH,VIDEO_RECORDING,2025-11-18T13:52:44.830725
2025-11-18 13:52:43.258615,224,517,HandType.Right,0.8093871474266052,65.92373657226562,154.0626983642578,44.504180908203125,-0.18290281295776367,-0.9673702120780945,-0.17533229291439056,13.409867286682129,-56.27485275268555,105.28223419189453,0.0,0.08795446902513504,44.5139274597168,0,1,1,1,1,19.83046531677246,133.11990356445312,28.693988800048828,23.53138542175293,148.54080200195312,-20.775981903076172,pull,15,2025-11-18T13:52:43.258615,my_hand_data\videos\pull_seq15_20251118_135240_763029.avi,89.83967660511466,360,90,HIGH,VIDEO_RECORDING,2025-11-18T13:52:44.830725
2025-11-18 13:52:43.268786,225,517,HandType.Right,0.8064117431640625,66.06661224365234,153.46824645996094,45.65061569213867,-0.18254387378692627,-0.9677789807319641,-0.17344050109386444,12.90102481842041,-53.67449951171875,103.51539611816406,0.0,0.09221063554286957,43.85585403442383,0,1,1,1,1,20.097537994384766,132.47271728515625,29.787017822265625,23.585092544555664,147.6675262451172,-19.60902976989746,pull,15,2025-11-18T13:52:43.268786,my_hand_data\videos\pull_seq15_20251118_135240_763029.avi,89.83967660511466,360,90,HIGH,VIDEO_RECORDING,2025-11-18T13:52:44.830725
2025-11-18 13:52:43.279287,226,517,HandType.Right,0.8036049604415894,66.21808624267578,152.91659545898438,46.724430084228516,-0.1820036917924881,-0.9682612419128418,-0.17130331695079803,13.585733413696289,-49.479984283447266,96.31497955322266,0.0,0.09831343591213226,43.760292053222656,0,1,1,1,1,20.48090934753418,131.8418426513672,30.865764617919922,23.690141677856445,146.57720947265625,-18.46154022216797,pull,15,2025-11-18T13:52:43.279287,my_hand_data\videos\pull_seq15_20251118_135240_763029.avi,89.83967660511466,360,90,HIGH,VIDEO_RECORDING,2025-11-18T13:52:44.830725
2025-11-18 13:52:43.289478,227,517,HandType.Right,0.801505446434021,66.37036895751953,152.28280639648438,47.85676574707031,-0.1799127161502838,-0.9690609574317932,-0.16897420585155487,13.673649787902832,-56.908321380615234,101.6734390258789,0.0,0.1026635393500328,43.61770248413086,0,1,1,1,1,20.90035057067871,131.1312255859375,31.96217155456543,23.851688385009766,145.49920654296875,-17.33222198486328,pull,15,2025-11-18T13:52:43.289478,my_hand_data\videos\pull_seq15_20251118_135240_763029.avi,89.83967660511466,360,90,HIGH,VIDEO_RECORDING,2025-11-18T13:52:44.830725
2025-11-18 13:52:43.309845,228,517,HandType.Right,0.798341691493988,66.75519561767578,151.2025146484375,50.084957122802734,-0.17676706612110138,-0.9708510041236877,-0.1618693768978119,18.91927146911621,-42.17624282836914,96.93187713623047,0.0,0.11756711453199387,43.1998291015625,0,1,1,1,1,21.794925689697266,129.91937255859375,34.09394454956055,24.31638526916504,143.40841674804688,-14.931428909301758,pull,15,2025-11-18T13:52:43.309845,my_hand_data\videos\pull_seq15_20251118_135240_763029.avi,89.83967660511466,360,90,HIGH,VIDEO_RECORDING,2025-11-18T13:52:44.830725
2025-11-18 13:52:43.312420,229,517,HandType.Right,0.798341691493988,66.75519561767578,151.2025146484375,50.084957122802734,-0.17676706612110138,-0.9708510041236877,-0.1618693768978119,18.91927146911621,-42.17624282836914,96.93187713623047,0.0,0.11756711453199387,43.1998291015625,0,1,1,1,1,21.794925689697266,129.91937255859375,34.09394454956055,24.31638526916504,143.40841674804688,-14.931428909301758,pull,15,2025-11-18T13:52:43.312420,my_hand_data\videos\pull_seq15_20251118_135240_763029.avi,89.83967660511466,360,90,HIGH,VIDEO_RECORDING,2025-11-18T13:52:44.830725
2025-11-18 13:52:43.330316,230,517,HandType.Right,0.7978017926216125,67.20079040527344,150.4069366455078,52.311649322509766,-0.17458882927894592,-0.9722481369972229,-0.15573158860206604,20.515838623046875,-30.124897003173828,100.8160400390625,0.0,0.12255597114562988,42.96184158325195,0,1,1,1,1,22.819936752319336,128.83370971679688,36.28285598754883,24.88078498840332,141.9623260498047,-12.680936813354492,pull,15,2025-11-18T13:52:43.330316,my_hand_data\videos\pull_seq15_20251118_135240_763029.avi,89.83967660511466,360,90,HIGH,VIDEO_RECORDING,2025-11-18T13:52:44.830725
2025-11-18 13:52:43.330316,231,517,HandType.Right,0.7978017926216125,67.20079040527344,150.4069366455078,52.311649322509766,-0.17458882927894592,-0.9722481369972229,-0.15573158860206604,20.515838623046875,-30.124897003173828,100.8160400390625,0.0,0.12255597114562988,42.96184158325195,0,1,1,1,1,22.819936752319336,128.83370971679688,36.28285598754883,24.88078498840332,141.9623260498047,-12.680936813354492,pull,15,2025-11-18T13:52:43.330316,my_hand_data\videos\pull_seq15_20251118_135240_763029.avi,89.83967660511466,360,90,HIGH,VIDEO_RECORDING,2025-11-18T13:52:44.830725
2025-11-18 13:52:43.350729,232,517,HandType.Right,0.798345685005188,67.7959213256836,149.76019287109375,54.65047073364258,-0.1732451319694519,-0.9733196496963501,-0.15044932067394257,30.029613494873047,-25.325973510742188,107.47999572753906,0.0,0.11598997563123703,43.040000915527344,0,1,1,1,1,23.66389274597168,127.9198226928711,38.711814880371094,25.576602935791016,141.3791046142578,-10.404631614685059,pull,15,2025-11-18T13:52:43.350729,my_hand_data\videos\pull_seq15_20251118_135240_763029.avi,89.83967660511466,360,90,HIGH,VIDEO_RECORDING,2025-11-18T13:52:44.830725
2025-11-18 13:52:43.360923,233,517,HandType.Right,0.798345685005188,67.7959213256836,149.76019287109375,54.65047073364258,-0.1732451319694519,-0.9733196496963501,-0.15044932067394257,30.029613494873047,-25.325973510742188,107.47999572753906,0.0,0.11598997563123703,43.040000915527344,0,1,1,1,1,23.66389274597168,127.9198226928711,38.711814880371094,25.576602935791016,141.3791046142578,-10.404631614685059,pull,15,2025-11-18T13:52:43.360923,my_hand_data\videos\pull_seq15_20251118_135240_763029.avi,89.83967660511466,360,90,HIGH,VIDEO_RECORDING,2025-11-18T13:52:44.830725
2025-11-18 13:52:43.371132,234,517,HandType.Right,0.7985931038856506,68.12959289550781,149.3894500732422,55.822418212890625,-0.17079484462738037,-0.9740605354309082,-0.14844274520874023,29.502098083496094,-32.77942657470703,103.62042999267578,0.0,0.11117661744356155,43.03947067260742,0,1,1,1,1,24.070270538330078,127.53691101074219,39.90752029418945,25.991924285888672,141.10076904296875,-9.354665756225586,pull,15,2025-11-18T13:52:43.371132,my_hand_data\videos\pull_seq15_20251118_135240_763029.avi,89.83967660511466,360,90,HIGH,VIDEO_RECORDING,2025-11-18T13:52:44.830725
2025-11-18 13:52:43.380713,235,517,HandType.Right,0.7985090017318726,68.49693298339844,149.17413330078125,57.01051712036133,-0.16781865060329437,-0.9750080704689026,-0.14558903872966766,32.661643981933594,-19.144018173217773,105.63700103759766,0.0,0.10579608380794525,43.068302154541016,0,1,1,1,1,24.506155014038086,127.29279327392578,41.1565055847168,26.365373611450195,141.0190887451172,-8.255802154541016,pull,15,2025-11-18T13:52:43.380713,my_hand_data\videos\pull_seq15_20251118_135240_763029.avi,89.83967660511466,360,90,HIGH,VIDEO_RECORDING,2025-11-18T13:52:44.830725
2025-11-18 13:52:43.391113,236,517,HandType.Right,0.798637866973877,68.87435150146484,148.98033142089844,58.211822509765625,-0.16613805294036865,-0.9755533933639526,-0.1438530683517456,35.08517837524414,-18.016637802124023,111.676513671875,0.0,0.09758900851011276,43.15572738647461,0,1,1,1,1,24.939607620239258,127.03884887695312,42.40999984741211,26.77655601501465,141.14425659179688,-7.198370933532715,pull,15,2025-11-18T13:52:43.391113,my_hand_data\videos\pull_seq15_20251118_135240_763029.avi,89.83967660511466,360,90,HIGH,VIDEO_RECORDING,2025-11-18T13:52:44.830725
2025-11-18 13:52:43.401164,237,517,HandType.Right,0.7986838221549988,69.23009490966797,148.8297119140625,59.40203094482422,-0.1650198996067047,-0.9759092330932617,-0.14272227883338928,31.35455322265625,-13.274711608886719,104.90108489990234,0.0,0.0883503258228302,43.87712097167969,0,1,1,1,1,25.308977127075195,126.84579467773438,43.67208480834961,27.2088565826416,141.4326629638672,-6.138034343719482,pull,15,2025-11-18T13:52:43.401164,my_hand_data\videos\pull_seq15_20251118_135240_763029.avi,89.83967660511466,360,90,HIGH,VIDEO_RECORDING,2025-11-18T13:52:44.830725
2025-11-18 13:52:43.411308,238,517,HandType.Right,0.7984220385551453,69.5876235961914,148.68418884277344,60.61787796020508,-0.16389340162277222,-0.9761784076690674,-0.14217820763587952,32.75222396850586,-13.332255363464355,111.38227081298828,0.0,0.08096298575401306,44.744808197021484,0,1,1,1,1,25.71828269958496,126.6830825805664,44.97277069091797,27.59616470336914,141.6221160888672,-5.013756275177002,pull,15,2025-11-18T13:52:43.411308,my_hand_data\videos\pull_seq15_20251118_135240_763029.avi,89.83967660511466,360,90,HIGH,VIDEO_RECORDING,2025-11-18T13:52:44.830725
2025-11-18 13:52:43.431369,239,517,HandType.Right,0.798667311668396,70.223388671875,148.34417724609375,62.93367385864258,-0.16210518777370453,-0.9768266677856445,-0.1397552192211151,30.132789611816406,-16.782726287841797,110.51142120361328,0.0,0.06526189297437668,45.270652770996094,0,1,1,1,1,26.4195613861084,126.22863006591797,47.510379791259766,28.298128128051758,141.8345947265625,-2.863727569580078,pull,15,2025-11-18T13:52:43.431369,my_hand_data\videos\pull_seq15_20251118_135240_763029.avi,89.83967660511466,360,90,HIGH,VIDEO_RECORDING,2025-11-18T13:52:44.830725
2025-11-18 13:52:43.431369,240,517,HandType.Right,0.798667311668396,70.223388671875,148.34417724609375,62.93367385864258,-0.16210518777370453,-0.9768266677856445,-0.1397552192211151,30.132789611816406,-16.782726287841797,110.51142120361328,0.0,0.06526189297437668,45.270652770996094,0,1,1,1,1,26.4195613861084,126.22863006591797,47.510379791259766,28.298128128051758,141.8345947265625,-2.863727569580078,pull,15,2025-11-18T13:52:43.431369,my_hand_data\videos\pull_seq15_20251118_135240_763029.avi,89.83967660511466,360,90,HIGH,VIDEO_RECORDING,2025-11-18T13:52:44.830725
2025-11-18 13:52:43.441566,241,517,HandType.Right,0.7977229356765747,70.53640747070312,148.1905517578125,64.062255859375,-0.161545991897583,-0.9770243763923645,-0.1390187293291092,28.67791175842285,-14.074016571044922,103.3974609375,0.0,0.05598505213856697,43.94082260131836,0,1,1,1,1,26.735931396484375,126.0185546875,48.773109436035156,28.64302635192871,142.03326416015625,-1.824304461479187,pull,15,2025-11-18T13:52:43.441566,my_hand_data\videos\pull_seq15_20251118_135240_763029.avi,89.83967660511466,360,90,HIGH,VIDEO_RECORDING,2025-11-18T13:52:44.830725
2025-11-18 13:52:43.462144,242,517,HandType.Right,0.7976789474487305,71.3658447265625,147.9791259765625,66.46373748779297,-0.15786615014076233,-0.9779261350631714,-0.1368894875049591,38.94539260864258,-10.92949104309082,110.08341217041016,0.0,0.0423477441072464,44.28090286254883,0,1,1,1,1,27.555898666381836,125.48804473876953,51.40629577636719,29.293169021606445,142.3335723876953,0.5420371890068054,pull,15,2025-11-18T13:52:43.462144,my_hand_data\videos\pull_seq15_20251118_135240_763029.avi,89.83967660511466,360,90,HIGH,VIDEO_RECORDING,2025-11-18T13:52:44.830725
2025-11-18 13:52:43.462144,243,517,HandType.Right,0.7976789474487305,71.3658447265625,147.9791259765625,66.46373748779297,-0.15786615014076233,-0.9779261350631714,-0.1368894875049591,38.94539260864258,-10.92949104309082,110.08341217041016,0.0,0.0423477441072464,44.28090286254883,0,1,1,1,1,27.555898666381836,125.48804473876953,51.40629577636719,29.293169021606445,142.3335723876953,0.5420371890068054,pull,15,2025-11-18T13:52:43.462144,my_hand_data\videos\pull_seq15_20251118_135240_763029.avi,89.83967660511466,360,90,HIGH,VIDEO_RECORDING,2025-11-18T13:52:44.830725
2025-11-18 13:52:43.482983,244,517,HandType.Right,0.7974357604980469,71.77274322509766,147.85035705566406,67.64466094970703,-0.15548156201839447,-0.9784858226776123,-0.13561317324638367,36.24000549316406,-11.469599723815918,105.17650604248047,0.0,0.03888096287846565,44.40554428100586,0,1,1,1,1,27.965526580810547,125.19916534423828,52.69947814941406,29.58045196533203,142.24111938476562,1.7582476139068604,pull,15,2025-11-18T13:52:43.482983,my_hand_data\videos\pull_seq15_20251118_135240_763029.avi,89.83967660511466,360,90,HIGH,VIDEO_RECORDING,2025-11-18T13:52:44.830725
2025-11-18 13:52:43.493472,245,517,HandType.Right,0.7963687777519226,72.15341186523438,147.7442169189453,68.7911376953125,-0.15339718759059906,-0.9789139032363892,-0.13489580154418945,33.00360870361328,-9.201997756958008,99.3999252319336,0.0,0.03511614724993706,44.52543640136719,0,1,1,1,1,28.36136817932129,124.9738540649414,53.983821868896484,29.8059139251709,142.1559600830078,2.9329731464385986,pull,15,2025-11-18T13:52:43.493472,my_hand_data\videos\pull_seq15_20251118_135240_763029.avi,89.83967660511466,360,90,HIGH,VIDEO_RECORDING,2025-11-18T13:52:44.830725
2025-11-18 13:52:43.503507,246,517,HandType.Right,0.7957079410552979,72.52516174316406,147.68295288085938,69.8936538696289,-0.1519530862569809,-0.9791883826255798,-0.134537473320961,34.733577728271484,-5.723907947540283,103.01033020019531,0.0,0.03140247240662575,44.67103958129883,0,1,1,1,1,28.7668399810791,124.813720703125,55.24730682373047,30.09398651123047,142.04339599609375,4.059978008270264,pull,15,2025-11-18T13:52:43.503507,my_hand_data\videos\pull_seq15_20251118_135240_763029.avi,89.83967660511466,360,90,HIGH,VIDEO_RECORDING,2025-11-18T13:52:44.830725
2025-11-18 13:52:43.513686,247,517,HandType.Right,0.7942607402801514,72.91214752197266,147.59495544433594,70.96451568603516,-0.1510968655347824,-0.9793399572372437,-0.13439853489398956,34.279541015625,-7.794531345367432,94.85900115966797,0.0,0.030821194872260094,44.81904983520508,0,1,1,1,1,29.29534339904785,124.56947326660156,56.475921630859375,30.452251434326172,141.77317810058594,5.240455150604248,pull,15,2025-11-18T13:52:43.513686,my_hand_data\videos\pull_seq15_20251118_135240_763029.avi,89.83967660511466,360,90,HIGH,VIDEO_RECORDING,2025-11-18T13:52:44.830725
2025-11-18 13:52:43.524079,248,517,HandType.Right,0.7925702929496765,73.2940444946289,147.54681396484375,72.0037612915039,-0.15021321177482605,-0.979465901851654,-0.1344713717699051,34.762516021728516,-4.3828911781311035,94.59712982177734,0.0,0.03196989372372627,44.951385498046875,0,1,1,1,1,29.766145706176758,124.34834289550781,57.63960647583008,30.842456817626953,141.39288330078125,6.3815412521362305,pull,15,2025-11-18T13:52:43.524079,my_hand_data\videos\pull_seq15_20251118_135240_763029.avi,89.83967660511466,360,90,HIGH,VIDEO_RECORDING,2025-11-18T13:52:44.830725
2025-11-18 13:52:43.544204,249,517,HandType.Right,0.7905096411705017,74.0772476196289,147.55027770996094,74.277587890625,-0.1493118554353714,-0.9796154499053955,-0.13438557088375092,33.87876892089844,-1.897483468055725,102.24713897705078,0.0,0.03341572359204292,45.075557708740234,0,1,1,1,1,30.86399269104004,124.12406158447266,60.07527542114258,31.723495483398438,141.16993713378906,8.843071937561035,pull,15,2025-11-18T13:52:43.544204,my_hand_data\videos\pull_seq15_20251118_135240_763029.avi,89.83967660511466,360,90,HIGH,VIDEO_RECORDING,2025-11-18T13:52:44.830725
2025-11-18 13:52:43.544204,250,517,HandType.Right,0.7905096411705017,74.0772476196289,147.55027770996094,74.277587890625,-0.1493118554353714,-0.9796154499053955,-0.13438557088375092,33.87876892089844,-1.897483468055725,102.24713897705078,0.0,0.03341572359204292,45.075557708740234,0,1,1,1,1,30.86399269104004,124.12406158447266,60.07527542114258,31.723495483398438,141.16993713378906,8.843071937561035,pull,15,2025-11-18T13:52:43.544204,my_hand_data\videos\pull_seq15_20251118_135240_763029.avi,89.83967660511466,360,90,HIGH,VIDEO_RECORDING,2025-11-18T13:52:44.830725
2025-11-18 13:52:43.564618,251,517,HandType.Right,0.7900564670562744,74.8608627319336,147.59402465820312,76.61241149902344,-0.1507405936717987,-0.9796079397201538,-0.13283640146255493,34.2340202331543,3.5205509662628174,101.50821685791016,0.0,0.0357988215982914,45.128257751464844,0,1,1,1,1,31.841699600219727,124.04664611816406,62.49531173706055,32.56301498413086,140.97169494628906,11.290669441223145,pull,15,2025-11-18T13:52:43.564618,my_hand_data\videos\pull_seq15_20251118_135240_763029.avi,89.83967660511466,360,90,HIGH,VIDEO_RECORDING,2025-11-18T13:52:44.830725
2025-11-18 13:52:43.569347,252,517,HandType.Right,0.7900564670562744,74.8608627319336,147.59402465820312,76.61241149902344,-0.1507405936717987,-0.9796079397201538,-0.13283640146255493,34.2340202331543,3.5205509662628174,101.50821685791016,0.0,0.0357988215982914,45.128257751464844,0,1,1,1,1,31.841699600219727,124.04664611816406,62.49531173706055,32.56301498413086,140.97169494628906,11.290669441223145,pull,15,2025-11-18T13:52:43.569347,my_hand_data\videos\pull_seq15_20251118_135240_763029.avi,89.83967660511466,360,90,HIGH,VIDEO_RECORDING,2025-11-18T13:52:44.830725
2025-11-18 13:52:43.585013,253,517,HandType.Right,0.789374053478241,75.53645324707031,147.60813903808594,78.7132568359375,-0.1529293954372406,-0.979449987411499,-0.13149282336235046,30.937166213989258,2.463656425476074,91.68297576904297,0.0,0.0359979085624218,45.25325012207031,0,1,1,1,1,32.67152786254883,124.04795837402344,64.80486297607422,33.231529235839844,140.5974578857422,13.46467399597168,pull,15,2025-11-18T13:52:43.585013,my_hand_data\videos\pull_seq15_20251118_135240_763029.avi,89.83967660511466,360,90,HIGH,VIDEO_RECORDING,2025-11-18T13:52:44.830725
2025-11-18 13:52:43.591803,254,517,HandType.Right,0.789374053478241,75.53645324707031,147.60813903808594,78.7132568359375,-0.1529293954372406,-0.979449987411499,-0.13149282336235046,30.937166213989258,2.463656425476074,91.68297576904297,0.0,0.0359979085624218,45.25325012207031,0,1,1,1,1,32.67152786254883,124.04795837402344,64.80486297607422,33.231529235839844,140.5974578857422,13.46467399597168,pull,15,2025-11-18T13:52:43.591803,my_hand_data\videos\pull_seq15_20251118_135240_763029.avi,89.83967660511466,360,90,HIGH,VIDEO_RECORDING,2025-11-18T13:52:44.830725
2025-11-18 13:52:43.605529,255,517,HandType.Right,0.7894118428230286,75.85972595214844,147.59434509277344,79.74848175048828,-0.15430495142936707,-0.9793040156364441,-0.13097195327281952,28.946380615234375,-1.2347235679626465,92.69525146484375,0.0,0.03578321635723114,46.85244369506836,0,1,1,1,1,33.03602600097656,124.0348892211914,65.97216796875,33.50764083862305,140.35226440429688,14.53991985321045,pull,15,2025-11-18T13:52:43.605529,my_hand_data\videos\pull_seq15_20251118_135240_763029.avi,89.83967660511466,360,90,HIGH,VIDEO_RECORDING,2025-11-18T13:52:44.830725
2025-11-18 13:52:43.615561,256,517,HandType.Right,0.7885502576828003,76.24571228027344,147.5937042236328,80.83231353759766,-0.15609273314476013,-0.9790608286857605,-0.13067103922367096,34.883148193359375,-0.05777286738157272,97.9515380859375,0.0,0.038989778608083725,46.784732818603516,0,1,1,1,1,33.44391632080078,124.07833099365234,67.13961791992188,33.86812973022461,140.01878356933594,15.696406364440918,pull,15,2025-11-18T13:52:43.615561,my_hand_data\videos\pull_seq15_20251118_135240_763029.avi,89.83967660511466,360,90,HIGH,VIDEO_RECORDING,2025-11-18T13:52:44.830725
2025-11-18 13:52:43.625356,257,517,HandType.Right,0.7874849438667297,76.6124038696289,147.63876342773438,81.93328094482422,-0.15784958004951477,-0.9787689447402954,-0.13074715435504913,32.47109603881836,3.990135431289673,97.49144744873047,0.0,0.040547292679548264,46.750850677490234,0,1,1,1,1,33.792930603027344,124.11380004882812,68.24288940429688,34.21709060668945,139.9143524169922,16.804367065429688,pull,15,2025-11-18T13:52:43.625356,my_hand_data\videos\pull_seq15_20251118_135240_763029.avi,89.83967660511466,360,90,HIGH,VIDEO_RECORDING,2025-11-18T13:52:44.830725
2025-11-18 13:52:43.635475,258,517,HandType.Right,0.7863399386405945,77.046875,147.68055725097656,83.05819702148438,-0.15930898487567902,-0.978534460067749,-0.1307324469089508,40.30708312988281,3.8762378692626953,104.36189270019531,0.0,0.041139885783195496,46.50071716308594,0,1,1,1,1,34.202110290527344,124.1402587890625,69.41507720947266,34.57741928100586,139.81011962890625,17.948850631713867,pull,15,2025-11-18T13:52:43.635475,my_hand_data\videos\pull_seq15_20251118_135240_763029.avi,89.83967660511466,360,90,HIGH,VIDEO_RECORDING,2025-11-18T13:52:44.830725
2025-11-18 13:52:43.645614,259,517,HandType.Right,0.7846044301986694,77.42875671386719,147.69448852539062,84.1201400756836,-0.16085486114025116,-0.9782838225364685,-0.13071513175964355,33.9903564453125,1.2404793500900269,94.52069854736328,0.0,0.04144725948572159,46.17522430419922,0,1,1,1,1,34.515357971191406,124.12777709960938,70.49785614013672,34.95118713378906,139.6919403076172,19.001937866210938,pull,15,2025-11-18T13:52:43.645614,my_hand_data\videos\pull_seq15_20251118_135240_763029.avi,89.83967660511466,360,90,HIGH,VIDEO_RECORDING,2025-11-18T13:52:44.830725
2025-11-18 13:52:43.655717,260,517,HandType.Right,0.7833696007728577,77.7409439086914,147.6668243408203,85.12615203857422,-0.16241779923439026,-0.9780541062355042,-0.13050125539302826,27.846559524536133,-2.467029333114624,89.7341537475586,0.0,0.03915340080857277,46.01124572753906,0,1,1,1,1,34.778770446777344,124.10847473144531,71.5971450805664,35.26797103881836,139.60293579101562,19.98794174194336,pull,15,2025-11-18T13:52:43.655717,my_hand_data\videos\pull_seq15_20251118_135240_763029.avi,89.83967660511466,360,90,HIGH,VIDEO_RECORDING,2025-11-18T13:52:44.830725
2025-11-18 13:52:43.675881,261,517,HandType.Right,0.7797699570655823,78.30235290527344,147.5551300048828,87.28701782226562,-0.16439756751060486,-0.9777849316596985,-0.13003867864608765,24.574237823486328,-5.642466068267822,97.7162857055664,0.0,0.03918434679508209,45.63412857055664,0,1,1,1,1,35.30813217163086,123.97953033447266,73.81645965576172,35.93124008178711,139.03958129882812,22.064916610717773,pull,15,2025-11-18T13:52:43.675881,my_hand_data\videos\pull_seq15_20251118_135240_763029.avi,89.83967660511466,360,90,HIGH,VIDEO_RECORDING,2025-11-18T13:52:44.830725
2025-11-18 13:52:43.675881,262,517,HandType.Right,0.7797699570655823,78.30235290527344,147.5551300048828,87.28701782226562,-0.16439756751060486,-0.9777849316596985,-0.13003867864608765,24.574237823486328,-5.642466068267822,97.7162857055664,0.0,0.03918434679508209,45.63412857055664,0,1,1,1,1,35.30813217163086,123.97953033447266,73.81645965576172,35.93124008178711,139.03958129882812,22.064916610717773,pull,15,2025-11-18T13:52:43.675881,my_hand_data\videos\pull_seq15_20251118_135240_763029.avi,89.83967660511466,360,90,HIGH,VIDEO_RECORDING,2025-11-18T13:52:44.830725
2025-11-18 13:52:43.695991,263,517,HandType.Right,0.7783174514770508,78.55008697509766,147.5344696044922,88.29951477050781,-0.16618166863918304,-0.9775720834732056,-0.12936937808990479,22.508747100830078,-1.876643419265747,91.99483489990234,0.0,0.03939191251993179,45.65235137939453,0,1,1,1,1,35.508460998535156,123.96278381347656,74.83554077148438,36.23664855957031,138.81361389160156,23.023210525512695,pull,15,2025-11-18T13:52:43.695991,my_hand_data\videos\pull_seq15_20251118_135240_763029.avi,89.83967660511466,360,90,HIGH,VIDEO_RECORDING,2025-11-18T13:52:44.830725
2025-11-18 13:52:43.698000,264,517,HandType.Right,0.7759944200515747,78.82049560546875,147.46705627441406,89.34226989746094,-0.16771537065505981,-0.9774003028869629,-0.12868648767471313,24.278146743774414,-6.053497791290283,93.62133026123047,0.0,0.037441834807395935,45.712181091308594,0,1,1,1,1,35.7430305480957,123.93721771240234,75.98348999023438,36.58336639404297,138.49366760253906,24.008289337158203,pull,15,2025-11-18T13:52:43.698000,my_hand_data\videos\pull_seq15_20251118_135240_763029.avi,89.83967660511466,360,90,HIGH,VIDEO_RECORDING,2025-11-18T13:52:44.830725
2025-11-18 13:52:43.716265,265,517,HandType.Right,0.7744077444076538,79.09898376464844,147.40406799316406,90.4064712524414,-0.1691778004169464,-0.9772593975067139,-0.12783963978290558,25.050296783447266,-5.665757656097412,95.72760009765625,0.0,0.03405396267771721,45.76956558227539,0,1,1,1,1,35.98758316040039,123.91175079345703,77.14604949951172,36.941131591796875,138.35586547851562,25.011547088623047,pull,15,2025-11-18T13:52:43.716265,my_hand_data\videos\pull_seq15_20251118_135240_763029.avi,89.83967660511466,360,90,HIGH,VIDEO_RECORDING,2025-11-18T13:52:44.830725
2025-11-18 13:52:43.726537,266,517,HandType.Right,0.7737540006637573,79.34457397460938,147.36758422851562,91.48855590820312,-0.17077332735061646,-0.9771202802658081,-0.1267772912979126,22.46717071533203,-3.3378894329071045,98.99227142333984,0.0,0.03271184116601944,45.77073669433594,0,1,1,1,1,36.19689178466797,123.94618225097656,78.26318359375,37.252952575683594,138.21290588378906,26.027240753173828,pull,15,2025-11-18T13:52:43.726537,my_hand_data\videos\pull_seq15_20251118_135240_763029.avi,89.83967660511466,360,90,HIGH,VIDEO_RECORDING,2025-11-18T13:52:44.830725
2025-11-18 13:52:43.736789,267,517,HandType.Right,0.772375762462616,79.61966705322266,147.35086059570312,92.65797424316406,-0.1722758561372757,-0.9768966436386108,-0.12646709382534027,24.37908363342285,-1.4822436571121216,103.63526916503906,0.0,0.030971871688961983,45.77114486694336,0,1,1,1,1,36.460514068603516,124.00315856933594,79.43031311035156,37.60566711425781,138.2247314453125,27.116588592529297,pull,15,2025-11-18T13:52:43.736789,my_hand_data\videos\pull_seq15_20251118_135240_763029.avi,89.83967660511466,360,90,HIGH,VIDEO_RECORDING,2025-11-18T13:52:44.830725
2025-11-18 13:52:43.747009,268,517,HandType.Right,0.7704145312309265,79.9681167602539,147.39593505859375,93.76717376708984,-0.17288337647914886,-0.9767712354660034,-0.1266067624092102,31.871734619140625,4.123198986053467,101.45429992675781,0.0,0.030895162373781204,45.79286193847656,0,1,1,1,1,36.78240966796875,124.08494567871094,80.56610870361328,37.99274444580078,138.17410278320312,28.20754051208496,pull,15,2025-11-18T13:52:43.747009,my_hand_data\videos\pull_seq15_20251118_135240_763029.avi,89.83967660511466,360,90,HIGH,VIDEO_RECORDING,2025-11-18T13:52:44.830725
2025-11-18 13:52:43.757059,269,517,HandType.Right,0.7685911655426025,80.28892517089844,147.4056396484375,94.88481903076172,-0.17354413866996765,-0.976591169834137,-0.12709109485149384,28.77983856201172,0.8713817596435547,100.26372528076172,0.0,0.03181162849068642,45.81438446044922,0,1,1,1,1,37.06440734863281,124.10326385498047,81.73194122314453,38.31533432006836,137.90713500976562,29.326297760009766,pull,15,2025-11-18T13:52:43.757059,my_hand_data\videos\pull_seq15_20251118_135240_763029.avi,89.83967660511466,360,90,HIGH,VIDEO_RECORDING,2025-11-18T13:52:44.830725
2025-11-18 13:52:43.767087,270,517,HandType.Right,0.7664491534233093,80.60978698730469,147.42955017089844,96.07041931152344,-0.17448435723781586,-0.9763851165771484,-0.12738648056983948,28.828218460083008,2.1482486724853516,106.52299499511719,0.0,0.033912792801856995,45.78599166870117,0,1,1,1,1,37.3636589050293,124.12939453125,82.90211486816406,38.64598083496094,137.76113891601562,30.5257511138916,pull,15,2025-11-18T13:52:43.767087,my_hand_data\videos\pull_seq15_20251118_135240_763029.avi,89.83967660511466,360,90,HIGH,VIDEO_RECORDING,2025-11-18T13:52:44.830725
2025-11-18 13:52:43.777495,271,517,HandType.Right,0.76508629322052,80.94673919677734,147.49874877929688,97.2708969116211,-0.1753501296043396,-0.9761065244674683,-0.12832942605018616,30.509937286376953,6.264950275421143,108.69973754882812,0.0,0.03542054072022438,45.74651336669922,0,1,1,1,1,37.61313247680664,124.30550384521484,84.10160827636719,38.9840087890625,137.75762939453125,31.730928421020508,pull,15,2025-11-18T13:52:43.777495,my_hand_data\videos\pull_seq15_20251118_135240_763029.avi,89.83967660511466,360,90,HIGH,VIDEO_RECORDING,2025-11-18T13:52:44.830725
2025-11-18 13:52:43.797845,272,517,HandType.Right,0.7645148634910583,81.64973449707031,147.730712890625,99.83228302001953,-0.17817242443561554,-0.9752916097640991,-0.1306174397468567,30.44525718688965,9.286706924438477,113.25899505615234,0.0,0.03789018467068672,45.65850830078125,0,1,1,1,1,37.93272399902344,124.91255950927734,86.63663482666016,39.67818832397461,138.00311279296875,34.26726150512695,pull,15,2025-11-18T13:52:43.797845,my_hand_data\videos\pull_seq15_20251118_135240_763029.avi,89.83967660511466,360,90,HIGH,VIDEO_RECORDING,2025-11-18T13:52:44.830725
2025-11-18 13:52:43.801320,273,517,HandType.Right,0.7645148634910583,81.64973449707031,147.730712890625,99.83228302001953,-0.17817242443561554,-0.9752916097640991,-0.1306174397468567,30.44525718688965,9.286706924438477,113.25899505615234,0.0,0.03789018467068672,45.65850830078125,0,1,1,1,1,37.93272399902344,124.91255950927734,86.63663482666016,39.67818832397461,138.00311279296875,34.26726150512695,pull,15,2025-11-18T13:52:43.801320,my_hand_data\videos\pull_seq15_20251118_135240_763029.avi,89.83967660511466,360,90,HIGH,VIDEO_RECORDING,2025-11-18T13:52:44.830725
2025-11-18 13:52:43.818146,274,517,HandType.Right,0.7644076943397522,81.99723052978516,147.8961639404297,101.15306854248047,-0.1807035356760025,-0.9747060537338257,-0.13150803744792938,30.976943969726562,14.749497413635254,117.73770141601562,0.0,0.03882206603884697,45.62112045288086,0,1,1,1,1,37.96331024169922,125.31172943115234,87.96316528320312,40.03093338012695,138.1031494140625,35.56168746948242,pull,15,2025-11-18T13:52:43.818146,my_hand_data\videos\pull_seq15_20251118_135240_763029.avi,89.83967660511466,360,90,HIGH,VIDEO_RECORDING,2025-11-18T13:52:44.830725
2025-11-18 13:52:43.828501,275,517,HandType.Right,0.765086829662323,82.31159973144531,147.9777069091797,102.49208068847656,-0.1840689331293106,-0.973977267742157,-0.13223786652088165,28.70162010192871,7.445013999938965,122.25091552734375,0.0,0.03981606289744377,45.61705780029297,0,1,1,1,1,37.963539123535156,125.57003021240234,89.32048034667969,40.31681823730469,138.12277221679688,36.90342712402344,pull,15,2025-11-18T13:52:43.828501,my_hand_data\videos\pull_seq15_20251118_135240_763029.avi,89.83967660511466,360,90,HIGH,VIDEO_RECORDING,2025-11-18T13:52:44.830725
2025-11-18 13:52:43.828501,276,517,HandType.Right,0.7652121782302856,82.63883972167969,148.0801239013672,103.81885528564453,-0.18741942942142487,-0.9732478857040405,-0.13290056586265564,29.62209701538086,9.270764350891113,120.10296630859375,0.0,0.041623469442129135,45.61929702758789,0,1,1,1,1,37.95976638793945,125.86154174804688,90.71257781982422,40.53318405151367,137.98605346679688,38.265830993652344,pull,15,2025-11-18T13:52:43.828501,my_hand_data\videos\pull_seq15_20251118_135240_763029.avi,89.83967660511466,360,90,HIGH,VIDEO_RECORDING,2025-11-18T13:52:44.830725
2025-11-18 13:52:43.848586,277,517,HandType.Right,0.7647186517715454,82.9512939453125,148.22439575195312,105.14591217041016,-0.19094154238700867,-0.9725545048713684,-0.13296274840831757,27.823156356811523,12.847082138061523,118.17048645019531,0.0,0.042473532259464264,45.66916275024414,0,1,1,1,1,38.04574203491211,126.03457641601562,92.14047241210938,40.732486724853516,137.71571350097656,39.624290466308594,pull,15,2025-11-18T13:52:43.848586,my_hand_data\videos\pull_seq15_20251118_135240_763029.avi,89.83967660511466,360,90,HIGH,VIDEO_RECORDING,2025-11-18T13:52:44.830725
2025-11-18 13:52:43.859009,278,517,HandType.Right,0.7637868523597717,83.24076080322266,148.2796173095703,106.54932403564453,-0.19362029433250427,-0.9720250964164734,-0.13296017050743103,25.95929527282715,4.952575206756592,125.85488891601562,0.0,0.042536042630672455,45.69826889038086,0,1,1,1,1,38.1138801574707,126.14266204833984,93.6396255493164,40.883819580078125,137.56842041015625,41.06970977783203,pull,15,2025-11-18T13:52:43.859009,my_hand_data\videos\pull_seq15_20251118_135240_763029.avi,89.83967660511466,360,90,HIGH,VIDEO_RECORDING,2025-11-18T13:52:44.830725
2025-11-18 13:52:43.869473,279,517,HandType.Right,0.7630756497383118,83.54058837890625,148.3566131591797,108.0484390258789,-0.19464954733848572,-0.9717348217964172,-0.1335778832435608,26.841947555541992,6.891851425170898,134.20895385742188,0.0,0.0438651479780674,45.702144622802734,0,1,1,1,1,38.210975646972656,126.25823974609375,95.15682983398438,41.102256774902344,137.48110961914062,42.59736251831055,pull,15,2025-11-18T13:52:43.869473,my_hand_data\videos\pull_seq15_20251118_135240_763029.avi,89.83967660511466,360,90,HIGH,VIDEO_RECORDING,2025-11-18T13:52:44.830725
2025-11-18 13:52:43.879631,280,517,HandType.Right,0.762387752532959,83.77461242675781,148.4136505126953,109.5071792602539,-0.19560225307941437,-0.9713668823242188,-0.13485604524612427,21.1306209564209,5.150169372558594,131.7149658203125,0.0,0.04638053476810455,45.67925262451172,0,1,1,1,1,38.31309509277344,126.34843444824219,96.57778930664062,41.24214553833008,137.4464111328125,44.08143615722656,pull,15,2025-11-18T13:52:43.879631,my_hand_data\videos\pull_seq15_20251118_135240_763029.avi,89.83967660511466,360,90,HIGH,VIDEO_RECORDING,2025-11-18T13:52:44.830725
2025-11-18 13:52:43.889732,281,517,HandType.Right,0.7621309161186218,84.0194091796875,148.50596618652344,111.00286102294922,-0.19584564864635468,-0.971121609210968,-0.13626183569431305,22.321313858032227,8.417887687683105,136.3800811767578,0.0,0.0474572591483593,45.675148010253906,0,1,1,1,1,38.50149154663086,126.44117736816406,98.07117462158203,41.42170333862305,137.45574951171875,45.593074798583984,pull,15,2025-11-18T13:52:43.889732,my_hand_data\videos\pull_seq15_20251118_135240_763029.avi,89.83967660511466,360,90,HIGH,VIDEO_RECORDING,2025-11-18T13:52:44.830725
2025-11-18 13:52:43.900065,282,517,HandType.Right,0.7621115446090698,84.22933959960938,148.65147399902344,112.42214965820312,-0.19741131365299225,-0.9705904126167297,-0.13777880370616913,18.618927001953125,12.905628204345703,125.87945556640625,0.0,0.04886474087834358,45.705020904541016,0,1,1,1,1,38.68239974975586,126.56460571289062,99.48159790039062,41.58435821533203,137.51817321777344,47.03712463378906,pull,15,2025-11-18T13:52:43.900065,my_hand_data\videos\pull_seq15_20251118_135240_763029.avi,89.83967660511466,360,90,HIGH,VIDEO_RECORDING,2025-11-18T13:52:44.830725
2025-11-18 13:52:43.920384,283,517,HandType.Right,0.7620036005973816,84.62910461425781,149.03529357910156,115.4758071899414,-0.20045630633831024,-0.9696797728538513,-0.13977976143360138,18.498077392578125,19.530115127563477,138.05435180664062,0.0,0.05148232728242874,45.76834487915039,0,1,1,1,1,38.915950775146484,126.80430603027344,102.4905776977539,41.94188690185547,137.49977111816406,50.09436798095703,pull,15,2025-11-18T13:52:43.920384,my_hand_data\videos\pull_seq15_20251118_135240_763029.avi,89.83967660511466,360,90,HIGH,VIDEO_RECORDING,2025-11-18T13:52:44.830725
2025-11-18 13:52:43.923358,284,517,HandType.Right,0.7620036005973816,84.62910461425781,149.03529357910156,115.4758071899414,-0.20045630633831024,-0.9696797728538513,-0.13977976143360138,18.498077392578125,19.530115127563477,138.05435180664062,0.0,0.05148232728242874,45.76834487915039,0,1,1,1,1,38.915950775146484,126.80430603027344,102.4905776977539,41.94188690185547,137.49977111816406,50.09436798095703,pull,15,2025-11-18T13:52:43.923358,my_hand_data\videos\pull_seq15_20251118_135240_763029.avi,89.83967660511466,360,90,HIGH,VIDEO_RECORDING,2025-11-18T13:52:44.830725
2025-11-18 13:52:43.940431,285,517,HandType.Right,0.7604032754898071,85.04438781738281,149.23605346679688,118.55630493164062,-0.2029583603143692,-0.9688425064086914,-0.14195793867111206,19.8393611907959,5.896017074584961,139.1184539794922,0.0,0.049255017191171646,45.7974853515625,0,1,1,1,1,39.254703521728516,126.90786743164062,105.562255859375,42.31203842163086,137.2024383544922,53.01969528198242,pull,15,2025-11-18T13:52:43.940431,my_hand_data\videos\pull_seq15_20251118_135240_763029.avi,89.83967660511466,360,90,HIGH,VIDEO_RECORDING,2025-11-18T13:52:44.830725
2025-11-18 13:52:43.944157,286,517,HandType.Right,0.7604032754898071,85.04438781738281,149.23605346679688,118.55630493164062,-0.2029583603143692,-0.9688425064086914,-0.14195793867111206,19.8393611907959,5.896017074584961,139.1184539794922,0.0,0.049255017191171646,45.7974853515625,0,1,1,1,1,39.254703521728516,126.90786743164062,105.562255859375,42.31203842163086,137.2024383544922,53.01969528198242,pull,15,2025-11-18T13:52:43.944157,my_hand_data\videos\pull_seq15_20251118_135240_763029.avi,89.83967660511466,360,90,HIGH,VIDEO_RECORDING,2025-11-18T13:52:44.830725
2025-11-18 13:52:43.960949,287,517,HandType.Right,0.7600226402282715,85.36044311523438,149.36373901367188,120.18406677246094,-0.2042206972837448,-0.968277096748352,-0.14399097859859467,28.498966217041016,11.5136079788208,146.77734375,0.0,0.04836365953087807,45.8017692565918,0,1,1,1,1,39.373008728027344,127.0437240600586,107.1804428100586,42.495277404785156,137.22608947753906,54.59257125854492,pull,15,2025-11-18T13:52:43.960949,my_hand_data\videos\pull_seq15_20251118_135240_763029.avi,89.83967660511466,360,90,HIGH,VIDEO_RECORDING,2025-11-18T13:52:44.830725
2025-11-18 13:52:43.970967,288,517,HandType.Right,0.7578926086425781,85.69425964355469,149.5032501220703,121.85694122314453,-0.2058875560760498,-0.9676200747489929,-0.14601944386959076,30.019136428833008,12.546551704406738,150.43849182128906,0.0,0.047588761895895004,45.81637191772461,0,1,1,1,1,39.61909866333008,127.16883087158203,108.86966705322266,42.66862869262695,137.25221252441406,56.2396125793457,pull,15,2025-11-18T13:52:43.970967,my_hand_data\videos\pull_seq15_20251118_135240_763029.avi,89.83967660511466,360,90,HIGH,VIDEO_RECORDING,2025-11-18T13:52:44.830725
2025-11-18 13:52:43.981209,289,517,HandType.Right,0.756689190864563,86.0469741821289,149.61680603027344,123.52387237548828,-0.2083672285079956,-0.9668518304824829,-0.14758272469043732,31.87668228149414,10.261996269226074,150.64881896972656,0.0,0.04650668799877167,45.87166976928711,0,1,1,1,1,39.804927825927734,127.2587661743164,110.55281066894531,42.846221923828125,137.3612060546875,57.892547607421875,pull,15,2025-11-18T13:52:43.981209,my_hand_data\videos\pull_seq15_20251118_135240_763029.avi,89.83967660511466,360,90,HIGH,VIDEO_RECORDING,2025-11-18T13:52:44.830725
2025-11-18 13:52:43.991704,290,517,HandType.Right,0.7559557557106018,86.45858764648438,149.74325561523438,125.21673583984375,-0.20831550657749176,-0.9666727185249329,-0.1488238275051117,36.435489654541016,11.19323444366455,149.8507843017578,0.0,0.04426412284374237,45.89928436279297,0,1,1,1,1,40.15080261230469,127.38829803466797,112.29566955566406,43.0775146484375,137.47340393066406,59.55023956298828,pull,15,2025-11-18T13:52:43.991704,my_hand_data\videos\pull_seq15_20251118_135240_763029.avi,89.83967660511466,360,90,HIGH,VIDEO_RECORDING,2025-11-18T13:52:44.830725
2025-11-18 13:52:44.001370,291,517,HandType.Right,0.7555671334266663,86.8302001953125,149.81759643554688,126.85074615478516,-0.20836693048477173,-0.9662962555885315,-0.1511780172586441,34.402217864990234,6.882359504699707,151.2693328857422,0.0,0.04086848720908165,45.97014617919922,0,1,1,1,1,40.48759841918945,127.5035171508789,114.03784942626953,43.30663299560547,137.54034423828125,61.15791320800781,pull,15,2025-11-18T13:52:44.001370,my_hand_data\videos\pull_seq15_20251118_135240_763029.avi,89.83967660511466,360,90,HIGH,VIDEO_RECORDING,2025-11-18T13:52:44.830725
2025-11-18 13:52:44.021781,292,517,HandType.Right,0.7531870007514954,87.58868408203125,149.9838409423828,130.19271850585938,-0.21046952903270721,-0.9655008316040039,-0.15333212912082672,37.81972122192383,7.509876251220703,156.1189422607422,0.0,0.04085250198841095,46.06269836425781,0,1,1,1,1,41.22083282470703,127.59722900390625,117.46794128417969,43.92940139770508,137.69195556640625,64.59870910644531,pull,15,2025-11-18T13:52:44.021781,my_hand_data\videos\pull_seq15_20251118_135240_763029.avi,89.83967660511466,360,90,HIGH,VIDEO_RECORDING,2025-11-18T13:52:44.830725
2025-11-18 13:52:44.021781,293,517,HandType.Right,0.7531870007514954,87.58868408203125,149.9838409423828,130.19271850585938,-0.21046952903270721,-0.9655008316040039,-0.15333212912082672,37.81972122192383,7.509876251220703,156.1189422607422,0.0,0.04085250198841095,46.06269836425781,0,1,1,1,1,41.22083282470703,127.59722900390625,117.46794128417969,43.92940139770508,137.69195556640625,64.59870910644531,pull,15,2025-11-18T13:52:44.021781,my_hand_data\videos\pull_seq15_20251118_135240_763029.avi,89.83967660511466,360,90,HIGH,VIDEO_RECORDING,2025-11-18T13:52:44.830725
2025-11-18 13:52:44.042232,294,517,HandType.Right,0.7515523433685303,88.4186782836914,150.00572204589844,133.593505859375,-0.21078886091709137,-0.9650261998176575,-0.15586046874523163,37.4796028137207,1.0509567260742188,150.7322540283203,0.0,0.04086849465966225,46.060733795166016,0,1,1,1,1,41.9759635925293,127.62637329101562,120.8917236328125,44.708797454833984,137.76840209960938,68.03223419189453,pull,15,2025-11-18T13:52:44.042232,my_hand_data\videos\pull_seq15_20251118_135240_763029.avi,89.83967660511466,360,90,HIGH,VIDEO_RECORDING,2025-11-18T13:52:44.830725
2025-11-18 13:52:44.044238,295,517,HandType.Right,0.7515523433685303,88.4186782836914,150.00572204589844,133.593505859375,-0.21078886091709137,-0.9650261998176575,-0.15586046874523163,37.4796028137207,1.0509567260742188,150.7322540283203,0.0,0.04086849465966225,46.060733795166016,0,1,1,1,1,41.9759635925293,127.62637329101562,120.8917236328125,44.708797454833984,137.76840209960938,68.03223419189453,pull,15,2025-11-18T13:52:44.044238,my_hand_data\videos\pull_seq15_20251118_135240_763029.avi,89.83967660511466,360,90,HIGH,VIDEO_RECORDING,2025-11-18T13:52:44.830725
2025-11-18 13:52:44.062323,296,517,HandType.Right,0.7495661973953247,89.36998748779297,150.0102996826172,136.9206085205078,-0.20964857935905457,-0.96463942527771,-0.1597442477941513,42.73823165893555,1.867624044418335,151.9049072265625,0.0,0.04009787365794182,46.13859558105469,0,1,1,1,1,42.77560043334961,127.6141128540039,124.35126495361328,45.403480529785156,137.8468780517578,71.47834014892578,pull,15,2025-11-18T13:52:44.062323,my_hand_data\videos\pull_seq15_20251118_135240_763029.avi,89.83967660511466,360,90,HIGH,VIDEO_RECORDING,2025-11-18T13:52:44.830725
2025-11-18 13:52:44.062323,297,517,HandType.Right,0.7495661973953247,89.36998748779297,150.0102996826172,136.9206085205078,-0.20964857935905457,-0.96463942527771,-0.1597442477941513,42.73823165893555,1.867624044418335,151.9049072265625,0.0,0.04009787365794182,46.13859558105469,0,1,1,1,1,42.77560043334961,127.6141128540039,124.35126495361328,45.403480529785156,137.8468780517578,71.47834014892578,pull,15,2025-11-18T13:52:44.062323,my_hand_data\videos\pull_seq15_20251118_135240_763029.avi,89.83967660511466,360,90,HIGH,VIDEO_RECORDING,2025-11-18T13:52:44.830725
2025-11-18 13:52:44.082545,298,517,HandType.Right,0.7490871548652649,89.86131286621094,150.04429626464844,138.59361267089844,-0.21005281805992126,-0.9642531275749207,-0.16153556108474731,44.16825485229492,3.0553972721099854,150.3960418701172,0.0,0.04236426204442978,46.1952018737793,0,1,1,1,1,43.22138977050781,127.61573791503906,126.0417709350586,45.74932861328125,138.05526733398438,73.28581237792969,pull,15,2025-11-18T13:52:44.082545,my_hand_data\videos\pull_seq15_20251118_135240_763029.avi,89.83967660511466,360,90,HIGH,VIDEO_RECORDING,2025-11-18T13:52:44.830725
2025-11-18 13:52:44.093154,299,517,HandType.Right,0.7484027147293091,90.2740249633789,150.0242919921875,140.11854553222656,-0.20924222469329834,-0.9641896486282349,-0.16296027600765228,37.20791244506836,-1.802496075630188,137.48056030273438,0.0,0.042651303112506866,46.190460205078125,0,1,1,1,1,43.619163513183594,127.61652374267578,127.61320495605469,46.00341033935547,138.03207397460938,74.85606384277344,pull,15,2025-11-18T13:52:44.093154,my_hand_data\videos\pull_seq15_20251118_135240_763029.avi,89.83967660511466,360,90,HIGH,VIDEO_RECORDING,2025-11-18T13:52:44.830725
2025-11-18 13:52:44.103192,300,517,HandType.Right,0.7464846968650818,90.7226791381836,150.07254028320312,141.6273956298828,-0.20821434259414673,-0.9640637040138245,-0.16500911116600037,40.234214782714844,4.3261919021606445,135.31004333496094,0.0,0.044309403747320175,46.24012756347656,0,1,1,1,1,44.14830780029297,127.62886047363281,129.22752380371094,46.32109069824219,137.77163696289062,76.46437072753906,pull,15,2025-11-18T13:52:44.103192,my_hand_data\videos\pull_seq15_20251118_135240_763029.avi,89.83967660511466,360,90,HIGH,VIDEO_RECORDING,2025-11-18T13:52:44.830725
2025-11-18 13:52:44.113533,301,517,HandType.Right,0.7457637786865234,91.23597717285156,150.12750244140625,143.2051239013672,-0.20926451683044434,-0.9636028409004211,-0.16636691987514496,46.748531341552734,5.0052876472473145,143.69204711914062,0.0,0.046016719192266464,46.280818939208984,0,1,1,1,1,44.678001403808594,127.61019134521484,130.9442138671875,46.80170822143555,137.67794799804688,78.21742248535156,pull,15,2025-11-18T13:52:44.113533,my_hand_data\videos\pull_seq15_20251118_135240_763029.avi,89.83967660511466,360,90,HIGH,VIDEO_RECORDING,2025-11-18T13:52:44.830725
2025-11-18 13:52:44.123787,302,517,HandType.Right,0.7456578612327576,91.845947265625,150.18313598632812,144.9200439453125,-0.20892135798931122,-0.9631983041763306,-0.16911809146404266,54.51057434082031,4.971532344818115,153.25408935546875,0.0,0.049141671508550644,46.24416732788086,0,1,1,1,1,45.251705169677734,127.56022644042969,132.70245361328125,47.32197189331055,137.5989990234375,80.07646942138672,pull,15,2025-11-18T13:52:44.123787,my_hand_data\videos\pull_seq15_20251118_135240_763029.avi,89.83967660511466,360,90,HIGH,VIDEO_RECORDING,2025-11-18T13:52:44.830725
2025-11-18 13:52:44.133883,303,517,HandType.Right,0.7450727224349976,92.43029022216797,150.19357299804688,146.65525817871094,-0.2092762440443039,-0.9625858068466187,-0.17213939130306244,52.43996810913086,0.93732750415802,155.72251892089844,0.0,0.052734144032001495,46.1990852355957,0,1,1,1,1,45.71589660644531,127.49415588378906,134.4607391357422,47.796363830566406,137.54310607910156,81.96339416503906,pull,15,2025-11-18T13:52:44.133883,my_hand_data\videos\pull_seq15_20251118_135240_763029.avi,89.83967660511466,360,90,HIGH,VIDEO_RECORDING,2025-11-18T13:52:44.830725
2025-11-18 13:52:44.154323,304,517,HandType.Right,0.7431395649909973,93.53890228271484,150.08535766601562,149.9777374267578,-0.20945152640342712,-0.961932897567749,-0.17554250359535217,45.5180549621582,-5.29255485534668,137.68307495117188,0.0,0.056649696081876755,46.12869644165039,0,1,1,1,1,46.68244934082031,127.24383544921875,137.77505493164062,48.73009490966797,137.36761474609375,85.44169616699219,pull,15,2025-11-18T13:52:44.154323,my_hand_data\videos\pull_seq15_20251118_135240_763029.avi,89.83967660511466,360,90,HIGH,VIDEO_RECORDING,2025-11-18T13:52:44.830725
2025-11-18 13:52:44.157868,305,517,HandType.Right,0.7431395649909973,93.53890228271484,150.08535766601562,149.9777374267578,-0.20945152640342712,-0.961932897567749,-0.17554250359535217,45.5180549621582,-5.29255485534668,137.68307495117188,0.0,0.056649696081876755,46.12869644165039,0,1,1,1,1,46.68244934082031,127.24383544921875,137.77505493164062,48.73009490966797,137.36761474609375,85.44169616699219,pull,15,2025-11-18T13:52:44.157868,my_hand_data\videos\pull_seq15_20251118_135240_763029.avi,89.83967660511466,360,90,HIGH,VIDEO_RECORDING,2025-11-18T13:52:44.830725
2025-11-18 13:52:44.174922,306,517,HandType.Right,0.741580069065094,94.49010467529297,149.96133422851562,152.99951171875,-0.21054235100746155,-0.961513102054596,-0.1765347421169281,45.36115264892578,-9.820099830627441,150.05052185058594,0.0,0.06206054240465164,46.083011627197266,0,1,1,1,1,47.58504867553711,126.85730743408203,140.85147094726562,49.443946838378906,137.13348388671875,88.73792266845703,pull,15,2025-11-18T13:52:44.174922,my_hand_data\videos\pull_seq15_20251118_135240_763029.avi,89.83967660511466,360,90,HIGH,VIDEO_RECORDING,2025-11-18T13:52:44.830725
2025-11-18 13:52:44.178872,307,517,HandType.Right,0.741580069065094,94.49010467529297,149.96133422851562,152.99951171875,-0.21054235100746155,-0.961513102054596,-0.1765347421169281,45.36115264892578,-9.820099830627441,150.05052185058594,0.0,0.06206054240465164,46.083011627197266,0,1,1,1,1,47.58504867553711,126.85730743408203,140.85147094726562,49.443946838378906,137.13348388671875,88.73792266845703,pull,15,2025-11-18T13:52:44.178872,my_hand_data\videos\pull_seq15_20251118_135240_763029.avi,89.83967660511466,360,90,HIGH,VIDEO_RECORDING,2025-11-18T13:52:44.830725
2025-11-18 13:52:44.195523,308,517,HandType.Right,0.7367940545082092,95.56243896484375,149.982421875,155.9894256591797,-0.2094517946243286,-0.9611911773681641,-0.17955902218818665,50.734596252441406,2.9458200931549072,130.5028839111328,0.0,0.06808792799711227,45.92169952392578,0,1,1,1,1,48.683746337890625,126.790283203125,143.89666748046875,50.232181549072266,136.98416137695312,91.96861267089844,pull,15,2025-11-18T13:52:44.195523,my_hand_data\videos\pull_seq15_20251118_135240_763029.avi,89.83967660511466,360,90,HIGH,VIDEO_RECORDING,2025-11-18T13:52:44.830725
2025-11-18 13:52:44.205718,309,517,HandType.Right,0.7367940545082092,95.56243896484375,149.982421875,155.9894256591797,-0.2094517946243286,-0.9611911773681641,-0.17955902218818665,50.734596252441406,2.9458200931549072,130.5028839111328,0.0,0.06808792799711227,45.92169952392578,0,1,1,1,1,48.683746337890625,126.790283203125,143.89666748046875,50.232181549072266,136.98416137695312,91.96861267089844,pull,15,2025-11-18T13:52:44.205718,my_hand_data\videos\pull_seq15_20251118_135240_763029.avi,89.83967660511466,360,90,HIGH,VIDEO_RECORDING,2025-11-18T13:52:44.830725
2025-11-18 13:52:44.215950,310,517,HandType.Right,0.7346314191818237,96.16554260253906,150.042236328125,157.5103759765625,-0.21073979139328003,-0.9607077240943909,-0.1806361824274063,54.09013748168945,5.365007400512695,136.4077911376953,0.0,0.06997435539960861,45.8994255065918,0,1,1,1,1,49.21779251098633,126.83834075927734,145.49774169921875,50.67623519897461,137.03872680664062,93.63508605957031,pull,15,2025-11-18T13:52:44.215950,my_hand_data\videos\pull_seq15_20251118_135240_763029.avi,89.83967660511466,360,90,HIGH,VIDEO_RECORDING,2025-11-18T13:52:44.830725
2025-11-18 13:52:44.226198,311,517,HandType.Right,0.7338889241218567,96.81297302246094,150.14198303222656,159.08538818359375,-0.2114255577325821,-0.9604189395904541,-0.18136893212795258,59.692649841308594,9.197135925292969,145.21717834472656,0.0,0.06977253407239914,45.929866790771484,0,1,1,1,1,49.82447814941406,126.93122100830078,147.13784790039062,51.2142333984375,137.23252868652344,95.28795623779297,pull,15,2025-11-18T13:52:44.226198,my_hand_data\videos\pull_seq15_20251118_135240_763029.avi,89.83967660511466,360,90,HIGH,VIDEO_RECORDING,2025-11-18T13:52:44.830725
2025-11-18 13:52:44.236414,312,517,HandType.Right,0.7328256368637085,97.45465850830078,150.17359924316406,160.5674285888672,-0.21219801902770996,-0.9598895311355591,-0.18325965106487274,57.37025451660156,2.8254501819610596,132.50230407714844,0.0,0.07135418802499771,45.9019889831543,0,1,1,1,1,50.45943832397461,126.98936462402344,148.66482543945312,51.73088455200195,137.34046936035156,96.87811279296875,pull,15,2025-11-18T13:52:44.236414,my_hand_data\videos\pull_seq15_20251118_135240_763029.avi,89.83967660511466,360,90,HIGH,VIDEO_RECORDING,2025-11-18T13:52:44.830725
2025-11-18 13:52:44.246769,313,517,HandType.Right,0.7320573329925537,98.06157684326172,150.27362060546875,162.03892517089844,-0.21384963393211365,-0.9594893455505371,-0.18343530595302582,55.074214935302734,9.077564239501953,133.52914428710938,0.0,0.07565394043922424,45.82638931274414,0,1,1,1,1,51.031578063964844,127.04795837402344,150.14730834960938,52.186370849609375,137.45973205566406,98.51937866210938,pull,15,2025-11-18T13:52:44.246769,my_hand_data\videos\pull_seq15_20251118_135240_763029.avi,89.83967660511466,360,90,HIGH,VIDEO_RECORDING,2025-11-18T13:52:44.830725
2025-11-18 13:52:44.256794,314,517,HandType.Right,0.7286767363548279,98.63128662109375,150.3004913330078,163.3814697265625,-0.21372613310813904,-0.9591320753097534,-0.18543681502342224,49.65683364868164,2.342196226119995,117.01795959472656,0.0,0.07773444801568985,45.78974151611328,0,1,1,1,1,51.611446380615234,127.06303405761719,151.5134735107422,52.72819137573242,137.4766845703125,99.95893096923828,pull,15,2025-11-18T13:52:44.256794,my_hand_data\videos\pull_seq15_20251118_135240_763029.avi,89.83967660511466,360,90,HIGH,VIDEO_RECORDING,2025-11-18T13:52:44.830725
2025-11-18 13:52:44.267034,315,517,HandType.Right,0.7248433828353882,99.17330932617188,150.22982788085938,164.6637725830078,-0.2136891931295395,-0.9588645696640015,-0.1868572235107422,49.21638870239258,-6.417475700378418,116.43460083007812,0.0,0.07764866948127747,45.80649948120117,0,1,1,1,1,52.19024658203125,127.0263671875,152.8599853515625,53.235069274902344,137.5997314453125,101.33049011230469,pull,15,2025-11-18T13:52:44.267034,my_hand_data\videos\pull_seq15_20251118_135240_763029.avi,89.83967660511466,360,90,HIGH,VIDEO_RECORDING,2025-11-18T13:52:44.830725
2025-11-18 13:52:44.288085,316,517,HandType.Right,0.7197779417037964,100.38675689697266,150.43716430664062,167.32003784179688,-0.21582184731960297,-0.9575439691543579,-0.19112955033779144,53.38054275512695,7.654583930969238,113.46369934082031,0.0,0.0870104432106018,45.69659423828125,0,1,1,1,1,53.44098663330078,127.27336883544922,155.4761505126953,54.3299446105957,138.0776824951172,104.31143188476562,pull,15,2025-11-18T13:52:44.288085,my_hand_data\videos\pull_seq15_20251118_135240_763029.avi,89.83967660511466,360,90,HIGH,VIDEO_RECORDING,2025-11-18T13:52:44.830725
2025-11-18 13:52:44.292806,317,517,HandType.Right,0.7197779417037964,100.38675689697266,150.43716430664062,167.32003784179688,-0.21582184731960297,-0.9575439691543579,-0.19112955033779144,53.38054275512695,7.654583930969238,113.46369934082031,0.0,0.0870104432106018,45.69659423828125,0,1,1,1,1,53.44098663330078,127.27336883544922,155.4761505126953,54.3299446105957,138.0776824951172,104.31143188476562,pull,15,2025-11-18T13:52:44.292806,my_hand_data\videos\pull_seq15_20251118_135240_763029.avi,89.83967660511466,360,90,HIGH,VIDEO_RECORDING,2025-11-18T13:52:44.830725
2025-11-18 13:52:44.309663,318,517,HandType.Right,0.7161657810211182,101.59329986572266,150.64170837402344,169.78689575195312,-0.22055684030056,-0.9555374979972839,-0.1957108974456787,54.44013977050781,8.982545852661133,117.42529296875,0.0,0.10144343227148056,45.512203216552734,0,1,1,1,1,54.64646530151367,127.4231948852539,157.9711151123047,55.4299430847168,138.22708129882812,107.30328369140625,pull,15,2025-11-18T13:52:44.309663,my_hand_data\videos\pull_seq15_20251118_135240_763029.avi,89.83967660511466,360,90,HIGH,VIDEO_RECORDING,2025-11-18T13:52:44.830725
2025-11-18 13:52:44.313680,319,517,HandType.Right,0.7161657810211182,101.59329986572266,150.64170837402344,169.78689575195312,-0.22055684030056,-0.9555374979972839,-0.1957108974456787,54.44013977050781,8.982545852661133,117.42529296875,0.0,0.10144343227148056,45.512203216552734,0,1,1,1,1,54.64646530151367,127.4231948852539,157.9711151123047,55.4299430847168,138.22708129882812,107.30328369140625,pull,15,2025-11-18T13:52:44.313680,my_hand_data\videos\pull_seq15_20251118_135240_763029.avi,89.83967660511466,360,90,HIGH,VIDEO_RECORDING,2025-11-18T13:52:44.830725
2025-11-18 13:52:44.330229,320,517,HandType.Right,0.712665855884552,102.71644592285156,150.7675018310547,172.4756622314453,-0.22493737936019897,-0.9541144371032715,-0.1976582556962967,48.66373062133789,3.5666871070861816,124.84173583984375,0.0,0.11406474560499191,45.2803955078125,0,1,1,1,1,55.805328369140625,127.55623626708984,160.6542205810547,56.29632568359375,138.40171813964844,110.4333267211914,pull,15,2025-11-18T13:52:44.330229,my_hand_data\videos\pull_seq15_20251118_135240_763029.avi,89.83967660511466,360,90,HIGH,VIDEO_RECORDING,2025-11-18T13:52:44.830725
2025-11-18 13:52:44.334157,321,517,HandType.Right,0.712665855884552,102.71644592285156,150.7675018310547,172.4756622314453,-0.22493737936019897,-0.9541144371032715,-0.1976582556962967,48.66373062133789,3.5666871070861816,124.84173583984375,0.0,0.11406474560499191,45.2803955078125,0,1,1,1,1,55.805328369140625,127.55623626708984,160.6542205810547,56.29632568359375,138.40171813964844,110.4333267211914,pull,15,2025-11-18T13:52:44.334157,my_hand_data\videos\pull_seq15_20251118_135240_763029.avi,89.83967660511466,360,90,HIGH,VIDEO_RECORDING,2025-11-18T13:52:44.830725
2025-11-18 13:52:44.350719,322,517,HandType.Right,0.709975004196167,103.7547836303711,150.8290557861328,175.2869415283203,-0.2260715514421463,-0.9531139731407166,-0.20116013288497925,44.86284255981445,0.3753647804260254,122.53150177001953,0.0,0.11726773530244827,45.24664306640625,0,1,1,1,1,56.88818359375,127.64771270751953,163.45098876953125,57.04484558105469,138.86474609375,113.41991424560547,pull,15,2025-11-18T13:52:44.350719,my_hand_data\videos\pull_seq15_20251118_135240_763029.avi,89.83967660511466,360,90,HIGH,VIDEO_RECORDING,2025-11-18T13:52:44.830725
2025-11-18 13:52:44.356220,323,517,HandType.Right,0.709975004196167,103.7547836303711,150.8290557861328,175.2869415283203,-0.2260715514421463,-0.9531139731407166,-0.20116013288497925,44.86284255981445,0.3753647804260254,122.53150177001953,0.0,0.11726773530244827,45.24664306640625,0,1,1,1,1,56.88818359375,127.64771270751953,163.45098876953125,57.04484558105469,138.86474609375,113.41991424560547,pull,15,2025-11-18T13:52:44.356220,my_hand_data\videos\pull_seq15_20251118_135240_763029.avi,89.83967660511466,360,90,HIGH,VIDEO_RECORDING,2025-11-18T13:52:44.830725
2025-11-18 13:52:44.370528,324,517,HandType.Right,0.7088801264762878,104.22787475585938,150.87881469726562,176.5987091064453,-0.22531239688396454,-0.9527125358581543,-0.20389507710933685,43.46682357788086,4.571950435638428,120.522216796875,0.0,0.11941176652908325,45.20061111450195,0,1,1,1,1,57.36530685424805,127.64361572265625,164.742919921875,57.344696044921875,138.96310424804688,114.80779266357422,pull,15,2025-11-18T13:52:44.370528,my_hand_data\videos\pull_seq15_20251118_135240_763029.avi,89.83967660511466,360,90,HIGH,VIDEO_RECORDING,2025-11-18T13:52:44.830725
2025-11-18 13:52:44.380738,325,517,HandType.Right,0.7067812085151672,104.74615478515625,150.87481689453125,177.93551635742188,-0.22452223300933838,-0.9524785876274109,-0.20585012435913086,46.1923942565918,-0.3559589087963104,119.14530181884766,0.0,0.12101107835769653,45.142311096191406,0,1,1,1,1,57.879390716552734,127.59199523925781,166.06365966796875,57.717559814453125,138.948974609375,116.19141387939453,pull,15,2025-11-18T13:52:44.380738,my_hand_data\videos\pull_seq15_20251118_135240_763029.avi,89.83967660511466,360,90,HIGH,VIDEO_RECORDING,2025-11-18T13:52:44.830725
2025-11-18 13:52:44.391071,326,517,HandType.Right,0.7029113173484802,105.34481048583984,150.89732360839844,179.34466552734375,-0.22434300184249878,-0.9521539807319641,-0.20754030346870422,53.92802429199219,2.0270402431488037,126.93907928466797,0.0,0.12357964366674423,45.084136962890625,0,1,1,1,1,58.46476745605469,127.53083038330078,167.46563720703125,58.039306640625,138.99310302734375,117.71033477783203,pull,15,2025-11-18T13:52:44.391071,my_hand_data\videos\pull_seq15_20251118_135240_763029.avi,89.83967660511466,360,90,HIGH,VIDEO_RECORDING,2025-11-18T13:52:44.830725
2025-11-18 13:52:44.401090,327,517,HandType.Right,0.7027949690818787,105.81076049804688,150.78282165527344,180.63003540039062,-0.22485284507274628,-0.9519146680831909,-0.20808565616607666,42.20914077758789,-10.372590065002441,116.43925476074219,0.0,0.1276700794696808,45.00202178955078,0,1,1,1,1,58.91911697387695,127.39391326904297,168.74586486816406,58.38970947265625,138.8839874267578,119.14325714111328,pull,15,2025-11-18T13:52:44.401090,my_hand_data\videos\pull_seq15_20251118_135240_763029.avi,89.83967660511466,360,90,HIGH,VIDEO_RECORDING,2025-11-18T13:52:44.830725
2025-11-18 13:52:44.411366,328,517,HandType.Right,0.7005495429039001,106.3118896484375,150.6778564453125,181.97824096679688,-0.2259829044342041,-0.951262891292572,-0.20983470976352692,44.72797775268555,-9.368614196777344,120.33161926269531,0.0,0.13585633039474487,44.89768600463867,0,1,1,1,1,59.42150115966797,127.23963165283203,170.11720275878906,58.81709671020508,138.72171020507812,120.79576873779297,pull,15,2025-11-18T13:52:44.411366,my_hand_data\videos\pull_seq15_20251118_135240_763029.avi,89.83967660511466,360,90,HIGH,VIDEO_RECORDING,2025-11-18T13:52:44.830725
2025-11-18 13:52:44.431832,329,517,HandType.Right,0.6972471475601196,107.22792053222656,150.3868408203125,184.86427307128906,-0.22561362385749817,-0.9508588314056396,-0.21205171942710876,39.49895095825195,-14.258602142333984,129.59231567382812,0.0,0.14941641688346863,44.59188461303711,0,1,1,1,1,60.35335922241211,126.93260955810547,173.0756378173828,59.49835968017578,138.33531188964844,124.2227783203125,pull,15,2025-11-18T13:52:44.431832,my_hand_data\videos\pull_seq15_20251118_135240_763029.avi,89.83967660511466,360,90,HIGH,VIDEO_RECORDING,2025-11-18T13:52:44.830725
2025-11-18 13:52:44.435427,330,517,HandType.Right,0.6972471475601196,107.22792053222656,150.3868408203125,184.86427307128906,-0.22561362385749817,-0.9508588314056396,-0.21205171942710876,39.49895095825195,-14.258602142333984,129.59231567382812,0.0,0.14941641688346863,44.59188461303711,0,1,1,1,1,60.35335922241211,126.93260955810547,173.0756378173828,59.49835968017578,138.33531188964844,124.2227783203125,pull,15,2025-11-18T13:52:44.435427,my_hand_data\videos\pull_seq15_20251118_135240_763029.avi,89.83967660511466,360,90,HIGH,VIDEO_RECORDING,2025-11-18T13:52:44.830725
2025-11-18 13:52:44.452566,331,517,HandType.Right,0.696552574634552,108.17247009277344,150.09237670898438,187.8889923095703,-0.22728511691093445,-0.9499209523200989,-0.2144566774368286,42.33722686767578,-14.18741226196289,139.94712829589844,0.0,0.16696374118328094,44.31296920776367,0,1,1,1,1,61.332950592041016,126.60941314697266,176.22390747070312,60.248313903808594,138.18167114257812,128.05398559570312,pull,15,2025-11-18T13:52:44.452566,my_hand_data\videos\pull_seq15_20251118_135240_763029.avi,89.83967660511466,360,90,HIGH,VIDEO_RECORDING,2025-11-18T13:52:44.830725
2025-11-18 13:52:44.458011,332,517,HandType.Right,0.696552574634552,108.17247009277344,150.09237670898438,187.8889923095703,-0.22728511691093445,-0.9499209523200989,-0.2144566774368286,42.33722686767578,-14.18741226196289,139.94712829589844,0.0,0.16696374118328094,44.31296920776367,0,1,1,1,1,61.332950592041016,126.60941314697266,176.22390747070312,60.248313903808594,138.18167114257812,128.05398559570312,pull,15,2025-11-18T13:52:44.458011,my_hand_data\videos\pull_seq15_20251118_135240_763029.avi,89.83967660511466,360,90,HIGH,VIDEO_RECORDING,2025-11-18T13:52:44.830725
2025-11-18 13:52:44.472697,333,517,HandType.Right,0.6951609253883362,109.13750457763672,149.84666442871094,191.09072875976562,-0.23132704198360443,-0.9483996033668518,-0.21685490012168884,44.27494812011719,-11.856831550598145,144.05950927734375,0.0,0.1896081566810608,43.955894470214844,0,1,1,1,1,62.22886657714844,126.24443817138672,179.51077270507812,61.00788497924805,137.84690856933594,132.16812133789062,pull,15,2025-11-18T13:52:44.472697,my_hand_data\videos\pull_seq15_20251118_135240_763029.avi,89.83967660511466,360,90,HIGH,VIDEO_RECORDING,2025-11-18T13:52:44.830725
2025-11-18 13:52:44.478009,334,517,HandType.Right,0.6951609253883362,109.13750457763672,149.84666442871094,191.09072875976562,-0.23132704198360443,-0.9483996033668518,-0.21685490012168884,44.27494812011719,-11.856831550598145,144.05950927734375,0.0,0.1896081566810608,43.955894470214844,0,1,1,1,1,62.22886657714844,126.24443817138672,179.51077270507812,61.00788497924805,137.84690856933594,132.16812133789062,pull,15,2025-11-18T13:52:44.478009,my_hand_data\videos\pull_seq15_20251118_135240_763029.avi,89.83967660511466,360,90,HIGH,VIDEO_RECORDING,2025-11-18T13:52:44.830725
2025-11-18 13:52:44.493399,335,517,HandType.Right,0.6949058175086975,109.53258514404297,149.65750122070312,192.5143585205078,-0.23052625358104706,-0.9479196667671204,-0.2197861522436142,34.90679931640625,-16.712265014648438,125.78333282470703,0.0,0.19430208206176758,43.86172866821289,0,1,1,1,1,62.601253509521484,126.034423828125,180.9539337158203,61.388221740722656,137.5792999267578,133.76821899414062,pull,15,2025-11-18T13:52:44.493399,my_hand_data\videos\pull_seq15_20251118_135240_763029.avi,89.83967660511466,360,90,HIGH,VIDEO_RECORDING,2025-11-18T13:52:44.830725
2025-11-18 13:52:44.503422,336,517,HandType.Right,0.69463711977005,109.91728973388672,149.3219451904297,193.92532348632812,-0.22993101179599762,-0.9476857781410217,-0.22141233086585999,34.47806167602539,-30.07415199279785,126.45358276367188,0.0,0.19773007929325104,43.765254974365234,0,1,1,1,1,62.99213409423828,125.69560241699219,182.41184997558594,61.74565124511719,137.18560791015625,135.34152221679688,pull,15,2025-11-18T13:52:44.503422,my_hand_data\videos\pull_seq15_20251118_135240_763029.avi,89.83967660511466,360,90,HIGH,VIDEO_RECORDING,2025-11-18T13:52:44.830725
2025-11-18 13:52:44.513634,337,517,HandType.Right,0.6922289729118347,110.32395935058594,148.9406280517578,195.30638122558594,-0.2304335981607437,-0.9473921656608582,-0.2221451699733734,36.89939880371094,-34.59868621826172,125.31105041503906,0.0,0.20280511677265167,43.68290328979492,0,1,1,1,1,63.44635009765625,125.32293701171875,183.94671630859375,62.063804626464844,136.66409301757812,137.01756286621094,pull,15,2025-11-18T13:52:44.513634,my_hand_data\videos\pull_seq15_20251118_135240_763029.avi,89.83967660511466,360,90,HIGH,VIDEO_RECORDING,2025-11-18T13:52:44.830725
2025-11-18 13:52:44.533659,338,517,HandType.Right,0.6850185394287109,111.34584045410156,148.4584197998047,198.2185821533203,-0.22948044538497925,-0.9468880295753479,-0.22525948286056519,47.223114013671875,-17.75251579284668,138.13858032226562,0.0,0.21702753007411957,43.30412673950195,0,1,1,1,1,64.6104965209961,124.77050018310547,187.07261657714844,62.81428909301758,135.5558319091797,140.52182006835938,pull,15,2025-11-18T13:52:44.533659,my_hand_data\videos\pull_seq15_20251118_135240_763029.avi,89.83967660511466,360,90,HIGH,VIDEO_RECORDING,2025-11-18T13:52:44.830725
2025-11-18 13:52:44.533659,339,517,HandType.Right,0.6850185394287109,111.34584045410156,148.4584197998047,198.2185821533203,-0.22948044538497925,-0.9468880295753479,-0.22525948286056519,47.223114013671875,-17.75251579284668,138.13858032226562,0.0,0.21702753007411957,43.30412673950195,0,1,1,1,1,64.6104965209961,124.77050018310547,187.07261657714844,62.81428909301758,135.5558319091797,140.52182006835938,pull,15,2025-11-18T13:52:44.533659,my_hand_data\videos\pull_seq15_20251118_135240_763029.avi,89.83967660511466,360,90,HIGH,VIDEO_RECORDING,2025-11-18T13:52:44.830725
2025-11-18 13:52:44.554602,340,517,HandType.Right,0.674038827419281,112.26773834228516,147.92327880859375,201.1946563720703,-0.2286882847547531,-0.9463396668434143,-0.22834816575050354,44.562721252441406,-26.361892700195312,140.06076049804688,0.0,0.24096252024173737,42.690792083740234,0,1,1,1,1,65.71410369873047,124.24015045166016,190.4842987060547,63.44568634033203,134.13241577148438,144.61923217773438,pull,15,2025-11-18T13:52:44.554602,my_hand_data\videos\pull_seq15_20251118_135240_763029.avi,89.83967660511466,360,90,HIGH,VIDEO_RECORDING,2025-11-18T13:52:44.830725
2025-11-18 13:52:44.559039,341,517,HandType.Right,0.674038827419281,112.26773834228516,147.92327880859375,201.1946563720703,-0.2286882847547531,-0.9463396668434143,-0.22834816575050354,44.562721252441406,-26.361892700195312,140.06076049804688,0.0,0.24096252024173737,42.690792083740234,0,1,1,1,1,65.71410369873047,124.24015045166016,190.4842987060547,63.44568634033203,134.13241577148438,144.61923217773438,pull,15,2025-11-18T13:52:44.559039,my_hand_data\videos\pull_seq15_20251118_135240_763029.avi,89.83967660511466,360,90,HIGH,VIDEO_RECORDING,2025-11-18T13:52:44.830725
2025-11-18 13:52:44.574949,342,517,HandType.Right,0.6660845875740051,113.33828735351562,147.40060424804688,204.39810180664062,-0.22662466764450073,-0.9455543160438538,-0.23359864950180054,49.243656158447266,-21.58271598815918,149.5080108642578,0.0,0.24752886593341827,42.48501968383789,0,1,1,1,1,66.77459716796875,123.60322570800781,194.083984375,64.08562469482422,133.12356567382812,148.3960418701172,pull,15,2025-11-18T13:52:44.574949,my_hand_data\videos\pull_seq15_20251118_135240_763029.avi,89.83967660511466,360,90,HIGH,VIDEO_RECORDING,2025-11-18T13:52:44.830725
2025-11-18 13:52:44.574949,343,517,HandType.Right,0.6660845875740051,113.33828735351562,147.40060424804688,204.39810180664062,-0.22662466764450073,-0.9455543160438538,-0.23359864950180054,49.243656158447266,-21.58271598815918,149.5080108642578,0.0,0.24752886593341827,42.48501968383789,0,1,1,1,1,66.77459716796875,123.60322570800781,194.083984375,64.08562469482422,133.12356567382812,148.3960418701172,pull,15,2025-11-18T13:52:44.574949,my_hand_data\videos\pull_seq15_20251118_135240_763029.avi,89.83967660511466,360,90,HIGH,VIDEO_RECORDING,2025-11-18T13:52:44.830725
2025-11-18 13:52:44.595230,344,517,HandType.Right,0.6605527400970459,114.28791046142578,146.97657775878906,207.44369506835938,-0.2271127849817276,-0.9449832439422607,-0.23542813956737518,47.7819938659668,-11.28231430053711,138.3357696533203,0.0,0.25665900111198425,42.38349914550781,0,1,1,1,1,67.70047760009766,123.03304290771484,197.49594116210938,64.77406311035156,132.47438049316406,152.13278198242188,pull,15,2025-11-18T13:52:44.595230,my_hand_data\videos\pull_seq15_20251118_135240_763029.avi,89.83967660511466,360,90,HIGH,VIDEO_RECORDING,2025-11-18T13:52:44.830725
2025-11-18 13:52:44.606114,345,517,HandType.Right,0.6546320915222168,114.7574691772461,146.72274780273438,208.97665405273438,-0.22669172286987305,-0.9448843002319336,-0.23622974753379822,42.34078598022461,-22.887008666992188,138.22964477539062,0.0,0.2597360610961914,42.29256057739258,0,1,1,1,1,68.23070526123047,122.74527740478516,199.1341094970703,65.16133117675781,132.01406860351562,153.84222412109375,pull,15,2025-11-18T13:52:44.606114,my_hand_data\videos\pull_seq15_20251118_135240_763029.avi,89.83967660511466,360,90,HIGH,VIDEO_RECORDING,2025-11-18T13:52:44.830725
2025-11-18 13:52:44.606114,346,517,HandType.Right,0.6546320915222168,114.7574691772461,146.72274780273438,208.97665405273438,-0.22669172286987305,-0.9448843002319336,-0.23622974753379822,42.34078598022461,-22.887008666992188,138.22964477539062,0.0,0.2597360610961914,42.29256057739258,0,1,1,1,1,68.23070526123047,122.74527740478516,199.1341094970703,65.16133117675781,132.01406860351562,153.84222412109375,pull,15,2025-11-18T13:52:44.606114,my_hand_data\videos\pull_seq15_20251118_135240_763029.avi,89.83967660511466,360,90,HIGH,VIDEO_RECORDING,2025-11-18T13:52:44.830725
2025-11-18 13:52:44.626216,347,517,HandType.Right,0.6511462330818176,115.1849594116211,146.46607971191406,210.42604064941406,-0.22420614957809448,-0.9448003768920898,-0.23892225325107574,37.92835235595703,-22.77358055114746,128.5945587158203,0.0,0.2601791322231293,42.189090728759766,0,1,1,1,1,68.6375503540039,122.50923919677734,200.6527099609375,65.54740905761719,131.5388641357422,155.32315063476562,pull,15,2025-11-18T13:52:44.626216,my_hand_data\videos\pull_seq15_20251118_135240_763029.avi,89.83967660511466,360,90,HIGH,VIDEO_RECORDING,2025-11-18T13:52:44.830725
2025-11-18 13:52:44.636264,348,517,HandType.Right,0.6489631533622742,115.63291931152344,146.2031707763672,211.71595764160156,-0.22215020656585693,-0.9444699883460999,-0.24212753772735596,40.76017761230469,-23.922414779663086,117.37114715576172,0.0,0.2653062045574188,42.02080535888672,0,1,1,1,1,69.05490112304688,122.2288589477539,202.00990295410156,65.95668029785156,130.9878387451172,156.8108673095703,pull,15,2025-11-18T13:52:44.636264,my_hand_data\videos\pull_seq15_20251118_135240_763029.avi,89.83967660511466,360,90,HIGH,VIDEO_RECORDING,2025-11-18T13:52:44.830725
2025-11-18 13:52:44.646549,349,517,HandType.Right,0.6448069214820862,116.21515655517578,146.11370849609375,213.1691131591797,-0.2213265299797058,-0.9441444277763367,-0.24414320290088654,51.43940734863281,-7.903649806976318,128.3814239501953,0.0,0.2662849724292755,42.010162353515625,0,1,1,1,1,69.56392669677734,122.09923553466797,203.61756896972656,66.52519226074219,130.7978973388672,158.44735717773438,pull,15,2025-11-18T13:52:44.646549,my_hand_data\videos\pull_seq15_20251118_135240_763029.avi,89.83967660511466,360,90,HIGH,VIDEO_RECORDING,2025-11-18T13:52:44.830725
2025-11-18 13:52:44.666697,350,517,HandType.Right,0.6379982233047485,117.38488006591797,146.15753173828125,216.12130737304688,-0.2186148464679718,-0.944172203540802,-0.24646791815757751,53.678035736083984,3.94913649559021,140.80604553222656,0.0,0.2696685194969177,42.02249526977539,0,1,1,1,1,70.692626953125,121.88848876953125,206.8875732421875,67.67867279052734,130.53492736816406,161.83358764648438,pull,15,2025-11-18T13:52:44.666697,my_hand_data\videos\pull_seq15_20251118_135240_763029.avi,89.83967660511466,360,90,HIGH,VIDEO_RECORDING,2025-11-18T13:52:44.830725
2025-11-18 13:52:44.666697,351,517,HandType.Right,0.6379982233047485,117.38488006591797,146.15753173828125,216.12130737304688,-0.2186148464679718,-0.944172203540802,-0.24646791815757751,53.678035736083984,3.94913649559021,140.80604553222656,0.0,0.2696685194969177,42.02249526977539,0,1,1,1,1,70.692626953125,121.88848876953125,206.8875732421875,67.67867279052734,130.53492736816406,161.83358764648438,pull,15,2025-11-18T13:52:44.666697,my_hand_data\videos\pull_seq15_20251118_135240_763029.avi,89.83967660511466,360,90,HIGH,VIDEO_RECORDING,2025-11-18T13:52:44.830725
2025-11-18 13:52:44.686891,352,517,HandType.Right,0.6314025521278381,118.42228698730469,146.1688232421875,219.0846405029297,-0.21701490879058838,-0.9437087774276733,-0.24963630735874176,45.80706024169922,-2.433567762374878,134.4626007080078,0.0,0.27463945746421814,41.938629150390625,0,1,1,1,1,71.64007568359375,121.830810546875,210.09762573242188,68.63545227050781,130.4563751220703,165.2242431640625,pull,15,2025-11-18T13:52:44.686891,my_hand_data\videos\pull_seq15_20251118_135240_763029.avi,89.83967660511466,360,90,HIGH,VIDEO_RECORDING,2025-11-18T13:52:44.830725
2025-11-18 13:52:44.688398,353,517,HandType.Right,0.6314025521278381,118.42228698730469,146.1688232421875,219.0846405029297,-0.21701490879058838,-0.9437087774276733,-0.24963630735874176,45.80706024169922,-2.433567762374878,134.4626007080078,0.0,0.27463945746421814,41.938629150390625,0,1,1,1,1,71.64007568359375,121.830810546875,210.09762573242188,68.63545227050781,130.4563751220703,165.2242431640625,pull,15,2025-11-18T13:52:44.688398,my_hand_data\videos\pull_seq15_20251118_135240_763029.avi,89.83967660511466,360,90,HIGH,VIDEO_RECORDING,2025-11-18T13:52:44.830725
2025-11-18 13:52:44.707582,354,517,HandType.Right,0.6253162026405334,119.41597747802734,146.279296875,222.1787872314453,-0.21559514105319977,-0.942898690700531,-0.2538911998271942,48.786598205566406,8.00768756866455,143.61953735351562,0.0,0.2873699367046356,41.71868896484375,0,1,1,1,1,72.53445434570312,121.92261505126953,213.2451171875,69.77689361572266,130.5121612548828,168.8063507080078,pull,15,2025-11-18T13:52:44.707582,my_hand_data\videos\pull_seq15_20251118_135240_763029.avi,89.83967660511466,360,90,HIGH,VIDEO_RECORDING,2025-11-18T13:52:44.830725
2025-11-18 13:52:44.712344,355,517,HandType.Right,0.6253162026405334,119.41597747802734,146.279296875,222.1787872314453,-0.21559514105319977,-0.942898690700531,-0.2538911998271942,48.786598205566406,8.00768756866455,143.61953735351562,0.0,0.2873699367046356,41.71868896484375,0,1,1,1,1,72.53445434570312,121.92261505126953,213.2451171875,69.77689361572266,130.5121612548828,168.8063507080078,pull,15,2025-11-18T13:52:44.712344,my_hand_data\videos\pull_seq15_20251118_135240_763029.avi,89.83967660511466,360,90,HIGH,VIDEO_RECORDING,2025-11-18T13:52:44.830725
2025-11-18 13:52:44.728352,356,517,HandType.Right,0.623104453086853,120.5456771850586,146.22145080566406,225.21304321289062,-0.21311108767986298,-0.9427301287651062,-0.25660011172294617,46.92942810058594,-10.854809761047363,132.70751953125,0.0,0.2981395423412323,41.46825408935547,0,1,1,1,1,73.60897827148438,121.83677673339844,216.4074249267578,70.9988784790039,130.19691467285156,172.29110717773438,pull,15,2025-11-18T13:52:44.728352,my_hand_data\videos\pull_seq15_20251118_135240_763029.avi,89.83967660511466,360,90,HIGH,VIDEO_RECORDING,2025-11-18T13:52:44.830725
2025-11-18 13:52:44.738399,357,517,HandType.Right,0.623104453086853,120.5456771850586,146.22145080566406,225.21304321289062,-0.21311108767986298,-0.9427301287651062,-0.25660011172294617,46.92942810058594,-10.854809761047363,132.70751953125,0.0,0.2981395423412323,41.46825408935547,0,1,1,1,1,73.60897827148438,121.83677673339844,216.4074249267578,70.9988784790039,130.19691467285156,172.29110717773438,pull,15,2025-11-18T13:52:44.738399,my_hand_data\videos\pull_seq15_20251118_135240_763029.avi,89.83967660511466,360,90,HIGH,VIDEO_RECORDING,2025-11-18T13:52:44.830725
2025-11-18 13:52:44.748588,358,517,HandType.Right,0.6237778067588806,120.98851776123047,146.0249481201172,226.5338134765625,-0.21194694936275482,-0.9423431754112244,-0.258974552154541,40.313514709472656,-17.88752555847168,120.23395538330078,0.0,0.29377517104148865,41.61714553833008,0,1,1,1,1,74.0862045288086,121.61357879638672,217.9317169189453,71.44212341308594,130.095458984375,173.677978515625,pull,15,2025-11-18T13:52:44.748588,my_hand_data\videos\pull_seq15_20251118_135240_763029.avi,89.83967660511466,360,90,HIGH,VIDEO_RECORDING,2025-11-18T13:52:44.830725
2025-11-18 13:52:44.758906,359,517,HandType.Right,0.6249350905418396,121.50666046142578,145.79782104492188,227.80955505371094,-0.2104688435792923,-0.9426437616348267,-0.25908613204956055,46.44869613647461,-20.361169815063477,114.36585235595703,0.0,0.288832426071167,41.82635498046875,0,1,1,1,1,74.6175537109375,121.28333282470703,219.40028381347656,72.00810241699219,129.89341735839844,174.98422241210938,pull,15,2025-11-18T13:52:44.758906,my_hand_data\videos\pull_seq15_20251118_135240_763029.avi,89.83967660511466,360,90,HIGH,VIDEO_RECORDING,2025-11-18T13:52:44.830725
2025-11-18 13:52:44.769345,360,517,HandType.Right,0.6246565580368042,122.04711151123047,145.49208068847656,229.1632080078125,-0.2066938877105713,-0.943375289440155,-0.2594623863697052,48.423763275146484,-27.393789291381836,121.28446197509766,0.0,0.2806254029273987,41.992919921875,0,1,1,1,1,75.15230560302734,121.02136993408203,220.91041564941406,72.55591583251953,129.75148010253906,176.2231903076172,pull,15,2025-11-18T13:52:44.769345,my_hand_data\videos\pull_seq15_20251118_135240_763029.avi,89.83967660511466,360,90,HIGH,VIDEO_RECORDING,2025-11-18T13:52:44.830725
