timestamp,frame_id,hand_id,hand_type,confidence,palm_x,palm_y,palm_z,palm_normal_x,palm_normal_y,palm_normal_z,palm_velocity_x,palm_velocity_y,palm_velocity_z,grab_strength,pinch_strength,pinch_distance,thumb_extended,index_extended,middle_extended,ring_extended,pinky_extended,thumb_tip_x,thumb_tip_y,thumb_tip_z,index_tip_x,index_tip_y,index_tip_z,gesture_type,sequence_id,recording_timestamp,video_file_path,performance_actual_fps,performance_total_frames,performance_target_fps,performance_quality,performance_mode,video_recording_time
2025-11-18 12:11:07.136845,1,298,HandType.Right,0.42510366439819336,282.5572509765625,121.797119140625,246.06976318359375,-0.915756344795227,0.021646985784173012,-0.40115049481391907,-6.172070503234863,15.957083702087402,4.9265289306640625,0.2269529104232788,0.8136573433876038,21.8494873046875,0,0,0,0,1,254.37557983398438,142.53604125976562,222.3597412109375,267.3070373535156,136.92123413085938,205.66688537597656,push,14,2025-11-18T12:11:07.136845,my_hand_data\videos\push_seq14_20251118_121107_120927.avi,89.75975800769244,360,90,HIGH,VIDEO_RECORDING,2025-11-18T12:11:11.224984
2025-11-18 12:11:07.142960,2,298,HandType.Right,0.42745310068130493,282.50799560546875,122.07782745361328,245.98426818847656,-0.9162617921829224,0.019399628043174744,-0.40011000633239746,-4.497785568237305,25.62861442565918,-7.805438041687012,0.227821484208107,0.814179003238678,21.841766357421875,0,0,0,0,1,254.24942016601562,142.66067504882812,222.2527313232422,267.1119384765625,136.9314727783203,205.5555877685547,push,14,2025-11-18T12:11:07.142960,my_hand_data\videos\push_seq14_20251118_121107_120927.avi,89.75975800769244,360,90,HIGH,VIDEO_RECORDING,2025-11-18T12:11:11.224984
2025-11-18 12:11:07.168453,3,298,HandType.Right,0.4312652349472046,282.1138000488281,122.08140563964844,245.9125213623047,-0.9169661998748779,0.02428390085697174,-0.39822515845298767,-30.314123153686523,-15.658818244934082,-0.04905600845813751,0.23013973236083984,0.8102408051490784,21.944908142089844,0,0,0,1,1,254.4473419189453,142.8271942138672,222.42562866210938,267.0054626464844,137.0232391357422,205.39076232910156,push,14,2025-11-18T12:11:07.168453,my_hand_data\videos\push_seq14_20251118_121107_120927.avi,89.75975800769244,360,90,HIGH,VIDEO_RECORDING,2025-11-18T12:11:11.224984
2025-11-18 12:11:07.168453,4,298,HandType.Right,0.4312652349472046,282.1138000488281,122.08140563964844,245.9125213623047,-0.9169661998748779,0.02428390085697174,-0.39822515845298767,-30.314123153686523,-15.658818244934082,-0.04905600845813751,0.23013973236083984,0.8102408051490784,21.944908142089844,0,0,0,1,1,254.4473419189453,142.8271942138672,222.42562866210938,267.0054626464844,137.0232391357422,205.39076232910156,push,14,2025-11-18T12:11:07.168453,my_hand_data\videos\push_seq14_20251118_121107_120927.avi,89.75975800769244,360,90,HIGH,VIDEO_RECORDING,2025-11-18T12:11:11.224984
2025-11-18 12:11:07.168453,5,298,HandType.Right,0.43601906299591064,281.9371032714844,122.04439544677734,245.943115234375,-0.9165931940078735,0.02862589806318283,-0.39879506826400757,-15.74610424041748,-3.2980716228485107,2.7256977558135986,0.23350851237773895,0.8082072138786316,22.00078773498535,0,0,0,1,1,254.88465881347656,142.9481658935547,222.5670928955078,267.2659606933594,137.0162811279297,205.37550354003906,push,14,2025-11-18T12:11:07.168453,my_hand_data\videos\push_seq14_20251118_121107_120927.avi,89.75975800769244,360,90,HIGH,VIDEO_RECORDING,2025-11-18T12:11:11.224984
2025-11-18 12:11:07.200466,6,298,HandType.Right,0.44293057918548584,281.91241455078125,121.87928009033203,245.8680419921875,-0.9173383116722107,0.0321231335401535,-0.39681050181388855,2.129537343978882,-8.115886688232422,-5.603182792663574,0.2301255762577057,0.7865087389945984,22.603580474853516,0,0,0,1,1,254.5491485595703,142.91065979003906,222.62828063964844,267.47564697265625,137.07408142089844,205.02822875976562,push,14,2025-11-18T12:11:07.200466,my_hand_data\videos\push_seq14_20251118_121107_120927.avi,89.75975800769244,360,90,HIGH,VIDEO_RECORDING,2025-11-18T12:11:11.224984
2025-11-18 12:11:07.204750,7,298,HandType.Right,0.44293057918548584,281.91241455078125,121.87928009033203,245.8680419921875,-0.9173383116722107,0.0321231335401535,-0.39681050181388855,2.129537343978882,-8.115886688232422,-5.603182792663574,0.2301255762577057,0.7865087389945984,22.603580474853516,0,0,0,1,1,254.5491485595703,142.91065979003906,222.62828063964844,267.47564697265625,137.07408142089844,205.02822875976562,push,14,2025-11-18T12:11:07.204750,my_hand_data\videos\push_seq14_20251118_121107_120927.avi,89.75975800769244,360,90,HIGH,VIDEO_RECORDING,2025-11-18T12:11:11.224984
2025-11-18 12:11:07.206757,8,298,HandType.Right,0.4488414525985718,282.1185302734375,121.88706970214844,245.63442993164062,-0.9175297617912292,0.031171463429927826,-0.39644351601600647,19.407072067260742,0.732981264591217,-21.997465133666992,0.23903115093708038,0.7834266424179077,22.672327041625977,0,0,0,1,1,254.28289794921875,142.65472412109375,222.34356689453125,267.59124755859375,137.09083557128906,204.85169982910156,push,14,2025-11-18T12:11:07.206757,my_hand_data\videos\push_seq14_20251118_121107_120927.avi,89.75975800769244,360,90,HIGH,VIDEO_RECORDING,2025-11-18T12:11:11.224984
2025-11-18 12:11:07.232565,9,298,HandType.Right,0.45197415351867676,282.1237487792969,121.81869506835938,245.1495361328125,-0.9185771346092224,0.025479979813098907,-0.3944196105003357,-7.2594451904296875,-8.530811309814453,-23.389095306396484,0.2402413934469223,0.7864452004432678,22.582767486572266,0,0,0,1,1,253.8023223876953,142.17312622070312,221.72044372558594,267.412841796875,136.71908569335938,204.5452117919922,push,14,2025-11-18T12:11:07.232565,my_hand_data\videos\push_seq14_20251118_121107_120927.avi,89.75975800769244,360,90,HIGH,VIDEO_RECORDING,2025-11-18T12:11:11.224984
2025-11-18 12:11:07.236081,10,298,HandType.Right,0.45197415351867676,282.1237487792969,121.81869506835938,245.1495361328125,-0.9185771346092224,0.025479979813098907,-0.3944196105003357,-7.2594451904296875,-8.530811309814453,-23.389095306396484,0.2402413934469223,0.7864452004432678,22.582767486572266,0,0,0,1,1,253.8023223876953,142.17312622070312,221.72044372558594,267.412841796875,136.71908569335938,204.5452117919922,push,14,2025-11-18T12:11:07.236081,my_hand_data\videos\push_seq14_20251118_121107_120927.avi,89.75975800769244,360,90,HIGH,VIDEO_RECORDING,2025-11-18T12:11:11.224984
2025-11-18 12:11:07.248704,11,298,HandType.Right,0.4531431198120117,282.2098693847656,121.7625732421875,245.02732849121094,-0.9192476272583008,0.025605587288737297,-0.39284616708755493,7.890891075134277,-5.141252040863037,-11.197092056274414,0.23932695388793945,0.795503556728363,22.322738647460938,0,0,0,1,1,253.7329864501953,142.039794921875,221.58518981933594,267.16839599609375,136.5773468017578,204.6159210205078,push,14,2025-11-18T12:11:07.248704,my_hand_data\videos\push_seq14_20251118_121107_120927.avi,89.75975800769244,360,90,HIGH,VIDEO_RECORDING,2025-11-18T12:11:11.224984
2025-11-18 12:11:07.264542,12,298,HandType.Right,0.44532352685928345,281.8556823730469,121.44678497314453,244.74989318847656,-0.92123943567276,0.02287921868264675,-0.3883225619792938,-18.736774444580078,-8.98865032196045,-7.957059383392334,0.23602394759655,0.7920310497283936,22.42035484313965,0,0,0,1,1,253.17276000976562,141.46495056152344,221.30615234375,266.7168273925781,136.10226440429688,204.26290893554688,push,14,2025-11-18T12:11:07.264542,my_hand_data\videos\push_seq14_20251118_121107_120927.avi,89.75975800769244,360,90,HIGH,VIDEO_RECORDING,2025-11-18T12:11:11.224984
2025-11-18 12:11:07.264542,13,298,HandType.Right,0.44532352685928345,281.8556823730469,121.44678497314453,244.74989318847656,-0.92123943567276,0.02287921868264675,-0.3883225619792938,-18.736774444580078,-8.98865032196045,-7.957059383392334,0.23602394759655,0.7920310497283936,22.42035484313965,0,0,0,1,1,253.17276000976562,141.46495056152344,221.30615234375,266.7168273925781,136.10226440429688,204.26290893554688,push,14,2025-11-18T12:11:07.264542,my_hand_data\videos\push_seq14_20251118_121107_120927.avi,89.75975800769244,360,90,HIGH,VIDEO_RECORDING,2025-11-18T12:11:11.224984
2025-11-18 12:11:07.280302,14,298,HandType.Right,0.4501924514770508,281.6104736328125,121.45597839355469,244.55374145507812,-0.9213051795959473,0.015884747728705406,-0.3885156512260437,-22.807214736938477,0.8551892638206482,-18.245206832885742,0.24344173073768616,0.7875274419784546,22.539020538330078,0,0,0,1,1,252.91661071777344,141.32516479492188,220.9672088623047,266.4851379394531,135.9745330810547,203.78369140625,push,14,2025-11-18T12:11:07.280302,my_hand_data\videos\push_seq14_20251118_121107_120927.avi,89.75975800769244,360,90,HIGH,VIDEO_RECORDING,2025-11-18T12:11:11.224984
2025-11-18 12:11:07.296160,15,298,HandType.Right,0.4476027488708496,281.382080078125,121.3814697265625,244.24366760253906,-0.9211575984954834,0.014733263291418552,-0.38891083002090454,-19.842744827270508,-6.472519874572754,-26.9370059967041,0.24596761167049408,0.7878829836845398,22.529621124267578,0,0,0,1,1,252.71597290039062,141.25274658203125,220.66592407226562,266.2660827636719,135.88858032226562,203.4844207763672,push,14,2025-11-18T12:11:07.296160,my_hand_data\videos\push_seq14_20251118_121107_120927.avi,89.75975800769244,360,90,HIGH,VIDEO_RECORDING,2025-11-18T12:11:11.224984
2025-11-18 12:11:07.296160,16,298,HandType.Right,0.45098912715911865,281.1617736816406,121.31011199951172,243.8432159423828,-0.9203688502311707,0.014526884071528912,-0.3907815217971802,-20.43421173095703,-6.61857271194458,-37.14506912231445,0.2500416040420532,0.7934591770172119,22.379718780517578,0,0,0,1,1,252.43458557128906,141.12615966796875,220.23057556152344,266.0077209472656,135.8421173095703,203.2393798828125,push,14,2025-11-18T12:11:07.296160,my_hand_data\videos\push_seq14_20251118_121107_120927.avi,89.75975800769244,360,90,HIGH,VIDEO_RECORDING,2025-11-18T12:11:11.224984
2025-11-18 12:11:07.311851,17,298,HandType.Right,0.4489617943763733,280.532958984375,120.91961669921875,243.0020751953125,-0.918497622013092,0.01713256537914276,-0.3950551748275757,-56.04288101196289,-34.80356979370117,-74.96754455566406,0.26055771112442017,0.8017147779464722,22.153486251831055,0,0,0,0,1,251.91932678222656,140.7313232421875,219.39630126953125,265.4549255371094,135.47471618652344,202.6651153564453,push,14,2025-11-18T12:11:07.311851,my_hand_data\videos\push_seq14_20251118_121107_120927.avi,89.75975800769244,360,90,HIGH,VIDEO_RECORDING,2025-11-18T12:11:11.224984
2025-11-18 12:11:07.327895,18,298,HandType.Right,0.4478263258934021,280.1941833496094,120.82463073730469,242.52218627929688,-0.9177653789520264,0.013078009709715843,-0.3969076871871948,-30.044973373413086,-8.423985481262207,-42.559024810791016,0.25843480229377747,0.7936798334121704,22.38542938232422,0,0,0,0,1,251.59072875976562,140.6908721923828,218.92837524414062,265.2347717285156,135.35455322265625,202.00291442871094,push,14,2025-11-18T12:11:07.327895,my_hand_data\videos\push_seq14_20251118_121107_120927.avi,89.75975800769244,360,90,HIGH,VIDEO_RECORDING,2025-11-18T12:11:11.224984
2025-11-18 12:11:07.327895,19,298,HandType.Right,0.4440864324569702,279.76702880859375,120.7522964477539,242.13278198242188,-0.9170131087303162,0.007230549119412899,-0.3987915813922882,-38.96748352050781,-6.598399639129639,-35.52199935913086,0.2555687725543976,0.7928587198257446,22.4234619140625,0,0,0,0,1,251.25759887695312,140.62399291992188,218.51388549804688,264.8298034667969,135.17767333984375,201.51551818847656,push,14,2025-11-18T12:11:07.327895,my_hand_data\videos\push_seq14_20251118_121107_120927.avi,89.75975800769244,360,90,HIGH,VIDEO_RECORDING,2025-11-18T12:11:11.224984
2025-11-18 12:11:07.359348,20,298,HandType.Right,0.43664348125457764,278.83538818359375,120.5777816772461,241.57479858398438,-0.9159297347068787,0.012168272398412228,-0.40115422010421753,-41.0441780090332,-12.710402488708496,-22.425180435180664,0.24625396728515625,0.7945240139961243,22.401201248168945,0,0,0,0,1,250.84307861328125,140.51841735839844,218.04115295410156,264.2325744628906,134.89466857910156,200.985107421875,push,14,2025-11-18T12:11:07.359348,my_hand_data\videos\push_seq14_20251118_121107_120927.avi,89.75975800769244,360,90,HIGH,VIDEO_RECORDING,2025-11-18T12:11:11.224984
2025-11-18 12:11:07.363371,21,298,HandType.Right,0.43664348125457764,278.83538818359375,120.5777816772461,241.57479858398438,-0.9159297347068787,0.012168272398412228,-0.40115422010421753,-41.0441780090332,-12.710402488708496,-22.425180435180664,0.24625396728515625,0.7945240139961243,22.401201248168945,0,0,0,0,1,250.84307861328125,140.51841735839844,218.04115295410156,264.2325744628906,134.89466857910156,200.985107421875,push,14,2025-11-18T12:11:07.363371,my_hand_data\videos\push_seq14_20251118_121107_120927.avi,89.75975800769244,360,90,HIGH,VIDEO_RECORDING,2025-11-18T12:11:11.224984
2025-11-18 12:11:07.369487,22,298,HandType.Right,0.4371858239173889,278.7101745605469,120.56388092041016,241.4696044921875,-0.9171578288078308,0.01858724094927311,-0.39809051156044006,-11.644648551940918,-1.2923388481140137,-9.783164978027344,0.2311825454235077,0.7809503078460693,22.786283493041992,0,0,0,0,1,251.07139587402344,140.74111938476562,218.0095672607422,264.564697265625,134.8647003173828,200.61378479003906,push,14,2025-11-18T12:11:07.369487,my_hand_data\videos\push_seq14_20251118_121107_120927.avi,89.75975800769244,360,90,HIGH,VIDEO_RECORDING,2025-11-18T12:11:11.224984
2025-11-18 12:11:07.391719,23,298,HandType.Right,0.44244134426116943,279.20556640625,120.65547943115234,241.50750732421875,-0.9177485108375549,0.017297424376010895,-0.3967851996421814,26.47709846496582,4.35988712310791,4.903743267059326,0.23845191299915314,0.7587679028511047,23.41512680053711,0,0,0,0,1,251.628662109375,140.8534698486328,217.85145568847656,265.2660827636719,134.99098205566406,199.74288940429688,push,14,2025-11-18T12:11:07.391719,my_hand_data\videos\push_seq14_20251118_121107_120927.avi,89.75975800769244,360,90,HIGH,VIDEO_RECORDING,2025-11-18T12:11:11.224984
2025-11-18 12:11:07.391719,24,298,HandType.Right,0.44244134426116943,279.20556640625,120.65547943115234,241.50750732421875,-0.9177485108375549,0.017297424376010895,-0.3967851996421814,26.47709846496582,4.35988712310791,4.903743267059326,0.23845191299915314,0.7587679028511047,23.41512680053711,0,0,0,0,1,251.628662109375,140.8534698486328,217.85145568847656,265.2660827636719,134.99098205566406,199.74288940429688,push,14,2025-11-18T12:11:07.391719,my_hand_data\videos\push_seq14_20251118_121107_120927.avi,89.75975800769244,360,90,HIGH,VIDEO_RECORDING,2025-11-18T12:11:11.224984
2025-11-18 12:11:07.401704,25,298,HandType.Right,0.44607388973236084,279.45849609375,120.797119140625,241.59877014160156,-0.9176783561706543,0.016580568626523018,-0.3969780504703522,23.02505874633789,12.894408226013184,8.308791160583496,0.23924025893211365,0.7587523460388184,23.410934448242188,0,0,0,0,1,251.79750061035156,140.88345336914062,217.84571838378906,265.534912109375,135.09649658203125,199.7939453125,push,14,2025-11-18T12:11:07.401704,my_hand_data\videos\push_seq14_20251118_121107_120927.avi,89.75975800769244,360,90,HIGH,VIDEO_RECORDING,2025-11-18T12:11:11.224984
2025-11-18 12:11:07.423952,26,298,HandType.Right,0.44814926385879517,279.4653015136719,120.84174346923828,241.72828674316406,-0.9163649082183838,0.012846630066633224,-0.40013793110847473,-7.51928186416626,-3.996739387512207,12.311915397644043,0.24674472212791443,0.7583081722259521,23.427736282348633,0,0,0,0,1,251.972412109375,140.91297912597656,217.8098602294922,265.7167053222656,135.0813446044922,199.7559051513672,push,14,2025-11-18T12:11:07.423952,my_hand_data\videos\push_seq14_20251118_121107_120927.avi,89.75975800769244,360,90,HIGH,VIDEO_RECORDING,2025-11-18T12:11:11.224984
2025-11-18 12:11:07.429012,27,298,HandType.Right,0.44814926385879517,279.4653015136719,120.84174346923828,241.72828674316406,-0.9163649082183838,0.012846630066633224,-0.40013793110847473,-7.51928186416626,-3.996739387512207,12.311915397644043,0.24674472212791443,0.7583081722259521,23.427736282348633,0,0,0,0,1,251.972412109375,140.91297912597656,217.8098602294922,265.7167053222656,135.0813446044922,199.7559051513672,push,14,2025-11-18T12:11:07.429012,my_hand_data\videos\push_seq14_20251118_121107_120927.avi,89.75975800769244,360,90,HIGH,VIDEO_RECORDING,2025-11-18T12:11:11.224984
2025-11-18 12:11:07.430648,28,298,HandType.Right,0.4548541307449341,279.50537109375,120.70858001708984,241.7053680419922,-0.9165189266204834,0.01558937318623066,-0.39968743920326233,3.6214749813079834,-12.033316612243652,-2.0722808837890625,0.24532385170459747,0.7645458579063416,23.24102783203125,0,0,0,0,1,251.75189208984375,140.82083129882812,217.78111267089844,265.6241455078125,135.106201171875,200.031494140625,push,14,2025-11-18T12:11:07.430648,my_hand_data\videos\push_seq14_20251118_121107_120927.avi,89.75975800769244,360,90,HIGH,VIDEO_RECORDING,2025-11-18T12:11:11.224984
2025-11-18 12:11:07.455641,29,298,HandType.Right,0.4501384496688843,279.0336608886719,120.18954467773438,241.0369110107422,-0.913366973400116,0.02251291088759899,-0.40651437640190125,-26.10620880126953,-22.740432739257812,-34.67164611816406,0.2544589042663574,0.7720680832862854,23.01406478881836,0,0,0,0,1,251.49974060058594,140.68438720703125,217.32754516601562,265.1873779296875,134.7974853515625,199.78787231445312,push,14,2025-11-18T12:11:07.455641,my_hand_data\videos\push_seq14_20251118_121107_120927.avi,89.75975800769244,360,90,HIGH,VIDEO_RECORDING,2025-11-18T12:11:11.224984
2025-11-18 12:11:07.455641,30,298,HandType.Right,0.4501384496688843,279.0336608886719,120.18954467773438,241.0369110107422,-0.913366973400116,0.02251291088759899,-0.40651437640190125,-26.10620880126953,-22.740432739257812,-34.67164611816406,0.2544589042663574,0.7720680832862854,23.01406478881836,0,0,0,0,1,251.49974060058594,140.68438720703125,217.32754516601562,265.1873779296875,134.7974853515625,199.78787231445312,push,14,2025-11-18T12:11:07.455641,my_hand_data\videos\push_seq14_20251118_121107_120927.avi,89.75975800769244,360,90,HIGH,VIDEO_RECORDING,2025-11-18T12:11:11.224984
2025-11-18 12:11:07.471321,31,298,HandType.Right,0.45016390085220337,278.87713623046875,120.05011749267578,240.93295288085938,-0.9142470359802246,0.027160977944731712,-0.4042458236217499,-14.157475471496582,-12.61242389678955,-9.403288841247559,0.24557122588157654,0.7879594564437866,22.555953979492188,0,0,0,0,1,251.33555603027344,140.55572509765625,217.3372802734375,264.6623229980469,134.68101501464844,200.1135711669922,push,14,2025-11-18T12:11:07.471321,my_hand_data\videos\push_seq14_20251118_121107_120927.avi,89.75975800769244,360,90,HIGH,VIDEO_RECORDING,2025-11-18T12:11:11.224984
2025-11-18 12:11:07.487431,32,298,HandType.Right,0.45094698667526245,278.4193115234375,119.75724029541016,240.69146728515625,-0.9147975444793701,0.02939441427588463,-0.4028417468070984,-13.172110557556152,-1.9378710985183716,-18.180269241333008,0.246415376663208,0.7999889850616455,22.2095947265625,0,0,0,0,1,250.98500061035156,140.16763305664062,217.15098571777344,263.9700927734375,134.34080505371094,200.10101318359375,push,14,2025-11-18T12:11:07.487431,my_hand_data\videos\push_seq14_20251118_121107_120927.avi,89.75975800769244,360,90,HIGH,VIDEO_RECORDING,2025-11-18T12:11:11.224984
2025-11-18 12:11:07.491876,33,298,HandType.Right,0.45094698667526245,278.4193115234375,119.75724029541016,240.69146728515625,-0.9147975444793701,0.02939441427588463,-0.4028417468070984,-13.172110557556152,-1.9378710985183716,-18.180269241333008,0.246415376663208,0.7999889850616455,22.2095947265625,0,0,0,0,1,250.98500061035156,140.16763305664062,217.15098571777344,263.9700927734375,134.34080505371094,200.10101318359375,push,14,2025-11-18T12:11:07.491876,my_hand_data\videos\push_seq14_20251118_121107_120927.avi,89.75975800769244,360,90,HIGH,VIDEO_RECORDING,2025-11-18T12:11:11.224984
2025-11-18 12:11:07.503465,34,298,HandType.Right,0.451282262802124,278.1908874511719,119.75856018066406,240.41156005859375,-0.9146491289138794,0.028689933940768242,-0.4032292664051056,-20.399362564086914,0.11760630458593369,-24.99526023864746,0.24923722445964813,0.8156772255897522,21.756317138671875,0,0,0,0,1,250.90057373046875,140.1685791015625,216.9267120361328,263.5451965332031,134.25425720214844,200.23924255371094,push,14,2025-11-18T12:11:07.503465,my_hand_data\videos\push_seq14_20251118_121107_120927.avi,89.75975800769244,360,90,HIGH,VIDEO_RECORDING,2025-11-18T12:11:11.224984
2025-11-18 12:11:07.519297,35,298,HandType.Right,0.4588676691055298,278.30120849609375,120.15708923339844,240.23443603515625,-0.915507435798645,0.02641996368765831,-0.4014326333999634,-2.814037322998047,15.83678150177002,-6.934447765350342,0.2492561638355255,0.8260679841041565,21.432022094726562,0,0,0,0,1,250.76910400390625,140.40589904785156,216.7375946044922,263.2191162109375,134.59608459472656,200.28843688964844,push,14,2025-11-18T12:11:07.519297,my_hand_data\videos\push_seq14_20251118_121107_120927.avi,89.75975800769244,360,90,HIGH,VIDEO_RECORDING,2025-11-18T12:11:11.224984
2025-11-18 12:11:07.519297,36,298,HandType.Right,0.4588676691055298,278.30120849609375,120.15708923339844,240.23443603515625,-0.915507435798645,0.02641996368765831,-0.4014326333999634,-2.814037322998047,15.83678150177002,-6.934447765350342,0.2492561638355255,0.8260679841041565,21.432022094726562,0,0,0,0,1,250.76910400390625,140.40589904785156,216.7375946044922,263.2191162109375,134.59608459472656,200.28843688964844,push,14,2025-11-18T12:11:07.519297,my_hand_data\videos\push_seq14_20251118_121107_120927.avi,89.75975800769244,360,90,HIGH,VIDEO_RECORDING,2025-11-18T12:11:11.224984
2025-11-18 12:11:07.535176,37,298,HandType.Right,0.45772624015808105,278.4373779296875,120.3226089477539,240.48519897460938,-0.916869580745697,0.027117032557725906,-0.3982647955417633,12.039053916931152,14.63240909576416,22.167587280273438,0.2410614937543869,0.8186404705047607,21.643295288085938,0,0,0,1,1,250.7093505859375,140.5767822265625,217.0371856689453,263.4035339355469,134.74794006347656,200.5049591064453,push,14,2025-11-18T12:11:07.535176,my_hand_data\videos\push_seq14_20251118_121107_120927.avi,89.75975800769244,360,90,HIGH,VIDEO_RECORDING,2025-11-18T12:11:11.224984
2025-11-18 12:11:07.550916,38,298,HandType.Right,0.4518309235572815,278.4127502441406,120.31450653076172,240.60569763183594,-0.9157158136367798,0.02861163392663002,-0.4008065164089203,-2.281698703765869,-0.7507069706916809,11.163212776184082,0.2436104267835617,0.8250202536582947,21.478307723999023,0,0,0,0,1,250.7268829345703,140.50233459472656,217.05772399902344,263.46807861328125,134.7786102294922,200.74151611328125,push,14,2025-11-18T12:11:07.550916,my_hand_data\videos\push_seq14_20251118_121107_120927.avi,89.75975800769244,360,90,HIGH,VIDEO_RECORDING,2025-11-18T12:11:11.224984
2025-11-18 12:11:07.553822,39,298,HandType.Right,0.447820782661438,278.35052490234375,120.32476043701172,240.5943145751953,-0.9157200455665588,0.027444209903478622,-0.40087857842445374,-5.6118388175964355,0.9244936108589172,-1.0266187191009521,0.24337051808834076,0.8243319392204285,21.508344650268555,0,0,0,0,1,250.62432861328125,140.53268432617188,217.05979919433594,263.4063720703125,134.7790985107422,200.74647521972656,push,14,2025-11-18T12:11:07.553822,my_hand_data\videos\push_seq14_20251118_121107_120927.avi,89.75975800769244,360,90,HIGH,VIDEO_RECORDING,2025-11-18T12:11:11.224984
2025-11-18 12:11:07.566790,40,298,HandType.Right,0.447820782661438,278.35052490234375,120.32476043701172,240.5943145751953,-0.9157200455665588,0.027444209903478622,-0.40087857842445374,-5.6118388175964355,0.9244936108589172,-1.0266187191009521,0.24337051808834076,0.8243319392204285,21.508344650268555,0,0,0,0,1,250.62432861328125,140.53268432617188,217.05979919433594,263.4063720703125,134.7790985107422,200.74647521972656,push,14,2025-11-18T12:11:07.566790,my_hand_data\videos\push_seq14_20251118_121107_120927.avi,89.75975800769244,360,90,HIGH,VIDEO_RECORDING,2025-11-18T12:11:11.224984
2025-11-18 12:11:07.582974,41,298,HandType.Right,0.45101064443588257,278.5171813964844,120.57880401611328,241.05859375,-0.917077362537384,0.0216470155864954,-0.3981212377548218,26.958375930786133,29.47882080078125,44.769779205322266,0.23473767936229706,0.7955507040023804,22.335676193237305,0,0,0,1,1,250.3820037841797,140.70492553710938,217.5308074951172,263.81658935546875,134.94610595703125,200.6420440673828,push,14,2025-11-18T12:11:07.582974,my_hand_data\videos\push_seq14_20251118_121107_120927.avi,89.75975800769244,360,90,HIGH,VIDEO_RECORDING,2025-11-18T12:11:11.224984
2025-11-18 12:11:07.598726,42,298,HandType.Right,0.44833242893218994,278.9112243652344,120.99803161621094,241.8523712158203,-0.9195560812950134,0.013270902447402477,-0.3927346467971802,4.143092155456543,11.869325637817383,18.044118881225586,0.23071643710136414,0.7362475991249084,24.02608299255371,0,0,0,1,1,250.88772583007812,141.25611877441406,218.5145263671875,264.93408203125,135.12448120117188,200.0116729736328,push,14,2025-11-18T12:11:07.598726,my_hand_data\videos\push_seq14_20251118_121107_120927.avi,89.75975800769244,360,90,HIGH,VIDEO_RECORDING,2025-11-18T12:11:11.224984
2025-11-18 12:11:07.600700,43,298,HandType.Right,0.44833242893218994,278.9112243652344,120.99803161621094,241.8523712158203,-0.9195560812950134,0.013270902447402477,-0.3927346467971802,4.143092155456543,11.869325637817383,18.044118881225586,0.23071643710136414,0.7362475991249084,24.02608299255371,0,0,0,1,1,250.88772583007812,141.25611877441406,218.5145263671875,264.93408203125,135.12448120117188,200.0116729736328,push,14,2025-11-18T12:11:07.600700,my_hand_data\videos\push_seq14_20251118_121107_120927.avi,89.75975800769244,360,90,HIGH,VIDEO_RECORDING,2025-11-18T12:11:11.224984
2025-11-18 12:11:07.614684,44,298,HandType.Right,0.4470468759536743,278.8004150390625,120.98241424560547,241.87469482421875,-0.919593334197998,0.011546964757144451,-0.39270180463790894,-9.697257995605469,-1.3664751052856445,1.9522502422332764,0.2377542406320572,0.7220813035964966,24.42852210998535,0,0,0,1,1,250.87416076660156,141.23092651367188,218.61236572265625,265.15582275390625,135.02752685546875,199.7893829345703,push,14,2025-11-18T12:11:07.614684,my_hand_data\videos\push_seq14_20251118_121107_120927.avi,89.75975800769244,360,90,HIGH,VIDEO_RECORDING,2025-11-18T12:11:11.224984
2025-11-18 12:11:07.630619,45,298,HandType.Right,0.4493473768234253,278.5930480957031,120.9307861328125,241.78318786621094,-0.9187461137771606,0.006786515936255455,-0.39479053020477295,-19.341882705688477,-4.816410064697266,-8.535821914672852,0.24636656045913696,0.7198048830032349,24.499217987060547,0,0,0,0,1,250.80520629882812,141.0619659423828,218.5816192626953,265.0389709472656,134.7850799560547,199.65512084960938,push,14,2025-11-18T12:11:07.630619,my_hand_data\videos\push_seq14_20251118_121107_120927.avi,89.75975800769244,360,90,HIGH,VIDEO_RECORDING,2025-11-18T12:11:11.224984
2025-11-18 12:11:07.630619,46,298,HandType.Right,0.44757115840911865,278.6845703125,120.9549789428711,241.87203979492188,-0.920072615146637,0.0023556509986519814,-0.3917407989501953,7.962669849395752,2.1053645610809326,7.731897830963135,0.24102361500263214,0.7100709676742554,24.783382415771484,0,0,0,1,1,250.6632843017578,141.0064697265625,218.65501403808594,265.0936279296875,134.786376953125,199.4901580810547,push,14,2025-11-18T12:11:07.630619,my_hand_data\videos\push_seq14_20251118_121107_120927.avi,89.75975800769244,360,90,HIGH,VIDEO_RECORDING,2025-11-18T12:11:11.224984
2025-11-18 12:11:07.646559,47,298,HandType.Right,0.4451378583908081,278.4680480957031,120.79467010498047,241.66903686523438,-0.9181663990020752,-0.0040780468843877316,-0.39617401361465454,-19.609012603759766,-14.517775535583496,-18.38414192199707,0.24847416579723358,0.7007775902748108,25.065622329711914,0,0,0,0,1,250.50181579589844,140.8087921142578,218.31268310546875,265.23822021484375,134.5625762939453,199.02256774902344,push,14,2025-11-18T12:11:07.646559,my_hand_data\videos\push_seq14_20251118_121107_120927.avi,89.75975800769244,360,90,HIGH,VIDEO_RECORDING,2025-11-18T12:11:11.224984
2025-11-18 12:11:07.662369,48,298,HandType.Right,0.44329333305358887,278.3939514160156,120.71648406982422,241.53140258789062,-0.9160239100456238,-0.009054206311702728,-0.40102145075798035,-6.4904022216796875,-6.849920272827148,-12.058091163635254,0.2509860694408417,0.6926252245903015,25.31095314025879,0,0,0,0,1,250.58502197265625,140.74093627929688,218.12991333007812,265.36883544921875,134.4481658935547,198.5727081298828,push,14,2025-11-18T12:11:07.662369,my_hand_data\videos\push_seq14_20251118_121107_120927.avi,89.75975800769244,360,90,HIGH,VIDEO_RECORDING,2025-11-18T12:11:11.224984
2025-11-18 12:11:07.662369,49,298,HandType.Right,0.4451044797897339,278.278076171875,120.56929779052734,241.28114318847656,-0.9145163893699646,-0.012521740049123764,-0.4043550491333008,-10.935074806213379,-13.8884916305542,-23.613426208496094,0.25455230474472046,0.6859046220779419,25.487773895263672,0,0,0,0,1,250.382568359375,140.51866149902344,217.73220825195312,265.4949951171875,134.41781616210938,198.13575744628906,push,14,2025-11-18T12:11:07.662369,my_hand_data\videos\push_seq14_20251118_121107_120927.avi,89.75975800769244,360,90,HIGH,VIDEO_RECORDING,2025-11-18T12:11:11.224984
2025-11-18 12:11:07.678481,50,298,HandType.Right,0.4448699951171875,278.1533203125,120.231689453125,241.10122680664062,-0.9152402281761169,-0.007924751378595829,-0.4028306007385254,-11.367400169372559,-30.761695861816406,-16.39357566833496,0.25086259841918945,0.682949960231781,25.56294059753418,0,0,0,0,1,250.16046142578125,140.23092651367188,217.47181701660156,265.5581359863281,134.32598876953125,197.93960571289062,push,14,2025-11-18T12:11:07.678481,my_hand_data\videos\push_seq14_20251118_121107_120927.avi,89.75975800769244,360,90,HIGH,VIDEO_RECORDING,2025-11-18T12:11:11.224984
2025-11-18 12:11:07.694239,51,298,HandType.Right,0.4459497928619385,278.2000732421875,120.05695343017578,240.9402618408203,-0.916389524936676,-0.01126917079091072,-0.4001290500164032,4.141257286071777,-15.471443176269531,-14.252470016479492,0.2512305974960327,0.6794729828834534,25.64759635925293,0,0,0,0,1,249.9659881591797,140.04727172851562,217.2750701904297,265.4640808105469,134.1077423095703,197.7218017578125,push,14,2025-11-18T12:11:07.694239,my_hand_data\videos\push_seq14_20251118_121107_120927.avi,89.75975800769244,360,90,HIGH,VIDEO_RECORDING,2025-11-18T12:11:11.224984
2025-11-18 12:11:07.694239,52,298,HandType.Right,0.4404715299606323,278.0723571777344,119.90206146240234,240.68215942382812,-0.9167401790618896,-0.010899522341787815,-0.3993352949619293,-11.507925033569336,-13.955257415771484,-23.254436492919922,0.25288546085357666,0.6813361048698425,25.591367721557617,0,0,0,0,1,249.86476135253906,139.7685089111328,217.04771423339844,265.273193359375,133.79290771484375,197.5082550048828,push,14,2025-11-18T12:11:07.694239,my_hand_data\videos\push_seq14_20251118_121107_120927.avi,89.75975800769244,360,90,HIGH,VIDEO_RECORDING,2025-11-18T12:11:11.224984
2025-11-18 12:11:07.726108,53,298,HandType.Right,0.43579554557800293,277.9851989746094,119.8309097290039,240.6394805908203,-0.9195725321769714,-0.004605748690664768,-0.3928932547569275,-1.253246545791626,3.3851399421691895,4.26095724105835,0.2460823804140091,0.6987330317497253,25.08844757080078,0,0,0,0,1,249.6012725830078,139.61221313476562,217.14111328125,264.7389221191406,133.5758819580078,198.06640625,push,14,2025-11-18T12:11:07.726108,my_hand_data\videos\push_seq14_20251118_121107_120927.avi,89.75975800769244,360,90,HIGH,VIDEO_RECORDING,2025-11-18T12:11:11.224984
2025-11-18 12:11:07.726108,54,298,HandType.Right,0.43579554557800293,277.9851989746094,119.8309097290039,240.6394805908203,-0.9195725321769714,-0.004605748690664768,-0.3928932547569275,-1.253246545791626,3.3851399421691895,4.26095724105835,0.2460823804140091,0.6987330317497253,25.08844757080078,0,0,0,0,1,249.6012725830078,139.61221313476562,217.14111328125,264.7389221191406,133.5758819580078,198.06640625,push,14,2025-11-18T12:11:07.726108,my_hand_data\videos\push_seq14_20251118_121107_120927.avi,89.75975800769244,360,90,HIGH,VIDEO_RECORDING,2025-11-18T12:11:11.224984
2025-11-18 12:11:07.726108,55,298,HandType.Right,0.4355340003967285,277.86590576171875,119.7931900024414,240.66197204589844,-0.9213678240776062,-0.0021119476296007633,-0.38868606090545654,-10.65848445892334,-3.370604991912842,2.009793996810913,0.2435368299484253,0.6946026086807251,25.219785690307617,0,0,0,0,1,249.3684844970703,139.58587646484375,217.17257690429688,264.6890869140625,133.48809814453125,198.0902862548828,push,14,2025-11-18T12:11:07.726108,my_hand_data\videos\push_seq14_20251118_121107_120927.avi,89.75975800769244,360,90,HIGH,VIDEO_RECORDING,2025-11-18T12:11:11.224984
2025-11-18 12:11:07.757939,56,298,HandType.Right,0.4327683448791504,277.07635498046875,119.414794921875,240.52296447753906,-0.9239717125892639,0.008920707739889622,-0.38235679268836975,-41.86663818359375,-17.24424934387207,-14.261615753173828,0.2466537356376648,0.7440701127052307,23.824552536010742,0,0,0,0,1,248.3896942138672,138.95156860351562,216.76895141601562,262.92218017578125,133.25669860839844,198.76937866210938,push,14,2025-11-18T12:11:07.757939,my_hand_data\videos\push_seq14_20251118_121107_120927.avi,89.75975800769244,360,90,HIGH,VIDEO_RECORDING,2025-11-18T12:11:11.224984
2025-11-18 12:11:07.759949,57,298,HandType.Right,0.4327683448791504,277.07635498046875,119.414794921875,240.52296447753906,-0.9239717125892639,0.008920707739889622,-0.38235679268836975,-41.86663818359375,-17.24424934387207,-14.261615753173828,0.2466537356376648,0.7440701127052307,23.824552536010742,0,0,0,0,1,248.3896942138672,138.95156860351562,216.76895141601562,262.92218017578125,133.25669860839844,198.76937866210938,push,14,2025-11-18T12:11:07.759949,my_hand_data\videos\push_seq14_20251118_121107_120927.avi,89.75975800769244,360,90,HIGH,VIDEO_RECORDING,2025-11-18T12:11:11.224984
2025-11-18 12:11:07.759949,58,298,HandType.Right,0.4329335689544678,276.81219482421875,119.54156494140625,240.5284881591797,-0.9245283603668213,0.004369269125163555,-0.3810882568359375,-23.41804313659668,11.238856315612793,0.4901333451271057,0.24684688448905945,0.755345344543457,23.505571365356445,0,0,0,0,1,248.01333618164062,138.7958984375,216.7852325439453,262.0852355957031,133.21466064453125,198.80348205566406,push,14,2025-11-18T12:11:07.759949,my_hand_data\videos\push_seq14_20251118_121107_120927.avi,89.75975800769244,360,90,HIGH,VIDEO_RECORDING,2025-11-18T12:11:11.224984
2025-11-18 12:11:07.789691,59,298,HandType.Right,0.4274992346763611,276.1409912109375,119.47052764892578,240.18365478515625,-0.9255328178405762,0.008936441503465176,-0.37856191396713257,-28.145605087280273,-1.3672664165496826,-20.06850814819336,0.25582584738731384,0.7416020035743713,23.89263916015625,0,0,1,0,1,246.7532501220703,138.84210205078125,216.65367126464844,261.4145202636719,133.32911682128906,198.61170959472656,push,14,2025-11-18T12:11:07.789691,my_hand_data\videos\push_seq14_20251118_121107_120927.avi,89.75975800769244,360,90,HIGH,VIDEO_RECORDING,2025-11-18T12:11:11.224984
2025-11-18 12:11:07.793715,60,298,HandType.Right,0.4274992346763611,276.1409912109375,119.47052764892578,240.18365478515625,-0.9255328178405762,0.008936441503465176,-0.37856191396713257,-28.145605087280273,-1.3672664165496826,-20.06850814819336,0.25582584738731384,0.7416020035743713,23.89263916015625,0,0,1,0,1,246.7532501220703,138.84210205078125,216.65367126464844,261.4145202636719,133.32911682128906,198.61170959472656,push,14,2025-11-18T12:11:07.793715,my_hand_data\videos\push_seq14_20251118_121107_120927.avi,89.75975800769244,360,90,HIGH,VIDEO_RECORDING,2025-11-18T12:11:11.224984
2025-11-18 12:11:07.793715,61,298,HandType.Right,0.42213261127471924,275.6363830566406,119.38434600830078,240.05859375,-0.9252978563308716,0.009302210062742233,-0.3791270852088928,-45.480857849121094,-7.7674431800842285,-11.272256851196289,0.25987470149993896,0.7388841509819031,23.967056274414062,0,0,1,0,1,246.34495544433594,138.90859985351562,216.66998291015625,260.98382568359375,133.40789794921875,198.50778198242188,push,14,2025-11-18T12:11:07.793715,my_hand_data\videos\push_seq14_20251118_121107_120927.avi,89.75975800769244,360,90,HIGH,VIDEO_RECORDING,2025-11-18T12:11:11.224984
2025-11-18 12:11:07.821262,62,298,HandType.Right,0.4206168055534363,274.52056884765625,119.25628662109375,239.75209045410156,-0.9253109693527222,0.01890895701944828,-0.37873750925064087,-51.87604522705078,-8.662130355834961,-21.304649353027344,0.26055943965911865,0.7417902946472168,23.864543914794922,0,0,1,0,1,245.86534118652344,139.14886474609375,216.88197326660156,259.8794860839844,133.4851837158203,198.4146270751953,push,14,2025-11-18T12:11:07.821262,my_hand_data\videos\push_seq14_20251118_121107_120927.avi,89.75975800769244,360,90,HIGH,VIDEO_RECORDING,2025-11-18T12:11:11.224984
2025-11-18 12:11:07.825737,63,298,HandType.Right,0.4206168055534363,274.52056884765625,119.25628662109375,239.75209045410156,-0.9253109693527222,0.01890895701944828,-0.37873750925064087,-51.87604522705078,-8.662130355834961,-21.304649353027344,0.26055943965911865,0.7417902946472168,23.864543914794922,0,0,1,0,1,245.86534118652344,139.14886474609375,216.88197326660156,259.8794860839844,133.4851837158203,198.4146270751953,push,14,2025-11-18T12:11:07.825737,my_hand_data\videos\push_seq14_20251118_121107_120927.avi,89.75975800769244,360,90,HIGH,VIDEO_RECORDING,2025-11-18T12:11:11.224984
2025-11-18 12:11:07.837322,64,298,HandType.Right,0.41876471042633057,273.990478515625,119.37057495117188,239.56736755371094,-0.9253381490707397,0.021410971879959106,-0.3785378634929657,-45.20436477661133,9.745993614196777,-15.752391815185547,0.259380966424942,0.7301861047744751,24.19986915588379,0,0,1,0,1,245.78201293945312,139.54885864257812,216.86227416992188,259.5738830566406,133.61416625976562,197.88340759277344,push,14,2025-11-18T12:11:07.837322,my_hand_data\videos\push_seq14_20251118_121107_120927.avi,89.75975800769244,360,90,HIGH,VIDEO_RECORDING,2025-11-18T12:11:11.224984
2025-11-18 12:11:07.837322,65,298,HandType.Right,0.41604894399642944,273.49053955078125,119.42127227783203,239.3162078857422,-0.9261027574539185,0.026533475145697594,-0.3763371706008911,-47.4100227355957,4.807389736175537,-23.8182430267334,0.2533164918422699,0.7260022759437561,24.316570281982422,0,0,1,1,1,245.3107147216797,139.77268981933594,216.7113800048828,259.1636047363281,133.71629333496094,197.66635131835938,push,14,2025-11-18T12:11:07.837322,my_hand_data\videos\push_seq14_20251118_121107_120927.avi,89.75975800769244,360,90,HIGH,VIDEO_RECORDING,2025-11-18T12:11:11.224984
2025-11-18 12:11:07.869491,66,298,HandType.Right,0.42350518703460693,272.95086669921875,119.75112915039062,238.78187561035156,-0.9257741570472717,0.0304863378405571,-0.3768458068370819,-19.584333419799805,15.99338150024414,-19.906753540039062,0.25436025857925415,0.7238301038742065,24.37894058227539,0,0,1,1,1,244.18418884277344,139.97860717773438,216.0986785888672,258.5841064453125,134.253662109375,197.27847290039062,push,14,2025-11-18T12:11:07.869491,my_hand_data\videos\push_seq14_20251118_121107_120927.avi,89.75975800769244,360,90,HIGH,VIDEO_RECORDING,2025-11-18T12:11:11.224984
2025-11-18 12:11:07.869491,67,298,HandType.Right,0.424214243888855,272.69183349609375,119.9447250366211,238.5358428955078,-0.9261487722396851,0.030748169869184494,-0.37590286135673523,-22.982961654663086,17.17708396911621,-21.82923126220703,0.2538588047027588,0.7181341052055359,24.547452926635742,0,0,1,1,1,243.779296875,140.1627197265625,215.86033630371094,258.38739013671875,134.45396423339844,196.97671508789062,push,14,2025-11-18T12:11:07.869491,my_hand_data\videos\push_seq14_20251118_121107_120927.avi,89.75975800769244,360,90,HIGH,VIDEO_RECORDING,2025-11-18T12:11:11.224984
2025-11-18 12:11:07.869491,68,298,HandType.Right,0.424214243888855,272.69183349609375,119.9447250366211,238.5358428955078,-0.9261487722396851,0.030748169869184494,-0.37590286135673523,-22.982961654663086,17.17708396911621,-21.82923126220703,0.2538588047027588,0.7181341052055359,24.547452926635742,0,0,1,1,1,243.779296875,140.1627197265625,215.86033630371094,258.38739013671875,134.45396423339844,196.97671508789062,push,14,2025-11-18T12:11:07.869491,my_hand_data\videos\push_seq14_20251118_121107_120927.avi,89.75975800769244,360,90,HIGH,VIDEO_RECORDING,2025-11-18T12:11:11.224984
2025-11-18 12:11:07.901016,69,298,HandType.Right,0.4164302945137024,271.9043273925781,120.30388641357422,237.39578247070312,-0.9265925884246826,0.026869677007198334,-0.37510553002357483,-35.86343765258789,16.33615493774414,-52.935062408447266,0.256625235080719,0.7170167565345764,24.593647003173828,0,0,1,1,1,242.8418426513672,140.28248596191406,214.74124145507812,257.5235900878906,134.61953735351562,195.84085083007812,push,14,2025-11-18T12:11:07.901016,my_hand_data\videos\push_seq14_20251118_121107_120927.avi,89.75975800769244,360,90,HIGH,VIDEO_RECORDING,2025-11-18T12:11:11.224984
2025-11-18 12:11:07.901016,70,298,HandType.Right,0.4164302945137024,271.9043273925781,120.30388641357422,237.39578247070312,-0.9265925884246826,0.026869677007198334,-0.37510553002357483,-35.86343765258789,16.33615493774414,-52.935062408447266,0.256625235080719,0.7170167565345764,24.593647003173828,0,0,1,1,1,242.8418426513672,140.28248596191406,214.74124145507812,257.5235900878906,134.61953735351562,195.84085083007812,push,14,2025-11-18T12:11:07.901016,my_hand_data\videos\push_seq14_20251118_121107_120927.avi,89.75975800769244,360,90,HIGH,VIDEO_RECORDING,2025-11-18T12:11:11.224984
2025-11-18 12:11:07.901016,71,298,HandType.Right,0.41473937034606934,271.57269287109375,120.36328125,236.7235107421875,-0.926602840423584,0.026218241080641747,-0.37512633204460144,-31.205081939697266,5.5885009765625,-63.255043029785156,0.26282423734664917,0.7179528474807739,24.561677932739258,0,0,1,1,1,242.6728057861328,140.4202117919922,214.1292266845703,257.134521484375,134.66307067871094,195.12948608398438,push,14,2025-11-18T12:11:07.901016,my_hand_data\videos\push_seq14_20251118_121107_120927.avi,89.75975800769244,360,90,HIGH,VIDEO_RECORDING,2025-11-18T12:11:11.224984
2025-11-18 12:11:07.932613,72,298,HandType.Right,0.4206441640853882,271.3541259765625,120.45182037353516,235.5786590576172,-0.9278814196586609,0.02528546005487442,-0.37201714515686035,10.631258010864258,13.543657302856445,-45.2255859375,0.2790115773677826,0.7046867609024048,24.913476943969727,0,0,1,0,1,242.217041015625,140.54888916015625,213.00729370117188,256.7573547363281,134.6530303955078,193.65530395507812,push,14,2025-11-18T12:11:07.932613,my_hand_data\videos\push_seq14_20251118_121107_120927.avi,89.75975800769244,360,90,HIGH,VIDEO_RECORDING,2025-11-18T12:11:11.224984
2025-11-18 12:11:07.932613,73,298,HandType.Right,0.4206441640853882,271.3541259765625,120.45182037353516,235.5786590576172,-0.9278814196586609,0.02528546005487442,-0.37201714515686035,10.631258010864258,13.543657302856445,-45.2255859375,0.2790115773677826,0.7046867609024048,24.913476943969727,0,0,1,0,1,242.217041015625,140.54888916015625,213.00729370117188,256.7573547363281,134.6530303955078,193.65530395507812,push,14,2025-11-18T12:11:07.932613,my_hand_data\videos\push_seq14_20251118_121107_120927.avi,89.75975800769244,360,90,HIGH,VIDEO_RECORDING,2025-11-18T12:11:11.224984
2025-11-18 12:11:07.948448,74,298,HandType.Right,0.42351919412612915,271.4461669921875,120.5428466796875,235.07862854003906,-0.9295686483383179,0.021190669387578964,-0.36803945899009705,8.282662391662598,8.192907333374023,-45.00343704223633,0.27931976318359375,0.7061318159103394,24.842958450317383,0,0,1,0,1,242.21871948242188,140.5380859375,212.57823181152344,256.53094482421875,134.65777587890625,193.14231872558594,push,14,2025-11-18T12:11:07.948448,my_hand_data\videos\push_seq14_20251118_121107_120927.avi,89.75975800769244,360,90,HIGH,VIDEO_RECORDING,2025-11-18T12:11:11.224984
2025-11-18 12:11:07.964149,75,298,HandType.Right,0.4244011640548706,271.1295166015625,120.45833587646484,233.53244018554688,-0.9282259345054626,0.016321679577231407,-0.37165871262550354,-29.848316192626953,-15.852038383483887,-85.05255889892578,0.2894710898399353,0.7066304683685303,24.81103515625,0,0,1,0,1,242.15411376953125,140.51345825195312,211.05662536621094,256.2640075683594,134.57611083984375,191.53109741210938,push,14,2025-11-18T12:11:07.964149,my_hand_data\videos\push_seq14_20251118_121107_120927.avi,89.75975800769244,360,90,HIGH,VIDEO_RECORDING,2025-11-18T12:11:11.224984
2025-11-18 12:11:07.969797,76,298,HandType.Right,0.4244011640548706,271.1295166015625,120.45833587646484,233.53244018554688,-0.9282259345054626,0.016321679577231407,-0.37165871262550354,-29.848316192626953,-15.852038383483887,-85.05255889892578,0.2894710898399353,0.7066304683685303,24.81103515625,0,0,1,0,1,242.15411376953125,140.51345825195312,211.05662536621094,256.2640075683594,134.57611083984375,191.53109741210938,push,14,2025-11-18T12:11:07.969797,my_hand_data\videos\push_seq14_20251118_121107_120927.avi,89.75975800769244,360,90,HIGH,VIDEO_RECORDING,2025-11-18T12:11:11.224984
2025-11-18 12:11:07.980306,77,298,HandType.Right,0.4270251393318176,270.6187744140625,120.20670318603516,232.27044677734375,-0.9277148842811584,0.01685534417629242,-0.3729088306427002,-44.251983642578125,-21.801414489746094,-109.33906555175781,0.2952892482280731,0.7033441066741943,24.90208625793457,0,0,1,0,1,241.70571899414062,140.46258544921875,209.92788696289062,255.8169708251953,134.384765625,190.33078002929688,push,14,2025-11-18T12:11:07.980306,my_hand_data\videos\push_seq14_20251118_121107_120927.avi,89.75975800769244,360,90,HIGH,VIDEO_RECORDING,2025-11-18T12:11:11.224984
2025-11-18 12:11:07.996176,78,298,HandType.Right,0.4272441864013672,270.208740234375,119.92902374267578,230.9727325439453,-0.9277656078338623,0.023212488740682602,-0.37244081497192383,-38.315765380859375,-25.949012756347656,-121.26952362060547,0.2943912446498871,0.7103626132011414,24.693891525268555,0,0,1,0,1,241.4965057373047,140.42579650878906,208.80152893066406,255.3724365234375,134.30886840820312,189.3123016357422,push,14,2025-11-18T12:11:07.996176,my_hand_data\videos\push_seq14_20251118_121107_120927.avi,89.75975800769244,360,90,HIGH,VIDEO_RECORDING,2025-11-18T12:11:11.224984
2025-11-18 12:11:08.002626,79,298,HandType.Right,0.4312877655029297,269.944091796875,119.9022216796875,229.81141662597656,-0.9272481799125671,0.025579560548067093,-0.37357255816459656,-23.39336395263672,-2.3688716888427734,-102.65303802490234,0.2929121255874634,0.7268444299697876,24.220916748046875,0,0,1,0,1,241.59182739257812,140.3946533203125,207.79147338867188,254.8871612548828,134.38766479492188,188.45748901367188,push,14,2025-11-18T12:11:08.002626,my_hand_data\videos\push_seq14_20251118_121107_120927.avi,89.75975800769244,360,90,HIGH,VIDEO_RECORDING,2025-11-18T12:11:11.224984
2025-11-18 12:11:08.011987,80,298,HandType.Right,0.44591617584228516,269.9613342285156,120.03841400146484,229.23643493652344,-0.9273813962936401,0.0216592475771904,-0.3734898567199707,1.5942294597625732,12.591599464416504,-53.16044235229492,0.28735947608947754,0.7193849682807922,24.424760818481445,0,0,1,0,1,241.22427368164062,140.5947265625,207.113037109375,254.71743774414062,134.69032287597656,187.62864685058594,push,14,2025-11-18T12:11:08.011987,my_hand_data\videos\push_seq14_20251118_121107_120927.avi,89.75975800769244,360,90,HIGH,VIDEO_RECORDING,2025-11-18T12:11:11.224984
2025-11-18 12:11:08.028155,81,298,HandType.Right,0.45476651191711426,269.8206481933594,120.50149536132812,228.64804077148438,-0.9266806840896606,0.006927825976163149,-0.3757856786251068,-12.613924980163574,41.52116394042969,-52.75707244873047,0.2826085090637207,0.6936907172203064,25.14510154724121,0,0,1,0,1,240.1409149169922,140.6298828125,206.0922393798828,254.5953369140625,135.17430114746094,186.25332641601562,push,14,2025-11-18T12:11:08.028155,my_hand_data\videos\push_seq14_20251118_121107_120927.avi,89.75975800769244,360,90,HIGH,VIDEO_RECORDING,2025-11-18T12:11:11.224984
2025-11-18 12:11:08.028155,82,298,HandType.Right,0.47026753425598145,269.607177734375,120.91693878173828,227.96131896972656,-0.9251857399940491,0.0018837142270058393,-0.3795100152492523,-19.251375198364258,37.464298248291016,-61.927940368652344,0.2828827202320099,0.6953100562095642,25.064373016357422,0,0,1,0,1,239.78024291992188,140.94735717773438,205.2850341796875,254.36473083496094,135.67318725585938,185.594970703125,push,14,2025-11-18T12:11:08.028155,my_hand_data\videos\push_seq14_20251118_121107_120927.avi,89.75975800769244,360,90,HIGH,VIDEO_RECORDING,2025-11-18T12:11:11.224984
2025-11-18 12:11:08.044527,83,298,HandType.Right,0.47100913524627686,269.28778076171875,121.14640808105469,227.37440490722656,-0.9258916974067688,0.003926237113773823,-0.3777686655521393,-28.788110733032227,20.681814193725586,-52.89937973022461,0.2723660171031952,0.6871774792671204,25.272300720214844,0,0,1,0,1,239.2786407470703,141.38946533203125,204.79660034179688,254.0946044921875,135.98692321777344,185.0484619140625,push,14,2025-11-18T12:11:08.044527,my_hand_data\videos\push_seq14_20251118_121107_120927.avi,89.75975800769244,360,90,HIGH,VIDEO_RECORDING,2025-11-18T12:11:11.224984
2025-11-18 12:11:08.060653,84,298,HandType.Right,0.4709359407424927,268.9019775390625,121.37012481689453,226.6409454345703,-0.9274908900260925,0.006030653137713671,-0.37379711866378784,-33.9876708984375,19.709564208984375,-64.61622619628906,0.2639785706996918,0.6763896942138672,25.550756454467773,0,0,1,1,1,238.54246520996094,141.64944458007812,204.24069213867188,253.60989379882812,136.35609436035156,184.29591369628906,push,14,2025-11-18T12:11:08.060653,my_hand_data\videos\push_seq14_20251118_121107_120927.avi,89.75975800769244,360,90,HIGH,VIDEO_RECORDING,2025-11-18T12:11:11.224984
2025-11-18 12:11:08.060653,85,298,HandType.Right,0.46610283851623535,268.59735107421875,121.55756378173828,225.73886108398438,-0.9280087351799011,0.008751803077757359,-0.37245556712150574,-27.52703285217285,16.936580657958984,-81.51127624511719,0.2592698931694031,0.6657440662384033,25.847620010375977,0,0,1,1,1,238.08595275878906,141.9673614501953,203.56930541992188,253.3754119873047,136.81890869140625,183.37461853027344,push,14,2025-11-18T12:11:08.060653,my_hand_data\videos\push_seq14_20251118_121107_120927.avi,89.75975800769244,360,90,HIGH,VIDEO_RECORDING,2025-11-18T12:11:11.224984
2025-11-18 12:11:08.092374,86,298,HandType.Right,0.4624626636505127,267.5439147949219,121.75244140625,223.99363708496094,-0.9262333512306213,0.005805189721286297,-0.37690597772598267,-58.707672119140625,0.4410514235496521,-92.28565979003906,0.2742399573326111,0.6303091049194336,26.862213134765625,0,0,1,0,1,236.8906707763672,142.8787841796875,201.89266967773438,253.08436584472656,137.46426391601562,181.15560913085938,push,14,2025-11-18T12:11:08.092374,my_hand_data\videos\push_seq14_20251118_121107_120927.avi,89.75975800769244,360,90,HIGH,VIDEO_RECORDING,2025-11-18T12:11:11.224984
2025-11-18 12:11:08.094380,87,298,HandType.Right,0.4568357467651367,266.6336975097656,121.81993865966797,222.8748016357422,-0.9240307807922363,0.005206543952226639,-0.3822826147079468,-82.6427993774414,6.128415584564209,-101.58405303955078,0.2761465609073639,0.6194143891334534,27.18964958190918,0,0,0,0,1,235.85484313964844,142.78713989257812,200.57937622070312,252.80955505371094,137.685791015625,179.94467163085938,push,14,2025-11-18T12:11:08.094380,my_hand_data\videos\push_seq14_20251118_121107_120927.avi,89.75975800769244,360,90,HIGH,VIDEO_RECORDING,2025-11-18T12:11:11.224984
2025-11-18 12:11:08.102759,88,298,HandType.Right,0.4568357467651367,266.6336975097656,121.81993865966797,222.8748016357422,-0.9240307807922363,0.005206543952226639,-0.3822826147079468,-82.6427993774414,6.128415584564209,-101.58405303955078,0.2761465609073639,0.6194143891334534,27.18964958190918,0,0,0,0,1,235.85484313964844,142.78713989257812,200.57937622070312,252.80955505371094,137.685791015625,179.94467163085938,push,14,2025-11-18T12:11:08.102759,my_hand_data\videos\push_seq14_20251118_121107_120927.avi,89.75975800769244,360,90,HIGH,VIDEO_RECORDING,2025-11-18T12:11:11.224984
2025-11-18 12:11:08.124101,89,298,HandType.Right,0.4437640309333801,265.1573486328125,122.32170104980469,220.95664978027344,-0.9195899367332458,-0.0020979156251996756,-0.39287394285202026,-48.70534896850586,27.871469497680664,-75.5700454711914,0.2752861976623535,0.5876452326774597,28.109262466430664,0,0,0,0,1,234.431884765625,143.2484893798828,198.36386108398438,252.02420043945312,138.30055236816406,177.0059814453125,push,14,2025-11-18T12:11:08.124101,my_hand_data\videos\push_seq14_20251118_121107_120927.avi,89.75975800769244,360,90,HIGH,VIDEO_RECORDING,2025-11-18T12:11:11.224984
2025-11-18 12:11:08.124101,90,298,HandType.Right,0.4437640309333801,265.1573486328125,122.32170104980469,220.95664978027344,-0.9195899367332458,-0.0020979156251996756,-0.39287394285202026,-48.70534896850586,27.871469497680664,-75.5700454711914,0.2752861976623535,0.5876452326774597,28.109262466430664,0,0,0,0,1,234.431884765625,143.2484893798828,198.36386108398438,252.02420043945312,138.30055236816406,177.0059814453125,push,14,2025-11-18T12:11:08.124101,my_hand_data\videos\push_seq14_20251118_121107_120927.avi,89.75975800769244,360,90,HIGH,VIDEO_RECORDING,2025-11-18T12:11:11.224984
2025-11-18 12:11:08.124101,91,298,HandType.Right,0.4404752850532532,264.7240905761719,122.7041244506836,220.0759735107422,-0.9194940328598022,-0.004773425403982401,-0.39307495951652527,-40.0126838684082,35.31816864013672,-81.3324966430664,0.27298635244369507,0.5655961632728577,28.729839324951172,0,0,0,0,1,233.4473876953125,143.3456268310547,197.2935333251953,251.77276611328125,138.66976928710938,175.66668701171875,push,14,2025-11-18T12:11:08.124101,my_hand_data\videos\push_seq14_20251118_121107_120927.avi,89.75975800769244,360,90,HIGH,VIDEO_RECORDING,2025-11-18T12:11:11.224984
2025-11-18 12:11:08.155595,92,298,HandType.Right,0.45053237676620483,264.2346496582031,123.64949035644531,218.3895721435547,-0.9203658103942871,-0.01486220397055149,-0.39077603816986084,-28.290685653686523,36.20733642578125,-91.70729064941406,0.28228336572647095,0.5354427695274353,29.548397064208984,0,0,0,0,1,232.61996459960938,143.9690399169922,195.39857482910156,251.50067138671875,139.56536865234375,173.09982299804688,push,14,2025-11-18T12:11:08.155595,my_hand_data\videos\push_seq14_20251118_121107_120927.avi,89.75975800769244,360,90,HIGH,VIDEO_RECORDING,2025-11-18T12:11:11.224984
2025-11-18 12:11:08.155595,93,298,HandType.Right,0.45053237676620483,264.2346496582031,123.64949035644531,218.3895721435547,-0.9203658103942871,-0.01486220397055149,-0.39077603816986084,-28.290685653686523,36.20733642578125,-91.70729064941406,0.28228336572647095,0.5354427695274353,29.548397064208984,0,0,0,0,1,232.61996459960938,143.9690399169922,195.39857482910156,251.50067138671875,139.56536865234375,173.09982299804688,push,14,2025-11-18T12:11:08.155595,my_hand_data\videos\push_seq14_20251118_121107_120927.avi,89.75975800769244,360,90,HIGH,VIDEO_RECORDING,2025-11-18T12:11:11.224984
2025-11-18 12:11:08.171319,94,298,HandType.Right,0.454990029335022,263.9530029296875,123.8428955078125,217.43858337402344,-0.9205334782600403,-0.013951705768704414,-0.39041444659233093,-25.0311279296875,17.188312530517578,-84.51671600341797,0.28053024411201477,0.5337765216827393,29.58050537109375,0,0,0,0,1,232.32716369628906,144.39593505859375,194.6301727294922,251.1765899658203,139.8228759765625,172.2965087890625,push,14,2025-11-18T12:11:08.171319,my_hand_data\videos\push_seq14_20251118_121107_120927.avi,89.75975800769244,360,90,HIGH,VIDEO_RECORDING,2025-11-18T12:11:11.224984
2025-11-18 12:11:08.187040,95,298,HandType.Right,0.47853296995162964,262.8086242675781,123.5986099243164,215.64865112304688,-0.9210861325263977,-0.007262753788381815,-0.3892911970615387,-54.166175842285156,-19.80116844177246,-77.04264068603516,0.281243234872818,0.5419682264328003,29.280506134033203,0,0,0,0,1,231.14886474609375,144.4258575439453,192.978515625,249.946533203125,140.0407257080078,170.9611053466797,push,14,2025-11-18T12:11:08.187040,my_hand_data\videos\push_seq14_20251118_121107_120927.avi,89.75975800769244,360,90,HIGH,VIDEO_RECORDING,2025-11-18T12:11:11.224984
2025-11-18 12:11:08.187040,96,298,HandType.Right,0.47853296995162964,262.8086242675781,123.5986099243164,215.64865112304688,-0.9210861325263977,-0.007262753788381815,-0.3892911970615387,-54.166175842285156,-19.80116844177246,-77.04264068603516,0.281243234872818,0.5419682264328003,29.280506134033203,0,0,0,0,1,231.14886474609375,144.4258575439453,192.978515625,249.946533203125,140.0407257080078,170.9611053466797,push,14,2025-11-18T12:11:08.187040,my_hand_data\videos\push_seq14_20251118_121107_120927.avi,89.75975800769244,360,90,HIGH,VIDEO_RECORDING,2025-11-18T12:11:11.224984
2025-11-18 12:11:08.202746,97,298,HandType.Right,0.48414725065231323,262.34393310546875,123.4004898071289,214.87026977539062,-0.9209262132644653,-0.004572675563395023,-0.3897101879119873,-43.396427154541016,-18.502038955688477,-72.69236755371094,0.2823522388935089,0.5448970198631287,29.166526794433594,0,0,0,0,1,230.71484375,144.4409942626953,192.12725830078125,249.45068359375,139.98802185058594,170.2223358154297,push,14,2025-11-18T12:11:08.202746,my_hand_data\videos\push_seq14_20251118_121107_120927.avi,89.75975800769244,360,90,HIGH,VIDEO_RECORDING,2025-11-18T12:11:11.224984
2025-11-18 12:11:08.218664,98,298,HandType.Right,0.4918854236602783,261.9486083984375,123.28319549560547,214.14808654785156,-0.9211037158966064,-0.0017829124117270112,-0.3893132209777832,-34.56755447387695,-10.255762100219727,-63.1441535949707,0.27903032302856445,0.5614092946052551,28.667001724243164,0,0,0,0,1,230.3387451171875,144.531005859375,191.42758178710938,248.7008819580078,140.24891662597656,169.83377075195312,push,14,2025-11-18T12:11:08.218664,my_hand_data\videos\push_seq14_20251118_121107_120927.avi,89.75975800769244,360,90,HIGH,VIDEO_RECORDING,2025-11-18T12:11:11.224984
2025-11-18 12:11:08.218664,99,298,HandType.Right,0.4963963031768799,261.4313659667969,123.29641723632812,213.30728149414062,-0.9209084510803223,0.0035043826792389154,-0.389763206243515,-47.55271911621094,1.2156424522399902,-77.30039978027344,0.2680760324001312,0.5877721905708313,27.910228729248047,0,0,0,0,1,229.92153930664062,144.64463806152344,190.6284942626953,248.05775451660156,140.4221954345703,169.83836364746094,push,14,2025-11-18T12:11:08.218664,my_hand_data\videos\push_seq14_20251118_121107_120927.avi,89.75975800769244,360,90,HIGH,VIDEO_RECORDING,2025-11-18T12:11:11.224984
2025-11-18 12:11:08.234333,100,298,HandType.Right,0.5035135746002197,261.09722900390625,123.52947235107422,212.5335235595703,-0.9197006821632385,-0.0009356152731925249,-0.3926190733909607,-29.000530242919922,20.22723388671875,-67.1555404663086,0.26720672845840454,0.5958268642425537,27.680923461914062,0,0,0,0,1,229.64161682128906,144.95635986328125,189.85662841796875,247.54367065429688,140.69654846191406,169.17803955078125,push,14,2025-11-18T12:11:08.234333,my_hand_data\videos\push_seq14_20251118_121107_120927.avi,89.75975800769244,360,90,HIGH,VIDEO_RECORDING,2025-11-18T12:11:11.224984
2025-11-18 12:11:08.250488,101,298,HandType.Right,0.5133047699928284,260.84613037109375,123.86457061767578,211.8888702392578,-0.9194736480712891,-0.008834035135805607,-0.3930523097515106,-22.998796463012695,30.694473266601562,-59.04996109008789,0.25991663336753845,0.5880659818649292,27.87406349182129,0,0,0,0,1,229.37579345703125,145.41830444335938,189.23936462402344,247.24249267578125,141.0360107421875,168.2980194091797,push,14,2025-11-18T12:11:08.250488,my_hand_data\videos\push_seq14_20251118_121107_120927.avi,89.75975800769244,360,90,HIGH,VIDEO_RECORDING,2025-11-18T12:11:11.224984
2025-11-18 12:11:08.250488,102,298,HandType.Right,0.5133047699928284,260.84613037109375,123.86457061767578,211.8888702392578,-0.9194736480712891,-0.008834035135805607,-0.3930523097515106,-22.998796463012695,30.694473266601562,-59.04996109008789,0.25991663336753845,0.5880659818649292,27.87406349182129,0,0,0,0,1,229.37579345703125,145.41830444335938,189.23936462402344,247.24249267578125,141.0360107421875,168.2980194091797,push,14,2025-11-18T12:11:08.250488,my_hand_data\videos\push_seq14_20251118_121107_120927.avi,89.75975800769244,360,90,HIGH,VIDEO_RECORDING,2025-11-18T12:11:11.224984
2025-11-18 12:11:08.266607,103,298,HandType.Right,0.5251674056053162,260.7086486816406,124.17744445800781,210.2425994873047,-0.9198536276817322,-0.012409030459821224,-0.39206549525260925,-2.314965009689331,1.0958805084228516,-72.07722473144531,0.2556610405445099,0.5723230838775635,28.284082412719727,0,0,0,0,1,229.23463439941406,146.14886474609375,187.90261840820312,247.1544952392578,141.3556671142578,166.55096435546875,push,14,2025-11-18T12:11:08.266607,my_hand_data\videos\push_seq14_20251118_121107_120927.avi,89.75975800769244,360,90,HIGH,VIDEO_RECORDING,2025-11-18T12:11:11.224984
2025-11-18 12:11:08.282860,104,298,HandType.Right,0.5273599624633789,260.73162841796875,124.20555877685547,209.46060180664062,-0.9201767444610596,-0.0195214431732893,-0.39101624488830566,2.072643518447876,2.5349113941192627,-70.50712585449219,0.24968449771404266,0.5682991147041321,28.379566192626953,0,0,0,0,1,229.05564880371094,146.19859313964844,187.1787872314453,246.93280029296875,141.2566375732422,165.6989288330078,push,14,2025-11-18T12:11:08.282860,my_hand_data\videos\push_seq14_20251118_121107_120927.avi,89.75975800769244,360,90,HIGH,VIDEO_RECORDING,2025-11-18T12:11:11.224984
2025-11-18 12:11:08.282860,105,298,HandType.Right,0.5243675112724304,260.5881652832031,123.86592102050781,208.4480743408203,-0.9200159907341003,-0.0141930365934968,-0.39162370562553406,-12.658411026000977,-29.96616554260254,-89.33551025390625,0.25463685393333435,0.5650736093521118,28.462196350097656,0,0,0,0,1,228.95433044433594,146.1216583251953,186.2208251953125,246.9479217529297,140.99041748046875,164.7732696533203,push,14,2025-11-18T12:11:08.282860,my_hand_data\videos\push_seq14_20251118_121107_120927.avi,89.75975800769244,360,90,HIGH,VIDEO_RECORDING,2025-11-18T12:11:11.224984
2025-11-18 12:11:08.314822,106,298,HandType.Right,0.5256075859069824,260.0121765136719,122.87157440185547,206.3632049560547,-0.92106032371521,-0.002156185684725642,-0.3894140124320984,-40.06156539916992,-54.54711151123047,-105.14651489257812,0.26231876015663147,0.5711096525192261,28.279495239257812,0,0,0,0,1,228.2873077392578,145.26507568359375,184.4055633544922,246.32077026367188,140.17933654785156,163.22398376464844,push,14,2025-11-18T12:11:08.314822,my_hand_data\videos\push_seq14_20251118_121107_120927.avi,89.75975800769244,360,90,HIGH,VIDEO_RECORDING,2025-11-18T12:11:11.224984
2025-11-18 12:11:08.319325,107,298,HandType.Right,0.5256075859069824,260.0121765136719,122.87157440185547,206.3632049560547,-0.92106032371521,-0.002156185684725642,-0.3894140124320984,-40.06156539916992,-54.54711151123047,-105.14651489257812,0.26231876015663147,0.5711096525192261,28.279495239257812,0,0,0,0,1,228.2873077392578,145.26507568359375,184.4055633544922,246.32077026367188,140.17933654785156,163.22398376464844,push,14,2025-11-18T12:11:08.319325,my_hand_data\videos\push_seq14_20251118_121107_120927.avi,89.75975800769244,360,90,HIGH,VIDEO_RECORDING,2025-11-18T12:11:11.224984
2025-11-18 12:11:08.326308,108,298,HandType.Right,0.5278685688972473,259.71014404296875,122.56106567382812,205.6845245361328,-0.9218741655349731,0.001079038716852665,-0.3874879479408264,-26.393632888793945,-27.13544273376465,-59.30913543701172,0.26001399755477905,0.5602268576622009,28.5882568359375,0,0,0,0,1,227.7855682373047,144.9517059326172,183.7404022216797,246.13711547851562,139.92776489257812,162.4033660888672,push,14,2025-11-18T12:11:08.326308,my_hand_data\videos\push_seq14_20251118_121107_120927.avi,89.75975800769244,360,90,HIGH,VIDEO_RECORDING,2025-11-18T12:11:11.224984
2025-11-18 12:11:08.346534,109,298,HandType.Right,0.5303528308868408,259.1525573730469,122.25086212158203,204.75587463378906,-0.9229488968849182,0.0094103729352355,-0.3848074972629547,-25.849254608154297,-9.76713752746582,-37.03636932373047,0.2556820511817932,0.5825286507606506,27.968488693237305,0,0,0,0,1,227.11395263671875,144.73883056640625,182.84808349609375,245.13916015625,139.98892211914062,161.9970245361328,push,14,2025-11-18T12:11:08.346534,my_hand_data\videos\push_seq14_20251118_121107_120927.avi,89.75975800769244,360,90,HIGH,VIDEO_RECORDING,2025-11-18T12:11:11.224984
2025-11-18 12:11:08.352557,110,298,HandType.Right,0.5303528308868408,259.1525573730469,122.25086212158203,204.75587463378906,-0.9229488968849182,0.0094103729352355,-0.3848074972629547,-25.849254608154297,-9.76713752746582,-37.03636932373047,0.2556820511817932,0.5825286507606506,27.968488693237305,0,0,0,0,1,227.11395263671875,144.73883056640625,182.84808349609375,245.13916015625,139.98892211914062,161.9970245361328,push,14,2025-11-18T12:11:08.352557,my_hand_data\videos\push_seq14_20251118_121107_120927.avi,89.75975800769244,360,90,HIGH,VIDEO_RECORDING,2025-11-18T12:11:11.224984
2025-11-18 12:11:08.354565,111,298,HandType.Right,0.5257733464241028,258.8902893066406,122.27433013916016,204.3255157470703,-0.9226674437522888,0.010473398491740227,-0.3854544162750244,-23.96016502380371,2.1438424587249756,-39.31708908081055,0.2505386769771576,0.5908555388450623,27.74190330505371,0,0,0,0,1,227.0625762939453,144.76617431640625,182.30751037597656,244.8712158203125,140.0487823486328,161.5659637451172,push,14,2025-11-18T12:11:08.354565,my_hand_data\videos\push_seq14_20251118_121107_120927.avi,89.75975800769244,360,90,HIGH,VIDEO_RECORDING,2025-11-18T12:11:11.224984
2025-11-18 12:11:08.378462,112,298,HandType.Right,0.5263880491256714,258.2565002441406,122.4430923461914,203.05198669433594,-0.9228759407997131,0.009095407091081142,-0.38498997688293457,-25.036930084228516,9.610483169555664,-56.096187591552734,0.24630394577980042,0.5963085293769836,27.59087371826172,0,0,0,0,1,226.49876403808594,144.89877319335938,180.9698486328125,244.09983825683594,140.15805053710938,160.25791931152344,push,14,2025-11-18T12:11:08.378462,my_hand_data\videos\push_seq14_20251118_121107_120927.avi,89.75975800769244,360,90,HIGH,VIDEO_RECORDING,2025-11-18T12:11:11.224984
2025-11-18 12:11:08.378462,113,298,HandType.Right,0.5263880491256714,258.2565002441406,122.4430923461914,203.05198669433594,-0.9228759407997131,0.009095407091081142,-0.38498997688293457,-25.036930084228516,9.610483169555664,-56.096187591552734,0.24630394577980042,0.5963085293769836,27.59087371826172,0,0,0,0,1,226.49876403808594,144.89877319335938,180.9698486328125,244.09983825683594,140.15805053710938,160.25791931152344,push,14,2025-11-18T12:11:08.378462,my_hand_data\videos\push_seq14_20251118_121107_120927.avi,89.75975800769244,360,90,HIGH,VIDEO_RECORDING,2025-11-18T12:11:11.224984
2025-11-18 12:11:08.387610,114,298,HandType.Right,0.5297585725784302,258.07916259765625,122.6404800415039,202.47731018066406,-0.9227677583694458,0.009049289859831333,-0.3852502703666687,-15.852656364440918,17.646207809448242,-51.37469482421875,0.24248835444450378,0.5988641977310181,27.51683235168457,0,0,0,0,1,226.52516174316406,145.09024047851562,180.3592071533203,243.99525451660156,140.3681640625,159.63063049316406,push,14,2025-11-18T12:11:08.387610,my_hand_data\videos\push_seq14_20251118_121107_120927.avi,89.75975800769244,360,90,HIGH,VIDEO_RECORDING,2025-11-18T12:11:11.224984
2025-11-18 12:11:08.410193,115,298,HandType.Right,0.5383301973342896,257.8306579589844,123.08088684082031,201.39645385742188,-0.9226519465446472,0.004773098975419998,-0.3856041729450226,-9.3766450881958,21.473711013793945,-50.98684310913086,0.23707473278045654,0.5892923474311829,27.783432006835938,0,0,0,1,1,226.58628845214844,145.5973663330078,179.2666473388672,243.90188598632812,140.73448181152344,158.0902099609375,push,14,2025-11-18T12:11:08.410193,my_hand_data\videos\push_seq14_20251118_121107_120927.avi,89.75975800769244,360,90,HIGH,VIDEO_RECORDING,2025-11-18T12:11:11.224984
2025-11-18 12:11:08.410193,116,298,HandType.Right,0.5383301973342896,257.8306579589844,123.08088684082031,201.39645385742188,-0.9226519465446472,0.004773098975419998,-0.3856041729450226,-9.3766450881958,21.473711013793945,-50.98684310913086,0.23707473278045654,0.5892923474311829,27.783432006835938,0,0,0,1,1,226.58628845214844,145.5973663330078,179.2666473388672,243.90188598632812,140.73448181152344,158.0902099609375,push,14,2025-11-18T12:11:08.410193,my_hand_data\videos\push_seq14_20251118_121107_120927.avi,89.75975800769244,360,90,HIGH,VIDEO_RECORDING,2025-11-18T12:11:11.224984
2025-11-18 12:11:08.426274,117,298,HandType.Right,0.5440266132354736,257.7774963378906,123.27735137939453,200.81028747558594,-0.9229481220245361,-4.654835720430128e-06,-0.3849242925643921,-4.680935382843018,17.29175567626953,-51.58932876586914,0.23405922949314117,0.5823002457618713,27.973512649536133,0,0,0,1,1,226.3939971923828,145.6373291015625,178.6275634765625,243.88218688964844,140.89443969726562,157.31593322753906,push,14,2025-11-18T12:11:08.426274,my_hand_data\videos\push_seq14_20251118_121107_120927.avi,89.75975800769244,360,90,HIGH,VIDEO_RECORDING,2025-11-18T12:11:11.224984
2025-11-18 12:11:08.442244,118,298,HandType.Right,0.5481342673301697,257.5248718261719,123.38789367675781,199.482421875,-0.922398030757904,-0.007404695730656385,-0.3861696720123291,-5.036576271057129,4.696384429931641,-59.57436752319336,0.23641669750213623,0.5747798085212708,28.190696716308594,0,0,0,1,1,226.3385009765625,145.7487335205078,177.2782440185547,243.85838317871094,140.96182250976562,155.71775817871094,push,14,2025-11-18T12:11:08.442244,my_hand_data\videos\push_seq14_20251118_121107_120927.avi,89.75975800769244,360,90,HIGH,VIDEO_RECORDING,2025-11-18T12:11:11.224984
2025-11-18 12:11:08.445673,119,298,HandType.Right,0.5481342673301697,257.5248718261719,123.38789367675781,199.482421875,-0.922398030757904,-0.007404695730656385,-0.3861696720123291,-5.036576271057129,4.696384429931641,-59.57436752319336,0.23641669750213623,0.5747798085212708,28.190696716308594,0,0,0,1,1,226.3385009765625,145.7487335205078,177.2782440185547,243.85838317871094,140.96182250976562,155.71775817871094,push,14,2025-11-18T12:11:08.445673,my_hand_data\videos\push_seq14_20251118_121107_120927.avi,89.75975800769244,360,90,HIGH,VIDEO_RECORDING,2025-11-18T12:11:11.224984
2025-11-18 12:11:08.458263,120,298,HandType.Right,0.5521141886711121,257.3897705078125,123.31880950927734,198.66136169433594,-0.9217851758003235,-0.008434141986072063,-0.3876093029975891,-12.17851448059082,-6.227688789367676,-74.01502990722656,0.23919138312339783,0.5797224044799805,28.039871215820312,0,0,0,0,1,226.28396606445312,145.71600341796875,176.45285034179688,243.7600860595703,140.95458984375,155.04844665527344,push,14,2025-11-18T12:11:08.458263,my_hand_data\videos\push_seq14_20251118_121107_120927.avi,89.75975800769244,360,90,HIGH,VIDEO_RECORDING,2025-11-18T12:11:11.224984
2025-11-18 12:11:08.474056,121,298,HandType.Right,0.5608872175216675,257.1252746582031,123.25540924072266,197.05982971191406,-0.9210637211799622,-0.007650396320968866,-0.3893367052078247,-13.458114624023438,2.4680042266845703,-75.94226837158203,0.24342693388462067,0.5963653922080994,27.54399871826172,0,0,0,0,1,226.26161193847656,145.75038146972656,174.91746520996094,243.2813720703125,140.92105102539062,153.806396484375,push,14,2025-11-18T12:11:08.474056,my_hand_data\videos\push_seq14_20251118_121107_120927.avi,89.75975800769244,360,90,HIGH,VIDEO_RECORDING,2025-11-18T12:11:11.224984
2025-11-18 12:11:08.474056,122,298,HandType.Right,0.5608872175216675,257.1252746582031,123.25540924072266,197.05982971191406,-0.9210637211799622,-0.007650396320968866,-0.3893367052078247,-13.458114624023438,2.4680042266845703,-75.94226837158203,0.24342693388462067,0.5963653922080994,27.54399871826172,0,0,0,0,1,226.26161193847656,145.75038146972656,174.91746520996094,243.2813720703125,140.92105102539062,153.806396484375,push,14,2025-11-18T12:11:08.474056,my_hand_data\videos\push_seq14_20251118_121107_120927.avi,89.75975800769244,360,90,HIGH,VIDEO_RECORDING,2025-11-18T12:11:11.224984
2025-11-18 12:11:08.490128,123,298,HandType.Right,0.5659308433532715,256.9740295410156,123.44306182861328,196.25315856933594,-0.9203855991363525,-0.011356246657669544,-0.39084699749946594,-13.337794303894043,16.549463272094727,-71.141845703125,0.24822302162647247,0.6129897832870483,27.067142486572266,0,0,0,0,1,226.14834594726562,145.85032653808594,174.08926391601562,242.61495971679688,140.82164001464844,153.2040252685547,push,14,2025-11-18T12:11:08.490128,my_hand_data\videos\push_seq14_20251118_121107_120927.avi,89.75975800769244,360,90,HIGH,VIDEO_RECORDING,2025-11-18T12:11:11.224984
2025-11-18 12:11:08.506209,124,298,HandType.Right,0.5710967183113098,256.8435974121094,123.60173797607422,195.6583709716797,-0.9207606911659241,-0.012353704310953617,-0.3899322748184204,-12.370183944702148,15.045602798461914,-56.39992141723633,0.2461169809103012,0.6221840381622314,26.801502227783203,0,0,0,0,1,226.0498046875,146.00137329101562,173.46304321289062,242.23854064941406,140.89906311035156,152.72149658203125,push,14,2025-11-18T12:11:08.506209,my_hand_data\videos\push_seq14_20251118_121107_120927.avi,89.75975800769244,360,90,HIGH,VIDEO_RECORDING,2025-11-18T12:11:11.224984
2025-11-18 12:11:08.506209,125,298,HandType.Right,0.5775450468063354,256.7071228027344,123.86236572265625,195.01025390625,-0.9208834767341614,-0.015777090564370155,-0.38951852917671204,-11.83350658416748,22.60262107849121,-56.206199645996094,0.2423110157251358,0.6280314922332764,26.627782821655273,0,0,0,0,1,225.8567352294922,146.04029846191406,172.8011932373047,241.8842315673828,140.95669555664062,152.15379333496094,push,14,2025-11-18T12:11:08.506209,my_hand_data\videos\push_seq14_20251118_121107_120927.avi,89.75975800769244,360,90,HIGH,VIDEO_RECORDING,2025-11-18T12:11:11.224984
2025-11-18 12:11:08.522052,126,298,HandType.Right,0.5874895453453064,256.631591796875,124.1671142578125,194.29107666015625,-0.9212487936019897,-0.018317120149731636,-0.38854238390922546,-6.8046979904174805,27.44756507873535,-64.77366638183594,0.24332252144813538,0.6305257678031921,26.54142189025879,0,0,0,0,1,225.63902282714844,146.1533966064453,172.08450317382812,241.6028594970703,141.22869873046875,151.46047973632812,push,14,2025-11-18T12:11:08.522052,my_hand_data\videos\push_seq14_20251118_121107_120927.avi,89.75975800769244,360,90,HIGH,VIDEO_RECORDING,2025-11-18T12:11:11.224984
2025-11-18 12:11:08.537824,127,298,HandType.Right,0.5929864048957825,256.5845642089844,124.3603744506836,193.5917205810547,-0.9218106269836426,-0.017433583736419678,-0.38724830746650696,-4.366053581237793,17.9440975189209,-64.935302734375,0.24558405578136444,0.6254334449768066,26.671457290649414,0,0,0,0,1,225.4435272216797,146.4030303955078,171.537109375,241.5265655517578,141.49859619140625,150.83326721191406,push,14,2025-11-18T12:11:08.537824,my_hand_data\videos\push_seq14_20251118_121107_120927.avi,89.75975800769244,360,90,HIGH,VIDEO_RECORDING,2025-11-18T12:11:11.224984
2025-11-18 12:11:08.537824,128,298,HandType.Right,0.5937011241912842,256.531494140625,124.42289733886719,192.91163635253906,-0.9227083921432495,-0.013525537215173244,-0.3852612376213074,-4.723637104034424,5.564756393432617,-60.53300094604492,0.24099090695381165,0.6235730051994324,26.70991325378418,0,0,0,0,1,225.30409240722656,146.5347137451172,170.86376953125,241.53231811523438,141.71656799316406,150.20343017578125,push,14,2025-11-18T12:11:08.537824,my_hand_data\videos\push_seq14_20251118_121107_120927.avi,89.75975800769244,360,90,HIGH,VIDEO_RECORDING,2025-11-18T12:11:11.224984
2025-11-18 12:11:08.569631,129,298,HandType.Right,0.6007325649261475,256.2496032714844,124.55546569824219,191.07659912109375,-0.9232345223426819,-0.009578348137438297,-0.3841175138950348,-15.165736198425293,6.114716053009033,-84.24832153320312,0.2479982227087021,0.649518609046936,25.958148956298828,0,0,0,0,1,225.04319763183594,146.62709045410156,169.11196899414062,240.9105224609375,141.847412109375,149.13177490234375,push,14,2025-11-18T12:11:08.569631,my_hand_data\videos\push_seq14_20251118_121107_120927.avi,89.75975800769244,360,90,HIGH,VIDEO_RECORDING,2025-11-18T12:11:11.224984
2025-11-18 12:11:08.572072,130,298,HandType.Right,0.6033136248588562,256.1075744628906,124.62625885009766,190.1701202392578,-0.9234446287155151,-0.00816858746111393,-0.3836447596549988,-12.931879997253418,6.445524215698242,-82.53510284423828,0.25084686279296875,0.6721705794334412,25.314584732055664,0,0,0,0,1,225.0026397705078,146.71212768554688,168.2669219970703,240.36666870117188,141.9159393310547,148.7279510498047,push,14,2025-11-18T12:11:08.572072,my_hand_data\videos\push_seq14_20251118_121107_120927.avi,89.75975800769244,360,90,HIGH,VIDEO_RECORDING,2025-11-18T12:11:11.224984
2025-11-18 12:11:08.572072,131,298,HandType.Right,0.6033136248588562,256.1075744628906,124.62625885009766,190.1701202392578,-0.9234446287155151,-0.00816858746111393,-0.3836447596549988,-12.931879997253418,6.445524215698242,-82.53510284423828,0.25084686279296875,0.6721705794334412,25.314584732055664,0,0,0,0,1,225.0026397705078,146.71212768554688,168.2669219970703,240.36666870117188,141.9159393310547,148.7279510498047,push,14,2025-11-18T12:11:08.572072,my_hand_data\videos\push_seq14_20251118_121107_120927.avi,89.75975800769244,360,90,HIGH,VIDEO_RECORDING,2025-11-18T12:11:11.224984
2025-11-18 12:11:08.601517,132,298,HandType.Right,0.6096222996711731,255.8896942138672,124.87644958496094,188.3568878173828,-0.9247461557388306,-0.005856604781001806,-0.3805394470691681,-4.3820953369140625,15.080046653747559,-76.82743835449219,0.24864964187145233,0.6802558302879333,25.07192611694336,0,0,0,0,1,224.74107360839844,146.96353149414062,166.64013671875,239.9139404296875,142.12521362304688,147.2758331298828,push,14,2025-11-18T12:11:08.601517,my_hand_data\videos\push_seq14_20251118_121107_120927.avi,89.75975800769244,360,90,HIGH,VIDEO_RECORDING,2025-11-18T12:11:11.224984
2025-11-18 12:11:08.601517,133,298,HandType.Right,0.6096222996711731,255.8896942138672,124.87644958496094,188.3568878173828,-0.9247461557388306,-0.005856604781001806,-0.3805394470691681,-4.3820953369140625,15.080046653747559,-76.82743835449219,0.24864964187145233,0.6802558302879333,25.07192611694336,0,0,0,0,1,224.74107360839844,146.96353149414062,166.64013671875,239.9139404296875,142.12521362304688,147.2758331298828,push,14,2025-11-18T12:11:08.601517,my_hand_data\videos\push_seq14_20251118_121107_120927.avi,89.75975800769244,360,90,HIGH,VIDEO_RECORDING,2025-11-18T12:11:11.224984
2025-11-18 12:11:08.601517,134,298,HandType.Right,0.6154448390007019,255.9792022705078,125.08990478515625,187.3673095703125,-0.9255253672599792,-0.004488023929297924,-0.37865903973579407,8.175309181213379,19.496997833251953,-90.38998413085938,0.2485295832157135,0.6902916431427002,24.778568267822266,0,0,0,0,1,224.77072143554688,147.1453857421875,165.7242431640625,239.7737274169922,142.31129455566406,146.60569763183594,push,14,2025-11-18T12:11:08.601517,my_hand_data\videos\push_seq14_20251118_121107_120927.avi,89.75975800769244,360,90,HIGH,VIDEO_RECORDING,2025-11-18T12:11:11.224984
2025-11-18 12:11:08.633294,135,298,HandType.Right,0.6152355074882507,256.2922668457031,125.41019439697266,185.64108276367188,-0.9274364113807678,-0.0020813592709600925,-0.37397515773773193,17.055416107177734,9.565064430236816,-79.98479461669922,0.2476288229227066,0.697777271270752,24.5483455657959,0,0,0,0,1,225.1608123779297,147.55203247070312,164.29441833496094,239.7085418701172,142.51333618164062,145.17384338378906,push,14,2025-11-18T12:11:08.633294,my_hand_data\videos\push_seq14_20251118_121107_120927.avi,89.75975800769244,360,90,HIGH,VIDEO_RECORDING,2025-11-18T12:11:11.224984
2025-11-18 12:11:08.636451,136,298,HandType.Right,0.6152355074882507,256.2922668457031,125.41019439697266,185.64108276367188,-0.9274364113807678,-0.0020813592709600925,-0.37397515773773193,17.055416107177734,9.565064430236816,-79.98479461669922,0.2476288229227066,0.697777271270752,24.5483455657959,0,0,0,0,1,225.1608123779297,147.55203247070312,164.29441833496094,239.7085418701172,142.51333618164062,145.17384338378906,push,14,2025-11-18T12:11:08.636451,my_hand_data\videos\push_seq14_20251118_121107_120927.avi,89.75975800769244,360,90,HIGH,VIDEO_RECORDING,2025-11-18T12:11:11.224984
2025-11-18 12:11:08.636451,137,298,HandType.Right,0.6158592104911804,256.35784912109375,125.51494598388672,184.72889709472656,-0.9288766384124756,0.00073814153438434,-0.37038856744766235,5.856534481048584,9.355130195617676,-81.46714782714844,0.24648568034172058,0.7043650150299072,24.35396385192871,0,0,0,0,1,225.2166290283203,147.61312866210938,163.49432373046875,239.59217834472656,142.56134033203125,144.49594116210938,push,14,2025-11-18T12:11:08.636451,my_hand_data\videos\push_seq14_20251118_121107_120927.avi,89.75975800769244,360,90,HIGH,VIDEO_RECORDING,2025-11-18T12:11:11.224984
2025-11-18 12:11:08.664921,138,298,HandType.Right,0.6264468431472778,256.40948486328125,125.7275619506836,182.93206787109375,-0.9288201928138733,-0.0022144329268485308,-0.37052419781684875,3.193922758102417,7.579200267791748,-79.44486236572266,0.25574398040771484,0.7135906219482422,24.089323043823242,0,0,0,0,1,225.2447509765625,147.4934844970703,161.61856079101562,239.2977752685547,142.54335021972656,142.68963623046875,push,14,2025-11-18T12:11:08.664921,my_hand_data\videos\push_seq14_20251118_121107_120927.avi,89.75975800769244,360,90,HIGH,VIDEO_RECORDING,2025-11-18T12:11:11.224984
2025-11-18 12:11:08.664921,139,298,HandType.Right,0.6264468431472778,256.40948486328125,125.7275619506836,182.93206787109375,-0.9288201928138733,-0.0022144329268485308,-0.37052419781684875,3.193922758102417,7.579200267791748,-79.44486236572266,0.25574398040771484,0.7135906219482422,24.089323043823242,0,0,0,0,1,225.2447509765625,147.4934844970703,161.61856079101562,239.2977752685547,142.54335021972656,142.68963623046875,push,14,2025-11-18T12:11:08.664921,my_hand_data\videos\push_seq14_20251118_121107_120927.avi,89.75975800769244,360,90,HIGH,VIDEO_RECORDING,2025-11-18T12:11:11.224984
2025-11-18 12:11:08.680785,140,298,HandType.Right,0.6304556131362915,256.3789367675781,125.69087219238281,182.02174377441406,-0.9290342330932617,-0.0021508331410586834,-0.3699875473976135,-2.7429707050323486,-3.294973611831665,-81.76081848144531,0.25641465187072754,0.7212796211242676,23.870100021362305,0,0,0,0,1,225.21234130859375,147.45176696777344,160.69277954101562,238.9959716796875,142.4686279296875,141.85235595703125,push,14,2025-11-18T12:11:08.680785,my_hand_data\videos\push_seq14_20251118_121107_120927.avi,89.75975800769244,360,90,HIGH,VIDEO_RECORDING,2025-11-18T12:11:11.224984
2025-11-18 12:11:08.696543,141,298,HandType.Right,0.6306074857711792,256.3094787597656,125.65199279785156,181.07801818847656,-0.9290804862976074,-0.0001923754025483504,-0.36987748742103577,-6.281750679016113,-3.5153510570526123,-85.31993865966797,0.2565974295139313,0.7300912737846375,23.621667861938477,0,0,0,0,1,225.17733764648438,147.39259338378906,159.7183074951172,238.7071075439453,142.39646911621094,141.01089477539062,push,14,2025-11-18T12:11:08.696543,my_hand_data\videos\push_seq14_20251118_121107_120927.avi,89.75975800769244,360,90,HIGH,VIDEO_RECORDING,2025-11-18T12:11:11.224984
2025-11-18 12:11:08.700545,142,298,HandType.Right,0.6353666186332703,256.3379211425781,125.72342681884766,180.08456420898438,-0.9291390180587769,0.0009976576548069715,-0.3697291910648346,2.5572781562805176,6.418833255767822,-89.26634216308594,0.2555541694164276,0.7524750828742981,22.99260902404785,0,0,0,0,1,225.22543334960938,147.2841796875,158.66525268554688,238.33856201171875,142.4346923828125,140.41180419921875,push,14,2025-11-18T12:11:08.700545,my_hand_data\videos\push_seq14_20251118_121107_120927.avi,89.75975800769244,360,90,HIGH,VIDEO_RECORDING,2025-11-18T12:11:11.224984
2025-11-18 12:11:08.712533,143,298,HandType.Right,0.6381443738937378,256.4107360839844,125.84603881835938,179.27659606933594,-0.9292523860931396,0.0018161413026973605,-0.36944109201431274,6.474514007568359,10.901555061340332,-71.83937072753906,0.253201425075531,0.7618829607963562,22.725976943969727,0,0,0,0,1,225.32284545898438,147.31214904785156,157.78956604003906,238.24244689941406,142.544921875,139.71119689941406,push,14,2025-11-18T12:11:08.712533,my_hand_data\videos\push_seq14_20251118_121107_120927.avi,89.75975800769244,360,90,HIGH,VIDEO_RECORDING,2025-11-18T12:11:11.224984
2025-11-18 12:11:08.728297,144,298,HandType.Right,0.6403303146362305,256.5541076660156,126.08894348144531,178.5972137451172,-0.9291499257087708,-0.0029730601236224174,-0.3696911334991455,12.975150108337402,21.982908248901367,-61.4815673828125,0.25064629316329956,0.7657940983772278,22.612831115722656,0,0,0,0,1,225.4962615966797,147.5064697265625,157.0481719970703,238.24278259277344,142.57264709472656,139.03363037109375,push,14,2025-11-18T12:11:08.728297,my_hand_data\videos\push_seq14_20251118_121107_120927.avi,89.75975800769244,360,90,HIGH,VIDEO_RECORDING,2025-11-18T12:11:11.224984
2025-11-18 12:11:08.730305,145,298,HandType.Right,0.6403303146362305,256.5541076660156,126.08894348144531,178.5972137451172,-0.9291499257087708,-0.0029730601236224174,-0.3696911334991455,12.975150108337402,21.982908248901367,-61.4815673828125,0.25064629316329956,0.7657940983772278,22.612831115722656,0,0,0,0,1,225.4962615966797,147.5064697265625,157.0481719970703,238.24278259277344,142.57264709472656,139.03363037109375,push,14,2025-11-18T12:11:08.730305,my_hand_data\videos\push_seq14_20251118_121107_120927.avi,89.75975800769244,360,90,HIGH,VIDEO_RECORDING,2025-11-18T12:11:11.224984
2025-11-18 12:11:08.760131,146,298,HandType.Right,0.6476340889930725,257.0951843261719,126.44032287597656,176.21176147460938,-0.9303496479988098,-0.005426173564046621,-0.3666335344314575,26.02739906311035,14.727470397949219,-65.28360748291016,0.24456408619880676,0.8000582456588745,21.639450073242188,0,0,0,0,1,226.3966522216797,147.794921875,154.63937377929688,238.28521728515625,142.9269256591797,137.22586059570312,push,14,2025-11-18T12:11:08.760131,my_hand_data\videos\push_seq14_20251118_121107_120927.avi,89.75975800769244,360,90,HIGH,VIDEO_RECORDING,2025-11-18T12:11:11.224984
2025-11-18 12:11:08.760131,147,298,HandType.Right,0.6529068946838379,257.2953796386719,126.50132751464844,175.259765625,-0.929946780204773,-0.0065463269129395485,-0.3676358163356781,18.422739028930664,5.613749980926514,-87.60514068603516,0.2481195330619812,0.8077964782714844,21.417652130126953,0,0,0,0,1,226.6649169921875,147.8059844970703,153.63418579101562,238.4389190673828,142.944091796875,136.41644287109375,push,14,2025-11-18T12:11:08.760131,my_hand_data\videos\push_seq14_20251118_121107_120927.avi,89.75975800769244,360,90,HIGH,VIDEO_RECORDING,2025-11-18T12:11:11.224984
2025-11-18 12:11:08.760131,148,298,HandType.Right,0.6529068946838379,257.2953796386719,126.50132751464844,175.259765625,-0.929946780204773,-0.0065463269129395485,-0.3676358163356781,18.422739028930664,5.613749980926514,-87.60514068603516,0.2481195330619812,0.8077964782714844,21.417652130126953,0,0,0,0,1,226.6649169921875,147.8059844970703,153.63418579101562,238.4389190673828,142.944091796875,136.41644287109375,push,14,2025-11-18T12:11:08.760131,my_hand_data\videos\push_seq14_20251118_121107_120927.avi,89.75975800769244,360,90,HIGH,VIDEO_RECORDING,2025-11-18T12:11:11.224984
2025-11-18 12:11:08.791345,149,298,HandType.Right,0.66213059425354,257.7135925292969,126.60890197753906,173.71888732910156,-0.9298432469367981,-0.011793743818998337,-0.3677668571472168,19.137577056884766,8.140871047973633,-71.01250457763672,0.24722519516944885,0.8133167624473572,21.25214958190918,0,0,0,0,1,227.20025634765625,147.86253356933594,152.00982666015625,238.63604736328125,142.87026977539062,134.8065185546875,push,14,2025-11-18T12:11:08.791345,my_hand_data\videos\push_seq14_20251118_121107_120927.avi,89.75975800769244,360,90,HIGH,VIDEO_RECORDING,2025-11-18T12:11:11.224984
2025-11-18 12:11:08.796122,150,298,HandType.Right,0.6640593409538269,257.8670349121094,126.660888671875,172.92222595214844,-0.929330050945282,-0.014533928595483303,-0.36896398663520813,14.076756477355957,4.769522190093994,-73.09468841552734,0.2507796585559845,0.8108524680137634,21.316680908203125,0,0,0,0,1,227.41693115234375,147.90567016601562,151.1765594482422,238.7803955078125,142.82273864746094,133.87232971191406,push,14,2025-11-18T12:11:08.796122,my_hand_data\videos\push_seq14_20251118_121107_120927.avi,89.75975800769244,360,90,HIGH,VIDEO_RECORDING,2025-11-18T12:11:11.224984
2025-11-18 12:11:08.799295,151,298,HandType.Right,0.6640593409538269,257.8670349121094,126.660888671875,172.92222595214844,-0.929330050945282,-0.014533928595483303,-0.36896398663520813,14.076756477355957,4.769522190093994,-73.09468841552734,0.2507796585559845,0.8108524680137634,21.316680908203125,0,0,0,0,1,227.41693115234375,147.90567016601562,151.1765594482422,238.7803955078125,142.82273864746094,133.87232971191406,push,14,2025-11-18T12:11:08.799295,my_hand_data\videos\push_seq14_20251118_121107_120927.avi,89.75975800769244,360,90,HIGH,VIDEO_RECORDING,2025-11-18T12:11:11.224984
2025-11-18 12:11:08.823207,152,298,HandType.Right,0.6600670218467712,257.57904052734375,126.29241180419922,171.01153564453125,-0.9291761517524719,-0.014086734503507614,-0.3693687319755554,-20.568214416503906,-24.904083251953125,-91.76844024658203,0.2611398696899414,0.8171089887619019,21.145957946777344,0,0,0,0,1,227.50335693359375,147.6002960205078,149.36676025390625,238.49200439453125,142.34664916992188,132.08091735839844,push,14,2025-11-18T12:11:08.823207,my_hand_data\videos\push_seq14_20251118_121107_120927.avi,89.75975800769244,360,90,HIGH,VIDEO_RECORDING,2025-11-18T12:11:11.224984
2025-11-18 12:11:08.825835,153,298,HandType.Right,0.6600670218467712,257.57904052734375,126.29241180419922,171.01153564453125,-0.9291761517524719,-0.014086734503507614,-0.3693687319755554,-20.568214416503906,-24.904083251953125,-91.76844024658203,0.2611398696899414,0.8171089887619019,21.145957946777344,0,0,0,0,1,227.50335693359375,147.6002960205078,149.36676025390625,238.49200439453125,142.34664916992188,132.08091735839844,push,14,2025-11-18T12:11:08.825835,my_hand_data\videos\push_seq14_20251118_121107_120927.avi,89.75975800769244,360,90,HIGH,VIDEO_RECORDING,2025-11-18T12:11:11.224984
2025-11-18 12:11:08.825835,154,298,HandType.Right,0.6610714197158813,257.4258728027344,125.96302032470703,170.0485076904297,-0.9289566278457642,-0.011259972117841244,-0.37001731991767883,-13.933207511901855,-29.963336944580078,-87.6044692993164,0.2644071578979492,0.8147693276405334,21.21230697631836,0,0,0,0,1,227.42489624023438,147.36825561523438,148.4317626953125,238.4871368408203,142.06739807128906,131.12599182128906,push,14,2025-11-18T12:11:08.825835,my_hand_data\videos\push_seq14_20251118_121107_120927.avi,89.75975800769244,360,90,HIGH,VIDEO_RECORDING,2025-11-18T12:11:11.224984
2025-11-18 12:11:08.854667,155,298,HandType.Right,0.6637160778045654,257.380615234375,125.4168701171875,168.52752685546875,-0.9291013479232788,-0.006326980888843536,-0.3697710633277893,0.5917685031890869,-22.130266189575195,-62.05523681640625,0.2620445489883423,0.8006957769393921,21.606369018554688,0,0,0,0,1,227.37623596191406,146.9503173828125,146.94378662109375,238.7995147705078,141.61721801757812,129.3966522216797,push,14,2025-11-18T12:11:08.854667,my_hand_data\videos\push_seq14_20251118_121107_120927.avi,89.75975800769244,360,90,HIGH,VIDEO_RECORDING,2025-11-18T12:11:11.224984
2025-11-18 12:11:08.854667,156,298,HandType.Right,0.6637160778045654,257.380615234375,125.4168701171875,168.52752685546875,-0.9291013479232788,-0.006326980888843536,-0.3697710633277893,0.5917685031890869,-22.130266189575195,-62.05523681640625,0.2620445489883423,0.8006957769393921,21.606369018554688,0,0,0,0,1,227.37623596191406,146.9503173828125,146.94378662109375,238.7995147705078,141.61721801757812,129.3966522216797,push,14,2025-11-18T12:11:08.854667,my_hand_data\videos\push_seq14_20251118_121107_120927.avi,89.75975800769244,360,90,HIGH,VIDEO_RECORDING,2025-11-18T12:11:11.224984
2025-11-18 12:11:08.870613,157,298,HandType.Right,0.6663675904273987,257.4432067871094,125.2719955444336,167.84375,-0.929064154624939,-0.005820595193654299,-0.36987289786338806,5.649166107177734,-13.080180168151855,-61.734947204589844,0.2612197697162628,0.801821231842041,21.57656478881836,0,0,0,0,1,227.41424560546875,146.7910919189453,146.28968811035156,238.79898071289062,141.49916076660156,128.74171447753906,push,14,2025-11-18T12:11:08.870613,my_hand_data\videos\push_seq14_20251118_121107_120927.avi,89.75975800769244,360,90,HIGH,VIDEO_RECORDING,2025-11-18T12:11:11.224984
2025-11-18 12:11:08.873947,158,298,HandType.Right,0.6650935411453247,257.482666015625,125.14242553710938,167.13870239257812,-0.9293527007102966,-0.004506074823439121,-0.3691655695438385,3.6043431758880615,-11.83186149597168,-64.3809814453125,0.2585957944393158,0.8156821727752686,21.19257354736328,0,0,0,0,1,227.46502685546875,146.6637420654297,145.6483917236328,238.57423400878906,141.3924102783203,128.38792419433594,push,14,2025-11-18T12:11:08.873947,my_hand_data\videos\push_seq14_20251118_121107_120927.avi,89.75975800769244,360,90,HIGH,VIDEO_RECORDING,2025-11-18T12:11:11.224984
2025-11-18 12:11:08.902227,159,298,HandType.Right,0.6657701134681702,257.68304443359375,124.93939971923828,165.88270568847656,-0.9299018383026123,-0.0012816950911656022,-0.36780551075935364,16.844654083251953,-5.184322357177734,-51.57694625854492,0.2545146346092224,0.8280009627342224,20.85237693786621,0,0,0,0,1,227.6339111328125,146.42677307128906,144.42330932617188,238.59298706054688,141.3101043701172,127.43684387207031,push,14,2025-11-18T12:11:08.902227,my_hand_data\videos\push_seq14_20251118_121107_120927.avi,89.75975800769244,360,90,HIGH,VIDEO_RECORDING,2025-11-18T12:11:11.224984
2025-11-18 12:11:08.902227,160,298,HandType.Right,0.6657701134681702,257.68304443359375,124.93939971923828,165.88270568847656,-0.9299018383026123,-0.0012816950911656022,-0.36780551075935364,16.844654083251953,-5.184322357177734,-51.57694625854492,0.2545146346092224,0.8280009627342224,20.85237693786621,0,0,0,0,1,227.6339111328125,146.42677307128906,144.42330932617188,238.59298706054688,141.3101043701172,127.43684387207031,push,14,2025-11-18T12:11:08.902227,my_hand_data\videos\push_seq14_20251118_121107_120927.avi,89.75975800769244,360,90,HIGH,VIDEO_RECORDING,2025-11-18T12:11:11.224984
2025-11-18 12:11:08.902227,161,298,HandType.Right,0.6657288670539856,257.89013671875,124.92144012451172,165.2904510498047,-0.929912805557251,-0.0009228605777025223,-0.3677789270877838,18.1898250579834,-1.5773236751556396,-52.02561950683594,0.2548065781593323,0.8341966271400452,20.679399490356445,0,0,0,0,1,227.84974670410156,146.3671875,143.7923126220703,238.66268920898438,141.30409240722656,126.90791320800781,push,14,2025-11-18T12:11:08.902227,my_hand_data\videos\push_seq14_20251118_121107_120927.avi,89.75975800769244,360,90,HIGH,VIDEO_RECORDING,2025-11-18T12:11:11.224984
2025-11-18 12:11:08.933583,162,298,HandType.Right,0.6698078513145447,258.2042236328125,125.037841796875,163.9696502685547,-0.9289175868034363,-0.005609867628663778,-0.37024402618408203,8.251282691955566,0.9519416093826294,-65.63505554199219,0.2654480040073395,0.8547530174255371,20.106067657470703,0,0,0,0,1,228.3424072265625,146.28118896484375,142.3724365234375,238.4364013671875,141.24049377441406,125.73042297363281,push,14,2025-11-18T12:11:08.933583,my_hand_data\videos\push_seq14_20251118_121107_120927.avi,89.75975800769244,360,90,HIGH,VIDEO_RECORDING,2025-11-18T12:11:11.224984
2025-11-18 12:11:08.933583,163,298,HandType.Right,0.6698078513145447,258.2042236328125,125.037841796875,163.9696502685547,-0.9289175868034363,-0.005609867628663778,-0.37024402618408203,8.251282691955566,0.9519416093826294,-65.63505554199219,0.2654480040073395,0.8547530174255371,20.106067657470703,0,0,0,0,1,228.3424072265625,146.28118896484375,142.3724365234375,238.4364013671875,141.24049377441406,125.73042297363281,push,14,2025-11-18T12:11:08.933583,my_hand_data\videos\push_seq14_20251118_121107_120927.avi,89.75975800769244,360,90,HIGH,VIDEO_RECORDING,2025-11-18T12:11:11.224984
2025-11-18 12:11:08.949273,164,298,HandType.Right,0.6710143685340881,258.2655944824219,124.9515609741211,162.99807739257812,-0.9285940527915955,-0.006400086916983128,-0.371041864156723,5.639931678771973,-7.92759370803833,-89.26681518554688,0.26878172159194946,0.863911509513855,19.847604751586914,0,0,0,0,1,228.5850372314453,146.19468688964844,141.3335723876953,238.46435546875,141.08572387695312,124.89505004882812,push,14,2025-11-18T12:11:08.949273,my_hand_data\videos\push_seq14_20251118_121107_120927.avi,89.75975800769244,360,90,HIGH,VIDEO_RECORDING,2025-11-18T12:11:11.224984
2025-11-18 12:11:08.965436,165,298,HandType.Right,0.6723334789276123,258.3026123046875,124.60631561279297,161.2257537841797,-0.9272235035896301,-0.01013699546456337,-0.3743712902069092,0.851428210735321,-18.81302833557129,-73.12140655517578,0.2779819965362549,0.8700836896896362,19.674619674682617,0,0,0,0,1,229.0435791015625,145.8850860595703,139.5590362548828,238.48495483398438,140.61227416992188,123.12284088134766,push,14,2025-11-18T12:11:08.965436,my_hand_data\videos\push_seq14_20251118_121107_120927.avi,89.75975800769244,360,90,HIGH,VIDEO_RECORDING,2025-11-18T12:11:11.224984
2025-11-18 12:11:08.971137,166,298,HandType.Right,0.6723334789276123,258.3026123046875,124.60631561279297,161.2257537841797,-0.9272235035896301,-0.01013699546456337,-0.3743712902069092,0.851428210735321,-18.81302833557129,-73.12140655517578,0.2779819965362549,0.8700836896896362,19.674619674682617,0,0,0,0,1,229.0435791015625,145.8850860595703,139.5590362548828,238.48495483398438,140.61227416992188,123.12284088134766,push,14,2025-11-18T12:11:08.971137,my_hand_data\videos\push_seq14_20251118_121107_120927.avi,89.75975800769244,360,90,HIGH,VIDEO_RECORDING,2025-11-18T12:11:11.224984
2025-11-18 12:11:08.981357,167,298,HandType.Right,0.6728293299674988,258.3443298339844,124.41938781738281,160.36338806152344,-0.9263576865196228,-0.013185756281018257,-0.376414030790329,3.7579519748687744,-16.839008331298828,-77.68355560302734,0.2849017083644867,0.8689318895339966,19.71076202392578,0,0,0,0,1,229.23373413085938,145.71861267089844,138.64404296875,238.5222625732422,140.35052490234375,122.10859680175781,push,14,2025-11-18T12:11:08.981357,my_hand_data\videos\push_seq14_20251118_121107_120927.avi,89.75975800769244,360,90,HIGH,VIDEO_RECORDING,2025-11-18T12:11:11.224984
2025-11-18 12:11:08.997619,168,298,HandType.Right,0.6718935370445251,258.5777282714844,124.13641357421875,158.88934326171875,-0.9256582856178284,-0.01534179225564003,-0.37804949283599854,9.327811241149902,-12.911893844604492,-68.45050048828125,0.28980737924575806,0.8658394813537598,19.801294326782227,0,0,0,0,1,229.2611541748047,145.34388732910156,137.15614318847656,238.72618103027344,139.9415740966797,120.62376403808594,push,14,2025-11-18T12:11:08.997619,my_hand_data\videos\push_seq14_20251118_121107_120927.avi,89.75975800769244,360,90,HIGH,VIDEO_RECORDING,2025-11-18T12:11:11.224984
2025-11-18 12:11:09.002691,169,298,HandType.Right,0.6718935370445251,258.5777282714844,124.13641357421875,158.88934326171875,-0.9256582856178284,-0.01534179225564003,-0.37804949283599854,9.327811241149902,-12.911893844604492,-68.45050048828125,0.28980737924575806,0.8658394813537598,19.801294326782227,0,0,0,0,1,229.2611541748047,145.34388732910156,137.15614318847656,238.72618103027344,139.9415740966797,120.62376403808594,push,14,2025-11-18T12:11:09.002691,my_hand_data\videos\push_seq14_20251118_121107_120927.avi,89.75975800769244,360,90,HIGH,VIDEO_RECORDING,2025-11-18T12:11:11.224984
2025-11-18 12:11:09.013695,170,298,HandType.Right,0.6693780422210693,258.6100769042969,124.043212890625,158.24977111816406,-0.9256426095962524,-0.016165142878890038,-0.3780534267425537,2.888636589050293,-8.324235916137695,-57.12455749511719,0.2901225984096527,0.8578808903694153,20.031129837036133,0,0,0,0,1,229.03895568847656,145.1481475830078,136.48199462890625,238.79949951171875,139.6885223388672,119.86361694335938,push,14,2025-11-18T12:11:09.013695,my_hand_data\videos\push_seq14_20251118_121107_120927.avi,89.75975800769244,360,90,HIGH,VIDEO_RECORDING,2025-11-18T12:11:11.224984
2025-11-18 12:11:09.019734,171,298,HandType.Right,0.6693764328956604,258.49969482421875,123.99222564697266,157.51353454589844,-0.9244669675827026,-0.01905766688287258,-0.38078558444976807,-9.94762134552002,-4.5949201583862305,-66.35216522216797,0.2952226996421814,0.8560183644294739,20.091777801513672,0,0,0,0,1,228.9097137451172,144.91946411132812,135.73548889160156,238.7351837158203,139.3832550048828,119.10749816894531,push,14,2025-11-18T12:11:09.019734,my_hand_data\videos\push_seq14_20251118_121107_120927.avi,89.75975800769244,360,90,HIGH,VIDEO_RECORDING,2025-11-18T12:11:11.224984
2025-11-18 12:11:09.045110,172,298,HandType.Right,0.6703675389289856,258.4350891113281,124.06855773925781,156.228271484375,-0.924305260181427,-0.020300816744565964,-0.381113737821579,0.9800741076469421,6.553431987762451,-52.212806701660156,0.2987494468688965,0.8549719452857971,20.12580680847168,0,0,0,0,1,228.5098419189453,144.69313049316406,134.4522247314453,238.57582092285156,139.24212646484375,117.89895629882812,push,14,2025-11-18T12:11:09.045110,my_hand_data\videos\push_seq14_20251118_121107_120927.avi,89.75975800769244,360,90,HIGH,VIDEO_RECORDING,2025-11-18T12:11:11.224984
2025-11-18 12:11:09.049370,173,298,HandType.Right,0.6703675389289856,258.4350891113281,124.06855773925781,156.228271484375,-0.924305260181427,-0.020300816744565964,-0.381113737821579,0.9800741076469421,6.553431987762451,-52.212806701660156,0.2987494468688965,0.8549719452857971,20.12580680847168,0,0,0,0,1,228.5098419189453,144.69313049316406,134.4522247314453,238.57582092285156,139.24212646484375,117.89895629882812,push,14,2025-11-18T12:11:09.049370,my_hand_data\videos\push_seq14_20251118_121107_120927.avi,89.75975800769244,360,90,HIGH,VIDEO_RECORDING,2025-11-18T12:11:11.224984
2025-11-18 12:11:09.049370,174,298,HandType.Right,0.6737688779830933,258.4542541503906,124.1812515258789,155.59402465820312,-0.9242642521858215,-0.021205540746450424,-0.38116392493247986,1.7785054445266724,10.45746898651123,-58.85736846923828,0.30248555541038513,0.8612591624259949,19.950170516967773,0,0,0,0,1,228.34181213378906,144.5807647705078,133.78240966796875,238.3842010498047,139.21206665039062,117.40142059326172,push,14,2025-11-18T12:11:09.049370,my_hand_data\videos\push_seq14_20251118_121107_120927.avi,89.75975800769244,360,90,HIGH,VIDEO_RECORDING,2025-11-18T12:11:11.224984
2025-11-18 12:11:09.076588,175,298,HandType.Right,0.6763704419136047,258.15869140625,124.30840301513672,154.02218627929688,-0.9242916107177734,-0.024800650775432587,-0.3808804452419281,-15.762133598327637,5.438030242919922,-73.7615966796875,0.30880478024482727,0.8694570064544678,19.716333389282227,0,0,0,0,1,228.05873107910156,144.51173400878906,132.23977661132812,237.77418518066406,139.04176330566406,115.97868347167969,push,14,2025-11-18T12:11:09.076588,my_hand_data\videos\push_seq14_20251118_121107_120927.avi,89.75975800769244,360,90,HIGH,VIDEO_RECORDING,2025-11-18T12:11:11.224984
2025-11-18 12:11:09.076588,176,298,HandType.Right,0.6763704419136047,258.15869140625,124.30840301513672,154.02218627929688,-0.9242916107177734,-0.024800650775432587,-0.3808804452419281,-15.762133598327637,5.438030242919922,-73.7615966796875,0.30880478024482727,0.8694570064544678,19.716333389282227,0,0,0,0,1,228.05873107910156,144.51173400878906,132.23977661132812,237.77418518066406,139.04176330566406,115.97868347167969,push,14,2025-11-18T12:11:09.076588,my_hand_data\videos\push_seq14_20251118_121107_120927.avi,89.75975800769244,360,90,HIGH,VIDEO_RECORDING,2025-11-18T12:11:11.224984
2025-11-18 12:11:09.092787,177,298,HandType.Right,0.6782029867172241,258.05230712890625,124.25858306884766,153.21742248535156,-0.9245099425315857,-0.02304043248295784,-0.3804609775543213,-9.8876314163208,-4.630575180053711,-74.79844665527344,0.3096751868724823,0.8682375550270081,19.745939254760742,0,0,0,0,1,227.8994598388672,144.45138549804688,131.42752075195312,237.75650024414062,139.07818603515625,115.18345642089844,push,14,2025-11-18T12:11:09.092787,my_hand_data\videos\push_seq14_20251118_121107_120927.avi,89.75975800769244,360,90,HIGH,VIDEO_RECORDING,2025-11-18T12:11:11.224984
2025-11-18 12:11:09.108611,178,298,HandType.Right,0.67774897813797,258.0887451171875,124.27159881591797,152.5673828125,-0.9246881604194641,-0.021720433607697487,-0.38010531663894653,3.263317108154297,1.166073203086853,-58.23261642456055,0.3115978538990021,0.8682689070701599,19.740217208862305,0,0,0,0,1,227.77822875976562,144.37005615234375,130.69723510742188,237.8288116455078,139.20266723632812,114.51205444335938,push,14,2025-11-18T12:11:09.108611,my_hand_data\videos\push_seq14_20251118_121107_120927.avi,89.75975800769244,360,90,HIGH,VIDEO_RECORDING,2025-11-18T12:11:11.224984
2025-11-18 12:11:09.115821,179,298,HandType.Right,0.6759584546089172,258.090576171875,124.37670135498047,152.05787658691406,-0.9245244860649109,-0.022403443232178688,-0.380463570356369,0.16783101856708527,9.632553100585938,-46.695919036865234,0.30981114506721497,0.8661563396453857,19.797880172729492,0,0,0,0,1,227.64207458496094,144.33963012695312,130.06259155273438,237.83441162109375,139.33592224121094,113.84423065185547,push,14,2025-11-18T12:11:09.115821,my_hand_data\videos\push_seq14_20251118_121107_120927.avi,89.75975800769244,360,90,HIGH,VIDEO_RECORDING,2025-11-18T12:11:11.224984
2025-11-18 12:11:09.124349,180,298,HandType.Right,0.6780678033828735,257.9228820800781,124.4544677734375,151.3932647705078,-0.9238976240158081,-0.02315623313188553,-0.3819384276866913,-14.927478790283203,6.922393321990967,-59.160640716552734,0.31201672554016113,0.8617713451385498,19.918865203857422,0,0,0,0,1,227.42340087890625,144.27157592773438,129.31695556640625,237.81356811523438,139.42626953125,113.02804565429688,push,14,2025-11-18T12:11:09.124349,my_hand_data\videos\push_seq14_20251118_121107_120927.avi,89.75975800769244,360,90,HIGH,VIDEO_RECORDING,2025-11-18T12:11:11.224984
2025-11-18 12:11:09.140314,181,298,HandType.Right,0.6807141304016113,257.77069091796875,124.5539779663086,150.63412475585938,-0.9232391715049744,-0.022446850314736366,-0.3835694491863251,-13.565037727355957,8.86925983428955,-67.65957641601562,0.31671395897865295,0.869672954082489,19.689739227294922,0,0,0,0,1,227.23248291015625,144.28170776367188,128.5607452392578,237.4658966064453,139.62142944335938,112.39767456054688,push,14,2025-11-18T12:11:09.140314,my_hand_data\videos\push_seq14_20251118_121107_120927.avi,89.75975800769244,360,90,HIGH,VIDEO_RECORDING,2025-11-18T12:11:11.224984
2025-11-18 12:11:09.146445,182,298,HandType.Right,0.6814464926719666,257.5186767578125,124.60868072509766,149.85560607910156,-0.9223306179046631,-0.021274782717227936,-0.3858155608177185,-22.45268440246582,4.8737406730651855,-69.36883544921875,0.3190006613731384,0.8709974884986877,19.646780014038086,0,0,0,0,1,226.9455108642578,144.29212951660156,127.82245635986328,237.19091796875,139.8166046142578,111.66704559326172,push,14,2025-11-18T12:11:09.146445,my_hand_data\videos\push_seq14_20251118_121107_120927.avi,89.75975800769244,360,90,HIGH,VIDEO_RECORDING,2025-11-18T12:11:11.224984
2025-11-18 12:11:09.156309,183,298,HandType.Right,0.679038941860199,257.3296813964844,124.69120788574219,149.10435485839844,-0.9222425818443298,-0.020576462149620056,-0.38606369495391846,-17.43195152282715,7.611835956573486,-69.28995513916016,0.3192799389362335,0.8739050030708313,19.560161590576172,0,0,0,0,1,226.63937377929688,144.28179931640625,127.10968017578125,236.86962890625,139.92965698242188,111.01618194580078,push,14,2025-11-18T12:11:09.156309,my_hand_data\videos\push_seq14_20251118_121107_120927.avi,89.75975800769244,360,90,HIGH,VIDEO_RECORDING,2025-11-18T12:11:11.224984
2025-11-18 12:11:09.172276,184,298,HandType.Right,0.6798287630081177,257.09405517578125,124.84597778320312,148.44313049316406,-0.9221575856208801,-0.020294342190027237,-0.38628169894218445,-21.07834243774414,13.845073699951172,-59.1496696472168,0.3193609118461609,0.873123049736023,19.574581146240234,0,0,0,0,1,226.1905975341797,144.28921508789062,126.43132781982422,236.58456420898438,140.0891571044922,110.38485717773438,push,14,2025-11-18T12:11:09.172276,my_hand_data\videos\push_seq14_20251118_121107_120927.avi,89.75975800769244,360,90,HIGH,VIDEO_RECORDING,2025-11-18T12:11:11.224984
2025-11-18 12:11:09.188188,185,298,HandType.Right,0.6792516112327576,256.8092956542969,124.99290466308594,147.81959533691406,-0.9222253561019897,-0.020746147260069847,-0.3860958218574524,-25.655858993530273,13.238040924072266,-56.178340911865234,0.3177211880683899,0.8732904195785522,19.564891815185547,0,0,0,0,1,225.8557586669922,144.4083251953125,125.78076171875,236.30419921875,140.28863525390625,109.76067352294922,push,14,2025-11-18T12:11:09.188188,my_hand_data\videos\push_seq14_20251118_121107_120927.avi,89.75975800769244,360,90,HIGH,VIDEO_RECORDING,2025-11-18T12:11:11.224984
2025-11-18 12:11:09.192745,186,298,HandType.Right,0.6788181662559509,256.43463134765625,125.09584045410156,147.07408142089844,-0.9224005937576294,-0.0198708213865757,-0.3857230246067047,-33.25263595581055,9.13599681854248,-66.16838836669922,0.3191632330417633,0.8796289563179016,19.382492065429688,0,0,0,0,1,225.42538452148438,144.38047790527344,125.02889251708984,235.9001007080078,140.4828643798828,109.19317626953125,push,14,2025-11-18T12:11:09.192745,my_hand_data\videos\push_seq14_20251118_121107_120927.avi,89.75975800769244,360,90,HIGH,VIDEO_RECORDING,2025-11-18T12:11:11.224984
2025-11-18 12:11:09.204117,187,298,HandType.Right,0.6818742156028748,256.3474426269531,125.3812026977539,146.55503845214844,-0.9231987595558167,-0.02236454002559185,-0.3836716413497925,-7.780664443969727,25.46232795715332,-46.31360626220703,0.3184613287448883,0.8849217295646667,19.225324630737305,0,0,0,0,1,225.08731079101562,144.3953399658203,124.43321228027344,235.5410614013672,140.75439453125,108.71456909179688,push,14,2025-11-18T12:11:09.204117,my_hand_data\videos\push_seq14_20251118_121107_120927.avi,89.75975800769244,360,90,HIGH,VIDEO_RECORDING,2025-11-18T12:11:11.224984
2025-11-18 12:11:09.220197,188,298,HandType.Right,0.6824778318405151,256.2759704589844,126.20146942138672,145.46383666992188,-0.9244698882102966,-0.02988900989294052,-0.3800816237926483,-7.207364559173584,34.15513610839844,-49.865238189697266,0.31499242782592773,0.8868075609207153,19.161964416503906,0,0,0,0,1,225.013671875,144.99566650390625,123.31041717529297,235.32168579101562,141.42750549316406,107.55624389648438,push,14,2025-11-18T12:11:09.220197,my_hand_data\videos\push_seq14_20251118_121107_120927.avi,89.75975800769244,360,90,HIGH,VIDEO_RECORDING,2025-11-18T12:11:11.224984
2025-11-18 12:11:09.220197,189,298,HandType.Right,0.6824778318405151,256.2759704589844,126.20146942138672,145.46383666992188,-0.9244698882102966,-0.02988900989294052,-0.3800816237926483,-7.207364559173584,34.15513610839844,-49.865238189697266,0.31499242782592773,0.8868075609207153,19.161964416503906,0,0,0,0,1,225.013671875,144.99566650390625,123.31041717529297,235.32168579101562,141.42750549316406,107.55624389648438,push,14,2025-11-18T12:11:09.220197,my_hand_data\videos\push_seq14_20251118_121107_120927.avi,89.75975800769244,360,90,HIGH,VIDEO_RECORDING,2025-11-18T12:11:11.224984
2025-11-18 12:11:09.235948,190,298,HandType.Right,0.6821348667144775,256.2982482910156,126.63670349121094,144.79885864257812,-0.9252349138259888,-0.03299599513411522,-0.37795719504356384,1.9788455963134766,38.63945388793945,-59.03559112548828,0.3090078830718994,0.890281617641449,19.059316635131836,0,0,0,0,1,225.0413055419922,145.32102966308594,122.6162109375,235.2156524658203,141.80848693847656,106.8871841430664,push,14,2025-11-18T12:11:09.235948,my_hand_data\videos\push_seq14_20251118_121107_120927.avi,89.75975800769244,360,90,HIGH,VIDEO_RECORDING,2025-11-18T12:11:11.224984
2025-11-18 12:11:09.252047,191,298,HandType.Right,0.6806414723396301,256.0831604003906,126.67911529541016,143.83383178710938,-0.9259498119354248,-0.03094683773815632,-0.3763764500617981,-19.570884704589844,3.859361410140991,-87.80944061279297,0.3070278465747833,0.8934090733528137,18.969200134277344,0,0,0,0,1,224.87887573242188,145.35557556152344,121.66498565673828,235.09469604492188,142.00433349609375,106.03691101074219,push,14,2025-11-18T12:11:09.252047,my_hand_data\videos\push_seq14_20251118_121107_120927.avi,89.75975800769244,360,90,HIGH,VIDEO_RECORDING,2025-11-18T12:11:11.224984
2025-11-18 12:11:09.258336,192,298,HandType.Right,0.6808136701583862,255.822998046875,126.66409301757812,142.8246307373047,-0.9270484447479248,-0.028757058084011078,-0.3738371729850769,-23.413970947265625,-1.3518356084823608,-90.82139587402344,0.30544358491897583,0.8983173966407776,18.829605102539062,0,0,0,0,1,224.6416473388672,145.34169006347656,120.68791961669922,234.8249053955078,141.9885711669922,105.2085189819336,push,14,2025-11-18T12:11:09.258336,my_hand_data\videos\push_seq14_20251118_121107_120927.avi,89.75975800769244,360,90,HIGH,VIDEO_RECORDING,2025-11-18T12:11:11.224984
2025-11-18 12:11:09.268134,193,298,HandType.Right,0.6825308799743652,255.55029296875,126.73657989501953,142.0123291015625,-0.9284254312515259,-0.029181690886616707,-0.37037092447280884,-24.29844856262207,6.458898067474365,-72.37863159179688,0.3041306436061859,0.8966308832168579,18.87162971496582,0,0,0,0,1,224.3308868408203,145.4272918701172,119.90103912353516,234.49554443359375,142.12725830078125,104.34700775146484,push,14,2025-11-18T12:11:09.268134,my_hand_data\videos\push_seq14_20251118_121107_120927.avi,89.75975800769244,360,90,HIGH,VIDEO_RECORDING,2025-11-18T12:11:11.224984
2025-11-18 12:11:09.283921,194,298,HandType.Right,0.6848015785217285,255.2942657470703,126.93205261230469,141.31175231933594,-0.9296717643737793,-0.02935665473341942,-0.36721736192703247,-23.238481521606445,17.742206573486328,-63.589332580566406,0.3021268844604492,0.8989346623420715,18.808773040771484,0,0,0,0,1,224.11000061035156,145.61239624023438,119.2186050415039,234.17001342773438,142.39654541015625,103.65504455566406,push,14,2025-11-18T12:11:09.283921,my_hand_data\videos\push_seq14_20251118_121107_120927.avi,89.75975800769244,360,90,HIGH,VIDEO_RECORDING,2025-11-18T12:11:11.224984
2025-11-18 12:11:09.285995,195,298,HandType.Right,0.6862547397613525,254.9822540283203,127.0634765625,140.5626220703125,-0.9303814768791199,-0.02720978483557701,-0.3655816912651062,-28.129655838012695,11.848982810974121,-67.53864288330078,0.29914209246635437,0.8986937403678894,18.820594787597656,0,0,0,0,1,223.79965209960938,145.77430725097656,118.48965454101562,233.92189025878906,142.7041015625,102.92273712158203,push,14,2025-11-18T12:11:09.285995,my_hand_data\videos\push_seq14_20251118_121107_120927.avi,89.75975800769244,360,90,HIGH,VIDEO_RECORDING,2025-11-18T12:11:11.224984
2025-11-18 12:11:09.299920,196,298,HandType.Right,0.6863711476325989,254.70729064941406,127.20230865478516,139.9251708984375,-0.9318028092384338,-0.0245002880692482,-0.3621370494365692,-24.065242767333984,12.150504112243652,-55.788818359375,0.29516997933387756,0.896141767501831,18.890830993652344,0,0,0,0,1,223.46559143066406,145.9357452392578,117.85499572753906,233.710205078125,142.98226928710938,102.260498046875,push,14,2025-11-18T12:11:09.299920,my_hand_data\videos\push_seq14_20251118_121107_120927.avi,89.75975800769244,360,90,HIGH,VIDEO_RECORDING,2025-11-18T12:11:11.224984
2025-11-18 12:11:09.316010,197,298,HandType.Right,0.6864680647850037,254.4822235107422,127.48466491699219,138.9797821044922,-0.9319257140159607,-0.024531064555048943,-0.3618186414241791,-21.428874969482422,26.88309669494629,-90.01234436035156,0.29459425806999207,0.8881305456161499,19.11487579345703,0,0,0,0,1,223.247314453125,146.12384033203125,116.89915466308594,233.80233764648438,143.2958526611328,101.21564483642578,push,14,2025-11-18T12:11:09.316010,my_hand_data\videos\push_seq14_20251118_121107_120927.avi,89.75975800769244,360,90,HIGH,VIDEO_RECORDING,2025-11-18T12:11:11.224984
2025-11-18 12:11:09.331755,198,298,HandType.Right,0.688194990158081,254.0467071533203,127.95693969726562,137.1936492919922,-0.9330806732177734,-0.026379123330116272,-0.3586985170841217,-23.372684478759766,18.532089233398438,-79.0831527709961,0.28577205538749695,0.8809100389480591,19.3159236907959,0,0,0,0,1,223.05050659179688,146.723876953125,115.14310455322266,233.45899963378906,143.9276580810547,99.11346435546875,push,14,2025-11-18T12:11:09.331755,my_hand_data\videos\push_seq14_20251118_121107_120927.avi,89.75975800769244,360,90,HIGH,VIDEO_RECORDING,2025-11-18T12:11:11.224984
2025-11-18 12:11:09.336074,199,298,HandType.Right,0.688194990158081,254.0467071533203,127.95693969726562,137.1936492919922,-0.9330806732177734,-0.026379123330116272,-0.3586985170841217,-23.372684478759766,18.532089233398438,-79.0831527709961,0.28577205538749695,0.8809100389480591,19.3159236907959,0,0,0,0,1,223.05050659179688,146.723876953125,115.14310455322266,233.45899963378906,143.9276580810547,99.11346435546875,push,14,2025-11-18T12:11:09.336074,my_hand_data\videos\push_seq14_20251118_121107_120927.avi,89.75975800769244,360,90,HIGH,VIDEO_RECORDING,2025-11-18T12:11:11.224984
2025-11-18 12:11:09.347671,200,298,HandType.Right,0.6898102164268494,253.9583282470703,128.22232055664062,136.2843475341797,-0.9341670274734497,-0.030456285923719406,-0.3555339574813843,-7.836982727050781,23.53291893005371,-80.63299560546875,0.2835231423377991,0.8774163126945496,19.410226821899414,0,0,0,0,1,222.9698028564453,146.93418884277344,114.22476959228516,233.23023986816406,144.08782958984375,97.9958267211914,push,14,2025-11-18T12:11:09.347671,my_hand_data\videos\push_seq14_20251118_121107_120927.avi,89.75975800769244,360,90,HIGH,VIDEO_RECORDING,2025-11-18T12:11:11.224984
2025-11-18 12:11:09.363600,201,298,HandType.Right,0.6879950761795044,253.42469787597656,128.50534057617188,134.12413024902344,-0.937313437461853,-0.036052171140909195,-0.34661754965782166,-34.848079681396484,4.822941303253174,-93.6109848022461,0.28389790654182434,0.8834019899368286,19.24067497253418,0,0,0,0,1,222.576904296875,147.18991088867188,112.19693756103516,232.19032287597656,144.19728088378906,95.8009033203125,push,14,2025-11-18T12:11:09.363600,my_hand_data\videos\push_seq14_20251118_121107_120927.avi,89.75975800769244,360,90,HIGH,VIDEO_RECORDING,2025-11-18T12:11:11.224984
2025-11-18 12:11:09.363600,202,298,HandType.Right,0.6879950761795044,253.42469787597656,128.50534057617188,134.12413024902344,-0.937313437461853,-0.036052171140909195,-0.34661754965782166,-34.848079681396484,4.822941303253174,-93.6109848022461,0.28389790654182434,0.8834019899368286,19.24067497253418,0,0,0,0,1,222.576904296875,147.18991088867188,112.19693756103516,232.19032287597656,144.19728088378906,95.8009033203125,push,14,2025-11-18T12:11:09.363600,my_hand_data\videos\push_seq14_20251118_121107_120927.avi,89.75975800769244,360,90,HIGH,VIDEO_RECORDING,2025-11-18T12:11:11.224984
2025-11-18 12:11:09.379465,203,298,HandType.Right,0.6866599321365356,253.076416015625,128.47557067871094,133.23834228515625,-0.93851637840271,-0.03566005825996399,-0.3433881402015686,-31.09971046447754,-2.6589910984039307,-79.09613800048828,0.2816455662250519,0.8759801387786865,19.44692039489746,0,0,0,0,1,222.2268829345703,147.161865234375,111.31533813476562,231.8605499267578,144.251220703125,94.6749267578125,push,14,2025-11-18T12:11:09.379465,my_hand_data\videos\push_seq14_20251118_121107_120927.avi,89.75975800769244,360,90,HIGH,VIDEO_RECORDING,2025-11-18T12:11:11.224984
2025-11-18 12:11:09.395620,204,298,HandType.Right,0.6897680759429932,252.77366638183594,128.45819091796875,132.24391174316406,-0.9385916590690613,-0.035323306918144226,-0.343217134475708,-27.339248657226562,-1.5697286128997803,-89.7983169555664,0.2855890989303589,0.8877690434455872,19.12006378173828,0,0,0,0,1,221.8118133544922,146.9435272216797,110.34349822998047,231.2434539794922,144.33860778808594,93.91683197021484,push,14,2025-11-18T12:11:09.395620,my_hand_data\videos\push_seq14_20251118_121107_120927.avi,89.75975800769244,360,90,HIGH,VIDEO_RECORDING,2025-11-18T12:11:11.224984
2025-11-18 12:11:09.395620,205,298,HandType.Right,0.6917973160743713,252.4625701904297,128.38966369628906,131.12538146972656,-0.9384118318557739,-0.03480464220046997,-0.3437614142894745,-28.428165435791016,-6.261702537536621,-102.2144775390625,0.2918783128261566,0.8909544944763184,19.02544593811035,0,0,0,0,1,221.4653778076172,146.84971618652344,109.23007202148438,230.8844451904297,144.4298095703125,92.87792205810547,push,14,2025-11-18T12:11:09.395620,my_hand_data\videos\push_seq14_20251118_121107_120927.avi,89.75975800769244,360,90,HIGH,VIDEO_RECORDING,2025-11-18T12:11:11.224984
2025-11-18 12:11:09.411430,206,298,HandType.Right,0.6863541007041931,252.1713104248047,128.38247680664062,129.92945861816406,-0.9380135536193848,-0.03718677535653114,-0.3445979356765747,-26.235754013061523,-0.6479102969169617,-107.72113037109375,0.29244938492774963,0.8805757761001587,19.30697250366211,0,0,0,0,1,221.14134216308594,146.77413940429688,107.98761749267578,230.62631225585938,144.57261657714844,91.31584930419922,push,14,2025-11-18T12:11:09.411430,my_hand_data\videos\push_seq14_20251118_121107_120927.avi,89.75975800769244,360,90,HIGH,VIDEO_RECORDING,2025-11-18T12:11:11.224984
2025-11-18 12:11:09.427149,207,298,HandType.Right,0.6862118244171143,251.9309844970703,128.3765106201172,128.75518798828125,-0.9376730918884277,-0.03775309771299362,-0.3454618453979492,-21.93511390686035,-0.5444701910018921,-107.18115234375,0.30245715379714966,0.897672176361084,18.831501007080078,0,0,0,0,1,220.87554931640625,146.6693878173828,106.79112243652344,230.0071258544922,144.5649871826172,90.4567642211914,push,14,2025-11-18T12:11:09.427149,my_hand_data\videos\push_seq14_20251118_121107_120927.avi,89.75975800769244,360,90,HIGH,VIDEO_RECORDING,2025-11-18T12:11:11.224984
2025-11-18 12:11:09.431520,208,298,HandType.Right,0.6836636066436768,251.7418212890625,128.3450927734375,127.57579803466797,-0.9375328421592712,-0.035836510360240936,-0.3460461497306824,-16.692657470703125,-2.771609306335449,-104.07553100585938,0.30742135643959045,0.898698627948761,18.79762077331543,0,0,0,0,1,220.57339477539062,146.64471435546875,105.57112121582031,229.79367065429688,144.84104919433594,89.28972625732422,push,14,2025-11-18T12:11:09.431520,my_hand_data\videos\push_seq14_20251118_121107_120927.avi,89.75975800769244,360,90,HIGH,VIDEO_RECORDING,2025-11-18T12:11:11.224984
2025-11-18 12:11:09.458877,209,298,HandType.Right,0.6887497901916504,251.14694213867188,128.37437438964844,125.351806640625,-0.9377620220184326,-0.03446368873119354,-0.34556421637535095,-29.41256332397461,3.6515073776245117,-101.55545043945312,0.30982446670532227,0.8960092663764954,18.8681697845459,0,0,0,0,1,219.56515502929688,146.55039978027344,103.21858215332031,229.17051696777344,145.02525329589844,87.05013275146484,push,14,2025-11-18T12:11:09.458877,my_hand_data\videos\push_seq14_20251118_121107_120927.avi,89.75975800769244,360,90,HIGH,VIDEO_RECORDING,2025-11-18T12:11:11.224984
2025-11-18 12:11:09.458877,210,298,HandType.Right,0.6926151514053345,250.87899780273438,128.44969177246094,124.31537628173828,-0.9377521872520447,-0.03415728360414505,-0.34562140703201294,-23.38700294494629,6.574489593505859,-90.4627685546875,0.31024307012557983,0.9007461667060852,18.73731803894043,0,0,0,0,1,219.2859649658203,146.59469604492188,102.14869689941406,228.77537536621094,145.02777099609375,86.06818389892578,push,14,2025-11-18T12:11:09.458877,my_hand_data\videos\push_seq14_20251118_121107_120927.avi,89.75975800769244,360,90,HIGH,VIDEO_RECORDING,2025-11-18T12:11:11.224984
2025-11-18 12:11:09.458877,211,298,HandType.Right,0.6926151514053345,250.87899780273438,128.44969177246094,124.31537628173828,-0.9377521872520447,-0.03415728360414505,-0.34562140703201294,-23.38700294494629,6.574489593505859,-90.4627685546875,0.31024307012557983,0.9007461667060852,18.73731803894043,0,0,0,0,1,219.2859649658203,146.59469604492188,102.14869689941406,228.77537536621094,145.02777099609375,86.06818389892578,push,14,2025-11-18T12:11:09.458877,my_hand_data\videos\push_seq14_20251118_121107_120927.avi,89.75975800769244,360,90,HIGH,VIDEO_RECORDING,2025-11-18T12:11:11.224984
2025-11-18 12:11:09.490867,212,298,HandType.Right,0.6996190547943115,250.3242950439453,128.52906799316406,122.18833923339844,-0.9382205605506897,-0.03604161739349365,-0.34415578842163086,-23.186492919921875,5.831969738006592,-94.03031921386719,0.3124169111251831,0.8961605429649353,18.859827041625977,0,0,0,0,1,218.52410888671875,146.62918090820312,99.96941375732422,228.06741333007812,145.08937072753906,83.77536010742188,push,14,2025-11-18T12:11:09.490867,my_hand_data\videos\push_seq14_20251118_121107_120927.avi,89.75975800769244,360,90,HIGH,VIDEO_RECORDING,2025-11-18T12:11:11.224984
2025-11-18 12:11:09.490867,213,298,HandType.Right,0.6996190547943115,250.3242950439453,128.52906799316406,122.18833923339844,-0.9382205605506897,-0.03604161739349365,-0.34415578842163086,-23.186492919921875,5.831969738006592,-94.03031921386719,0.3124169111251831,0.8961605429649353,18.859827041625977,0,0,0,0,1,218.52410888671875,146.62918090820312,99.96941375732422,228.06741333007812,145.08937072753906,83.77536010742188,push,14,2025-11-18T12:11:09.490867,my_hand_data\videos\push_seq14_20251118_121107_120927.avi,89.75975800769244,360,90,HIGH,VIDEO_RECORDING,2025-11-18T12:11:11.224984
2025-11-18 12:11:09.490867,214,298,HandType.Right,0.7002763748168945,249.919189453125,128.4895477294922,121.0365982055664,-0.9387850761413574,-0.0355827733874321,-0.3426608443260193,-35.95521545410156,-3.50785493850708,-102.22289276123047,0.30896055698394775,0.8926835656166077,18.956714630126953,0,0,0,0,1,218.14471435546875,146.6665496826172,98.81221771240234,227.68223571777344,145.04898071289062,82.50957489013672,push,14,2025-11-18T12:11:09.490867,my_hand_data\videos\push_seq14_20251118_121107_120927.avi,89.75975800769244,360,90,HIGH,VIDEO_RECORDING,2025-11-18T12:11:11.224984
2025-11-18 12:11:09.522250,215,298,HandType.Right,0.701916515827179,249.54086303710938,128.46238708496094,119.77193450927734,-0.9389110803604126,-0.03514054790139198,-0.34236112236976624,-34.26497268676758,-2.459399700164795,-114.54191589355469,0.3072670102119446,0.8861927390098572,19.136608123779297,0,0,0,0,1,217.82557678222656,146.6776123046875,97.49441528320312,227.424072265625,145.0460968017578,81.01968383789062,push,14,2025-11-18T12:11:09.522250,my_hand_data\videos\push_seq14_20251118_121107_120927.avi,89.75975800769244,360,90,HIGH,VIDEO_RECORDING,2025-11-18T12:11:11.224984
2025-11-18 12:11:09.528930,216,298,HandType.Right,0.7045943140983582,248.71812438964844,128.40631103515625,117.5977783203125,-0.9386407136917114,-0.03729984536767006,-0.34287360310554504,-40.07134246826172,-5.472001552581787,-99.75821685791016,0.30211764574050903,0.8541222810745239,20.030345916748047,0,0,0,0,1,217.01608276367188,146.6707000732422,95.1926040649414,226.9474639892578,144.96453857421875,77.88158416748047,push,14,2025-11-18T12:11:09.528930,my_hand_data\videos\push_seq14_20251118_121107_120927.avi,89.75975800769244,360,90,HIGH,VIDEO_RECORDING,2025-11-18T12:11:11.224984
2025-11-18 12:11:09.528930,217,298,HandType.Right,0.7045943140983582,248.71812438964844,128.40631103515625,117.5977783203125,-0.9386407136917114,-0.03729984536767006,-0.34287360310554504,-40.07134246826172,-5.472001552581787,-99.75821685791016,0.30211764574050903,0.8541222810745239,20.030345916748047,0,0,0,0,1,217.01608276367188,146.6707000732422,95.1926040649414,226.9474639892578,144.96453857421875,77.88158416748047,push,14,2025-11-18T12:11:09.528930,my_hand_data\videos\push_seq14_20251118_121107_120927.avi,89.75975800769244,360,90,HIGH,VIDEO_RECORDING,2025-11-18T12:11:11.224984
2025-11-18 12:11:09.537997,218,298,HandType.Right,0.702639102935791,248.28248596191406,128.4213409423828,116.2705078125,-0.9386497139930725,-0.03930816054344177,-0.3426245450973511,-39.129581451416016,1.3501359224319458,-119.21903228759766,0.3016364574432373,0.8502417206764221,20.139089584350586,0,0,0,0,1,216.41290283203125,146.5392608642578,93.78562927246094,226.5237579345703,144.93792724609375,76.44235229492188,push,14,2025-11-18T12:11:09.537997,my_hand_data\videos\push_seq14_20251118_121107_120927.avi,89.75975800769244,360,90,HIGH,VIDEO_RECORDING,2025-11-18T12:11:11.224984
2025-11-18 12:11:09.570037,219,298,HandType.Right,0.7029004096984863,247.4590606689453,128.612548828125,113.54347229003906,-0.9383870363235474,-0.048476770520210266,-0.3421691358089447,-34.201229095458984,9.00594711303711,-123.09449768066406,0.30161044001579285,0.8435672521591187,20.324783325195312,0,0,0,0,1,215.48057556152344,146.5264434814453,91.0045166015625,225.62515258789062,144.75067138671875,73.48221588134766,push,14,2025-11-18T12:11:09.570037,my_hand_data\videos\push_seq14_20251118_121107_120927.avi,89.75975800769244,360,90,HIGH,VIDEO_RECORDING,2025-11-18T12:11:11.224984
2025-11-18 12:11:09.575688,220,298,HandType.Right,0.7012441158294678,247.11488342285156,128.6201629638672,112.157470703125,-0.938399076461792,-0.04869712516665459,-0.34210485219955444,-30.645313262939453,0.6776198148727417,-123.40840148925781,0.3046639561653137,0.839686930179596,20.431907653808594,0,0,0,0,1,215.13731384277344,146.5390167236328,89.53675842285156,225.35531616210938,144.756103515625,71.9334487915039,push,14,2025-11-18T12:11:09.575688,my_hand_data\videos\push_seq14_20251118_121107_120927.avi,89.75975800769244,360,90,HIGH,VIDEO_RECORDING,2025-11-18T12:11:11.224984
2025-11-18 12:11:09.575688,221,298,HandType.Right,0.7012441158294678,247.11488342285156,128.6201629638672,112.157470703125,-0.938399076461792,-0.04869712516665459,-0.34210485219955444,-30.645313262939453,0.6776198148727417,-123.40840148925781,0.3046639561653137,0.839686930179596,20.431907653808594,0,0,0,0,1,215.13731384277344,146.5390167236328,89.53675842285156,225.35531616210938,144.756103515625,71.9334487915039,push,14,2025-11-18T12:11:09.575688,my_hand_data\videos\push_seq14_20251118_121107_120927.avi,89.75975800769244,360,90,HIGH,VIDEO_RECORDING,2025-11-18T12:11:11.224984
2025-11-18 12:11:09.601734,222,298,HandType.Right,0.7037072777748108,246.61831665039062,128.7410430908203,109.62088775634766,-0.9383944869041443,-0.04614382982254028,-0.3424711525440216,-21.33280372619629,8.032221794128418,-113.67957305908203,0.3163759112358093,0.8126947283744812,21.177242279052734,0,0,0,0,1,214.1796112060547,146.48521423339844,86.87845611572266,225.4687042236328,145.2644805908203,69.00272369384766,push,14,2025-11-18T12:11:09.601734,my_hand_data\videos\push_seq14_20251118_121107_120927.avi,89.75975800769244,360,90,HIGH,VIDEO_RECORDING,2025-11-18T12:11:11.224984
2025-11-18 12:11:09.601734,223,298,HandType.Right,0.7037072777748108,246.61831665039062,128.7410430908203,109.62088775634766,-0.9383944869041443,-0.04614382982254028,-0.3424711525440216,-21.33280372619629,8.032221794128418,-113.67957305908203,0.3163759112358093,0.8126947283744812,21.177242279052734,0,0,0,0,1,214.1796112060547,146.48521423339844,86.87845611572266,225.4687042236328,145.2644805908203,69.00272369384766,push,14,2025-11-18T12:11:09.601734,my_hand_data\videos\push_seq14_20251118_121107_120927.avi,89.75975800769244,360,90,HIGH,VIDEO_RECORDING,2025-11-18T12:11:11.224984
2025-11-18 12:11:09.610171,224,298,HandType.Right,0.7029422521591187,246.2720489501953,128.8551025390625,108.18370819091797,-0.938560962677002,-0.04687241092324257,-0.34191563725471497,-30.885988235473633,10.173929214477539,-128.1939239501953,0.3279174566268921,0.804879367351532,21.39455795288086,0,0,0,0,1,213.6650390625,146.45262145996094,85.44136810302734,225.18798828125,145.36585998535156,67.44782257080078,push,14,2025-11-18T12:11:09.610171,my_hand_data\videos\push_seq14_20251118_121107_120927.avi,89.75975800769244,360,90,HIGH,VIDEO_RECORDING,2025-11-18T12:11:11.224984
2025-11-18 12:11:09.633503,225,298,HandType.Right,0.7007523775100708,245.37506103515625,128.9674835205078,105.20594787597656,-0.939047634601593,-0.04742647334933281,-0.3405000567436218,-50.81358337402344,-1.7780457735061646,-141.30133056640625,0.3418639600276947,0.7950726747512817,21.672698974609375,0,0,0,0,1,212.67477416992188,146.30149841308594,82.52250671386719,224.44825744628906,145.4136505126953,64.34827423095703,push,14,2025-11-18T12:11:09.633503,my_hand_data\videos\push_seq14_20251118_121107_120927.avi,89.75975800769244,360,90,HIGH,VIDEO_RECORDING,2025-11-18T12:11:11.224984
2025-11-18 12:11:09.633503,226,298,HandType.Right,0.7007523775100708,245.37506103515625,128.9674835205078,105.20594787597656,-0.939047634601593,-0.04742647334933281,-0.3405000567436218,-50.81358337402344,-1.7780457735061646,-141.30133056640625,0.3418639600276947,0.7950726747512817,21.672698974609375,0,0,0,0,1,212.67477416992188,146.30149841308594,82.52250671386719,224.44825744628906,145.4136505126953,64.34827423095703,push,14,2025-11-18T12:11:09.633503,my_hand_data\videos\push_seq14_20251118_121107_120927.avi,89.75975800769244,360,90,HIGH,VIDEO_RECORDING,2025-11-18T12:11:11.224984
2025-11-18 12:11:09.633503,227,298,HandType.Right,0.6994765400886536,244.90196228027344,129.05491638183594,103.71096801757812,-0.9393278360366821,-0.04734460636973381,-0.3397376835346222,-42.354026794433594,7.828054904937744,-133.8386993408203,0.34779033064842224,0.7871325016021729,21.89899444580078,0,0,0,0,1,212.1939239501953,146.36061096191406,81.09751892089844,224.2355499267578,145.44491577148438,62.82933044433594,push,14,2025-11-18T12:11:09.633503,my_hand_data\videos\push_seq14_20251118_121107_120927.avi,89.75975800769244,360,90,HIGH,VIDEO_RECORDING,2025-11-18T12:11:11.224984
2025-11-18 12:11:09.665284,228,298,HandType.Right,0.6966052055358887,243.78021240234375,129.1024627685547,100.63436889648438,-0.9400309324264526,-0.04532657191157341,-0.33806419372558594,-56.40399169921875,-3.6181581020355225,-144.9940643310547,0.3579305410385132,0.7747677564620972,22.25634002685547,0,0,0,0,0,211.26797485351562,146.47909545898438,78.05713653564453,223.59434509277344,145.52394104003906,59.55057144165039,push,14,2025-11-18T12:11:09.665284,my_hand_data\videos\push_seq14_20251118_121107_120927.avi,89.75975800769244,360,90,HIGH,VIDEO_RECORDING,2025-11-18T12:11:11.224984
2025-11-18 12:11:09.665284,229,298,HandType.Right,0.6966052055358887,243.78021240234375,129.1024627685547,100.63436889648438,-0.9400309324264526,-0.04532657191157341,-0.33806419372558594,-56.40399169921875,-3.6181581020355225,-144.9940643310547,0.3579305410385132,0.7747677564620972,22.25634002685547,0,0,0,0,0,211.26797485351562,146.47909545898438,78.05713653564453,223.59434509277344,145.52394104003906,59.55057144165039,push,14,2025-11-18T12:11:09.665284,my_hand_data\videos\push_seq14_20251118_121107_120927.avi,89.75975800769244,360,90,HIGH,VIDEO_RECORDING,2025-11-18T12:11:11.224984
2025-11-18 12:11:09.681157,230,298,HandType.Right,0.6951059103012085,243.01402282714844,129.0026092529297,98.96426391601562,-0.9400611519813538,-0.045591771602630615,-0.337944358587265,-66.81168365478516,-8.706844329833984,-145.63156127929688,0.36734843254089355,0.7789372801780701,22.148548126220703,0,0,0,0,0,210.8155059814453,146.45127868652344,76.42103576660156,222.87034606933594,145.38467407226562,57.87106704711914,push,14,2025-11-18T12:11:09.681157,my_hand_data\videos\push_seq14_20251118_121107_120927.avi,89.75975800769244,360,90,HIGH,VIDEO_RECORDING,2025-11-18T12:11:11.224984
2025-11-18 12:11:09.697094,231,298,HandType.Right,0.6960845589637756,241.7263641357422,128.82843017578125,96.13509368896484,-0.9403287172317505,-0.04686954244971275,-0.3370240330696106,-51.774539947509766,-5.535019397735596,-124.41371154785156,0.3733575940132141,0.7609717845916748,22.65418243408203,0,0,0,0,0,209.8394317626953,146.5426025390625,73.59693145751953,221.99661254882812,145.3366241455078,54.51918029785156,push,14,2025-11-18T12:11:09.697094,my_hand_data\videos\push_seq14_20251118_121107_120927.avi,89.75975800769244,360,90,HIGH,VIDEO_RECORDING,2025-11-18T12:11:11.224984
2025-11-18 12:11:09.702785,232,298,HandType.Right,0.6960845589637756,241.7263641357422,128.82843017578125,96.13509368896484,-0.9403287172317505,-0.04686954244971275,-0.3370240330696106,-51.774539947509766,-5.535019397735596,-124.41371154785156,0.3733575940132141,0.7609717845916748,22.65418243408203,0,0,0,0,0,209.8394317626953,146.5426025390625,73.59693145751953,221.99661254882812,145.3366241455078,54.51918029785156,push,14,2025-11-18T12:11:09.702785,my_hand_data\videos\push_seq14_20251118_121107_120927.avi,89.75975800769244,360,90,HIGH,VIDEO_RECORDING,2025-11-18T12:11:11.224984
2025-11-18 12:11:09.713178,233,298,HandType.Right,0.6963070631027222,241.2937469482422,128.81790161132812,94.69805145263672,-0.9405693411827087,-0.045178212225437164,-0.3365832567214966,-38.3551025390625,-0.9321879744529724,-127.40864562988281,0.3735605776309967,0.7595304846763611,22.6959171295166,0,0,0,0,0,209.4617462158203,146.69107055664062,72.17504119873047,221.58018493652344,145.63096618652344,53.01455307006836,push,14,2025-11-18T12:11:09.713178,my_hand_data\videos\push_seq14_20251118_121107_120927.avi,89.75975800769244,360,90,HIGH,VIDEO_RECORDING,2025-11-18T12:11:11.224984
2025-11-18 12:11:09.729157,234,298,HandType.Right,0.6956896781921387,240.86929321289062,128.87362670898438,93.2938232421875,-0.9411020278930664,-0.04106656089425087,-0.33561959862709045,-38.54909133911133,5.0604023933410645,-127.52938079833984,0.37681901454925537,0.7621894478797913,22.625288009643555,0,0,0,0,0,209.0476837158203,146.8865966796875,70.84954071044922,221.1678924560547,146.1380157470703,51.75912857055664,push,14,2025-11-18T12:11:09.729157,my_hand_data\videos\push_seq14_20251118_121107_120927.avi,89.75975800769244,360,90,HIGH,VIDEO_RECORDING,2025-11-18T12:11:11.224984
2025-11-18 12:11:09.729157,235,298,HandType.Right,0.694185733795166,240.51657104492188,129.00180053710938,91.95603942871094,-0.9409087896347046,-0.03563481941819191,-0.3367800712585449,-31.548402786254883,11.464341163635254,-119.6589126586914,0.3784407377243042,0.7533573508262634,22.870731353759766,0,0,0,0,0,208.5447998046875,146.91343688964844,69.50407409667969,221.19078063964844,146.5566864013672,50.450931549072266,push,14,2025-11-18T12:11:09.729157,my_hand_data\videos\push_seq14_20251118_121107_120927.avi,89.75975800769244,360,90,HIGH,VIDEO_RECORDING,2025-11-18T12:11:11.224984
2025-11-18 12:11:09.745042,236,298,HandType.Right,0.692828893661499,240.06781005859375,129.19052124023438,90.6085433959961,-0.9415988326072693,-0.033825624734163284,-0.3350335359573364,-40.57609176635742,17.063392639160156,-121.83511352539062,0.37308549880981445,0.7414833307266235,23.20305824279785,0,0,0,0,0,207.9466552734375,146.92445373535156,68.16371154785156,220.93057250976562,146.74795532226562,48.93434143066406,push,14,2025-11-18T12:11:09.745042,my_hand_data\videos\push_seq14_20251118_121107_120927.avi,89.75975800769244,360,90,HIGH,VIDEO_RECORDING,2025-11-18T12:11:11.224984
2025-11-18 12:11:09.761194,237,298,HandType.Right,0.6934225559234619,239.3949737548828,129.28707885742188,89.33155822753906,-0.9431049823760986,-0.03197484090924263,-0.3309541344642639,-59.155094146728516,8.489479064941406,-112.27218627929688,0.3677143156528473,0.7215269804000854,23.76288414001465,0,0,0,0,0,207.30772399902344,146.93701171875,66.89952087402344,220.68215942382812,146.8604278564453,47.25790023803711,push,14,2025-11-18T12:11:09.761194,my_hand_data\videos\push_seq14_20251118_121107_120927.avi,89.75975800769244,360,90,HIGH,VIDEO_RECORDING,2025-11-18T12:11:11.224984
2025-11-18 12:11:09.761194,238,298,HandType.Right,0.6931357979774475,238.71932983398438,129.4703369140625,87.95425415039062,-0.9435780644416809,-0.03100191429257393,-0.32969576120376587,-60.67261505126953,16.45623016357422,-123.68017578125,0.3721711039543152,0.7095471620559692,24.110918045043945,0,0,0,0,0,206.76266479492188,147.0414581298828,65.64506530761719,220.40098571777344,147.07135009765625,45.762115478515625,push,14,2025-11-18T12:11:09.761194,my_hand_data\videos\push_seq14_20251118_121107_120927.avi,89.75975800769244,360,90,HIGH,VIDEO_RECORDING,2025-11-18T12:11:11.224984
2025-11-18 12:11:09.776995,239,298,HandType.Right,0.689915657043457,238.11050415039062,129.72308349609375,86.65562438964844,-0.9448246955871582,-0.03397615626454353,-0.32580962777137756,-56.855873107910156,23.603221893310547,-121.27658081054688,0.3667859137058258,0.6776981353759766,24.991783142089844,0,0,0,0,0,206.20458984375,147.20018005371094,64.48873138427734,220.28009033203125,147.32249450683594,43.837955474853516,push,14,2025-11-18T12:11:09.776995,my_hand_data\videos\push_seq14_20251118_121107_120927.avi,89.75975800769244,360,90,HIGH,VIDEO_RECORDING,2025-11-18T12:11:11.224984
2025-11-18 12:11:09.792999,240,298,HandType.Right,0.6871245503425598,237.4650115966797,129.95748901367188,85.29713439941406,-0.9456450343132019,-0.03697368502616882,-0.32309189438819885,-58.216094970703125,21.141277313232422,-122.51878356933594,0.36537131667137146,0.6641251444816589,25.376327514648438,0,0,0,0,0,205.56881713867188,147.2355499267578,63.311248779296875,219.77919006347656,147.51918029785156,42.28881072998047,push,14,2025-11-18T12:11:09.792999,my_hand_data\videos\push_seq14_20251118_121107_120927.avi,89.75975800769244,360,90,HIGH,VIDEO_RECORDING,2025-11-18T12:11:11.224984
2025-11-18 12:11:09.796950,241,298,HandType.Right,0.6857735514640808,236.78759765625,130.12237548828125,84.05455017089844,-0.9471709728240967,-0.0338422991335392,-0.318938672542572,-60.27400588989258,14.670018196105957,-110.56019592285156,0.3682432174682617,0.6498221158981323,25.785097122192383,0,0,0,0,0,204.9176788330078,147.30490112304688,62.16477966308594,219.6123046875,147.94744873046875,40.9863395690918,push,14,2025-11-18T12:11:09.796950,my_hand_data\videos\push_seq14_20251118_121107_120927.avi,89.75975800769244,360,90,HIGH,VIDEO_RECORDING,2025-11-18T12:11:11.224984
2025-11-18 12:11:09.824688,242,298,HandType.Right,0.6879849433898926,235.17257690429688,130.26052856445312,81.86991119384766,-0.948955237865448,-0.030674226582050323,-0.31391575932502747,-64.68933868408203,6.340407848358154,-86.42810821533203,0.37202712893486023,0.6306775808334351,26.33945655822754,0,0,0,0,0,203.20509338378906,147.3874969482422,60.09685134887695,218.3271026611328,148.15370178222656,38.54447937011719,push,14,2025-11-18T12:11:09.824688,my_hand_data\videos\push_seq14_20251118_121107_120927.avi,89.75975800769244,360,90,HIGH,VIDEO_RECORDING,2025-11-18T12:11:11.224984
2025-11-18 12:11:09.824688,243,298,HandType.Right,0.6879849433898926,235.17257690429688,130.26052856445312,81.86991119384766,-0.948955237865448,-0.030674226582050323,-0.31391575932502747,-64.68933868408203,6.340407848358154,-86.42810821533203,0.37202712893486023,0.6306775808334351,26.33945655822754,0,0,0,0,0,203.20509338378906,147.3874969482422,60.09685134887695,218.3271026611328,148.15370178222656,38.54447937011719,push,14,2025-11-18T12:11:09.824688,my_hand_data\videos\push_seq14_20251118_121107_120927.avi,89.75975800769244,360,90,HIGH,VIDEO_RECORDING,2025-11-18T12:11:11.224984
2025-11-18 12:11:09.824688,244,298,HandType.Right,0.6877368688583374,234.51353454589844,130.41937255859375,80.93083953857422,-0.9500436782836914,-0.02836070954799652,-0.3108258545398712,-59.64128112792969,14.375409126281738,-84.98416137695312,0.36722445487976074,0.6161420941352844,26.751890182495117,0,0,0,0,0,202.25811767578125,147.51119995117188,59.14573287963867,217.951171875,148.54067993164062,37.504756927490234,push,14,2025-11-18T12:11:09.824688,my_hand_data\videos\push_seq14_20251118_121107_120927.avi,89.75975800769244,360,90,HIGH,VIDEO_RECORDING,2025-11-18T12:11:11.224984
2025-11-18 12:11:09.856760,245,298,HandType.Right,0.689485490322113,233.05494689941406,130.7949676513672,78.6385726928711,-0.9511546492576599,-0.024379920214414597,-0.3077507019042969,-67.51593780517578,13.691825866699219,-102.74430084228516,0.3650725781917572,0.5927923321723938,27.420717239379883,0,0,0,0,1,200.11386108398438,147.59060668945312,56.82395553588867,216.85877990722656,149.281982421875,35.17580032348633,push,14,2025-11-18T12:11:09.856760,my_hand_data\videos\push_seq14_20251118_121107_120927.avi,89.75975800769244,360,90,HIGH,VIDEO_RECORDING,2025-11-18T12:11:11.224984
2025-11-18 12:11:09.856760,246,298,HandType.Right,0.689485490322113,233.05494689941406,130.7949676513672,78.6385726928711,-0.9511546492576599,-0.024379920214414597,-0.3077507019042969,-67.51593780517578,13.691825866699219,-102.74430084228516,0.3650725781917572,0.5927923321723938,27.420717239379883,0,0,0,0,1,200.11386108398438,147.59060668945312,56.82395553588867,216.85877990722656,149.281982421875,35.17580032348633,push,14,2025-11-18T12:11:09.856760,my_hand_data\videos\push_seq14_20251118_121107_120927.avi,89.75975800769244,360,90,HIGH,VIDEO_RECORDING,2025-11-18T12:11:11.224984
2025-11-18 12:11:09.856760,247,298,HandType.Right,0.6883926391601562,232.33889770507812,131.09109497070312,77.52906036376953,-0.9519715905189514,-0.025952251628041267,-0.3050845265388489,-66.41192626953125,27.464603424072266,-102.90441131591797,0.3596543073654175,0.587471067905426,27.578052520751953,0,0,0,0,1,199.31887817382812,147.8095245361328,55.63549041748047,216.24826049804688,149.45628356933594,33.92758560180664,push,14,2025-11-18T12:11:09.856760,my_hand_data\videos\push_seq14_20251118_121107_120927.avi,89.75975800769244,360,90,HIGH,VIDEO_RECORDING,2025-11-18T12:11:11.224984
2025-11-18 12:11:09.888545,248,298,HandType.Right,0.683366596698761,230.87728881835938,131.56011962890625,75.57390594482422,-0.9541916251182556,-0.02847682125866413,-0.29783785343170166,-66.94322967529297,18.749631881713867,-93.83515930175781,0.3441600203514099,0.5791822075843811,27.824966430664062,0,0,0,0,1,197.90869140625,148.38299560546875,53.67012405395508,214.83871459960938,150.0697479248047,31.652904510498047,push,14,2025-11-18T12:11:09.888545,my_hand_data\videos\push_seq14_20251118_121107_120927.avi,89.75975800769244,360,90,HIGH,VIDEO_RECORDING,2025-11-18T12:11:11.224984
2025-11-18 12:11:09.888545,249,298,HandType.Right,0.683366596698761,230.87728881835938,131.56011962890625,75.57390594482422,-0.9541916251182556,-0.02847682125866413,-0.29783785343170166,-66.94322967529297,18.749631881713867,-93.83515930175781,0.3441600203514099,0.5791822075843811,27.824966430664062,0,0,0,0,1,197.90869140625,148.38299560546875,53.67012405395508,214.83871459960938,150.0697479248047,31.652904510498047,push,14,2025-11-18T12:11:09.888545,my_hand_data\videos\push_seq14_20251118_121107_120927.avi,89.75975800769244,360,90,HIGH,VIDEO_RECORDING,2025-11-18T12:11:11.224984
2025-11-18 12:11:09.904621,250,298,HandType.Right,0.6844265460968018,230.18157958984375,131.80596923828125,74.49809265136719,-0.9550483822822571,-0.03189349174499512,-0.2947293221950531,-60.43355941772461,21.35614776611328,-93.45169830322266,0.3368555009365082,0.5851554870605469,27.67125129699707,0,0,0,0,1,197.20684814453125,148.6370391845703,52.59553527832031,213.72732543945312,150.09938049316406,30.44528579711914,push,14,2025-11-18T12:11:09.904621,my_hand_data\videos\push_seq14_20251118_121107_120927.avi,89.75975800769244,360,90,HIGH,VIDEO_RECORDING,2025-11-18T12:11:11.224984
2025-11-18 12:11:09.920411,251,298,HandType.Right,0.6828670501708984,228.70391845703125,132.0755615234375,72.43863677978516,-0.9563398361206055,-0.032229404896497726,-0.2904743254184723,-66.14215087890625,12.646986961364746,-94.29753112792969,0.3293863832950592,0.5806788206100464,27.8167781829834,0,0,0,0,1,195.72817993164062,149.17868041992188,50.47123718261719,212.36248779296875,150.54945373535156,28.218284606933594,push,14,2025-11-18T12:11:09.920411,my_hand_data\videos\push_seq14_20251118_121107_120927.avi,89.75975800769244,360,90,HIGH,VIDEO_RECORDING,2025-11-18T12:11:11.224984
2025-11-18 12:11:09.923521,252,298,HandType.Right,0.6828670501708984,228.70391845703125,132.0755615234375,72.43863677978516,-0.9563398361206055,-0.032229404896497726,-0.2904743254184723,-66.14215087890625,12.646986961364746,-94.29753112792969,0.3293863832950592,0.5806788206100464,27.8167781829834,0,0,0,0,1,195.72817993164062,149.17868041992188,50.47123718261719,212.36248779296875,150.54945373535156,28.218284606933594,push,14,2025-11-18T12:11:09.923521,my_hand_data\videos\push_seq14_20251118_121107_120927.avi,89.75975800769244,360,90,HIGH,VIDEO_RECORDING,2025-11-18T12:11:11.224984
2025-11-18 12:11:09.936089,253,298,HandType.Right,0.6830626130104065,228.01312255859375,132.2355194091797,71.41575622558594,-0.9566609263420105,-0.034004490822553635,-0.28921204805374146,-61.00798034667969,14.127577781677246,-90.33657836914062,0.32782065868377686,0.5774863958358765,27.916542053222656,0,0,0,0,1,195.0197296142578,149.4484100341797,49.464752197265625,211.6619873046875,150.7152862548828,27.087003707885742,push,14,2025-11-18T12:11:09.936089,my_hand_data\videos\push_seq14_20251118_121107_120927.avi,89.75975800769244,360,90,HIGH,VIDEO_RECORDING,2025-11-18T12:11:11.224984
2025-11-18 12:11:09.951806,254,298,HandType.Right,0.6830663084983826,226.8539581298828,132.7985382080078,69.45237731933594,-0.9573931097984314,-0.04479490965604782,-0.2852926254272461,-53.74949645996094,21.694488525390625,-85.06906127929688,0.318926066160202,0.5880265831947327,27.639373779296875,0,0,0,0,1,193.70314025878906,150.046630859375,47.5572624206543,209.72439575195312,150.90139770507812,25.051179885864258,push,14,2025-11-18T12:11:09.951806,my_hand_data\videos\push_seq14_20251118_121107_120927.avi,89.75975800769244,360,90,HIGH,VIDEO_RECORDING,2025-11-18T12:11:11.224984
2025-11-18 12:11:09.951806,255,298,HandType.Right,0.6830663084983826,226.8539581298828,132.7985382080078,69.45237731933594,-0.9573931097984314,-0.04479490965604782,-0.2852926254272461,-53.74949645996094,21.694488525390625,-85.06906127929688,0.318926066160202,0.5880265831947327,27.639373779296875,0,0,0,0,1,193.70314025878906,150.046630859375,47.5572624206543,209.72439575195312,150.90139770507812,25.051179885864258,push,14,2025-11-18T12:11:09.951806,my_hand_data\videos\push_seq14_20251118_121107_120927.avi,89.75975800769244,360,90,HIGH,VIDEO_RECORDING,2025-11-18T12:11:11.224984
2025-11-18 12:11:09.967458,256,298,HandType.Right,0.6826131939888,226.41465759277344,133.0594940185547,68.46347045898438,-0.9574011564254761,-0.0511004701256752,-0.2842037081718445,-37.959556579589844,22.548908233642578,-85.44957733154297,0.31322547793388367,0.5866218209266663,27.685728073120117,0,0,0,0,1,193.07984924316406,150.24037170410156,46.57973098754883,209.08360290527344,150.99197387695312,24.000659942626953,push,14,2025-11-18T12:11:09.967458,my_hand_data\videos\push_seq14_20251118_121107_120927.avi,89.75975800769244,360,90,HIGH,VIDEO_RECORDING,2025-11-18T12:11:11.224984
2025-11-18 12:11:09.983170,257,298,HandType.Right,0.6814284324645996,225.87815856933594,133.14657592773438,67.43836212158203,-0.9573123455047607,-0.05246451869606972,-0.28425440192222595,-49.48725509643555,8.032296180725098,-94.55842590332031,0.3095616102218628,0.5838862061500549,27.77664566040039,0,0,0,0,1,192.49166870117188,150.341064453125,45.581207275390625,208.49276733398438,151.0539093017578,22.887624740600586,push,14,2025-11-18T12:11:09.983170,my_hand_data\videos\push_seq14_20251118_121107_120927.avi,89.75975800769244,360,90,HIGH,VIDEO_RECORDING,2025-11-18T12:11:11.224984
2025-11-18 12:11:09.983170,258,298,HandType.Right,0.6827683448791504,225.2309112548828,133.162841796875,66.40924835205078,-0.9577152132987976,-0.053018711507320404,-0.28279078006744385,-58.00170135498047,1.4579819440841675,-92.22300720214844,0.3078024983406067,0.5740575790405273,28.060720443725586,0,0,0,0,1,191.84933471679688,150.42031860351562,44.576324462890625,207.9705352783203,151.1607666015625,21.620656967163086,push,14,2025-11-18T12:11:09.983170,my_hand_data\videos\push_seq14_20251118_121107_120927.avi,89.75975800769244,360,90,HIGH,VIDEO_RECORDING,2025-11-18T12:11:11.224984
2025-11-18 12:11:10.014960,259,298,HandType.Right,0.680479109287262,224.08303833007812,133.3404541015625,64.3948974609375,-0.9581571221351624,-0.05420830100774765,-0.2810630202293396,-55.957489013671875,6.999328136444092,-89.40239715576172,0.3024076223373413,0.5457229614257812,28.87188720703125,0,0,0,0,1,190.65785217285156,150.6248016357422,42.5606575012207,207.29562377929688,151.3866729736328,18.976978302001953,push,14,2025-11-18T12:11:10.014960,my_hand_data\videos\push_seq14_20251118_121107_120927.avi,89.75975800769244,360,90,HIGH,VIDEO_RECORDING,2025-11-18T12:11:11.224984
2025-11-18 12:11:10.014960,260,298,HandType.Right,0.6803262233734131,223.48779296875,133.41693115234375,63.55683517456055,-0.958627462387085,-0.055791597813367844,-0.279142826795578,-52.24201965332031,6.712090492248535,-73.55311584472656,0.2973543107509613,0.5365637540817261,29.139068603515625,0,0,0,0,1,190.00965881347656,150.69631958007812,41.719913482666016,206.76025390625,151.4388885498047,17.888181686401367,push,14,2025-11-18T12:11:10.014960,my_hand_data\videos\push_seq14_20251118_121107_120927.avi,89.75975800769244,360,90,HIGH,VIDEO_RECORDING,2025-11-18T12:11:11.224984
2025-11-18 12:11:10.025033,261,298,HandType.Right,0.6803262233734131,223.48779296875,133.41693115234375,63.55683517456055,-0.958627462387085,-0.055791597813367844,-0.279142826795578,-52.24201965332031,6.712090492248535,-73.55311584472656,0.2973543107509613,0.5365637540817261,29.139068603515625,0,0,0,0,1,190.00965881347656,150.69631958007812,41.719913482666016,206.76025390625,151.4388885498047,17.888181686401367,push,14,2025-11-18T12:11:10.025033,my_hand_data\videos\push_seq14_20251118_121107_120927.avi,89.75975800769244,360,90,HIGH,VIDEO_RECORDING,2025-11-18T12:11:11.224984
2025-11-18 12:11:10.046551,262,298,HandType.Right,0.6781379580497742,222.42462158203125,133.46774291992188,61.683563232421875,-0.9593362808227539,-0.0563499815762043,-0.2765837609767914,-40.85002899169922,3.9405364990234375,-91.1142578125,0.2937636971473694,0.5236284732818604,29.520042419433594,0,0,0,0,1,188.88099670410156,150.7558135986328,39.91744613647461,205.9216766357422,151.67965698242188,15.830215454101562,push,14,2025-11-18T12:11:10.046551,my_hand_data\videos\push_seq14_20251118_121107_120927.avi,89.75975800769244,360,90,HIGH,VIDEO_RECORDING,2025-11-18T12:11:11.224984
2025-11-18 12:11:10.049058,263,298,HandType.Right,0.6781379580497742,222.42462158203125,133.46774291992188,61.683563232421875,-0.9593362808227539,-0.0563499815762043,-0.2765837609767914,-40.85002899169922,3.9405364990234375,-91.1142578125,0.2937636971473694,0.5236284732818604,29.520042419433594,0,0,0,0,1,188.88099670410156,150.7558135986328,39.91744613647461,205.9216766357422,151.67965698242188,15.830215454101562,push,14,2025-11-18T12:11:10.049058,my_hand_data\videos\push_seq14_20251118_121107_120927.avi,89.75975800769244,360,90,HIGH,VIDEO_RECORDING,2025-11-18T12:11:11.224984
2025-11-18 12:11:10.055946,264,298,HandType.Right,0.6775524020195007,222.0220184326172,133.5372772216797,60.7203369140625,-0.9596564769744873,-0.056233953684568405,-0.27549445629119873,-36.83707809448242,6.362116813659668,-88.135009765625,0.29135531187057495,0.5123575329780579,29.846515655517578,0,0,0,0,1,188.411376953125,150.82969665527344,38.9996452331543,205.6688232421875,151.7943115234375,14.667268753051758,push,14,2025-11-18T12:11:10.055946,my_hand_data\videos\push_seq14_20251118_121107_120927.avi,89.75975800769244,360,90,HIGH,VIDEO_RECORDING,2025-11-18T12:11:11.224984
2025-11-18 12:11:10.078413,265,298,HandType.Right,0.6750514507293701,221.2670135498047,133.73580932617188,58.959625244140625,-0.9607914090156555,-0.055674243718385696,-0.27162519097328186,-29.973236083984375,10.206819534301758,-78.3239517211914,0.2838752269744873,0.49603500962257385,30.326122283935547,0,0,0,0,1,187.6222686767578,151.05035400390625,37.318782806396484,205.20260620117188,152.08297729492188,12.629937171936035,push,14,2025-11-18T12:11:10.078413,my_hand_data\videos\push_seq14_20251118_121107_120927.avi,89.75975800769244,360,90,HIGH,VIDEO_RECORDING,2025-11-18T12:11:11.224984
2025-11-18 12:11:10.078413,266,298,HandType.Right,0.6750514507293701,221.2670135498047,133.73580932617188,58.959625244140625,-0.9607914090156555,-0.055674243718385696,-0.27162519097328186,-29.973236083984375,10.206819534301758,-78.3239517211914,0.2838752269744873,0.49603500962257385,30.326122283935547,0,0,0,0,1,187.6222686767578,151.05035400390625,37.318782806396484,205.20260620117188,152.08297729492188,12.629937171936035,push,14,2025-11-18T12:11:10.078413,my_hand_data\videos\push_seq14_20251118_121107_120927.avi,89.75975800769244,360,90,HIGH,VIDEO_RECORDING,2025-11-18T12:11:11.224984
2025-11-18 12:11:10.078413,267,298,HandType.Right,0.6759425401687622,220.97840881347656,133.7940216064453,58.111602783203125,-0.9615200757980347,-0.05337845906615257,-0.2694993019104004,-25.888608932495117,5.221420764923096,-76.06916809082031,0.2796642780303955,0.4919506013393402,30.450517654418945,0,0,0,0,1,187.32833862304688,151.16468811035156,36.524356842041016,204.98080444335938,152.19808959960938,11.734106063842773,push,14,2025-11-18T12:11:10.078413,my_hand_data\videos\push_seq14_20251118_121107_120927.avi,89.75975800769244,360,90,HIGH,VIDEO_RECORDING,2025-11-18T12:11:11.224984
2025-11-18 12:11:10.110127,268,298,HandType.Right,0.6785439252853394,220.4281768798828,133.94143676757812,56.34337615966797,-0.9622535705566406,-0.049858175218105316,-0.26754847168922424,-28.411821365356445,4.439108371734619,-85.92790985107422,0.28197675943374634,0.48351189494132996,30.70660400390625,0,0,0,0,1,186.7561492919922,151.3588104248047,34.84053039550781,204.63784790039062,152.39955139160156,9.899456024169922,push,14,2025-11-18T12:11:10.110127,my_hand_data\videos\push_seq14_20251118_121107_120927.avi,89.75975800769244,360,90,HIGH,VIDEO_RECORDING,2025-11-18T12:11:11.224984
2025-11-18 12:11:10.110127,269,298,HandType.Right,0.6785439252853394,220.4281768798828,133.94143676757812,56.34337615966797,-0.9622535705566406,-0.049858175218105316,-0.26754847168922424,-28.411821365356445,4.439108371734619,-85.92790985107422,0.28197675943374634,0.48351189494132996,30.70660400390625,0,0,0,0,1,186.7561492919922,151.3588104248047,34.84053039550781,204.63784790039062,152.39955139160156,9.899456024169922,push,14,2025-11-18T12:11:10.110127,my_hand_data\videos\push_seq14_20251118_121107_120927.avi,89.75975800769244,360,90,HIGH,VIDEO_RECORDING,2025-11-18T12:11:11.224984
2025-11-18 12:11:10.125844,270,298,HandType.Right,0.6790338158607483,220.05674743652344,133.9188995361328,55.43767547607422,-0.9629024267196655,-0.04677625000476837,-0.2657647728919983,-33.41324996948242,-2.0278587341308594,-81.47737121582031,0.28499191999435425,0.4749097228050232,30.95531463623047,0,0,0,0,1,186.38531494140625,151.41043090820312,33.96714401245117,204.5499725341797,152.46763610839844,8.923999786376953,push,14,2025-11-18T12:11:10.125844,my_hand_data\videos\push_seq14_20251118_121107_120927.avi,89.75975800769244,360,90,HIGH,VIDEO_RECORDING,2025-11-18T12:11:11.224984
2025-11-18 12:11:10.141182,271,298,HandType.Right,0.683363676071167,219.44651794433594,133.92123413085938,53.8698616027832,-0.9640475511550903,-0.04403970390558243,-0.26205503940582275,-23.83775520324707,6.094606876373291,-68.14873504638672,0.29028505086898804,0.45476076006889343,31.535964965820312,0,0,0,0,1,185.60728454589844,151.43096923828125,32.37464141845703,204.3087158203125,152.60739135742188,7.009517192840576,push,14,2025-11-18T12:11:10.141182,my_hand_data\videos\push_seq14_20251118_121107_120927.avi,89.75975800769244,360,90,HIGH,VIDEO_RECORDING,2025-11-18T12:11:11.224984
2025-11-18 12:11:10.145962,272,298,HandType.Right,0.683363676071167,219.44651794433594,133.92123413085938,53.8698616027832,-0.9640475511550903,-0.04403970390558243,-0.26205503940582275,-23.83775520324707,6.094606876373291,-68.14873504638672,0.29028505086898804,0.45476076006889343,31.535964965820312,0,0,0,0,1,185.60728454589844,151.43096923828125,32.37464141845703,204.3087158203125,152.60739135742188,7.009517192840576,push,14,2025-11-18T12:11:10.145962,my_hand_data\videos\push_seq14_20251118_121107_120927.avi,89.75975800769244,360,90,HIGH,VIDEO_RECORDING,2025-11-18T12:11:11.224984
2025-11-18 12:11:10.156948,273,298,HandType.Right,0.6822841763496399,219.29920959472656,134.08084106445312,53.12736892700195,-0.9644419550895691,-0.045754145830869675,-0.2603042423725128,-12.483268737792969,13.525870323181152,-62.923099517822266,0.29010578989982605,0.44142666459083557,31.919620513916016,0,1,0,0,1,185.36514282226562,151.5780792236328,31.56429100036621,204.381591796875,152.78890991210938,5.95626974105835,push,14,2025-11-18T12:11:10.156948,my_hand_data\videos\push_seq14_20251118_121107_120927.avi,89.75975800769244,360,90,HIGH,VIDEO_RECORDING,2025-11-18T12:11:11.224984
2025-11-18 12:11:10.172679,274,298,HandType.Right,0.6808565855026245,219.17617797851562,134.24754333496094,52.311161041259766,-0.9646539688110352,-0.04663705453276634,-0.25936010479927063,-11.652226448059082,15.788342475891113,-77.29969024658203,0.2912193536758423,0.4327288866043091,32.16999053955078,0,1,0,0,1,185.20822143554688,151.71507263183594,30.658199310302734,204.5577850341797,153.1024627685547,4.995428085327148,push,14,2025-11-18T12:11:10.172679,my_hand_data\videos\push_seq14_20251118_121107_120927.avi,89.75975800769244,360,90,HIGH,VIDEO_RECORDING,2025-11-18T12:11:11.224984
2025-11-18 12:11:10.172679,275,298,HandType.Right,0.6792890429496765,218.97311401367188,134.32142639160156,51.425880432128906,-0.9646880626678467,-0.047101713716983795,-0.2591492533683777,-18.46419334411621,6.717832565307617,-80.49476623535156,0.2937069237232208,0.4279399514198303,32.311912536621094,0,1,0,0,1,185.00140380859375,151.7858428955078,29.718576431274414,204.51834106445312,153.23951721191406,4.007961750030518,push,14,2025-11-18T12:11:10.172679,my_hand_data\videos\push_seq14_20251118_121107_120927.avi,89.75975800769244,360,90,HIGH,VIDEO_RECORDING,2025-11-18T12:11:11.224984
2025-11-18 12:11:10.188540,276,298,HandType.Right,0.6793926358222961,218.71331787109375,134.34840393066406,50.59148025512695,-0.9646681547164917,-0.04799389839172363,-0.2590596675872803,-22.860315322875977,2.3734683990478516,-73.4248275756836,0.29693540930747986,0.41851499676704407,32.584102630615234,0,1,0,0,1,184.72999572753906,151.81631469726562,28.816442489624023,204.54539489746094,153.3536376953125,2.9957070350646973,push,14,2025-11-18T12:11:10.188540,my_hand_data\videos\push_seq14_20251118_121107_120927.avi,89.75975800769244,360,90,HIGH,VIDEO_RECORDING,2025-11-18T12:11:11.224984
2025-11-18 12:11:10.204406,277,298,HandType.Right,0.679389238357544,218.44583129882812,134.31768798828125,49.686466217041016,-0.9647179245948792,-0.04816632717847824,-0.25884222984313965,-24.560304641723633,-2.820037364959717,-83.09739685058594,0.3005199730396271,0.4185347855091095,32.5901985168457,0,1,0,0,1,184.46522521972656,151.78475952148438,27.879810333251953,204.2933349609375,153.3028106689453,2.059999942779541,push,14,2025-11-18T12:11:10.204406,my_hand_data\videos\push_seq14_20251118_121107_120927.avi,89.75975800769244,360,90,HIGH,VIDEO_RECORDING,2025-11-18T12:11:11.224984
2025-11-18 12:11:10.210425,278,298,HandType.Right,0.679823100566864,218.26177978515625,134.31993103027344,48.79715347290039,-0.9647447466850281,-0.048574529588222504,-0.2586659789085388,-16.653593063354492,0.2037046253681183,-80.46630096435547,0.3020521402359009,0.41108694672584534,32.804508209228516,0,1,0,0,1,184.21324157714844,151.7467803955078,26.986536026000977,204.1966094970703,153.31088256835938,1.0182037353515625,push,14,2025-11-18T12:11:10.210425,my_hand_data\videos\push_seq14_20251118_121107_120927.avi,89.75975800769244,360,90,HIGH,VIDEO_RECORDING,2025-11-18T12:11:11.224984
2025-11-18 12:11:10.236228,279,298,HandType.Right,0.6779899597167969,217.76986694335938,134.36033630371094,46.97353744506836,-0.9652857780456543,-0.04970699921250343,-0.25642260909080505,-24.46257209777832,0.8219037055969238,-84.95594024658203,0.3045005202293396,0.4087187647819519,32.88554000854492,0,1,0,0,1,183.62644958496094,151.6071014404297,25.241512298583984,203.5768585205078,153.15478515625,-0.8553192019462585,push,14,2025-11-18T12:11:10.236228,my_hand_data\videos\push_seq14_20251118_121107_120927.avi,89.75975800769244,360,90,HIGH,VIDEO_RECORDING,2025-11-18T12:11:11.224984
2025-11-18 12:11:10.236228,280,298,HandType.Right,0.6771135330200195,217.4170379638672,134.36956787109375,46.013092041015625,-0.9653860926628113,-0.050306402146816254,-0.2559277415275574,-30.86271858215332,0.8082219958305359,-84.0138931274414,0.30931761860847473,0.41257554292678833,32.7845344543457,0,1,0,0,1,183.2953643798828,151.55224609375,24.30281639099121,203.09068298339844,153.09857177734375,-1.7851107120513916,push,14,2025-11-18T12:11:10.236228,my_hand_data\videos\push_seq14_20251118_121107_120927.avi,89.75975800769244,360,90,HIGH,VIDEO_RECORDING,2025-11-18T12:11:11.224984
2025-11-18 12:11:10.236228,281,298,HandType.Right,0.6771135330200195,217.4170379638672,134.36956787109375,46.013092041015625,-0.9653860926628113,-0.050306402146816254,-0.2559277415275574,-30.86271858215332,0.8082219958305359,-84.0138931274414,0.30931761860847473,0.41257554292678833,32.7845344543457,0,1,0,0,1,183.2953643798828,151.55224609375,24.30281639099121,203.09068298339844,153.09857177734375,-1.7851107120513916,push,14,2025-11-18T12:11:10.236228,my_hand_data\videos\push_seq14_20251118_121107_120927.avi,89.75975800769244,360,90,HIGH,VIDEO_RECORDING,2025-11-18T12:11:11.224984
2025-11-18 12:11:10.268117,282,298,HandType.Right,0.6757583022117615,216.80267333984375,134.63758850097656,44.33364486694336,-0.9658384323120117,-0.05240698158740997,-0.2537905275821686,-24.89942169189453,15.643472671508789,-73.7811279296875,0.3077039122581482,0.39188724756240845,33.372222900390625,0,1,0,0,1,182.66867065429688,151.71426391601562,22.613636016845703,202.90728759765625,153.4589080810547,-3.863900899887085,push,14,2025-11-18T12:11:10.268117,my_hand_data\videos\push_seq14_20251118_121107_120927.avi,89.75975800769244,360,90,HIGH,VIDEO_RECORDING,2025-11-18T12:11:11.224984
2025-11-18 12:11:10.272696,283,298,HandType.Right,0.6757583022117615,216.80267333984375,134.63758850097656,44.33364486694336,-0.9658384323120117,-0.05240698158740997,-0.2537905275821686,-24.89942169189453,15.643472671508789,-73.7811279296875,0.3077039122581482,0.39188724756240845,33.372222900390625,0,1,0,0,1,182.66867065429688,151.71426391601562,22.613636016845703,202.90728759765625,153.4589080810547,-3.863900899887085,push,14,2025-11-18T12:11:10.272696,my_hand_data\videos\push_seq14_20251118_121107_120927.avi,89.75975800769244,360,90,HIGH,VIDEO_RECORDING,2025-11-18T12:11:11.224984
2025-11-18 12:11:10.278656,284,298,HandType.Right,0.6754941344261169,216.69473266601562,134.930908203125,43.68789291381836,-0.9659740924835205,-0.05445507913827896,-0.2528412342071533,-9.609891891479492,26.114789962768555,-57.49243927001953,0.3037274479866028,0.3830779790878296,33.62498092651367,0,1,0,0,1,182.48736572265625,151.94410705566406,21.952377319335938,202.86923217773438,153.78236389160156,-4.7279486656188965,push,14,2025-11-18T12:11:10.280198,my_hand_data\videos\push_seq14_20251118_121107_120927.avi,89.75975800769244,360,90,HIGH,VIDEO_RECORDING,2025-11-18T12:11:11.224984
2025-11-18 12:11:10.300082,285,298,HandType.Right,0.675997257232666,216.28375244140625,135.36819458007812,42.21385955810547,-0.9663848876953125,-0.0556749552488327,-0.2509991228580475,-21.359739303588867,17.6627140045166,-70.42699432373047,0.30109721422195435,0.3683377802371979,34.052494049072266,0,1,0,0,1,182.03663635253906,152.24822998046875,20.451005935668945,202.80987548828125,154.36508178710938,-6.448134899139404,push,14,2025-11-18T12:11:10.300082,my_hand_data\videos\push_seq14_20251118_121107_120927.avi,89.75975800769244,360,90,HIGH,VIDEO_RECORDING,2025-11-18T12:11:11.224984
2025-11-18 12:11:10.301760,286,298,HandType.Right,0.675997257232666,216.28375244140625,135.36819458007812,42.21385955810547,-0.9663848876953125,-0.0556749552488327,-0.2509991228580475,-21.359739303588867,17.6627140045166,-70.42699432373047,0.30109721422195435,0.3683377802371979,34.052494049072266,0,1,0,0,1,182.03663635253906,152.24822998046875,20.451005935668945,202.80987548828125,154.36508178710938,-6.448134899139404,push,14,2025-11-18T12:11:10.301760,my_hand_data\videos\push_seq14_20251118_121107_120927.avi,89.75975800769244,360,90,HIGH,VIDEO_RECORDING,2025-11-18T12:11:11.224984
2025-11-18 12:11:10.315904,287,298,HandType.Right,0.6770685911178589,216.03872680664062,135.52676391601562,41.44279861450195,-0.9666849374771118,-0.05617314577102661,-0.24972958862781525,-22.16269874572754,14.342631340026855,-69.7416000366211,0.2997035086154938,0.36116451025009155,34.26238250732422,0,1,0,0,1,181.7200164794922,152.29702758789062,19.667707443237305,202.63417053222656,154.52757263183594,-7.37917423248291,push,14,2025-11-18T12:11:10.315904,my_hand_data\videos\push_seq14_20251118_121107_120927.avi,89.75975800769244,360,90,HIGH,VIDEO_RECORDING,2025-11-18T12:11:11.224984
2025-11-18 12:11:10.317914,288,298,HandType.Right,0.6781173944473267,215.8470001220703,135.74957275390625,40.659549713134766,-0.9667540788650513,-0.0568365640938282,-0.24931125342845917,-17.533384323120117,20.376054763793945,-71.62745666503906,0.298735111951828,0.3474096953868866,34.65610885620117,0,1,0,0,1,181.4346466064453,152.3860321044922,18.844161987304688,202.75616455078125,154.7921600341797,-8.370712280273438,push,14,2025-11-18T12:11:10.317914,my_hand_data\videos\push_seq14_20251118_121107_120927.avi,89.75975800769244,360,90,HIGH,VIDEO_RECORDING,2025-11-18T12:11:11.224984
2025-11-18 12:11:10.347963,289,298,HandType.Right,0.6791250705718994,215.46824645996094,136.19171142578125,39.12687301635742,-0.9673705697059631,-0.05570559576153755,-0.2471659928560257,-20.053359985351562,18.6732177734375,-70.77002716064453,0.2944679260253906,0.32816174626350403,35.21248245239258,0,1,0,0,1,180.96739196777344,152.7345428466797,17.244152069091797,202.8494110107422,155.34767150878906,-10.219782829284668,push,14,2025-11-18T12:11:10.347963,my_hand_data\videos\push_seq14_20251118_121107_120927.avi,89.75975800769244,360,90,HIGH,VIDEO_RECORDING,2025-11-18T12:11:11.224984
2025-11-18 12:11:10.352877,290,298,HandType.Right,0.6791250705718994,215.46824645996094,136.19171142578125,39.12687301635742,-0.9673705697059631,-0.05570559576153755,-0.2471659928560257,-20.053359985351562,18.6732177734375,-70.77002716064453,0.2944679260253906,0.32816174626350403,35.21248245239258,0,1,0,0,1,180.96739196777344,152.7345428466797,17.244152069091797,202.8494110107422,155.34767150878906,-10.219782829284668,push,14,2025-11-18T12:11:10.352877,my_hand_data\videos\push_seq14_20251118_121107_120927.avi,89.75975800769244,360,90,HIGH,VIDEO_RECORDING,2025-11-18T12:11:11.224984
2025-11-18 12:11:10.352877,291,298,HandType.Right,0.6780860424041748,215.28829956054688,136.41485595703125,38.35014724731445,-0.9675963521003723,-0.05540630221366882,-0.2463482767343521,-15.93762493133545,19.76325035095215,-68.79175567626953,0.29201066493988037,0.3190751075744629,35.47440719604492,0,1,0,0,1,180.67478942871094,152.88352966308594,16.403549194335938,202.90963745117188,155.5736083984375,-11.106602668762207,push,14,2025-11-18T12:11:10.352877,my_hand_data\videos\push_seq14_20251118_121107_120927.avi,89.75975800769244,360,90,HIGH,VIDEO_RECORDING,2025-11-18T12:11:11.224984
2025-11-18 12:11:10.365951,292,298,HandType.Right,0.675835132598877,215.07763671875,136.67063903808594,37.537105560302734,-0.9677610397338867,-0.05533049628138542,-0.24571755528450012,-19.211286544799805,23.327836990356445,-74.14859008789062,0.29046395421028137,0.3143315315246582,35.615013122558594,0,1,0,0,1,180.44639587402344,153.13491821289062,15.535041809082031,202.9112548828125,155.7991180419922,-11.972434997558594,push,14,2025-11-18T12:11:10.365951,my_hand_data\videos\push_seq14_20251118_121107_120927.avi,89.75975800769244,360,90,HIGH,VIDEO_RECORDING,2025-11-18T12:11:11.224984
2025-11-18 12:11:10.379808,293,298,HandType.Right,0.672871470451355,214.9364013671875,137.0120086669922,36.68886947631836,-0.9676682949066162,-0.05574946478009224,-0.24598784744739532,-12.554925918579102,30.34303092956543,-75.39887237548828,0.2896239757537842,0.31930243968963623,35.69601058959961,0,1,0,0,1,180.3087158203125,153.43380737304688,14.64990520477295,202.89617919921875,156.04296875,-12.867435455322266,push,14,2025-11-18T12:11:10.379808,my_hand_data\videos\push_seq14_20251118_121107_120927.avi,89.75975800769244,360,90,HIGH,VIDEO_RECORDING,2025-11-18T12:11:11.224984
2025-11-18 12:11:10.395717,294,298,HandType.Right,0.6718322038650513,214.8047332763672,137.41819763183594,35.93745803833008,-0.9676732420921326,-0.059037547558546066,-0.24520006775856018,-11.910965919494629,36.74660873413086,-67.97659301757812,0.2869912385940552,0.33117160201072693,35.633975982666016,0,1,0,0,1,180.18894958496094,153.77267456054688,13.894423484802246,202.6999969482422,156.16578674316406,-13.624768257141113,push,14,2025-11-18T12:11:10.395717,my_hand_data\videos\push_seq14_20251118_121107_120927.avi,89.75975800769244,360,90,HIGH,VIDEO_RECORDING,2025-11-18T12:11:11.224984
2025-11-18 12:11:10.395717,295,298,HandType.Right,0.6695374250411987,214.593505859375,137.717041015625,35.13456726074219,-0.9673763513565063,-0.06174038350582123,-0.24570544064044952,-19.117565155029297,27.047298431396484,-72.66634368896484,0.28581926226615906,0.3444111943244934,35.50132369995117,0,1,0,0,1,180.0788116455078,154.0774688720703,13.081038475036621,202.44180297851562,156.34056091308594,-14.398388862609863,push,14,2025-11-18T12:11:10.395717,my_hand_data\videos\push_seq14_20251118_121107_120927.avi,89.75975800769244,360,90,HIGH,VIDEO_RECORDING,2025-11-18T12:11:11.224984
2025-11-18 12:11:10.411451,296,298,HandType.Right,0.6696485877037048,214.33729553222656,137.90618896484375,34.4793586730957,-0.9673060774803162,-0.06323102116584778,-0.2456030249595642,-21.76002311706543,16.065032958984375,-55.6485595703125,0.284884512424469,0.351032555103302,35.400535583496094,0,1,0,0,1,179.9054718017578,154.29600524902344,12.387048721313477,202.15513610839844,156.43426513671875,-15.064329147338867,push,14,2025-11-18T12:11:10.411451,my_hand_data\videos\push_seq14_20251118_121107_120927.avi,89.75975800769244,360,90,HIGH,VIDEO_RECORDING,2025-11-18T12:11:11.224984
2025-11-18 12:11:10.427514,297,298,HandType.Right,0.6697035431861877,214.21353149414062,138.1715545654297,33.86802291870117,-0.9672384858131409,-0.06424994766712189,-0.24560457468032837,-12.115865707397461,25.978130340576172,-59.847190856933594,0.2836441397666931,0.3525034785270691,35.400150299072266,0,1,0,0,1,179.786376953125,154.559814453125,11.754659652709961,202.0331573486328,156.63247680664062,-15.703588485717773,push,14,2025-11-18T12:11:10.427514,my_hand_data\videos\push_seq14_20251118_121107_120927.avi,89.75975800769244,360,90,HIGH,VIDEO_RECORDING,2025-11-18T12:11:11.224984
2025-11-18 12:11:10.431526,298,298,HandType.Right,0.6711755394935608,214.19947814941406,138.49154663085938,33.30891036987305,-0.9670522212982178,-0.06586794555187225,-0.24590948224067688,-1.2378787994384766,28.167814254760742,-49.217613220214844,0.28307291865348816,0.34902718663215637,35.40418243408203,0,1,0,0,1,179.72621154785156,154.8557891845703,11.168333053588867,201.97116088867188,156.81747436523438,-16.304746627807617,push,14,2025-11-18T12:11:10.431526,my_hand_data\videos\push_seq14_20251118_121107_120927.avi,89.75975800769244,360,90,HIGH,VIDEO_RECORDING,2025-11-18T12:11:11.224984
2025-11-18 12:11:10.443500,299,298,HandType.Right,0.6711755394935608,214.19947814941406,138.49154663085938,33.30891036987305,-0.9670522212982178,-0.06586794555187225,-0.24590948224067688,-1.2378787994384766,28.167814254760742,-49.217613220214844,0.28307291865348816,0.34902718663215637,35.40418243408203,0,1,0,0,1,179.72621154785156,154.8557891845703,11.168333053588867,201.97116088867188,156.81747436523438,-16.304746627807617,push,14,2025-11-18T12:11:10.443500,my_hand_data\videos\push_seq14_20251118_121107_120927.avi,89.75975800769244,360,90,HIGH,VIDEO_RECORDING,2025-11-18T12:11:11.224984
2025-11-18 12:11:10.459539,300,298,HandType.Right,0.6740444302558899,214.08038330078125,139.00897216796875,32.329917907714844,-0.9665132164955139,-0.07214293628931046,-0.2462674379348755,-7.8871965408325195,18.206153869628906,-40.667110443115234,0.27387547492980957,0.3325560986995697,35.82490921020508,0,1,0,0,1,179.5355682373047,155.3747100830078,9.947298049926758,202.025390625,157.4185028076172,-17.863758087158203,push,14,2025-11-18T12:11:10.459539,my_hand_data\videos\push_seq14_20251118_121107_120927.avi,89.75975800769244,360,90,HIGH,VIDEO_RECORDING,2025-11-18T12:11:11.224984
2025-11-18 12:11:10.475639,301,298,HandType.Right,0.6761298179626465,213.95361328125,139.14369201660156,31.806873321533203,-0.9664050340652466,-0.07556527107954025,-0.24566489458084106,-11.465267181396484,12.184122085571289,-47.30439758300781,0.2669532001018524,0.3187674283981323,36.02611541748047,0,1,0,0,1,179.2871551513672,155.50875854492188,9.304408073425293,201.92539978027344,157.58963012695312,-18.64305877685547,push,14,2025-11-18T12:11:10.475639,my_hand_data\videos\push_seq14_20251118_121107_120927.avi,89.75975800769244,360,90,HIGH,VIDEO_RECORDING,2025-11-18T12:11:11.224984
2025-11-18 12:11:10.475639,302,298,HandType.Right,0.6771677732467651,213.79986572265625,139.2280731201172,31.194944381713867,-0.9662657380104065,-0.07700545340776443,-0.24576544761657715,-13.773791313171387,7.560567855834961,-54.82246398925781,0.26343750953674316,0.31225547194480896,36.07511901855469,0,1,0,0,1,179.08108520507812,155.59471130371094,8.604944229125977,201.7788848876953,157.70640563964844,-19.355113983154297,push,14,2025-11-18T12:11:10.475639,my_hand_data\videos\push_seq14_20251118_121107_120927.avi,89.75975800769244,360,90,HIGH,VIDEO_RECORDING,2025-11-18T12:11:11.224984
2025-11-18 12:11:10.491742,303,298,HandType.Right,0.6793105006217957,213.62234497070312,139.24295043945312,30.533626556396484,-0.9662106037139893,-0.07741747051477432,-0.2458527684211731,-15.714702606201172,1.3168036937713623,-58.53923797607422,0.2615111470222473,0.3027629256248474,36.222938537597656,0,1,0,0,1,178.81069946289062,155.58937072753906,7.90516471862793,201.62391662597656,157.80345153808594,-20.144012451171875,push,14,2025-11-18T12:11:10.491742,my_hand_data\videos\push_seq14_20251118_121107_120927.avi,89.75975800769244,360,90,HIGH,VIDEO_RECORDING,2025-11-18T12:11:11.224984
2025-11-18 12:11:10.507483,304,298,HandType.Right,0.6805582046508789,213.31195068359375,139.32522583007812,29.33602523803711,-0.9662185907363892,-0.08109156042337418,-0.24463391304016113,-12.735440254211426,6.448497772216797,-51.98208999633789,0.2543230652809143,0.28262826800346375,36.716033935546875,0,1,0,1,1,178.35159301757812,155.64987182617188,6.546877384185791,201.47073364257812,158.11190795898438,-21.869857788085938,push,14,2025-11-18T12:11:10.507483,my_hand_data\videos\push_seq14_20251118_121107_120927.avi,89.75975800769244,360,90,HIGH,VIDEO_RECORDING,2025-11-18T12:11:11.224984
2025-11-18 12:11:10.513052,305,298,HandType.Right,0.6805582046508789,213.31195068359375,139.32522583007812,29.33602523803711,-0.9662185907363892,-0.08109156042337418,-0.24463391304016113,-12.735440254211426,6.448497772216797,-51.98208999633789,0.2543230652809143,0.28262826800346375,36.716033935546875,0,1,0,1,1,178.35159301757812,155.64987182617188,6.546877384185791,201.47073364257812,158.11190795898438,-21.869857788085938,push,14,2025-11-18T12:11:10.513052,my_hand_data\videos\push_seq14_20251118_121107_120927.avi,89.75975800769244,360,90,HIGH,VIDEO_RECORDING,2025-11-18T12:11:11.224984
2025-11-18 12:11:10.523337,306,298,HandType.Right,0.6839929819107056,213.15989685058594,139.3728485107422,28.77376937866211,-0.9662067890167236,-0.08288687467575073,-0.24407833814620972,-13.979423522949219,4.3792805671691895,-51.696937561035156,0.24990659952163696,0.2720507085323334,36.98556137084961,0,1,0,1,1,178.02503967285156,155.65737915039062,5.912905693054199,201.3371124267578,158.20150756835938,-22.687908172607422,push,14,2025-11-18T12:11:10.523337,my_hand_data\videos\push_seq14_20251118_121107_120927.avi,89.75975800769244,360,90,HIGH,VIDEO_RECORDING,2025-11-18T12:11:11.224984
2025-11-18 12:11:10.539055,307,298,HandType.Right,0.686240553855896,212.9991912841797,139.4403839111328,28.145263671875,-0.9659917950630188,-0.08550494909286499,-0.24402622878551483,-14.158334732055664,5.95026969909668,-55.37008285522461,0.24854661524295807,0.26259854435920715,37.20815658569336,0,1,1,1,1,177.7840576171875,155.6576385498047,5.231756687164307,201.22308349609375,158.30178833007812,-23.544404983520508,push,14,2025-11-18T12:11:10.539055,my_hand_data\videos\push_seq14_20251118_121107_120927.avi,89.75975800769244,360,90,HIGH,VIDEO_RECORDING,2025-11-18T12:11:11.224984
2025-11-18 12:11:10.539055,308,298,HandType.Right,0.6870887875556946,212.77899169921875,139.47109985351562,27.455900192260742,-0.9658188223838806,-0.08927099406719208,-0.24336133897304535,-19.753698348999023,2.7550179958343506,-61.8430290222168,0.24665704369544983,0.25641366839408875,37.39098358154297,0,1,1,1,1,177.54632568359375,155.66897583007812,4.511969089508057,201.06985473632812,158.33395385742188,-24.429821014404297,push,14,2025-11-18T12:11:10.539055,my_hand_data\videos\push_seq14_20251118_121107_120927.avi,89.75975800769244,360,90,HIGH,VIDEO_RECORDING,2025-11-18T12:11:11.224984
2025-11-18 12:11:10.554955,309,298,HandType.Right,0.6892377138137817,212.519775390625,139.4759979248047,26.67761993408203,-0.9656077027320862,-0.09396415203809738,-0.24243038892745972,-22.686721801757812,0.42869141697883606,-68.11474609375,0.24278835952281952,0.2559487521648407,37.411285400390625,0,1,1,1,1,177.2815399169922,155.6214141845703,3.688300132751465,200.7437286376953,158.26431274414062,-25.331438064575195,push,14,2025-11-18T12:11:10.554955,my_hand_data\videos\push_seq14_20251118_121107_120927.avi,89.75975800769244,360,90,HIGH,VIDEO_RECORDING,2025-11-18T12:11:11.224984
2025-11-18 12:11:10.571005,310,298,HandType.Right,0.6896064281463623,212.35594177246094,139.4678192138672,25.826467514038086,-0.9651866555213928,-0.0966842919588089,-0.24303683638572693,-15.003826141357422,-0.7488144040107727,-77.94448852539062,0.24152015149593353,0.2590862810611725,37.32960891723633,0,1,1,1,1,177.07806396484375,155.57037353515625,2.7854647636413574,200.4452667236328,158.14419555664062,-26.211929321289062,push,14,2025-11-18T12:11:10.571005,my_hand_data\videos\push_seq14_20251118_121107_120927.avi,89.75975800769244,360,90,HIGH,VIDEO_RECORDING,2025-11-18T12:11:11.224984
2025-11-18 12:11:10.571005,311,298,HandType.Right,0.6905212998390198,212.1997528076172,139.462646484375,25.002309799194336,-0.9650514125823975,-0.09906789660453796,-0.24261344969272614,-13.968059539794922,-0.4622650742530823,-73.70393371582031,0.24451583623886108,0.2647218406200409,37.176422119140625,0,1,1,1,1,176.86891174316406,155.47845458984375,1.9321236610412598,200.05267333984375,158.0016632080078,-27.020130157470703,push,14,2025-11-18T12:11:10.571005,my_hand_data\videos\push_seq14_20251118_121107_120927.avi,89.75975800769244,360,90,HIGH,VIDEO_RECORDING,2025-11-18T12:11:11.224984
2025-11-18 12:11:10.603238,312,298,HandType.Right,0.6931288242340088,211.83494567871094,139.2599639892578,23.431320190429688,-0.9642690420150757,-0.10210160911083221,-0.24445950984954834,-22.789304733276367,-14.942100524902344,-64.52893829345703,0.24735622107982635,0.27465036511421204,36.90800476074219,0,1,1,1,1,176.3975830078125,155.13552856445312,0.20244531333446503,199.47386169433594,157.66233825683594,-28.490781784057617,push,14,2025-11-18T12:11:10.603238,my_hand_data\videos\push_seq14_20251118_121107_120927.avi,89.75975800769244,360,90,HIGH,VIDEO_RECORDING,2025-11-18T12:11:11.224984
2025-11-18 12:11:10.603238,313,298,HandType.Right,0.6953654885292053,211.62429809570312,139.136474609375,22.71548843383789,-0.9639527797698975,-0.10357903689146042,-0.24508461356163025,-18.99806022644043,-11.136893272399902,-64.55924224853516,0.24888090789318085,0.28163373470306396,36.718223571777344,0,1,1,1,1,176.11978149414062,154.91738891601562,-0.574540376663208,199.03492736816406,157.4570770263672,-29.152048110961914,push,14,2025-11-18T12:11:10.603238,my_hand_data\videos\push_seq14_20251118_121107_120927.avi,89.75975800769244,360,90,HIGH,VIDEO_RECORDING,2025-11-18T12:11:11.224984
2025-11-18 12:11:10.614114,314,298,HandType.Right,0.6953654885292053,211.62429809570312,139.136474609375,22.71548843383789,-0.9639527797698975,-0.10357903689146042,-0.24508461356163025,-18.99806022644043,-11.136893272399902,-64.55924224853516,0.24888090789318085,0.28163373470306396,36.718223571777344,0,1,1,1,1,176.11978149414062,154.91738891601562,-0.574540376663208,199.03492736816406,157.4570770263672,-29.152048110961914,push,14,2025-11-18T12:11:10.614114,my_hand_data\videos\push_seq14_20251118_121107_120927.avi,89.75975800769244,360,90,HIGH,VIDEO_RECORDING,2025-11-18T12:11:11.224984
2025-11-18 12:11:10.621216,315,298,HandType.Right,0.696826159954071,211.4141845703125,139.08523559570312,22.02611541748047,-0.9634650945663452,-0.10598872601985931,-0.24597039818763733,-18.408832550048828,-4.489485740661621,-60.39712142944336,0.2518315315246582,0.2861236333847046,36.59674835205078,0,1,1,1,1,175.8735809326172,154.75088500976562,-1.332884669303894,198.72021484375,157.3351287841797,-29.805240631103516,push,14,2025-11-18T12:11:10.621216,my_hand_data\videos\push_seq14_20251118_121107_120927.avi,89.75975800769244,360,90,HIGH,VIDEO_RECORDING,2025-11-18T12:11:11.224984
2025-11-18 12:11:10.635258,316,298,HandType.Right,0.6985167860984802,211.23321533203125,139.09548950195312,21.2520751953125,-0.963188648223877,-0.1082729697227478,-0.24605804681777954,-16.68524742126465,0.9459027647972107,-71.36642456054688,0.2538440227508545,0.29035452008247375,36.4810676574707,0,1,1,1,1,175.65147399902344,154.65850830078125,-2.139819860458374,198.40780639648438,157.32846069335938,-30.528005599975586,push,14,2025-11-18T12:11:10.635258,my_hand_data\videos\push_seq14_20251118_121107_120927.avi,89.75975800769244,360,90,HIGH,VIDEO_RECORDING,2025-11-18T12:11:11.224984
2025-11-18 12:11:10.651400,317,298,HandType.Right,0.7000759840011597,210.73458862304688,139.04727172851562,19.62604522705078,-0.963005542755127,-0.11316908895969391,-0.24456724524497986,-28.638591766357422,-5.653737545013428,-79.89955139160156,0.26321935653686523,0.297687292098999,36.281436920166016,0,1,1,1,1,175.04238891601562,154.36361694335938,-3.832796573638916,197.70306396484375,157.08241271972656,-32.03642654418945,push,14,2025-11-18T12:11:10.651400,my_hand_data\videos\push_seq14_20251118_121107_120927.avi,89.75975800769244,360,90,HIGH,VIDEO_RECORDING,2025-11-18T12:11:11.224984
2025-11-18 12:11:10.651400,318,298,HandType.Right,0.7000759840011597,210.73458862304688,139.04727172851562,19.62604522705078,-0.963005542755127,-0.11316908895969391,-0.24456724524497986,-28.638591766357422,-5.653737545013428,-79.89955139160156,0.26321935653686523,0.297687292098999,36.281436920166016,0,1,1,1,1,175.04238891601562,154.36361694335938,-3.832796573638916,197.70306396484375,157.08241271972656,-32.03642654418945,push,14,2025-11-18T12:11:10.651400,my_hand_data\videos\push_seq14_20251118_121107_120927.avi,89.75975800769244,360,90,HIGH,VIDEO_RECORDING,2025-11-18T12:11:11.224984
2025-11-18 12:11:10.667142,319,298,HandType.Right,0.7014668583869934,210.5033721923828,139.0270233154297,18.743349075317383,-0.9629764556884766,-0.11610995978116989,-0.2432999461889267,-20.61484718322754,-1.8042726516723633,-78.69970703125,0.2682269513607025,0.30511942505836487,36.074302673339844,0,1,1,1,1,174.7107391357422,154.18072509765625,-4.721224308013916,197.23233032226562,156.8218994140625,-32.777549743652344,push,14,2025-11-18T12:11:10.667142,my_hand_data\videos\push_seq14_20251118_121107_120927.avi,89.75975800769244,360,90,HIGH,VIDEO_RECORDING,2025-11-18T12:11:11.224984
2025-11-18 12:11:10.683078,320,298,HandType.Right,0.702720046043396,210.31175231933594,139.03318786621094,17.955995559692383,-0.9627093076705933,-0.11873098462820053,-0.24309206008911133,-16.90938377380371,0.5438236594200134,-69.48057556152344,0.2690962255001068,0.3072434365749359,36.020301818847656,0,1,1,1,1,174.42384338378906,154.08644104003906,-5.572497844696045,196.98255920410156,156.6582794189453,-33.53590393066406,push,14,2025-11-18T12:11:10.683078,my_hand_data\videos\push_seq14_20251118_121107_120927.avi,89.75975800769244,360,90,HIGH,VIDEO_RECORDING,2025-11-18T12:11:11.224984
2025-11-18 12:11:10.688395,321,298,HandType.Right,0.7045116424560547,210.11659240722656,139.07183837890625,17.147232055664062,-0.9623994827270508,-0.12088721990585327,-0.2432561218738556,-17.769983291625977,3.519280433654785,-73.63774108886719,0.27026936411857605,0.3128804564476013,35.86711120605469,0,1,0,0,1,174.15206909179688,154.0166015625,-6.427122116088867,196.64010620117188,156.53330993652344,-34.2552375793457,push,14,2025-11-18T12:11:10.688395,my_hand_data\videos\push_seq14_20251118_121107_120927.avi,89.75975800769244,360,90,HIGH,VIDEO_RECORDING,2025-11-18T12:11:11.224984
2025-11-18 12:11:10.714720,322,298,HandType.Right,0.706529974937439,209.64744567871094,139.08209228515625,15.515262603759766,-0.9620710611343384,-0.12294308096170425,-0.24352465569972992,-15.991934776306152,4.924936294555664,-70.22708129882812,0.2752373516559601,0.32375285029411316,35.5712890625,0,1,0,0,1,173.60084533691406,153.88720703125,-8.108850479125977,195.94808959960938,156.29238891601562,-35.67934799194336,push,14,2025-11-18T12:11:10.714720,my_hand_data\videos\push_seq14_20251118_121107_120927.avi,89.75975800769244,360,90,HIGH,VIDEO_RECORDING,2025-11-18T12:11:11.224984
2025-11-18 12:11:10.719186,323,298,HandType.Right,0.7078654170036316,209.38583374023438,139.17697143554688,14.738125801086426,-0.961704432964325,-0.12496328353881836,-0.24394407868385315,-23.274845123291016,8.441450119018555,-69.14028930664062,0.2734399437904358,0.32668522000312805,35.494972229003906,0,1,0,0,1,173.29531860351562,153.9331512451172,-8.92101001739502,195.58790588378906,156.3240203857422,-36.43859100341797,push,14,2025-11-18T12:11:10.719186,my_hand_data\videos\push_seq14_20251118_121107_120927.avi,89.75975800769244,360,90,HIGH,VIDEO_RECORDING,2025-11-18T12:11:11.224984
2025-11-18 12:11:10.719186,324,298,HandType.Right,0.7078654170036316,209.38583374023438,139.17697143554688,14.738125801086426,-0.961704432964325,-0.12496328353881836,-0.24394407868385315,-23.274845123291016,8.441450119018555,-69.14028930664062,0.2734399437904358,0.32668522000312805,35.494972229003906,0,1,0,0,1,173.29531860351562,153.9331512451172,-8.92101001739502,195.58790588378906,156.3240203857422,-36.43859100341797,push,14,2025-11-18T12:11:10.719186,my_hand_data\videos\push_seq14_20251118_121107_120927.avi,89.75975800769244,360,90,HIGH,VIDEO_RECORDING,2025-11-18T12:11:11.224984
2025-11-18 12:11:10.730544,325,298,HandType.Right,0.7078654170036316,209.38583374023438,139.17697143554688,14.738125801086426,-0.961704432964325,-0.12496328353881836,-0.24394407868385315,-23.274845123291016,8.441450119018555,-69.14028930664062,0.2734399437904358,0.32668522000312805,35.494972229003906,0,1,0,0,1,173.29531860351562,153.9331512451172,-8.92101001739502,195.58790588378906,156.3240203857422,-36.43859100341797,push,14,2025-11-18T12:11:10.730544,my_hand_data\videos\push_seq14_20251118_121107_120927.avi,89.75975800769244,360,90,HIGH,VIDEO_RECORDING,2025-11-18T12:11:11.224984
2025-11-18 12:11:10.746301,326,298,HandType.Right,0.7111414074897766,208.94863891601562,139.41305541992188,13.193957328796387,-0.9611510634422302,-0.12769967317581177,-0.24470674991607666,-16.89108657836914,10.591071128845215,-69.46837615966797,0.2752690613269806,0.32156699895858765,35.65162658691406,0,1,1,0,1,172.62950134277344,153.95286560058594,-10.540964126586914,195.19248962402344,156.5886688232422,-38.01827621459961,push,14,2025-11-18T12:11:10.746301,my_hand_data\videos\push_seq14_20251118_121107_120927.avi,89.75975800769244,360,90,HIGH,VIDEO_RECORDING,2025-11-18T12:11:11.224984
2025-11-18 12:11:10.762205,327,298,HandType.Right,0.7128111720085144,208.71946716308594,139.50125122070312,12.47312068939209,-0.9609134197235107,-0.1283770501613617,-0.24528495967388153,-20.476669311523438,7.8805952072143555,-64.40642547607422,0.2752223014831543,0.3226977586746216,35.62725067138672,0,1,1,0,1,172.29055786132812,153.977783203125,-11.292803764343262,194.8900146484375,156.68109130859375,-38.701881408691406,push,14,2025-11-18T12:11:10.762205,my_hand_data\videos\push_seq14_20251118_121107_120927.avi,89.75975800769244,360,90,HIGH,VIDEO_RECORDING,2025-11-18T12:11:11.224984
2025-11-18 12:11:10.762205,328,298,HandType.Right,0.7135121822357178,208.44618225097656,139.53219604492188,11.692513465881348,-0.9609046578407288,-0.1279028356075287,-0.24556691944599152,-24.841384887695312,2.813077211380005,-70.95781707763672,0.2745891809463501,0.3201391100883484,35.70698165893555,0,1,1,0,1,171.8935546875,153.9610137939453,-12.090539932250977,194.60008239746094,156.7372589111328,-39.507591247558594,push,14,2025-11-18T12:11:10.762205,my_hand_data\videos\push_seq14_20251118_121107_120927.avi,89.75975800769244,360,90,HIGH,VIDEO_RECORDING,2025-11-18T12:11:11.224984
2025-11-18 12:11:10.778014,329,298,HandType.Right,0.7136380672454834,208.25039672851562,139.6789093017578,10.945894241333008,-0.9606636166572571,-0.12828320264816284,-0.24631045758724213,-17.824176788330078,13.357407569885254,-67.97330474853516,0.27207666635513306,0.32095083594322205,35.69037628173828,0,1,1,0,1,171.64442443847656,154.08779907226562,-12.89577579498291,194.37646484375,156.85281372070312,-40.27116775512695,push,14,2025-11-18T12:11:10.778014,my_hand_data\videos\push_seq14_20251118_121107_120927.avi,89.75975800769244,360,90,HIGH,VIDEO_RECORDING,2025-11-18T12:11:11.224984
2025-11-18 12:11:10.794134,330,298,HandType.Right,0.7133331298828125,208.1060333251953,139.85165405273438,10.069734573364258,-0.9603542685508728,-0.1273028403520584,-0.2480195164680481,-13.084736824035645,15.656227111816406,-79.41268157958984,0.2731285095214844,0.3263551890850067,35.54448318481445,0,1,1,0,1,171.43081665039062,154.23780822753906,-13.772360801696777,194.0613555908203,157.00347900390625,-41.0417594909668,push,14,2025-11-18T12:11:10.794134,my_hand_data\videos\push_seq14_20251118_121107_120927.avi,89.75975800769244,360,90,HIGH,VIDEO_RECORDING,2025-11-18T12:11:11.224984
2025-11-18 12:11:10.794134,331,298,HandType.Right,0.7147407531738281,208.00257873535156,140.0716552734375,9.215907096862793,-0.9600706696510315,-0.12668606638908386,-0.24942928552627563,-9.16433048248291,19.48857307434082,-75.6335678100586,0.27319246530532837,0.33255186676979065,35.374935150146484,0,1,0,0,1,171.31072998046875,154.448486328125,-14.636946678161621,193.8164520263672,157.11428833007812,-41.79890441894531,push,14,2025-11-18T12:11:10.794134,my_hand_data\videos\push_seq14_20251118_121107_120927.avi,89.75975800769244,360,90,HIGH,VIDEO_RECORDING,2025-11-18T12:11:11.224984
2025-11-18 12:11:10.825859,332,298,HandType.Right,0.7193059921264648,207.70809936523438,140.51718139648438,7.6587443351745605,-0.9595699310302734,-0.12666729092597961,-0.2513582110404968,-14.772848129272461,21.069028854370117,-70.475830078125,0.27327245473861694,0.347942590713501,34.947959899902344,0,1,0,0,1,170.9856719970703,154.918212890625,-16.296300888061523,193.20037841796875,157.0845184326172,-43.18819046020508,push,14,2025-11-18T12:11:10.825859,my_hand_data\videos\push_seq14_20251118_121107_120927.avi,89.75975800769244,360,90,HIGH,VIDEO_RECORDING,2025-11-18T12:11:11.224984
2025-11-18 12:11:10.828969,333,298,HandType.Right,0.7209689021110535,207.5050811767578,140.71278381347656,6.878664016723633,-0.95940762758255,-0.12763218581676483,-0.2514895796775818,-17.614686965942383,16.970134735107422,-67.68006896972656,0.27166464924812317,0.35013872385025024,34.89032745361328,0,1,0,0,1,170.778076171875,155.1131591796875,-17.146081924438477,192.97998046875,157.19207763671875,-43.98054504394531,push,14,2025-11-18T12:11:10.828969,my_hand_data\videos\push_seq14_20251118_121107_120927.avi,89.75975800769244,360,90,HIGH,VIDEO_RECORDING,2025-11-18T12:11:11.224984
2025-11-18 12:11:10.828969,334,298,HandType.Right,0.7209689021110535,207.5050811767578,140.71278381347656,6.878664016723633,-0.95940762758255,-0.12763218581676483,-0.2514895796775818,-17.614686965942383,16.970134735107422,-67.68006896972656,0.27166464924812317,0.35013872385025024,34.89032745361328,0,1,0,0,1,170.778076171875,155.1131591796875,-17.146081924438477,192.97998046875,157.19207763671875,-43.98054504394531,push,14,2025-11-18T12:11:10.828969,my_hand_data\videos\push_seq14_20251118_121107_120927.avi,89.75975800769244,360,90,HIGH,VIDEO_RECORDING,2025-11-18T12:11:11.224984
2025-11-18 12:11:10.857735,335,298,HandType.Right,0.7259529829025269,207.112060546875,141.10548400878906,5.373178958892822,-0.9588486552238464,-0.1327408105134964,-0.2509763538837433,-19.117475509643555,15.418281555175781,-68.80345916748047,0.2699015140533447,0.3549479842185974,34.764652252197266,0,1,0,0,1,170.37570190429688,155.48223876953125,-18.739234924316406,192.4644775390625,157.25656127929688,-45.52577590942383,push,14,2025-11-18T12:11:10.857735,my_hand_data\videos\push_seq14_20251118_121107_120927.avi,89.75975800769244,360,90,HIGH,VIDEO_RECORDING,2025-11-18T12:11:11.224984
2025-11-18 12:11:10.857735,336,298,HandType.Right,0.7259529829025269,207.112060546875,141.10548400878906,5.373178958892822,-0.9588486552238464,-0.1327408105134964,-0.2509763538837433,-19.117475509643555,15.418281555175781,-68.80345916748047,0.2699015140533447,0.3549479842185974,34.764652252197266,0,1,0,0,1,170.37570190429688,155.48223876953125,-18.739234924316406,192.4644775390625,157.25656127929688,-45.52577590942383,push,14,2025-11-18T12:11:10.857735,my_hand_data\videos\push_seq14_20251118_121107_120927.avi,89.75975800769244,360,90,HIGH,VIDEO_RECORDING,2025-11-18T12:11:11.224984
2025-11-18 12:11:10.864771,337,298,HandType.Right,0.7285330891609192,206.82009887695312,141.20037841796875,4.613910675048828,-0.9584760069847107,-0.13459110260009766,-0.251414030790329,-26.880218505859375,8.736186981201172,-69.90132141113281,0.26969730854034424,0.35264864563941956,34.83668518066406,0,1,0,0,1,170.08731079101562,155.57737731933594,-19.54416847229004,192.24388122558594,157.3043670654297,-46.371368408203125,push,14,2025-11-18T12:11:10.864771,my_hand_data\videos\push_seq14_20251118_121107_120927.avi,89.75975800769244,360,90,HIGH,VIDEO_RECORDING,2025-11-18T12:11:11.224984
2025-11-18 12:11:10.873384,338,298,HandType.Right,0.7311768531799316,206.5018310546875,141.22747802734375,3.823561668395996,-0.9582652449607849,-0.13707615435123444,-0.2508741021156311,-28.687232971191406,2.4428553581237793,-71.24112701416016,0.2687239646911621,0.35171064734458923,34.87205505371094,0,1,0,0,1,169.7513427734375,155.6046600341797,-20.362947463989258,191.92977905273438,157.22311401367188,-47.22477722167969,push,14,2025-11-18T12:11:10.873384,my_hand_data\videos\push_seq14_20251118_121107_120927.avi,89.75975800769244,360,90,HIGH,VIDEO_RECORDING,2025-11-18T12:11:11.224984
2025-11-18 12:11:10.889212,339,298,HandType.Right,0.7327449917793274,206.2811737060547,141.3118896484375,2.9562201499938965,-0.9580773711204529,-0.13974763453006744,-0.2501166760921478,-19.703310012817383,7.537520885467529,-77.44811248779297,0.2693077027797699,0.35144859552383423,34.886024475097656,0,1,0,0,1,169.50509643554688,155.68255615234375,-21.270524978637695,191.6786346435547,157.20277404785156,-48.16025924682617,push,14,2025-11-18T12:11:10.889212,my_hand_data\videos\push_seq14_20251118_121107_120927.avi,89.75975800769244,360,90,HIGH,VIDEO_RECORDING,2025-11-18T12:11:11.224984
2025-11-18 12:11:10.905140,340,298,HandType.Right,0.7330963611602783,206.07725524902344,141.36505126953125,2.1725127696990967,-0.9578439593315125,-0.1424397975206375,-0.24949121475219727,-18.35484504699707,4.784188747406006,-70.54072570800781,0.2670813202857971,0.3468603789806366,35.025733947753906,0,1,0,0,1,169.20547485351562,155.71255493164062,-22.11741065979004,191.4899139404297,157.24191284179688,-49.09642028808594,push,14,2025-11-18T12:11:10.905140,my_hand_data\videos\push_seq14_20251118_121107_120927.avi,89.75975800769244,360,90,HIGH,VIDEO_RECORDING,2025-11-18T12:11:11.224984
2025-11-18 12:11:10.905140,341,298,HandType.Right,0.7341054677963257,205.9268035888672,141.4656219482422,1.3898463249206543,-0.957659125328064,-0.14459718763828278,-0.24895915389060974,-13.824653625488281,9.24204158782959,-71.91641998291016,0.26558101177215576,0.3422413766384125,35.164520263671875,0,1,0,0,1,168.9600830078125,155.8004150390625,-22.932008743286133,191.35379028320312,157.3314971923828,-50.000831604003906,push,14,2025-11-18T12:11:10.905140,my_hand_data\videos\push_seq14_20251118_121107_120927.avi,89.75975800769244,360,90,HIGH,VIDEO_RECORDING,2025-11-18T12:11:11.224984
2025-11-18 12:11:10.936875,342,298,HandType.Right,0.7357051372528076,205.74044799804688,141.8351593017578,-0.10617148876190186,-0.9566413760185242,-0.1494869589805603,-0.24998192489147186,-9.268444061279297,17.942890167236328,-67.52198028564453,0.26084402203559875,0.3290121853351593,35.55429458618164,0,1,0,0,1,168.65966796875,156.1627197265625,-24.578243255615234,191.33082580566406,157.76600646972656,-51.91971206665039,push,14,2025-11-18T12:11:10.936875,my_hand_data\videos\push_seq14_20251118_121107_120927.avi,89.75975800769244,360,90,HIGH,VIDEO_RECORDING,2025-11-18T12:11:11.224984
2025-11-18 12:11:10.936875,343,298,HandType.Right,0.7364392876625061,205.6034393310547,141.9457550048828,-0.8594465255737305,-0.9563866853713989,-0.15080980956554413,-0.25016170740127563,-12.490557670593262,10.082778930664062,-68.67308044433594,0.25744104385375977,0.32453206181526184,35.68706130981445,0,1,0,0,1,168.46376037597656,156.27816772460938,-25.375160217285156,191.20999145507812,157.922119140625,-52.82461929321289,push,14,2025-11-18T12:11:10.936875,my_hand_data\videos\push_seq14_20251118_121107_120927.avi,89.75975800769244,360,90,HIGH,VIDEO_RECORDING,2025-11-18T12:11:11.224984
2025-11-18 12:11:10.936875,344,298,HandType.Right,0.7364392876625061,205.6034393310547,141.9457550048828,-0.8594465255737305,-0.9563866853713989,-0.15080980956554413,-0.25016170740127563,-12.490557670593262,10.082778930664062,-68.67308044433594,0.25744104385375977,0.32453206181526184,35.68706130981445,0,1,0,0,1,168.46376037597656,156.27816772460938,-25.375160217285156,191.20999145507812,157.922119140625,-52.82461929321289,push,14,2025-11-18T12:11:10.936875,my_hand_data\videos\push_seq14_20251118_121107_120927.avi,89.75975800769244,360,90,HIGH,VIDEO_RECORDING,2025-11-18T12:11:11.224984
2025-11-18 12:11:10.967709,345,298,HandType.Right,0.7414585947990417,205.3482666015625,142.18124389648438,-2.2657346725463867,-0.9560376405715942,-0.1540483832359314,-0.24952168762683868,-11.031920433044434,11.271048545837402,-63.105674743652344,0.24569861590862274,0.3205708861351013,35.81031799316406,0,1,0,0,1,168.125732421875,156.6432647705078,-26.92410659790039,190.7028045654297,158.39239501953125,-54.66568374633789,push,14,2025-11-18T12:11:10.967709,my_hand_data\videos\push_seq14_20251118_121107_120927.avi,89.75975800769244,360,90,HIGH,VIDEO_RECORDING,2025-11-18T12:11:11.224984
2025-11-18 12:11:10.967709,346,298,HandType.Right,0.7414585947990417,205.3482666015625,142.18124389648438,-2.2657346725463867,-0.9560376405715942,-0.1540483832359314,-0.24952168762683868,-11.031920433044434,11.271048545837402,-63.105674743652344,0.24569861590862274,0.3205708861351013,35.81031799316406,0,1,0,0,1,168.125732421875,156.6432647705078,-26.92410659790039,190.7028045654297,158.39239501953125,-54.66568374633789,push,14,2025-11-18T12:11:10.967709,my_hand_data\videos\push_seq14_20251118_121107_120927.avi,89.75975800769244,360,90,HIGH,VIDEO_RECORDING,2025-11-18T12:11:11.224984
2025-11-18 12:11:10.967709,347,298,HandType.Right,0.7414585947990417,205.3482666015625,142.18124389648438,-2.2657346725463867,-0.9560376405715942,-0.1540483832359314,-0.24952168762683868,-11.031920433044434,11.271048545837402,-63.105674743652344,0.24569861590862274,0.3205708861351013,35.81031799316406,0,1,0,0,1,168.125732421875,156.6432647705078,-26.92410659790039,190.7028045654297,158.39239501953125,-54.66568374633789,push,14,2025-11-18T12:11:10.967709,my_hand_data\videos\push_seq14_20251118_121107_120927.avi,89.75975800769244,360,90,HIGH,VIDEO_RECORDING,2025-11-18T12:11:11.224984
2025-11-18 12:11:10.999626,348,298,HandType.Right,0.7414585947990417,205.3482666015625,142.18124389648438,-2.2657346725463867,-0.9560376405715942,-0.1540483832359314,-0.24952168762683868,-11.031920433044434,11.271048545837402,-63.105674743652344,0.24569861590862274,0.3205708861351013,35.81031799316406,0,1,0,0,1,168.125732421875,156.6432647705078,-26.92410659790039,190.7028045654297,158.39239501953125,-54.66568374633789,push,14,2025-11-18T12:11:10.999626,my_hand_data\videos\push_seq14_20251118_121107_120927.avi,89.75975800769244,360,90,HIGH,VIDEO_RECORDING,2025-11-18T12:11:11.224984
2025-11-18 12:11:10.999626,349,298,HandType.Right,0.7414585947990417,205.3482666015625,142.18124389648438,-2.2657346725463867,-0.9560376405715942,-0.1540483832359314,-0.24952168762683868,-11.031920433044434,11.271048545837402,-63.105674743652344,0.24569861590862274,0.3205708861351013,35.81031799316406,0,1,0,0,1,168.125732421875,156.6432647705078,-26.92410659790039,190.7028045654297,158.39239501953125,-54.66568374633789,push,14,2025-11-18T12:11:10.999626,my_hand_data\videos\push_seq14_20251118_121107_120927.avi,89.75975800769244,360,90,HIGH,VIDEO_RECORDING,2025-11-18T12:11:11.224984
2025-11-18 12:11:10.999626,350,298,HandType.Right,0.7414585947990417,205.3482666015625,142.18124389648438,-2.2657346725463867,-0.9560376405715942,-0.1540483832359314,-0.24952168762683868,-11.031920433044434,11.271048545837402,-63.105674743652344,0.24569861590862274,0.3205708861351013,35.81031799316406,0,1,0,0,1,168.125732421875,156.6432647705078,-26.92410659790039,190.7028045654297,158.39239501953125,-54.66568374633789,push,14,2025-11-18T12:11:10.999626,my_hand_data\videos\push_seq14_20251118_121107_120927.avi,89.75975800769244,360,90,HIGH,VIDEO_RECORDING,2025-11-18T12:11:11.224984
2025-11-18 12:11:11.031427,351,298,HandType.Right,0.7414585947990417,205.3482666015625,142.18124389648438,-2.2657346725463867,-0.9560376405715942,-0.1540483832359314,-0.24952168762683868,-11.031920433044434,11.271048545837402,-63.105674743652344,0.24569861590862274,0.3205708861351013,35.81031799316406,0,1,0,0,1,168.125732421875,156.6432647705078,-26.92410659790039,190.7028045654297,158.39239501953125,-54.66568374633789,push,14,2025-11-18T12:11:11.031427,my_hand_data\videos\push_seq14_20251118_121107_120927.avi,89.75975800769244,360,90,HIGH,VIDEO_RECORDING,2025-11-18T12:11:11.224984
2025-11-18 12:11:11.031427,352,298,HandType.Right,0.7544269561767578,204.9147186279297,142.96707153320312,-5.855790615081787,-0.9559938907623291,-0.15266722440719604,-0.25053614377975464,-7.747652053833008,11.799090385437012,-63.29745864868164,0.21426182985305786,0.3300592005252838,35.55388641357422,0,1,0,0,1,167.3917694091797,157.85311889648438,-31.33829689025879,190.1012420654297,160.31126403808594,-58.583778381347656,push,14,2025-11-18T12:11:11.031427,my_hand_data\videos\push_seq14_20251118_121107_120927.avi,89.75975800769244,360,90,HIGH,VIDEO_RECORDING,2025-11-18T12:11:11.224984
2025-11-18 12:11:11.047345,353,298,HandType.Right,0.7544269561767578,204.9147186279297,142.96707153320312,-5.855790615081787,-0.9559938907623291,-0.15266722440719604,-0.25053614377975464,-7.747652053833008,11.799090385437012,-63.29745864868164,0.21426182985305786,0.3300592005252838,35.55388641357422,0,1,0,0,1,167.3917694091797,157.85311889648438,-31.33829689025879,190.1012420654297,160.31126403808594,-58.583778381347656,push,14,2025-11-18T12:11:11.047345,my_hand_data\videos\push_seq14_20251118_121107_120927.avi,89.75975800769244,360,90,HIGH,VIDEO_RECORDING,2025-11-18T12:11:11.224984
2025-11-18 12:11:11.063493,354,298,HandType.Right,0.7544269561767578,204.9147186279297,142.96707153320312,-5.855790615081787,-0.9559938907623291,-0.15266722440719604,-0.25053614377975464,-7.747652053833008,11.799090385437012,-63.29745864868164,0.21426182985305786,0.3300592005252838,35.55388641357422,0,1,0,0,1,167.3917694091797,157.85311889648438,-31.33829689025879,190.1012420654297,160.31126403808594,-58.583778381347656,push,14,2025-11-18T12:11:11.063493,my_hand_data\videos\push_seq14_20251118_121107_120927.avi,89.75975800769244,360,90,HIGH,VIDEO_RECORDING,2025-11-18T12:11:11.224984
2025-11-18 12:11:11.063493,355,298,HandType.Right,0.7544269561767578,204.9147186279297,142.96707153320312,-5.855790615081787,-0.9559938907623291,-0.15266722440719604,-0.25053614377975464,-7.747652053833008,11.799090385437012,-63.29745864868164,0.21426182985305786,0.3300592005252838,35.55388641357422,0,1,0,0,1,167.3917694091797,157.85311889648438,-31.33829689025879,190.1012420654297,160.31126403808594,-58.583778381347656,push,14,2025-11-18T12:11:11.063493,my_hand_data\videos\push_seq14_20251118_121107_120927.avi,89.75975800769244,360,90,HIGH,VIDEO_RECORDING,2025-11-18T12:11:11.224984
2025-11-18 12:11:11.079281,356,298,HandType.Right,0.7544269561767578,204.9147186279297,142.96707153320312,-5.855790615081787,-0.9559938907623291,-0.15266722440719604,-0.25053614377975464,-7.747652053833008,11.799090385437012,-63.29745864868164,0.21426182985305786,0.3300592005252838,35.55388641357422,0,1,0,0,1,167.3917694091797,157.85311889648438,-31.33829689025879,190.1012420654297,160.31126403808594,-58.583778381347656,push,14,2025-11-18T12:11:11.079281,my_hand_data\videos\push_seq14_20251118_121107_120927.avi,89.75975800769244,360,90,HIGH,VIDEO_RECORDING,2025-11-18T12:11:11.224984
2025-11-18 12:11:11.095463,357,298,HandType.Right,0.7544269561767578,204.9147186279297,142.96707153320312,-5.855790615081787,-0.9559938907623291,-0.15266722440719604,-0.25053614377975464,-7.747652053833008,11.799090385437012,-63.29745864868164,0.21426182985305786,0.3300592005252838,35.55388641357422,0,1,0,0,1,167.3917694091797,157.85311889648438,-31.33829689025879,190.1012420654297,160.31126403808594,-58.583778381347656,push,14,2025-11-18T12:11:11.095463,my_hand_data\videos\push_seq14_20251118_121107_120927.avi,89.75975800769244,360,90,HIGH,VIDEO_RECORDING,2025-11-18T12:11:11.224984
2025-11-18 12:11:11.095463,358,298,HandType.Right,0.7544269561767578,204.9147186279297,142.96707153320312,-5.855790615081787,-0.9559938907623291,-0.15266722440719604,-0.25053614377975464,-7.747652053833008,11.799090385437012,-63.29745864868164,0.21426182985305786,0.3300592005252838,35.55388641357422,0,1,0,0,1,167.3917694091797,157.85311889648438,-31.33829689025879,190.1012420654297,160.31126403808594,-58.583778381347656,push,14,2025-11-18T12:11:11.095463,my_hand_data\videos\push_seq14_20251118_121107_120927.avi,89.75975800769244,360,90,HIGH,VIDEO_RECORDING,2025-11-18T12:11:11.224984
2025-11-18 12:11:11.111500,359,298,HandType.Right,0.7544269561767578,204.9147186279297,142.96707153320312,-5.855790615081787,-0.9559938907623291,-0.15266722440719604,-0.25053614377975464,-7.747652053833008,11.799090385437012,-63.29745864868164,0.21426182985305786,0.3300592005252838,35.55388641357422,0,1,0,0,1,167.3917694091797,157.85311889648438,-31.33829689025879,190.1012420654297,160.31126403808594,-58.583778381347656,push,14,2025-11-18T12:11:11.111500,my_hand_data\videos\push_seq14_20251118_121107_120927.avi,89.75975800769244,360,90,HIGH,VIDEO_RECORDING,2025-11-18T12:11:11.224984
2025-11-18 12:11:11.127581,360,298,HandType.Right,0.7544269561767578,204.9147186279297,142.96707153320312,-5.855790615081787,-0.9559938907623291,-0.15266722440719604,-0.25053614377975464,-7.747652053833008,11.799090385437012,-63.29745864868164,0.21426182985305786,0.3300592005252838,35.55388641357422,0,1,0,0,1,167.3917694091797,157.85311889648438,-31.33829689025879,190.1012420654297,160.31126403808594,-58.583778381347656,push,14,2025-11-18T12:11:11.127581,my_hand_data\videos\push_seq14_20251118_121107_120927.avi,89.75975800769244,360,90,HIGH,VIDEO_RECORDING,2025-11-18T12:11:11.224984
