timestamp,frame_id,hand_id,hand_type,confidence,palm_x,palm_y,palm_z,palm_normal_x,palm_normal_y,palm_normal_z,palm_velocity_x,palm_velocity_y,palm_velocity_z,grab_strength,pinch_strength,pinch_distance,thumb_extended,index_extended,middle_extended,ring_extended,pinky_extended,thumb_tip_x,thumb_tip_y,thumb_tip_z,index_tip_x,index_tip_y,index_tip_z,gesture_type,sequence_id,recording_timestamp,video_file_path,performance_actual_fps,performance_total_frames,performance_target_fps,performance_quality,performance_mode,video_recording_time
2025-11-18 15:23:33.119579,1,1060,HandType.Right,0.2537115812301636,45.98341751098633,92.79513549804688,-41.16020202636719,-0.9864394664764404,0.11132512986660004,-0.12059812247753143,-1.9781067371368408,-0.5120508670806885,1.1410249471664429,0.0,0.0,53.753177642822266,0,1,1,1,1,28.528959274291992,142.70274353027344,-58.655792236328125,45.850807189941406,128.6396484375,-123.96902465820312,raise,7,2025-11-18T15:23:33.119579,my_hand_data\videos\raise_seq7_20251118_152333_095630.avi,89.6560882112294,360,90,HIGH,VIDEO_RECORDING,2025-11-18T15:23:37.171296
2025-11-18 15:23:33.128138,2,1060,HandType.Right,0.25332391262054443,45.96108627319336,92.73123168945312,-41.13613510131836,-0.9865238070487976,0.11096934229135513,-0.12023565173149109,0.06941778212785721,-4.332192420959473,1.2077252864837646,0.0,0.0,53.785953521728516,0,1,1,1,1,28.462812423706055,142.6680908203125,-58.61815643310547,45.748252868652344,128.5620574951172,-123.9622802734375,raise,7,2025-11-18T15:23:33.128138,my_hand_data\videos\raise_seq7_20251118_152333_095630.avi,89.6560882112294,360,90,HIGH,VIDEO_RECORDING,2025-11-18T15:23:37.171296
2025-11-18 15:23:33.141956,3,1060,HandType.Right,0.2530903220176697,45.97831726074219,92.63159942626953,-41.17610549926758,-0.9865721464157104,0.11088958382606506,-0.11991187185049057,1.1089972257614136,-4.703786849975586,-3.543748378753662,0.0,0.0,53.83270263671875,0,1,1,1,1,28.481651306152344,142.63589477539062,-58.63944625854492,45.67498016357422,128.4180908203125,-124.03063201904297,raise,7,2025-11-18T15:23:33.141956,my_hand_data\videos\raise_seq7_20251118_152333_095630.avi,89.6560882112294,360,90,HIGH,VIDEO_RECORDING,2025-11-18T15:23:37.171296
2025-11-18 15:23:33.145976,4,1060,HandType.Right,0.2530903220176697,45.97831726074219,92.63159942626953,-41.17610549926758,-0.9865721464157104,0.11088958382606506,-0.11991187185049057,1.1089972257614136,-4.703786849975586,-3.543748378753662,0.0,0.0,53.83270263671875,0,1,1,1,1,28.481651306152344,142.63589477539062,-58.63944625854492,45.67498016357422,128.4180908203125,-124.03063201904297,raise,7,2025-11-18T15:23:33.145976,my_hand_data\videos\raise_seq7_20251118_152333_095630.avi,89.6560882112294,360,90,HIGH,VIDEO_RECORDING,2025-11-18T15:23:37.171296
2025-11-18 15:23:33.160054,5,1060,HandType.Right,0.25268566608428955,46.00514221191406,92.55428314208984,-41.2224235534668,-0.9865640997886658,0.11108455061912537,-0.11979777365922928,2.4187965393066406,-6.971296310424805,-4.176319599151611,0.0,0.0,53.855979919433594,0,1,1,1,1,28.516456604003906,142.5925750732422,-58.68684005737305,45.684200286865234,128.30990600585938,-124.10128021240234,raise,7,2025-11-18T15:23:33.160054,my_hand_data\videos\raise_seq7_20251118_152333_095630.avi,89.6560882112294,360,90,HIGH,VIDEO_RECORDING,2025-11-18T15:23:37.171296
2025-11-18 15:23:33.170113,6,1060,HandType.Right,0.25155556201934814,46.054351806640625,92.47676849365234,-41.25495147705078,-0.9865411520004272,0.11136248707771301,-0.11972852051258087,4.453907012939453,-7.0152907371521,-2.9439029693603516,0.0,0.0,53.86110305786133,0,1,1,1,1,28.560958862304688,142.51715087890625,-58.736785888671875,45.739891052246094,128.183837890625,-124.1553726196289,raise,7,2025-11-18T15:23:33.170113,my_hand_data\videos\raise_seq7_20251118_152333_095630.avi,89.6560882112294,360,90,HIGH,VIDEO_RECORDING,2025-11-18T15:23:37.171296
2025-11-18 15:23:33.179794,7,1060,HandType.Right,0.2500743865966797,46.144065856933594,92.42367553710938,-41.26597595214844,-0.9864933490753174,0.11174175143241882,-0.11976926773786545,7.94411563873291,-4.7018022537231445,-0.9762324690818787,0.0,0.0,53.856483459472656,0,1,1,1,1,28.631053924560547,142.45814514160156,-58.78001403808594,45.84125518798828,128.10104370117188,-124.18334197998047,raise,7,2025-11-18T15:23:33.179794,my_hand_data\videos\raise_seq7_20251118_152333_095630.avi,89.6560882112294,360,90,HIGH,VIDEO_RECORDING,2025-11-18T15:23:37.171296
2025-11-18 15:23:33.200277,8,1060,HandType.Right,0.24782896041870117,46.369873046875,92.36004638671875,-41.29561996459961,-0.9862875938415527,0.11315586417913437,-0.12013550847768784,11.51067066192627,-2.5801496505737305,-0.4726734757423401,0.0,0.0,53.876224517822266,0,1,1,1,1,28.867895126342773,142.43714904785156,-58.843135833740234,46.11542510986328,128.0045928955078,-124.23419189453125,raise,7,2025-11-18T15:23:33.200277,my_hand_data\videos\raise_seq7_20251118_152333_095630.avi,89.6560882112294,360,90,HIGH,VIDEO_RECORDING,2025-11-18T15:23:37.171296
2025-11-18 15:23:33.204653,9,1060,HandType.Right,0.24782896041870117,46.369873046875,92.36004638671875,-41.29561996459961,-0.9862875938415527,0.11315586417913437,-0.12013550847768784,11.51067066192627,-2.5801496505737305,-0.4726734757423401,0.0,0.0,53.876224517822266,0,1,1,1,1,28.867895126342773,142.43714904785156,-58.843135833740234,46.11542510986328,128.0045928955078,-124.23419189453125,raise,7,2025-11-18T15:23:33.204653,my_hand_data\videos\raise_seq7_20251118_152333_095630.avi,89.6560882112294,360,90,HIGH,VIDEO_RECORDING,2025-11-18T15:23:37.171296
2025-11-18 15:23:33.220835,10,1060,HandType.Right,0.24388301372528076,46.672264099121094,92.35557556152344,-41.33454132080078,-0.985989511013031,0.11488019675016403,-0.12094324082136154,13.216011047363281,1.193658709526062,-0.4337553083896637,0.0,0.0,53.88690948486328,0,1,1,1,1,29.206159591674805,142.45083618164062,-58.90952682495117,46.476253509521484,127.993896484375,-124.25572967529297,raise,7,2025-11-18T15:23:33.220835,my_hand_data\videos\raise_seq7_20251118_152333_095630.avi,89.6560882112294,360,90,HIGH,VIDEO_RECORDING,2025-11-18T15:23:37.171296
2025-11-18 15:23:33.224442,11,1060,HandType.Right,0.24388301372528076,46.672264099121094,92.35557556152344,-41.33454132080078,-0.985989511013031,0.11488019675016403,-0.12094324082136154,13.216011047363281,1.193658709526062,-0.4337553083896637,0.0,0.0,53.88690948486328,0,1,1,1,1,29.206159591674805,142.45083618164062,-58.90952682495117,46.476253509521484,127.993896484375,-124.25572967529297,raise,7,2025-11-18T15:23:33.226646,my_hand_data\videos\raise_seq7_20251118_152333_095630.avi,89.6560882112294,360,90,HIGH,VIDEO_RECORDING,2025-11-18T15:23:37.171296
2025-11-18 15:23:33.240212,12,1060,HandType.Right,0.24183231592178345,46.89625930786133,92.3287353515625,-41.31439208984375,-0.9858248233795166,0.11601947247982025,-0.12119770795106888,9.332639694213867,-2.491533041000366,0.807380199432373,0.0,0.0,53.85682678222656,0,1,1,1,1,29.457090377807617,142.41920471191406,-58.91031265258789,46.79912567138672,128.01364135742188,-124.21176147460938,raise,7,2025-11-18T15:23:33.240212,my_hand_data\videos\raise_seq7_20251118_152333_095630.avi,89.6560882112294,360,90,HIGH,VIDEO_RECORDING,2025-11-18T15:23:37.171296
2025-11-18 15:23:33.244053,13,1060,HandType.Right,0.24183231592178345,46.89625930786133,92.3287353515625,-41.31439208984375,-0.9858248233795166,0.11601947247982025,-0.12119770795106888,9.332639694213867,-2.491533041000366,0.807380199432373,0.0,0.0,53.85682678222656,0,1,1,1,1,29.457090377807617,142.41920471191406,-58.91031265258789,46.79912567138672,128.01364135742188,-124.21176147460938,raise,7,2025-11-18T15:23:33.244053,my_hand_data\videos\raise_seq7_20251118_152333_095630.avi,89.6560882112294,360,90,HIGH,VIDEO_RECORDING,2025-11-18T15:23:37.171296
2025-11-18 15:23:33.259568,14,1060,HandType.Right,0.24106621742248535,47.0085563659668,92.2767562866211,-41.30985641479492,-0.9857938289642334,0.11627044528722763,-0.12120945751667023,9.99258804321289,-4.6249918937683105,0.40329962968826294,0.0,0.0,53.82716751098633,0,1,1,1,1,29.567848205566406,142.34983825683594,-58.93062210083008,46.92268371582031,127.95893859863281,-124.19780731201172,raise,7,2025-11-18T15:23:33.259568,my_hand_data\videos\raise_seq7_20251118_152333_095630.avi,89.6560882112294,360,90,HIGH,VIDEO_RECORDING,2025-11-18T15:23:37.171296
2025-11-18 15:23:33.269853,15,1060,HandType.Right,0.2394399642944336,47.12821960449219,92.20692443847656,-41.37295913696289,-0.9857597351074219,0.11647754162549973,-0.12128760665655136,10.813780784606934,-6.310578346252441,-5.702333927154541,0.0,0.0,53.77882766723633,0,1,1,1,1,29.69304656982422,142.24856567382812,-59.03495788574219,47.02680969238281,127.8860092163086,-124.23857879638672,raise,7,2025-11-18T15:23:33.269853,my_hand_data\videos\raise_seq7_20251118_152333_095630.avi,89.6560882112294,360,90,HIGH,VIDEO_RECORDING,2025-11-18T15:23:37.171296
2025-11-18 15:23:33.280175,16,1060,HandType.Right,0.2363361120223999,47.28491973876953,92.11039733886719,-41.44339370727539,-0.9856546521186829,0.11719165742397308,-0.1214539110660553,14.104365348815918,-8.688458442687988,-6.3396382331848145,0.0,0.0,53.73698043823242,0,1,1,1,1,29.841920852661133,142.13499450683594,-59.15361785888672,47.142372131347656,127.77986907958984,-124.28558349609375,raise,7,2025-11-18T15:23:33.280175,my_hand_data\videos\raise_seq7_20251118_152333_095630.avi,89.6560882112294,360,90,HIGH,VIDEO_RECORDING,2025-11-18T15:23:37.171296
2025-11-18 15:23:33.290328,17,1060,HandType.Right,0.23227322101593018,47.48399353027344,92.02104949951172,-41.46175765991211,-0.9854671359062195,0.11865663528442383,-0.12155290693044662,17.771034240722656,-7.976194858551025,-1.6393935680389404,0.0,0.0,53.676605224609375,0,1,1,1,1,30.036258697509766,142.03392028808594,-59.24321746826172,47.33268356323242,127.70122528076172,-124.29228973388672,raise,7,2025-11-18T15:23:33.290328,my_hand_data\videos\raise_seq7_20251118_152333_095630.avi,89.6560882112294,360,90,HIGH,VIDEO_RECORDING,2025-11-18T15:23:37.171296
2025-11-18 15:23:33.310461,18,1060,HandType.Right,0.2237270474433899,48.01367950439453,91.92732238769531,-41.41487503051758,-0.9848607182502747,0.12310054898262024,-0.12204771488904953,26.507408142089844,-1.633469581604004,0.3284699022769928,0.0,0.0,53.589534759521484,0,1,1,1,1,30.521488189697266,141.92613220214844,-59.302730560302734,47.87810516357422,127.68128204345703,-124.17044067382812,raise,7,2025-11-18T15:23:33.310461,my_hand_data\videos\raise_seq7_20251118_152333_095630.avi,89.6560882112294,360,90,HIGH,VIDEO_RECORDING,2025-11-18T15:23:37.171296
2025-11-18 15:23:33.314392,19,1060,HandType.Right,0.2237270474433899,48.01367950439453,91.92732238769531,-41.41487503051758,-0.9848607182502747,0.12310054898262024,-0.12204771488904953,26.507408142089844,-1.633469581604004,0.3284699022769928,0.0,0.0,53.589534759521484,0,1,1,1,1,30.521488189697266,141.92613220214844,-59.302730560302734,47.87810516357422,127.68128204345703,-124.17044067382812,raise,7,2025-11-18T15:23:33.314392,my_hand_data\videos\raise_seq7_20251118_152333_095630.avi,89.6560882112294,360,90,HIGH,VIDEO_RECORDING,2025-11-18T15:23:37.171296
2025-11-18 15:23:33.331024,20,1060,HandType.Right,0.21637487411499023,48.625389099121094,92.07694244384766,-41.315460205078125,-0.9839053153991699,0.12961921095848083,-0.12300101667642593,24.919221878051758,7.512360572814941,5.789286136627197,0.0,0.0,53.497379302978516,0,1,1,1,1,31.16720962524414,142.0879669189453,-59.286685943603516,48.77214813232422,128.17247009277344,-123.93800354003906,raise,7,2025-11-18T15:23:33.331024,my_hand_data\videos\raise_seq7_20251118_152333_095630.avi,89.6560882112294,360,90,HIGH,VIDEO_RECORDING,2025-11-18T15:23:37.171296
2025-11-18 15:23:33.336141,21,1060,HandType.Right,0.21637487411499023,48.625389099121094,92.07694244384766,-41.315460205078125,-0.9839053153991699,0.12961921095848083,-0.12300101667642593,24.919221878051758,7.512360572814941,5.789286136627197,0.0,0.0,53.497379302978516,0,1,1,1,1,31.16720962524414,142.0879669189453,-59.286685943603516,48.77214813232422,128.17247009277344,-123.93800354003906,raise,7,2025-11-18T15:23:33.336141,my_hand_data\videos\raise_seq7_20251118_152333_095630.avi,89.6560882112294,360,90,HIGH,VIDEO_RECORDING,2025-11-18T15:23:37.171296
2025-11-18 15:23:33.350622,22,1060,HandType.Right,0.21571731567382812,49.1008186340332,92.37027740478516,-41.2025260925293,-0.9830173254013062,0.13642722368240356,-0.12273750454187393,18.784748077392578,14.777592658996582,1.8377829790115356,0.0,0.0,53.40886306762695,0,1,1,1,1,31.642410278320312,142.40359497070312,-59.20594024658203,49.610694885253906,128.91758728027344,-123.70169067382812,raise,7,2025-11-18T15:23:33.350622,my_hand_data\videos\raise_seq7_20251118_152333_095630.avi,89.6560882112294,360,90,HIGH,VIDEO_RECORDING,2025-11-18T15:23:37.171296
2025-11-18 15:23:33.360450,23,1060,HandType.Right,0.21571731567382812,49.1008186340332,92.37027740478516,-41.2025260925293,-0.9830173254013062,0.13642722368240356,-0.12273750454187393,18.784748077392578,14.777592658996582,1.8377829790115356,0.0,0.0,53.40886306762695,0,1,1,1,1,31.642410278320312,142.40359497070312,-59.20594024658203,49.610694885253906,128.91758728027344,-123.70169067382812,raise,7,2025-11-18T15:23:33.360450,my_hand_data\videos\raise_seq7_20251118_152333_095630.avi,89.6560882112294,360,90,HIGH,VIDEO_RECORDING,2025-11-18T15:23:37.171296
2025-11-18 15:23:33.371504,24,1060,HandType.Right,0.21525156497955322,49.56106185913086,92.91534423828125,-41.14815902709961,-0.9821258187294006,0.14383754134178162,-0.12140680849552155,21.714677810668945,26.49871826171875,3.039604902267456,0.0,0.0,53.25080871582031,0,1,1,1,1,32.085933685302734,143.01951599121094,-59.1741943359375,50.259544372558594,129.94656372070312,-123.46188354492188,raise,7,2025-11-18T15:23:33.371504,my_hand_data\videos\raise_seq7_20251118_152333_095630.avi,89.6560882112294,360,90,HIGH,VIDEO_RECORDING,2025-11-18T15:23:37.171296
2025-11-18 15:23:33.381282,25,1060,HandType.Right,0.21525156497955322,49.56106185913086,92.91534423828125,-41.14815902709961,-0.9821258187294006,0.14383754134178162,-0.12140680849552155,21.714677810668945,26.49871826171875,3.039604902267456,0.0,0.0,53.25080871582031,0,1,1,1,1,32.085933685302734,143.01951599121094,-59.1741943359375,50.259544372558594,129.94656372070312,-123.46188354492188,raise,7,2025-11-18T15:23:33.381282,my_hand_data\videos\raise_seq7_20251118_152333_095630.avi,89.6560882112294,360,90,HIGH,VIDEO_RECORDING,2025-11-18T15:23:37.171296
2025-11-18 15:23:33.391375,26,1060,HandType.Right,0.21823501586914062,49.8143196105957,93.2662582397461,-41.0848388671875,-0.9816641807556152,0.1472453773021698,-0.12105488777160645,22.948274612426758,31.796924591064453,5.737621307373047,0.0,0.0,53.14884567260742,0,1,1,1,1,32.330894470214844,143.40736389160156,-59.12191390991211,50.609230041503906,130.53904724121094,-123.27481079101562,raise,7,2025-11-18T15:23:33.391375,my_hand_data\videos\raise_seq7_20251118_152333_095630.avi,89.6560882112294,360,90,HIGH,VIDEO_RECORDING,2025-11-18T15:23:37.171296
2025-11-18 15:23:33.401429,27,1060,HandType.Right,0.2224200963973999,50.16793441772461,93.6540756225586,-41.00162887573242,-0.9810453653335571,0.15149538218975067,-0.12082692980766296,31.762836456298828,34.834957122802734,7.474123954772949,0.0,0.0,53.03649139404297,0,1,1,1,1,32.67168426513672,143.8584442138672,-59.040977478027344,51.01879119873047,131.211181640625,-122.99346923828125,raise,7,2025-11-18T15:23:33.401429,my_hand_data\videos\raise_seq7_20251118_152333_095630.avi,89.6560882112294,360,90,HIGH,VIDEO_RECORDING,2025-11-18T15:23:37.171296
2025-11-18 15:23:33.421384,28,1060,HandType.Right,0.23761612176895142,50.85826873779297,94.76473999023438,-40.812744140625,-0.9799274206161499,0.1580628901720047,-0.12148413807153702,31.573732376098633,50.2703742980957,9.350214004516602,0.0,0.0,52.69569778442383,0,1,1,1,1,33.46147537231445,144.93179321289062,-58.80998992919922,52.44561767578125,133.05828857421875,-122.42475128173828,raise,7,2025-11-18T15:23:33.421384,my_hand_data\videos\raise_seq7_20251118_152333_095630.avi,89.6560882112294,360,90,HIGH,VIDEO_RECORDING,2025-11-18T15:23:37.171296
2025-11-18 15:23:33.424775,29,1060,HandType.Right,0.23761612176895142,50.85826873779297,94.76473999023438,-40.812744140625,-0.9799274206161499,0.1580628901720047,-0.12148413807153702,31.573732376098633,50.2703742980957,9.350214004516602,0.0,0.0,52.69569778442383,0,1,1,1,1,33.46147537231445,144.93179321289062,-58.80998992919922,52.44561767578125,133.05828857421875,-122.42475128173828,raise,7,2025-11-18T15:23:33.426781,my_hand_data\videos\raise_seq7_20251118_152333_095630.avi,89.6560882112294,360,90,HIGH,VIDEO_RECORDING,2025-11-18T15:23:37.171296
2025-11-18 15:23:33.442184,30,1060,HandType.Right,0.2463245987892151,51.559017181396484,95.96965026855469,-40.73505783081055,-0.9785618185997009,0.16611026227474213,-0.12175440788269043,35.453330993652344,59.360687255859375,3.098856210708618,0.0,0.0,52.48382568359375,0,1,1,1,1,34.31896209716797,146.18917846679688,-58.429561614990234,53.844966888427734,135.094970703125,-121.8496322631836,raise,7,2025-11-18T15:23:33.442184,my_hand_data\videos\raise_seq7_20251118_152333_095630.avi,89.6560882112294,360,90,HIGH,VIDEO_RECORDING,2025-11-18T15:23:37.171296
2025-11-18 15:23:33.446209,31,1060,HandType.Right,0.2463245987892151,51.559017181396484,95.96965026855469,-40.73505783081055,-0.9785618185997009,0.16611026227474213,-0.12175440788269043,35.453330993652344,59.360687255859375,3.098856210708618,0.0,0.0,52.48382568359375,0,1,1,1,1,34.31896209716797,146.18917846679688,-58.429561614990234,53.844966888427734,135.094970703125,-121.8496322631836,raise,7,2025-11-18T15:23:33.446209,my_hand_data\videos\raise_seq7_20251118_152333_095630.avi,89.6560882112294,360,90,HIGH,VIDEO_RECORDING,2025-11-18T15:23:37.171296
2025-11-18 15:23:33.462869,32,1060,HandType.Right,0.24795693159103394,51.91531753540039,96.69037628173828,-40.69661331176758,-0.9775946140289307,0.17172880470752716,-0.121729277074337,32.165592193603516,65.0650405883789,3.470634698867798,0.0,0.0,52.404354095458984,0,1,1,1,1,34.752830505371094,147.0714111328125,-58.193450927734375,54.46662902832031,136.3234100341797,-121.52528381347656,raise,7,2025-11-18T15:23:33.462869,my_hand_data\videos\raise_seq7_20251118_152333_095630.avi,89.6560882112294,360,90,HIGH,VIDEO_RECORDING,2025-11-18T15:23:37.171296
2025-11-18 15:23:33.467622,33,1060,HandType.Right,0.2497936487197876,52.30859375,97.4656753540039,-40.653663635253906,-0.976425051689148,0.17815546691417694,-0.1218799501657486,35.75911331176758,70.49472045898438,3.9054524898529053,0.0,0.0,52.25851821899414,0,1,1,1,1,35.195396423339844,147.9298553466797,-58.056358337402344,55.14091491699219,137.65525817871094,-121.16783142089844,raise,7,2025-11-18T15:23:33.467622,my_hand_data\videos\raise_seq7_20251118_152333_095630.avi,89.6560882112294,360,90,HIGH,VIDEO_RECORDING,2025-11-18T15:23:37.171296
2025-11-18 15:23:33.483604,34,1060,HandType.Right,0.252482533454895,53.1756477355957,99.18171691894531,-40.45146942138672,-0.9736502766609192,0.19303397834300995,-0.12142107635736465,44.757591247558594,80.68390655517578,12.9605712890625,0.0,0.0,51.95209503173828,0,1,1,1,1,35.8923454284668,149.57225036621094,-57.664588928222656,56.5238037109375,140.58651733398438,-120.22331237792969,raise,7,2025-11-18T15:23:33.483604,my_hand_data\videos\raise_seq7_20251118_152333_095630.avi,89.6560882112294,360,90,HIGH,VIDEO_RECORDING,2025-11-18T15:23:37.171296
2025-11-18 15:23:33.493322,35,1060,HandType.Right,0.252482533454895,53.1756477355957,99.18171691894531,-40.45146942138672,-0.9736502766609192,0.19303397834300995,-0.12142107635736465,44.757591247558594,80.68390655517578,12.9605712890625,0.0,0.0,51.95209503173828,0,1,1,1,1,35.8923454284668,149.57225036621094,-57.664588928222656,56.5238037109375,140.58651733398438,-120.22331237792969,raise,7,2025-11-18T15:23:33.493322,my_hand_data\videos\raise_seq7_20251118_152333_095630.avi,89.6560882112294,360,90,HIGH,VIDEO_RECORDING,2025-11-18T15:23:37.171296
2025-11-18 15:23:33.503688,36,1060,HandType.Right,0.2538207769393921,53.70699691772461,100.00020599365234,-40.42034912109375,-0.9713568687438965,0.20426784455776215,-0.12141025066375732,47.856422424316406,73.71794128417969,2.802891969680786,0.0,0.0,51.90127182006836,0,1,1,1,1,36.28306198120117,150.3929443359375,-57.57793045043945,57.11314010620117,141.91204833984375,-119.79856872558594,raise,7,2025-11-18T15:23:33.503688,my_hand_data\videos\raise_seq7_20251118_152333_095630.avi,89.6560882112294,360,90,HIGH,VIDEO_RECORDING,2025-11-18T15:23:37.171296
2025-11-18 15:23:33.513900,37,1060,HandType.Right,0.252180814743042,54.300514221191406,100.91522979736328,-40.453514099121094,-0.9687154293060303,0.21671341359615326,-0.12093700468540192,52.30119705200195,80.6328125,-2.9225525856018066,0.0,0.0,51.89064025878906,0,1,1,1,1,36.765655517578125,151.3902130126953,-57.517433166503906,57.757164001464844,143.2477569580078,-119.40969848632812,raise,7,2025-11-18T15:23:33.513900,my_hand_data\videos\raise_seq7_20251118_152333_095630.avi,89.6560882112294,360,90,HIGH,VIDEO_RECORDING,2025-11-18T15:23:37.171296
2025-11-18 15:23:33.523944,38,1060,HandType.Right,0.25423699617385864,54.867855072021484,101.8893051147461,-40.350440979003906,-0.9660016894340515,0.22903825342655182,-0.11992591619491577,51.49241256713867,88.40782165527344,9.354792594909668,0.0,0.0,51.91592025756836,0,1,1,1,1,37.22923278808594,152.41329956054688,-57.327842712402344,58.51981735229492,144.6378173828125,-118.94515228271484,raise,7,2025-11-18T15:23:33.523944,my_hand_data\videos\raise_seq7_20251118_152333_095630.avi,89.6560882112294,360,90,HIGH,VIDEO_RECORDING,2025-11-18T15:23:37.171296
2025-11-18 15:23:33.543592,39,1060,HandType.Right,0.25561511516571045,56.085269927978516,104.23548126220703,-40.28374481201172,-0.961410403251648,0.2485615313053131,-0.11792857199907303,56.22431945800781,114.08472442626953,1.234329104423523,0.0,0.0,52.008758544921875,0,1,1,1,1,38.419498443603516,155.329345703125,-56.840030670166016,59.80915832519531,147.60401916503906,-118.20158386230469,raise,7,2025-11-18T15:23:33.543592,my_hand_data\videos\raise_seq7_20251118_152333_095630.avi,89.6560882112294,360,90,HIGH,VIDEO_RECORDING,2025-11-18T15:23:37.171296
2025-11-18 15:23:33.549055,40,1060,HandType.Right,0.25561511516571045,56.085269927978516,104.23548126220703,-40.28374481201172,-0.961410403251648,0.2485615313053131,-0.11792857199907303,56.22431945800781,114.08472442626953,1.234329104423523,0.0,0.0,52.008758544921875,0,1,1,1,1,38.419498443603516,155.329345703125,-56.840030670166016,59.80915832519531,147.60401916503906,-118.20158386230469,raise,7,2025-11-18T15:23:33.549055,my_hand_data\videos\raise_seq7_20251118_152333_095630.avi,89.6560882112294,360,90,HIGH,VIDEO_RECORDING,2025-11-18T15:23:37.171296
2025-11-18 15:23:33.563774,41,1060,HandType.Right,0.26020246744155884,57.08571243286133,106.41323852539062,-40.34627914428711,-0.9584413170814514,0.2598409056663513,-0.11778329312801361,41.99184799194336,94.8652114868164,-5.858181476593018,0.0,0.0,52.374107360839844,0,1,1,1,1,39.45265579223633,158.21481323242188,-56.45252227783203,60.99015426635742,149.99964904785156,-117.90333557128906,raise,7,2025-11-18T15:23:33.563774,my_hand_data\videos\raise_seq7_20251118_152333_095630.avi,89.6560882112294,360,90,HIGH,VIDEO_RECORDING,2025-11-18T15:23:37.171296
2025-11-18 15:23:33.569808,42,1060,HandType.Right,0.26020246744155884,57.08571243286133,106.41323852539062,-40.34627914428711,-0.9584413170814514,0.2598409056663513,-0.11778329312801361,41.99184799194336,94.8652114868164,-5.858181476593018,0.0,0.0,52.374107360839844,0,1,1,1,1,39.45265579223633,158.21481323242188,-56.45252227783203,60.99015426635742,149.99964904785156,-117.90333557128906,raise,7,2025-11-18T15:23:33.569808,my_hand_data\videos\raise_seq7_20251118_152333_095630.avi,89.6560882112294,360,90,HIGH,VIDEO_RECORDING,2025-11-18T15:23:37.171296
2025-11-18 15:23:33.584401,43,1060,HandType.Right,0.27249598503112793,57.93827438354492,108.20394897460938,-40.1353645324707,-0.9558079838752747,0.27000555396080017,-0.11631041765213013,41.641048431396484,74.00238800048828,6.782413482666016,0.0,0.0,52.646697998046875,0,1,1,1,1,40.19650650024414,160.44802856445312,-55.85170364379883,62.021568298339844,152.2952117919922,-117.25538635253906,raise,7,2025-11-18T15:23:33.584401,my_hand_data\videos\raise_seq7_20251118_152333_095630.avi,89.6560882112294,360,90,HIGH,VIDEO_RECORDING,2025-11-18T15:23:37.171296
2025-11-18 15:23:33.590679,44,1060,HandType.Right,0.27249598503112793,57.93827438354492,108.20394897460938,-40.1353645324707,-0.9558079838752747,0.27000555396080017,-0.11631041765213013,41.641048431396484,74.00238800048828,6.782413482666016,0.0,0.0,52.646697998046875,0,1,1,1,1,40.19650650024414,160.44802856445312,-55.85170364379883,62.021568298339844,152.2952117919922,-117.25538635253906,raise,7,2025-11-18T15:23:33.590679,my_hand_data\videos\raise_seq7_20251118_152333_095630.avi,89.6560882112294,360,90,HIGH,VIDEO_RECORDING,2025-11-18T15:23:37.171296
2025-11-18 15:23:33.604236,45,1060,HandType.Right,0.2856181263923645,58.315101623535156,109.13013458251953,-40.0509033203125,-0.9547917246818542,0.2740141451358795,-0.11527801305055618,32.72210693359375,80.4256820678711,7.334362030029297,0.0,0.0,52.72615432739258,0,1,1,1,1,40.47899627685547,161.39915466308594,-55.666202545166016,62.39388656616211,153.2890167236328,-117.07219696044922,raise,7,2025-11-18T15:23:33.604236,my_hand_data\videos\raise_seq7_20251118_152333_095630.avi,89.6560882112294,360,90,HIGH,VIDEO_RECORDING,2025-11-18T15:23:37.171296
2025-11-18 15:23:33.613783,46,1060,HandType.Right,0.29729533195495605,58.82003402709961,110.03617858886719,-40.06324768066406,-0.9533721208572388,0.2794129550457001,-0.11406128108501434,46.469017028808594,83.38334655761719,-1.1362109184265137,0.0,0.0,52.76899337768555,0,1,1,1,1,40.952205657958984,162.31533813476562,-55.61092758178711,62.804603576660156,154.2489013671875,-116.97372436523438,raise,7,2025-11-18T15:23:33.613783,my_hand_data\videos\raise_seq7_20251118_152333_095630.avi,89.6560882112294,360,90,HIGH,VIDEO_RECORDING,2025-11-18T15:23:37.171296
2025-11-18 15:23:33.623999,47,1060,HandType.Right,0.30859434604644775,59.27356719970703,110.93804931640625,-40.15151596069336,-0.9517716765403748,0.2853335440158844,-0.11276259273290634,40.14284133911133,79.82583618164062,-7.812681674957275,0.0,0.0,52.82546615600586,0,1,1,1,1,41.403446197509766,163.23269653320312,-55.604496002197266,63.25638961791992,155.24620056152344,-116.8980941772461,raise,7,2025-11-18T15:23:33.623999,my_hand_data\videos\raise_seq7_20251118_152333_095630.avi,89.6560882112294,360,90,HIGH,VIDEO_RECORDING,2025-11-18T15:23:37.171296
2025-11-18 15:23:33.634479,48,1060,HandType.Right,0.31300073862075806,59.84954833984375,111.84742736816406,-40.297157287597656,-0.9498952627182007,0.2918640077114105,-0.11186781525611877,54.51273727416992,86.06620788574219,-13.78399658203125,0.0,0.0,52.822425842285156,0,1,1,1,1,41.99899673461914,164.1302947998047,-55.702789306640625,63.69803237915039,156.18045043945312,-116.87305450439453,raise,7,2025-11-18T15:23:33.634479,my_hand_data\videos\raise_seq7_20251118_152333_095630.avi,89.6560882112294,360,90,HIGH,VIDEO_RECORDING,2025-11-18T15:23:37.171296
2025-11-18 15:23:33.644971,49,1060,HandType.Right,0.32118284702301025,60.35786056518555,112.82987976074219,-40.44781494140625,-0.9485660791397095,0.29645079374313354,-0.1110825389623642,44.655426025390625,86.30854034423828,-13.235260009765625,0.0,0.0,52.800201416015625,0,1,1,1,1,42.60448455810547,165.0768280029297,-55.83559799194336,64.17911529541016,157.1868896484375,-116.91046142578125,raise,7,2025-11-18T15:23:33.644971,my_hand_data\videos\raise_seq7_20251118_152333_095630.avi,89.6560882112294,360,90,HIGH,VIDEO_RECORDING,2025-11-18T15:23:37.171296
2025-11-18 15:23:33.657203,50,1060,HandType.Right,0.3264753818511963,61.00593566894531,113.87123107910156,-40.68119430541992,-0.94666588306427,0.30251508951187134,-0.11094298958778381,60.14592742919922,96.64547729492188,-21.659481048583984,0.0,0.0,52.78098678588867,0,1,1,1,1,43.34602355957031,166.07366943359375,-56.06031036376953,64.73401641845703,158.2069549560547,-116.95787048339844,raise,7,2025-11-18T15:23:33.657203,my_hand_data\videos\raise_seq7_20251118_152333_095630.avi,89.6560882112294,360,90,HIGH,VIDEO_RECORDING,2025-11-18T15:23:37.171296
2025-11-18 15:23:33.674881,51,1060,HandType.Right,0.33932995796203613,62.204978942871094,115.87208557128906,-41.18917465209961,-0.9433795809745789,0.31252363324165344,-0.11119314283132553,55.31324768066406,94.79613494873047,-24.241804122924805,0.0,0.0,52.70594024658203,0,1,1,1,1,44.88893508911133,168.07203674316406,-56.50400161743164,65.79081726074219,160.17221069335938,-117.11360168457031,raise,7,2025-11-18T15:23:33.674881,my_hand_data\videos\raise_seq7_20251118_152333_095630.avi,89.6560882112294,360,90,HIGH,VIDEO_RECORDING,2025-11-18T15:23:37.171296
2025-11-18 15:23:33.678893,52,1060,HandType.Right,0.33932995796203613,62.204978942871094,115.87208557128906,-41.18917465209961,-0.9433795809745789,0.31252363324165344,-0.11119314283132553,55.31324768066406,94.79613494873047,-24.241804122924805,0.0,0.0,52.70594024658203,0,1,1,1,1,44.88893508911133,168.07203674316406,-56.50400161743164,65.79081726074219,160.17221069335938,-117.11360168457031,raise,7,2025-11-18T15:23:33.678893,my_hand_data\videos\raise_seq7_20251118_152333_095630.avi,89.6560882112294,360,90,HIGH,VIDEO_RECORDING,2025-11-18T15:23:37.171296
2025-11-18 15:23:33.695413,53,1060,HandType.Right,0.3490731716156006,63.44111633300781,117.84380340576172,-41.77644348144531,-0.9392783045768738,0.3247986137866974,-0.11073469370603561,47.536399841308594,83.69461059570312,-27.785444259643555,0.0,0.0,52.705875396728516,0,1,1,1,1,46.364315032958984,170.2179718017578,-56.88753890991211,66.62712097167969,162.25144958496094,-116.95343017578125,raise,7,2025-11-18T15:23:33.695413,my_hand_data\videos\raise_seq7_20251118_152333_095630.avi,89.6560882112294,360,90,HIGH,VIDEO_RECORDING,2025-11-18T15:23:37.171296
2025-11-18 15:23:33.706430,54,1060,HandType.Right,0.35714268684387207,64.011962890625,118.74259185791016,-42.06084442138672,-0.9367645978927612,0.33240848779678345,-0.10943782329559326,54.10860061645508,85.1938705444336,-26.95735740661621,0.0,0.0,52.724525451660156,0,1,1,1,1,46.969818115234375,171.27255249023438,-57.117515563964844,66.83169555664062,163.1271514892578,-116.98131561279297,raise,7,2025-11-18T15:23:33.706430,my_hand_data\videos\raise_seq7_20251118_152333_095630.avi,89.6560882112294,360,90,HIGH,VIDEO_RECORDING,2025-11-18T15:23:37.171296
2025-11-18 15:23:33.715981,55,1060,HandType.Right,0.36387163400650024,64.58942413330078,119.8213119506836,-42.15428924560547,-0.9346590042114258,0.3387893736362457,-0.10786221921443939,52.9056510925293,98.82891082763672,-8.561271667480469,0.0,0.0,52.69004821777344,0,1,1,1,1,47.63251495361328,172.42813110351562,-57.19582748413086,67.16404724121094,164.2067413330078,-116.8328857421875,raise,7,2025-11-18T15:23:33.715981,my_hand_data\videos\raise_seq7_20251118_152333_095630.avi,89.6560882112294,360,90,HIGH,VIDEO_RECORDING,2025-11-18T15:23:37.171296
2025-11-18 15:23:33.726104,56,1060,HandType.Right,0.36387163400650024,64.58942413330078,119.8213119506836,-42.15428924560547,-0.9346590042114258,0.3387893736362457,-0.10786221921443939,52.9056510925293,98.82891082763672,-8.561271667480469,0.0,0.0,52.69004821777344,0,1,1,1,1,47.63251495361328,172.42813110351562,-57.19582748413086,67.16404724121094,164.2067413330078,-116.8328857421875,raise,7,2025-11-18T15:23:33.726104,my_hand_data\videos\raise_seq7_20251118_152333_095630.avi,89.6560882112294,360,90,HIGH,VIDEO_RECORDING,2025-11-18T15:23:37.171296
2025-11-18 15:23:33.735644,57,1060,HandType.Right,0.37145328521728516,65.17057800292969,120.97264862060547,-42.42625045776367,-0.9331703782081604,0.3432581126689911,-0.10661554336547852,52.46958541870117,103.94873046875,-24.554140090942383,0.0,0.0,52.62744903564453,0,1,1,1,1,48.23522186279297,173.57920837402344,-57.508872985839844,67.35246276855469,165.38059997558594,-116.91140747070312,raise,7,2025-11-18T15:23:33.735644,my_hand_data\videos\raise_seq7_20251118_152333_095630.avi,89.6560882112294,360,90,HIGH,VIDEO_RECORDING,2025-11-18T15:23:37.171296
2025-11-18 15:23:33.745692,58,1060,HandType.Right,0.37642741203308105,65.87860870361328,122.32086944580078,-42.61372756958008,-0.9318190813064575,0.34740763902664185,-0.10498159378767014,64.08654022216797,122.03274536132812,-16.969196319580078,0.0,0.013919834047555923,52.47910690307617,0,1,1,1,1,48.87516784667969,174.8424530029297,-57.860443115234375,67.56777954101562,166.76708984375,-116.81175231933594,raise,7,2025-11-18T15:23:33.745692,my_hand_data\videos\raise_seq7_20251118_152333_095630.avi,89.6560882112294,360,90,HIGH,VIDEO_RECORDING,2025-11-18T15:23:37.171296
2025-11-18 15:23:33.755744,59,1060,HandType.Right,0.380556583404541,66.53136444091797,123.73468780517578,-42.8206672668457,-0.9309812784194946,0.3499499559402466,-0.10396568477153778,57.582393646240234,124.7193603515625,-18.255189895629883,0.0,0.03003161959350109,52.191566467285156,0,1,1,1,1,49.360870361328125,175.9703826904297,-58.31752014160156,67.57256317138672,168.2164306640625,-116.77519989013672,raise,7,2025-11-18T15:23:33.755744,my_hand_data\videos\raise_seq7_20251118_152333_095630.avi,89.6560882112294,360,90,HIGH,VIDEO_RECORDING,2025-11-18T15:23:37.171296
2025-11-18 15:23:33.775850,60,1060,HandType.Right,0.3945855498313904,68.03765869140625,126.61087036132812,-43.10477828979492,-0.9288802146911621,0.3559589982032776,-0.10234591364860535,65.41667175292969,134.65147399902344,-9.969705581665039,0.0,0.07341330498456955,51.41061782836914,0,1,1,1,1,50.19839096069336,177.68960571289062,-59.36611557006836,67.59024810791016,171.13426208496094,-116.38436126708984,raise,7,2025-11-18T15:23:33.775850,my_hand_data\videos\raise_seq7_20251118_152333_095630.avi,89.6560882112294,360,90,HIGH,VIDEO_RECORDING,2025-11-18T15:23:37.171296
2025-11-18 15:23:33.783892,61,1060,HandType.Right,0.4006897211074829,68.77159118652344,127.978759765625,-43.27810287475586,-0.9278753995895386,0.35866641998291016,-0.10200801491737366,66.46163177490234,123.86907196044922,-15.695348739624023,0.0,0.09331084042787552,51.10895538330078,0,1,1,1,1,50.48062515258789,178.51376342773438,-59.92213821411133,67.63195037841797,172.49588012695312,-116.22897338867188,raise,7,2025-11-18T15:23:33.783892,my_hand_data\videos\raise_seq7_20251118_152333_095630.avi,89.6560882112294,360,90,HIGH,VIDEO_RECORDING,2025-11-18T15:23:37.171296
2025-11-18 15:23:33.789920,62,1060,HandType.Right,0.4006897211074829,68.77159118652344,127.978759765625,-43.27810287475586,-0.9278753995895386,0.35866641998291016,-0.10200801491737366,66.46163177490234,123.86907196044922,-15.695348739624023,0.0,0.09331084042787552,51.10895538330078,0,1,1,1,1,50.48062515258789,178.51376342773438,-59.92213821411133,67.63195037841797,172.49588012695312,-116.22897338867188,raise,7,2025-11-18T15:23:33.789920,my_hand_data\videos\raise_seq7_20251118_152333_095630.avi,89.6560882112294,360,90,HIGH,VIDEO_RECORDING,2025-11-18T15:23:37.171296
2025-11-18 15:23:33.806041,63,1060,HandType.Right,0.40827232599258423,70.22825622558594,130.8624725341797,-43.78896713256836,-0.9259553551673889,0.36413252353668213,-0.10007099062204361,68.98883056640625,131.99557495117188,-22.568479537963867,0.0,0.1363261193037033,50.46098327636719,0,1,1,1,1,51.25812530517578,180.39840698242188,-61.13463592529297,67.49327087402344,175.37969970703125,-116.00768280029297,raise,7,2025-11-18T15:23:33.806041,my_hand_data\videos\raise_seq7_20251118_152333_095630.avi,89.6560882112294,360,90,HIGH,VIDEO_RECORDING,2025-11-18T15:23:37.171296
2025-11-18 15:23:33.816099,64,1060,HandType.Right,0.40827232599258423,70.22825622558594,130.8624725341797,-43.78896713256836,-0.9259553551673889,0.36413252353668213,-0.10007099062204361,68.98883056640625,131.99557495117188,-22.568479537963867,0.0,0.1363261193037033,50.46098327636719,0,1,1,1,1,51.25812530517578,180.39840698242188,-61.13463592529297,67.49327087402344,175.37969970703125,-116.00768280029297,raise,7,2025-11-18T15:23:33.816099,my_hand_data\videos\raise_seq7_20251118_152333_095630.avi,89.6560882112294,360,90,HIGH,VIDEO_RECORDING,2025-11-18T15:23:37.171296
2025-11-18 15:23:33.826187,65,1060,HandType.Right,0.4158353805541992,70.99545288085938,132.313232421875,-44.05467987060547,-0.9250205159187317,0.36693689227104187,-0.09845995903015137,68.16511535644531,128.8997802734375,-23.608335494995117,0.0,0.15892216563224792,45.421531677246094,0,1,1,1,1,51.68152618408203,181.3533172607422,-61.75933074951172,67.41886138916016,176.86549377441406,-115.8839340209961,raise,7,2025-11-18T15:23:33.826187,my_hand_data\videos\raise_seq7_20251118_152333_095630.avi,89.6560882112294,360,90,HIGH,VIDEO_RECORDING,2025-11-18T15:23:37.171296
2025-11-18 15:23:33.836305,66,1060,HandType.Right,0.422451913356781,71.80180358886719,133.833984375,-44.350406646728516,-0.9242734313011169,0.368956059217453,-0.09792865812778473,72.48712921142578,136.70899963378906,-26.584571838378906,0.0,0.1814204603433609,50.89649200439453,0,1,1,1,1,52.04386901855469,182.25868225097656,-62.43790817260742,67.4250717163086,178.37139892578125,-115.7813949584961,raise,7,2025-11-18T15:23:33.836305,my_hand_data\videos\raise_seq7_20251118_152333_095630.avi,89.6560882112294,360,90,HIGH,VIDEO_RECORDING,2025-11-18T15:23:37.171296
2025-11-18 15:23:33.846000,67,1060,HandType.Right,0.4283173084259033,72.62567138671875,135.44924926757812,-44.627315521240234,-0.9238137006759644,0.3701540529727936,-0.09774573892354965,71.8594741821289,140.88671875,-24.152603149414062,0.0,0.2021360993385315,50.2708740234375,0,1,1,1,1,52.51040267944336,183.43255615234375,-63.00847244262695,67.38179016113281,179.9672088623047,-115.67145538330078,raise,7,2025-11-18T15:23:33.846000,my_hand_data\videos\raise_seq7_20251118_152333_095630.avi,89.6560882112294,360,90,HIGH,VIDEO_RECORDING,2025-11-18T15:23:37.171296
2025-11-18 15:23:33.856419,68,1060,HandType.Right,0.433992862701416,73.36841583251953,137.04393005371094,-44.813865661621094,-0.9239159822463989,0.36994025111198425,-0.09758830815553665,69.64308166503906,149.52491760253906,-17.491708755493164,0.0,0.2184893935918808,49.686893463134766,0,1,1,1,1,53.13923263549805,184.8415069580078,-63.43580627441406,67.42427062988281,181.5737762451172,-115.60256958007812,raise,7,2025-11-18T15:23:33.856419,my_hand_data\videos\raise_seq7_20251118_152333_095630.avi,89.6560882112294,360,90,HIGH,VIDEO_RECORDING,2025-11-18T15:23:37.171296
2025-11-18 15:23:33.876516,69,1060,HandType.Right,0.4453631639480591,75.03943634033203,140.40110778808594,-45.16740417480469,-0.9240843653678894,0.36943453550338745,-0.0979093611240387,73.38626098632812,148.4025115966797,-15.412800788879395,0.0,0.24724581837654114,48.760746002197266,0,1,1,1,1,54.59819412231445,187.9827423095703,-64.1641616821289,67.97535705566406,184.96644592285156,-115.4133529663086,raise,7,2025-11-18T15:23:33.876516,my_hand_data\videos\raise_seq7_20251118_152333_095630.avi,89.6560882112294,360,90,HIGH,VIDEO_RECORDING,2025-11-18T15:23:37.171296
2025-11-18 15:23:33.882178,70,1060,HandType.Right,0.45214998722076416,75.83265686035156,142.06988525390625,-45.37723922729492,-0.9245780110359192,0.36811819672584534,-0.0982062965631485,73.41189575195312,154.44500732421875,-19.420211791992188,0.0,0.254317969083786,48.47626495361328,0,1,1,1,1,55.251708984375,189.4710235595703,-64.58062744140625,68.45018768310547,186.6302947998047,-115.59938049316406,raise,7,2025-11-18T15:23:33.882178,my_hand_data\videos\raise_seq7_20251118_152333_095630.avi,89.6560882112294,360,90,HIGH,VIDEO_RECORDING,2025-11-18T15:23:37.171296
2025-11-18 15:23:33.896247,71,1060,HandType.Right,0.4591633081436157,76.6205062866211,143.8141326904297,-45.5748176574707,-0.9252254962921143,0.36633622646331787,-0.09877029806375504,71.29852294921875,157.8507843017578,-17.880298614501953,0.0,0.2597707211971283,48.267601013183594,0,1,1,1,1,55.9415397644043,191.11801147460938,-64.9511489868164,68.96998596191406,188.32960510253906,-115.80006408691406,raise,7,2025-11-18T15:23:33.896247,my_hand_data\videos\raise_seq7_20251118_152333_095630.avi,89.6560882112294,360,90,HIGH,VIDEO_RECORDING,2025-11-18T15:23:37.171296
2025-11-18 15:23:33.900097,72,1060,HandType.Right,0.4591633081436157,76.6205062866211,143.8141326904297,-45.5748176574707,-0.9252254962921143,0.36633622646331787,-0.09877029806375504,71.29852294921875,157.8507843017578,-17.880298614501953,0.0,0.2597707211971283,48.267601013183594,0,1,1,1,1,55.9415397644043,191.11801147460938,-64.9511489868164,68.96998596191406,188.32960510253906,-115.80006408691406,raise,7,2025-11-18T15:23:33.900097,my_hand_data\videos\raise_seq7_20251118_152333_095630.avi,89.6560882112294,360,90,HIGH,VIDEO_RECORDING,2025-11-18T15:23:37.171296
2025-11-18 15:23:33.916406,73,1060,HandType.Right,0.4642416834831238,77.37559509277344,145.61135864257812,-45.69552993774414,-0.9260672330856323,0.3640526533126831,-0.09932360053062439,68.22319030761719,162.3791961669922,-10.90648078918457,0.0,0.26329857110977173,48.09107971191406,0,1,1,1,1,56.5999641418457,192.73648071289062,-65.27242279052734,69.6273193359375,190.09620666503906,-115.9847183227539,raise,7,2025-11-18T15:23:33.916406,my_hand_data\videos\raise_seq7_20251118_152333_095630.avi,89.6560882112294,360,90,HIGH,VIDEO_RECORDING,2025-11-18T15:23:37.171296
2025-11-18 15:23:33.926252,74,1060,HandType.Right,0.47084999084472656,78.0832748413086,147.4014434814453,-45.82241439819336,-0.927009105682373,0.361677348613739,-0.09921489655971527,63.40049362182617,160.37416076660156,-11.36750602722168,0.0,0.262741357088089,47.9974250793457,0,1,1,1,1,57.25307846069336,194.42613220214844,-65.5184555053711,70.26832580566406,191.88429260253906,-116.26134490966797,raise,7,2025-11-18T15:23:33.926252,my_hand_data\videos\raise_seq7_20251118_152333_095630.avi,89.6560882112294,360,90,HIGH,VIDEO_RECORDING,2025-11-18T15:23:37.171296
2025-11-18 15:23:33.936720,75,1060,HandType.Right,0.4778352975845337,78.7777099609375,149.27378845214844,-45.9652099609375,-0.9285836815834045,0.35751500725746155,-0.09957612305879593,63.1934814453125,170.3824005126953,-12.994362831115723,0.0,0.261947900056839,47.86542892456055,0,1,1,1,1,57.873294830322266,196.0668182373047,-65.81329345703125,70.89605712890625,193.7084197998047,-116.59562683105469,raise,7,2025-11-18T15:23:33.936720,my_hand_data\videos\raise_seq7_20251118_152333_095630.avi,89.6560882112294,360,90,HIGH,VIDEO_RECORDING,2025-11-18T15:23:37.171296
2025-11-18 15:23:33.946785,76,1060,HandType.Right,0.48531556129455566,79.44795989990234,151.0726318359375,-46.061405181884766,-0.9305063486099243,0.35220465064048767,-0.1005474254488945,59.96155548095703,160.92738342285156,-8.606080055236816,0.0,0.2603754997253418,47.76316452026367,0,1,1,1,1,58.5175895690918,197.8121337890625,-66.01921081542969,71.4684066772461,195.4724884033203,-116.88104248046875,raise,7,2025-11-18T15:23:33.946785,my_hand_data\videos\raise_seq7_20251118_152333_095630.avi,89.6560882112294,360,90,HIGH,VIDEO_RECORDING,2025-11-18T15:23:37.171296
2025-11-18 15:23:33.956848,77,1060,HandType.Right,0.491607666015625,80.04610443115234,152.6410675048828,-46.0418701171875,-0.9323236346244812,0.3471295237541199,-0.10135955363512039,53.86275100708008,141.2368621826172,1.759416937828064,0.0,0.2625163197517395,47.61485290527344,0,1,1,1,1,59.035369873046875,199.23880004882812,-66.12946319580078,71.95091247558594,197.0384063720703,-116.91490173339844,raise,7,2025-11-18T15:23:33.956848,my_hand_data\videos\raise_seq7_20251118_152333_095630.avi,89.6560882112294,360,90,HIGH,VIDEO_RECORDING,2025-11-18T15:23:37.171296
2025-11-18 15:23:33.966994,78,1060,HandType.Right,0.4965977072715759,80.67594146728516,154.18475341796875,-46.07954788208008,-0.9332709312438965,0.3445008099079132,-0.1016097292304039,56.513214111328125,138.50900268554688,-3.380908250808716,0.0,0.2631185054779053,47.55891036987305,0,1,1,1,1,59.54185104370117,200.68919372558594,-66.2317123413086,72.55414581298828,198.6287384033203,-116.96863555908203,raise,7,2025-11-18T15:23:33.966994,my_hand_data\videos\raise_seq7_20251118_152333_095630.avi,89.6560882112294,360,90,HIGH,VIDEO_RECORDING,2025-11-18T15:23:37.171296
2025-11-18 15:23:33.987348,79,1060,HandType.Right,0.5086544156074524,81.81290435791016,157.09730529785156,-46.23980712890625,-0.934845507144928,0.3400026261806488,-0.10228407382965088,49.21028518676758,128.3358154296875,-8.290006637573242,0.0,0.2660601735115051,47.426395416259766,0,1,1,1,1,60.38430404663086,203.4898681640625,-66.53675079345703,73.56511688232422,201.61463928222656,-117.10693359375,raise,7,2025-11-18T15:23:33.987348,my_hand_data\videos\raise_seq7_20251118_152333_095630.avi,89.6560882112294,360,90,HIGH,VIDEO_RECORDING,2025-11-18T15:23:37.171296
2025-11-18 15:23:33.991965,80,1060,HandType.Right,0.5086544156074524,81.81290435791016,157.09730529785156,-46.23980712890625,-0.934845507144928,0.3400026261806488,-0.10228407382965088,49.21028518676758,128.3358154296875,-8.290006637573242,0.0,0.2660601735115051,47.426395416259766,0,1,1,1,1,60.38430404663086,203.4898681640625,-66.53675079345703,73.56511688232422,201.61463928222656,-117.10693359375,raise,7,2025-11-18T15:23:33.991965,my_hand_data\videos\raise_seq7_20251118_152333_095630.avi,89.6560882112294,360,90,HIGH,VIDEO_RECORDING,2025-11-18T15:23:37.171296
2025-11-18 15:23:34.007992,81,1060,HandType.Right,0.5224353075027466,82.8307876586914,159.63412475585938,-46.37621307373047,-0.9354643225669861,0.3381708562374115,-0.10269833356142044,43.954566955566406,109.98474884033203,-8.185070991516113,0.0,0.2672959864139557,47.360382080078125,0,1,1,1,1,61.34157943725586,206.07333374023438,-66.68032836914062,74.47808837890625,204.21884155273438,-117.19453430175781,raise,7,2025-11-18T15:23:34.007992,my_hand_data\videos\raise_seq7_20251118_152333_095630.avi,89.6560882112294,360,90,HIGH,VIDEO_RECORDING,2025-11-18T15:23:37.171296
2025-11-18 15:23:34.012025,82,1060,HandType.Right,0.5224353075027466,82.8307876586914,159.63412475585938,-46.37621307373047,-0.9354643225669861,0.3381708562374115,-0.10269833356142044,43.954566955566406,109.98474884033203,-8.185070991516113,0.0,0.2672959864139557,47.360382080078125,0,1,1,1,1,61.34157943725586,206.07333374023438,-66.68032836914062,74.47808837890625,204.21884155273438,-117.19453430175781,raise,7,2025-11-18T15:23:34.012025,my_hand_data\videos\raise_seq7_20251118_152333_095630.avi,89.6560882112294,360,90,HIGH,VIDEO_RECORDING,2025-11-18T15:23:37.171296
2025-11-18 15:23:34.028256,83,1060,HandType.Right,0.5257231593132019,83.33032989501953,160.89720153808594,-46.44268035888672,-0.9353235960006714,0.33851146697998047,-0.10285821557044983,45.44623947143555,114.90921020507812,-6.046698093414307,0.0,0.26993104815483093,47.29544448852539,0,1,1,1,1,61.77834701538086,207.36280822753906,-66.75016784667969,74.96256256103516,205.60629272460938,-117.13656616210938,raise,7,2025-11-18T15:23:34.028256,my_hand_data\videos\raise_seq7_20251118_152333_095630.avi,89.6560882112294,360,90,HIGH,VIDEO_RECORDING,2025-11-18T15:23:37.171296
2025-11-18 15:23:34.028256,84,1060,HandType.Right,0.5294016599655151,83.7393569946289,162.1114044189453,-46.43773651123047,-0.935127317905426,0.3390887975692749,-0.10274114459753036,35.23954772949219,104.6085433959961,0.4257712662220001,0.0,0.2728566825389862,47.25678253173828,0,1,1,1,1,62.07807540893555,208.5950927734375,-66.75580596923828,75.364990234375,206.9849853515625,-116.99207305908203,raise,7,2025-11-18T15:23:34.028256,my_hand_data\videos\raise_seq7_20251118_152333_095630.avi,89.6560882112294,360,90,HIGH,VIDEO_RECORDING,2025-11-18T15:23:37.171296
2025-11-18 15:23:34.048939,85,1060,HandType.Right,0.5334188938140869,84.11040496826172,163.23077392578125,-46.33297348022461,-0.9345746040344238,0.3407995104789734,-0.10210759192705154,34.71293258666992,104.72157287597656,9.801005363464355,0.0,0.27912643551826477,47.142242431640625,0,1,1,1,1,62.39400863647461,209.72946166992188,-66.58021545410156,75.74424743652344,208.42892456054688,-116.54192352294922,raise,7,2025-11-18T15:23:34.048939,my_hand_data\videos\raise_seq7_20251118_152333_095630.avi,89.6560882112294,360,90,HIGH,VIDEO_RECORDING,2025-11-18T15:23:37.171296
2025-11-18 15:23:34.059032,86,1060,HandType.Right,0.5397360920906067,84.46106719970703,164.29185485839844,-46.217063903808594,-0.9340795278549194,0.34224802255630493,-0.10179251432418823,31.548547744750977,95.46492004394531,10.42822551727295,0.0,0.2829955816268921,47.096920013427734,0,1,1,1,1,62.625057220458984,210.82034301757812,-66.40393829345703,76.07099151611328,209.7299041748047,-116.17308807373047,raise,7,2025-11-18T15:23:34.059032,my_hand_data\videos\raise_seq7_20251118_152333_095630.avi,89.6560882112294,360,90,HIGH,VIDEO_RECORDING,2025-11-18T15:23:37.171296
2025-11-18 15:23:34.069319,87,1060,HandType.Right,0.544503390789032,84.80175018310547,165.40313720703125,-46.09817886352539,-0.9335618019104004,0.3437706530094147,-0.10141058266162872,29.30132293701172,95.5771484375,10.224963188171387,0.0,0.2861781120300293,47.047760009765625,0,1,1,1,1,62.86311721801758,211.90554809570312,-66.25194549560547,76.35359191894531,210.98971557617188,-115.86888885498047,raise,7,2025-11-18T15:23:34.069319,my_hand_data\videos\raise_seq7_20251118_152333_095630.avi,89.6560882112294,360,90,HIGH,VIDEO_RECORDING,2025-11-18T15:23:37.171296
2025-11-18 15:23:34.079655,88,1060,HandType.Right,0.5493738651275635,85.07521057128906,166.4821014404297,-45.9807014465332,-0.9330911040306091,0.3452891707420349,-0.10058026015758514,25.65764617919922,101.23579406738281,11.02246379852295,0.0,0.29143303632736206,46.96632766723633,0,1,1,1,1,62.972984313964844,212.90162658691406,-66.08941650390625,76.57343292236328,212.33538818359375,-115.45368194580078,raise,7,2025-11-18T15:23:34.079655,my_hand_data\videos\raise_seq7_20251118_152333_095630.avi,89.6560882112294,360,90,HIGH,VIDEO_RECORDING,2025-11-18T15:23:37.171296
2025-11-18 15:23:34.089770,89,1060,HandType.Right,0.5541487336158752,85.34556579589844,167.55294799804688,-45.8774528503418,-0.9328437447547913,0.3460874855518341,-0.10012969374656677,23.80912208557129,94.30545806884766,9.09288501739502,0.0,0.2938212752342224,46.957305908203125,0,1,1,1,1,63.01631164550781,213.868896484375,-65.98822784423828,76.75577545166016,213.60279846191406,-115.20880126953125,raise,7,2025-11-18T15:23:34.089770,my_hand_data\videos\raise_seq7_20251118_152333_095630.avi,89.6560882112294,360,90,HIGH,VIDEO_RECORDING,2025-11-18T15:23:37.171296
2025-11-18 15:23:34.109941,90,1060,HandType.Right,0.5627612471580505,85.87342071533203,169.67938232421875,-45.63640213012695,-0.9325963258743286,0.3470621109008789,-0.09905563294887543,22.671825408935547,92.73141479492188,15.742314338684082,0.0,0.29306110739707947,47.051204681396484,0,1,1,1,1,63.21710205078125,215.98605346679688,-65.67494201660156,77.22211456298828,216.13079833984375,-114.82886505126953,raise,7,2025-11-18T15:23:34.109941,my_hand_data\videos\raise_seq7_20251118_152333_095630.avi,89.6560882112294,360,90,HIGH,VIDEO_RECORDING,2025-11-18T15:23:37.171296
2025-11-18 15:23:34.109941,91,1060,HandType.Right,0.5627612471580505,85.87342071533203,169.67938232421875,-45.63640213012695,-0.9325963258743286,0.3470621109008789,-0.09905563294887543,22.671825408935547,92.73141479492188,15.742314338684082,0.0,0.29306110739707947,47.051204681396484,0,1,1,1,1,63.21710205078125,215.98605346679688,-65.67494201660156,77.22211456298828,216.13079833984375,-114.82886505126953,raise,7,2025-11-18T15:23:34.109941,my_hand_data\videos\raise_seq7_20251118_152333_095630.avi,89.6560882112294,360,90,HIGH,VIDEO_RECORDING,2025-11-18T15:23:37.171296
2025-11-18 15:23:34.130370,92,1060,HandType.Right,0.5709034204483032,86.39563751220703,171.7709197998047,-45.43911361694336,-0.9322426319122314,0.34806784987449646,-0.09885567426681519,21.093791961669922,94.09505462646484,8.789823532104492,0.0,0.2969014346599579,47.10756301879883,0,1,1,1,1,63.263336181640625,217.92588806152344,-65.43164825439453,77.69327545166016,218.72601318359375,-114.2732925415039,raise,7,2025-11-18T15:23:34.130370,my_hand_data\videos\raise_seq7_20251118_152333_095630.avi,89.6560882112294,360,90,HIGH,VIDEO_RECORDING,2025-11-18T15:23:37.171296
2025-11-18 15:23:34.134146,93,1060,HandType.Right,0.5709034204483032,86.39563751220703,171.7709197998047,-45.43911361694336,-0.9322426319122314,0.34806784987449646,-0.09885567426681519,21.093791961669922,94.09505462646484,8.789823532104492,0.0,0.2969014346599579,47.10756301879883,0,1,1,1,1,63.263336181640625,217.92588806152344,-65.43164825439453,77.69327545166016,218.72601318359375,-114.2732925415039,raise,7,2025-11-18T15:23:34.134146,my_hand_data\videos\raise_seq7_20251118_152333_095630.avi,89.6560882112294,360,90,HIGH,VIDEO_RECORDING,2025-11-18T15:23:37.171296
2025-11-18 15:23:34.150236,94,1060,HandType.Right,0.5770804286003113,86.81228637695312,173.75473022460938,-45.318328857421875,-0.9321862459182739,0.34824419021606445,-0.09876648336648941,16.844614028930664,82.06498718261719,5.711329936981201,0.0,0.30819812417030334,46.93485641479492,0,1,1,1,1,63.32360076904297,219.73556518554688,-65.28913116455078,77.81961822509766,221.17074584960938,-113.61217498779297,raise,7,2025-11-18T15:23:34.150236,my_hand_data\videos\raise_seq7_20251118_152333_095630.avi,89.6560882112294,360,90,HIGH,VIDEO_RECORDING,2025-11-18T15:23:37.171296
2025-11-18 15:23:34.160284,95,1060,HandType.Right,0.5770804286003113,86.81228637695312,173.75473022460938,-45.318328857421875,-0.9321862459182739,0.34824419021606445,-0.09876648336648941,16.844614028930664,82.06498718261719,5.711329936981201,0.0,0.30819812417030334,46.93485641479492,0,1,1,1,1,63.32360076904297,219.73556518554688,-65.28913116455078,77.81961822509766,221.17074584960938,-113.61217498779297,raise,7,2025-11-18T15:23:34.160284,my_hand_data\videos\raise_seq7_20251118_152333_095630.avi,89.6560882112294,360,90,HIGH,VIDEO_RECORDING,2025-11-18T15:23:37.171296
2025-11-18 15:23:34.170335,96,1060,HandType.Right,0.5787389278411865,86.96809387207031,174.66302490234375,-45.252235412597656,-0.9321995973587036,0.3482905626296997,-0.09847614169120789,14.2345609664917,82.97920227050781,6.038286209106445,0.005219073500484228,0.31364917755126953,46.81657791137695,0,1,1,1,1,63.38959884643555,220.60098266601562,-65.1939697265625,77.82901000976562,222.2853240966797,-113.29357147216797,raise,7,2025-11-18T15:23:34.170335,my_hand_data\videos\raise_seq7_20251118_152333_095630.avi,89.6560882112294,360,90,HIGH,VIDEO_RECORDING,2025-11-18T15:23:37.171296
2025-11-18 15:23:34.179885,97,1060,HandType.Right,0.5805904865264893,87.11888122558594,175.59030151367188,-45.16361618041992,-0.9322202801704407,0.34815433621406555,-0.0987616553902626,13.403499603271484,82.42427825927734,7.87730598449707,0.012602238915860653,0.31895536184310913,46.7283935546875,0,1,1,1,1,63.45209503173828,221.50308227539062,-65.08251953125,77.90679931640625,223.41453552246094,-112.94558715820312,raise,7,2025-11-18T15:23:34.179885,my_hand_data\videos\raise_seq7_20251118_152333_095630.avi,89.6560882112294,360,90,HIGH,VIDEO_RECORDING,2025-11-18T15:23:37.171296
2025-11-18 15:23:34.190284,98,1060,HandType.Right,0.5830823183059692,87.26502227783203,176.5188446044922,-45.127777099609375,-0.9322606921195984,0.34793341159820557,-0.09915792942047119,13.220259666442871,84.00078582763672,3.2422306537628174,0.01766148954629898,0.32307878136634827,46.63585662841797,0,1,1,1,1,63.5295524597168,222.4344482421875,-65.05306243896484,77.94270324707031,224.48193359375,-112.7476577758789,raise,7,2025-11-18T15:23:34.190284,my_hand_data\videos\raise_seq7_20251118_152333_095630.avi,89.6560882112294,360,90,HIGH,VIDEO_RECORDING,2025-11-18T15:23:37.171296
2025-11-18 15:23:34.200344,99,1060,HandType.Right,0.5844890475273132,87.35723114013672,177.43548583984375,-45.11211013793945,-0.932515025138855,0.3471774160861969,-0.09941587597131729,8.20727252960205,81.5886001586914,1.3942327499389648,0.02208426594734192,0.3257673978805542,46.56089401245117,0,1,1,1,1,63.57514953613281,223.3121337890625,-65.04135131835938,77.94480895996094,225.49591064453125,-112.63123321533203,raise,7,2025-11-18T15:23:34.200344,my_hand_data\videos\raise_seq7_20251118_152333_095630.avi,89.6560882112294,360,90,HIGH,VIDEO_RECORDING,2025-11-18T15:23:37.171296
2025-11-18 15:23:34.220439,100,1060,HandType.Right,0.5876278281211853,87.55377197265625,179.0414581298828,-45.062129974365234,-0.9325814247131348,0.3469458520412445,-0.0996016189455986,7.512420654296875,67.3954086303711,2.5196163654327393,0.027284611016511917,0.3366682231426239,46.31441116333008,0,1,1,1,1,63.7005500793457,224.86216735839844,-64.93219757080078,77.87284088134766,227.30531311035156,-112.10626220703125,raise,7,2025-11-18T15:23:34.220439,my_hand_data\videos\raise_seq7_20251118_152333_095630.avi,89.6560882112294,360,90,HIGH,VIDEO_RECORDING,2025-11-18T15:23:37.171296
2025-11-18 15:23:34.220439,101,1060,HandType.Right,0.5876278281211853,87.55377197265625,179.0414581298828,-45.062129974365234,-0.9325814247131348,0.3469458520412445,-0.0996016189455986,7.512420654296875,67.3954086303711,2.5196163654327393,0.027284611016511917,0.3366682231426239,46.31441116333008,0,1,1,1,1,63.7005500793457,224.86216735839844,-64.93219757080078,77.87284088134766,227.30531311035156,-112.10626220703125,raise,7,2025-11-18T15:23:34.220439,my_hand_data\videos\raise_seq7_20251118_152333_095630.avi,89.6560882112294,360,90,HIGH,VIDEO_RECORDING,2025-11-18T15:23:37.171296
2025-11-18 15:23:34.240925,102,1060,HandType.Right,0.5889561176300049,87.61968231201172,179.82070922851562,-45.111759185791016,-0.9325964450836182,0.3467300832271576,-0.10021042078733444,5.909501075744629,69.86807250976562,-4.449831008911133,0.028950411826372147,0.3388049900531769,46.252342224121094,0,1,1,1,1,63.73536682128906,225.64096069335938,-64.95049285888672,77.90547943115234,228.214599609375,-112.02876281738281,raise,7,2025-11-18T15:23:34.240925,my_hand_data\videos\raise_seq7_20251118_152333_095630.avi,89.6560882112294,360,90,HIGH,VIDEO_RECORDING,2025-11-18T15:23:37.171296
2025-11-18 15:23:34.240925,103,1060,HandType.Right,0.5896205902099609,87.57452392578125,180.4936981201172,-45.10630798339844,-0.932752251625061,0.3462551236152649,-0.10040253400802612,-4.072856426239014,60.70108413696289,0.49143633246421814,0.03175915405154228,0.3388172388076782,46.23678207397461,0,1,1,1,1,63.68415069580078,226.32594299316406,-64.94098663330078,77.84573364257812,229.00306701660156,-112.01433563232422,raise,7,2025-11-18T15:23:34.240925,my_hand_data\videos\raise_seq7_20251118_152333_095630.avi,89.6560882112294,360,90,HIGH,VIDEO_RECORDING,2025-11-18T15:23:37.171296
2025-11-18 15:23:34.261419,104,1060,HandType.Right,0.5931140780448914,87.38056945800781,181.8966522216797,-45.181373596191406,-0.9333258271217346,0.3446934223175049,-0.1004459336400032,-8.695180892944336,60.08063507080078,-6.447031021118164,0.037481315433979034,0.3452208638191223,46.05421447753906,0,1,1,1,1,63.44497299194336,227.6785125732422,-64.99290466308594,77.41095733642578,230.55996704101562,-111.85071563720703,raise,7,2025-11-18T15:23:34.261419,my_hand_data\videos\raise_seq7_20251118_152333_095630.avi,89.6560882112294,360,90,HIGH,VIDEO_RECORDING,2025-11-18T15:23:37.171296
2025-11-18 15:23:34.271824,105,1060,HandType.Right,0.5942262411117554,87.24598693847656,182.51690673828125,-45.2313232421875,-0.9335941076278687,0.344058632850647,-0.10012850165367126,-12.128741264343262,55.89913558959961,-4.501277923583984,0.040017347782850266,0.3452080488204956,46.05323791503906,0,1,1,1,1,63.25070571899414,228.1877899169922,-65.02220153808594,77.23824310302734,231.2351837158203,-111.86524963378906,raise,7,2025-11-18T15:23:34.271824,my_hand_data\videos\raise_seq7_20251118_152333_095630.avi,89.6560882112294,360,90,HIGH,VIDEO_RECORDING,2025-11-18T15:23:37.171296
2025-11-18 15:23:34.282113,106,1060,HandType.Right,0.595328152179718,87.09571075439453,183.1310272216797,-45.30017852783203,-0.9337143301963806,0.34387725591659546,-0.09962902963161469,-13.714884757995605,56.04793930053711,-6.284162998199463,0.04382134601473808,0.3473818600177765,46.01475524902344,0,1,1,1,1,63.00902557373047,228.72833251953125,-65.06988525390625,76.96454620361328,231.92266845703125,-111.82096862792969,raise,7,2025-11-18T15:23:34.282113,my_hand_data\videos\raise_seq7_20251118_152333_095630.avi,89.6560882112294,360,90,HIGH,VIDEO_RECORDING,2025-11-18T15:23:37.171296
2025-11-18 15:23:34.292222,107,1060,HandType.Right,0.595328152179718,87.09571075439453,183.1310272216797,-45.30017852783203,-0.9337143301963806,0.34387725591659546,-0.09962902963161469,-13.714884757995605,56.04793930053711,-6.284162998199463,0.04382134601473808,0.3473818600177765,46.01475524902344,0,1,1,1,1,63.00902557373047,228.72833251953125,-65.06988525390625,76.96454620361328,231.92266845703125,-111.82096862792969,raise,7,2025-11-18T15:23:34.292222,my_hand_data\videos\raise_seq7_20251118_152333_095630.avi,89.6560882112294,360,90,HIGH,VIDEO_RECORDING,2025-11-18T15:23:37.171296
2025-11-18 15:23:34.302659,108,1060,HandType.Right,0.5968595147132874,86.89717864990234,183.671142578125,-45.292728424072266,-0.9336957931518555,0.34418898820877075,-0.09872256964445114,-17.704050064086914,48.16438293457031,0.664194643497467,0.047302842140197754,0.3491564393043518,46.008033752441406,0,1,1,1,1,62.70085144042969,229.22122192382812,-65.00055694580078,76.62316131591797,232.5684051513672,-111.67510986328125,raise,7,2025-11-18T15:23:34.302659,my_hand_data\videos\raise_seq7_20251118_152333_095630.avi,89.6560882112294,360,90,HIGH,VIDEO_RECORDING,2025-11-18T15:23:37.171296
2025-11-18 15:23:34.313007,109,1060,HandType.Right,0.598336398601532,86.6624526977539,184.1929168701172,-45.32453918457031,-0.9337188005447388,0.3444485366344452,-0.09759298712015152,-21.221242904663086,47.17259979248047,-2.8760058879852295,0.05073312669992447,0.34976378083229065,46.04263687133789,0,1,1,1,1,62.32340621948242,229.66390991210938,-64.96881103515625,76.2752685546875,233.20037841796875,-111.59376525878906,raise,7,2025-11-18T15:23:34.313007,my_hand_data\videos\raise_seq7_20251118_152333_095630.avi,89.6560882112294,360,90,HIGH,VIDEO_RECORDING,2025-11-18T15:23:37.171296
2025-11-18 15:23:34.323211,110,1060,HandType.Right,0.5994721055030823,86.38847351074219,184.7169647216797,-45.378944396972656,-0.9339830279350281,0.34417134523391724,-0.09602995216846466,-24.306333541870117,46.492191314697266,-4.826589584350586,0.05175352096557617,0.3486514985561371,46.07889938354492,0,1,1,1,1,61.96983337402344,230.10325622558594,-64.97239685058594,75.94169616699219,233.78363037109375,-111.62458038330078,raise,7,2025-11-18T15:23:34.323211,my_hand_data\videos\raise_seq7_20251118_152333_095630.avi,89.6560882112294,360,90,HIGH,VIDEO_RECORDING,2025-11-18T15:23:37.171296
2025-11-18 15:23:34.343527,111,1060,HandType.Right,0.602362334728241,85.90775299072266,185.73715209960938,-45.41240692138672,-0.9341707229614258,0.3443980813026428,-0.09335403144359589,-19.44606590270996,50.513885498046875,-2.468444347381592,0.05507669597864151,0.34667500853538513,46.22509002685547,0,1,1,1,1,61.25129318237305,231.04196166992188,-64.86975860595703,75.36395263671875,234.96511840820312,-111.53687286376953,raise,7,2025-11-18T15:23:34.343527,my_hand_data\videos\raise_seq7_20251118_152333_095630.avi,89.6560882112294,360,90,HIGH,VIDEO_RECORDING,2025-11-18T15:23:37.171296
2025-11-18 15:23:34.343527,112,1060,HandType.Right,0.602362334728241,85.90775299072266,185.73715209960938,-45.41240692138672,-0.9341707229614258,0.3443980813026428,-0.09335403144359589,-19.44606590270996,50.513885498046875,-2.468444347381592,0.05507669597864151,0.34667500853538513,46.22509002685547,0,1,1,1,1,61.25129318237305,231.04196166992188,-64.86975860595703,75.36395263671875,234.96511840820312,-111.53687286376953,raise,7,2025-11-18T15:23:34.343527,my_hand_data\videos\raise_seq7_20251118_152333_095630.avi,89.6560882112294,360,90,HIGH,VIDEO_RECORDING,2025-11-18T15:23:37.171296
2025-11-18 15:23:34.363777,113,1060,HandType.Right,0.6068776249885559,85.52626037597656,186.84426879882812,-45.633201599121094,-0.9341530203819275,0.3451976776123047,-0.09053562581539154,-14.759759902954102,48.485294342041016,-11.4066743850708,0.05681353807449341,0.34580081701278687,46.29629135131836,0,1,1,1,1,60.70662307739258,232.11920166015625,-64.98091888427734,74.92621612548828,236.36737060546875,-111.61747741699219,raise,7,2025-11-18T15:23:34.363777,my_hand_data\videos\raise_seq7_20251118_152333_095630.avi,89.6560882112294,360,90,HIGH,VIDEO_RECORDING,2025-11-18T15:23:37.171296
2025-11-18 15:23:34.365098,114,1060,HandType.Right,0.6068776249885559,85.52626037597656,186.84426879882812,-45.633201599121094,-0.9341530203819275,0.3451976776123047,-0.09053562581539154,-14.759759902954102,48.485294342041016,-11.4066743850708,0.05681353807449341,0.34580081701278687,46.29629135131836,0,1,1,1,1,60.70662307739258,232.11920166015625,-64.98091888427734,74.92621612548828,236.36737060546875,-111.61747741699219,raise,7,2025-11-18T15:23:34.365098,my_hand_data\videos\raise_seq7_20251118_152333_095630.avi,89.6560882112294,360,90,HIGH,VIDEO_RECORDING,2025-11-18T15:23:37.171296
2025-11-18 15:23:34.384451,115,1060,HandType.Right,0.6123096942901611,85.25144958496094,188.11326599121094,-45.745811462402344,-0.9341849088668823,0.3458000421524048,-0.0878686010837555,-10.94183349609375,62.93781280517578,-4.663913726806641,0.05688285827636719,0.3476319909095764,46.2165641784668,0,1,1,1,1,60.39374923706055,233.31765747070312,-65.09028625488281,74.54780578613281,237.87942504882812,-111.63162994384766,raise,7,2025-11-18T15:23:34.384451,my_hand_data\videos\raise_seq7_20251118_152333_095630.avi,89.6560882112294,360,90,HIGH,VIDEO_RECORDING,2025-11-18T15:23:37.171296
2025-11-18 15:23:34.394614,116,1060,HandType.Right,0.6142065525054932,85.14413452148438,188.81980895996094,-45.780277252197266,-0.9343938231468201,0.3455847501754761,-0.08648362010717392,-9.549516677856445,62.87110900878906,-3.0669381618499756,0.05544442683458328,0.3473360538482666,46.18114471435547,0,1,1,1,1,60.25914764404297,234.02880859375,-65.11294555664062,74.36669921875,238.7157440185547,-111.6651611328125,raise,7,2025-11-18T15:23:34.394614,my_hand_data\videos\raise_seq7_20251118_152333_095630.avi,89.6560882112294,360,90,HIGH,VIDEO_RECORDING,2025-11-18T15:23:37.171296
2025-11-18 15:23:34.404647,117,1060,HandType.Right,0.6142065525054932,85.14413452148438,188.81980895996094,-45.780277252197266,-0.9343938231468201,0.3455847501754761,-0.08648362010717392,-9.549516677856445,62.87110900878906,-3.0669381618499756,0.05544442683458328,0.3473360538482666,46.18114471435547,0,1,1,1,1,60.25914764404297,234.02880859375,-65.11294555664062,74.36669921875,238.7157440185547,-111.6651611328125,raise,7,2025-11-18T15:23:34.404647,my_hand_data\videos\raise_seq7_20251118_152333_095630.avi,89.6560882112294,360,90,HIGH,VIDEO_RECORDING,2025-11-18T15:23:37.171296
2025-11-18 15:23:34.415058,118,1060,HandType.Right,0.6161098480224609,85.05655670166016,189.48486328125,-45.84885787963867,-0.9345537424087524,0.34544122219085693,-0.08532107621431351,-7.769965171813965,59.005287170410156,-6.0845441818237305,0.056763362139463425,0.3462614119052887,46.218597412109375,0,1,1,1,1,60.09033203125,234.68731689453125,-65.15592193603516,74.25686645507812,239.45376586914062,-111.72264099121094,raise,7,2025-11-18T15:23:34.415058,my_hand_data\videos\raise_seq7_20251118_152333_095630.avi,89.6560882112294,360,90,HIGH,VIDEO_RECORDING,2025-11-18T15:23:37.171296
2025-11-18 15:23:34.425440,119,1060,HandType.Right,0.6181274652481079,84.93473815917969,190.12376403808594,-45.88398742675781,-0.9347938895225525,0.34504613280296326,-0.08428273350000381,-11.149568557739258,58.474945068359375,-3.2154598236083984,0.05795415863394737,0.34436532855033875,46.26264572143555,0,1,1,1,1,59.90850830078125,235.41232299804688,-65.13601684570312,74.1009750366211,240.24203491210938,-111.76242065429688,raise,7,2025-11-18T15:23:34.425440,my_hand_data\videos\raise_seq7_20251118_152333_095630.avi,89.6560882112294,360,90,HIGH,VIDEO_RECORDING,2025-11-18T15:23:37.171296
2025-11-18 15:23:34.435770,120,1060,HandType.Right,0.6198374629020691,84.8416976928711,190.81423950195312,-45.93825912475586,-0.9350178837776184,0.3447263836860657,-0.083097904920578,-8.345193862915039,61.931793212890625,-4.8679118156433105,0.05796191096305847,0.3428807258605957,46.3056640625,0,1,1,1,1,59.70633316040039,236.12303161621094,-65.16447448730469,73.9553451538086,241.0576629638672,-111.81903076171875,raise,7,2025-11-18T15:23:34.435770,my_hand_data\videos\raise_seq7_20251118_152333_095630.avi,89.6560882112294,360,90,HIGH,VIDEO_RECORDING,2025-11-18T15:23:37.171296
2025-11-18 15:23:34.446117,121,1060,HandType.Right,0.622214138507843,84.77997589111328,191.58229064941406,-46.02195358276367,-0.9351266622543335,0.34472399950027466,-0.08187493681907654,-5.56150484085083,69.19977569580078,-7.540429592132568,0.06166708469390869,0.34047913551330566,46.372371673583984,0,1,1,1,1,59.612060546875,236.96868896484375,-65.18291473388672,73.91357421875,241.98793029785156,-111.90703582763672,raise,7,2025-11-18T15:23:34.446117,my_hand_data\videos\raise_seq7_20251118_152333_095630.avi,89.6560882112294,360,90,HIGH,VIDEO_RECORDING,2025-11-18T15:23:37.171296
2025-11-18 15:23:34.466708,122,1060,HandType.Right,0.6268903017044067,84.7109603881836,193.0767822265625,-45.99673843383789,-0.9350370764732361,0.34558436274528503,-0.07922845333814621,-2.0862960815429688,67.76031494140625,-0.938214123249054,0.06328944861888885,0.33464470505714417,46.54994583129883,0,1,1,1,1,59.525733947753906,238.87228393554688,-64.9352035522461,73.85580444335938,243.84446716308594,-111.88739776611328,raise,7,2025-11-18T15:23:34.466708,my_hand_data\videos\raise_seq7_20251118_152333_095630.avi,89.6560882112294,360,90,HIGH,VIDEO_RECORDING,2025-11-18T15:23:37.171296
2025-11-18 15:23:34.469313,123,1060,HandType.Right,0.6292067766189575,84.71914672851562,193.87515258789062,-46.10723876953125,-0.9349047541618347,0.3461596667766571,-0.07827259600162506,0.7540435791015625,73.50790405273438,-10.173856735229492,0.06505925208330154,0.3331010639667511,46.611045837402344,0,1,1,1,1,59.499046325683594,239.84695434570312,-64.9695053100586,73.82478332519531,244.75177001953125,-111.98974609375,raise,7,2025-11-18T15:23:34.469313,my_hand_data\videos\raise_seq7_20251118_152333_095630.avi,89.6560882112294,360,90,HIGH,VIDEO_RECORDING,2025-11-18T15:23:37.171296
2025-11-18 15:23:34.487143,124,1060,HandType.Right,0.6316606998443604,84.75753021240234,194.69683837890625,-46.262489318847656,-0.9348268508911133,0.34659677743911743,-0.0772620439529419,3.444145917892456,73.73443603515625,-13.931307792663574,0.06704381853342056,0.33145672082901,46.66854476928711,0,1,1,1,1,59.49093246459961,240.84051513671875,-65.0934829711914,73.83413696289062,245.693115234375,-112.18061065673828,raise,7,2025-11-18T15:23:34.487143,my_hand_data\videos\raise_seq7_20251118_152333_095630.avi,89.6560882112294,360,90,HIGH,VIDEO_RECORDING,2025-11-18T15:23:37.171296
2025-11-18 15:23:34.493818,125,1060,HandType.Right,0.6316606998443604,84.75753021240234,194.69683837890625,-46.262489318847656,-0.9348268508911133,0.34659677743911743,-0.0772620439529419,3.444145917892456,73.73443603515625,-13.931307792663574,0.06704381853342056,0.33145672082901,46.66854476928711,0,1,1,1,1,59.49093246459961,240.84051513671875,-65.0934829711914,73.83413696289062,245.693115234375,-112.18061065673828,raise,7,2025-11-18T15:23:34.493818,my_hand_data\videos\raise_seq7_20251118_152333_095630.avi,89.6560882112294,360,90,HIGH,VIDEO_RECORDING,2025-11-18T15:23:37.171296
2025-11-18 15:23:34.507737,126,1060,HandType.Right,0.6361232995986938,84.82707977294922,196.2102813720703,-46.4193115234375,-0.9346516728401184,0.3475177586078644,-0.0752175971865654,4.59099006652832,68.0759048461914,-5.9752631187438965,0.06857359409332275,0.32910820841789246,46.757572174072266,0,1,1,1,1,59.490055084228516,242.6295623779297,-65.16516876220703,73.78557586669922,247.41464233398438,-112.36792755126953,raise,7,2025-11-18T15:23:34.507737,my_hand_data\videos\raise_seq7_20251118_152333_095630.avi,89.6560882112294,360,90,HIGH,VIDEO_RECORDING,2025-11-18T15:23:37.171296
2025-11-18 15:23:34.510435,127,1060,HandType.Right,0.6361232995986938,84.82707977294922,196.2102813720703,-46.4193115234375,-0.9346516728401184,0.3475177586078644,-0.0752175971865654,4.59099006652832,68.0759048461914,-5.9752631187438965,0.06857359409332275,0.32910820841789246,46.757572174072266,0,1,1,1,1,59.490055084228516,242.6295623779297,-65.16516876220703,73.78557586669922,247.41464233398438,-112.36792755126953,raise,7,2025-11-18T15:23:34.510435,my_hand_data\videos\raise_seq7_20251118_152333_095630.avi,89.6560882112294,360,90,HIGH,VIDEO_RECORDING,2025-11-18T15:23:37.171296
2025-11-18 15:23:34.528178,128,1060,HandType.Right,0.6405247449874878,85.04547882080078,197.98297119140625,-46.6123046875,-0.9345174431800842,0.34829816222190857,-0.07324940711259842,11.86829662322998,82.72482299804688,-11.242281913757324,0.06881299614906311,0.32809239625930786,46.796207427978516,0,1,1,1,1,59.654720306396484,244.7035675048828,-65.25355529785156,73.843017578125,249.34901428222656,-112.54002380371094,raise,7,2025-11-18T15:23:34.528178,my_hand_data\videos\raise_seq7_20251118_152333_095630.avi,89.6560882112294,360,90,HIGH,VIDEO_RECORDING,2025-11-18T15:23:37.171296
2025-11-18 15:23:34.538243,129,1060,HandType.Right,0.6441184878349304,85.13916778564453,198.86587524414062,-46.71867370605469,-0.934375524520874,0.3488779366016388,-0.07229473441839218,8.521976470947266,80.3153305053711,-9.675890922546387,0.06787174940109253,0.32705157995224,46.82279586791992,0,1,1,1,1,59.720706939697266,245.7556915283203,-65.3160171508789,73.90789031982422,250.39523315429688,-112.64383697509766,raise,7,2025-11-18T15:23:34.538243,my_hand_data\videos\raise_seq7_20251118_152333_095630.avi,89.6560882112294,360,90,HIGH,VIDEO_RECORDING,2025-11-18T15:23:37.171296
2025-11-18 15:23:34.548268,130,1060,HandType.Right,0.6468738317489624,85.21400451660156,199.77247619628906,-46.78788757324219,-0.9343254566192627,0.3492017984390259,-0.07137277722358704,6.819711208343506,82.61283874511719,-6.307288646697998,0.06669052690267563,0.32529082894325256,46.85564041137695,0,1,1,1,1,59.76171875,246.7940673828125,-65.33037567138672,73.94865417480469,251.45101928710938,-112.72378540039062,raise,7,2025-11-18T15:23:34.548268,my_hand_data\videos\raise_seq7_20251118_152333_095630.avi,89.6560882112294,360,90,HIGH,VIDEO_RECORDING,2025-11-18T15:23:37.171296
2025-11-18 15:23:34.558612,131,1060,HandType.Right,0.6468738317489624,85.21400451660156,199.77247619628906,-46.78788757324219,-0.9343254566192627,0.3492017984390259,-0.07137277722358704,6.819711208343506,82.61283874511719,-6.307288646697998,0.06669052690267563,0.32529082894325256,46.85564041137695,0,1,1,1,1,59.76171875,246.7940673828125,-65.33037567138672,73.94865417480469,251.45101928710938,-112.72378540039062,raise,7,2025-11-18T15:23:34.558612,my_hand_data\videos\raise_seq7_20251118_152333_095630.avi,89.6560882112294,360,90,HIGH,VIDEO_RECORDING,2025-11-18T15:23:37.171296
2025-11-18 15:23:34.568847,132,1060,HandType.Right,0.6498042345046997,85.25386810302734,200.58168029785156,-46.882957458496094,-0.9342827796936035,0.34949541091918945,-0.07048885524272919,3.5991978645324707,73.05965423583984,-8.583306312561035,0.06621526181697845,0.32451269030570984,46.852352142333984,0,1,1,1,1,59.777076721191406,247.76414489746094,-65.37059020996094,73.87039184570312,252.3709259033203,-112.8232192993164,raise,7,2025-11-18T15:23:34.568847,my_hand_data\videos\raise_seq7_20251118_152333_095630.avi,89.6560882112294,360,90,HIGH,VIDEO_RECORDING,2025-11-18T15:23:37.171296
2025-11-18 15:23:34.578532,133,1060,HandType.Right,0.6520035266876221,85.35525512695312,201.4244842529297,-46.93170166015625,-0.9342150688171387,0.3498685359954834,-0.06952878087759018,9.047221183776855,75.21007537841797,-4.349944591522217,0.0646599531173706,0.32263416051864624,46.88995361328125,0,1,1,1,1,59.8199577331543,248.785400390625,-65.33130645751953,73.92970275878906,253.4286346435547,-112.84848022460938,raise,7,2025-11-18T15:23:34.578532,my_hand_data\videos\raise_seq7_20251118_152333_095630.avi,89.6560882112294,360,90,HIGH,VIDEO_RECORDING,2025-11-18T15:23:37.171296
2025-11-18 15:23:34.598632,134,1060,HandType.Right,0.6555100679397583,85.591064453125,203.2898406982422,-46.99357223510742,-0.9346417784690857,0.3490713834762573,-0.0677783340215683,9.19251823425293,82.00729370117188,-2.9584743976593018,0.06258541345596313,0.31904539465904236,46.91313171386719,0,1,1,1,1,60.004154205322266,250.73023986816406,-65.33982849121094,74.2317123413086,255.65150451660156,-112.92992401123047,raise,7,2025-11-18T15:23:34.598632,my_hand_data\videos\raise_seq7_20251118_152333_095630.avi,89.6560882112294,360,90,HIGH,VIDEO_RECORDING,2025-11-18T15:23:37.171296
2025-11-18 15:23:34.602742,135,1060,HandType.Right,0.6555100679397583,85.591064453125,203.2898406982422,-46.99357223510742,-0.9346417784690857,0.3490713834762573,-0.0677783340215683,9.19251823425293,82.00729370117188,-2.9584743976593018,0.06258541345596313,0.31904539465904236,46.91313171386719,0,1,1,1,1,60.004154205322266,250.73023986816406,-65.33982849121094,74.2317123413086,255.65150451660156,-112.92992401123047,raise,7,2025-11-18T15:23:34.602742,my_hand_data\videos\raise_seq7_20251118_152333_095630.avi,89.6560882112294,360,90,HIGH,VIDEO_RECORDING,2025-11-18T15:23:37.171296
2025-11-18 15:23:34.618695,136,1060,HandType.Right,0.6598014235496521,85.83183288574219,205.1122589111328,-47.018577575683594,-0.9355663061141968,0.34680408239364624,-0.0666533038020134,10.664816856384277,80.16948699951172,-0.09995611757040024,0.06165904551744461,0.31594082713127136,46.952545166015625,0,1,1,1,1,60.14175796508789,252.62689208984375,-65.37511444091797,74.5439453125,257.7604064941406,-113.00740814208984,raise,7,2025-11-18T15:23:34.618695,my_hand_data\videos\raise_seq7_20251118_152333_095630.avi,89.6560882112294,360,90,HIGH,VIDEO_RECORDING,2025-11-18T15:23:37.171296
2025-11-18 15:23:34.624393,137,1060,HandType.Right,0.6598014235496521,85.83183288574219,205.1122589111328,-47.018577575683594,-0.9355663061141968,0.34680408239364624,-0.0666533038020134,10.664816856384277,80.16948699951172,-0.09995611757040024,0.06165904551744461,0.31594082713127136,46.952545166015625,0,1,1,1,1,60.14175796508789,252.62689208984375,-65.37511444091797,74.5439453125,257.7604064941406,-113.00740814208984,raise,7,2025-11-18T15:23:34.624393,my_hand_data\videos\raise_seq7_20251118_152333_095630.avi,89.6560882112294,360,90,HIGH,VIDEO_RECORDING,2025-11-18T15:23:37.171296
2025-11-18 15:23:34.639333,138,1060,HandType.Right,0.6629695892333984,86.18528747558594,206.91763305664062,-47.00656509399414,-0.9365701675415039,0.34434622526168823,-0.06528409570455551,16.66375160217285,79.18788146972656,-0.23300960659980774,0.05855285003781319,0.3150849938392639,46.846649169921875,0,1,1,1,1,60.45389938354492,254.42958068847656,-65.3796615600586,74.79225158691406,259.83477783203125,-113.02629089355469,raise,7,2025-11-18T15:23:34.639333,my_hand_data\videos\raise_seq7_20251118_152333_095630.avi,89.6560882112294,360,90,HIGH,VIDEO_RECORDING,2025-11-18T15:23:37.171296
2025-11-18 15:23:34.649682,139,1060,HandType.Right,0.6638652086257935,86.3975601196289,207.71218872070312,-46.98946762084961,-0.9368863701820374,0.3436303734779358,-0.06451427936553955,19.051654815673828,71.31149291992188,1.534583330154419,0.056175898760557175,0.3149149715900421,46.79432678222656,0,1,1,1,1,60.628875732421875,255.21066284179688,-65.3625717163086,74.91397857666016,260.7518005371094,-113.01155090332031,raise,7,2025-11-18T15:23:34.649682,my_hand_data\videos\raise_seq7_20251118_152333_095630.avi,89.6560882112294,360,90,HIGH,VIDEO_RECORDING,2025-11-18T15:23:37.171296
2025-11-18 15:23:34.659719,140,1060,HandType.Right,0.6638652086257935,86.3975601196289,207.71218872070312,-46.98946762084961,-0.9368863701820374,0.3436303734779358,-0.06451427936553955,19.051654815673828,71.31149291992188,1.534583330154419,0.056175898760557175,0.3149149715900421,46.79432678222656,0,1,1,1,1,60.628875732421875,255.21066284179688,-65.3625717163086,74.91397857666016,260.7518005371094,-113.01155090332031,raise,7,2025-11-18T15:23:34.659719,my_hand_data\videos\raise_seq7_20251118_152333_095630.avi,89.6560882112294,360,90,HIGH,VIDEO_RECORDING,2025-11-18T15:23:37.171296
2025-11-18 15:23:34.669787,141,1060,HandType.Right,0.6652781367301941,86.68120574951172,208.5266571044922,-47.0346794128418,-0.9370216727256775,0.34337687492370605,-0.06389624625444412,25.78328514099121,74.0358657836914,-4.109799861907959,0.05539785698056221,0.3154335618019104,46.757179260253906,0,1,1,1,1,60.831295013427734,256.0311279296875,-65.407470703125,75.06886291503906,261.6507873535156,-113.03417205810547,raise,7,2025-11-18T15:23:34.669787,my_hand_data\videos\raise_seq7_20251118_152333_095630.avi,89.6560882112294,360,90,HIGH,VIDEO_RECORDING,2025-11-18T15:23:37.171296
2025-11-18 15:23:34.679330,142,1060,HandType.Right,0.6664935350418091,86.95994567871094,209.32432556152344,-47.041831970214844,-0.9370919466018677,0.343306303024292,-0.06324175000190735,24.650094985961914,70.54109191894531,-0.6327223777770996,0.05340370908379555,0.31512778997421265,46.76960754394531,0,1,1,1,1,61.004276275634766,256.82537841796875,-65.38033294677734,75.32449340820312,262.58233642578125,-112.97449493408203,raise,7,2025-11-18T15:23:34.679330,my_hand_data\videos\raise_seq7_20251118_152333_095630.avi,89.6560882112294,360,90,HIGH,VIDEO_RECORDING,2025-11-18T15:23:37.171296
2025-11-18 15:23:34.689814,143,1060,HandType.Right,0.6675511598587036,87.21432495117188,210.15467834472656,-47.056827545166016,-0.9370810985565186,0.3434596657752991,-0.06256621330976486,23.505937576293945,76.72757720947266,-1.3856266736984253,0.052841708064079285,0.31566861271858215,46.74452209472656,0,1,1,1,1,61.18064498901367,257.6151123046875,-65.40299224853516,75.58531951904297,263.589599609375,-112.9177017211914,raise,7,2025-11-18T15:23:34.689814,my_hand_data\videos\raise_seq7_20251118_152333_095630.avi,89.6560882112294,360,90,HIGH,VIDEO_RECORDING,2025-11-18T15:23:37.171296
2025-11-18 15:23:34.710349,144,1060,HandType.Right,0.669258177280426,87.56932830810547,211.73011779785156,-47.16389846801758,-0.9373528957366943,0.3430494964122772,-0.060717105865478516,14.16132640838623,70.49181365966797,-4.929760456085205,0.05047283321619034,0.3125416040420532,46.83191680908203,0,1,1,1,1,61.44245910644531,259.1357421875,-65.46855163574219,75.9720687866211,265.33148193359375,-113.04232788085938,raise,7,2025-11-18T15:23:34.710349,my_hand_data\videos\raise_seq7_20251118_152333_095630.avi,89.6560882112294,360,90,HIGH,VIDEO_RECORDING,2025-11-18T15:23:37.171296
2025-11-18 15:23:34.710349,145,1060,HandType.Right,0.6701889634132385,87.7336654663086,212.5575408935547,-47.22602462768555,-0.9376298785209656,0.3424915075302124,-0.059579744935035706,15.114431381225586,76.0993881225586,-5.713670253753662,0.049122679978609085,0.31171056628227234,46.851341247558594,0,1,1,1,1,61.5185432434082,259.9620056152344,-65.51641845703125,76.03834533691406,266.219482421875,-113.11763763427734,raise,7,2025-11-18T15:23:34.710349,my_hand_data\videos\raise_seq7_20251118_152333_095630.avi,89.6560882112294,360,90,HIGH,VIDEO_RECORDING,2025-11-18T15:23:37.171296
2025-11-18 15:23:34.731100,146,1060,HandType.Right,0.6703722476959229,87.89970397949219,213.47711181640625,-47.26260757446289,-0.9382373690605164,0.3409775495529175,-0.058693476021289825,14.793023109436035,81.92814636230469,-3.259488344192505,0.04642292484641075,0.3106573820114136,46.866661071777344,0,1,1,1,1,61.620948791503906,260.8993835449219,-65.53874206542969,76.15630340576172,267.20709228515625,-113.1740951538086,raise,7,2025-11-18T15:23:34.731100,my_hand_data\videos\raise_seq7_20251118_152333_095630.avi,89.6560882112294,360,90,HIGH,VIDEO_RECORDING,2025-11-18T15:23:37.171296
2025-11-18 15:23:34.732106,147,1060,HandType.Right,0.6703722476959229,87.89970397949219,213.47711181640625,-47.26260757446289,-0.9382373690605164,0.3409775495529175,-0.058693476021289825,14.793023109436035,81.92814636230469,-3.259488344192505,0.04642292484641075,0.3106573820114136,46.866661071777344,0,1,1,1,1,61.620948791503906,260.8993835449219,-65.53874206542969,76.15630340576172,267.20709228515625,-113.1740951538086,raise,7,2025-11-18T15:23:34.732106,my_hand_data\videos\raise_seq7_20251118_152333_095630.avi,89.6560882112294,360,90,HIGH,VIDEO_RECORDING,2025-11-18T15:23:37.171296
2025-11-18 15:23:34.752290,148,1060,HandType.Right,0.670943558216095,88.06149291992188,214.4084014892578,-47.32493591308594,-0.9390085339546204,0.3390164077281952,-0.05771380662918091,14.574097633361816,83.89346313476562,-5.614709854125977,0.04374207556247711,0.3098503351211548,46.84892654418945,0,1,1,1,1,61.76195526123047,261.89599609375,-65.59325408935547,76.24270629882812,268.2114562988281,-113.27896881103516,raise,7,2025-11-18T15:23:34.752290,my_hand_data\videos\raise_seq7_20251118_152333_095630.avi,89.6560882112294,360,90,HIGH,VIDEO_RECORDING,2025-11-18T15:23:37.171296
2025-11-18 15:23:34.757623,149,1060,HandType.Right,0.6719152331352234,88.24475860595703,215.41517639160156,-47.42707061767578,-0.939853310585022,0.3367929756641388,-0.056975625455379486,16.27737045288086,89.41909790039062,-9.071148872375488,0.0421907901763916,0.30909523367881775,46.82466506958008,0,1,1,1,1,61.94343185424805,263.0074768066406,-65.67078399658203,76.3488540649414,269.2480773925781,-113.4210205078125,raise,7,2025-11-18T15:23:34.757623,my_hand_data\videos\raise_seq7_20251118_152333_095630.avi,89.6560882112294,360,90,HIGH,VIDEO_RECORDING,2025-11-18T15:23:37.171296
2025-11-18 15:23:34.771302,150,1060,HandType.Right,0.6728034615516663,88.43119049072266,216.40322875976562,-47.46697998046875,-0.9405636787414551,0.3349079489707947,-0.05636207386851311,16.28797149658203,86.32311248779297,-3.486722469329834,0.04096676781773567,0.3077543079853058,46.814308166503906,0,1,1,1,1,62.16062545776367,264.08837890625,-65.66755676269531,76.51227569580078,270.2808837890625,-113.49676513671875,raise,7,2025-11-18T15:23:34.771302,my_hand_data\videos\raise_seq7_20251118_152333_095630.avi,89.6560882112294,360,90,HIGH,VIDEO_RECORDING,2025-11-18T15:23:37.171296
2025-11-18 15:23:34.781350,151,1060,HandType.Right,0.6735876202583313,88.59805297851562,217.2945098876953,-47.48219680786133,-0.9411698579788208,0.3332914710044861,-0.05582180619239807,15.767258644104004,84.2180404663086,-1.4381183385849,0.040155623108148575,0.3060334324836731,46.82581329345703,0,1,1,1,1,62.34709167480469,265.0984802246094,-65.59603118896484,76.6183853149414,271.22540283203125,-113.5294189453125,raise,7,2025-11-18T15:23:34.781350,my_hand_data\videos\raise_seq7_20251118_152333_095630.avi,89.6560882112294,360,90,HIGH,VIDEO_RECORDING,2025-11-18T15:23:37.171296
2025-11-18 15:23:34.791408,152,1060,HandType.Right,0.6739062070846558,88.7819595336914,218.24290466308594,-47.44972610473633,-0.9419724941253662,0.331121563911438,-0.055193062871694565,15.55775260925293,80.22903442382812,2.746988296508789,0.038881540298461914,0.3029153645038605,46.870277404785156,0,1,1,1,1,62.553749084472656,266.1031494140625,-65.51136779785156,76.83269500732422,272.2251281738281,-113.56977844238281,raise,7,2025-11-18T15:23:34.791408,my_hand_data\videos\raise_seq7_20251118_152333_095630.avi,89.6560882112294,360,90,HIGH,VIDEO_RECORDING,2025-11-18T15:23:37.171296
2025-11-18 15:23:34.801463,153,1060,HandType.Right,0.6754782199859619,88.97039794921875,219.1633758544922,-47.37934875488281,-0.9425961375236511,0.3294728100299835,-0.05440791696310043,17.55959129333496,85.7767105102539,6.558170318603516,0.03867308422923088,0.300818532705307,46.887996673583984,0,1,1,1,1,62.75221633911133,267.1016540527344,-65.35418701171875,76.97980499267578,273.2434997558594,-113.51058197021484,raise,7,2025-11-18T15:23:34.801463,my_hand_data\videos\raise_seq7_20251118_152333_095630.avi,89.6560882112294,360,90,HIGH,VIDEO_RECORDING,2025-11-18T15:23:37.171296
2025-11-18 15:23:34.821580,154,1060,HandType.Right,0.6757214665412903,89.34077453613281,221.1052703857422,-47.2552490234375,-0.9440250396728516,0.32558608055114746,-0.05301341414451599,16.333106994628906,86.71051025390625,4.288767337799072,0.038031041622161865,0.2960790991783142,46.954490661621094,0,1,1,1,1,63.171058654785156,269.28155517578125,-65.05155944824219,77.33924102783203,275.3609313964844,-113.42543029785156,raise,7,2025-11-18T15:23:34.821580,my_hand_data\videos\raise_seq7_20251118_152333_095630.avi,89.6560882112294,360,90,HIGH,VIDEO_RECORDING,2025-11-18T15:23:37.171296
2025-11-18 15:23:34.823588,155,1060,HandType.Right,0.676411509513855,89.50718688964844,222.10142517089844,-47.18805694580078,-0.9446245431900024,0.32393208146095276,-0.05246427655220032,15.31777286529541,91.69359588623047,6.185006618499756,0.03779391944408417,0.2948966920375824,46.942256927490234,0,1,1,1,1,63.35651779174805,270.394775390625,-64.92820739746094,77.45095825195312,276.4400939941406,-113.37531280517578,raise,7,2025-11-18T15:23:34.823588,my_hand_data\videos\raise_seq7_20251118_152333_095630.avi,89.6560882112294,360,90,HIGH,VIDEO_RECORDING,2025-11-18T15:23:37.171296
2025-11-18 15:23:34.841215,156,1060,HandType.Right,0.6767800450325012,89.70906829833984,223.0672607421875,-47.120487213134766,-0.9450078010559082,0.32293134927749634,-0.051725730299949646,18.3377628326416,87.73095703125,6.137688159942627,0.036102134734392166,0.29483410716056824,46.87894821166992,0,1,1,1,1,63.580482482910156,271.4744567871094,-64.81147003173828,77.5073471069336,277.4613037109375,-113.31491088867188,raise,7,2025-11-18T15:23:34.841215,my_hand_data\videos\raise_seq7_20251118_152333_095630.avi,89.6560882112294,360,90,HIGH,VIDEO_RECORDING,2025-11-18T15:23:37.171296
2025-11-18 15:23:34.844473,157,1060,HandType.Right,0.6767800450325012,89.70906829833984,223.0672607421875,-47.120487213134766,-0.9450078010559082,0.32293134927749634,-0.051725730299949646,18.3377628326416,87.73095703125,6.137688159942627,0.036102134734392166,0.29483410716056824,46.87894821166992,0,1,1,1,1,63.580482482910156,271.4744567871094,-64.81147003173828,77.5073471069336,277.4613037109375,-113.31491088867188,raise,7,2025-11-18T15:23:34.844473,my_hand_data\videos\raise_seq7_20251118_152333_095630.avi,89.6560882112294,360,90,HIGH,VIDEO_RECORDING,2025-11-18T15:23:37.171296
2025-11-18 15:23:34.861512,158,1060,HandType.Right,0.6774306893348694,89.91371154785156,224.145751953125,-47.007164001464844,-0.94559645652771,0.321351021528244,-0.0508018396794796,18.36387062072754,96.77796173095703,10.168981552124023,0.03413526341319084,0.29357215762138367,46.88002014160156,0,1,1,1,1,63.786781311035156,272.58270263671875,-64.68115234375,77.71658325195312,278.6485290527344,-113.225341796875,raise,7,2025-11-18T15:23:34.861512,my_hand_data\videos\raise_seq7_20251118_152333_095630.avi,89.6560882112294,360,90,HIGH,VIDEO_RECORDING,2025-11-18T15:23:37.171296
2025-11-18 15:23:34.871948,159,1060,HandType.Right,0.6785142421722412,90.2457504272461,226.21177673339844,-46.72368621826172,-0.9470430612564087,0.3172605633735657,-0.04955006763339043,14.099263191223145,93.0522232055664,11.240909576416016,0.03261173516511917,0.2911297082901001,46.88440704345703,0,1,1,1,1,64.10336303710938,274.7037353515625,-64.35804748535156,78.03702545166016,280.8651123046875,-112.98838806152344,raise,7,2025-11-18T15:23:34.871948,my_hand_data\videos\raise_seq7_20251118_152333_095630.avi,89.6560882112294,360,90,HIGH,VIDEO_RECORDING,2025-11-18T15:23:37.171296
2025-11-18 15:23:34.882385,160,1060,HandType.Right,0.6785142421722412,90.2457504272461,226.21177673339844,-46.72368621826172,-0.9470430612564087,0.3172605633735657,-0.04955006763339043,14.099263191223145,93.0522232055664,11.240909576416016,0.03261173516511917,0.2911297082901001,46.88440704345703,0,1,1,1,1,64.10336303710938,274.7037353515625,-64.35804748535156,78.03702545166016,280.8651123046875,-112.98838806152344,raise,7,2025-11-18T15:23:34.882385,my_hand_data\videos\raise_seq7_20251118_152333_095630.avi,89.6560882112294,360,90,HIGH,VIDEO_RECORDING,2025-11-18T15:23:37.171296
2025-11-18 15:23:34.892769,161,1060,HandType.Right,0.6791956424713135,90.3917236328125,227.20010375976562,-46.61060333251953,-0.9477078914642334,0.315326452255249,-0.049183424562215805,12.979657173156738,87.88336944580078,10.055261611938477,0.033030156046152115,0.2899262011051178,46.899742126464844,0,1,1,1,1,64.23945617675781,275.8432922363281,-64.15960693359375,78.1091079711914,281.9103088378906,-112.87158966064453,raise,7,2025-11-18T15:23:34.892769,my_hand_data\videos\raise_seq7_20251118_152333_095630.avi,89.6560882112294,360,90,HIGH,VIDEO_RECORDING,2025-11-18T15:23:37.171296
2025-11-18 15:23:34.902805,162,1060,HandType.Right,0.6806250214576721,90.55213165283203,228.21343994140625,-46.33665084838867,-0.948607861995697,0.31265586614608765,-0.048881664872169495,14.417458534240723,91.07833099365234,24.623008728027344,0.033861640840768814,0.2908416986465454,46.80341339111328,0,1,1,1,1,64.43294525146484,276.9162292480469,-63.88136672973633,78.1449966430664,282.9756164550781,-112.59957885742188,raise,7,2025-11-18T15:23:34.902805,my_hand_data\videos\raise_seq7_20251118_152333_095630.avi,89.6560882112294,360,90,HIGH,VIDEO_RECORDING,2025-11-18T15:23:37.171296
2025-11-18 15:23:34.913136,163,1060,HandType.Right,0.6806545853614807,90.7769546508789,229.36622619628906,-46.0316276550293,-0.9494736194610596,0.31004440784454346,-0.048706453293561935,20.488698959350586,105.05589294433594,27.79753875732422,0.03526858240365982,0.29120662808418274,46.738792419433594,0,1,1,1,1,64.73298645019531,278.16937255859375,-63.51732635498047,78.3890609741211,284.2571716308594,-112.23188781738281,raise,7,2025-11-18T15:23:34.913136,my_hand_data\videos\raise_seq7_20251118_152333_095630.avi,89.6560882112294,360,90,HIGH,VIDEO_RECORDING,2025-11-18T15:23:37.171296
2025-11-18 15:23:34.923641,164,1060,HandType.Right,0.6807223558425903,91.02191162109375,230.49876403808594,-45.683563232421875,-0.9501237273216248,0.3080332279205322,-0.0487891249358654,21.92223358154297,101.35409545898438,31.149335861206055,0.03569994121789932,0.2908346652984619,46.70127868652344,0,1,1,1,1,65.00973510742188,279.3092956542969,-63.167869567871094,78.6849365234375,285.462646484375,-111.88162994384766,raise,7,2025-11-18T15:23:34.923641,my_hand_data\videos\raise_seq7_20251118_152333_095630.avi,89.6560882112294,360,90,HIGH,VIDEO_RECORDING,2025-11-18T15:23:37.171296
2025-11-18 15:23:34.933711,165,1060,HandType.Right,0.6807020902633667,91.26170349121094,231.68035888671875,-45.338104248046875,-0.9508113265037537,0.30588260293006897,-0.04892527312040329,21.884628295898438,107.83946228027344,31.528669357299805,0.03613591939210892,0.2885664105415344,46.70421600341797,0,1,1,1,1,65.34335327148438,280.5537109375,-62.75370788574219,79.07576751708984,286.7869873046875,-111.5340805053711,raise,7,2025-11-18T15:23:34.933711,my_hand_data\videos\raise_seq7_20251118_152333_095630.avi,89.6560882112294,360,90,HIGH,VIDEO_RECORDING,2025-11-18T15:23:37.171296
2025-11-18 15:23:34.954005,166,1060,HandType.Right,0.6802495718002319,91.76260375976562,233.92787170410156,-44.578609466552734,-0.9518501162528992,0.3025898337364197,-0.049201205372810364,20.78730583190918,98.41212463378906,32.768035888671875,0.037674155086278915,0.28342998027801514,46.79679489135742,0,1,1,1,1,65.9835205078125,282.8991394042969,-61.77586364746094,79.9629135131836,289.34466552734375,-110.66474914550781,raise,7,2025-11-18T15:23:34.954005,my_hand_data\videos\raise_seq7_20251118_152333_095630.avi,89.6560882112294,360,90,HIGH,VIDEO_RECORDING,2025-11-18T15:23:37.171296
2025-11-18 15:23:34.956416,167,1060,HandType.Right,0.6802495718002319,91.76260375976562,233.92787170410156,-44.578609466552734,-0.9518501162528992,0.3025898337364197,-0.049201205372810364,20.78730583190918,98.41212463378906,32.768035888671875,0.037674155086278915,0.28342998027801514,46.79679489135742,0,1,1,1,1,65.9835205078125,282.8991394042969,-61.77586364746094,79.9629135131836,289.34466552734375,-110.66474914550781,raise,7,2025-11-18T15:23:34.956416,my_hand_data\videos\raise_seq7_20251118_152333_095630.avi,89.6560882112294,360,90,HIGH,VIDEO_RECORDING,2025-11-18T15:23:37.171296
2025-11-18 15:23:34.974147,168,1060,HandType.Right,0.6798445582389832,92.322265625,236.03627014160156,-44.00300216674805,-0.9521904587745667,0.30153411626815796,-0.04909668490290642,23.72516632080078,92.26505279541016,21.53264808654785,0.036938685923814774,0.28269195556640625,46.84836196899414,0,1,1,1,1,66.57107543945312,285.1269226074219,-60.95116424560547,80.60548400878906,291.7176513671875,-109.83367156982422,raise,7,2025-11-18T15:23:34.974147,my_hand_data\videos\raise_seq7_20251118_152333_095630.avi,89.6560882112294,360,90,HIGH,VIDEO_RECORDING,2025-11-18T15:23:37.171296
2025-11-18 15:23:34.974147,169,1060,HandType.Right,0.6798445582389832,92.322265625,236.03627014160156,-44.00300216674805,-0.9521904587745667,0.30153411626815796,-0.04909668490290642,23.72516632080078,92.26505279541016,21.53264808654785,0.036938685923814774,0.28269195556640625,46.84836196899414,0,1,1,1,1,66.57107543945312,285.1269226074219,-60.95116424560547,80.60548400878906,291.7176513671875,-109.83367156982422,raise,7,2025-11-18T15:23:34.974147,my_hand_data\videos\raise_seq7_20251118_152333_095630.avi,89.6560882112294,360,90,HIGH,VIDEO_RECORDING,2025-11-18T15:23:37.171296
2025-11-18 15:23:34.994565,170,1060,HandType.Right,0.6776575446128845,92.81781768798828,238.07469177246094,-43.55214309692383,-0.9517817497253418,0.3029435873031616,-0.048339392989873886,22.781986236572266,90.12825012207031,24.304706573486328,0.037190455943346024,0.2880513370037079,46.78289031982422,0,1,1,1,1,67.02899932861328,287.04193115234375,-60.34187316894531,81.06096649169922,293.8786315917969,-108.95895385742188,raise,7,2025-11-18T15:23:34.994565,my_hand_data\videos\raise_seq7_20251118_152333_095630.avi,89.6560882112294,360,90,HIGH,VIDEO_RECORDING,2025-11-18T15:23:37.171296
2025-11-18 15:23:35.004908,171,1060,HandType.Right,0.6767529249191284,92.97712707519531,239.03846740722656,-43.341800689697266,-0.9514827728271484,0.30402064323425293,-0.04745553806424141,14.177117347717285,85.76789093017578,18.718725204467773,0.03701049089431763,0.2876967787742615,46.836334228515625,0,1,1,1,1,67.18242645263672,287.98406982421875,-60.0010986328125,81.32164001464844,295.0511779785156,-108.56390380859375,raise,7,2025-11-18T15:23:35.004908,my_hand_data\videos\raise_seq7_20251118_152333_095630.avi,89.6560882112294,360,90,HIGH,VIDEO_RECORDING,2025-11-18T15:23:37.171296
2025-11-18 15:23:35.014963,172,1060,HandType.Right,0.6767529249191284,92.97712707519531,239.03846740722656,-43.341800689697266,-0.9514827728271484,0.30402064323425293,-0.04745553806424141,14.177117347717285,85.76789093017578,18.718725204467773,0.03701049089431763,0.2876967787742615,46.836334228515625,0,1,1,1,1,67.18242645263672,287.98406982421875,-60.0010986328125,81.32164001464844,295.0511779785156,-108.56390380859375,raise,7,2025-11-18T15:23:35.014963,my_hand_data\videos\raise_seq7_20251118_152333_095630.avi,89.6560882112294,360,90,HIGH,VIDEO_RECORDING,2025-11-18T15:23:37.171296
2025-11-18 15:23:35.025038,173,1060,HandType.Right,0.676311194896698,93.05449676513672,239.96652221679688,-43.08525848388672,-0.9514604806900024,0.3042171895503998,-0.04663505405187607,7.051167964935303,84.57649230957031,23.37965202331543,0.036223627626895905,0.28868669271469116,46.80246353149414,0,1,1,1,1,67.2624740600586,288.8984069824219,-59.679805755615234,81.41410827636719,296.1297912597656,-108.16927337646484,raise,7,2025-11-18T15:23:35.025038,my_hand_data\videos\raise_seq7_20251118_152333_095630.avi,89.6560882112294,360,90,HIGH,VIDEO_RECORDING,2025-11-18T15:23:37.171296
2025-11-18 15:23:35.035142,174,1060,HandType.Right,0.6759046912193298,93.09967803955078,240.88409423828125,-42.85145568847656,-0.9515752792358398,0.30395805835723877,-0.045978620648384094,3.9703176021575928,80.63098907470703,20.54496192932129,0.03700779005885124,0.28826066851615906,46.815147399902344,0,1,1,1,1,67.33773803710938,289.83203125,-59.34638214111328,81.4614486694336,297.1185302734375,-107.8492431640625,raise,7,2025-11-18T15:23:35.035142,my_hand_data\videos\raise_seq7_20251118_152333_095630.avi,89.6560882112294,360,90,HIGH,VIDEO_RECORDING,2025-11-18T15:23:37.171296
2025-11-18 15:23:35.045309,175,1060,HandType.Right,0.6760128140449524,93.12751770019531,241.81602478027344,-42.642791748046875,-0.9516185522079468,0.30388960242271423,-0.0455327108502388,2.529381513595581,84.66731262207031,18.957229614257812,0.037511877715587616,0.28901490569114685,46.798179626464844,0,1,1,1,1,67.39093017578125,290.8618469238281,-59.012630462646484,81.43781280517578,298.1496887207031,-107.501953125,raise,7,2025-11-18T15:23:35.045309,my_hand_data\videos\raise_seq7_20251118_152333_095630.avi,89.6560882112294,360,90,HIGH,VIDEO_RECORDING,2025-11-18T15:23:37.171296
2025-11-18 15:23:35.065507,176,1060,HandType.Right,0.6772570013999939,93.18942260742188,243.9211883544922,-42.30513000488281,-0.9526083469390869,0.30091696977615356,-0.04456821829080582,2.560426712036133,97.94822692871094,10.137197494506836,0.037639319896698,0.2876870036125183,46.77979278564453,0,1,1,1,1,67.48162078857422,293.0357971191406,-58.50638961791992,81.44413757324219,300.43597412109375,-107.05290985107422,raise,7,2025-11-18T15:23:35.065507,my_hand_data\videos\raise_seq7_20251118_152333_095630.avi,89.6560882112294,360,90,HIGH,VIDEO_RECORDING,2025-11-18T15:23:37.171296
2025-11-18 15:23:35.065507,177,1060,HandType.Right,0.6772570013999939,93.18942260742188,243.9211883544922,-42.30513000488281,-0.9526083469390869,0.30091696977615356,-0.04456821829080582,2.560426712036133,97.94822692871094,10.137197494506836,0.037639319896698,0.2876870036125183,46.77979278564453,0,1,1,1,1,67.48162078857422,293.0357971191406,-58.50638961791992,81.44413757324219,300.43597412109375,-107.05290985107422,raise,7,2025-11-18T15:23:35.065507,my_hand_data\videos\raise_seq7_20251118_152333_095630.avi,89.6560882112294,360,90,HIGH,VIDEO_RECORDING,2025-11-18T15:23:37.171296
2025-11-18 15:23:35.085866,178,1060,HandType.Right,0.6778410077095032,93.20500183105469,245.8944549560547,-42.070709228515625,-0.9535849690437317,0.2979276776313782,-0.04375912994146347,-0.39433664083480835,86.76800537109375,7.7443528175354,0.03821076825261116,0.28774911165237427,46.75101852416992,0,1,1,1,1,67.47209167480469,295.0687255859375,-58.1091194152832,81.39427947998047,302.563720703125,-106.64588165283203,raise,7,2025-11-18T15:23:35.085866,my_hand_data\videos\raise_seq7_20251118_152333_095630.avi,89.6560882112294,360,90,HIGH,VIDEO_RECORDING,2025-11-18T15:23:37.171296
2025-11-18 15:23:35.090771,179,1060,HandType.Right,0.6778410077095032,93.20500183105469,245.8944549560547,-42.070709228515625,-0.9535849690437317,0.2979276776313782,-0.04375912994146347,-0.39433664083480835,86.76800537109375,7.7443528175354,0.03821076825261116,0.28774911165237427,46.75101852416992,0,1,1,1,1,67.47209167480469,295.0687255859375,-58.1091194152832,81.39427947998047,302.563720703125,-106.64588165283203,raise,7,2025-11-18T15:23:35.090771,my_hand_data\videos\raise_seq7_20251118_152333_095630.avi,89.6560882112294,360,90,HIGH,VIDEO_RECORDING,2025-11-18T15:23:37.171296
2025-11-18 15:23:35.106222,180,1060,HandType.Right,0.677558183670044,93.22833251953125,247.81076049804688,-41.973873138427734,-0.9546079039573669,0.29473409056663513,-0.04307647421956062,0.7607489824295044,83.83502960205078,5.021545886993408,0.03782220557332039,0.28655627369880676,46.73868942260742,0,1,1,1,1,67.43574523925781,296.86444091796875,-57.99271774291992,81.57324981689453,304.7596740722656,-106.44684600830078,raise,7,2025-11-18T15:23:35.106222,my_hand_data\videos\raise_seq7_20251118_152333_095630.avi,89.6560882112294,360,90,HIGH,VIDEO_RECORDING,2025-11-18T15:23:37.171296
2025-11-18 15:23:35.110696,181,1060,HandType.Right,0.677558183670044,93.22833251953125,247.81076049804688,-41.973873138427734,-0.9546079039573669,0.29473409056663513,-0.04307647421956062,0.7607489824295044,83.83502960205078,5.021545886993408,0.03782220557332039,0.28655627369880676,46.73868942260742,0,1,1,1,1,67.43574523925781,296.86444091796875,-57.99271774291992,81.57324981689453,304.7596740722656,-106.44684600830078,raise,7,2025-11-18T15:23:35.110696,my_hand_data\videos\raise_seq7_20251118_152333_095630.avi,89.6560882112294,360,90,HIGH,VIDEO_RECORDING,2025-11-18T15:23:37.171296
2025-11-18 15:23:35.126965,182,1060,HandType.Right,0.6774808764457703,93.19026947021484,248.56732177734375,-41.83272933959961,-0.9551106691360474,0.2931699752807617,-0.04260246828198433,-3.4322097301483154,68.21967315673828,12.727360725402832,0.03544929623603821,0.2855577766895294,46.728939056396484,0,1,1,1,1,67.40860748291016,297.592041015625,-57.84805679321289,81.59626770019531,305.6556701660156,-106.29957580566406,raise,7,2025-11-18T15:23:35.126965,my_hand_data\videos\raise_seq7_20251118_152333_095630.avi,89.6560882112294,360,90,HIGH,VIDEO_RECORDING,2025-11-18T15:23:37.171296
2025-11-18 15:23:35.137167,183,1060,HandType.Right,0.6769620180130005,93.18004608154297,249.24069213867188,-41.666961669921875,-0.9554190635681152,0.29225867986679077,-0.04194343462586403,-0.9267951250076294,61.06524658203125,15.032891273498535,0.03343307971954346,0.28544896841049194,46.701263427734375,0,1,1,1,1,67.38996887207031,298.1914978027344,-57.65748596191406,81.63453674316406,306.4686584472656,-106.05580139160156,raise,7,2025-11-18T15:23:35.137167,my_hand_data\videos\raise_seq7_20251118_152333_095630.avi,89.6560882112294,360,90,HIGH,VIDEO_RECORDING,2025-11-18T15:23:37.171296
2025-11-18 15:23:35.147589,184,1060,HandType.Right,0.6770176291465759,93.16543579101562,249.76455688476562,-41.477088928222656,-0.9555307626724243,0.29197564721107483,-0.04136614128947258,-1.3041439056396484,46.74454879760742,16.942310333251953,0.03201286122202873,0.2846547067165375,46.73774337768555,0,1,1,1,1,67.33277130126953,298.6008605957031,-57.38887023925781,81.65914154052734,307.062744140625,-105.7596664428711,raise,7,2025-11-18T15:23:35.147589,my_hand_data\videos\raise_seq7_20251118_152333_095630.avi,89.6560882112294,360,90,HIGH,VIDEO_RECORDING,2025-11-18T15:23:37.171296
2025-11-18 15:23:35.158047,185,1060,HandType.Right,0.677160382270813,93.1233901977539,250.32801818847656,-41.2998161315918,-0.9559196829795837,0.29077398777008057,-0.04084227606654167,-3.777689218521118,50.630615234375,15.928729057312012,0.03074442595243454,0.2830732464790344,46.783103942871094,0,1,1,1,1,67.24620819091797,299.0916442871094,-57.17018127441406,81.68009185791016,307.73101806640625,-105.54290771484375,raise,7,2025-11-18T15:23:35.158047,my_hand_data\videos\raise_seq7_20251118_152333_095630.avi,89.6560882112294,360,90,HIGH,VIDEO_RECORDING,2025-11-18T15:23:37.171296
2025-11-18 15:23:35.168166,186,1060,HandType.Right,0.6777946352958679,93.10932922363281,251.00425720214844,-41.11964797973633,-0.9562756419181824,0.2896580398082733,-0.040436290204524994,-1.2653834819793701,60.84543991088867,16.210933685302734,0.030815914273262024,0.28262442350387573,46.774635314941406,0,1,1,1,1,67.21620178222656,299.71881103515625,-56.94508361816406,81.71324920654297,308.5700988769531,-105.27459716796875,raise,7,2025-11-18T15:23:35.168166,my_hand_data\videos\raise_seq7_20251118_152333_095630.avi,89.6560882112294,360,90,HIGH,VIDEO_RECORDING,2025-11-18T15:23:37.171296
2025-11-18 15:23:35.188595,187,1060,HandType.Right,0.6775763630867004,93.16219329833984,252.51492309570312,-40.71954345703125,-0.9573617577552795,0.2860036790370941,-0.04074718803167343,2.424142360687256,67.81979370117188,16.168502807617188,0.030041858553886414,0.28057020902633667,46.80945587158203,0,1,1,1,1,67.17488098144531,301.032470703125,-56.53437805175781,81.8384017944336,310.20550537109375,-104.8360366821289,raise,7,2025-11-18T15:23:35.188595,my_hand_data\videos\raise_seq7_20251118_152333_095630.avi,89.6560882112294,360,90,HIGH,VIDEO_RECORDING,2025-11-18T15:23:37.171296
2025-11-18 15:23:35.188595,188,1060,HandType.Right,0.677725613117218,93.18655395507812,253.30267333984375,-40.62086486816406,-0.9580187797546387,0.28371986746788025,-0.04126826301217079,2.1509742736816406,69.557373046875,8.713418006896973,0.03091232292354107,0.28035768866539,46.773311614990234,0,1,1,1,1,67.18734741210938,301.7120056152344,-56.466697692871094,81.8639144897461,311.01885986328125,-104.74212646484375,raise,7,2025-11-18T15:23:35.188595,my_hand_data\videos\raise_seq7_20251118_152333_095630.avi,89.6560882112294,360,90,HIGH,VIDEO_RECORDING,2025-11-18T15:23:37.171296
2025-11-18 15:23:35.209349,189,1060,HandType.Right,0.6775412559509277,93.21431732177734,254.0985565185547,-40.566864013671875,-0.9587627053260803,0.2811151146888733,-0.04181286692619324,2.5226523876190186,72.3074951171875,4.906032562255859,0.03236028552055359,0.2799019515514374,46.755191802978516,0,1,1,1,1,67.0988998413086,302.3465881347656,-56.4410400390625,81.81086730957031,311.80596923828125,-104.69207763671875,raise,7,2025-11-18T15:23:35.209349,my_hand_data\videos\raise_seq7_20251118_152333_095630.avi,89.6560882112294,360,90,HIGH,VIDEO_RECORDING,2025-11-18T15:23:37.171296
2025-11-18 15:23:35.213291,190,1060,HandType.Right,0.6775412559509277,93.21431732177734,254.0985565185547,-40.566864013671875,-0.9587627053260803,0.2811151146888733,-0.04181286692619324,2.5226523876190186,72.3074951171875,4.906032562255859,0.03236028552055359,0.2799019515514374,46.755191802978516,0,1,1,1,1,67.0988998413086,302.3465881347656,-56.4410400390625,81.81086730957031,311.80596923828125,-104.69207763671875,raise,7,2025-11-18T15:23:35.213291,my_hand_data\videos\raise_seq7_20251118_152333_095630.avi,89.6560882112294,360,90,HIGH,VIDEO_RECORDING,2025-11-18T15:23:37.171296
2025-11-18 15:23:35.229774,191,1060,HandType.Right,0.6787022352218628,93.1629638671875,255.2766571044922,-40.468116760253906,-0.9602263569831848,0.2759077250957489,-0.04289781674742699,-4.29994535446167,49.960262298583984,5.659022331237793,0.03524192050099373,0.28293493390083313,46.55125045776367,0,1,1,1,1,66.97789001464844,303.51513671875,-56.36668014526367,81.3113784790039,312.8547058105469,-104.61949157714844,raise,7,2025-11-18T15:23:35.229774,my_hand_data\videos\raise_seq7_20251118_152333_095630.avi,89.6560882112294,360,90,HIGH,VIDEO_RECORDING,2025-11-18T15:23:37.171296
2025-11-18 15:23:35.234644,192,1060,HandType.Right,0.6787022352218628,93.1629638671875,255.2766571044922,-40.468116760253906,-0.9602263569831848,0.2759077250957489,-0.04289781674742699,-4.29994535446167,49.960262298583984,5.659022331237793,0.03524192050099373,0.28293493390083313,46.55125045776367,0,1,1,1,1,66.97789001464844,303.51513671875,-56.36668014526367,81.3113784790039,312.8547058105469,-104.61949157714844,raise,7,2025-11-18T15:23:35.234644,my_hand_data\videos\raise_seq7_20251118_152333_095630.avi,89.6560882112294,360,90,HIGH,VIDEO_RECORDING,2025-11-18T15:23:37.171296
2025-11-18 15:23:35.250364,193,1060,HandType.Right,0.6783322095870972,93.07196807861328,256.5772705078125,-40.253822326660156,-0.962041437625885,0.2692958116531372,-0.0442272387444973,-3.675410032272339,60.98712158203125,9.764291763305664,0.03339995816349983,0.28556302189826965,46.39730453491211,0,1,1,1,1,66.79635620117188,304.6294860839844,-56.25926208496094,81.02828979492188,314.0547790527344,-104.41104888916016,raise,7,2025-11-18T15:23:35.250364,my_hand_data\videos\raise_seq7_20251118_152333_095630.avi,89.6560882112294,360,90,HIGH,VIDEO_RECORDING,2025-11-18T15:23:37.171296
2025-11-18 15:23:35.260535,194,1060,HandType.Right,0.6777443885803223,93.03314208984375,257.2381896972656,-40.19529724121094,-0.9630239605903625,0.26565444469451904,-0.04486185684800148,-3.508009910583496,59.70849609375,5.2872395515441895,0.03440362215042114,0.2861228287220001,46.33796310424805,0,1,1,1,1,66.72583770751953,305.1793518066406,-56.21701431274414,80.89664459228516,314.6597595214844,-104.35176086425781,raise,7,2025-11-18T15:23:35.260535,my_hand_data\videos\raise_seq7_20251118_152333_095630.avi,89.6560882112294,360,90,HIGH,VIDEO_RECORDING,2025-11-18T15:23:37.171296
2025-11-18 15:23:35.270636,195,1060,HandType.Right,0.6777443885803223,93.03314208984375,257.2381896972656,-40.19529724121094,-0.9630239605903625,0.26565444469451904,-0.04486185684800148,-3.508009910583496,59.70849609375,5.2872395515441895,0.03440362215042114,0.2861228287220001,46.33796310424805,0,1,1,1,1,66.72583770751953,305.1793518066406,-56.21701431274414,80.89664459228516,314.6597595214844,-104.35176086425781,raise,7,2025-11-18T15:23:35.270636,my_hand_data\videos\raise_seq7_20251118_152333_095630.avi,89.6560882112294,360,90,HIGH,VIDEO_RECORDING,2025-11-18T15:23:37.171296
2025-11-18 15:23:35.280766,196,1060,HandType.Right,0.6780182123184204,93.05960083007812,258.07025146484375,-40.21968078613281,-0.9640928506851196,0.2617167830467224,-0.045047637075185776,2.367814302444458,74.4644775390625,-2.1821510791778564,0.0360853336751461,0.28496935963630676,46.366615295410156,0,1,1,1,1,66.65654754638672,305.83331298828125,-56.257354736328125,80.9100112915039,315.4959716796875,-104.37893676757812,raise,7,2025-11-18T15:23:35.280766,my_hand_data\videos\raise_seq7_20251118_152333_095630.avi,89.6560882112294,360,90,HIGH,VIDEO_RECORDING,2025-11-18T15:23:37.171296
2025-11-18 15:23:35.290875,197,1060,HandType.Right,0.6770353317260742,93.10675048828125,258.8345947265625,-40.156639099121094,-0.9651088714599609,0.2578469514846802,-0.04560485854744911,4.30996561050415,69.86451721191406,5.76243782043457,0.035047173500061035,0.28670668601989746,46.27083206176758,0,1,1,1,1,66.58818054199219,306.28509521484375,-56.27682876586914,80.87214660644531,316.244873046875,-104.25508117675781,raise,7,2025-11-18T15:23:35.290875,my_hand_data\videos\raise_seq7_20251118_152333_095630.avi,89.6560882112294,360,90,HIGH,VIDEO_RECORDING,2025-11-18T15:23:37.171296
2025-11-18 15:23:35.301344,198,1060,HandType.Right,0.6761563420295715,93.2299575805664,259.48876953125,-40.046905517578125,-0.9655482172966003,0.256234347820282,-0.04539385437965393,11.178374290466309,59.354007720947266,9.955757141113281,0.03298990800976753,0.2891855835914612,46.15109634399414,0,1,1,1,1,66.61653137207031,306.66119384765625,-56.24541473388672,80.7428207397461,316.7964172363281,-104.12882232666016,raise,7,2025-11-18T15:23:35.301344,my_hand_data\videos\raise_seq7_20251118_152333_095630.avi,89.6560882112294,360,90,HIGH,VIDEO_RECORDING,2025-11-18T15:23:37.171296
2025-11-18 15:23:35.311760,199,1060,HandType.Right,0.6759283542633057,93.30918884277344,260.0353698730469,-39.947792053222656,-0.9660908579826355,0.2541724741458893,-0.045439861714839935,7.100013256072998,48.98276901245117,8.881936073303223,0.03178240731358528,0.29090553522109985,46.067440032958984,0,1,1,1,1,66.62036895751953,306.964111328125,-56.221275329589844,80.64280700683594,317.2442626953125,-104.0293197631836,raise,7,2025-11-18T15:23:35.311760,my_hand_data\videos\raise_seq7_20251118_152333_095630.avi,89.6560882112294,360,90,HIGH,VIDEO_RECORDING,2025-11-18T15:23:37.171296
2025-11-18 15:23:35.331533,200,1060,HandType.Right,0.6751402020454407,93.40337371826172,260.9746398925781,-39.74855422973633,-0.9669401049613953,0.2509559988975525,-0.04525343328714371,2.6782922744750977,43.691505432128906,7.046103477478027,0.02990867756307125,0.2935091555118561,45.95457077026367,0,1,1,1,1,66.59488677978516,307.676025390625,-56.14185333251953,80.47430419921875,318.0018615722656,-103.86930084228516,raise,7,2025-11-18T15:23:35.331533,my_hand_data\videos\raise_seq7_20251118_152333_095630.avi,89.6560882112294,360,90,HIGH,VIDEO_RECORDING,2025-11-18T15:23:37.171296
2025-11-18 15:23:35.335562,201,1060,HandType.Right,0.6751402020454407,93.40337371826172,260.9746398925781,-39.74855422973633,-0.9669401049613953,0.2509559988975525,-0.04525343328714371,2.6782922744750977,43.691505432128906,7.046103477478027,0.02990867756307125,0.2935091555118561,45.95457077026367,0,1,1,1,1,66.59488677978516,307.676025390625,-56.14185333251953,80.47430419921875,318.0018615722656,-103.86930084228516,raise,7,2025-11-18T15:23:35.335562,my_hand_data\videos\raise_seq7_20251118_152333_095630.avi,89.6560882112294,360,90,HIGH,VIDEO_RECORDING,2025-11-18T15:23:37.171296
2025-11-18 15:23:35.352269,202,1060,HandType.Right,0.6736788153648376,93.49629974365234,261.99237060546875,-39.65058898925781,-0.967528760433197,0.24880503118038177,-0.04454340040683746,4.252964019775391,50.13051986694336,3.722543954849243,0.028769968077540398,0.2948909401893616,45.88327407836914,0,1,1,1,1,66.56119537353516,308.5063781738281,-56.07542037963867,80.26610565185547,318.8797302246094,-103.7807846069336,raise,7,2025-11-18T15:23:35.352269,my_hand_data\videos\raise_seq7_20251118_152333_095630.avi,89.6560882112294,360,90,HIGH,VIDEO_RECORDING,2025-11-18T15:23:37.171296
2025-11-18 15:23:35.355687,203,1060,HandType.Right,0.6736788153648376,93.49629974365234,261.99237060546875,-39.65058898925781,-0.967528760433197,0.24880503118038177,-0.04454340040683746,4.252964019775391,50.13051986694336,3.722543954849243,0.028769968077540398,0.2948909401893616,45.88327407836914,0,1,1,1,1,66.56119537353516,308.5063781738281,-56.07542037963867,80.26610565185547,318.8797302246094,-103.7807846069336,raise,7,2025-11-18T15:23:35.355687,my_hand_data\videos\raise_seq7_20251118_152333_095630.avi,89.6560882112294,360,90,HIGH,VIDEO_RECORDING,2025-11-18T15:23:37.171296
2025-11-18 15:23:35.372342,204,1060,HandType.Right,0.6730719804763794,93.55864715576172,263.1228332519531,-39.59664535522461,-0.9680138230323792,0.2471039593219757,-0.04346156120300293,2.645176887512207,53.68267822265625,0.3375249207019806,0.029980827122926712,0.294975221157074,45.853763580322266,0,1,1,1,1,66.5667724609375,309.51531982421875,-55.96957778930664,80.09970092773438,319.9544372558594,-103.69841766357422,raise,7,2025-11-18T15:23:35.372342,my_hand_data\videos\raise_seq7_20251118_152333_095630.avi,89.6560882112294,360,90,HIGH,VIDEO_RECORDING,2025-11-18T15:23:37.171296
2025-11-18 15:23:35.382475,205,1060,HandType.Right,0.6730719804763794,93.55864715576172,263.1228332519531,-39.59664535522461,-0.9680138230323792,0.2471039593219757,-0.04346156120300293,2.645176887512207,53.68267822265625,0.3375249207019806,0.029980827122926712,0.294975221157074,45.853763580322266,0,1,1,1,1,66.5667724609375,309.51531982421875,-55.96957778930664,80.09970092773438,319.9544372558594,-103.69841766357422,raise,7,2025-11-18T15:23:35.382475,my_hand_data\videos\raise_seq7_20251118_152333_095630.avi,89.6560882112294,360,90,HIGH,VIDEO_RECORDING,2025-11-18T15:23:37.171296
2025-11-18 15:23:35.392532,206,1060,HandType.Right,0.6716368794441223,93.75335693359375,264.53570556640625,-39.48659896850586,-0.9682554006576538,0.24647535383701324,-0.04161017760634422,9.708839416503906,68.15497589111328,4.49703311920166,0.03174421191215515,0.29518747329711914,45.87540817260742,0,1,1,1,1,66.7331314086914,310.87744140625,-55.77351379394531,80.32301330566406,321.4642639160156,-103.43340301513672,raise,7,2025-11-18T15:23:35.392532,my_hand_data\videos\raise_seq7_20251118_152333_095630.avi,89.6560882112294,360,90,HIGH,VIDEO_RECORDING,2025-11-18T15:23:37.171296
2025-11-18 15:23:35.402573,207,1060,HandType.Right,0.6716368794441223,93.75335693359375,264.53570556640625,-39.48659896850586,-0.9682554006576538,0.24647535383701324,-0.04161017760634422,9.708839416503906,68.15497589111328,4.49703311920166,0.03174421191215515,0.29518747329711914,45.87540817260742,0,1,1,1,1,66.7331314086914,310.87744140625,-55.77351379394531,80.32301330566406,321.4642639160156,-103.43340301513672,raise,7,2025-11-18T15:23:35.402573,my_hand_data\videos\raise_seq7_20251118_152333_095630.avi,89.6560882112294,360,90,HIGH,VIDEO_RECORDING,2025-11-18T15:23:37.171296
2025-11-18 15:23:35.412604,208,1060,HandType.Right,0.6714770793914795,93.83549499511719,265.155517578125,-39.278629302978516,-0.9682803750038147,0.2465144246816635,-0.04078970476984978,7.360707759857178,55.543392181396484,18.637073516845703,0.03114255890250206,0.295512318611145,45.88447570800781,0,1,1,1,1,66.76737976074219,311.48974609375,-55.51270294189453,80.3650894165039,322.1365051269531,-103.13848876953125,raise,7,2025-11-18T15:23:35.412604,my_hand_data\videos\raise_seq7_20251118_152333_095630.avi,89.6560882112294,360,90,HIGH,VIDEO_RECORDING,2025-11-18T15:23:37.171296
2025-11-18 15:23:35.423113,209,1060,HandType.Right,0.6716716289520264,93.93885803222656,265.7850036621094,-39.07976150512695,-0.9682367444038391,0.2468036264181137,-0.04006967693567276,9.107804298400879,55.46657180786133,17.522855758666992,0.030052701011300087,0.29696139693260193,45.83818435668945,0,1,1,1,1,66.84819793701172,312.1322326660156,-55.26884841918945,80.34796905517578,322.8324890136719,-102.84475708007812,raise,7,2025-11-18T15:23:35.423113,my_hand_data\videos\raise_seq7_20251118_152333_095630.avi,89.6560882112294,360,90,HIGH,VIDEO_RECORDING,2025-11-18T15:23:37.171296
2025-11-18 15:23:35.443684,210,1060,HandType.Right,0.6705859303474426,94.1976318359375,267.35223388671875,-38.701072692871094,-0.9681070446968079,0.24749551713466644,-0.03891894593834877,10.510396957397461,71.62468719482422,16.678234100341797,0.030669694766402245,0.30365344882011414,45.61955261230469,0,1,1,1,1,67.0588150024414,313.7850036621094,-54.76124572753906,80.24877166748047,324.57769775390625,-102.10722351074219,raise,7,2025-11-18T15:23:35.443684,my_hand_data\videos\raise_seq7_20251118_152333_095630.avi,89.6560882112294,360,90,HIGH,VIDEO_RECORDING,2025-11-18T15:23:37.171296
2025-11-18 15:23:35.449012,211,1060,HandType.Right,0.6700862050056458,94.265380859375,268.1262512207031,-38.49776077270508,-0.9680448770523071,0.24785953760147095,-0.0381416417658329,6.192999839782715,70.75878143310547,18.5861759185791,0.031045150011777878,0.30642828345298767,45.53887176513672,0,1,1,1,1,67.08129119873047,314.56964111328125,-54.480567932128906,80.19314575195312,325.4664001464844,-101.6988296508789,raise,7,2025-11-18T15:23:35.449012,my_hand_data\videos\raise_seq7_20251118_152333_095630.avi,89.6560882112294,360,90,HIGH,VIDEO_RECORDING,2025-11-18T15:23:37.171296
2025-11-18 15:23:35.464510,212,1060,HandType.Right,0.6694031357765198,94.27972412109375,268.8515319824219,-38.31053924560547,-0.968066394329071,0.2478814423084259,-0.03744625300168991,1.2642892599105835,63.933067321777344,16.503929138183594,0.0315103754401207,0.3090072274208069,45.458744049072266,0,1,1,1,1,67.07172393798828,315.2957458496094,-54.24477005004883,80.11336517333984,326.27069091796875,-101.34744262695312,raise,7,2025-11-18T15:23:35.464510,my_hand_data\videos\raise_seq7_20251118_152333_095630.avi,89.6560882112294,360,90,HIGH,VIDEO_RECORDING,2025-11-18T15:23:37.171296
2025-11-18 15:23:35.464510,213,1060,HandType.Right,0.6694031357765198,94.27972412109375,268.8515319824219,-38.31053924560547,-0.968066394329071,0.2478814423084259,-0.03744625300168991,1.2642892599105835,63.933067321777344,16.503929138183594,0.0315103754401207,0.3090072274208069,45.458744049072266,0,1,1,1,1,67.07172393798828,315.2957458496094,-54.24477005004883,80.11336517333984,326.27069091796875,-101.34744262695312,raise,7,2025-11-18T15:23:35.464510,my_hand_data\videos\raise_seq7_20251118_152333_095630.avi,89.6560882112294,360,90,HIGH,VIDEO_RECORDING,2025-11-18T15:23:37.171296
2025-11-18 15:23:35.485151,214,1060,HandType.Right,0.6705898642539978,94.26470947265625,270.4765930175781,-38.15789794921875,-0.9685825109481812,0.2460089474916458,-0.036434732377529144,0.11700189113616943,76.34346771240234,4.1696624755859375,0.033736489713191986,0.3125097453594208,45.311309814453125,0,1,1,1,1,66.97991943359375,316.95574951171875,-53.99403762817383,79.77275085449219,328.0010681152344,-100.98645782470703,raise,7,2025-11-18T15:23:35.485151,my_hand_data\videos\raise_seq7_20251118_152333_095630.avi,89.6560882112294,360,90,HIGH,VIDEO_RECORDING,2025-11-18T15:23:37.171296
2025-11-18 15:23:35.495443,215,1060,HandType.Right,0.6709423065185547,94.26329803466797,271.4031066894531,-38.14457702636719,-0.9689801335334778,0.2444761097431183,-0.03617876395583153,-0.12925904989242554,85.20289611816406,1.224715232849121,0.034976258873939514,0.3148028552532196,45.19210433959961,0,1,1,1,1,66.96566772460938,317.92010498046875,-53.947200775146484,79.6097640991211,329.0505676269531,-100.85791015625,raise,7,2025-11-18T15:23:35.495443,my_hand_data\videos\raise_seq7_20251118_152333_095630.avi,89.6560882112294,360,90,HIGH,VIDEO_RECORDING,2025-11-18T15:23:37.171296
2025-11-18 15:23:35.505643,216,1060,HandType.Right,0.672011137008667,94.25141906738281,272.35009765625,-38.14711380004883,-0.9695746302604675,0.24209526181221008,-0.03626206889748573,-1.0577903985977173,84.29005432128906,-0.2257857471704483,0.0355832576751709,0.3159535825252533,45.1329460144043,0,1,1,1,1,66.93782043457031,318.8317565917969,-53.95375061035156,79.57495880126953,330.07244873046875,-100.78592681884766,raise,7,2025-11-18T15:23:35.505643,my_hand_data\videos\raise_seq7_20251118_152333_095630.avi,89.6560882112294,360,90,HIGH,VIDEO_RECORDING,2025-11-18T15:23:37.171296
2025-11-18 15:23:35.515835,217,1060,HandType.Right,0.6729536652565002,94.2379150390625,273.3637390136719,-38.16879653930664,-0.9702215790748596,0.2395201027393341,-0.0360589474439621,-1.238318681716919,92.98615264892578,-1.989005446434021,0.03633552044630051,0.3146088421344757,45.16687774658203,0,1,1,1,1,66.88590240478516,319.7420959472656,-53.97043228149414,79.61512756347656,331.13848876953125,-100.79069519042969,raise,7,2025-11-18T15:23:35.515835,my_hand_data\videos\raise_seq7_20251118_152333_095630.avi,89.6560882112294,360,90,HIGH,VIDEO_RECORDING,2025-11-18T15:23:37.171296
2025-11-18 15:23:35.526232,218,1060,HandType.Right,0.6737094521522522,94.28816223144531,274.3056335449219,-38.034217834472656,-0.9710447192192078,0.23618552088737488,-0.0358957014977932,4.418456077575684,82.83223724365234,11.8352632522583,0.0351906381547451,0.3116385042667389,45.22391891479492,0,1,1,1,1,66.89080810546875,320.54034423828125,-53.85292434692383,79.69453430175781,332.0729675292969,-100.73634338378906,raise,7,2025-11-18T15:23:35.526232,my_hand_data\videos\raise_seq7_20251118_152333_095630.avi,89.6560882112294,360,90,HIGH,VIDEO_RECORDING,2025-11-18T15:23:37.171296
2025-11-18 15:23:35.536328,219,1060,HandType.Right,0.6737094521522522,94.28816223144531,274.3056335449219,-38.034217834472656,-0.9710447192192078,0.23618552088737488,-0.0358957014977932,4.418456077575684,82.83223724365234,11.8352632522583,0.0351906381547451,0.3116385042667389,45.22391891479492,0,1,1,1,1,66.89080810546875,320.54034423828125,-53.85292434692383,79.69453430175781,332.0729675292969,-100.73634338378906,raise,7,2025-11-18T15:23:35.536328,my_hand_data\videos\raise_seq7_20251118_152333_095630.avi,89.6560882112294,360,90,HIGH,VIDEO_RECORDING,2025-11-18T15:23:37.171296
2025-11-18 15:23:35.546634,220,1060,HandType.Right,0.6740610599517822,94.3362045288086,275.0370178222656,-37.81977462768555,-0.9715597033500671,0.23412777483463287,-0.0354388989508152,4.319610118865967,65.75597381591797,19.27927589416504,0.03323321416974068,0.3102463185787201,45.22270965576172,0,1,1,1,1,66.85064697265625,321.0868225097656,-53.66730880737305,79.59403991699219,332.71051025390625,-100.59666442871094,raise,7,2025-11-18T15:23:35.546634,my_hand_data\videos\raise_seq7_20251118_152333_095630.avi,89.6560882112294,360,90,HIGH,VIDEO_RECORDING,2025-11-18T15:23:37.171296
2025-11-18 15:23:35.556963,221,1060,HandType.Right,0.6737737059593201,94.40086364746094,275.72857666015625,-37.56168746948242,-0.9720354676246643,0.23222459852695465,-0.03491121530532837,5.835110664367676,62.40898513793945,23.291093826293945,0.03203338012099266,0.3093738555908203,45.19773864746094,0,1,1,1,1,66.91651153564453,321.5887145996094,-53.42634582519531,79.57792663574219,333.3053283691406,-100.38320922851562,raise,7,2025-11-18T15:23:35.556963,my_hand_data\videos\raise_seq7_20251118_152333_095630.avi,89.6560882112294,360,90,HIGH,VIDEO_RECORDING,2025-11-18T15:23:37.171296
2025-11-18 15:23:35.567287,222,1060,HandType.Right,0.67336106300354,94.48544311523438,276.52716064453125,-37.38664245605469,-0.9724886417388916,0.23047955334186554,-0.03383840247988701,7.762434482574463,73.29002380371094,16.065078735351562,0.03267492726445198,0.3082190155982971,45.21834945678711,0,1,1,1,1,67.01231384277344,322.2799987792969,-53.21525573730469,79.65516662597656,334.06610107421875,-100.19905853271484,raise,7,2025-11-18T15:23:35.567287,my_hand_data\videos\raise_seq7_20251118_152333_095630.avi,89.6560882112294,360,90,HIGH,VIDEO_RECORDING,2025-11-18T15:23:37.171296
2025-11-18 15:23:35.587828,223,1060,HandType.Right,0.673513650894165,94.57124328613281,277.8892822265625,-37.174198150634766,-0.9729786515235901,0.2285577952861786,-0.03277001157402992,3.54107666015625,57.47142028808594,8.947117805480957,0.032585304230451584,0.30893194675445557,45.18159866333008,0,1,1,1,1,67.06014251708984,323.61358642578125,-52.87861633300781,79.53758239746094,335.401123046875,-99.86600494384766,raise,7,2025-11-18T15:23:35.587828,my_hand_data\videos\raise_seq7_20251118_152333_095630.avi,89.6560882112294,360,90,HIGH,VIDEO_RECORDING,2025-11-18T15:23:37.171296
2025-11-18 15:23:35.587828,224,1060,HandType.Right,0.673513650894165,94.57124328613281,277.8892822265625,-37.174198150634766,-0.9729786515235901,0.2285577952861786,-0.03277001157402992,3.54107666015625,57.47142028808594,8.947117805480957,0.032585304230451584,0.30893194675445557,45.18159866333008,0,1,1,1,1,67.06014251708984,323.61358642578125,-52.87861633300781,79.53758239746094,335.401123046875,-99.86600494384766,raise,7,2025-11-18T15:23:35.587828,my_hand_data\videos\raise_seq7_20251118_152333_095630.avi,89.6560882112294,360,90,HIGH,VIDEO_RECORDING,2025-11-18T15:23:37.171296
2025-11-18 15:23:35.608667,225,1060,HandType.Right,0.6732540130615234,94.67143249511719,279.2705078125,-36.84505844116211,-0.9736294150352478,0.22579361498355865,-0.032603777945041656,5.934513092041016,65.62199401855469,13.601223945617676,0.029402216896414757,0.3098090887069702,45.1096305847168,0,1,1,1,1,67.10416412353516,325.0049133300781,-52.49817657470703,79.47015380859375,336.77728271484375,-99.4747314453125,raise,7,2025-11-18T15:23:35.608667,my_hand_data\videos\raise_seq7_20251118_152333_095630.avi,89.6560882112294,360,90,HIGH,VIDEO_RECORDING,2025-11-18T15:23:37.171296
2025-11-18 15:23:35.612743,226,1060,HandType.Right,0.6732540130615234,94.67143249511719,279.2705078125,-36.84505844116211,-0.9736294150352478,0.22579361498355865,-0.032603777945041656,5.934513092041016,65.62199401855469,13.601223945617676,0.029402216896414757,0.3098090887069702,45.1096305847168,0,1,1,1,1,67.10416412353516,325.0049133300781,-52.49817657470703,79.47015380859375,336.77728271484375,-99.4747314453125,raise,7,2025-11-18T15:23:35.612743,my_hand_data\videos\raise_seq7_20251118_152333_095630.avi,89.6560882112294,360,90,HIGH,VIDEO_RECORDING,2025-11-18T15:23:37.171296
2025-11-18 15:23:35.629217,227,1060,HandType.Right,0.6730905175209045,94.93565368652344,280.8568115234375,-36.58301544189453,-0.9743102192878723,0.22276535630226135,-0.033093828707933426,12.308417320251465,74.44950866699219,12.270824432373047,0.02551395632326603,0.31481149792671204,44.905765533447266,0,1,1,1,1,67.31515502929688,326.5794372558594,-52.21965026855469,79.51233673095703,338.4071044921875,-99.01038360595703,raise,7,2025-11-18T15:23:35.629217,my_hand_data\videos\raise_seq7_20251118_152333_095630.avi,89.6560882112294,360,90,HIGH,VIDEO_RECORDING,2025-11-18T15:23:37.171296
2025-11-18 15:23:35.639416,228,1060,HandType.Right,0.6738429069519043,95.03384399414062,281.6730651855469,-36.476566314697266,-0.9745496511459351,0.2217264324426651,-0.033020153641700745,8.690817832946777,72.249267578125,9.421948432922363,0.02557271718978882,0.31657224893569946,44.83290100097656,0,1,1,1,1,67.41390991210938,327.40301513671875,-52.10050582885742,79.5085678100586,339.2455139160156,-98.83455657958984,raise,7,2025-11-18T15:23:35.639416,my_hand_data\videos\raise_seq7_20251118_152333_095630.avi,89.6560882112294,360,90,HIGH,VIDEO_RECORDING,2025-11-18T15:23:37.171296
2025-11-18 15:23:35.649542,229,1060,HandType.Right,0.673852264881134,95.10558319091797,282.4636535644531,-36.36703109741211,-0.9747598767280579,0.22080644965171814,-0.03298090025782585,6.551992893218994,72.2039566040039,10.004097938537598,0.024892788380384445,0.3164966404438019,44.79535675048828,0,1,1,1,1,67.47600555419922,328.2145080566406,-51.95793533325195,79.50357055664062,340.060302734375,-98.70624542236328,raise,7,2025-11-18T15:23:35.649542,my_hand_data\videos\raise_seq7_20251118_152333_095630.avi,89.6560882112294,360,90,HIGH,VIDEO_RECORDING,2025-11-18T15:23:37.171296
2025-11-18 15:23:35.659619,230,1060,HandType.Right,0.6735955476760864,95.20929718017578,283.260009765625,-36.22266387939453,-0.9749282002449036,0.2200441211462021,-0.03309908136725426,9.333210945129395,71.66087341308594,12.990937232971191,0.024639615789055824,0.3181733191013336,44.7297248840332,0,1,1,1,1,67.55429077148438,328.9832763671875,-51.80817413330078,79.53850555419922,340.8631591796875,-98.48180389404297,raise,7,2025-11-18T15:23:35.659619,my_hand_data\videos\raise_seq7_20251118_152333_095630.avi,89.6560882112294,360,90,HIGH,VIDEO_RECORDING,2025-11-18T15:23:37.171296
2025-11-18 15:23:35.670044,231,1060,HandType.Right,0.6735955476760864,95.20929718017578,283.260009765625,-36.22266387939453,-0.9749282002449036,0.2200441211462021,-0.03309908136725426,9.333210945129395,71.66087341308594,12.990937232971191,0.024639615789055824,0.3181733191013336,44.7297248840332,0,1,1,1,1,67.55429077148438,328.9832763671875,-51.80817413330078,79.53850555419922,340.8631591796875,-98.48180389404297,raise,7,2025-11-18T15:23:35.670044,my_hand_data\videos\raise_seq7_20251118_152333_095630.avi,89.6560882112294,360,90,HIGH,VIDEO_RECORDING,2025-11-18T15:23:37.171296
2025-11-18 15:23:35.680339,232,1060,HandType.Right,0.6736014485359192,95.3193588256836,284.0749816894531,-36.044403076171875,-0.9750846028327942,0.21935942769050598,-0.03303806111216545,9.864534378051758,73.0462875366211,15.977593421936035,0.025178801268339157,0.31944626569747925,44.659889221191406,0,1,1,1,1,67.65013885498047,329.7447204589844,-51.62074279785156,79.56492614746094,341.71282958984375,-98.22981262207031,raise,7,2025-11-18T15:23:35.680339,my_hand_data\videos\raise_seq7_20251118_152333_095630.avi,89.6560882112294,360,90,HIGH,VIDEO_RECORDING,2025-11-18T15:23:37.171296
2025-11-18 15:23:35.690764,233,1060,HandType.Right,0.6738959550857544,95.43798065185547,284.8869323730469,-35.85947036743164,-0.9753092527389526,0.21833887696266174,-0.03316579386591911,10.73291301727295,73.46488189697266,16.73282241821289,0.025651225820183754,0.32274705171585083,44.508121490478516,0,1,1,1,1,67.76717376708984,330.5328674316406,-51.41770935058594,79.44581604003906,342.5184631347656,-97.93865966796875,raise,7,2025-11-18T15:23:35.690764,my_hand_data\videos\raise_seq7_20251118_152333_095630.avi,89.6560882112294,360,90,HIGH,VIDEO_RECORDING,2025-11-18T15:23:37.171296
2025-11-18 15:23:35.701247,234,1060,HandType.Right,0.6735650300979614,95.52477264404297,285.6637878417969,-35.64349365234375,-0.9755076169967651,0.21746911108493805,-0.03304743021726608,7.750126361846924,69.37046813964844,19.285219192504883,0.025098035112023354,0.32371070981025696,44.44807052612305,0,1,1,1,1,67.84989166259766,331.3299865722656,-51.15370559692383,79.4576416015625,343.35858154296875,-97.63732147216797,raise,7,2025-11-18T15:23:35.701247,my_hand_data\videos\raise_seq7_20251118_152333_095630.avi,89.6560882112294,360,90,HIGH,VIDEO_RECORDING,2025-11-18T15:23:37.171296
2025-11-18 15:23:35.721046,235,1060,HandType.Right,0.6732701063156128,95.79467010498047,287.41815185546875,-35.39707946777344,-0.9759176969528198,0.21563991904258728,-0.03292509913444519,13.241780281066895,81.79205322265625,8.649214744567871,0.02515423856675625,0.3223858177661896,44.43260955810547,0,1,1,1,1,68.0779037475586,333.15771484375,-50.715065002441406,79.61241912841797,345.21728515625,-97.25823974609375,raise,7,2025-11-18T15:23:35.721046,my_hand_data\videos\raise_seq7_20251118_152333_095630.avi,89.6560882112294,360,90,HIGH,VIDEO_RECORDING,2025-11-18T15:23:37.171296
2025-11-18 15:23:35.723211,236,1060,HandType.Right,0.6732701063156128,95.79467010498047,287.41815185546875,-35.39707946777344,-0.9759176969528198,0.21563991904258728,-0.03292509913444519,13.241780281066895,81.79205322265625,8.649214744567871,0.02515423856675625,0.3223858177661896,44.43260955810547,0,1,1,1,1,68.0779037475586,333.15771484375,-50.715065002441406,79.61241912841797,345.21728515625,-97.25823974609375,raise,7,2025-11-18T15:23:35.723211,my_hand_data\videos\raise_seq7_20251118_152333_095630.avi,89.6560882112294,360,90,HIGH,VIDEO_RECORDING,2025-11-18T15:23:37.171296
2025-11-18 15:23:35.741551,237,1060,HandType.Right,0.6729360222816467,96.059814453125,289.23382568359375,-35.27910614013672,-0.9761844873428345,0.21438199281692505,-0.03322894126176834,12.17402172088623,84.0823974609375,4.483325958251953,0.025395093485713005,0.3243495523929596,44.34895324707031,0,1,1,1,1,68.34392547607422,335.01239013671875,-50.4560432434082,79.78561401367188,347.1011962890625,-96.92162322998047,raise,7,2025-11-18T15:23:35.741551,my_hand_data\videos\raise_seq7_20251118_152333_095630.avi,89.6560882112294,360,90,HIGH,VIDEO_RECORDING,2025-11-18T15:23:37.171296
2025-11-18 15:23:35.741551,238,1060,HandType.Right,0.6729360222816467,96.059814453125,289.23382568359375,-35.27910614013672,-0.9761844873428345,0.21438199281692505,-0.03322894126176834,12.17402172088623,84.0823974609375,4.483325958251953,0.025395093485713005,0.3243495523929596,44.34895324707031,0,1,1,1,1,68.34392547607422,335.01239013671875,-50.4560432434082,79.78561401367188,347.1011962890625,-96.92162322998047,raise,7,2025-11-18T15:23:35.741551,my_hand_data\videos\raise_seq7_20251118_152333_095630.avi,89.6560882112294,360,90,HIGH,VIDEO_RECORDING,2025-11-18T15:23:37.171296
2025-11-18 15:23:35.762172,239,1060,HandType.Right,0.6718997955322266,96.34134674072266,291.0301818847656,-35.1208610534668,-0.976227879524231,0.21414071321487427,-0.03350985422730446,12.707559585571289,81.17462158203125,7.489470481872559,0.02257087640464306,0.32254087924957275,44.36869812011719,0,1,1,1,1,68.62881469726562,336.8501892089844,-50.14955139160156,80.23822784423828,349.1513366699219,-96.58308410644531,raise,7,2025-11-18T15:23:35.762172,my_hand_data\videos\raise_seq7_20251118_152333_095630.avi,89.6560882112294,360,90,HIGH,VIDEO_RECORDING,2025-11-18T15:23:37.171296
2025-11-18 15:23:35.772520,240,1060,HandType.Right,0.67180997133255,96.45962524414062,291.9938049316406,-35.01919937133789,-0.97617506980896,0.21442484855651855,-0.033229801803827286,10.590960502624512,86.28439331054688,9.1029052734375,0.019977660849690437,0.32061344385147095,44.43397903442383,0,1,1,1,1,68.7480697631836,337.8416748046875,-49.97648239135742,80.53473663330078,350.3386535644531,-96.38877868652344,raise,7,2025-11-18T15:23:35.772520,my_hand_data\videos\raise_seq7_20251118_152333_095630.avi,89.6560882112294,360,90,HIGH,VIDEO_RECORDING,2025-11-18T15:23:37.171296
2025-11-18 15:23:35.782785,241,1060,HandType.Right,0.67180997133255,96.45962524414062,291.9938049316406,-35.01919937133789,-0.97617506980896,0.21442484855651855,-0.033229801803827286,10.590960502624512,86.28439331054688,9.1029052734375,0.019977660849690437,0.32061344385147095,44.43397903442383,0,1,1,1,1,68.7480697631836,337.8416748046875,-49.97648239135742,80.53473663330078,350.3386535644531,-96.38877868652344,raise,7,2025-11-18T15:23:35.782785,my_hand_data\videos\raise_seq7_20251118_152333_095630.avi,89.6560882112294,360,90,HIGH,VIDEO_RECORDING,2025-11-18T15:23:37.171296
2025-11-18 15:23:35.792932,242,1060,HandType.Right,0.6702721118927002,96.6339111328125,293.739990234375,-34.72777557373047,-0.9759933352470398,0.21534711122512817,-0.03259811922907829,6.759706974029541,76.24075317382812,11.339512825012207,0.014795572496950626,0.31690630316734314,44.54579544067383,0,1,1,1,1,68.95330810546875,339.7121887207031,-49.54984664916992,81.12861633300781,352.6070861816406,-95.89624786376953,raise,7,2025-11-18T15:23:35.792932,my_hand_data\videos\raise_seq7_20251118_152333_095630.avi,89.6560882112294,360,90,HIGH,VIDEO_RECORDING,2025-11-18T15:23:37.171296
2025-11-18 15:23:35.803402,243,1060,HandType.Right,0.6702721118927002,96.6339111328125,293.739990234375,-34.72777557373047,-0.9759933352470398,0.21534711122512817,-0.03259811922907829,6.759706974029541,76.24075317382812,11.339512825012207,0.014795572496950626,0.31690630316734314,44.54579544067383,0,1,1,1,1,68.95330810546875,339.7121887207031,-49.54984664916992,81.12861633300781,352.6070861816406,-95.89624786376953,raise,7,2025-11-18T15:23:35.803402,my_hand_data\videos\raise_seq7_20251118_152333_095630.avi,89.6560882112294,360,90,HIGH,VIDEO_RECORDING,2025-11-18T15:23:37.171296
2025-11-18 15:23:35.813815,244,1060,HandType.Right,0.6696062088012695,96.72177124023438,294.80572509765625,-34.63862991333008,-0.9760381579399109,0.2151506096124649,-0.03255373612046242,7.772661209106445,94.2772216796875,7.886213302612305,0.015697522088885307,0.3180955946445465,44.47725296020508,0,1,1,1,1,69.05680847167969,340.7940979003906,-49.402557373046875,81.25716400146484,353.892333984375,-95.6265869140625,raise,7,2025-11-18T15:23:35.813815,my_hand_data\videos\raise_seq7_20251118_152333_095630.avi,89.6560882112294,360,90,HIGH,VIDEO_RECORDING,2025-11-18T15:23:37.171296
2025-11-18 15:23:35.823865,245,1060,HandType.Right,0.6692144870758057,96.79988861083984,295.9432373046875,-34.5294075012207,-0.9760507941246033,0.21510709822177887,-0.03246178478002548,7.031716346740723,102.39606475830078,9.831765174865723,0.015301325358450413,0.31960710883140564,44.4063835144043,0,1,1,1,1,69.1444091796875,341.93072509765625,-49.2387809753418,81.38088989257812,355.2913818359375,-95.30424499511719,raise,7,2025-11-18T15:23:35.823865,my_hand_data\videos\raise_seq7_20251118_152333_095630.avi,89.6560882112294,360,90,HIGH,VIDEO_RECORDING,2025-11-18T15:23:37.171296
2025-11-18 15:23:35.833897,246,1060,HandType.Right,0.6685600876808167,96.8353271484375,296.9588623046875,-34.386688232421875,-0.9761022329330444,0.21488270163536072,-0.03240177780389786,3.186680316925049,91.32608795166016,12.833444595336914,0.012033631093800068,0.3181828558444977,44.425567626953125,0,1,1,1,1,69.19466400146484,342.9825744628906,-49.023284912109375,81.58296966552734,356.5704040527344,-95.03744506835938,raise,7,2025-11-18T15:23:35.833897,my_hand_data\videos\raise_seq7_20251118_152333_095630.avi,89.6560882112294,360,90,HIGH,VIDEO_RECORDING,2025-11-18T15:23:37.171296
2025-11-18 15:23:35.854308,247,1060,HandType.Right,0.6691721081733704,96.92866516113281,298.97540283203125,-34.062644958496094,-0.9763197302818298,0.2139231413602829,-0.03219829127192497,4.976181507110596,96.48085021972656,15.490715026855469,0.007235462311655283,0.31863152980804443,44.4007568359375,0,1,1,1,1,69.29716491699219,345.1133117675781,-48.57210159301758,81.84471893310547,358.95733642578125,-94.43762969970703,raise,7,2025-11-18T15:23:35.854308,my_hand_data\videos\raise_seq7_20251118_152333_095630.avi,89.6560882112294,360,90,HIGH,VIDEO_RECORDING,2025-11-18T15:23:37.171296
2025-11-18 15:23:35.858334,248,1060,HandType.Right,0.6691721081733704,96.92866516113281,298.97540283203125,-34.062644958496094,-0.9763197302818298,0.2139231413602829,-0.03219829127192497,4.976181507110596,96.48085021972656,15.490715026855469,0.007235462311655283,0.31863152980804443,44.4007568359375,0,1,1,1,1,69.29716491699219,345.1133117675781,-48.57210159301758,81.84471893310547,358.95733642578125,-94.43762969970703,raise,7,2025-11-18T15:23:35.858334,my_hand_data\videos\raise_seq7_20251118_152333_095630.avi,89.6560882112294,360,90,HIGH,VIDEO_RECORDING,2025-11-18T15:23:37.171296
2025-11-18 15:23:35.874916,249,1060,HandType.Right,0.6693869829177856,96.95240020751953,301.0093994140625,-33.73345947265625,-0.976498007774353,0.21313413977622986,-0.032022953033447266,-1.183444857597351,88.24466705322266,14.99807071685791,0.005459530279040337,0.31585419178009033,44.49510955810547,0,1,1,1,1,69.368408203125,347.3143310546875,-47.97766876220703,82.13702392578125,361.4571838378906,-93.79788970947266,raise,7,2025-11-18T15:23:35.874916,my_hand_data\videos\raise_seq7_20251118_152333_095630.avi,89.6560882112294,360,90,HIGH,VIDEO_RECORDING,2025-11-18T15:23:37.171296
2025-11-18 15:23:35.876434,250,1060,HandType.Right,0.6693869829177856,96.95240020751953,301.0093994140625,-33.73345947265625,-0.976498007774353,0.21313413977622986,-0.032022953033447266,-1.183444857597351,88.24466705322266,14.99807071685791,0.005459530279040337,0.31585419178009033,44.49510955810547,0,1,1,1,1,69.368408203125,347.3143310546875,-47.97766876220703,82.13702392578125,361.4571838378906,-93.79788970947266,raise,7,2025-11-18T15:23:35.876434,my_hand_data\videos\raise_seq7_20251118_152333_095630.avi,89.6560882112294,360,90,HIGH,VIDEO_RECORDING,2025-11-18T15:23:37.171296
2025-11-18 15:23:35.895419,251,1060,HandType.Right,0.6687247157096863,97.07949829101562,303.14105224609375,-33.23464584350586,-0.9763368368148804,0.2141140252351761,-0.030357537791132927,6.84792947769165,95.42594146728516,24.888446807861328,0.0,0.3119925558567047,44.58701705932617,0,1,1,1,1,69.50440979003906,349.4462890625,-47.28177261352539,82.63240051269531,364.27069091796875,-92.92854309082031,raise,7,2025-11-18T15:23:35.895419,my_hand_data\videos\raise_seq7_20251118_152333_095630.avi,89.6560882112294,360,90,HIGH,VIDEO_RECORDING,2025-11-18T15:23:37.171296
2025-11-18 15:23:35.905556,252,1060,HandType.Right,0.6670966744422913,97.12449645996094,304.2620849609375,-33.0048713684082,-0.9763104915618896,0.2143215835094452,-0.02973276935517788,4.076133728027344,101.54208374023438,20.812898635864258,0.0,0.3095901608467102,44.646732330322266,0,1,1,1,1,69.56175231933594,350.5843200683594,-46.93309020996094,82.82843017578125,365.6287841796875,-92.5649642944336,raise,7,2025-11-18T15:23:35.905556,my_hand_data\videos\raise_seq7_20251118_152333_095630.avi,89.6560882112294,360,90,HIGH,VIDEO_RECORDING,2025-11-18T15:23:37.171296
2025-11-18 15:23:35.915722,253,1060,HandType.Right,0.6670966744422913,97.12449645996094,304.2620849609375,-33.0048713684082,-0.9763104915618896,0.2143215835094452,-0.02973276935517788,4.076133728027344,101.54208374023438,20.812898635864258,0.0,0.3095901608467102,44.646732330322266,0,1,1,1,1,69.56175231933594,350.5843200683594,-46.93309020996094,82.82843017578125,365.6287841796875,-92.5649642944336,raise,7,2025-11-18T15:23:35.915722,my_hand_data\videos\raise_seq7_20251118_152333_095630.avi,89.6560882112294,360,90,HIGH,VIDEO_RECORDING,2025-11-18T15:23:37.171296
2025-11-18 15:23:35.925806,254,1060,HandType.Right,0.6665639877319336,97.16962432861328,305.37896728515625,-32.72233581542969,-0.9762941002845764,0.2144901603460312,-0.029049040749669075,4.022390842437744,99.55228424072266,25.183399200439453,0.0,0.309573769569397,44.63898849487305,0,1,1,1,1,69.61175537109375,351.6852111816406,-46.57863235473633,82.86713409423828,366.8184509277344,-92.17855834960938,raise,7,2025-11-18T15:23:35.925806,my_hand_data\videos\raise_seq7_20251118_152333_095630.avi,89.6560882112294,360,90,HIGH,VIDEO_RECORDING,2025-11-18T15:23:37.171296
2025-11-18 15:23:35.935447,255,1060,HandType.Right,0.6663869619369507,97.28015899658203,306.6461181640625,-32.52251052856445,-0.9763852953910828,0.2141093909740448,-0.02879031002521515,9.92437744140625,113.76766967773438,17.941097259521484,0.0,0.31092217564582825,44.597198486328125,0,1,1,1,1,69.7331771850586,352.9928894042969,-46.24592590332031,82.94859313964844,368.2120361328125,-91.76520538330078,raise,7,2025-11-18T15:23:35.935447,my_hand_data\videos\raise_seq7_20251118_152333_095630.avi,89.6560882112294,360,90,HIGH,VIDEO_RECORDING,2025-11-18T15:23:37.171296
2025-11-18 15:23:35.945499,256,1060,HandType.Right,0.6666480898857117,97.34777069091797,307.89581298828125,-32.295005798339844,-0.9764074683189392,0.21400846540927887,-0.028789576143026352,6.087497711181641,112.52501678466797,20.48486328125,0.0,0.31269708275794983,44.54475784301758,0,1,1,1,1,69.822998046875,354.2899475097656,-45.91108703613281,82.90174865722656,369.51031494140625,-91.39213562011719,raise,7,2025-11-18T15:23:35.945499,my_hand_data\videos\raise_seq7_20251118_152333_095630.avi,89.6560882112294,360,90,HIGH,VIDEO_RECORDING,2025-11-18T15:23:37.171296
2025-11-18 15:23:35.955881,257,1060,HandType.Right,0.6659035086631775,97.394775390625,309.1379089355469,-32.057403564453125,-0.9765760898590088,0.21319182217121124,-0.029127182438969612,4.240915775299072,112.07377624511719,21.438129425048828,0.0,0.3116995394229889,44.545127868652344,0,1,1,1,1,69.92179107666016,355.65289306640625,-45.571685791015625,82.95975494384766,370.85504150390625,-91.1136245727539,raise,7,2025-11-18T15:23:35.955881,my_hand_data\videos\raise_seq7_20251118_152333_095630.avi,89.6560882112294,360,90,HIGH,VIDEO_RECORDING,2025-11-18T15:23:37.171296
2025-11-18 15:23:35.976238,258,1060,HandType.Right,0.6642296314239502,97.4311294555664,311.6542663574219,-31.509523391723633,-0.9773821234703064,0.2092103213071823,-0.030907534062862396,0.8834998607635498,111.60778045654297,26.296396255493164,0.0,0.31342095136642456,44.39461135864258,0,1,1,1,1,70.02877044677734,358.3385009765625,-44.95457458496094,83.0224609375,373.634521484375,-90.40237426757812,raise,7,2025-11-18T15:23:35.976238,my_hand_data\videos\raise_seq7_20251118_152333_095630.avi,89.6560882112294,360,90,HIGH,VIDEO_RECORDING,2025-11-18T15:23:37.171296
2025-11-18 15:23:35.981134,259,1060,HandType.Right,0.6642296314239502,97.4311294555664,311.6542663574219,-31.509523391723633,-0.9773821234703064,0.2092103213071823,-0.030907534062862396,0.8834998607635498,111.60778045654297,26.296396255493164,0.0,0.31342095136642456,44.39461135864258,0,1,1,1,1,70.02877044677734,358.3385009765625,-44.95457458496094,83.0224609375,373.634521484375,-90.40237426757812,raise,7,2025-11-18T15:23:35.981134,my_hand_data\videos\raise_seq7_20251118_152333_095630.avi,89.6560882112294,360,90,HIGH,VIDEO_RECORDING,2025-11-18T15:23:37.171296
2025-11-18 15:23:35.996717,260,1060,HandType.Right,0.6626206636428833,97.45417022705078,314.344482421875,-31.036916732788086,-0.978308379650116,0.20460529625415802,-0.03239474073052406,-0.5684191584587097,122.03058624267578,21.009973526000977,0.0,0.3144504427909851,44.26829528808594,0,1,1,1,1,70.12032318115234,361.1691589355469,-44.32133483886719,82.92292785644531,376.5067443847656,-89.76239013671875,raise,7,2025-11-18T15:23:35.996717,my_hand_data\videos\raise_seq7_20251118_152333_095630.avi,89.6560882112294,360,90,HIGH,VIDEO_RECORDING,2025-11-18T15:23:37.171296
2025-11-18 15:23:36.000726,261,1060,HandType.Right,0.6626206636428833,97.45417022705078,314.344482421875,-31.036916732788086,-0.978308379650116,0.20460529625415802,-0.03239474073052406,-0.5684191584587097,122.03058624267578,21.009973526000977,0.0,0.3144504427909851,44.26829528808594,0,1,1,1,1,70.12032318115234,361.1691589355469,-44.32133483886719,82.92292785644531,376.5067443847656,-89.76239013671875,raise,7,2025-11-18T15:23:36.000726,my_hand_data\videos\raise_seq7_20251118_152333_095630.avi,89.6560882112294,360,90,HIGH,VIDEO_RECORDING,2025-11-18T15:23:37.171296
2025-11-18 15:23:36.016927,262,1060,HandType.Right,0.661236047744751,97.4987564086914,317.0315246582031,-30.585302352905273,-0.9794722199440002,0.1989426463842392,-0.03249549865722656,3.9622840881347656,118.50318145751953,18.24161720275879,0.0,0.3102324903011322,44.29062271118164,0,1,1,1,1,70.24052429199219,363.8850402832031,-43.660919189453125,83.08147430419922,379.4897766113281,-89.17667388916016,raise,7,2025-11-18T15:23:36.016927,my_hand_data\videos\raise_seq7_20251118_152333_095630.avi,89.6560882112294,360,90,HIGH,VIDEO_RECORDING,2025-11-18T15:23:37.171296
2025-11-18 15:23:36.027192,263,1060,HandType.Right,0.661236047744751,97.4987564086914,317.0315246582031,-30.585302352905273,-0.9794722199440002,0.1989426463842392,-0.03249549865722656,3.9622840881347656,118.50318145751953,18.24161720275879,0.0,0.3102324903011322,44.29062271118164,0,1,1,1,1,70.24052429199219,363.8850402832031,-43.660919189453125,83.08147430419922,379.4897766113281,-89.17667388916016,raise,7,2025-11-18T15:23:36.027192,my_hand_data\videos\raise_seq7_20251118_152333_095630.avi,89.6560882112294,360,90,HIGH,VIDEO_RECORDING,2025-11-18T15:23:37.171296
2025-11-18 15:23:36.037346,264,1060,HandType.Right,0.6605069041252136,97.60218048095703,319.786376953125,-30.251745223999023,-0.9805310368537903,0.19345495104789734,-0.03367657586932182,5.49774169921875,132.90785217285156,12.914743423461914,0.0,0.306599497795105,44.33329391479492,0,1,1,1,1,70.36203002929688,366.7220153808594,-43.19135284423828,83.22903442382812,382.45355224609375,-88.80462646484375,raise,7,2025-11-18T15:23:36.037346,my_hand_data\videos\raise_seq7_20251118_152333_095630.avi,89.6560882112294,360,90,HIGH,VIDEO_RECORDING,2025-11-18T15:23:37.171296
2025-11-18 15:23:36.047517,265,1060,HandType.Right,0.6605069041252136,97.60218048095703,319.786376953125,-30.251745223999023,-0.9805310368537903,0.19345495104789734,-0.03367657586932182,5.49774169921875,132.90785217285156,12.914743423461914,0.0,0.306599497795105,44.33329391479492,0,1,1,1,1,70.36203002929688,366.7220153808594,-43.19135284423828,83.22903442382812,382.45355224609375,-88.80462646484375,raise,7,2025-11-18T15:23:36.047517,my_hand_data\videos\raise_seq7_20251118_152333_095630.avi,89.6560882112294,360,90,HIGH,VIDEO_RECORDING,2025-11-18T15:23:37.171296
2025-11-18 15:23:36.057962,266,1060,HandType.Right,0.6595532298088074,97.70779418945312,321.18927001953125,-30.120193481445312,-0.9808265566825867,0.19190877676010132,-0.03391515836119652,9.356898307800293,124.29328155517578,11.655182838439941,0.0,0.3054940402507782,44.33415985107422,0,1,1,1,1,70.47732543945312,368.1796875,-43.00823974609375,83.33656311035156,383.9459228515625,-88.65575408935547,raise,7,2025-11-18T15:23:36.057962,my_hand_data\videos\raise_seq7_20251118_152333_095630.avi,89.6560882112294,360,90,HIGH,VIDEO_RECORDING,2025-11-18T15:23:37.171296
2025-11-18 15:23:36.068356,267,1060,HandType.Right,0.6581858992576599,97.82843017578125,322.4582214355469,-29.990318298339844,-0.9809761047363281,0.19118179380893707,-0.03369566425681114,10.925065994262695,114.922119140625,11.761988639831543,0.0,0.3044448494911194,44.343013763427734,0,1,1,1,1,70.58901977539062,369.47381591796875,-42.8408317565918,83.48551177978516,385.3687438964844,-88.4737777709961,raise,7,2025-11-18T15:23:36.068356,my_hand_data\videos\raise_seq7_20251118_152333_095630.avi,89.6560882112294,360,90,HIGH,VIDEO_RECORDING,2025-11-18T15:23:37.171296
2025-11-18 15:23:36.078571,268,1060,HandType.Right,0.6564475893974304,97.95377349853516,323.6703186035156,-29.817922592163086,-0.9810181260108948,0.19102779030799866,-0.03334309905767441,10.864523887634277,105.06163787841797,14.942733764648438,0.0,0.3054027557373047,44.32094955444336,0,1,1,1,1,70.72225189208984,370.68194580078125,-42.62759780883789,83.66378784179688,386.7257080078125,-88.14318084716797,raise,7,2025-11-18T15:23:36.078571,my_hand_data\videos\raise_seq7_20251118_152333_095630.avi,89.6560882112294,360,90,HIGH,VIDEO_RECORDING,2025-11-18T15:23:37.171296
2025-11-18 15:23:36.098985,269,1060,HandType.Right,0.6552404761314392,98.14554595947266,326.1278381347656,-29.317964553833008,-0.9810672998428345,0.19078628718852997,-0.03327963128685951,7.765213966369629,110.78944396972656,23.926820755004883,0.0,0.30983778834342957,44.164432525634766,0,1,1,1,1,70.9975357055664,373.1004333496094,-41.99274444580078,83.8930892944336,389.5085144042969,-87.18716430664062,raise,7,2025-11-18T15:23:36.098985,my_hand_data\videos\raise_seq7_20251118_152333_095630.avi,89.6560882112294,360,90,HIGH,VIDEO_RECORDING,2025-11-18T15:23:37.171296
2025-11-18 15:23:36.103648,270,1060,HandType.Right,0.6552404761314392,98.14554595947266,326.1278381347656,-29.317964553833008,-0.9810672998428345,0.19078628718852997,-0.03327963128685951,7.765213966369629,110.78944396972656,23.926820755004883,0.0,0.30983778834342957,44.164432525634766,0,1,1,1,1,70.9975357055664,373.1004333496094,-41.99274444580078,83.8930892944336,389.5085144042969,-87.18716430664062,raise,7,2025-11-18T15:23:36.103648,my_hand_data\videos\raise_seq7_20251118_152333_095630.avi,89.6560882112294,360,90,HIGH,VIDEO_RECORDING,2025-11-18T15:23:37.171296
2025-11-18 15:23:36.119272,271,1060,HandType.Right,0.6538171768188477,98.32550811767578,328.4964904785156,-28.642805099487305,-0.9808406829833984,0.1921219378709793,-0.03226052597165108,5.953271865844727,102.41630554199219,31.66843605041504,0.0,0.310239315032959,44.19647216796875,0,1,1,1,1,71.25099182128906,375.4983825683594,-41.038639068603516,84.53092956542969,392.6757507324219,-85.8028564453125,raise,7,2025-11-18T15:23:36.119272,my_hand_data\videos\raise_seq7_20251118_152333_095630.avi,89.6560882112294,360,90,HIGH,VIDEO_RECORDING,2025-11-18T15:23:37.171296
2025-11-18 15:23:36.119272,272,1060,HandType.Right,0.6538171768188477,98.32550811767578,328.4964904785156,-28.642805099487305,-0.9808406829833984,0.1921219378709793,-0.03226052597165108,5.953271865844727,102.41630554199219,31.66843605041504,0.0,0.310239315032959,44.19647216796875,0,1,1,1,1,71.25099182128906,375.4983825683594,-41.038639068603516,84.53092956542969,392.6757507324219,-85.8028564453125,raise,7,2025-11-18T15:23:36.119272,my_hand_data\videos\raise_seq7_20251118_152333_095630.avi,89.6560882112294,360,90,HIGH,VIDEO_RECORDING,2025-11-18T15:23:37.171296
2025-11-18 15:23:36.139983,273,1060,HandType.Right,0.6547548174858093,98.34126281738281,330.7293395996094,-27.818559646606445,-0.9806214570999146,0.19354261457920074,-0.0303774643689394,-0.7239406704902649,103.03801727294922,38.83164596557617,0.0,0.31398215889930725,44.112728118896484,0,1,1,1,1,71.3362808227539,377.7912902832031,-39.91551208496094,84.5208740234375,395.27264404296875,-84.41108703613281,raise,7,2025-11-18T15:23:36.139983,my_hand_data\videos\raise_seq7_20251118_152333_095630.avi,89.6560882112294,360,90,HIGH,VIDEO_RECORDING,2025-11-18T15:23:37.171296
2025-11-18 15:23:36.150466,274,1060,HandType.Right,0.6542904376983643,98.32488250732422,332.1698303222656,-27.444021224975586,-0.9806071519851685,0.1937045007944107,-0.029801908880472183,-1.4465118646621704,127.16378784179688,33.06311798095703,0.0,0.31714680790901184,43.995330810546875,0,1,1,1,1,71.3550033569336,379.2945556640625,-39.38545227050781,84.46643829345703,397.0076599121094,-83.66091918945312,raise,7,2025-11-18T15:23:36.150466,my_hand_data\videos\raise_seq7_20251118_152333_095630.avi,89.6560882112294,360,90,HIGH,VIDEO_RECORDING,2025-11-18T15:23:37.171296
2025-11-18 15:23:36.160910,275,1060,HandType.Right,0.6536288857460022,98.26588439941406,333.6463317871094,-27.061798095703125,-0.9808760285377502,0.19239458441734314,-0.029437649995088577,-5.370213508605957,134.3988800048828,34.79179000854492,0.0,0.3158028721809387,43.99863052368164,0,1,1,1,1,71.30486297607422,380.8100280761719,-38.90401840209961,84.44109344482422,398.84246826171875,-83.09017181396484,raise,7,2025-11-18T15:23:36.160910,my_hand_data\videos\raise_seq7_20251118_152333_095630.avi,89.6560882112294,360,90,HIGH,VIDEO_RECORDING,2025-11-18T15:23:37.171296
2025-11-18 15:23:36.170520,276,1060,HandType.Right,0.6536288857460022,98.26588439941406,333.6463317871094,-27.061798095703125,-0.9808760285377502,0.19239458441734314,-0.029437649995088577,-5.370213508605957,134.3988800048828,34.79179000854492,0.0,0.3158028721809387,43.99863052368164,0,1,1,1,1,71.30486297607422,380.8100280761719,-38.90401840209961,84.44109344482422,398.84246826171875,-83.09017181396484,raise,7,2025-11-18T15:23:36.170520,my_hand_data\videos\raise_seq7_20251118_152333_095630.avi,89.6560882112294,360,90,HIGH,VIDEO_RECORDING,2025-11-18T15:23:37.171296
2025-11-18 15:23:36.180749,277,1060,HandType.Right,0.6534819006919861,98.18617248535156,335.128173828125,-26.735082626342773,-0.9814633131027222,0.18931598961353302,-0.029819978401064873,-6.897202968597412,128.2198944091797,28.27001190185547,0.0,0.31559523940086365,43.955204010009766,0,1,1,1,1,71.22777557373047,382.3663330078125,-38.51046371459961,84.30127716064453,400.4134826660156,-82.71497344970703,raise,7,2025-11-18T15:23:36.180749,my_hand_data\videos\raise_seq7_20251118_152333_095630.avi,89.6560882112294,360,90,HIGH,VIDEO_RECORDING,2025-11-18T15:23:37.171296
2025-11-18 15:23:36.190784,278,1060,HandType.Right,0.6528592109680176,98.13170623779297,336.58648681640625,-26.438560485839844,-0.9817996025085449,0.18747858703136444,-0.03035285510122776,-5.057027339935303,135.4032440185547,27.53223991394043,0.0,0.3179462254047394,43.85736083984375,0,1,1,1,1,71.10270690917969,383.9295654296875,-38.11442184448242,83.98992919921875,401.9132385253906,-82.29034423828125,raise,7,2025-11-18T15:23:36.190784,my_hand_data\videos\raise_seq7_20251118_152333_095630.avi,89.6560882112294,360,90,HIGH,VIDEO_RECORDING,2025-11-18T15:23:37.171296
2025-11-18 15:23:36.211442,279,1060,HandType.Right,0.6519784927368164,98.02525329589844,339.44580078125,-25.65178871154785,-0.9824432730674744,0.18370923399925232,-0.0324983224272728,-3.8863117694854736,122.2536392211914,37.16623306274414,0.0,0.32550302147865295,43.628211975097656,0,1,1,1,1,70.87135314941406,386.6928405761719,-37.2359733581543,83.69097137451172,404.9957275390625,-80.94705963134766,raise,7,2025-11-18T15:23:36.211442,my_hand_data\videos\raise_seq7_20251118_152333_095630.avi,89.6560882112294,360,90,HIGH,VIDEO_RECORDING,2025-11-18T15:23:37.171296
2025-11-18 15:23:36.211442,280,1060,HandType.Right,0.6513789296150208,97.9519271850586,340.6859130859375,-25.30545425415039,-0.9826697111129761,0.18248111009597778,-0.03257094696164131,-6.757416248321533,114.28519439697266,31.917316436767578,0.0,0.33016180992126465,43.5006217956543,0,1,1,1,1,70.7032470703125,387.9130859375,-36.74504089355469,83.27113342285156,406.2508239746094,-80.29723358154297,raise,7,2025-11-18T15:23:36.211442,my_hand_data\videos\raise_seq7_20251118_152333_095630.avi,89.6560882112294,360,90,HIGH,VIDEO_RECORDING,2025-11-18T15:23:37.171296
2025-11-18 15:23:36.231975,281,1060,HandType.Right,0.6507163047790527,97.85840606689453,341.7318420410156,-24.922592163085938,-0.9828045964241028,0.18183386325836182,-0.032118212431669235,-8.447373390197754,94.47322845458984,34.58233642578125,0.0,0.3294070065021515,43.532562255859375,0,1,1,1,1,70.49076843261719,388.932373046875,-36.17790985107422,82.97404479980469,407.3103942871094,-79.76431274414062,raise,7,2025-11-18T15:23:36.231975,my_hand_data\videos\raise_seq7_20251118_152333_095630.avi,89.6560882112294,360,90,HIGH,VIDEO_RECORDING,2025-11-18T15:23:37.171296
2025-11-18 15:23:36.231975,282,1060,HandType.Right,0.6507163047790527,97.85840606689453,341.7318420410156,-24.922592163085938,-0.9828045964241028,0.18183386325836182,-0.032118212431669235,-8.447373390197754,94.47322845458984,34.58233642578125,0.0,0.3294070065021515,43.532562255859375,0,1,1,1,1,70.49076843261719,388.932373046875,-36.17790985107422,82.97404479980469,407.3103942871094,-79.76431274414062,raise,7,2025-11-18T15:23:36.231975,my_hand_data\videos\raise_seq7_20251118_152333_095630.avi,89.6560882112294,360,90,HIGH,VIDEO_RECORDING,2025-11-18T15:23:37.171296
2025-11-18 15:23:36.252949,283,1060,HandType.Right,0.6497772336006165,97.74823760986328,344.0406188964844,-24.355195999145508,-0.9830314517021179,0.18073944747447968,-0.03134269639849663,-5.935939788818359,104.53784942626953,23.346879959106445,0.0,0.3331630527973175,43.48386764526367,0,1,1,1,1,70.16891479492188,391.19512939453125,-35.35862350463867,82.49510955810547,409.73828125,-78.75045013427734,raise,7,2025-11-18T15:23:36.252949,my_hand_data\videos\raise_seq7_20251118_152333_095630.avi,89.6560882112294,360,90,HIGH,VIDEO_RECORDING,2025-11-18T15:23:37.171296
2025-11-18 15:23:36.257428,284,1060,HandType.Right,0.6497772336006165,97.74823760986328,344.0406188964844,-24.355195999145508,-0.9830314517021179,0.18073944747447968,-0.03134269639849663,-5.935939788818359,104.53784942626953,23.346879959106445,0.0,0.3331630527973175,43.48386764526367,0,1,1,1,1,70.16891479492188,391.19512939453125,-35.35862350463867,82.49510955810547,409.73828125,-78.75045013427734,raise,7,2025-11-18T15:23:36.257428,my_hand_data\videos\raise_seq7_20251118_152333_095630.avi,89.6560882112294,360,90,HIGH,VIDEO_RECORDING,2025-11-18T15:23:37.171296
2025-11-18 15:23:36.273429,285,1060,HandType.Right,0.6489623188972473,97.56044006347656,346.1233215332031,-23.923248291015625,-0.9830827116966248,0.18084673583507538,-0.02903212048113346,-8.973994255065918,89.01026153564453,20.81827735900879,0.0,0.3300606310367584,43.56370544433594,0,1,1,1,1,69.97758483886719,393.359130859375,-34.580780029296875,82.03105926513672,411.80181884765625,-78.22177124023438,raise,7,2025-11-18T15:23:36.273429,my_hand_data\videos\raise_seq7_20251118_152333_095630.avi,89.6560882112294,360,90,HIGH,VIDEO_RECORDING,2025-11-18T15:23:37.171296
2025-11-18 15:23:36.283552,286,1060,HandType.Right,0.6467778086662292,97.39669799804688,347.1107177734375,-23.598825454711914,-0.9830257892608643,0.18134939670562744,-0.027797069400548935,-14.623295783996582,88.18607330322266,28.974042892456055,0.0,0.33043137192726135,43.552284240722656,0,1,1,1,1,69.83740997314453,394.4053039550781,-34.12966537475586,81.85232543945312,412.8153381347656,-77.77620697021484,raise,7,2025-11-18T15:23:36.283552,my_hand_data\videos\raise_seq7_20251118_152333_095630.avi,89.6560882112294,360,90,HIGH,VIDEO_RECORDING,2025-11-18T15:23:37.171296
2025-11-18 15:23:36.293914,287,1060,HandType.Right,0.6471936106681824,97.24114227294922,348.19384765625,-23.342275619506836,-0.9829915761947632,0.18163341283798218,-0.027145279571413994,-14.014115333557129,97.57821655273438,23.112548828125,0.0,0.331432044506073,43.49591064453125,0,1,1,1,1,69.71621704101562,395.6201477050781,-33.753936767578125,81.6246109008789,414.0461730957031,-77.37303924560547,raise,7,2025-11-18T15:23:36.293914,my_hand_data\videos\raise_seq7_20251118_152333_095630.avi,89.6560882112294,360,90,HIGH,VIDEO_RECORDING,2025-11-18T15:23:37.171296
2025-11-18 15:23:36.304992,288,1060,HandType.Right,0.6480352878570557,97.0357894897461,349.3180847167969,-23.121057510375977,-0.9829780459403992,0.18180537223815918,-0.026475507766008377,-18.54180908203125,101.51049041748047,19.974594116210938,0.0,0.3324798047542572,43.43954086303711,0,1,1,1,1,69.54229736328125,396.8775634765625,-33.399784088134766,81.38631439208984,415.44189453125,-76.9218521118164,raise,7,2025-11-18T15:23:36.304992,my_hand_data\videos\raise_seq7_20251118_152333_095630.avi,89.6560882112294,360,90,HIGH,VIDEO_RECORDING,2025-11-18T15:23:37.171296
2025-11-18 15:23:36.314517,289,1060,HandType.Right,0.6480352878570557,97.0357894897461,349.3180847167969,-23.121057510375977,-0.9829780459403992,0.18180537223815918,-0.026475507766008377,-18.54180908203125,101.51049041748047,19.974594116210938,0.0,0.3324798047542572,43.43954086303711,0,1,1,1,1,69.54229736328125,396.8775634765625,-33.399784088134766,81.38631439208984,415.44189453125,-76.9218521118164,raise,7,2025-11-18T15:23:36.314517,my_hand_data\videos\raise_seq7_20251118_152333_095630.avi,89.6560882112294,360,90,HIGH,VIDEO_RECORDING,2025-11-18T15:23:37.171296
2025-11-18 15:23:36.324527,290,1060,HandType.Right,0.6480156779289246,96.89680480957031,350.5789794921875,-22.903553009033203,-0.982955276966095,0.182001531124115,-0.02596895955502987,-12.429384231567383,112.7608871459961,19.45132064819336,0.0,0.3348175287246704,43.38142013549805,0,1,1,1,1,69.41851806640625,398.240966796875,-33.015289306640625,81.17759704589844,416.7600402832031,-76.47068786621094,raise,7,2025-11-18T15:23:36.324527,my_hand_data\videos\raise_seq7_20251118_152333_095630.avi,89.6560882112294,360,90,HIGH,VIDEO_RECORDING,2025-11-18T15:23:37.171296
2025-11-18 15:23:36.334774,291,1060,HandType.Right,0.6473232507705688,96.71882629394531,351.7997741699219,-22.61298942565918,-0.9829463958740234,0.1821359395980835,-0.02535558119416237,-16.148984909057617,110.77059173583984,26.3646183013916,0.0,0.3374013602733612,43.32804489135742,0,1,1,1,1,69.26416778564453,399.5964050292969,-32.48316955566406,80.85820770263672,418.00726318359375,-75.91012573242188,raise,7,2025-11-18T15:23:36.334774,my_hand_data\videos\raise_seq7_20251118_152333_095630.avi,89.6560882112294,360,90,HIGH,VIDEO_RECORDING,2025-11-18T15:23:37.171296
2025-11-18 15:23:36.345277,292,1060,HandType.Right,0.6460184454917908,96.50072479248047,352.9820251464844,-22.2316951751709,-0.9829930067062378,0.18211963772773743,-0.02360467240214348,-19.766860961914062,107.14683532714844,34.55622100830078,0.0,0.33423805236816406,43.389381408691406,0,1,1,1,1,69.02983856201172,400.8022766113281,-31.943212509155273,80.68009948730469,419.4418640136719,-75.38165283203125,raise,7,2025-11-18T15:23:36.345277,my_hand_data\videos\raise_seq7_20251118_152333_095630.avi,89.6560882112294,360,90,HIGH,VIDEO_RECORDING,2025-11-18T15:23:37.171296
2025-11-18 15:23:36.365966,293,1060,HandType.Right,0.6460474133491516,96.05050659179688,355.4510498046875,-21.515153884887695,-0.9832367897033691,0.18092116713523865,-0.022647274658083916,-19.713836669921875,110.26606750488281,30.25241470336914,0.0,0.3338717222213745,43.35481262207031,0,1,1,1,1,68.52339172363281,403.288330078125,-31.021390914916992,80.09527587890625,422.1011962890625,-74.41960144042969,raise,7,2025-11-18T15:23:36.365966,my_hand_data\videos\raise_seq7_20251118_152333_095630.avi,89.6560882112294,360,90,HIGH,VIDEO_RECORDING,2025-11-18T15:23:37.171296
2025-11-18 15:23:36.367827,294,1060,HandType.Right,0.6461789011955261,95.8380126953125,356.5970764160156,-21.264196395874023,-0.983377993106842,0.1801852434873581,-0.022382935509085655,-19.049232482910156,102.73561096191406,22.497190475463867,0.0,0.33674508333206177,43.271854400634766,0,1,1,1,1,68.26371765136719,404.4721984863281,-30.672687530517578,79.66837310791016,423.2755432128906,-73.98992919921875,raise,7,2025-11-18T15:23:36.367827,my_hand_data\videos\raise_seq7_20251118_152333_095630.avi,89.6560882112294,360,90,HIGH,VIDEO_RECORDING,2025-11-18T15:23:37.171296
2025-11-18 15:23:36.386334,295,1060,HandType.Right,0.6463645696640015,95.6181411743164,357.7287292480469,-21.061477661132812,-0.9834797382354736,0.17965051531791687,-0.022209549322724342,-19.664854049682617,101.21361541748047,18.13071060180664,0.0,0.33964595198631287,43.20249557495117,0,1,1,1,1,67.96224212646484,405.5809326171875,-30.418010711669922,79.20222473144531,424.3511047363281,-73.66123962402344,raise,7,2025-11-18T15:23:36.386334,my_hand_data\videos\raise_seq7_20251118_152333_095630.avi,89.6560882112294,360,90,HIGH,VIDEO_RECORDING,2025-11-18T15:23:37.171296
2025-11-18 15:23:36.389687,296,1060,HandType.Right,0.6463645696640015,95.6181411743164,357.7287292480469,-21.061477661132812,-0.9834797382354736,0.17965051531791687,-0.022209549322724342,-19.664854049682617,101.21361541748047,18.13071060180664,0.0,0.33964595198631287,43.20249557495117,0,1,1,1,1,67.96224212646484,405.5809326171875,-30.418010711669922,79.20222473144531,424.3511047363281,-73.66123962402344,raise,7,2025-11-18T15:23:36.389687,my_hand_data\videos\raise_seq7_20251118_152333_095630.avi,89.6560882112294,360,90,HIGH,VIDEO_RECORDING,2025-11-18T15:23:37.171296
2025-11-18 15:23:36.406736,297,1060,HandType.Right,0.6465345025062561,95.18321228027344,359.764892578125,-20.643110275268555,-0.9835588932037354,0.1794099509716034,-0.020591914653778076,-17.390615463256836,88.9599380493164,21.338411331176758,0.0,0.3438449203968048,43.1103515625,0,1,1,1,1,67.41561126708984,407.6524658203125,-29.921377182006836,78.68584442138672,426.5650634765625,-72.89225769042969,raise,7,2025-11-18T15:23:36.406736,my_hand_data\videos\raise_seq7_20251118_152333_095630.avi,89.6560882112294,360,90,HIGH,VIDEO_RECORDING,2025-11-18T15:23:37.171296
2025-11-18 15:23:36.416918,298,1060,HandType.Right,0.6466307640075684,94.97017669677734,360.7218017578125,-20.375707626342773,-0.9834414720535278,0.18033276498317719,-0.01797228865325451,-19.20429801940918,86.262939453125,24.105464935302734,0.0,0.3454148471355438,43.09456253051758,0,1,1,1,1,67.13383483886719,408.6116638183594,-29.62284278869629,78.41869354248047,427.6203308105469,-72.47338104248047,raise,7,2025-11-18T15:23:36.416918,my_hand_data\videos\raise_seq7_20251118_152333_095630.avi,89.6560882112294,360,90,HIGH,VIDEO_RECORDING,2025-11-18T15:23:37.171296
2025-11-18 15:23:36.426835,299,1060,HandType.Right,0.6474173069000244,94.7604751586914,361.6697692871094,-20.09349250793457,-0.9832987189292908,0.18142659962177277,-0.014422223903238773,-18.261756896972656,82.5533676147461,24.576854705810547,0.0,0.3495173454284668,42.949398040771484,0,1,1,1,1,66.8976058959961,409.6085510253906,-29.30120849609375,77.98880767822266,428.6680908203125,-71.98959350585938,raise,7,2025-11-18T15:23:36.426835,my_hand_data\videos\raise_seq7_20251118_152333_095630.avi,89.6560882112294,360,90,HIGH,VIDEO_RECORDING,2025-11-18T15:23:37.171296
2025-11-18 15:23:36.437218,300,1060,HandType.Right,0.6477981805801392,94.46141815185547,362.5661315917969,-19.806814193725586,-0.9833711385726929,0.18109525740146637,-0.013629238121211529,-27.70327377319336,83.03624725341797,26.55664825439453,0.0,0.3525705635547638,42.7769889831543,0,1,1,1,1,66.64410400390625,410.5564880371094,-28.987943649291992,77.44877624511719,429.5526123046875,-71.63787078857422,raise,7,2025-11-18T15:23:36.437218,my_hand_data\videos\raise_seq7_20251118_152333_095630.avi,89.6560882112294,360,90,HIGH,VIDEO_RECORDING,2025-11-18T15:23:37.171296
2025-11-18 15:23:36.447235,301,1060,HandType.Right,0.6477981805801392,94.46141815185547,362.5661315917969,-19.806814193725586,-0.9833711385726929,0.18109525740146637,-0.013629238121211529,-27.70327377319336,83.03624725341797,26.55664825439453,0.0,0.3525705635547638,42.7769889831543,0,1,1,1,1,66.64410400390625,410.5564880371094,-28.987943649291992,77.44877624511719,429.5526123046875,-71.63787078857422,raise,7,2025-11-18T15:23:36.447235,my_hand_data\videos\raise_seq7_20251118_152333_095630.avi,89.6560882112294,360,90,HIGH,VIDEO_RECORDING,2025-11-18T15:23:37.171296
2025-11-18 15:23:36.457551,302,1060,HandType.Right,0.6481989026069641,94.20108795166016,363.4407043457031,-19.52630043029785,-0.9834501147270203,0.1806941032409668,-0.013249744661152363,-23.432565689086914,78.71744537353516,25.248714447021484,0.0,0.3581758141517639,42.55289840698242,0,1,1,1,1,66.42138671875,411.4549865722656,-28.64858055114746,76.90866088867188,430.407958984375,-71.13582611083984,raise,7,2025-11-18T15:23:36.457551,my_hand_data\videos\raise_seq7_20251118_152333_095630.avi,89.6560882112294,360,90,HIGH,VIDEO_RECORDING,2025-11-18T15:23:37.171296
2025-11-18 15:23:36.468028,303,1060,HandType.Right,0.6485732197761536,93.92755126953125,364.3910827636719,-19.256084442138672,-0.9837144017219543,0.1792382001876831,-0.013402765616774559,-23.814380645751953,82.74414825439453,23.525714874267578,0.0,0.3614400327205658,42.39801788330078,0,1,1,1,1,66.17005920410156,412.4666442871094,-28.31386375427246,76.47024536132812,431.38250732421875,-70.71634674072266,raise,7,2025-11-18T15:23:36.468028,my_hand_data\videos\raise_seq7_20251118_152333_095630.avi,89.6560882112294,360,90,HIGH,VIDEO_RECORDING,2025-11-18T15:23:37.171296
2025-11-18 15:23:36.488395,304,1060,HandType.Right,0.6464741826057434,93.50856018066406,366.3290100097656,-18.603307723999023,-0.9838916063308716,0.1783381700515747,-0.01235942728817463,-17.023042678833008,84.01165008544922,32.0338020324707,0.0,0.36042362451553345,42.418914794921875,0,1,1,1,1,65.75099182128906,414.4596862792969,-27.37055778503418,75.94003295898438,433.3930969238281,-69.83123016357422,raise,7,2025-11-18T15:23:36.488395,my_hand_data\videos\raise_seq7_20251118_152333_095630.avi,89.6560882112294,360,90,HIGH,VIDEO_RECORDING,2025-11-18T15:23:37.171296
2025-11-18 15:23:36.490805,305,1060,HandType.Right,0.6464741826057434,93.50856018066406,366.3290100097656,-18.603307723999023,-0.9838916063308716,0.1783381700515747,-0.01235942728817463,-17.023042678833008,84.01165008544922,32.0338020324707,0.0,0.36042362451553345,42.418914794921875,0,1,1,1,1,65.75099182128906,414.4596862792969,-27.37055778503418,75.94003295898438,433.3930969238281,-69.83123016357422,raise,7,2025-11-18T15:23:36.490805,my_hand_data\videos\raise_seq7_20251118_152333_095630.avi,89.6560882112294,360,90,HIGH,VIDEO_RECORDING,2025-11-18T15:23:37.171296
2025-11-18 15:23:36.508415,306,1060,HandType.Right,0.6460953950881958,93.18641662597656,368.09844970703125,-18.021434783935547,-0.9841324090957642,0.1770881712436676,-0.011096736416220665,-15.424774169921875,85.7063217163086,24.40299415588379,0.0,0.3627018630504608,42.30859375,0,1,1,1,1,65.33978271484375,416.3507080078125,-26.55940818786621,75.1942138671875,435.1874084472656,-69.0378646850586,raise,7,2025-11-18T15:23:36.508415,my_hand_data\videos\raise_seq7_20251118_152333_095630.avi,89.6560882112294,360,90,HIGH,VIDEO_RECORDING,2025-11-18T15:23:37.171296
2025-11-18 15:23:36.512012,307,1060,HandType.Right,0.6460953950881958,93.18641662597656,368.09844970703125,-18.021434783935547,-0.9841324090957642,0.1770881712436676,-0.011096736416220665,-15.424774169921875,85.7063217163086,24.40299415588379,0.0,0.3627018630504608,42.30859375,0,1,1,1,1,65.33978271484375,416.3507080078125,-26.55940818786621,75.1942138671875,435.1874084472656,-69.0378646850586,raise,7,2025-11-18T15:23:36.512012,my_hand_data\videos\raise_seq7_20251118_152333_095630.avi,89.6560882112294,360,90,HIGH,VIDEO_RECORDING,2025-11-18T15:23:37.171296
2025-11-18 15:23:36.528490,308,1060,HandType.Right,0.6441203355789185,92.807861328125,369.9335021972656,-17.385324478149414,-0.9845508337020874,0.1748328059911728,-0.009650949388742447,-18.871192932128906,78.6067886352539,27.746381759643555,0.0,0.3630917966365814,42.219703674316406,0,1,1,1,1,64.93199920654297,418.1984558105469,-25.792739868164062,74.59895324707031,437.1250305175781,-68.24557495117188,raise,7,2025-11-18T15:23:36.528490,my_hand_data\videos\raise_seq7_20251118_152333_095630.avi,89.6560882112294,360,90,HIGH,VIDEO_RECORDING,2025-11-18T15:23:37.171296
2025-11-18 15:23:36.538508,309,1060,HandType.Right,0.6439740061759949,92.6222152709961,370.8699645996094,-17.06980323791504,-0.9846898317337036,0.174103781580925,-0.008588728494942188,-16.982152938842773,85.66397857666016,28.862241744995117,0.0,0.3615086078643799,42.253299713134766,0,1,1,1,1,64.73799133300781,419.1484680175781,-25.343008041381836,74.37138366699219,438.1617736816406,-67.82582092285156,raise,7,2025-11-18T15:23:36.538508,my_hand_data\videos\raise_seq7_20251118_152333_095630.avi,89.6560882112294,360,90,HIGH,VIDEO_RECORDING,2025-11-18T15:23:37.171296
2025-11-18 15:23:36.548975,310,1060,HandType.Right,0.6439740061759949,92.6222152709961,370.8699645996094,-17.06980323791504,-0.9846898317337036,0.174103781580925,-0.008588728494942188,-16.982152938842773,85.66397857666016,28.862241744995117,0.0,0.3615086078643799,42.253299713134766,0,1,1,1,1,64.73799133300781,419.1484680175781,-25.343008041381836,74.37138366699219,438.1617736816406,-67.82582092285156,raise,7,2025-11-18T15:23:36.548975,my_hand_data\videos\raise_seq7_20251118_152333_095630.avi,89.6560882112294,360,90,HIGH,VIDEO_RECORDING,2025-11-18T15:23:37.171296
2025-11-18 15:23:36.559134,311,1060,HandType.Right,0.6436720490455627,92.42562866210938,372.7148742675781,-16.49658203125,-0.9848480224609375,0.17329935729503632,-0.006455333437770605,-7.606034278869629,84.25321197509766,23.109312057495117,0.0,0.3622775077819824,42.23127365112305,0,1,1,1,1,64.43702697753906,420.9440002441406,-24.65476417541504,74.09506225585938,440.188720703125,-66.97954559326172,raise,7,2025-11-18T15:23:36.559134,my_hand_data\videos\raise_seq7_20251118_152333_095630.avi,89.6560882112294,360,90,HIGH,VIDEO_RECORDING,2025-11-18T15:23:37.171296
2025-11-18 15:23:36.569507,312,1060,HandType.Right,0.6436720490455627,92.42562866210938,372.7148742675781,-16.49658203125,-0.9848480224609375,0.17329935729503632,-0.006455333437770605,-7.606034278869629,84.25321197509766,23.109312057495117,0.0,0.3622775077819824,42.23127365112305,0,1,1,1,1,64.43702697753906,420.9440002441406,-24.65476417541504,74.09506225585938,440.188720703125,-66.97954559326172,raise,7,2025-11-18T15:23:36.569507,my_hand_data\videos\raise_seq7_20251118_152333_095630.avi,89.6560882112294,360,90,HIGH,VIDEO_RECORDING,2025-11-18T15:23:37.171296
2025-11-18 15:23:36.579837,313,1060,HandType.Right,0.6425753235816956,92.35603332519531,373.5126647949219,-16.180999755859375,-0.9848148226737976,0.173519566655159,-0.0055420007556676865,-6.399567127227783,73.36821746826172,29.021671295166016,0.0,0.36200255155563354,42.26239776611328,0,1,1,1,1,64.30551147460938,421.7911682128906,-24.197532653808594,73.95545959472656,441.0513000488281,-66.52671813964844,raise,7,2025-11-18T15:23:36.579837,my_hand_data\videos\raise_seq7_20251118_152333_095630.avi,89.6560882112294,360,90,HIGH,VIDEO_RECORDING,2025-11-18T15:23:37.171296
2025-11-18 15:23:36.590174,314,1060,HandType.Right,0.6416300535202026,92.28816223144531,374.3569641113281,-15.851662635803223,-0.9848482608795166,0.17334522306919098,-0.0050374288111925125,-6.156445503234863,76.57869720458984,29.871856689453125,0.0,0.3622453510761261,42.236324310302734,0,1,1,1,1,64.2575912475586,422.7187194824219,-23.754980087280273,73.84502410888672,441.9202575683594,-66.10617065429688,raise,7,2025-11-18T15:23:36.590174,my_hand_data\videos\raise_seq7_20251118_152333_095630.avi,89.6560882112294,360,90,HIGH,VIDEO_RECORDING,2025-11-18T15:23:37.171296
2025-11-18 15:23:36.610607,315,1060,HandType.Right,0.6375426054000854,92.17980194091797,376.0596618652344,-15.117586135864258,-0.9848301410675049,0.173472598195076,-0.004111426882445812,-4.645977020263672,73.17668914794922,35.07662582397461,0.0,0.36586838960647583,42.09402847290039,0,1,1,1,1,64.21308898925781,424.4376220703125,-22.897750854492188,73.67601013183594,443.6797180175781,-65.08363342285156,raise,7,2025-11-18T15:23:36.610607,my_hand_data\videos\raise_seq7_20251118_152333_095630.avi,89.6560882112294,360,90,HIGH,VIDEO_RECORDING,2025-11-18T15:23:37.171296
2025-11-18 15:23:36.616273,316,1060,HandType.Right,0.6361236572265625,92.1615982055664,376.936767578125,-14.74039363861084,-0.9848459362983704,0.17339228093624115,-0.0036888939794152975,-1.6254405975341797,78.35018157958984,33.69292068481445,0.0,0.3665558993816376,42.066219329833984,0,1,1,1,1,64.22713470458984,425.3687438964844,-22.37265968322754,73.63140106201172,444.5809631347656,-64.55463409423828,raise,7,2025-11-18T15:23:36.616273,my_hand_data\videos\raise_seq7_20251118_152333_095630.avi,89.6560882112294,360,90,HIGH,VIDEO_RECORDING,2025-11-18T15:23:37.171296
2025-11-18 15:23:36.630426,317,1060,HandType.Right,0.6361144185066223,92.07489013671875,377.7256164550781,-14.388999938964844,-0.9850680232048035,0.17212514579296112,-0.003738453146070242,-7.860713005065918,71.51165771484375,31.85511589050293,0.0008804057724773884,0.36774203181266785,41.96773147583008,0,1,1,1,1,64.14915466308594,426.1732482910156,-21.964195251464844,73.3678207397461,445.3716125488281,-64.14219665527344,raise,7,2025-11-18T15:23:36.630426,my_hand_data\videos\raise_seq7_20251118_152333_095630.avi,89.6560882112294,360,90,HIGH,VIDEO_RECORDING,2025-11-18T15:23:37.171296
2025-11-18 15:23:36.630426,318,1060,HandType.Right,0.6361144185066223,92.07489013671875,377.7256164550781,-14.388999938964844,-0.9850680232048035,0.17212514579296112,-0.003738453146070242,-7.860713005065918,71.51165771484375,31.85511589050293,0.0008804057724773884,0.36774203181266785,41.96773147583008,0,1,1,1,1,64.14915466308594,426.1732482910156,-21.964195251464844,73.3678207397461,445.3716125488281,-64.14219665527344,raise,7,2025-11-18T15:23:36.630426,my_hand_data\videos\raise_seq7_20251118_152333_095630.avi,89.6560882112294,360,90,HIGH,VIDEO_RECORDING,2025-11-18T15:23:37.171296
2025-11-18 15:23:36.650868,319,1060,HandType.Right,0.636601984500885,91.99357604980469,378.5951843261719,-14.0718412399292,-0.985369086265564,0.1703760027885437,-0.004446486476808786,-7.31866455078125,78.26106262207031,28.544614791870117,0.0076565975323319435,0.3695001006126404,41.8720703125,0,1,1,1,1,64.07868194580078,427.09869384765625,-21.60923957824707,73.17489624023438,446.2513427734375,-63.762062072753906,raise,7,2025-11-18T15:23:36.650868,my_hand_data\videos\raise_seq7_20251118_152333_095630.avi,89.6560882112294,360,90,HIGH,VIDEO_RECORDING,2025-11-18T15:23:37.171296
2025-11-18 15:23:36.660918,320,1060,HandType.Right,0.6343149542808533,91.7740478515625,380.22283935546875,-13.295373916625977,-0.9856986999511719,0.16846562922000885,-0.004169526509940624,-10.130321502685547,72.14451599121094,37.75105285644531,0.01127977017313242,0.3697584569454193,41.774349212646484,0,1,1,1,1,63.943660736083984,428.7148742675781,-20.71966552734375,72.95824432373047,448.065185546875,-62.77665328979492,raise,7,2025-11-18T15:23:36.660918,my_hand_data\videos\raise_seq7_20251118_152333_095630.avi,89.6560882112294,360,90,HIGH,VIDEO_RECORDING,2025-11-18T15:23:37.171296
2025-11-18 15:23:36.671267,321,1060,HandType.Right,0.6343149542808533,91.7740478515625,380.22283935546875,-13.295373916625977,-0.9856986999511719,0.16846562922000885,-0.004169526509940624,-10.130321502685547,72.14451599121094,37.75105285644531,0.01127977017313242,0.3697584569454193,41.774349212646484,0,1,1,1,1,63.943660736083984,428.7148742675781,-20.71966552734375,72.95824432373047,448.065185546875,-62.77665328979492,raise,7,2025-11-18T15:23:36.671267,my_hand_data\videos\raise_seq7_20251118_152333_095630.avi,89.6560882112294,360,90,HIGH,VIDEO_RECORDING,2025-11-18T15:23:37.171296
2025-11-18 15:23:36.681660,322,1060,HandType.Right,0.6330755352973938,91.68524932861328,381.0718688964844,-12.935124397277832,-0.9857414960861206,0.16822999715805054,-0.003521829145029187,-7.854856967926025,75.10759735107422,31.869230270385742,0.010605867952108383,0.36972108483314514,41.75662612915039,0,1,1,1,1,63.895076751708984,429.5362243652344,-20.248289108276367,72.85350036621094,448.96466064453125,-62.274688720703125,raise,7,2025-11-18T15:23:36.681660,my_hand_data\videos\raise_seq7_20251118_152333_095630.avi,89.6560882112294,360,90,HIGH,VIDEO_RECORDING,2025-11-18T15:23:37.171296
2025-11-18 15:23:36.691981,323,1060,HandType.Right,0.6327432990074158,91.68907165527344,382.00115966796875,-12.576826095581055,-0.9857295155525208,0.16832293570041656,-0.0021765008568763733,0.34911057353019714,84.99932098388672,32.772186279296875,0.007688643876463175,0.37230515480041504,41.682071685791016,0,1,1,1,1,63.86822509765625,430.3796691894531,-19.888410568237305,72.81755065917969,450.0154724121094,-61.698856353759766,raise,7,2025-11-18T15:23:36.691981,my_hand_data\videos\raise_seq7_20251118_152333_095630.avi,89.6560882112294,360,90,HIGH,VIDEO_RECORDING,2025-11-18T15:23:37.171296
2025-11-18 15:23:36.702334,324,1060,HandType.Right,0.6326520442962646,91.68600463867188,382.9046630859375,-12.225282669067383,-0.985811173915863,0.16785076260566711,-0.0015656998148187995,-0.27755701541900635,81.80976867675781,31.831195831298828,0.007874789647758007,0.370145320892334,41.73649215698242,0,1,1,1,1,63.854373931884766,431.2226257324219,-19.504377365112305,72.87144470214844,451.02435302734375,-61.31105041503906,raise,7,2025-11-18T15:23:36.702334,my_hand_data\videos\raise_seq7_20251118_152333_095630.avi,89.6560882112294,360,90,HIGH,VIDEO_RECORDING,2025-11-18T15:23:37.171296
2025-11-18 15:23:36.712304,325,1060,HandType.Right,0.6324523091316223,91.70792388916016,383.87689208984375,-11.831878662109375,-0.9858753681182861,0.16747502982616425,-0.0013535686302930117,1.9456593990325928,86.28820037841797,34.91640090942383,0.007824145257472992,0.3696921765804291,41.734134674072266,0,1,1,1,1,63.86843490600586,432.1476135253906,-19.05472183227539,72.91844177246094,452.176513671875,-60.76035690307617,raise,7,2025-11-18T15:23:36.712304,my_hand_data\videos\raise_seq7_20251118_152333_095630.avi,89.6560882112294,360,90,HIGH,VIDEO_RECORDING,2025-11-18T15:23:37.171296
2025-11-18 15:23:36.732770,326,1060,HandType.Right,0.6308131217956543,91.80192565917969,385.84716796875,-11.046838760375977,-0.9859216809272766,0.16720522940158844,-0.0009130049729719758,5.454522132873535,93.98008728027344,37.6547966003418,0.008004679344594479,0.36856260895729065,41.76509475708008,0,1,1,1,1,63.96476364135742,434.1117248535156,-17.976865768432617,72.96064758300781,454.3644104003906,-59.628536224365234,raise,7,2025-11-18T15:23:36.732770,my_hand_data\videos\raise_seq7_20251118_152333_095630.avi,89.6560882112294,360,90,HIGH,VIDEO_RECORDING,2025-11-18T15:23:37.171296
2025-11-18 15:23:36.734771,327,1060,HandType.Right,0.6302917003631592,91.83973693847656,386.82318115234375,-10.595413208007812,-0.9859158992767334,0.1672409176826477,-0.0005793632590211928,3.3508996963500977,86.50953674316406,40.01295471191406,0.0064053284004330635,0.37077105045318604,41.678749084472656,0,1,1,1,1,63.98207092285156,435.0677490234375,-17.502487182617188,72.97761535644531,455.4947204589844,-58.96335983276367,raise,7,2025-11-18T15:23:36.734771,my_hand_data\videos\raise_seq7_20251118_152333_095630.avi,89.6560882112294,360,90,HIGH,VIDEO_RECORDING,2025-11-18T15:23:37.171296
2025-11-18 15:23:36.753001,328,1060,HandType.Right,0.6285916566848755,91.91753387451172,387.91180419921875,-10.10777759552002,-0.9858884215354919,0.16740374267101288,4.7800655011087656e-05,6.939058303833008,97.09455871582031,43.49223709106445,0.005514534190297127,0.37071338295936584,41.67850875854492,0,1,1,1,1,63.97621154785156,436.0753173828125,-16.98821449279785,73.06477355957031,456.8537292480469,-58.252655029296875,raise,7,2025-11-18T15:23:36.753001,my_hand_data\videos\raise_seq7_20251118_152333_095630.avi,89.6560882112294,360,90,HIGH,VIDEO_RECORDING,2025-11-18T15:23:37.171296
2025-11-18 15:23:36.753001,329,1060,HandType.Right,0.6285916566848755,91.91753387451172,387.91180419921875,-10.10777759552002,-0.9858884215354919,0.16740374267101288,4.7800655011087656e-05,6.939058303833008,97.09455871582031,43.49223709106445,0.005514534190297127,0.37071338295936584,41.67850875854492,0,1,1,1,1,63.97621154785156,436.0753173828125,-16.98821449279785,73.06477355957031,456.8537292480469,-58.252655029296875,raise,7,2025-11-18T15:23:36.753001,my_hand_data\videos\raise_seq7_20251118_152333_095630.avi,89.6560882112294,360,90,HIGH,VIDEO_RECORDING,2025-11-18T15:23:37.171296
2025-11-18 15:23:36.773264,330,1060,HandType.Right,0.6277697086334229,91.96796417236328,389.8213195800781,-9.143769264221191,-0.9859513640403748,0.1670302152633667,0.0009052863460965455,-0.5725690722465515,85.78781127929688,44.139347076416016,0.0021733390167355537,0.3724069595336914,41.62129211425781,0,1,1,1,1,63.994625091552734,437.9490661621094,-15.792999267578125,73.05140686035156,459.0610656738281,-56.80671310424805,raise,7,2025-11-18T15:23:36.773264,my_hand_data\videos\raise_seq7_20251118_152333_095630.avi,89.6560882112294,360,90,HIGH,VIDEO_RECORDING,2025-11-18T15:23:37.171296
2025-11-18 15:23:36.783596,331,1060,HandType.Right,0.6282593011856079,91.93254089355469,390.91278076171875,-8.68847370147705,-0.9862769246101379,0.16509748995304108,0.0007907798863016069,-3.1794183254241943,97.96890258789062,40.86668395996094,0.0,0.37358924746513367,41.531070709228516,0,1,1,1,1,63.95819854736328,438.92510986328125,-15.332077980041504,72.8494873046875,460.1890563964844,-56.24069595336914,raise,7,2025-11-18T15:23:36.783596,my_hand_data\videos\raise_seq7_20251118_152333_095630.avi,89.6560882112294,360,90,HIGH,VIDEO_RECORDING,2025-11-18T15:23:37.171296
2025-11-18 15:23:36.793410,332,1060,HandType.Right,0.6281724572181702,91.87109375,391.82489013671875,-8.309776306152344,-0.9864644408226013,0.16397207975387573,0.0010139665100723505,-5.55197811126709,82.41844177246094,34.21858596801758,0.0,0.37274378538131714,41.55605697631836,0,1,1,1,1,63.87627029418945,439.82281494140625,-14.8405122756958,72.75494384765625,461.18096923828125,-55.735477447509766,raise,7,2025-11-18T15:23:36.793410,my_hand_data\videos\raise_seq7_20251118_152333_095630.avi,89.6560882112294,360,90,HIGH,VIDEO_RECORDING,2025-11-18T15:23:37.171296
2025-11-18 15:23:36.803477,333,1060,HandType.Right,0.6281724572181702,91.87109375,391.82489013671875,-8.309776306152344,-0.9864644408226013,0.16397207975387573,0.0010139665100723505,-5.55197811126709,82.41844177246094,34.21858596801758,0.0,0.37274378538131714,41.55605697631836,0,1,1,1,1,63.87627029418945,439.82281494140625,-14.8405122756958,72.75494384765625,461.18096923828125,-55.735477447509766,raise,7,2025-11-18T15:23:36.803477,my_hand_data\videos\raise_seq7_20251118_152333_095630.avi,89.6560882112294,360,90,HIGH,VIDEO_RECORDING,2025-11-18T15:23:37.171296
2025-11-18 15:23:36.813662,334,1060,HandType.Right,0.6279628276824951,91.73052978515625,392.58477783203125,-8.01046371459961,-0.9866872429847717,0.16262616217136383,0.0009879950666800141,-12.394303321838379,67.00362396240234,26.392107009887695,0.0,0.3718824088573456,41.551055908203125,0,1,1,1,1,63.7691764831543,440.670654296875,-14.341337203979492,72.42535400390625,461.9220275878906,-55.37759017944336,raise,7,2025-11-18T15:23:36.813662,my_hand_data\videos\raise_seq7_20251118_152333_095630.avi,89.6560882112294,360,90,HIGH,VIDEO_RECORDING,2025-11-18T15:23:37.171296
2025-11-18 15:23:36.823884,335,1060,HandType.Right,0.6269089579582214,91.59864044189453,393.2941589355469,-7.7754364013671875,-0.9868291616439819,0.16176316142082214,0.0009350213222205639,-12.06889820098877,64.9124526977539,21.506868362426758,0.0,0.37309402227401733,41.51359176635742,0,1,1,1,1,63.60523223876953,441.4359130859375,-14.008405685424805,72.11278533935547,462.6123352050781,-55.05926513671875,raise,7,2025-11-18T15:23:36.823884,my_hand_data\videos\raise_seq7_20251118_152333_095630.avi,89.6560882112294,360,90,HIGH,VIDEO_RECORDING,2025-11-18T15:23:37.171296
2025-11-18 15:23:36.834008,336,1060,HandType.Right,0.6255135536193848,91.5083999633789,394.0357360839844,-7.566126346588135,-0.9868810176849365,0.16144219040870667,0.0015000414568930864,-8.12968921661377,66.81001281738281,18.85679817199707,0.0,0.3728095591068268,41.53693389892578,0,1,1,1,1,63.49735641479492,442.2157897949219,-13.656927108764648,71.94645690917969,463.348388671875,-54.75101089477539,raise,7,2025-11-18T15:23:36.834008,my_hand_data\videos\raise_seq7_20251118_152333_095630.avi,89.6560882112294,360,90,HIGH,VIDEO_RECORDING,2025-11-18T15:23:37.171296
2025-11-18 15:23:36.854481,337,1060,HandType.Right,0.6234561800956726,91.39595031738281,395.7469177246094,-6.998381614685059,-0.9867502450942993,0.162235826253891,0.0018697825726121664,-3.5982666015625,80.71793365478516,30.24427032470703,0.0038319427985697985,0.373894602060318,41.58489227294922,0,1,1,1,1,63.36662292480469,444.0348205566406,-12.795612335205078,71.83401489257812,465.13555908203125,-53.86110305786133,raise,7,2025-11-18T15:23:36.854481,my_hand_data\videos\raise_seq7_20251118_152333_095630.avi,89.6560882112294,360,90,HIGH,VIDEO_RECORDING,2025-11-18T15:23:37.171296
2025-11-18 15:23:36.859553,338,1060,HandType.Right,0.6232045292854309,91.31652069091797,396.66790771484375,-6.532054424285889,-0.9867001175880432,0.16253603994846344,0.002214557956904173,-7.242979049682617,83.98738098144531,42.5247917175293,0.0036325978580862284,0.3752986788749695,41.57255554199219,0,1,1,1,1,63.344329833984375,444.9756774902344,-12.14620304107666,71.8130874633789,466.158203125,-53.101898193359375,raise,7,2025-11-18T15:23:36.859553,my_hand_data\videos\raise_seq7_20251118_152333_095630.avi,89.6560882112294,360,90,HIGH,VIDEO_RECORDING,2025-11-18T15:23:37.171296
2025-11-18 15:23:36.874774,339,1060,HandType.Right,0.6227818727493286,91.26482391357422,397.7190246582031,-5.971038818359375,-0.9866706132888794,0.16270233690738678,0.0030094324611127377,-4.639938831329346,94.33779907226562,50.3514289855957,0.0033968526404350996,0.37470054626464844,41.60485076904297,0,1,1,1,1,63.33771514892578,446.0085754394531,-11.492000579833984,71.9066390991211,467.39111328125,-52.34807205200195,raise,7,2025-11-18T15:23:36.874774,my_hand_data\videos\raise_seq7_20251118_152333_095630.avi,89.6560882112294,360,90,HIGH,VIDEO_RECORDING,2025-11-18T15:23:37.171296
2025-11-18 15:23:36.875467,340,1060,HandType.Right,0.6227818727493286,91.26482391357422,397.7190246582031,-5.971038818359375,-0.9866706132888794,0.16270233690738678,0.0030094324611127377,-4.639938831329346,94.33779907226562,50.3514289855957,0.0033968526404350996,0.37470054626464844,41.60485076904297,0,1,1,1,1,63.33771514892578,446.0085754394531,-11.492000579833984,71.9066390991211,467.39111328125,-52.34807205200195,raise,7,2025-11-18T15:23:36.875467,my_hand_data\videos\raise_seq7_20251118_152333_095630.avi,89.6560882112294,360,90,HIGH,VIDEO_RECORDING,2025-11-18T15:23:37.171296
2025-11-18 15:23:36.895264,341,1060,HandType.Right,0.6213299036026001,91.14082336425781,399.90655517578125,-4.922362327575684,-0.9866635799407959,0.16269551217556,0.005017418414354324,-6.574018955230713,97.50992584228516,44.58560562133789,0.006765157449990511,0.3765166103839874,41.546791076660156,0,1,1,1,1,63.211463928222656,448.08929443359375,-10.219145774841309,71.64424133300781,469.7869873046875,-50.85095977783203,raise,7,2025-11-18T15:23:36.895264,my_hand_data\videos\raise_seq7_20251118_152333_095630.avi,89.6560882112294,360,90,HIGH,VIDEO_RECORDING,2025-11-18T15:23:37.171296
2025-11-18 15:23:36.905352,342,1060,HandType.Right,0.621902346611023,91.06580352783203,400.9285583496094,-4.420275688171387,-0.9867024421691895,0.16242213547229767,0.006108127534389496,-6.807631492614746,92.74092102050781,45.56142044067383,0.005396467633545399,0.37653398513793945,41.53205871582031,0,1,1,1,1,63.10139465332031,449.0958251953125,-9.612224578857422,71.43601989746094,470.9374084472656,-50.18269348144531,raise,7,2025-11-18T15:23:36.905352,my_hand_data\videos\raise_seq7_20251118_152333_095630.avi,89.6560882112294,360,90,HIGH,VIDEO_RECORDING,2025-11-18T15:23:37.171296
2025-11-18 15:23:36.916326,343,1060,HandType.Right,0.6216194033622742,90.98164367675781,401.9571838378906,-4.0233473777771,-0.9869816303253174,0.1607072353363037,0.0063554211519658566,-7.430253982543945,90.8199234008789,35.04576110839844,0.009750567376613617,0.3813736140727997,41.33934020996094,0,1,1,1,1,62.95166778564453,450.1044921875,-9.146170616149902,71.01876831054688,471.9961853027344,-49.526084899902344,raise,7,2025-11-18T15:23:36.916326,my_hand_data\videos\raise_seq7_20251118_152333_095630.avi,89.6560882112294,360,90,HIGH,VIDEO_RECORDING,2025-11-18T15:23:37.171296
2025-11-18 15:23:36.926155,344,1060,HandType.Right,0.6220611929893494,90.78944396972656,402.77862548828125,-3.622729539871216,-0.9871793985366821,0.15949027240276337,0.006301526445895433,-17.599597930908203,75.21640014648438,36.68324661254883,0.013317598029971123,0.38100141286849976,41.315940856933594,0,1,1,1,1,62.76000213623047,450.92144775390625,-8.72079849243164,70.8353271484375,472.90350341796875,-49.06609344482422,raise,7,2025-11-18T15:23:36.926155,my_hand_data\videos\raise_seq7_20251118_152333_095630.avi,89.6560882112294,360,90,HIGH,VIDEO_RECORDING,2025-11-18T15:23:37.171296
2025-11-18 15:23:36.936434,345,1060,HandType.Right,0.6220611929893494,90.78944396972656,402.77862548828125,-3.622729539871216,-0.9871793985366821,0.15949027240276337,0.006301526445895433,-17.599597930908203,75.21640014648438,36.68324661254883,0.013317598029971123,0.38100141286849976,41.315940856933594,0,1,1,1,1,62.76000213623047,450.92144775390625,-8.72079849243164,70.8353271484375,472.90350341796875,-49.06609344482422,raise,7,2025-11-18T15:23:36.936434,my_hand_data\videos\raise_seq7_20251118_152333_095630.avi,89.6560882112294,360,90,HIGH,VIDEO_RECORDING,2025-11-18T15:23:37.171296
2025-11-18 15:23:36.946498,346,1060,HandType.Right,0.6205050945281982,90.62401580810547,403.68426513671875,-3.186051845550537,-0.9872742891311646,0.15889307856559753,0.006519382353872061,-14.730631828308105,80.64664459228516,38.88492965698242,0.01645149476826191,0.3851166367530823,41.21086502075195,0,1,1,1,1,62.58347702026367,451.8328552246094,-8.12169361114502,70.48489379882812,473.8689880371094,-48.292442321777344,raise,7,2025-11-18T15:23:36.946498,my_hand_data\videos\raise_seq7_20251118_152333_095630.avi,89.6560882112294,360,90,HIGH,VIDEO_RECORDING,2025-11-18T15:23:37.171296
2025-11-18 15:23:36.956751,347,1060,HandType.Right,0.6206380724906921,90.424072265625,404.5885009765625,-2.712205410003662,-0.9874188303947449,0.1579890102148056,0.006599959451705217,-18.299549102783203,82.75821685791016,43.36868667602539,0.019192077219486237,0.38348937034606934,41.2298698425293,0,1,1,1,1,62.41051483154297,452.7406005859375,-7.568485736846924,70.36371612548828,474.9369201660156,-47.708953857421875,raise,7,2025-11-18T15:23:36.956751,my_hand_data\videos\raise_seq7_20251118_152333_095630.avi,89.6560882112294,360,90,HIGH,VIDEO_RECORDING,2025-11-18T15:23:37.171296
2025-11-18 15:23:36.977279,348,1060,HandType.Right,0.6195101737976074,90.02682495117188,406.4865417480469,-1.8594691753387451,-0.9876570701599121,0.15648438036441803,0.006792704574763775,-18.981346130371094,79.59007263183594,40.11376953125,0.021017106249928474,0.3806901276111603,41.33205795288086,0,1,1,1,1,62.032833099365234,454.5910949707031,-6.463364601135254,70.03213500976562,477.03082275390625,-46.578304290771484,raise,7,2025-11-18T15:23:36.977279,my_hand_data\videos\raise_seq7_20251118_152333_095630.avi,89.6560882112294,360,90,HIGH,VIDEO_RECORDING,2025-11-18T15:23:37.171296
2025-11-18 15:23:36.980975,349,1060,HandType.Right,0.6195101737976074,90.02682495117188,406.4865417480469,-1.8594691753387451,-0.9876570701599121,0.15648438036441803,0.006792704574763775,-18.981346130371094,79.59007263183594,40.11376953125,0.021017106249928474,0.3806901276111603,41.33205795288086,0,1,1,1,1,62.032833099365234,454.5910949707031,-6.463364601135254,70.03213500976562,477.03082275390625,-46.578304290771484,raise,7,2025-11-18T15:23:36.980975,my_hand_data\videos\raise_seq7_20251118_152333_095630.avi,89.6560882112294,360,90,HIGH,VIDEO_RECORDING,2025-11-18T15:23:37.171296
2025-11-18 15:23:36.997782,350,1060,HandType.Right,0.6183699369430542,89.54075622558594,408.2646179199219,-0.9170007109642029,-0.9881760478019714,0.15317431092262268,0.006764127407222986,-22.527379989624023,90.90819549560547,41.393516540527344,0.020888924598693848,0.38189372420310974,41.25580596923828,0,1,1,1,1,61.577510833740234,455.9839782714844,-5.548027515411377,69.4902114868164,478.9171142578125,-45.329524993896484,raise,7,2025-11-18T15:23:36.997782,my_hand_data\videos\raise_seq7_20251118_152333_095630.avi,89.6560882112294,360,90,HIGH,VIDEO_RECORDING,2025-11-18T15:23:37.171296
2025-11-18 15:23:36.997782,351,1060,HandType.Right,0.6183699369430542,89.54075622558594,408.2646179199219,-0.9170007109642029,-0.9881760478019714,0.15317431092262268,0.006764127407222986,-22.527379989624023,90.90819549560547,41.393516540527344,0.020888924598693848,0.38189372420310974,41.25580596923828,0,1,1,1,1,61.577510833740234,455.9839782714844,-5.548027515411377,69.4902114868164,478.9171142578125,-45.329524993896484,raise,7,2025-11-18T15:23:36.997782,my_hand_data\videos\raise_seq7_20251118_152333_095630.avi,89.6560882112294,360,90,HIGH,VIDEO_RECORDING,2025-11-18T15:23:37.171296
2025-11-18 15:23:37.018242,352,1060,HandType.Right,0.6183042526245117,89.07625579833984,410.1986083984375,-0.09308304637670517,-0.9888902306556702,0.14848816394805908,0.0068838889710605145,-20.916833877563477,84.30010223388672,34.85941696166992,0.02344030886888504,0.38309597969055176,41.21892547607422,0,1,1,1,1,60.96022415161133,457.6547546386719,-4.739765167236328,68.76533508300781,480.9103088378906,-44.297306060791016,raise,7,2025-11-18T15:23:37.018242,my_hand_data\videos\raise_seq7_20251118_152333_095630.avi,89.6560882112294,360,90,HIGH,VIDEO_RECORDING,2025-11-18T15:23:37.171296
2025-11-18 15:23:37.028558,353,1060,HandType.Right,0.6165639758110046,88.80708312988281,411.09515380859375,0.29184940457344055,-0.9891830086708069,0.1465250849723816,0.00688488595187664,-25.151870727539062,83.77249145507812,35.96826934814453,0.027743838727474213,0.38474640250205994,41.161373138427734,0,1,1,1,1,60.674476623535156,458.49945068359375,-4.383590221405029,68.48959350585938,481.8891906738281,-43.78775405883789,raise,7,2025-11-18T15:23:37.028558,my_hand_data\videos\raise_seq7_20251118_152333_095630.avi,89.6560882112294,360,90,HIGH,VIDEO_RECORDING,2025-11-18T15:23:37.171296
2025-11-18 15:23:37.038721,354,1060,HandType.Right,0.6165639758110046,88.80708312988281,411.09515380859375,0.29184940457344055,-0.9891830086708069,0.1465250849723816,0.00688488595187664,-25.151870727539062,83.77249145507812,35.96826934814453,0.027743838727474213,0.38474640250205994,41.161373138427734,0,1,1,1,1,60.674476623535156,458.49945068359375,-4.383590221405029,68.48959350585938,481.8891906738281,-43.78775405883789,raise,7,2025-11-18T15:23:37.038721,my_hand_data\videos\raise_seq7_20251118_152333_095630.avi,89.6560882112294,360,90,HIGH,VIDEO_RECORDING,2025-11-18T15:23:37.171296
2025-11-18 15:23:37.049113,355,1060,HandType.Right,0.616885244846344,88.51579284667969,412.9159240722656,0.9204580187797546,-0.9895004630088806,0.14432619512081146,0.007669767364859581,-9.525613784790039,80.78524780273438,26.734840393066406,0.03924546763300896,0.3877614140510559,41.16577911376953,0,1,1,1,1,60.014957427978516,460.0714416503906,-3.8111350536346436,68.02511596679688,483.8587341308594,-42.8043327331543,raise,7,2025-11-18T15:23:37.049113,my_hand_data\videos\raise_seq7_20251118_152333_095630.avi,89.6560882112294,360,90,HIGH,VIDEO_RECORDING,2025-11-18T15:23:37.171296
2025-11-18 15:23:37.059382,356,1060,HandType.Right,0.616885244846344,88.51579284667969,412.9159240722656,0.9204580187797546,-0.9895004630088806,0.14432619512081146,0.007669767364859581,-9.525613784790039,80.78524780273438,26.734840393066406,0.03924546763300896,0.3877614140510559,41.16577911376953,0,1,1,1,1,60.014957427978516,460.0714416503906,-3.8111350536346436,68.02511596679688,483.8587341308594,-42.8043327331543,raise,7,2025-11-18T15:23:37.059382,my_hand_data\videos\raise_seq7_20251118_152333_095630.avi,89.6560882112294,360,90,HIGH,VIDEO_RECORDING,2025-11-18T15:23:37.171296
2025-11-18 15:23:37.069494,357,1060,HandType.Right,0.6164296865463257,88.44337463378906,413.6998596191406,1.241194248199463,-0.9895786643028259,0.14373250305652618,0.008664741180837154,-6.632438659667969,71.7968521118164,29.374135971069336,0.04246287792921066,0.38546279072761536,41.24654769897461,0,1,1,1,1,59.86585235595703,460.7119140625,-3.4534270763397217,67.93504333496094,484.7090759277344,-42.410762786865234,raise,7,2025-11-18T15:23:37.069494,my_hand_data\videos\raise_seq7_20251118_152333_095630.avi,89.6560882112294,360,90,HIGH,VIDEO_RECORDING,2025-11-18T15:23:37.171296
2025-11-18 15:23:37.079654,358,1060,HandType.Right,0.6160339117050171,88.33781433105469,414.46142578125,1.6125907897949219,-0.9897000193595886,0.14286397397518158,0.009152231737971306,-9.452404975891113,68.1917953491211,33.25542068481445,0.04117321968078613,0.3844790458679199,41.25547790527344,0,1,1,1,1,59.74295425415039,461.2913818359375,-3.0917553901672363,67.83190155029297,485.5567932128906,-41.916873931884766,raise,7,2025-11-18T15:23:37.079654,my_hand_data\videos\raise_seq7_20251118_152333_095630.avi,89.6560882112294,360,90,HIGH,VIDEO_RECORDING,2025-11-18T15:23:37.171296
2025-11-18 15:23:37.089904,359,1060,HandType.Right,0.6147124767303467,88.22705841064453,415.1265563964844,1.925986886024475,-0.9896528720855713,0.1431088149547577,0.010348006151616573,-9.722757339477539,58.38988494873047,27.51261329650879,0.039052221924066544,0.3857870101928711,41.24605178833008,0,1,1,1,1,59.63310241699219,461.872314453125,-2.6312367916107178,67.74397277832031,486.36932373046875,-41.24031066894531,raise,7,2025-11-18T15:23:37.089904,my_hand_data\videos\raise_seq7_20251118_152333_095630.avi,89.6560882112294,360,90,HIGH,VIDEO_RECORDING,2025-11-18T15:23:37.171296
2025-11-18 15:23:37.110352,360,1060,HandType.Right,0.6124942898750305,87.97447204589844,416.3876953125,2.4726970195770264,-0.989573061466217,0.14354349672794342,0.011849370785057545,-14.66684627532959,51.99117660522461,20.34516716003418,0.03915288671851158,0.3829505741596222,41.349388122558594,0,1,1,1,1,59.31132507324219,462.89007568359375,-1.9454736709594727,67.5562973022461,487.9513854980469,-40.29465103149414,raise,7,2025-11-18T15:23:37.110352,my_hand_data\videos\raise_seq7_20251118_152333_095630.avi,89.6560882112294,360,90,HIGH,VIDEO_RECORDING,2025-11-18T15:23:37.171296
