timestamp,frame_id,hand_id,hand_type,confidence,palm_x,palm_y,palm_z,palm_normal_x,palm_normal_y,palm_normal_z,palm_velocity_x,palm_velocity_y,palm_velocity_z,grab_strength,pinch_strength,pinch_distance,thumb_extended,index_extended,middle_extended,ring_extended,pinky_extended,thumb_tip_x,thumb_tip_y,thumb_tip_z,index_tip_x,index_tip_y,index_tip_z,gesture_type,sequence_id,recording_timestamp,video_file_path,performance_actual_fps,performance_total_frames,performance_target_fps,performance_quality,performance_mode,video_recording_time
2025-11-18 16:17:00.438859,1,1118,HandType.Right,0.4561108350753784,76.42108154296875,65.33047485351562,47.18903350830078,-0.12030421942472458,-0.9753867983818054,-0.18479037284851074,-41.72721481323242,8.230863571166992,-19.019559860229492,0.0,0.0,48.64568328857422,0,1,1,1,1,28.83184242248535,49.2262077331543,17.033103942871094,51.53886795043945,78.93144989013672,-32.148353576660156,raise,38,2025-11-18T16:17:00.438859,my_hand_data\videos\raise_seq38_20251118_161700_418336.avi,89.88411690229273,360,90,HIGH,VIDEO_RECORDING,2025-11-18T16:17:04.480546
2025-11-18 16:17:00.438859,2,1118,HandType.Right,0.4649440050125122,75.94976806640625,65.44676971435547,47.10453796386719,-0.11934591829776764,-0.9758055806159973,-0.18319378793239594,-42.27029800415039,10.429802894592285,-7.577837944030762,0.0,0.0,48.410057067871094,0,1,1,1,1,28.40064811706543,49.26411819458008,17.190370559692383,50.310543060302734,78.48971557617188,-31.528507232666016,raise,38,2025-11-18T16:17:00.438859,my_hand_data\videos\raise_seq38_20251118_161700_418336.avi,89.88411690229273,360,90,HIGH,VIDEO_RECORDING,2025-11-18T16:17:04.480546
2025-11-18 16:17:00.459252,3,1118,HandType.Right,0.4733384847640991,75.45843505859375,65.58737182617188,46.96147918701172,-0.1185658872127533,-0.9761727452278137,-0.18173855543136597,-45.18035888671875,12.928642272949219,-13.154942512512207,0.0,0.0,48.23896789550781,0,1,1,1,1,27.958829879760742,49.25727081298828,17.40193748474121,49.0753059387207,78.05850219726562,-31.011808395385742,raise,38,2025-11-18T16:17:00.459252,my_hand_data\videos\raise_seq38_20251118_161700_418336.avi,89.88411690229273,360,90,HIGH,VIDEO_RECORDING,2025-11-18T16:17:04.480546
2025-11-18 16:17:00.469439,4,1118,HandType.Right,0.4825552701950073,74.94376373291016,65.71302032470703,46.85593795776367,-0.11789201945066452,-0.9764679074287415,-0.1805875599384308,-45.90760040283203,11.208159446716309,-9.413936614990234,0.0,0.0,48.098602294921875,0,1,1,1,1,27.47382926940918,49.108177185058594,17.764713287353516,47.50849914550781,77.0615005493164,-30.15859031677246,raise,38,2025-11-18T16:17:00.469439,my_hand_data\videos\raise_seq38_20251118_161700_418336.avi,89.88411690229273,360,90,HIGH,VIDEO_RECORDING,2025-11-18T16:17:04.480546
2025-11-18 16:17:00.479863,5,1118,HandType.Right,0.48651373386383057,74.34780883789062,65.70225524902344,46.69149398803711,-0.1163586974143982,-0.9769221544265747,-0.1791195571422577,-52.72551727294922,-0.952521562576294,-14.548988342285156,0.0,0.0,47.85580062866211,0,1,1,1,1,26.897113800048828,49.04097366333008,18.017343521118164,45.9392204284668,76.00271606445312,-29.433429718017578,raise,38,2025-11-18T16:17:00.479863,my_hand_data\videos\raise_seq38_20251118_161700_418336.avi,89.88411690229273,360,90,HIGH,VIDEO_RECORDING,2025-11-18T16:17:04.480546
2025-11-18 16:17:00.490117,6,1118,HandType.Right,0.4874027967453003,73.74050903320312,65.6961441040039,46.52500915527344,-0.11469240486621857,-0.9775394797325134,-0.1768113225698471,-56.58732604980469,-0.5698348879814148,-15.512954711914062,0.0,0.0441574864089489,47.50636672973633,0,1,1,1,1,26.321985244750977,48.91813659667969,18.295101165771484,44.20927810668945,74.52668762207031,-28.406272888183594,raise,38,2025-11-18T16:17:00.490117,my_hand_data\videos\raise_seq38_20251118_161700_418336.avi,89.88411690229273,360,90,HIGH,VIDEO_RECORDING,2025-11-18T16:17:04.480546
2025-11-18 16:17:00.500518,7,1118,HandType.Right,0.48430538177490234,73.17569732666016,65.74146270751953,46.389591217041016,-0.11417022347450256,-0.9781157374382019,-0.1739390343427658,-49.14863967895508,3.943932294845581,-11.783605575561523,0.0,0.08356799185276031,47.225406646728516,0,1,1,1,1,25.794361114501953,48.79542922973633,18.612794876098633,42.613922119140625,73.23065185546875,-27.375736236572266,raise,38,2025-11-18T16:17:00.500518,my_hand_data\videos\raise_seq38_20251118_161700_418336.avi,89.88411690229273,360,90,HIGH,VIDEO_RECORDING,2025-11-18T16:17:04.480546
2025-11-18 16:17:00.511002,8,1118,HandType.Right,0.47908544540405273,72.53691864013672,65.74333190917969,46.169776916503906,-0.11348918080329895,-0.9786906838417053,-0.17112796008586884,-58.791954040527344,0.17220573127269745,-20.231365203857422,0.0,0.11138585209846497,47.02992248535156,0,1,1,1,1,25.20493507385254,48.63658142089844,18.914566040039062,41.11013412475586,72.24363708496094,-26.63001823425293,raise,38,2025-11-18T16:17:00.511002,my_hand_data\videos\raise_seq38_20251118_161700_418336.avi,89.88411690229273,360,90,HIGH,VIDEO_RECORDING,2025-11-18T16:17:04.480546
2025-11-18 16:17:00.531345,9,1118,HandType.Right,0.47337794303894043,71.9018783569336,65.73474884033203,45.92591857910156,-0.11385802924633026,-0.979016125202179,-0.1690080463886261,-55.81309509277344,-0.7548189759254456,-21.43235969543457,0.0,0.12807495892047882,47.02365493774414,0,1,1,1,1,24.56565284729004,48.552818298339844,19.286174774169922,39.44961166381836,71.64958953857422,-26.14555549621582,raise,38,2025-11-18T16:17:00.531345,my_hand_data\videos\raise_seq38_20251118_161700_418336.avi,89.88411690229273,360,90,HIGH,VIDEO_RECORDING,2025-11-18T16:17:04.480546
2025-11-18 16:17:00.531345,10,1118,HandType.Right,0.465412974357605,71.40138244628906,65.93437194824219,45.62487030029297,-0.1144634261727333,-0.9792131185531616,-0.16745087504386902,-46.06502914428711,18.373239517211914,-27.708301544189453,0.0,0.13823989033699036,47.128963470458984,0,1,1,1,1,23.687002182006836,48.81565475463867,19.701383590698242,38.25636291503906,71.03746795654297,-25.835968017578125,raise,38,2025-11-18T16:17:00.531345,my_hand_data\videos\raise_seq38_20251118_161700_418336.avi,89.88411690229273,360,90,HIGH,VIDEO_RECORDING,2025-11-18T16:17:04.480546
2025-11-18 16:17:00.551964,11,1118,HandType.Right,0.4481211304664612,70.97213745117188,66.22303009033203,45.394996643066406,-0.11808817833662033,-0.9792361855506897,-0.1647775024175644,-38.435420989990234,25.84715461730957,-20.583099365234375,0.0,0.11947977542877197,47.517425537109375,1,1,1,1,1,22.573135375976562,49.35713577270508,19.94989776611328,37.5632209777832,71.67657470703125,-26.19890785217285,raise,38,2025-11-18T16:17:00.551964,my_hand_data\videos\raise_seq38_20251118_161700_418336.avi,89.88411690229273,360,90,HIGH,VIDEO_RECORDING,2025-11-18T16:17:04.480546
2025-11-18 16:17:00.551964,12,1118,HandType.Right,0.4354419708251953,70.56208038330078,66.80580139160156,45.39762496948242,-0.12487426400184631,-0.9788388609886169,-0.16211383044719696,-36.707027435302734,52.16824722290039,0.23544658720493317,0.0,0.07400870323181152,48.15235137939453,1,1,1,1,1,21.392118453979492,50.49245071411133,20.47811508178711,36.74905014038086,73.81412506103516,-26.987607955932617,raise,38,2025-11-18T16:17:00.551964,my_hand_data\videos\raise_seq38_20251118_161700_418336.avi,89.88411690229273,360,90,HIGH,VIDEO_RECORDING,2025-11-18T16:17:04.480546
2025-11-18 16:17:00.572436,13,1118,HandType.Right,0.42929840087890625,70.2320327758789,67.5307388305664,45.5478401184082,-0.131537064909935,-0.9779616594314575,-0.16213881969451904,-30.037263870239258,65.9748764038086,13.670812606811523,0.0,0.04715125635266304,48.78779602050781,1,1,1,1,1,20.247514724731445,51.3977165222168,21.218814849853516,35.745906829833984,74.96343231201172,-27.19362449645996,raise,38,2025-11-18T16:17:00.572436,my_hand_data\videos\raise_seq38_20251118_161700_418336.avi,89.88411690229273,360,90,HIGH,VIDEO_RECORDING,2025-11-18T16:17:04.480546
2025-11-18 16:17:00.572436,14,1118,HandType.Right,0.4276859164237976,69.87210845947266,68.22801208496094,45.66200637817383,-0.13504032790660858,-0.9773718118667603,-0.16281405091285706,-32.8185920715332,63.57910919189453,10.409832000732422,0.0,0.028746984899044037,49.14276885986328,1,1,1,1,1,19.133630752563477,52.18545913696289,22.11359214782715,33.94858932495117,76.06230163574219,-27.096431732177734,raise,38,2025-11-18T16:17:00.572436,my_hand_data\videos\raise_seq38_20251118_161700_418336.avi,89.88411690229273,360,90,HIGH,VIDEO_RECORDING,2025-11-18T16:17:04.480546
2025-11-18 16:17:00.592715,15,1118,HandType.Right,0.4276798963546753,69.19278717041016,68.99069213867188,45.60028076171875,-0.13870014250278473,-0.976800799369812,-0.16316406428813934,-59.626426696777344,66.94285583496094,-5.417775630950928,0.0,0.021750500425696373,49.528560638427734,1,1,1,1,1,18.215925216674805,52.6155891418457,22.799055099487305,32.21806335449219,76.71959686279297,-26.783618927001953,raise,38,2025-11-18T16:17:00.592715,my_hand_data\videos\raise_seq38_20251118_161700_418336.avi,89.88411690229273,360,90,HIGH,VIDEO_RECORDING,2025-11-18T16:17:04.480546
2025-11-18 16:17:00.603153,16,1118,HandType.Right,0.4353444576263428,68.34715270996094,69.79499816894531,45.42477035522461,-0.14359942078590393,-0.9758991599082947,-0.16431686282157898,-76.98075103759766,73.2189712524414,-15.977347373962402,0.0,0.0507977195084095,49.62226867675781,1,1,1,1,1,17.327186584472656,52.54046630859375,23.378808975219727,29.839359283447266,76.33506774902344,-25.50004768371582,raise,38,2025-11-18T16:17:00.603153,my_hand_data\videos\raise_seq38_20251118_161700_418336.avi,89.88411690229273,360,90,HIGH,VIDEO_RECORDING,2025-11-18T16:17:04.480546
2025-11-18 16:17:00.613547,17,1118,HandType.Right,0.44291865825653076,67.4628677368164,70.65838623046875,45.223934173583984,-0.14920194447040558,-0.9748907089233398,-0.1653083860874176,-79.15907287597656,77.28817749023438,-17.97821807861328,0.0,0.05976684391498566,50.27600860595703,1,1,1,1,1,16.36394500732422,52.84736633300781,23.855627059936523,27.763561248779297,76.61039733886719,-24.910640716552734,raise,38,2025-11-18T16:17:00.613547,my_hand_data\videos\raise_seq38_20251118_161700_418336.avi,89.88411690229273,360,90,HIGH,VIDEO_RECORDING,2025-11-18T16:17:04.480546
2025-11-18 16:17:00.623358,18,1118,HandType.Right,0.4459500312805176,66.63790130615234,71.39238739013672,45.0347785949707,-0.1566508263349533,-0.9731408357620239,-0.1686933934688568,-74.27481842041016,66.08484649658203,-17.030546188354492,0.0,0.07969561219215393,49.90057373046875,1,1,1,1,1,15.323322296142578,53.06853485107422,24.06033706665039,26.091232299804688,76.36181640625,-24.226572036743164,raise,38,2025-11-18T16:17:00.623358,my_hand_data\videos\raise_seq38_20251118_161700_418336.avi,89.88411690229273,360,90,HIGH,VIDEO_RECORDING,2025-11-18T16:17:04.480546
2025-11-18 16:17:00.633928,19,1118,HandType.Right,0.4427281618118286,65.89826965332031,72.2852554321289,44.91766357421875,-0.15887321531772614,-0.972647488117218,-0.16945844888687134,-66.36975860595703,80.12068176269531,-10.50924301147461,0.0,0.07392952591180801,49.93445587158203,1,1,1,1,1,14.261200904846191,53.787574768066406,24.330530166625977,24.32293128967285,77.32794189453125,-24.181991577148438,raise,38,2025-11-18T16:17:00.633928,my_hand_data\videos\raise_seq38_20251118_161700_418336.avi,89.88411690229273,360,90,HIGH,VIDEO_RECORDING,2025-11-18T16:17:04.480546
2025-11-18 16:17:00.644124,20,1118,HandType.Right,0.4427281618118286,65.89826965332031,72.2852554321289,44.91766357421875,-0.15887321531772614,-0.972647488117218,-0.16945844888687134,-66.36975860595703,80.12068176269531,-10.50924301147461,0.0,0.07392952591180801,49.93445587158203,1,1,1,1,1,14.261200904846191,53.787574768066406,24.330530166625977,24.32293128967285,77.32794189453125,-24.181991577148438,raise,38,2025-11-18T16:17:00.644124,my_hand_data\videos\raise_seq38_20251118_161700_418336.avi,89.88411690229273,360,90,HIGH,VIDEO_RECORDING,2025-11-18T16:17:04.480546
2025-11-18 16:17:00.664876,21,1118,HandType.Right,0.42451781034469604,64.06982421875,74.32889556884766,44.166404724121094,-0.16642697155475616,-0.9700296521186829,-0.1770438253879547,-84.46052551269531,90.72817993164062,-37.15438461303711,0.0,0.06180720031261444,50.24260711669922,1,1,1,1,1,11.961441040039062,55.34990692138672,24.190568923950195,21.534786224365234,79.38365173339844,-24.63928985595703,raise,38,2025-11-18T16:17:00.664876,my_hand_data\videos\raise_seq38_20251118_161700_418336.avi,89.88411690229273,360,90,HIGH,VIDEO_RECORDING,2025-11-18T16:17:04.480546
2025-11-18 16:17:00.664876,22,1118,HandType.Right,0.4044398069381714,63.13125228881836,75.6852798461914,43.6126594543457,-0.17178300023078918,-0.9681069850921631,-0.1823718547821045,-82.7885971069336,119.64180755615234,-48.844337463378906,0.0,0.08704900741577148,49.81927490234375,1,1,1,1,1,11.192317962646484,55.856014251708984,23.618793487548828,20.53050994873047,79.3907699584961,-24.452064514160156,raise,38,2025-11-18T16:17:00.664876,my_hand_data\videos\raise_seq38_20251118_161700_418336.avi,89.88411690229273,360,90,HIGH,VIDEO_RECORDING,2025-11-18T16:17:04.480546
2025-11-18 16:17:00.685527,23,1118,HandType.Right,0.39162570238113403,62.21575164794922,76.99049377441406,43.08681869506836,-0.17616817355155945,-0.9659003615379333,-0.18973997235298157,-82.13717651367188,117.10153198242188,-47.1773681640625,0.0,0.1291624903678894,48.86384582519531,0,1,1,1,1,10.797467231750488,56.51369857788086,22.760478973388672,19.78061294555664,78.98136901855469,-24.183738708496094,raise,38,2025-11-18T16:17:00.685527,my_hand_data\videos\raise_seq38_20251118_161700_418336.avi,89.88411690229273,360,90,HIGH,VIDEO_RECORDING,2025-11-18T16:17:04.480546
2025-11-18 16:17:00.686673,24,1118,HandType.Right,0.37216055393218994,61.221248626708984,78.33004760742188,42.406394958496094,-0.18337401747703552,-0.9631384015083313,-0.19682075083255768,-93.66184997558594,126.1590576171875,-64.08219909667969,0.0,0.16363830864429474,48.07415771484375,0,1,1,1,1,10.458488464355469,57.345680236816406,21.858579635620117,19.13788604736328,79.08744049072266,-24.104881286621094,raise,38,2025-11-18T16:17:00.686673,my_hand_data\videos\raise_seq38_20251118_161700_418336.avi,89.88411690229273,360,90,HIGH,VIDEO_RECORDING,2025-11-18T16:17:04.480546
2025-11-18 16:17:00.706026,25,1118,HandType.Right,0.3610736131668091,60.28321838378906,79.583251953125,41.78907775878906,-0.1920764446258545,-0.9604554772377014,-0.20157350599765778,-85.0434799194336,113.61766815185547,-55.967098236083984,0.0,0.20744287967681885,47.03757858276367,0,1,1,1,1,10.086495399475098,58.23583221435547,21.15717887878418,18.53299903869629,78.48556518554688,-23.786344528198242,raise,38,2025-11-18T16:17:00.706026,my_hand_data\videos\raise_seq38_20251118_161700_418336.avi,89.88411690229273,360,90,HIGH,VIDEO_RECORDING,2025-11-18T16:17:04.480546
2025-11-18 16:17:00.706026,26,1118,HandType.Right,0.35564911365509033,59.37903594970703,80.82390594482422,41.21863555908203,-0.2022572159767151,-0.9578657746315002,-0.20392437279224396,-77.08970642089844,105.77692413330078,-48.63516616821289,0.0,0.2540794312953949,45.880210876464844,0,1,1,1,1,9.55551528930664,59.407649993896484,20.542837142944336,17.98729133605957,78.0699691772461,-23.234207153320312,raise,38,2025-11-18T16:17:00.706026,my_hand_data\videos\raise_seq38_20251118_161700_418336.avi,89.88411690229273,360,90,HIGH,VIDEO_RECORDING,2025-11-18T16:17:04.480546
2025-11-18 16:17:00.726904,27,1118,HandType.Right,0.3576517105102539,58.536319732666016,82.16331481933594,40.81913375854492,-0.21483998000621796,-0.9544159770011902,-0.2072051465511322,-79.03912353515625,125.62422180175781,-37.4697151184082,0.0,0.30944377183914185,44.52114486694336,0,1,1,1,1,8.884247779846191,60.90995788574219,20.003889083862305,17.358745574951172,77.7584457397461,-22.329505920410156,raise,38,2025-11-18T16:17:00.726904,my_hand_data\videos\raise_seq38_20251118_161700_418336.avi,89.88411690229273,360,90,HIGH,VIDEO_RECORDING,2025-11-18T16:17:04.480546
2025-11-18 16:17:00.737241,28,1118,HandType.Right,0.3652505874633789,57.71010971069336,83.39313507080078,40.60606002807617,-0.22315898537635803,-0.9519554972648621,-0.20971596240997314,-74.60135650634766,111.04476928710938,-19.239267349243164,0.0,0.3441947102546692,43.426334381103516,0,1,1,1,1,8.19215202331543,62.70109939575195,19.50935173034668,16.563627243041992,78.5412368774414,-21.885528564453125,raise,38,2025-11-18T16:17:00.737241,my_hand_data\videos\raise_seq38_20251118_161700_418336.avi,89.88411690229273,360,90,HIGH,VIDEO_RECORDING,2025-11-18T16:17:04.480546
2025-11-18 16:17:00.747722,29,1118,HandType.Right,0.3710489273071289,57.00531005859375,84.59825134277344,40.560062408447266,-0.22482123970985413,-0.9512784481048584,-0.21100880205631256,-62.17917251586914,106.31827545166016,-4.057694435119629,0.0,0.36883771419525146,42.58876419067383,0,1,1,1,1,7.56146764755249,64.33259582519531,19.299957275390625,15.764601707458496,79.00975799560547,-21.60560417175293,raise,38,2025-11-18T16:17:00.747722,my_hand_data\videos\raise_seq38_20251118_161700_418336.avi,89.88411690229273,360,90,HIGH,VIDEO_RECORDING,2025-11-18T16:17:04.480546
2025-11-18 16:17:00.757797,30,1118,HandType.Right,0.370137095451355,56.263099670410156,85.71829223632812,40.63951110839844,-0.22492137551307678,-0.9507169127464294,-0.2134190946817398,-67.88080596923828,102.43656158447266,7.266026496887207,0.0,0.4041768014431,41.463890075683594,0,1,1,1,1,6.814409255981445,65.85263061523438,19.298355102539062,14.822322845458984,79.10710144042969,-20.767650604248047,raise,38,2025-11-18T16:17:00.757797,my_hand_data\videos\raise_seq38_20251118_161700_418336.avi,89.88411690229273,360,90,HIGH,VIDEO_RECORDING,2025-11-18T16:17:04.480546
2025-11-18 16:17:00.768207,31,1118,HandType.Right,0.37943869829177856,55.36796569824219,86.9390640258789,40.65324401855469,-0.2233864665031433,-0.9503348469734192,-0.21670763194561005,-80.93423461914062,110.37692260742188,1.241567611694336,0.0,0.44540083408355713,40.26967239379883,0,1,1,1,1,5.990348815917969,67.12187957763672,19.113544464111328,13.807005882263184,78.97210693359375,-19.859283447265625,raise,38,2025-11-18T16:17:00.768207,my_hand_data\videos\raise_seq38_20251118_161700_418336.avi,89.88411690229273,360,90,HIGH,VIDEO_RECORDING,2025-11-18T16:17:04.480546
2025-11-18 16:17:00.778362,32,1118,HandType.Right,0.39091455936431885,54.4522705078125,88.08602905273438,40.58936309814453,-0.2221759557723999,-0.9501067996025085,-0.21894046664237976,-83.26033782958984,104.28878021240234,-5.808164596557617,0.0,0.49428272247314453,38.84158706665039,0,1,1,1,1,5.065821170806885,68.41612243652344,18.780838012695312,12.327704429626465,78.72142028808594,-18.881935119628906,raise,38,2025-11-18T16:17:00.778362,my_hand_data\videos\raise_seq38_20251118_161700_418336.avi,89.88411690229273,360,90,HIGH,VIDEO_RECORDING,2025-11-18T16:17:04.480546
2025-11-18 16:17:00.788533,33,1118,HandType.Right,0.41499292850494385,53.43769454956055,89.0226058959961,40.447845458984375,-0.22186051309108734,-0.9502192139625549,-0.2187722772359848,-90.44171905517578,83.48887634277344,-12.615492820739746,0.0,0.5375180840492249,37.287567138671875,0,1,1,1,1,3.9310455322265625,69.96947479248047,18.32306480407715,10.701000213623047,78.31976318359375,-18.281728744506836,raise,38,2025-11-18T16:17:00.788533,my_hand_data\videos\raise_seq38_20251118_161700_418336.avi,89.88411690229273,360,90,HIGH,VIDEO_RECORDING,2025-11-18T16:17:04.480546
2025-11-18 16:17:00.798913,34,1118,HandType.Right,0.435507595539093,52.52254867553711,90.077880859375,40.371341705322266,-0.22365429997444153,-0.9501172304153442,-0.21738438308238983,-82.96895599365234,95.67317199707031,-6.9359049797058105,0.0,0.5744556188583374,35.89033889770508,0,1,1,1,1,2.6730709075927734,71.72148132324219,17.878250122070312,9.302694320678711,78.31970977783203,-17.7325382232666,raise,38,2025-11-18T16:17:00.798913,my_hand_data\videos\raise_seq38_20251118_161700_418336.avi,89.88411690229273,360,90,HIGH,VIDEO_RECORDING,2025-11-18T16:17:04.480546
2025-11-18 16:17:00.819641,35,1118,HandType.Right,0.4706026315689087,51.686214447021484,91.0619888305664,40.334712982177734,-0.22512602806091309,-0.9501118659973145,-0.21588344871997833,-74.28776550292969,87.41378784179688,-3.2536275386810303,0.0,0.5856355428695679,34.9578971862793,0,1,1,1,1,1.0949336290359497,73.98858642578125,17.6375675201416,7.895938873291016,78.9645767211914,-17.807205200195312,raise,38,2025-11-18T16:17:00.819641,my_hand_data\videos\raise_seq38_20251118_161700_418336.avi,89.88411690229273,360,90,HIGH,VIDEO_RECORDING,2025-11-18T16:17:04.480546
2025-11-18 16:17:00.824044,36,1118,HandType.Right,0.5077701210975647,50.81881332397461,92.07000732421875,40.258575439453125,-0.22627384960651398,-0.9503056406974792,-0.2138207107782364,-78.11624145507812,90.77971649169922,-6.856781005859375,0.0,0.582014262676239,34.39755630493164,0,1,1,1,1,-0.2534911036491394,76.12590789794922,17.35464859008789,6.635487079620361,80.09422302246094,-18.353532791137695,raise,38,2025-11-18T16:17:00.824044,my_hand_data\videos\raise_seq38_20251118_161700_418336.avi,89.88411690229273,360,90,HIGH,VIDEO_RECORDING,2025-11-18T16:17:04.480546
2025-11-18 16:17:00.839903,37,1118,HandType.Right,0.5464005470275879,49.932640075683594,93.03923797607422,40.000099182128906,-0.227311909198761,-0.9504730701446533,-0.21196749806404114,-79.94325256347656,87.43663787841797,-23.317626953125,0.0,0.5740633606910706,34.16126251220703,0,1,1,1,1,-1.187227725982666,77.63999938964844,16.936792373657227,5.581449508666992,81.2927474975586,-19.13462257385254,raise,38,2025-11-18T16:17:00.839903,my_hand_data\videos\raise_seq38_20251118_161700_418336.avi,89.88411690229273,360,90,HIGH,VIDEO_RECORDING,2025-11-18T16:17:04.480546
2025-11-18 16:17:00.839903,38,1118,HandType.Right,0.579469621181488,49.175228118896484,94.2911605834961,39.720943450927734,-0.22740955650806427,-0.9505785703659058,-0.21138881146907806,-68.60000610351562,113.38837432861328,-25.283462524414062,0.0,0.5654773712158203,34.03406524658203,0,1,1,1,1,-2.097297430038452,79.4669418334961,16.43536949157715,4.55391788482666,82.94857788085938,-19.999691009521484,raise,38,2025-11-18T16:17:00.839903,my_hand_data\videos\raise_seq38_20251118_161700_418336.avi,89.88411690229273,360,90,HIGH,VIDEO_RECORDING,2025-11-18T16:17:04.480546
2025-11-18 16:17:00.859772,39,1118,HandType.Right,0.6110925078392029,48.40995407104492,95.49417114257812,39.40128707885742,-0.22629688680171967,-0.9508008360862732,-0.21158333122730255,-68.82601165771484,108.19386291503906,-28.748748779296875,0.0,0.5507095456123352,34.21920394897461,0,1,1,1,1,-2.9847583770751953,81.07465362548828,16.008548736572266,3.52321195602417,84.76466369628906,-20.983633041381836,raise,38,2025-11-18T16:17:00.859772,my_hand_data\videos\raise_seq38_20251118_161700_418336.avi,89.88411690229273,360,90,HIGH,VIDEO_RECORDING,2025-11-18T16:17:04.480546
2025-11-18 16:17:00.863116,40,1118,HandType.Right,0.6341172456741333,47.673091888427734,96.76747131347656,39.172367095947266,-0.22466124594211578,-0.9511638283729553,-0.21169482171535492,-66.732666015625,115.31444549560547,-20.731698989868164,0.0,0.536030113697052,34.379920959472656,0,1,1,1,1,-3.9168968200683594,82.771728515625,15.590339660644531,2.5244243144989014,86.72704315185547,-21.9355525970459,raise,38,2025-11-18T16:17:00.863116,my_hand_data\videos\raise_seq38_20251118_161700_418336.avi,89.88411690229273,360,90,HIGH,VIDEO_RECORDING,2025-11-18T16:17:04.480546
2025-11-18 16:17:00.880680,41,1118,HandType.Right,0.6505935788154602,46.983245849609375,97.91494750976562,39.095680236816406,-0.22244803607463837,-0.9515898823738098,-0.21211683750152588,-60.977989196777344,101.42969512939453,-6.778713703155518,0.0,0.5282741189002991,34.326141357421875,0,1,1,1,1,-4.805609703063965,84.41310119628906,15.293289184570312,1.5467815399169922,88.49497985839844,-22.51883316040039,raise,38,2025-11-18T16:17:00.880680,my_hand_data\videos\raise_seq38_20251118_161700_418336.avi,89.88411690229273,360,90,HIGH,VIDEO_RECORDING,2025-11-18T16:17:04.480546
2025-11-18 16:17:00.891067,42,1118,HandType.Right,0.6587501764297485,46.159423828125,99.12882232666016,38.950992584228516,-0.22053468227386475,-0.9521924257278442,-0.2114095538854599,-75.39335632324219,111.08943176269531,-13.241275787353516,0.0,0.5312836766242981,34.07157897949219,0,1,1,1,1,-5.726900100708008,85.95720672607422,15.02895736694336,0.3057718276977539,89.76306915283203,-22.750701904296875,raise,38,2025-11-18T16:17:00.891067,my_hand_data\videos\raise_seq38_20251118_161700_418336.avi,89.88411690229273,360,90,HIGH,VIDEO_RECORDING,2025-11-18T16:17:04.480546
2025-11-18 16:17:00.901357,43,1118,HandType.Right,0.667254626750946,45.42231369018555,100.43926239013672,38.670204162597656,-0.21903911232948303,-0.952528178691864,-0.21145197749137878,-65.60245513916016,116.62889862060547,-24.98986053466797,0.0,0.5357789993286133,33.7342643737793,0,1,1,1,1,-6.523940563201904,87.5986099243164,14.698323249816895,-0.669620931148529,90.87171173095703,-22.993865966796875,raise,38,2025-11-18T16:17:00.901357,my_hand_data\videos\raise_seq38_20251118_161700_418336.avi,89.88411690229273,360,90,HIGH,VIDEO_RECORDING,2025-11-18T16:17:04.480546
2025-11-18 16:17:00.911793,44,1118,HandType.Right,0.6755051016807556,44.65350341796875,101.74446105957031,38.35198974609375,-0.2177385538816452,-0.952211856842041,-0.21420210599899292,-68.21757507324219,115.81195068359375,-28.235763549804688,0.0,0.5379239916801453,33.40586471557617,0,1,1,1,1,-7.634945392608643,89.44974517822266,14.38790225982666,-1.669961929321289,91.59569549560547,-23.283618927001953,raise,38,2025-11-18T16:17:00.911793,my_hand_data\videos\raise_seq38_20251118_161700_418336.avi,89.88411690229273,360,90,HIGH,VIDEO_RECORDING,2025-11-18T16:17:04.480546
2025-11-18 16:17:00.921989,45,1118,HandType.Right,0.6900681853294373,43.89419937133789,103.1057357788086,38.281700134277344,-0.21481747925281525,-0.9518297910690308,-0.2188001573085785,-69.80158233642578,125.14021301269531,-6.46162223815918,0.0,0.5357818007469177,33.27489471435547,0,1,1,1,1,-8.573598861694336,91.03091430664062,14.34133243560791,-2.7347466945648193,92.75006103515625,-23.452899932861328,raise,38,2025-11-18T16:17:00.921989,my_hand_data\videos\raise_seq38_20251118_161700_418336.avi,89.88411690229273,360,90,HIGH,VIDEO_RECORDING,2025-11-18T16:17:04.480546
2025-11-18 16:17:00.932190,46,1118,HandType.Right,0.6900681853294373,43.89419937133789,103.1057357788086,38.281700134277344,-0.21481747925281525,-0.9518297910690308,-0.2188001573085785,-69.80158233642578,125.14021301269531,-6.46162223815918,0.0,0.5357818007469177,33.27489471435547,0,1,1,1,1,-8.573598861694336,91.03091430664062,14.34133243560791,-2.7347466945648193,92.75006103515625,-23.452899932861328,raise,38,2025-11-18T16:17:00.932190,my_hand_data\videos\raise_seq38_20251118_161700_418336.avi,89.88411690229273,360,90,HIGH,VIDEO_RECORDING,2025-11-18T16:17:04.480546
2025-11-18 16:17:00.952669,47,1118,HandType.Right,0.713985025882721,42.36818313598633,105.69639587402344,37.95753479003906,-0.21308618783950806,-0.9508461952209473,-0.2246904969215393,-68.21658325195312,119.89271545410156,-16.633169174194336,0.0,0.5241793990135193,33.531333923339844,0,1,1,1,1,-10.586652755737305,93.6343994140625,14.324258804321289,-5.112715244293213,95.32904815673828,-23.951229095458984,raise,38,2025-11-18T16:17:00.952669,my_hand_data\videos\raise_seq38_20251118_161700_418336.avi,89.88411690229273,360,90,HIGH,VIDEO_RECORDING,2025-11-18T16:17:04.480546
2025-11-18 16:17:00.952669,48,1118,HandType.Right,0.7200353145599365,41.53854751586914,106.9104232788086,37.61451721191406,-0.21573936939239502,-0.949822723865509,-0.22648018598556519,-76.6689224243164,112.1917495727539,-31.6990966796875,0.0,0.5173028111457825,33.75244903564453,0,1,1,1,1,-11.761907577514648,94.86483001708984,14.230448722839355,-6.139699459075928,96.4834976196289,-24.277664184570312,raise,38,2025-11-18T16:17:00.952669,my_hand_data\videos\raise_seq38_20251118_161700_418336.avi,89.88411690229273,360,90,HIGH,VIDEO_RECORDING,2025-11-18T16:17:04.480546
2025-11-18 16:17:00.973308,49,1118,HandType.Right,0.7233186364173889,40.72130584716797,108.2640151977539,37.22972869873047,-0.22212369740009308,-0.9477455019950867,-0.22899667918682098,-72.61817932128906,120.276123046875,-34.191226959228516,0.0,0.5110015869140625,34.0178108215332,0,1,1,1,1,-12.910172462463379,96.17864227294922,14.224085807800293,-7.087204456329346,97.6925048828125,-24.498584747314453,raise,38,2025-11-18T16:17:00.973308,my_hand_data\videos\raise_seq38_20251118_161700_418336.avi,89.88411690229273,360,90,HIGH,VIDEO_RECORDING,2025-11-18T16:17:04.480546
2025-11-18 16:17:00.973308,50,1118,HandType.Right,0.7262670993804932,39.92256546020508,109.52096557617188,36.88154220581055,-0.22767530381679535,-0.9462127685546875,-0.22988112270832062,-72.36276245117188,113.87519836425781,-31.544570922851562,0.0,0.5006642937660217,34.38497543334961,0,1,1,1,1,-13.920713424682617,97.43685913085938,14.312224388122559,-8.009306907653809,98.97147369384766,-24.78715705871582,raise,38,2025-11-18T16:17:00.973308,my_hand_data\videos\raise_seq38_20251118_161700_418336.avi,89.88411690229273,360,90,HIGH,VIDEO_RECORDING,2025-11-18T16:17:04.480546
2025-11-18 16:17:00.993961,51,1118,HandType.Right,0.7331947088241577,39.19776916503906,110.91252899169922,36.65389633178711,-0.23426581919193268,-0.9444933533668518,-0.23032982647418976,-64.99235534667969,124.78108978271484,-20.412803649902344,0.0,0.4873204529285431,34.83864974975586,0,1,1,1,1,-14.672775268554688,98.77204895019531,14.430418968200684,-9.01205062866211,100.69496154785156,-25.183170318603516,raise,38,2025-11-18T16:17:00.993961,my_hand_data\videos\raise_seq38_20251118_161700_418336.avi,89.88411690229273,360,90,HIGH,VIDEO_RECORDING,2025-11-18T16:17:04.480546
2025-11-18 16:17:01.004163,52,1118,HandType.Right,0.7396832704544067,38.52522277832031,112.22970581054688,36.531166076660156,-0.2395486831665039,-0.9431409239768982,-0.2304379791021347,-60.328826904296875,118.15389251708984,-11.00918960571289,0.0,0.4730493724346161,35.240718841552734,0,1,1,1,1,-15.46243953704834,100.02037811279297,14.61289119720459,-10.210968971252441,102.42250061035156,-25.550357818603516,raise,38,2025-11-18T16:17:01.004163,my_hand_data\videos\raise_seq38_20251118_161700_418336.avi,89.88411690229273,360,90,HIGH,VIDEO_RECORDING,2025-11-18T16:17:04.480546
2025-11-18 16:17:01.014550,53,1118,HandType.Right,0.7462578415870667,37.7608642578125,113.5616226196289,36.390987396240234,-0.2443002313375473,-0.9417374730110168,-0.23118805885314941,-69.26667022705078,120.69959259033203,-12.703094482421875,0.0,0.4609774053096771,35.53534698486328,0,1,1,1,1,-16.227874755859375,101.19517517089844,14.713825225830078,-11.407855987548828,103.90592956542969,-25.909841537475586,raise,38,2025-11-18T16:17:01.014550,my_hand_data\videos\raise_seq38_20251118_161700_418336.avi,89.88411690229273,360,90,HIGH,VIDEO_RECORDING,2025-11-18T16:17:04.480546
2025-11-18 16:17:01.024270,54,1118,HandType.Right,0.7532728910446167,37.03782653808594,114.86857604980469,36.268226623535156,-0.24706633388996124,-0.9407437443733215,-0.23229174315929413,-64.44776916503906,116.49447631835938,-10.942205429077148,0.0,0.45052361488342285,35.694820404052734,0,1,1,1,1,-16.984291076660156,102.42327117919922,14.776995658874512,-12.659571647644043,105.23651123046875,-26.25818634033203,raise,38,2025-11-18T16:17:01.024270,my_hand_data\videos\raise_seq38_20251118_161700_418336.avi,89.88411690229273,360,90,HIGH,VIDEO_RECORDING,2025-11-18T16:17:04.480546
2025-11-18 16:17:01.034687,55,1118,HandType.Right,0.7552875280380249,36.215370178222656,116.25890350341797,35.99565887451172,-0.24980401992797852,-0.9398416876792908,-0.23301416635513306,-74.95960998535156,126.71607208251953,-24.84239387512207,0.0,0.4391254186630249,35.95174026489258,0,1,1,1,1,-17.843090057373047,103.79556274414062,14.785979270935059,-13.652961730957031,106.62461853027344,-26.667892456054688,raise,38,2025-11-18T16:17:01.034687,my_hand_data\videos\raise_seq38_20251118_161700_418336.avi,89.88411690229273,360,90,HIGH,VIDEO_RECORDING,2025-11-18T16:17:04.480546
2025-11-18 16:17:01.044895,56,1118,HandType.Right,0.7564224004745483,35.34869384765625,117.56690979003906,35.691200256347656,-0.25148892402648926,-0.9393563866615295,-0.23315861821174622,-78.50304412841797,118.47840881347656,-27.577512741088867,0.0,0.42998725175857544,36.15524673461914,0,1,1,1,1,-18.670246124267578,105.07894134521484,14.792186737060547,-14.676191329956055,107.9201889038086,-27.013324737548828,raise,38,2025-11-18T16:17:01.044895,my_hand_data\videos\raise_seq38_20251118_161700_418336.avi,89.88411690229273,360,90,HIGH,VIDEO_RECORDING,2025-11-18T16:17:04.480546
2025-11-18 16:17:01.055258,57,1118,HandType.Right,0.7576614022254944,34.51261901855469,118.901123046875,35.414390563964844,-0.2524077892303467,-0.9391359090805054,-0.2330537885427475,-73.22431945800781,116.85198211669922,-24.243486404418945,0.0,0.41654282808303833,36.46268081665039,0,1,1,1,1,-19.500822067260742,106.46114349365234,14.97128963470459,-15.740327835083008,109.50593566894531,-27.33138656616211,raise,38,2025-11-18T16:17:01.055258,my_hand_data\videos\raise_seq38_20251118_161700_418336.avi,89.88411690229273,360,90,HIGH,VIDEO_RECORDING,2025-11-18T16:17:04.480546
2025-11-18 16:17:01.065745,58,1118,HandType.Right,0.7576614022254944,34.51261901855469,118.901123046875,35.414390563964844,-0.2524077892303467,-0.9391359090805054,-0.2330537885427475,-73.22431945800781,116.85198211669922,-24.243486404418945,0.0,0.41654282808303833,36.46268081665039,0,1,1,1,1,-19.500822067260742,106.46114349365234,14.97128963470459,-15.740327835083008,109.50593566894531,-27.33138656616211,raise,38,2025-11-18T16:17:01.065745,my_hand_data\videos\raise_seq38_20251118_161700_418336.avi,89.88411690229273,360,90,HIGH,VIDEO_RECORDING,2025-11-18T16:17:04.480546
2025-11-18 16:17:01.086572,59,1118,HandType.Right,0.7654258608818054,32.850852966308594,121.40786743164062,34.826629638671875,-0.2512930631637573,-0.9393426179885864,-0.23342512547969818,-74.65485382080078,109.98214721679688,-22.60447883605957,0.0,0.3905847668647766,37.05686569213867,0,1,1,1,1,-21.220266342163086,109.0434799194336,15.248259544372559,-17.716541290283203,112.54523468017578,-28.020334243774414,raise,38,2025-11-18T16:17:01.086572,my_hand_data\videos\raise_seq38_20251118_161700_418336.avi,89.88411690229273,360,90,HIGH,VIDEO_RECORDING,2025-11-18T16:17:04.480546
2025-11-18 16:17:01.086572,60,1118,HandType.Right,0.7738457322120667,32.059226989746094,122.73703002929688,34.635902404785156,-0.25092989206314087,-0.9391622543334961,-0.23453888297080994,-71.09347534179688,119.3679428100586,-17.128726959228516,0.0,0.3825087547302246,37.216819763183594,0,1,1,1,1,-21.99184799194336,110.32149505615234,15.351750373840332,-18.721141815185547,113.86663055419922,-28.240493774414062,raise,38,2025-11-18T16:17:01.086572,my_hand_data\videos\raise_seq38_20251118_161700_418336.avi,89.88411690229273,360,90,HIGH,VIDEO_RECORDING,2025-11-18T16:17:04.480546
2025-11-18 16:17:01.107201,61,1118,HandType.Right,0.7854718565940857,31.328060150146484,124.02020263671875,34.53175735473633,-0.2510123550891876,-0.9391238689422607,-0.2346043437719345,-65.9659194946289,115.76837921142578,-9.395686149597168,0.0,0.3744974732398987,37.35717010498047,0,1,1,1,1,-22.732023239135742,111.47344207763672,15.433121681213379,-19.90351104736328,115.30833435058594,-28.46988296508789,raise,38,2025-11-18T16:17:01.107201,my_hand_data\videos\raise_seq38_20251118_161700_418336.avi,89.88411690229273,360,90,HIGH,VIDEO_RECORDING,2025-11-18T16:17:04.480546
2025-11-18 16:17:01.107201,62,1118,HandType.Right,0.7958254814147949,30.63679313659668,125.29141235351562,34.36704635620117,-0.2500392198562622,-0.9390292763710022,-0.2360178679227829,-61.54975891113281,113.18757629394531,-14.665968894958496,0.0,0.3633042871952057,37.51665115356445,0,1,1,1,1,-23.515302658081055,112.61105346679688,15.411930084228516,-21.03034019470215,116.70491790771484,-28.910593032836914,raise,38,2025-11-18T16:17:01.107201,my_hand_data\videos\raise_seq38_20251118_161700_418336.avi,89.88411690229273,360,90,HIGH,VIDEO_RECORDING,2025-11-18T16:17:04.480546
2025-11-18 16:17:01.127850,63,1118,HandType.Right,0.8013505339622498,29.873517990112305,126.67623138427734,34.15104675292969,-0.24882903695106506,-0.939285159111023,-0.23627838492393494,-68.56598663330078,124.39960479736328,-19.40343475341797,0.0,0.3507734537124634,37.78246307373047,0,1,1,1,1,-24.32939338684082,113.8059310913086,15.406917572021484,-22.160995483398438,118.32889556884766,-29.360942840576172,raise,38,2025-11-18T16:17:01.127850,my_hand_data\videos\raise_seq38_20251118_161700_418336.avi,89.88411690229273,360,90,HIGH,VIDEO_RECORDING,2025-11-18T16:17:04.480546
2025-11-18 16:17:01.127850,64,1118,HandType.Right,0.8051141500473022,29.092222213745117,127.92035675048828,33.826751708984375,-0.24794702231884003,-0.9389561414718628,-0.23850296437740326,-71.86309814453125,114.43364715576172,-29.828285217285156,0.0,0.34179481863975525,37.96728515625,0,1,1,1,1,-25.177303314208984,115.01940155029297,15.292601585388184,-23.23838233947754,119.68840789794922,-29.80091094970703,raise,38,2025-11-18T16:17:01.127850,my_hand_data\videos\raise_seq38_20251118_161700_418336.avi,89.88411690229273,360,90,HIGH,VIDEO_RECORDING,2025-11-18T16:17:04.480546
2025-11-18 16:17:01.148456,65,1118,HandType.Right,0.8073693513870239,28.315460205078125,129.25521850585938,33.479644775390625,-0.24699462950229645,-0.93869549036026,-0.24050869047641754,-69.34132385253906,119.1628189086914,-30.98627281188965,0.0,0.33529627323150635,38.10306930541992,0,1,1,1,1,-25.976591110229492,116.26647186279297,15.168452262878418,-24.259849548339844,120.99121856689453,-30.162368774414062,raise,38,2025-11-18T16:17:01.148456,my_hand_data\videos\raise_seq38_20251118_161700_418336.avi,89.88411690229273,360,90,HIGH,VIDEO_RECORDING,2025-11-18T16:17:04.480546
2025-11-18 16:17:01.159040,66,1118,HandType.Right,0.8100871443748474,27.579355239868164,130.5937957763672,33.18159484863281,-0.24568340182304382,-0.9382181167602539,-0.24369338154792786,-65.95931243896484,119.9444580078125,-26.706893920898438,0.0,0.33181068301200867,38.124961853027344,0,1,1,1,1,-26.729740142822266,117.5190200805664,15.019510269165039,-25.24039077758789,122.2557373046875,-30.439435958862305,raise,38,2025-11-18T16:17:01.159040,my_hand_data\videos\raise_seq38_20251118_161700_418336.avi,89.88411690229273,360,90,HIGH,VIDEO_RECORDING,2025-11-18T16:17:04.480546
2025-11-18 16:17:01.169128,67,1118,HandType.Right,0.8126829862594604,26.831199645996094,131.93301391601562,32.90962219238281,-0.24433556199073792,-0.9379765391349792,-0.2459677904844284,-67.79829406738281,121.36068725585938,-24.646570205688477,0.0,0.3308437168598175,38.065216064453125,0,1,1,1,1,-27.51315689086914,118.77381134033203,14.877686500549316,-26.159189224243164,123.43417358398438,-30.620285034179688,raise,38,2025-11-18T16:17:01.169128,my_hand_data\videos\raise_seq38_20251118_161700_418336.avi,89.88411690229273,360,90,HIGH,VIDEO_RECORDING,2025-11-18T16:17:04.480546
2025-11-18 16:17:01.179198,68,1118,HandType.Right,0.8162795305252075,26.122251510620117,133.20877075195312,32.628971099853516,-0.2416926473379135,-0.9380065202713013,-0.24845197796821594,-63.508724212646484,114.28507232666016,-25.141103744506836,0.0,0.32953914999961853,38.005516052246094,0,1,1,1,1,-28.22358512878418,119.91504669189453,14.727254867553711,-27.087610244750977,124.62065887451172,-30.81427574157715,raise,38,2025-11-18T16:17:01.179198,my_hand_data\videos\raise_seq38_20251118_161700_418336.avi,89.88411690229273,360,90,HIGH,VIDEO_RECORDING,2025-11-18T16:17:04.480546
2025-11-18 16:17:01.189514,69,1118,HandType.Right,0.8191056251525879,25.384641647338867,134.61749267578125,32.3360710144043,-0.24017521739006042,-0.9381219744682312,-0.24948549270629883,-66.36177062988281,126.7404556274414,-26.35190200805664,0.0,0.3276885747909546,38.007720947265625,0,1,1,1,1,-28.945274353027344,121.02986907958984,14.621123313903809,-27.98006248474121,125.87958526611328,-30.967044830322266,raise,38,2025-11-18T16:17:01.189514,my_hand_data\videos\raise_seq38_20251118_161700_418336.avi,89.88411690229273,360,90,HIGH,VIDEO_RECORDING,2025-11-18T16:17:04.480546
2025-11-18 16:17:01.200032,70,1118,HandType.Right,0.8219180703163147,24.647607803344727,135.9795379638672,32.03446578979492,-0.23873120546340942,-0.9378923773765564,-0.25172457098960876,-67.1251449584961,124.04700469970703,-27.468652725219727,0.0,0.3243430554866791,38.06854248046875,0,1,1,1,1,-29.646869659423828,122.17137908935547,14.536572456359863,-28.78257942199707,127.05984497070312,-31.166732788085938,raise,38,2025-11-18T16:17:01.200032,my_hand_data\videos\raise_seq38_20251118_161700_418336.avi,89.88411690229273,360,90,HIGH,VIDEO_RECORDING,2025-11-18T16:17:04.480546
2025-11-18 16:17:01.210256,71,1118,HandType.Right,0.8239802718162537,23.894176483154297,137.4091796875,31.632192611694336,-0.23786711692810059,-0.9376807808876038,-0.253325879573822,-64.56134033203125,122.50665283203125,-34.47062301635742,0.0,0.3188342750072479,38.23213577270508,0,1,1,1,1,-30.318681716918945,123.31010437011719,14.453180313110352,-29.667287826538086,128.36972045898438,-31.433332443237305,raise,38,2025-11-18T16:17:01.210256,my_hand_data\videos\raise_seq38_20251118_161700_418336.avi,89.88411690229273,360,90,HIGH,VIDEO_RECORDING,2025-11-18T16:17:04.480546
2025-11-18 16:17:01.230600,72,1118,HandType.Right,0.8245998024940491,23.133512496948242,138.79766845703125,31.224740982055664,-0.236861452460289,-0.9374089241027832,-0.25526678562164307,-70.04908752441406,127.864501953125,-37.52192687988281,0.0,0.3094886839389801,38.5222053527832,0,1,1,1,1,-30.97520637512207,124.38958740234375,14.412196159362793,-30.530712127685547,129.72579956054688,-31.78406524658203,raise,38,2025-11-18T16:17:01.230600,my_hand_data\videos\raise_seq38_20251118_161700_418336.avi,89.88411690229273,360,90,HIGH,VIDEO_RECORDING,2025-11-18T16:17:04.480546
2025-11-18 16:17:01.230600,73,1118,HandType.Right,0.8253560662269592,22.420822143554688,140.25157165527344,30.796741485595703,-0.23567217588424683,-0.9370629191398621,-0.25762709975242615,-65.04437255859375,132.69273376464844,-39.0617561340332,0.0,0.2980331778526306,38.87770080566406,0,1,1,1,1,-31.636871337890625,125.56668853759766,14.409624099731445,-31.405553817749023,131.1787109375,-32.172760009765625,raise,38,2025-11-18T16:17:01.230600,my_hand_data\videos\raise_seq38_20251118_161700_418336.avi,89.88411690229273,360,90,HIGH,VIDEO_RECORDING,2025-11-18T16:17:04.480546
2025-11-18 16:17:01.250864,74,1118,HandType.Right,0.8279993534088135,21.779502868652344,141.72433471679688,30.439180374145508,-0.23369304835796356,-0.9369623064994812,-0.25978684425354004,-58.06953430175781,133.3531494140625,-32.37605667114258,0.0,0.2871084213256836,39.20661544799805,0,1,1,1,1,-32.249813079833984,126.74018859863281,14.387527465820312,-32.29601287841797,132.68350219726562,-32.55473709106445,raise,38,2025-11-18T16:17:01.250864,my_hand_data\videos\raise_seq38_20251118_161700_418336.avi,89.88411690229273,360,90,HIGH,VIDEO_RECORDING,2025-11-18T16:17:04.480546
2025-11-18 16:17:01.250864,75,1118,HandType.Right,0.8305094242095947,21.172632217407227,143.09983825683594,30.083805084228516,-0.23163171112537384,-0.9369437098503113,-0.2616930603981018,-54.60902786254883,123.77436828613281,-31.97832679748535,0.0,0.2781151831150055,39.44473648071289,0,1,1,1,1,-32.8477783203125,127.88713073730469,14.347166061401367,-33.09015655517578,134.12728881835938,-32.89291763305664,raise,38,2025-11-18T16:17:01.250864,my_hand_data\videos\raise_seq38_20251118_161700_418336.avi,89.88411690229273,360,90,HIGH,VIDEO_RECORDING,2025-11-18T16:17:04.480546
2025-11-18 16:17:01.271827,76,1118,HandType.Right,0.8337665796279907,20.640735626220703,144.49081420898438,29.8021240234375,-0.2287454754114151,-0.937161922454834,-0.26344454288482666,-47.84542465209961,125.12211608886719,-25.337970733642578,0.0,0.26811113953590393,39.7281379699707,0,1,1,1,1,-33.411556243896484,129.0085906982422,14.360746383666992,-33.885128021240234,135.72508239746094,-33.18387222290039,raise,38,2025-11-18T16:17:01.271827,my_hand_data\videos\raise_seq38_20251118_161700_418336.avi,89.88411690229273,360,90,HIGH,VIDEO_RECORDING,2025-11-18T16:17:04.480546
2025-11-18 16:17:01.271827,77,1118,HandType.Right,0.8337665796279907,20.640735626220703,144.49081420898438,29.8021240234375,-0.2287454754114151,-0.937161922454834,-0.26344454288482666,-47.84542465209961,125.12211608886719,-25.337970733642578,0.0,0.26811113953590393,39.7281379699707,0,1,1,1,1,-33.411556243896484,129.0085906982422,14.360746383666992,-33.885128021240234,135.72508239746094,-33.18387222290039,raise,38,2025-11-18T16:17:01.271827,my_hand_data\videos\raise_seq38_20251118_161700_418336.avi,89.88411690229273,360,90,HIGH,VIDEO_RECORDING,2025-11-18T16:17:04.480546
2025-11-18 16:17:01.292334,78,1118,HandType.Right,0.8401920199394226,19.62931251525879,147.18789672851562,29.074247360229492,-0.22279375791549683,-0.9380517601966858,-0.2653712332248688,-46.38996887207031,120.62655639648438,-36.666343688964844,0.0,0.24901527166366577,40.33060836791992,0,1,1,1,1,-34.44384002685547,131.1070556640625,14.2093505859375,-35.32197189331055,138.8951873779297,-33.88190460205078,raise,38,2025-11-18T16:17:01.292334,my_hand_data\videos\raise_seq38_20251118_161700_418336.avi,89.88411690229273,360,90,HIGH,VIDEO_RECORDING,2025-11-18T16:17:04.480546
2025-11-18 16:17:01.302761,79,1118,HandType.Right,0.8424522280693054,19.125715255737305,148.60830688476562,28.59392547607422,-0.2200089693069458,-0.938433825969696,-0.2663419246673584,-45.0565185546875,127.08319854736328,-42.97406768798828,0.0,0.2367953062057495,40.72399139404297,0,1,1,1,1,-34.880611419677734,132.26614379882812,14.106925964355469,-36.0319709777832,140.57472229003906,-34.34251403808594,raise,38,2025-11-18T16:17:01.302761,my_hand_data\videos\raise_seq38_20251118_161700_418336.avi,89.88411690229273,360,90,HIGH,VIDEO_RECORDING,2025-11-18T16:17:04.480546
2025-11-18 16:17:01.312889,80,1118,HandType.Right,0.8439547419548035,18.57390022277832,150.0830841064453,28.096038818359375,-0.21618959307670593,-0.9388131499290466,-0.2681267559528351,-49.172611236572266,131.4181671142578,-44.3670539855957,0.0,0.22679507732391357,41.03145217895508,0,1,1,1,1,-35.260990142822266,133.511474609375,13.946080207824707,-36.70792770385742,142.1321258544922,-34.813514709472656,raise,38,2025-11-18T16:17:01.312889,my_hand_data\videos\raise_seq38_20251118_161700_418336.avi,89.88411690229273,360,90,HIGH,VIDEO_RECORDING,2025-11-18T16:17:04.480546
2025-11-18 16:17:01.323116,81,1118,HandType.Right,0.8439547419548035,18.57390022277832,150.0830841064453,28.096038818359375,-0.21618959307670593,-0.9388131499290466,-0.2681267559528351,-49.172611236572266,131.4181671142578,-44.3670539855957,0.0,0.22679507732391357,41.03145217895508,0,1,1,1,1,-35.260990142822266,133.511474609375,13.946080207824707,-36.70792770385742,142.1321258544922,-34.813514709472656,raise,38,2025-11-18T16:17:01.323116,my_hand_data\videos\raise_seq38_20251118_161700_418336.avi,89.88411690229273,360,90,HIGH,VIDEO_RECORDING,2025-11-18T16:17:04.480546
2025-11-18 16:17:01.333583,82,1118,HandType.Right,0.847774863243103,17.577533721923828,153.1185760498047,27.21026039123535,-0.2121877372264862,-0.9388905763626099,-0.27103665471076965,-42.34004592895508,134.3434295654297,-38.74254608154297,0.0,0.20855776965618134,41.61198425292969,0,1,1,1,1,-35.87123107910156,136.06471252441406,13.698102951049805,-37.7425537109375,145.22413635253906,-35.633819580078125,raise,38,2025-11-18T16:17:01.333583,my_hand_data\videos\raise_seq38_20251118_161700_418336.avi,89.88411690229273,360,90,HIGH,VIDEO_RECORDING,2025-11-18T16:17:04.480546
2025-11-18 16:17:01.344791,83,1118,HandType.Right,0.8485952615737915,17.05698013305664,154.68202209472656,26.685871124267578,-0.2097858041524887,-0.9388809204101562,-0.2729332745075226,-49.885284423828125,149.82655334472656,-50.252899169921875,0.0,0.19875973463058472,41.966739654541016,0,1,1,1,1,-36.271339416503906,137.41136169433594,13.579258918762207,-38.211971282958984,146.75466918945312,-36.09627151489258,raise,38,2025-11-18T16:17:01.344791,my_hand_data\videos\raise_seq38_20251118_161700_418336.avi,89.88411690229273,360,90,HIGH,VIDEO_RECORDING,2025-11-18T16:17:04.480546
2025-11-18 16:17:01.364869,84,1118,HandType.Right,0.8506782054901123,16.55622100830078,156.0417022705078,26.205623626708984,-0.2078642100095749,-0.9385926127433777,-0.2753840386867523,-44.236610412597656,120.1130599975586,-42.42477798461914,0.0,0.19416774809360504,42.15338897705078,0,1,1,1,1,-36.6265869140625,138.6237030029297,13.37645435333252,-38.657989501953125,148.0885467529297,-36.44972610473633,raise,38,2025-11-18T16:17:01.364869,my_hand_data\videos\raise_seq38_20251118_161700_418336.avi,89.88411690229273,360,90,HIGH,VIDEO_RECORDING,2025-11-18T16:17:04.480546
2025-11-18 16:17:01.364869,85,1118,HandType.Right,0.8506782054901123,16.55622100830078,156.0417022705078,26.205623626708984,-0.2078642100095749,-0.9385926127433777,-0.2753840386867523,-44.236610412597656,120.1130599975586,-42.42477798461914,0.0,0.19416774809360504,42.15338897705078,0,1,1,1,1,-36.6265869140625,138.6237030029297,13.37645435333252,-38.657989501953125,148.0885467529297,-36.44972610473633,raise,38,2025-11-18T16:17:01.364869,my_hand_data\videos\raise_seq38_20251118_161700_418336.avi,89.88411690229273,360,90,HIGH,VIDEO_RECORDING,2025-11-18T16:17:04.480546
2025-11-18 16:17:01.385680,86,1118,HandType.Right,0.8542842268943787,15.538826942443848,159.02993774414062,25.132190704345703,-0.20030972361564636,-0.9383893609046936,-0.28160518407821655,-42.096534729003906,132.5531005859375,-41.74258804321289,0.0,0.1788509488105774,42.72777557373047,0,1,1,1,1,-37.42497634887695,141.38319396972656,13.153627395629883,-39.52934646606445,150.8507537841797,-37.27403259277344,raise,38,2025-11-18T16:17:01.385680,my_hand_data\videos\raise_seq38_20251118_161700_418336.avi,89.88411690229273,360,90,HIGH,VIDEO_RECORDING,2025-11-18T16:17:04.480546
2025-11-18 16:17:01.385680,87,1118,HandType.Right,0.8557766675949097,15.079325675964355,160.6178436279297,24.73600196838379,-0.19713498651981354,-0.9383813738822937,-0.2838628888130188,-41.704559326171875,144.11911010742188,-35.95833969116211,0.0,0.17560577392578125,42.906314849853516,0,1,1,1,1,-37.797847747802734,142.7619171142578,13.038471221923828,-39.91828155517578,152.25088500976562,-37.52256774902344,raise,38,2025-11-18T16:17:01.385680,my_hand_data\videos\raise_seq38_20251118_161700_418336.avi,89.88411690229273,360,90,HIGH,VIDEO_RECORDING,2025-11-18T16:17:04.480546
2025-11-18 16:17:01.406791,88,1118,HandType.Right,0.8569492697715759,14.632041931152344,162.05203247070312,24.32805633544922,-0.19416844844818115,-0.9382846355438232,-0.28621765971183777,-40.16200637817383,128.77735900878906,-36.62987518310547,0.0,0.17042416334152222,43.12394714355469,0,1,1,1,1,-38.210384368896484,144.02137756347656,12.914642333984375,-40.36778259277344,153.688232421875,-37.822879791259766,raise,38,2025-11-18T16:17:01.406791,my_hand_data\videos\raise_seq38_20251118_161700_418336.avi,89.88411690229273,360,90,HIGH,VIDEO_RECORDING,2025-11-18T16:17:04.480546
2025-11-18 16:17:01.406791,89,1118,HandType.Right,0.8579759001731873,14.163232803344727,163.51480102539062,23.94327163696289,-0.1895354986190796,-0.9382059574127197,-0.2895614802837372,-42.522361755371094,132.67762756347656,-34.90110778808594,0.0,0.16581127047538757,43.32411575317383,0,1,1,1,1,-38.64788055419922,145.349853515625,12.809455871582031,-40.848812103271484,155.19606018066406,-38.082645416259766,raise,38,2025-11-18T16:17:01.406791,my_hand_data\videos\raise_seq38_20251118_161700_418336.avi,89.88411690229273,360,90,HIGH,VIDEO_RECORDING,2025-11-18T16:17:04.480546
2025-11-18 16:17:01.427410,90,1118,HandType.Right,0.8587771058082581,13.659534454345703,164.97061157226562,23.52472496032715,-0.18784470856189728,-0.9378989338874817,-0.29165032505989075,-45.41501998901367,131.2605743408203,-37.73747634887695,0.0,0.1593078076839447,43.621795654296875,0,1,1,1,1,-39.105560302734375,146.62046813964844,12.718087196350098,-41.36979293823242,156.7063751220703,-38.381011962890625,raise,38,2025-11-18T16:17:01.427410,my_hand_data\videos\raise_seq38_20251118_161700_418336.avi,89.88411690229273,360,90,HIGH,VIDEO_RECORDING,2025-11-18T16:17:04.480546
2025-11-18 16:17:01.437773,91,1118,HandType.Right,0.859981894493103,13.147383689880371,166.42469787597656,23.11809539794922,-0.1855958253145218,-0.937714695930481,-0.2936755120754242,-45.87937545776367,130.25962829589844,-36.42652893066406,0.0,0.15586015582084656,43.813941955566406,1,1,1,1,1,-39.565460205078125,147.89083862304688,12.548798561096191,-41.920841217041016,158.22093200683594,-38.64006805419922,raise,38,2025-11-18T16:17:01.437773,my_hand_data\videos\raise_seq38_20251118_161700_418336.avi,89.88411690229273,360,90,HIGH,VIDEO_RECORDING,2025-11-18T16:17:04.480546
2025-11-18 16:17:01.448296,92,1118,HandType.Right,0.8612843751907349,12.626494407653809,167.9351806640625,22.738611221313477,-0.18327896296977997,-0.9374327659606934,-0.29602131247520447,-47.34489059448242,137.29139709472656,-34.49225997924805,0.0,0.1537017673254013,43.96507263183594,1,1,1,1,1,-40.009395599365234,149.26422119140625,12.431535720825195,-42.45048904418945,159.736328125,-38.81688690185547,raise,38,2025-11-18T16:17:01.448296,my_hand_data\videos\raise_seq38_20251118_161700_418336.avi,89.88411690229273,360,90,HIGH,VIDEO_RECORDING,2025-11-18T16:17:04.480546
2025-11-18 16:17:01.458577,93,1118,HandType.Right,0.8622097373008728,12.096113204956055,169.4117431640625,22.39777946472168,-0.18113569915294647,-0.9372962117195129,-0.2977677881717682,-46.74610900878906,130.13848876953125,-30.039873123168945,0.0,0.15126082301139832,44.09638214111328,1,1,1,1,1,-40.479583740234375,150.54771423339844,12.26909065246582,-42.97880554199219,161.158935546875,-39.0500602722168,raise,38,2025-11-18T16:17:01.458577,my_hand_data\videos\raise_seq38_20251118_161700_418336.avi,89.88411690229273,360,90,HIGH,VIDEO_RECORDING,2025-11-18T16:17:04.480546
2025-11-18 16:17:01.468835,94,1118,HandType.Right,0.8632993698120117,11.573028564453125,170.816650390625,22.02335548400879,-0.17734383046627045,-0.9369292855262756,-0.3011854290962219,-47.884029388427734,128.6079559326172,-34.275291442871094,0.0,0.1497008055448532,44.13680648803711,1,1,1,1,1,-40.96806716918945,151.94512939453125,12.048099517822266,-43.51146697998047,162.56394958496094,-39.33660125732422,raise,38,2025-11-18T16:17:01.468835,my_hand_data\videos\raise_seq38_20251118_161700_418336.avi,89.88411690229273,360,90,HIGH,VIDEO_RECORDING,2025-11-18T16:17:04.480546
2025-11-18 16:17:01.479209,95,1118,HandType.Right,0.8647012114524841,11.004327774047852,172.17306518554688,21.656558990478516,-0.17329390347003937,-0.9368043541908264,-0.3039190471172333,-51.49872970581055,122.83052825927734,-33.215248107910156,0.0,0.14675383269786835,44.25354766845703,1,1,1,1,1,-41.505062103271484,153.2337646484375,11.845361709594727,-44.0965690612793,163.99295043945312,-39.629615783691406,raise,38,2025-11-18T16:17:01.479209,my_hand_data\videos\raise_seq38_20251118_161700_418336.avi,89.88411690229273,360,90,HIGH,VIDEO_RECORDING,2025-11-18T16:17:04.480546
2025-11-18 16:17:01.489580,96,1118,HandType.Right,0.8667100667953491,10.470526695251465,173.57620239257812,21.304821014404297,-0.16991251707077026,-0.936834990978241,-0.30572861433029175,-47.68210220336914,125.33628845214844,-31.419313430786133,0.0,0.1439065784215927,44.36079788208008,1,1,1,1,1,-42.031211853027344,154.6445770263672,11.698232650756836,-44.64408493041992,165.47024536132812,-39.87565612792969,raise,38,2025-11-18T16:17:01.489580,my_hand_data\videos\raise_seq38_20251118_161700_418336.avi,89.88411690229273,360,90,HIGH,VIDEO_RECORDING,2025-11-18T16:17:04.480546
2025-11-18 16:17:01.499944,97,1118,HandType.Right,0.8677945733070374,9.970816612243652,174.9753875732422,21.004531860351562,-0.16688308119773865,-0.9364838004112244,-0.3084608018398285,-44.226051330566406,123.83295440673828,-26.576494216918945,0.0,0.14221441745758057,44.447444915771484,1,1,1,1,1,-42.49787139892578,155.96450805664062,11.529879570007324,-45.151451110839844,166.91552734375,-40.08351516723633,raise,38,2025-11-18T16:17:01.499944,my_hand_data\videos\raise_seq38_20251118_161700_418336.avi,89.88411690229273,360,90,HIGH,VIDEO_RECORDING,2025-11-18T16:17:04.480546
2025-11-18 16:17:01.510200,98,1118,HandType.Right,0.8686145544052124,9.474272727966309,176.23223876953125,20.711904525756836,-0.16416387259960175,-0.9359647035598755,-0.31148087978363037,-45.25143051147461,114.53972625732422,-26.668048858642578,0.0,0.14135752618312836,44.49055099487305,1,1,1,1,1,-42.968101501464844,157.1965789794922,11.343082427978516,-45.65016174316406,168.24229431152344,-40.285823822021484,raise,38,2025-11-18T16:17:01.510200,my_hand_data\videos\raise_seq38_20251118_161700_418336.avi,89.88411690229273,360,90,HIGH,VIDEO_RECORDING,2025-11-18T16:17:04.480546
2025-11-18 16:17:01.530826,99,1118,HandType.Right,0.86981201171875,8.949491500854492,177.54324340820312,20.36360740661621,-0.1602153182029724,-0.9351819753646851,-0.31585708260536194,-47.375789642333984,118.35374450683594,-31.44316291809082,0.0,0.14331720769405365,44.44385528564453,1,1,1,1,1,-43.48520278930664,158.53346252441406,11.065740585327148,-46.156951904296875,169.56068420410156,-40.497764587402344,raise,38,2025-11-18T16:17:01.530826,my_hand_data\videos\raise_seq38_20251118_161700_418336.avi,89.88411690229273,360,90,HIGH,VIDEO_RECORDING,2025-11-18T16:17:04.480546
2025-11-18 16:17:01.530826,100,1118,HandType.Right,0.8709105849266052,8.412019729614258,178.8082275390625,20.0178279876709,-0.15762756764888763,-0.9347376823425293,-0.318463534116745,-48.92327117919922,115.14542388916016,-31.47461700439453,0.0,0.1406032145023346,44.55081558227539,1,1,1,1,1,-43.991519927978516,159.7751007080078,10.85700798034668,-46.70109558105469,170.95132446289062,-40.77328109741211,raise,38,2025-11-18T16:17:01.530826,my_hand_data\videos\raise_seq38_20251118_161700_418336.avi,89.88411690229273,360,90,HIGH,VIDEO_RECORDING,2025-11-18T16:17:04.480546
2025-11-18 16:17:01.551479,101,1118,HandType.Right,0.8718175292015076,7.975816249847412,180.03370666503906,19.701997756958008,-0.155842587351799,-0.934069037437439,-0.32129132747650146,-38.663692474365234,108.62161254882812,-27.994123458862305,0.0,0.13846832513809204,44.64085006713867,1,1,1,1,1,-44.421443939208984,160.97853088378906,10.668371200561523,-47.15187072753906,172.26307678222656,-41.018638610839844,raise,38,2025-11-18T16:17:01.551479,my_hand_data\videos\raise_seq38_20251118_161700_418336.avi,89.88411690229273,360,90,HIGH,VIDEO_RECORDING,2025-11-18T16:17:04.480546
2025-11-18 16:17:01.551479,102,1118,HandType.Right,0.8725910782814026,7.517331600189209,181.20230102539062,19.332286834716797,-0.15310706198215485,-0.9335505962371826,-0.3241010308265686,-40.77230453491211,103.9218978881836,-32.87782287597656,0.0,0.1356954276561737,44.75409698486328,1,1,1,1,1,-44.88459014892578,162.12535095214844,10.47183609008789,-47.62472915649414,173.49868774414062,-41.302799224853516,raise,38,2025-11-18T16:17:01.551479,my_hand_data\videos\raise_seq38_20251118_161700_418336.avi,89.88411690229273,360,90,HIGH,VIDEO_RECORDING,2025-11-18T16:17:04.480546
2025-11-18 16:17:01.571984,103,1118,HandType.Right,0.8733204007148743,7.002963066101074,182.39390563964844,18.92384910583496,-0.15096096694469452,-0.9330857396125793,-0.32643795013427734,-46.629371643066406,108.02334594726562,-37.02642059326172,0.0,0.13477282226085663,44.82369613647461,1,1,1,1,1,-45.40187454223633,163.2766571044922,10.154374122619629,-48.12934494018555,174.77976989746094,-41.62959289550781,raise,38,2025-11-18T16:17:01.571984,my_hand_data\videos\raise_seq38_20251118_161700_418336.avi,89.88411690229273,360,90,HIGH,VIDEO_RECORDING,2025-11-18T16:17:04.480546
2025-11-18 16:17:01.571984,104,1118,HandType.Right,0.873916745185852,6.519061088562012,183.57191467285156,18.502214431762695,-0.1488463431596756,-0.9324512481689453,-0.3292103111743927,-43.9471321105957,106.98419189453125,-38.29206848144531,0.0,0.13239172101020813,44.92805099487305,1,1,1,1,1,-45.87933349609375,164.4037628173828,9.862043380737305,-48.624019622802734,176.0298614501953,-41.98604202270508,raise,38,2025-11-18T16:17:01.571984,my_hand_data\videos\raise_seq38_20251118_161700_418336.avi,89.88411690229273,360,90,HIGH,VIDEO_RECORDING,2025-11-18T16:17:04.480546
2025-11-18 16:17:01.592302,105,1118,HandType.Right,0.8747950196266174,6.073677062988281,184.71096801757812,18.18137550354004,-0.14698900282382965,-0.9320816993713379,-0.33108603954315186,-40.22616958618164,102.876708984375,-28.97758674621582,0.0,0.12930169701576233,45.038604736328125,1,1,1,1,1,-46.314292907714844,165.4672088623047,9.644664764404297,-49.11692428588867,177.24786376953125,-42.28383255004883,raise,38,2025-11-18T16:17:01.592302,my_hand_data\videos\raise_seq38_20251118_161700_418336.avi,89.88411690229273,360,90,HIGH,VIDEO_RECORDING,2025-11-18T16:17:04.480546
2025-11-18 16:17:01.602396,106,1118,HandType.Right,0.874983012676239,5.644709587097168,185.7909698486328,17.84449005126953,-0.14513680338859558,-0.9316883683204651,-0.3330046534538269,-38.534603118896484,97.01830291748047,-30.262723922729492,0.0,0.1264619380235672,45.16754913330078,1,1,1,1,1,-46.73413848876953,166.46722412109375,9.424524307250977,-49.57381057739258,178.42398071289062,-42.57022476196289,raise,38,2025-11-18T16:17:01.602396,my_hand_data\videos\raise_seq38_20251118_161700_418336.avi,89.88411690229273,360,90,HIGH,VIDEO_RECORDING,2025-11-18T16:17:04.480546
2025-11-18 16:17:01.612742,107,1118,HandType.Right,0.875477135181427,5.191575050354004,186.90924072265625,17.512191772460938,-0.1432923674583435,-0.9315950274467468,-0.3340628445148468,-40.567142486572266,100.1135482788086,-29.749238967895508,0.0,0.12434151023626328,45.24715042114258,1,1,1,1,1,-47.198516845703125,167.59799194335938,9.175751686096191,-50.04587173461914,179.66143798828125,-42.87612533569336,raise,38,2025-11-18T16:17:01.612742,my_hand_data\videos\raise_seq38_20251118_161700_418336.avi,89.88411690229273,360,90,HIGH,VIDEO_RECORDING,2025-11-18T16:17:04.480546
2025-11-18 16:17:01.622851,108,1118,HandType.Right,0.8760029077529907,4.801898956298828,188.0360565185547,17.22667121887207,-0.1428995579481125,-0.9312173128128052,-0.33528196811676025,-35.61935806274414,103.00032806396484,-26.098726272583008,0.0,0.11998586356639862,45.39006042480469,1,1,1,1,1,-47.59972381591797,168.7453155517578,9.044981002807617,-50.519691467285156,180.96920776367188,-43.12763214111328,raise,38,2025-11-18T16:17:01.622851,my_hand_data\videos\raise_seq38_20251118_161700_418336.avi,89.88411690229273,360,90,HIGH,VIDEO_RECORDING,2025-11-18T16:17:04.480546
2025-11-18 16:17:01.633254,109,1118,HandType.Right,0.8760029077529907,4.801898956298828,188.0360565185547,17.22667121887207,-0.1428995579481125,-0.9312173128128052,-0.33528196811676025,-35.61935806274414,103.00032806396484,-26.098726272583008,0.0,0.11998586356639862,45.39006042480469,1,1,1,1,1,-47.59972381591797,168.7453155517578,9.044981002807617,-50.519691467285156,180.96920776367188,-43.12763214111328,raise,38,2025-11-18T16:17:01.633254,my_hand_data\videos\raise_seq38_20251118_161700_418336.avi,89.88411690229273,360,90,HIGH,VIDEO_RECORDING,2025-11-18T16:17:04.480546
2025-11-18 16:17:01.653628,110,1118,HandType.Right,0.8770185112953186,3.5455853939056396,191.36599731445312,16.53683090209961,-0.14623479545116425,-0.9300603270530701,-0.33705076575279236,-39.088768005371094,101.51362609863281,-19.29967498779297,0.0,0.11303772777318954,45.63484191894531,1,1,1,1,1,-48.89036560058594,172.12451171875,8.762832641601562,-52.09941482543945,184.62481689453125,-43.58568572998047,raise,38,2025-11-18T16:17:01.653628,my_hand_data\videos\raise_seq38_20251118_161700_418336.avi,89.88411690229273,360,90,HIGH,VIDEO_RECORDING,2025-11-18T16:17:04.480546
2025-11-18 16:17:01.655489,111,1118,HandType.Right,0.8770185112953186,3.5455853939056396,191.36599731445312,16.53683090209961,-0.14623479545116425,-0.9300603270530701,-0.33705076575279236,-39.088768005371094,101.51362609863281,-19.29967498779297,0.0,0.11303772777318954,45.63484191894531,1,1,1,1,1,-48.89036560058594,172.12451171875,8.762832641601562,-52.09941482543945,184.62481689453125,-43.58568572998047,raise,38,2025-11-18T16:17:01.655489,my_hand_data\videos\raise_seq38_20251118_161700_418336.avi,89.88411690229273,360,90,HIGH,VIDEO_RECORDING,2025-11-18T16:17:04.480546
2025-11-18 16:17:01.674331,112,1118,HandType.Right,0.8772538304328918,3.0645265579223633,192.39549255371094,16.339092254638672,-0.14767852425575256,-0.9299201369285583,-0.3368079364299774,-43.07860565185547,92.1909408569336,-17.7073974609375,0.0,0.11029726266860962,45.70069122314453,1,1,1,1,1,-49.38496780395508,173.20880126953125,8.745953559875488,-52.6981201171875,185.77162170410156,-43.68655014038086,raise,38,2025-11-18T16:17:01.674331,my_hand_data\videos\raise_seq38_20251118_161700_418336.avi,89.88411690229273,360,90,HIGH,VIDEO_RECORDING,2025-11-18T16:17:04.480546
2025-11-18 16:17:01.674331,113,1118,HandType.Right,0.8776021003723145,2.518112897872925,193.48236083984375,16.15333366394043,-0.1484300196170807,-0.9298462271690369,-0.33668166399002075,-49.186588287353516,97.83677673339844,-16.72136116027832,0.0,0.10736240446567535,45.748939514160156,1,1,1,1,1,-49.91862106323242,174.35433959960938,8.686827659606934,-53.35393142700195,186.99459838867188,-43.8353271484375,raise,38,2025-11-18T16:17:01.674331,my_hand_data\videos\raise_seq38_20251118_161700_418336.avi,89.88411690229273,360,90,HIGH,VIDEO_RECORDING,2025-11-18T16:17:04.480546
2025-11-18 16:17:01.694977,114,1118,HandType.Right,0.8776553273200989,2.0088183879852295,194.62887573242188,15.910208702087402,-0.14991414546966553,-0.9299079179763794,-0.3358527421951294,-46.481197357177734,104.63821411132812,-22.189027786254883,0.0,0.1063888892531395,45.75843811035156,1,1,1,1,1,-50.4183349609375,175.5234375,8.549700736999512,-53.91266632080078,188.1553497314453,-44.01057434082031,raise,38,2025-11-18T16:17:01.694977,my_hand_data\videos\raise_seq38_20251118_161700_418336.avi,89.88411690229273,360,90,HIGH,VIDEO_RECORDING,2025-11-18T16:17:04.480546
2025-11-18 16:17:01.694977,115,1118,HandType.Right,0.8784242272377014,1.5544737577438354,195.67910766601562,15.745880126953125,-0.15089301764965057,-0.9300106763839722,-0.335129052400589,-40.51222610473633,93.6456298828125,-14.652570724487305,0.0,0.10302617400884628,45.82239532470703,1,1,1,1,1,-50.843101501464844,176.5817413330078,8.511624336242676,-54.518978118896484,189.3170166015625,-44.14250564575195,raise,38,2025-11-18T16:17:01.694977,my_hand_data\videos\raise_seq38_20251118_161700_418336.avi,89.88411690229273,360,90,HIGH,VIDEO_RECORDING,2025-11-18T16:17:04.480546
2025-11-18 16:17:01.715650,116,1118,HandType.Right,0.8784629106521606,1.112653136253357,196.73880004882812,15.585555076599121,-0.15118452906608582,-0.9299042224884033,-0.3352929949760437,-39.61806869506836,95.02225494384766,-14.376420021057129,0.0,0.0998549535870552,45.88826370239258,1,1,1,1,1,-51.26820755004883,177.65994262695312,8.478743553161621,-55.07869338989258,190.46331787109375,-44.27182388305664,raise,38,2025-11-18T16:17:01.715650,my_hand_data\videos\raise_seq38_20251118_161700_418336.avi,89.88411690229273,360,90,HIGH,VIDEO_RECORDING,2025-11-18T16:17:04.480546
2025-11-18 16:17:01.726396,117,1118,HandType.Right,0.8785350322723389,0.6399096846580505,197.76060485839844,15.409082412719727,-0.15081672370433807,-0.9299331307411194,-0.33537834882736206,-43.09420394897461,93.14590454101562,-16.086782455444336,0.0,0.09794523566961288,45.91104507446289,1,1,1,1,1,-51.74653244018555,178.72390747070312,8.376248359680176,-55.622589111328125,191.62652587890625,-44.424827575683594,raise,38,2025-11-18T16:17:01.726396,my_hand_data\videos\raise_seq38_20251118_161700_418336.avi,89.88411690229273,360,90,HIGH,VIDEO_RECORDING,2025-11-18T16:17:04.480546
2025-11-18 16:17:01.736540,118,1118,HandType.Right,0.879118800163269,0.1558191180229187,198.8914337158203,15.215873718261719,-0.15065151453018188,-0.9297705888748169,-0.3359028995037079,-43.29194641113281,101.12879943847656,-17.278553009033203,0.0,0.09623488038778305,45.916996002197266,1,1,1,1,1,-52.236793518066406,179.9638214111328,8.288520812988281,-56.162200927734375,192.8164520263672,-44.58685302734375,raise,38,2025-11-18T16:17:01.736540,my_hand_data\videos\raise_seq38_20251118_161700_418336.avi,89.88411690229273,360,90,HIGH,VIDEO_RECORDING,2025-11-18T16:17:04.480546
2025-11-18 16:17:01.746854,119,1118,HandType.Right,0.8795692920684814,-0.24467550218105316,200.0126190185547,15.120816230773926,-0.15185359120368958,-0.9294595122337341,-0.3362223207950592,-35.561588287353516,99.55461883544922,-8.440585136413574,0.0,0.09708341211080551,45.85470199584961,1,1,1,1,1,-52.652008056640625,181.14122009277344,8.229694366455078,-56.67152404785156,193.93446350097656,-44.61806869506836,raise,38,2025-11-18T16:17:01.746854,my_hand_data\videos\raise_seq38_20251118_161700_418336.avi,89.88411690229273,360,90,HIGH,VIDEO_RECORDING,2025-11-18T16:17:04.480546
2025-11-18 16:17:01.757384,120,1118,HandType.Right,0.8798184990882874,-0.607088565826416,201.16799926757812,14.993062019348145,-0.1532314270734787,-0.9291315078735352,-0.336503803730011,-32.8361930847168,104.68273162841797,-11.575029373168945,0.0,0.09783341735601425,45.838626861572266,1,1,1,1,1,-53.01569747924805,182.29833984375,8.227090835571289,-57.13684844970703,195.00563049316406,-44.59883499145508,raise,38,2025-11-18T16:17:01.757384,my_hand_data\videos\raise_seq38_20251118_161700_418336.avi,89.88411690229273,360,90,HIGH,VIDEO_RECORDING,2025-11-18T16:17:04.480546
2025-11-18 16:17:01.757384,121,1118,HandType.Right,0.8798184990882874,-0.607088565826416,201.16799926757812,14.993062019348145,-0.1532314270734787,-0.9291315078735352,-0.336503803730011,-32.8361930847168,104.68273162841797,-11.575029373168945,0.0,0.09783341735601425,45.838626861572266,1,1,1,1,1,-53.01569747924805,182.29833984375,8.227090835571289,-57.13684844970703,195.00563049316406,-44.59883499145508,raise,38,2025-11-18T16:17:01.757384,my_hand_data\videos\raise_seq38_20251118_161700_418336.avi,89.88411690229273,360,90,HIGH,VIDEO_RECORDING,2025-11-18T16:17:04.480546
2025-11-18 16:17:01.777673,122,1118,HandType.Right,0.8810263276100159,-1.2238763570785522,203.16026306152344,14.742266654968262,-0.1585323065519333,-0.9292872548103333,-0.33360555768013,-26.053241729736328,86.1013412475586,-10.261778831481934,0.0,0.09497130662202835,45.88872146606445,1,1,1,1,1,-53.77334213256836,184.3777618408203,8.207247734069824,-58.379249572753906,197.22389221191406,-44.65407943725586,raise,38,2025-11-18T16:17:01.777673,my_hand_data\videos\raise_seq38_20251118_161700_418336.avi,89.88411690229273,360,90,HIGH,VIDEO_RECORDING,2025-11-18T16:17:04.480546
2025-11-18 16:17:01.787927,123,1118,HandType.Right,0.8810263276100159,-1.2238763570785522,203.16026306152344,14.742266654968262,-0.1585323065519333,-0.9292872548103333,-0.33360555768013,-26.053241729736328,86.1013412475586,-10.261778831481934,0.0,0.09497130662202835,45.88872146606445,1,1,1,1,1,-53.77334213256836,184.3777618408203,8.207247734069824,-58.379249572753906,197.22389221191406,-44.65407943725586,raise,38,2025-11-18T16:17:01.787927,my_hand_data\videos\raise_seq38_20251118_161700_418336.avi,89.88411690229273,360,90,HIGH,VIDEO_RECORDING,2025-11-18T16:17:04.480546
2025-11-18 16:17:01.808675,124,1118,HandType.Right,0.8814271092414856,-1.7823522090911865,205.20387268066406,14.488917350769043,-0.16321517527103424,-0.9304496049880981,-0.32806146144866943,-22.791011810302734,93.65150451660156,-12.361311912536621,0.0,0.08766288310289383,46.07065200805664,1,1,1,1,1,-54.380435943603516,186.4424285888672,8.284745216369629,-59.42229461669922,199.34854125976562,-44.79910659790039,raise,38,2025-11-18T16:17:01.808675,my_hand_data\videos\raise_seq38_20251118_161700_418336.avi,89.88411690229273,360,90,HIGH,VIDEO_RECORDING,2025-11-18T16:17:04.480546
2025-11-18 16:17:01.808675,125,1118,HandType.Right,0.8812825679779053,-2.0244696140289307,206.26844787597656,14.339678764343262,-0.16467593610286713,-0.9309468269348145,-0.32591378688812256,-21.646621704101562,95.17868041992188,-13.342673301696777,0.0,0.08595456928014755,46.119747161865234,1,1,1,1,1,-54.631813049316406,187.45480346679688,8.28104019165039,-59.771480560302734,200.3071746826172,-44.870182037353516,raise,38,2025-11-18T16:17:01.808675,my_hand_data\videos\raise_seq38_20251118_161700_418336.avi,89.88411690229273,360,90,HIGH,VIDEO_RECORDING,2025-11-18T16:17:04.480546
2025-11-18 16:17:01.829075,126,1118,HandType.Right,0.8812412023544312,-2.257307291030884,207.30776977539062,14.189934730529785,-0.16583703458309174,-0.9315806031227112,-0.32350531220436096,-20.944284439086914,93.4894027709961,-13.469855308532715,0.0,0.0831432044506073,46.187278747558594,1,1,1,1,1,-54.857547760009766,188.46324157714844,8.274083137512207,-60.109073638916016,201.25991821289062,-44.98517608642578,raise,38,2025-11-18T16:17:01.829075,my_hand_data\videos\raise_seq38_20251118_161700_418336.avi,89.88411690229273,360,90,HIGH,VIDEO_RECORDING,2025-11-18T16:17:04.480546
2025-11-18 16:17:01.829075,127,1118,HandType.Right,0.8808023929595947,-2.4595446586608887,208.25885009765625,13.976022720336914,-0.166174978017807,-0.9319326877593994,-0.32231560349464417,-18.23929786682129,85.7756576538086,-19.292203903198242,0.0,0.08419525623321533,46.12654495239258,1,1,1,1,1,-55.12541961669922,189.47866821289062,8.126679420471191,-60.3658561706543,202.1147918701172,-45.13246536254883,raise,38,2025-11-18T16:17:01.829075,my_hand_data\videos\raise_seq38_20251118_161700_418336.avi,89.88411690229273,360,90,HIGH,VIDEO_RECORDING,2025-11-18T16:17:04.480546
2025-11-18 16:17:01.849537,128,1118,HandType.Right,0.880404531955719,-2.6560988426208496,209.18307495117188,13.733095169067383,-0.16562063992023468,-0.932297945022583,-0.32154369354248047,-17.807039260864258,83.7305679321289,-22.008302688598633,0.0,0.08449526876211166,46.09001922607422,1,1,1,1,1,-55.403194427490234,190.47665405273438,7.936703205108643,-60.61656951904297,203.0228271484375,-45.33512878417969,raise,38,2025-11-18T16:17:01.849537,my_hand_data\videos\raise_seq38_20251118_161700_418336.avi,89.88411690229273,360,90,HIGH,VIDEO_RECORDING,2025-11-18T16:17:04.480546
2025-11-18 16:17:01.859852,129,1118,HandType.Right,0.8801852464675903,-2.7924740314483643,210.21261596679688,13.569049835205078,-0.1653040498495102,-0.9327162504196167,-0.3204917907714844,-12.26837158203125,92.61881256103516,-14.757582664489746,0.0,0.08496184647083282,46.03987121582031,1,1,1,1,1,-55.612483978271484,191.55421447753906,7.825531005859375,-60.79679489135742,203.9469757080078,-45.470176696777344,raise,38,2025-11-18T16:17:01.859852,my_hand_data\videos\raise_seq38_20251118_161700_418336.avi,89.88411690229273,360,90,HIGH,VIDEO_RECORDING,2025-11-18T16:17:04.480546
2025-11-18 16:17:01.870142,130,1118,HandType.Right,0.8800506591796875,-2.9763574600219727,211.2577667236328,13.357096672058105,-0.1646110862493515,-0.9330833554267883,-0.3197791278362274,-16.443119049072266,93.45801544189453,-18.95314598083496,0.0,0.08538947999477386,46.01079559326172,1,1,1,1,1,-55.812110900878906,192.57984924316406,7.678093433380127,-61.01662063598633,204.8874969482422,-45.619041442871094,raise,38,2025-11-18T16:17:01.870142,my_hand_data\videos\raise_seq38_20251118_161700_418336.avi,89.88411690229273,360,90,HIGH,VIDEO_RECORDING,2025-11-18T16:17:04.480546
2025-11-18 16:17:01.870142,131,1118,HandType.Right,0.8798583745956421,-3.133878707885742,212.2862091064453,13.12093734741211,-0.16391417384147644,-0.9334683418273926,-0.3190125524997711,-14.30580997467041,93.40200805664062,-21.447593688964844,0.0,0.08450470864772797,46.02347183227539,1,1,1,1,1,-55.98684310913086,193.55772399902344,7.507778644561768,-61.224464416503906,205.8343048095703,-45.826515197753906,raise,38,2025-11-18T16:17:01.870142,my_hand_data\videos\raise_seq38_20251118_161700_418336.avi,89.88411690229273,360,90,HIGH,VIDEO_RECORDING,2025-11-18T16:17:04.480546
2025-11-18 16:17:01.890559,132,1118,HandType.Right,0.879692792892456,-3.2691636085510254,213.3034210205078,12.844732284545898,-0.16286800801753998,-0.9341557621955872,-0.31753265857696533,-12.071480751037598,90.76528930664062,-24.64579200744629,0.0,0.08202622830867767,46.070621490478516,1,1,1,1,1,-56.16340637207031,194.5390167236328,7.325258255004883,-61.47567367553711,206.8516387939453,-46.08620834350586,raise,38,2025-11-18T16:17:01.890559,my_hand_data\videos\raise_seq38_20251118_161700_418336.avi,89.88411690229273,360,90,HIGH,VIDEO_RECORDING,2025-11-18T16:17:04.480546
2025-11-18 16:17:01.900701,133,1118,HandType.Right,0.879618227481842,-3.405891180038452,214.261962890625,12.565136909484863,-0.1627105325460434,-0.9345862865447998,-0.3163444399833679,-12.614407539367676,88.4343490600586,-25.795257568359375,0.0,0.08093984425067902,46.08040237426758,1,1,1,1,1,-56.28254318237305,195.45938110351562,7.14423131942749,-61.704715728759766,207.70912170410156,-46.31047058105469,raise,38,2025-11-18T16:17:01.900701,my_hand_data\videos\raise_seq38_20251118_161700_418336.avi,89.88411690229273,360,90,HIGH,VIDEO_RECORDING,2025-11-18T16:17:04.480546
2025-11-18 16:17:01.910866,134,1118,HandType.Right,0.8799643516540527,-3.593902111053467,215.3328857421875,12.294781684875488,-0.1617996096611023,-0.935275137424469,-0.3147718906402588,-16.852888107299805,95.9959487915039,-24.234107971191406,0.0,0.08079277724027634,46.06336212158203,1,1,1,1,1,-56.461605072021484,196.48692321777344,6.978819847106934,-61.952693939208984,208.5622100830078,-46.514347076416016,raise,38,2025-11-18T16:17:01.910866,my_hand_data\videos\raise_seq38_20251118_161700_418336.avi,89.88411690229273,360,90,HIGH,VIDEO_RECORDING,2025-11-18T16:17:04.480546
2025-11-18 16:17:01.921117,135,1118,HandType.Right,0.8803706765174866,-3.776048421859741,216.40573120117188,12.030046463012695,-0.16072244942188263,-0.9361169934272766,-0.3128151595592499,-16.17496109008789,95.27024841308594,-23.508995056152344,0.0,0.08232548832893372,45.995994567871094,1,1,1,1,1,-56.66926574707031,197.51255798339844,6.756097793579102,-62.17734909057617,209.4318389892578,-46.711509704589844,raise,38,2025-11-18T16:17:01.921117,my_hand_data\videos\raise_seq38_20251118_161700_418336.avi,89.88411690229273,360,90,HIGH,VIDEO_RECORDING,2025-11-18T16:17:04.480546
2025-11-18 16:17:01.941985,136,1118,HandType.Right,0.8803272247314453,-3.9588005542755127,217.46209716796875,11.69724178314209,-0.15974149107933044,-0.9369361400604248,-0.31085893511772156,-16.436033248901367,95.0054931640625,-29.931163787841797,0.0,0.0807928815484047,46.050201416015625,1,1,1,1,1,-56.8433723449707,198.51153564453125,6.543438911437988,-62.415443420410156,210.43359375,-46.97515106201172,raise,38,2025-11-18T16:17:01.941985,my_hand_data\videos\raise_seq38_20251118_161700_418336.avi,89.88411690229273,360,90,HIGH,VIDEO_RECORDING,2025-11-18T16:17:04.480546
2025-11-18 16:17:01.941985,137,1118,HandType.Right,0.8803272247314453,-3.9588005542755127,217.46209716796875,11.69724178314209,-0.15974149107933044,-0.9369361400604248,-0.31085893511772156,-16.436033248901367,95.0054931640625,-29.931163787841797,0.0,0.0807928815484047,46.050201416015625,1,1,1,1,1,-56.8433723449707,198.51153564453125,6.543438911437988,-62.415443420410156,210.43359375,-46.97515106201172,raise,38,2025-11-18T16:17:01.941985,my_hand_data\videos\raise_seq38_20251118_161700_418336.avi,89.88411690229273,360,90,HIGH,VIDEO_RECORDING,2025-11-18T16:17:04.480546
2025-11-18 16:17:01.962326,138,1118,HandType.Right,0.8804454207420349,-4.297894477844238,219.82913208007812,11.097198486328125,-0.15930530428886414,-0.9379734396934509,-0.30794090032577515,-17.07666015625,111.44097137451172,-29.79753303527832,0.0,0.07842885702848434,46.14868927001953,1,1,1,1,1,-57.143516540527344,200.6678466796875,6.131319522857666,-62.89430618286133,212.6370849609375,-47.44757080078125,raise,38,2025-11-18T16:17:01.962326,my_hand_data\videos\raise_seq38_20251118_161700_418336.avi,89.88411690229273,360,90,HIGH,VIDEO_RECORDING,2025-11-18T16:17:04.480546
2025-11-18 16:17:01.962326,139,1118,HandType.Right,0.8804212808609009,-4.511912822723389,221.0589599609375,10.765307426452637,-0.1568058282136917,-0.9383392930030823,-0.3081092834472656,-19.570104598999023,112.45773315429688,-30.3485050201416,0.0,0.0773056223988533,46.16707992553711,1,1,1,1,1,-57.33993148803711,201.8446044921875,5.874606609344482,-63.19246292114258,213.8068084716797,-47.738006591796875,raise,38,2025-11-18T16:17:01.962326,my_hand_data\videos\raise_seq38_20251118_161700_418336.avi,89.88411690229273,360,90,HIGH,VIDEO_RECORDING,2025-11-18T16:17:04.480546
2025-11-18 16:17:01.983180,140,1118,HandType.Right,0.8803683519363403,-4.721550464630127,222.29945373535156,10.426105499267578,-0.1555442065000534,-0.938788652420044,-0.30737897753715515,-18.565139770507812,109.8548583984375,-30.03911590576172,0.0,0.07586855441331863,46.19213104248047,1,1,1,1,1,-57.53630065917969,203.08470153808594,5.614735126495361,-63.52046203613281,215.04727172851562,-48.03653335571289,raise,38,2025-11-18T16:17:01.983180,my_hand_data\videos\raise_seq38_20251118_161700_418336.avi,89.88411690229273,360,90,HIGH,VIDEO_RECORDING,2025-11-18T16:17:04.480546
2025-11-18 16:17:01.983180,141,1118,HandType.Right,0.8805715441703796,-4.917354583740234,223.5792694091797,10.10842227935791,-0.15389741957187653,-0.9390309453010559,-0.30746781826019287,-17.40169334411621,113.7421875,-28.233505249023438,0.0,0.07262454181909561,46.27959442138672,1,1,1,1,1,-57.720062255859375,204.38150024414062,5.465041637420654,-63.854312896728516,216.33941650390625,-48.29484939575195,raise,38,2025-11-18T16:17:01.983180,my_hand_data\videos\raise_seq38_20251118_161700_418336.avi,89.88411690229273,360,90,HIGH,VIDEO_RECORDING,2025-11-18T16:17:04.480546
2025-11-18 16:17:02.003466,142,1118,HandType.Right,0.8806697130203247,-5.1771345138549805,224.92071533203125,9.820513725280762,-0.15248368680477142,-0.9393136501312256,-0.30730870366096497,-22.960956573486328,118.56442260742188,-25.447086334228516,0.0,0.07051069289445877,46.33462905883789,1,1,1,1,1,-57.95795440673828,205.68980407714844,5.2691168785095215,-64.277099609375,217.67942810058594,-48.546531677246094,raise,38,2025-11-18T16:17:02.003466,my_hand_data\videos\raise_seq38_20251118_161700_418336.avi,89.88411690229273,360,90,HIGH,VIDEO_RECORDING,2025-11-18T16:17:04.480546
2025-11-18 16:17:02.013895,143,1118,HandType.Right,0.8807572722434998,-5.457380294799805,226.297119140625,9.504790306091309,-0.1516595333814621,-0.9394335150718689,-0.3073500692844391,-25.779178619384766,126.61265563964844,-29.042715072631836,0.0,0.0699467658996582,46.34001541137695,1,1,1,1,1,-58.23712921142578,207.03115844726562,5.012382984161377,-64.72830963134766,219.03224182128906,-48.803924560546875,raise,38,2025-11-18T16:17:02.013895,my_hand_data\videos\raise_seq38_20251118_161700_418336.avi,89.88411690229273,360,90,HIGH,VIDEO_RECORDING,2025-11-18T16:17:04.480546
2025-11-18 16:17:02.024186,144,1118,HandType.Right,0.8810118436813354,-5.803964614868164,227.57763671875,9.185009002685547,-0.1502232700586319,-0.9396430253982544,-0.3074149191379547,-31.689165115356445,117.08110046386719,-29.2385311126709,0.0,0.06597819179296494,46.42682647705078,1,1,1,1,1,-58.592323303222656,208.3137969970703,4.7640886306762695,-65.3047103881836,220.53785705566406,-49.129554748535156,raise,38,2025-11-18T16:17:02.024186,my_hand_data\videos\raise_seq38_20251118_161700_418336.avi,89.88411690229273,360,90,HIGH,VIDEO_RECORDING,2025-11-18T16:17:04.480546
2025-11-18 16:17:02.034483,145,1118,HandType.Right,0.880954921245575,-6.143531322479248,228.9358673095703,8.872241973876953,-0.15011414885520935,-0.9395627975463867,-0.30771341919898987,-30.52835464477539,122.11041259765625,-28.11888313293457,0.0,0.0626705065369606,46.52008056640625,1,1,1,1,1,-58.91263198852539,209.64524841308594,4.599110126495361,-65.7741928100586,221.88670349121094,-49.402774810791016,raise,38,2025-11-18T16:17:02.034483,my_hand_data\videos\raise_seq38_20251118_161700_418336.avi,89.88411690229273,360,90,HIGH,VIDEO_RECORDING,2025-11-18T16:17:04.480546
2025-11-18 16:17:02.045068,146,1118,HandType.Right,0.880954921245575,-6.143531322479248,228.9358673095703,8.872241973876953,-0.15011414885520935,-0.9395627975463867,-0.30771341919898987,-30.52835464477539,122.11041259765625,-28.11888313293457,0.0,0.0626705065369606,46.52008056640625,1,1,1,1,1,-58.91263198852539,209.64524841308594,4.599110126495361,-65.7741928100586,221.88670349121094,-49.402774810791016,raise,38,2025-11-18T16:17:02.045068,my_hand_data\videos\raise_seq38_20251118_161700_418336.avi,89.88411690229273,360,90,HIGH,VIDEO_RECORDING,2025-11-18T16:17:04.480546
2025-11-18 16:17:02.055459,147,1118,HandType.Right,0.8802512288093567,-6.924540042877197,231.8172607421875,8.1558837890625,-0.14807367324829102,-0.9398005604743958,-0.30797576904296875,-34.24367141723633,126.09125518798828,-31.510780334472656,0.0,0.05596698820590973,46.6888313293457,1,1,1,1,1,-59.65215301513672,212.52496337890625,4.1585564613342285,-66.74519348144531,224.8898468017578,-50.05306625366211,raise,38,2025-11-18T16:17:02.055459,my_hand_data\videos\raise_seq38_20251118_161700_418336.avi,89.88411690229273,360,90,HIGH,VIDEO_RECORDING,2025-11-18T16:17:04.480546
2025-11-18 16:17:02.065901,148,1118,HandType.Right,0.8805270195007324,-7.330195903778076,233.11436462402344,7.82873010635376,-0.14678014814853668,-0.9398854374885559,-0.3083357810974121,-37.10038375854492,118.63021850585938,-29.92073631286621,0.0,0.05521886423230171,46.7008056640625,1,1,1,1,1,-60.06516647338867,213.86639404296875,3.9273452758789062,-67.23246002197266,226.2744140625,-50.2984504699707,raise,38,2025-11-18T16:17:02.065901,my_hand_data\videos\raise_seq38_20251118_161700_418336.avi,89.88411690229273,360,90,HIGH,VIDEO_RECORDING,2025-11-18T16:17:04.480546
2025-11-18 16:17:02.086306,149,1118,HandType.Right,0.8805278539657593,-7.698617935180664,234.43971252441406,7.507857799530029,-0.14579248428344727,-0.939781904220581,-0.30911898612976074,-32.97431564331055,118.62065887451172,-28.718536376953125,0.0,0.05374003201723099,46.72261428833008,1,1,1,1,1,-60.45926284790039,215.19888305664062,3.6660404205322266,-67.77080535888672,227.73561096191406,-50.575584411621094,raise,38,2025-11-18T16:17:02.086306,my_hand_data\videos\raise_seq38_20251118_161700_418336.avi,89.88411690229273,360,90,HIGH,VIDEO_RECORDING,2025-11-18T16:17:04.480546
2025-11-18 16:17:02.090332,150,1118,HandType.Right,0.8805492520332336,-8.09177017211914,235.8323516845703,7.212033748626709,-0.14475560188293457,-0.9396086931228638,-0.31013116240501404,-35.476661682128906,125.66636657714844,-26.694143295288086,0.0,0.051314111799001694,46.73435974121094,1,1,1,1,1,-60.885250091552734,216.6054229736328,3.4836316108703613,-68.3143310546875,229.20755004882812,-50.82440948486328,raise,38,2025-11-18T16:17:02.090332,my_hand_data\videos\raise_seq38_20251118_161700_418336.avi,89.88411690229273,360,90,HIGH,VIDEO_RECORDING,2025-11-18T16:17:04.480546
2025-11-18 16:17:02.106902,151,1118,HandType.Right,0.880440890789032,-8.494889259338379,237.197021484375,6.909627437591553,-0.14399322867393494,-0.9396541118621826,-0.31034842133522034,-36.105587005615234,122.22675323486328,-27.085201263427734,0.0,0.04789172112941742,46.77571487426758,1,1,1,1,1,-61.283447265625,217.9461669921875,3.260334014892578,-68.90425109863281,230.8382110595703,-51.093021392822266,raise,38,2025-11-18T16:17:02.106902,my_hand_data\videos\raise_seq38_20251118_161700_418336.avi,89.88411690229273,360,90,HIGH,VIDEO_RECORDING,2025-11-18T16:17:04.480546
2025-11-18 16:17:02.106902,152,1118,HandType.Right,0.8805279731750488,-8.932112693786621,238.5237274169922,6.5448431968688965,-0.14409613609313965,-0.9396469593048096,-0.3103221654891968,-39.149635314941406,118.79635620117188,-32.66331481933594,0.0,0.046007465571165085,46.791446685791016,1,1,1,1,1,-61.710445404052734,219.2647705078125,2.9871416091918945,-69.55831146240234,232.38006591796875,-51.358707427978516,raise,38,2025-11-18T16:17:02.106902,my_hand_data\videos\raise_seq38_20251118_161700_418336.avi,89.88411690229273,360,90,HIGH,VIDEO_RECORDING,2025-11-18T16:17:04.480546
2025-11-18 16:17:02.126701,153,1118,HandType.Right,0.8803645372390747,-9.356666564941406,239.75656127929688,6.173923969268799,-0.14491087198257446,-0.9395483732223511,-0.31024134159088135,-37.9066047668457,110.07461547851562,-33.11780548095703,0.0,0.04481887444853783,46.82989501953125,1,1,1,1,1,-62.11256408691406,220.4923858642578,2.7350587844848633,-70.28887176513672,234.0169677734375,-51.50844192504883,raise,38,2025-11-18T16:17:02.126701,my_hand_data\videos\raise_seq38_20251118_161700_418336.avi,89.88411690229273,360,90,HIGH,VIDEO_RECORDING,2025-11-18T16:17:04.480546
2025-11-18 16:17:02.137078,154,1118,HandType.Right,0.8801140785217285,-9.820140838623047,241.02415466308594,5.854222297668457,-0.14698076248168945,-0.9393026828765869,-0.3100115656852722,-42.36128616333008,115.85719299316406,-29.220502853393555,0.0,0.0433846078813076,46.922760009765625,1,1,1,1,1,-62.54374313354492,221.7810821533203,2.5318450927734375,-70.99874114990234,235.68312072753906,-51.628074645996094,raise,38,2025-11-18T16:17:02.137078,my_hand_data\videos\raise_seq38_20251118_161700_418336.avi,89.88411690229273,360,90,HIGH,VIDEO_RECORDING,2025-11-18T16:17:04.480546
2025-11-18 16:17:02.147419,155,1118,HandType.Right,0.8800365924835205,-10.340084075927734,242.36370849609375,5.531928539276123,-0.14889024198055267,-0.9390701055526733,-0.3098048269748688,-46.43173599243164,119.62443542480469,-28.781356811523438,0.0,0.04080720990896225,46.98607635498047,1,1,1,1,1,-63.047245025634766,223.1692352294922,2.4080872535705566,-71.64688110351562,237.09710693359375,-51.823341369628906,raise,38,2025-11-18T16:17:02.147419,my_hand_data\videos\raise_seq38_20251118_161700_418336.avi,89.88411690229273,360,90,HIGH,VIDEO_RECORDING,2025-11-18T16:17:04.480546
2025-11-18 16:17:02.157693,156,1118,HandType.Right,0.879716157913208,-10.877341270446777,243.69859313964844,5.171659469604492,-0.15220452845096588,-0.939141571521759,-0.3079721927642822,-48.2537956237793,119.8918685913086,-32.35755920410156,0.0,0.04346787929534912,46.964942932128906,1,1,1,1,1,-63.58255386352539,224.5262908935547,2.115199327468872,-72.243408203125,238.4428253173828,-52.0091438293457,raise,38,2025-11-18T16:17:02.157693,my_hand_data\videos\raise_seq38_20251118_161700_418336.avi,89.88411690229273,360,90,HIGH,VIDEO_RECORDING,2025-11-18T16:17:04.480546
2025-11-18 16:17:02.168049,157,1118,HandType.Right,0.879325807094574,-11.436542510986328,244.85406494140625,4.83606481552124,-0.15305973589420319,-0.939123272895813,-0.3076038956642151,-51.01729965209961,105.41726684570312,-30.61716079711914,0.0,0.04521704465150833,46.93394088745117,1,1,1,1,1,-64.1225357055664,225.77842712402344,1.842219352722168,-72.87532043457031,239.6824493408203,-52.209983825683594,raise,38,2025-11-18T16:17:02.168049,my_hand_data\videos\raise_seq38_20251118_161700_418336.avi,89.88411690229273,360,90,HIGH,VIDEO_RECORDING,2025-11-18T16:17:04.480546
2025-11-18 16:17:02.178305,158,1118,HandType.Right,0.8786839246749878,-12.000155448913574,246.0979461669922,4.470511436462402,-0.15360748767852783,-0.9391855001449585,-0.30714064836502075,-50.358604431152344,111.13980102539062,-32.66204071044922,0.0,0.04630562663078308,46.877220153808594,1,1,1,1,1,-64.6836166381836,227.07583618164062,1.499108076095581,-73.50659942626953,240.9921417236328,-52.50224304199219,raise,38,2025-11-18T16:17:02.178305,my_hand_data\videos\raise_seq38_20251118_161700_418336.avi,89.88411690229273,360,90,HIGH,VIDEO_RECORDING,2025-11-18T16:17:04.480546
2025-11-18 16:17:02.188468,159,1118,HandType.Right,0.8780653476715088,-12.568071365356445,247.33828735351562,4.0619096755981445,-0.15388129651546478,-0.9391548037528992,-0.3070974051952362,-50.517364501953125,110.33126831054688,-36.34598159790039,0.0,0.04530692100524902,46.910213470458984,1,1,1,1,1,-65.22490692138672,228.3165740966797,1.183724045753479,-74.121337890625,242.35411071777344,-52.817134857177734,raise,38,2025-11-18T16:17:02.188468,my_hand_data\videos\raise_seq38_20251118_161700_418336.avi,89.88411690229273,360,90,HIGH,VIDEO_RECORDING,2025-11-18T16:17:04.480546
2025-11-18 16:17:02.209061,160,1118,HandType.Right,0.8775425553321838,-13.109925270080566,248.6045379638672,3.7135703563690186,-0.15450848639011383,-0.9388896822929382,-0.30759280920028687,-49.466243743896484,115.59661102294922,-31.800209045410156,0.0,0.04543612524867058,46.88212966918945,1,1,1,1,1,-65.76261138916016,229.61924743652344,0.8754236698150635,-74.73043823242188,243.616455078125,-53.120521545410156,raise,38,2025-11-18T16:17:02.209061,my_hand_data\videos\raise_seq38_20251118_161700_418336.avi,89.88411690229273,360,90,HIGH,VIDEO_RECORDING,2025-11-18T16:17:04.480546
2025-11-18 16:17:02.209061,161,1118,HandType.Right,0.8765177726745605,-13.62797737121582,249.86248779296875,3.385591983795166,-0.154381662607193,-0.9385202527046204,-0.30878156423568726,-46.090084075927734,111.91677856445312,-29.1795711517334,0.0,0.0455298088490963,46.82636260986328,1,1,1,1,1,-66.34962463378906,230.9910430908203,0.5628913640975952,-75.33409881591797,244.98789978027344,-53.428619384765625,raise,38,2025-11-18T16:17:02.209061,my_hand_data\videos\raise_seq38_20251118_161700_418336.avi,89.88411690229273,360,90,HIGH,VIDEO_RECORDING,2025-11-18T16:17:04.480546
2025-11-18 16:17:02.229502,162,1118,HandType.Right,0.8761404752731323,-14.16455364227295,251.04331970214844,3.0387566089630127,-0.1546008437871933,-0.9382422566413879,-0.30951574444770813,-48.3358154296875,106.3720703125,-31.243619918823242,0.0,0.0449354462325573,46.81278610229492,1,1,1,1,1,-66.91034698486328,232.17100524902344,0.2329852432012558,-75.94804382324219,246.3240203857422,-53.733787536621094,raise,38,2025-11-18T16:17:02.229502,my_hand_data\videos\raise_seq38_20251118_161700_418336.avi,89.88411690229273,360,90,HIGH,VIDEO_RECORDING,2025-11-18T16:17:04.480546
2025-11-18 16:17:02.229502,163,1118,HandType.Right,0.8761020302772522,-14.762235641479492,252.23367309570312,2.7009427547454834,-0.1543300747871399,-0.9377709627151489,-0.31107527017593384,-54.211517333984375,107.96865844726562,-30.640710830688477,0.0,0.04413247108459473,46.78510665893555,1,1,1,1,1,-67.52587890625,233.4562530517578,-0.05228258669376373,-76.67767333984375,247.71070861816406,-54.01097106933594,raise,38,2025-11-18T16:17:02.229502,my_hand_data\videos\raise_seq38_20251118_161700_418336.avi,89.88411690229273,360,90,HIGH,VIDEO_RECORDING,2025-11-18T16:17:04.480546
2025-11-18 16:17:02.249868,164,1118,HandType.Right,0.8757649064064026,-15.384121894836426,253.31690979003906,2.3149471282958984,-0.15341538190841675,-0.9374516606330872,-0.3124869763851166,-57.22182846069336,99.67271423339844,-35.51670455932617,0.0,0.04344005882740021,46.729248046875,1,1,1,1,1,-68.2127685546875,234.72491455078125,-0.3975238800048828,-77.38080596923828,249.0406951904297,-54.372802734375,raise,38,2025-11-18T16:17:02.249868,my_hand_data\videos\raise_seq38_20251118_161700_418336.avi,89.88411690229273,360,90,HIGH,VIDEO_RECORDING,2025-11-18T16:17:04.480546
2025-11-18 16:17:02.249868,165,1118,HandType.Right,0.8757449984550476,-15.949479103088379,254.5243377685547,1.9955894947052002,-0.15486542880535126,-0.9371933341026306,-0.3125465214252472,-50.45124816894531,107.74797058105469,-28.498809814453125,0.0,0.04293057322502136,46.6702995300293,1,1,1,1,1,-68.84520721435547,236.01760864257812,-0.7171509861946106,-78.14232635498047,250.41729736328125,-54.670692443847656,raise,38,2025-11-18T16:17:02.249868,my_hand_data\videos\raise_seq38_20251118_161700_418336.avi,89.88411690229273,360,90,HIGH,VIDEO_RECORDING,2025-11-18T16:17:04.480546
2025-11-18 16:17:02.270566,166,1118,HandType.Right,0.8753213286399841,-16.50747299194336,255.74453735351562,1.6679753065109253,-0.15581628680229187,-0.936811625957489,-0.31321755051612854,-49.860965728759766,109.03459167480469,-29.274791717529297,0.0,0.04645309969782829,46.58378601074219,1,1,1,1,1,-69.53584289550781,237.3737335205078,-1.0441299676895142,-78.79424285888672,251.7425079345703,-54.88108444213867,raise,38,2025-11-18T16:17:02.270566,my_hand_data\videos\raise_seq38_20251118_161700_418336.avi,89.88411690229273,360,90,HIGH,VIDEO_RECORDING,2025-11-18T16:17:04.480546
2025-11-18 16:17:02.281132,167,1118,HandType.Right,0.8750411868095398,-17.095962524414062,257.080810546875,1.3413749933242798,-0.1567736715078354,-0.9360721707344055,-0.3149458169937134,-53.15598678588867,120.69841003417969,-29.500530242919922,0.0,0.0466693751513958,46.57875061035156,1,1,1,1,1,-70.14388275146484,238.73806762695312,-1.3043545484542847,-79.5451889038086,253.22142028808594,-55.083831787109375,raise,38,2025-11-18T16:17:02.281132,my_hand_data\videos\raise_seq38_20251118_161700_418336.avi,89.88411690229273,360,90,HIGH,VIDEO_RECORDING,2025-11-18T16:17:04.480546
2025-11-18 16:17:02.291296,168,1118,HandType.Right,0.8751887083053589,-17.686878204345703,258.35992431640625,0.99074786901474,-0.15906935930252075,-0.9355838298797607,-0.315245658159256,-52.14112854003906,112.86798858642578,-30.938594818115234,0.0,0.045962247997522354,46.60343551635742,1,1,1,1,1,-70.7382583618164,240.0471954345703,-1.5797419548034668,-80.27578735351562,254.7315673828125,-55.31320571899414,raise,38,2025-11-18T16:17:02.291296,my_hand_data\videos\raise_seq38_20251118_161700_418336.avi,89.88411690229273,360,90,HIGH,VIDEO_RECORDING,2025-11-18T16:17:04.480546
2025-11-18 16:17:02.301806,169,1118,HandType.Right,0.8755359053611755,-18.276514053344727,259.4795837402344,0.7039008736610413,-0.1603599339723587,-0.9352964758872986,-0.31544435024261475,-53.41389083862305,101.4269027709961,-25.984872817993164,0.0,0.044774167239665985,46.6231575012207,1,1,1,1,1,-71.3020248413086,241.19508361816406,-1.8220269680023193,-80.96456909179688,256.0704040527344,-55.52935791015625,raise,38,2025-11-18T16:17:02.301806,my_hand_data\videos\raise_seq38_20251118_161700_418336.avi,89.88411690229273,360,90,HIGH,VIDEO_RECORDING,2025-11-18T16:17:04.480546
2025-11-18 16:17:02.312128,170,1118,HandType.Right,0.876205563545227,-18.834836959838867,260.54901123046875,0.4875449538230896,-0.16127154231071472,-0.9349416494369507,-0.3160310685634613,-50.96044921875,97.61145782470703,-19.74770736694336,0.0,0.04165139049291611,46.64543151855469,1,1,1,1,1,-71.85580444335938,242.32769775390625,-1.9705058336257935,-81.67124938964844,257.3973693847656,-55.71915817260742,raise,38,2025-11-18T16:17:02.312128,my_hand_data\videos\raise_seq38_20251118_161700_418336.avi,89.88411690229273,360,90,HIGH,VIDEO_RECORDING,2025-11-18T16:17:04.480546
2025-11-18 16:17:02.322314,171,1118,HandType.Right,0.8762568235397339,-19.3719482421875,261.5414123535156,0.27866315841674805,-0.1625637412071228,-0.9341451525688171,-0.3177197277545929,-48.23193359375,89.1168212890625,-18.757347106933594,0.0,0.042942631989717484,46.645755767822266,1,1,1,1,1,-72.38666534423828,243.3785858154297,-2.1725218296051025,-82.27283477783203,258.4290771484375,-55.864810943603516,raise,38,2025-11-18T16:17:02.322314,my_hand_data\videos\raise_seq38_20251118_161700_418336.avi,89.88411690229273,360,90,HIGH,VIDEO_RECORDING,2025-11-18T16:17:04.480546
2025-11-18 16:17:02.332692,172,1118,HandType.Right,0.8762568235397339,-19.3719482421875,261.5414123535156,0.27866315841674805,-0.1625637412071228,-0.9341451525688171,-0.3177197277545929,-48.23193359375,89.1168212890625,-18.757347106933594,0.0,0.042942631989717484,46.645755767822266,1,1,1,1,1,-72.38666534423828,243.3785858154297,-2.1725218296051025,-82.27283477783203,258.4290771484375,-55.864810943603516,raise,38,2025-11-18T16:17:02.332692,my_hand_data\videos\raise_seq38_20251118_161700_418336.avi,89.88411690229273,360,90,HIGH,VIDEO_RECORDING,2025-11-18T16:17:04.480546
2025-11-18 16:17:02.353333,173,1118,HandType.Right,0.8754810690879822,-20.460485458374023,263.4493713378906,-0.3142088055610657,-0.16527067124843597,-0.9329277276992798,-0.3198927938938141,-47.20405960083008,89.25497436523438,-27.448518753051758,0.0,0.04669757932424545,46.54657745361328,1,1,1,1,1,-73.48770141601562,245.6577911376953,-2.7178452014923096,-83.52849578857422,260.6508483886719,-56.256839752197266,raise,38,2025-11-18T16:17:02.353333,my_hand_data\videos\raise_seq38_20251118_161700_418336.avi,89.88411690229273,360,90,HIGH,VIDEO_RECORDING,2025-11-18T16:17:04.480546
2025-11-18 16:17:02.353333,174,1118,HandType.Right,0.8753383159637451,-20.94692611694336,264.4129638671875,-0.6159865260124207,-0.1667221039533615,-0.9325019717216492,-0.32038065791130066,-43.537044525146484,86.24292755126953,-27.009550094604492,0.0,0.049875225871801376,46.4775390625,1,1,1,1,1,-74.02210235595703,246.73681640625,-3.0337371826171875,-84.09858703613281,261.6694641113281,-56.462825775146484,raise,38,2025-11-18T16:17:02.353333,my_hand_data\videos\raise_seq38_20251118_161700_418336.avi,89.88411690229273,360,90,HIGH,VIDEO_RECORDING,2025-11-18T16:17:04.480546
2025-11-18 16:17:02.373882,175,1118,HandType.Right,0.8753631711006165,-21.4260196685791,265.3053894042969,-0.866340696811676,-0.16776393353939056,-0.9318467974662781,-0.3217402398586273,-43.212215423583984,80.49451446533203,-22.58087921142578,0.0,0.05340489372611046,46.385921478271484,1,1,1,1,1,-74.54032135009766,247.79066467285156,-3.3099353313446045,-84.65312194824219,262.6947326660156,-56.604801177978516,raise,38,2025-11-18T16:17:02.373882,my_hand_data\videos\raise_seq38_20251118_161700_418336.avi,89.88411690229273,360,90,HIGH,VIDEO_RECORDING,2025-11-18T16:17:04.480546
2025-11-18 16:17:02.373882,176,1118,HandType.Right,0.8752345442771912,-21.838090896606445,266.1596374511719,-1.100406289100647,-0.16922606527805328,-0.931230366230011,-0.3227577805519104,-36.83488464355469,76.35888671875,-20.922996520996094,0.0,0.05575396120548248,46.33177947998047,1,1,1,1,1,-75.0111312866211,248.74610900878906,-3.5421037673950195,-85.13087463378906,263.6597595214844,-56.74365997314453,raise,38,2025-11-18T16:17:02.373882,my_hand_data\videos\raise_seq38_20251118_161700_418336.avi,89.88411690229273,360,90,HIGH,VIDEO_RECORDING,2025-11-18T16:17:04.480546
2025-11-18 16:17:02.394673,177,1118,HandType.Right,0.8748236894607544,-22.262100219726562,266.90142822265625,-1.3778704404830933,-0.1695406436920166,-0.9308120608329773,-0.32379764318466187,-36.67262268066406,64.15890502929688,-23.997943878173828,0.0,0.056707147508859634,46.28331756591797,1,1,1,1,1,-75.46644592285156,249.65684509277344,-3.782914400100708,-85.58495330810547,264.5726623535156,-56.95114517211914,raise,38,2025-11-18T16:17:02.394673,my_hand_data\videos\raise_seq38_20251118_161700_418336.avi,89.88411690229273,360,90,HIGH,VIDEO_RECORDING,2025-11-18T16:17:04.480546
2025-11-18 16:17:02.394673,178,1118,HandType.Right,0.8750388622283936,-22.653533935546875,267.6708984375,-1.660988688468933,-0.1711897999048233,-0.9301877617835999,-0.3247227072715759,-36.858245849609375,72.45552825927734,-26.658958435058594,0.0,0.058151163160800934,46.21107482910156,1,1,1,1,1,-75.96234893798828,250.5850830078125,-4.057699680328369,-86.14537811279297,265.4245910644531,-57.182456970214844,raise,38,2025-11-18T16:17:02.394673,my_hand_data\videos\raise_seq38_20251118_161700_418336.avi,89.88411690229273,360,90,HIGH,VIDEO_RECORDING,2025-11-18T16:17:04.480546
2025-11-18 16:17:02.415137,179,1118,HandType.Right,0.8746755719184875,-23.02569007873535,268.4531555175781,-1.9515321254730225,-0.17250372469425201,-0.9297247529029846,-0.32535263895988464,-31.95020866394043,67.15850830078125,-24.943639755249023,0.0,0.060512345284223557,46.15045166015625,1,1,1,1,1,-76.3969497680664,251.44720458984375,-4.342790126800537,-86.59205627441406,266.2090148925781,-57.39540100097656,raise,38,2025-11-18T16:17:02.415137,my_hand_data\videos\raise_seq38_20251118_161700_418336.avi,89.88411690229273,360,90,HIGH,VIDEO_RECORDING,2025-11-18T16:17:04.480546
2025-11-18 16:17:02.425386,180,1118,HandType.Right,0.8743720650672913,-23.36762046813965,269.2366638183594,-2.218184232711792,-0.17395544052124023,-0.9292729496955872,-0.3258700966835022,-32.291015625,73.99066162109375,-25.181983947753906,0.0,0.06260480731725693,46.10685729980469,1,1,1,1,1,-76.77227020263672,252.255859375,-4.6064558029174805,-86.99994659423828,267.0035400390625,-57.57566833496094,raise,38,2025-11-18T16:17:02.425386,my_hand_data\videos\raise_seq38_20251118_161700_418336.avi,89.88411690229273,360,90,HIGH,VIDEO_RECORDING,2025-11-18T16:17:04.480546
2025-11-18 16:17:02.427500,181,1118,HandType.Right,0.8743720650672913,-23.36762046813965,269.2366638183594,-2.218184232711792,-0.17395544052124023,-0.9292729496955872,-0.3258700966835022,-32.291015625,73.99066162109375,-25.181983947753906,0.0,0.06260480731725693,46.10685729980469,1,1,1,1,1,-76.77227020263672,252.255859375,-4.6064558029174805,-86.99994659423828,267.0035400390625,-57.57566833496094,raise,38,2025-11-18T16:17:02.427500,my_hand_data\videos\raise_seq38_20251118_161700_418336.avi,89.88411690229273,360,90,HIGH,VIDEO_RECORDING,2025-11-18T16:17:04.480546
2025-11-18 16:17:02.445741,182,1118,HandType.Right,0.8736782670021057,-24.00636100769043,270.5600280761719,-2.7768068313598633,-0.17634573578834534,-0.928921103477478,-0.32558825612068176,-31.36847686767578,60.80354309082031,-26.90739631652832,0.0,0.06577811390161514,45.9910888671875,1,1,1,1,1,-77.51707458496094,253.7803955078125,-5.154899597167969,-87.73880004882812,268.5039367675781,-58.01350784301758,raise,38,2025-11-18T16:17:02.445741,my_hand_data\videos\raise_seq38_20251118_161700_418336.avi,89.88411690229273,360,90,HIGH,VIDEO_RECORDING,2025-11-18T16:17:04.480546
2025-11-18 16:17:02.456239,183,1118,HandType.Right,0.8731623888015747,-24.369306564331055,271.1127014160156,-3.0865910053253174,-0.1765187680721283,-0.9288714528083801,-0.3256361782550812,-32.21603012084961,49.05577087402344,-27.49726676940918,0.0,0.06590919196605682,45.9368896484375,1,1,1,1,1,-77.89761352539062,254.47576904296875,-5.456416130065918,-88.11253356933594,269.2815856933594,-58.29045104980469,raise,38,2025-11-18T16:17:02.456239,my_hand_data\videos\raise_seq38_20251118_161700_418336.avi,89.88411690229273,360,90,HIGH,VIDEO_RECORDING,2025-11-18T16:17:04.480546
2025-11-18 16:17:02.466386,184,1118,HandType.Right,0.8728006482124329,-24.7191219329834,271.7266540527344,-3.3535819053649902,-0.17732346057891846,-0.9287430047988892,-0.325565367937088,-31.216798782348633,54.788856506347656,-23.82571029663086,0.0,0.06659635901451111,45.92510986328125,1,1,1,1,1,-78.23522186279297,255.10525512695312,-5.72404670715332,-88.46308135986328,269.9527587890625,-58.51914596557617,raise,38,2025-11-18T16:17:02.466386,my_hand_data\videos\raise_seq38_20251118_161700_418336.avi,89.88411690229273,360,90,HIGH,VIDEO_RECORDING,2025-11-18T16:17:04.480546
2025-11-18 16:17:02.476685,185,1118,HandType.Right,0.8728006482124329,-24.7191219329834,271.7266540527344,-3.3535819053649902,-0.17732346057891846,-0.9287430047988892,-0.325565367937088,-31.216798782348633,54.788856506347656,-23.82571029663086,0.0,0.06659635901451111,45.92510986328125,1,1,1,1,1,-78.23522186279297,255.10525512695312,-5.72404670715332,-88.46308135986328,269.9527587890625,-58.51914596557617,raise,38,2025-11-18T16:17:02.476685,my_hand_data\videos\raise_seq38_20251118_161700_418336.avi,89.88411690229273,360,90,HIGH,VIDEO_RECORDING,2025-11-18T16:17:04.480546
2025-11-18 16:17:02.496895,186,1118,HandType.Right,0.8726471066474915,-25.37659454345703,272.9792175292969,-3.7793381214141846,-0.17931081354618073,-0.9282512068748474,-0.32587936520576477,-28.320159912109375,60.8532829284668,-16.05172348022461,0.0,0.06662102788686752,45.92577362060547,1,1,1,1,1,-78.9493637084961,256.3537292480469,-6.163421154022217,-89.20478057861328,271.3885498046875,-58.90565490722656,raise,38,2025-11-18T16:17:02.496895,my_hand_data\videos\raise_seq38_20251118_161700_418336.avi,89.88411690229273,360,90,HIGH,VIDEO_RECORDING,2025-11-18T16:17:04.480546
2025-11-18 16:17:02.501942,187,1118,HandType.Right,0.8727117776870728,-25.72203254699707,273.6423645019531,-3.9248526096343994,-0.18052561581134796,-0.9277141690254211,-0.326736718416214,-31.241596221923828,59.97645950317383,-13.160394668579102,0.0,0.06730123609304428,45.92698669433594,1,1,1,1,1,-79.2973861694336,257.0047912597656,-6.318725109100342,-89.615478515625,272.1212463378906,-59.00119400024414,raise,38,2025-11-18T16:17:02.501942,my_hand_data\videos\raise_seq38_20251118_161700_418336.avi,89.88411690229273,360,90,HIGH,VIDEO_RECORDING,2025-11-18T16:17:04.480546
2025-11-18 16:17:02.517452,188,1118,HandType.Right,0.8726422786712646,-26.1217041015625,274.212646484375,-4.116934776306152,-0.18130449950695038,-0.9273211359977722,-0.3274204730987549,-36.277652740478516,51.76462173461914,-17.43507957458496,0.0,0.06819982081651688,45.89143371582031,1,1,1,1,1,-79.7088851928711,257.66021728515625,-6.532655239105225,-90.05435180664062,272.85577392578125,-59.15219497680664,raise,38,2025-11-18T16:17:02.517452,my_hand_data\videos\raise_seq38_20251118_161700_418336.avi,89.88411690229273,360,90,HIGH,VIDEO_RECORDING,2025-11-18T16:17:04.480546
2025-11-18 16:17:02.517452,189,1118,HandType.Right,0.8726422786712646,-26.1217041015625,274.212646484375,-4.116934776306152,-0.18130449950695038,-0.9273211359977722,-0.3274204730987549,-36.277652740478516,51.76462173461914,-17.43507957458496,0.0,0.06819982081651688,45.89143371582031,1,1,1,1,1,-79.7088851928711,257.66021728515625,-6.532655239105225,-90.05435180664062,272.85577392578125,-59.15219497680664,raise,38,2025-11-18T16:17:02.517452,my_hand_data\videos\raise_seq38_20251118_161700_418336.avi,89.88411690229273,360,90,HIGH,VIDEO_RECORDING,2025-11-18T16:17:04.480546
2025-11-18 16:17:02.537991,190,1118,HandType.Right,0.871890127658844,-26.916580200195312,275.307373046875,-4.38633394241333,-0.1828789860010147,-0.9265232682228088,-0.32880064845085144,-35.4950065612793,52.1121826171875,-12.087960243225098,0.0,0.06827616691589355,45.87472915649414,1,1,1,1,1,-80.48468780517578,258.8473205566406,-6.799876689910889,-90.93506622314453,274.15203857421875,-59.36183166503906,raise,38,2025-11-18T16:17:02.537991,my_hand_data\videos\raise_seq38_20251118_161700_418336.avi,89.88411690229273,360,90,HIGH,VIDEO_RECORDING,2025-11-18T16:17:04.480546
2025-11-18 16:17:02.548354,191,1118,HandType.Right,0.8715569972991943,-27.361658096313477,275.9321594238281,-4.484877586364746,-0.1836104691028595,-0.9261709451675415,-0.3293851912021637,-40.07181930541992,56.25221633911133,-8.872183799743652,0.0,0.0681489109992981,45.84144592285156,1,1,1,1,1,-80.9180908203125,259.5196838378906,-6.899761199951172,-91.40895080566406,274.8328552246094,-59.454811096191406,raise,38,2025-11-18T16:17:02.548354,my_hand_data\videos\raise_seq38_20251118_161700_418336.avi,89.88411690229273,360,90,HIGH,VIDEO_RECORDING,2025-11-18T16:17:04.480546
2025-11-18 16:17:02.558760,192,1118,HandType.Right,0.8710476160049438,-27.810287475585938,276.57244873046875,-4.580152988433838,-0.18381933867931366,-0.9257583022117615,-0.3304270803928375,-40.23576354980469,57.4252815246582,-8.544876098632812,0.0,0.06885978579521179,45.804264068603516,1,1,1,1,1,-81.36936950683594,260.2002868652344,-6.99652099609375,-91.85525512695312,275.5041198730469,-59.52602005004883,raise,38,2025-11-18T16:17:02.558760,my_hand_data\videos\raise_seq38_20251118_161700_418336.avi,89.88411690229273,360,90,HIGH,VIDEO_RECORDING,2025-11-18T16:17:04.480546
2025-11-18 16:17:02.568961,193,1118,HandType.Right,0.8706603646278381,-28.227144241333008,277.2705078125,-4.65828275680542,-0.18461228907108307,-0.925143837928772,-0.33170339465141296,-37.24602508544922,62.37068176269531,-6.980889320373535,0.0,0.06996379047632217,45.798683166503906,1,1,1,1,1,-81.78021240234375,260.89654541015625,-7.085538387298584,-92.26776885986328,276.1934814453125,-59.57449722290039,raise,38,2025-11-18T16:17:02.568961,my_hand_data\videos\raise_seq38_20251118_161700_418336.avi,89.88411690229273,360,90,HIGH,VIDEO_RECORDING,2025-11-18T16:17:04.480546
2025-11-18 16:17:02.579311,194,1118,HandType.Right,0.8703203797340393,-28.63728141784668,277.96929931640625,-4.7300286293029785,-0.18498317897319794,-0.9248335957527161,-0.3323613405227661,-37.086307525634766,63.18741226196289,-6.487543106079102,0.0,0.07096882909536362,45.729515075683594,1,1,1,1,1,-82.22400665283203,261.7130126953125,-7.18222188949585,-92.70072174072266,276.981201171875,-59.64268112182617,raise,38,2025-11-18T16:17:02.579311,my_hand_data\videos\raise_seq38_20251118_161700_418336.avi,89.88411690229273,360,90,HIGH,VIDEO_RECORDING,2025-11-18T16:17:04.480546
2025-11-18 16:17:02.589475,195,1118,HandType.Right,0.8701973557472229,-29.025758743286133,278.7109375,-4.815629959106445,-0.185309499502182,-0.9243292808532715,-0.33358022570610046,-35.10231399536133,67.01318359375,-7.734818458557129,0.0,0.07231421023607254,45.64985656738281,1,1,1,1,1,-82.68553924560547,262.60546875,-7.291035175323486,-93.15172576904297,277.8358154296875,-59.7166633605957,raise,38,2025-11-18T16:17:02.589475,my_hand_data\videos\raise_seq38_20251118_161700_418336.avi,89.88411690229273,360,90,HIGH,VIDEO_RECORDING,2025-11-18T16:17:04.480546
2025-11-18 16:17:02.599595,196,1118,HandType.Right,0.8697386384010315,-29.498062133789062,279.4806213378906,-4.888943195343018,-0.1845748871564865,-0.92364501953125,-0.3358749449253082,-41.87461471557617,68.24140930175781,-6.499966621398926,0.0,0.07099726051092148,45.629642486572266,1,1,1,1,1,-83.13333129882812,263.4546813964844,-7.356415271759033,-93.66654205322266,278.8918151855469,-59.76439666748047,raise,38,2025-11-18T16:17:02.599595,my_hand_data\videos\raise_seq38_20251118_161700_418336.avi,89.88411690229273,360,90,HIGH,VIDEO_RECORDING,2025-11-18T16:17:04.480546
2025-11-18 16:17:02.609962,197,1118,HandType.Right,0.8697386384010315,-29.498062133789062,279.4806213378906,-4.888943195343018,-0.1845748871564865,-0.92364501953125,-0.3358749449253082,-41.87461471557617,68.24140930175781,-6.499966621398926,0.0,0.07099726051092148,45.629642486572266,1,1,1,1,1,-83.13333129882812,263.4546813964844,-7.356415271759033,-93.66654205322266,278.8918151855469,-59.76439666748047,raise,38,2025-11-18T16:17:02.609962,my_hand_data\videos\raise_seq38_20251118_161700_418336.avi,89.88411690229273,360,90,HIGH,VIDEO_RECORDING,2025-11-18T16:17:04.480546
2025-11-18 16:17:02.630721,198,1118,HandType.Right,0.8691256642341614,-30.507925033569336,281.0987548828125,-5.008589267730713,-0.1828913688659668,-0.92255038022995,-0.33978161215782166,-45.272178649902344,72.60903930664062,-4.160614490509033,0.0,0.07305777072906494,45.57870101928711,1,1,1,1,1,-84.11825561523438,265.08538818359375,-7.471348762512207,-94.69245147705078,280.5612487792969,-59.78241729736328,raise,38,2025-11-18T16:17:02.630721,my_hand_data\videos\raise_seq38_20251118_161700_418336.avi,89.88411690229273,360,90,HIGH,VIDEO_RECORDING,2025-11-18T16:17:04.480546
2025-11-18 16:17:02.630721,199,1118,HandType.Right,0.8686929941177368,-31.05799102783203,282.0233459472656,-5.072996139526367,-0.18342022597789764,-0.9220863580703735,-0.34075474739074707,-50.229644775390625,84.42998504638672,-5.88137674331665,0.0,0.07380528002977371,45.54949951171875,1,1,1,1,1,-84.63697052001953,266.0139465332031,-7.535917282104492,-95.236572265625,281.437744140625,-59.81951904296875,raise,38,2025-11-18T16:17:02.630721,my_hand_data\videos\raise_seq38_20251118_161700_418336.avi,89.88411690229273,360,90,HIGH,VIDEO_RECORDING,2025-11-18T16:17:04.480546
2025-11-18 16:17:02.651134,200,1118,HandType.Right,0.868259072303772,-31.624608993530273,282.9757385253906,-5.140264987945557,-0.1828068494796753,-0.9215778708457947,-0.3424556851387024,-51.22673416137695,86.10375213623047,-6.081650257110596,0.0,0.07480527460575104,45.513282775878906,1,1,1,1,1,-85.16036987304688,266.9887390136719,-7.592888355255127,-95.80721282958984,282.37847900390625,-59.835968017578125,raise,38,2025-11-18T16:17:02.651134,my_hand_data\videos\raise_seq38_20251118_161700_418336.avi,89.88411690229273,360,90,HIGH,VIDEO_RECORDING,2025-11-18T16:17:04.480546
2025-11-18 16:17:02.651134,201,1118,HandType.Right,0.8679655194282532,-32.161659240722656,283.9617004394531,-5.142348289489746,-0.18274502456188202,-0.921097993850708,-0.3437771499156952,-47.920833587646484,87.9786148071289,-0.18588116765022278,0.0,0.07652319967746735,45.40361022949219,1,1,1,1,1,-85.73383331298828,268.1300354003906,-7.613841533660889,-96.35253143310547,283.3838806152344,-59.829864501953125,raise,38,2025-11-18T16:17:02.651134,my_hand_data\videos\raise_seq38_20251118_161700_418336.avi,89.88411690229273,360,90,HIGH,VIDEO_RECORDING,2025-11-18T16:17:04.480546
2025-11-18 16:17:02.671587,202,1118,HandType.Right,0.8676398992538452,-32.688419342041016,284.9020690917969,-5.139013290405273,-0.1823519766330719,-0.9201779365539551,-0.3464394807815552,-46.97770309448242,83.86427307128906,0.2974163889884949,0.0,0.07792359590530396,45.336814880371094,1,1,1,1,1,-86.28469848632812,269.1358642578125,-7.648988246917725,-96.91184997558594,284.4464111328125,-59.79498291015625,raise,38,2025-11-18T16:17:02.671587,my_hand_data\videos\raise_seq38_20251118_161700_418336.avi,89.88411690229273,360,90,HIGH,VIDEO_RECORDING,2025-11-18T16:17:04.480546
2025-11-18 16:17:02.671587,203,1118,HandType.Right,0.8676398992538452,-32.688419342041016,284.9020690917969,-5.139013290405273,-0.1823519766330719,-0.9201779365539551,-0.3464394807815552,-46.97770309448242,83.86427307128906,0.2974163889884949,0.0,0.07792359590530396,45.336814880371094,1,1,1,1,1,-86.28469848632812,269.1358642578125,-7.648988246917725,-96.91184997558594,284.4464111328125,-59.79498291015625,raise,38,2025-11-18T16:17:02.671587,my_hand_data\videos\raise_seq38_20251118_161700_418336.avi,89.88411690229273,360,90,HIGH,VIDEO_RECORDING,2025-11-18T16:17:04.480546
2025-11-18 16:17:02.692212,204,1118,HandType.Right,0.8666684031486511,-33.68228530883789,286.8196105957031,-5.069729804992676,-0.1817360669374466,-0.918379545211792,-0.35149821639060974,-46.29100799560547,88.28823852539062,3.9867827892303467,0.0,0.08013859391212463,45.1551513671875,1,1,1,1,1,-87.39399719238281,271.32183837890625,-7.630882740020752,-98.02571105957031,286.7174377441406,-59.66819381713867,raise,38,2025-11-18T16:17:02.692212,my_hand_data\videos\raise_seq38_20251118_161700_418336.avi,89.88411690229273,360,90,HIGH,VIDEO_RECORDING,2025-11-18T16:17:04.480546
2025-11-18 16:17:02.702304,205,1118,HandType.Right,0.8663893342018127,-34.20676803588867,287.8447570800781,-4.98941707611084,-0.18095090985298157,-0.917449414730072,-0.3543209135532379,-47.21674346923828,92.28917694091797,7.230142116546631,0.0,0.08163361996412277,45.08293151855469,1,1,1,1,1,-87.9241714477539,272.4542236328125,-7.545439720153809,-98.57958221435547,287.7512512207031,-59.55290222167969,raise,38,2025-11-18T16:17:02.702304,my_hand_data\videos\raise_seq38_20251118_161700_418336.avi,89.88411690229273,360,90,HIGH,VIDEO_RECORDING,2025-11-18T16:17:04.480546
2025-11-18 16:17:02.712567,206,1118,HandType.Right,0.8663143515586853,-34.7694091796875,288.9300231933594,-4.9319047927856445,-0.18029406666755676,-0.9164786338806152,-0.3571567237377167,-50.1148681640625,96.66443634033203,5.122679233551025,0.0,0.0822063609957695,45.02511215209961,1,1,1,1,1,-88.50883483886719,273.5774841308594,-7.474445819854736,-99.18839263916016,288.8702087402344,-59.45698165893555,raise,38,2025-11-18T16:17:02.712567,my_hand_data\videos\raise_seq38_20251118_161700_418336.avi,89.88411690229273,360,90,HIGH,VIDEO_RECORDING,2025-11-18T16:17:04.480546
2025-11-18 16:17:02.723068,207,1118,HandType.Right,0.8658838272094727,-35.33538055419922,290.02239990234375,-4.809305667877197,-0.1795015186071396,-0.9156486988067627,-0.359675794839859,-51.49876403808594,99.3986587524414,11.155529975891113,0.0,0.0817616879940033,45.025325775146484,1,1,1,1,1,-89.07640838623047,274.6185607910156,-7.323033809661865,-99.76689147949219,289.9894714355469,-59.299869537353516,raise,38,2025-11-18T16:17:02.723068,my_hand_data\videos\raise_seq38_20251118_161700_418336.avi,89.88411690229273,360,90,HIGH,VIDEO_RECORDING,2025-11-18T16:17:04.480546
2025-11-18 16:17:02.733394,208,1118,HandType.Right,0.8655309677124023,-35.878883361816406,291.0630798339844,-4.723025798797607,-0.1801551729440689,-0.9150063991546631,-0.36098113656044006,-49.199378967285156,94.20458984375,7.810276508331299,0.0,0.0817231684923172,45.027122497558594,1,1,1,1,1,-89.64366912841797,275.5863952636719,-7.212544918060303,-100.31502532958984,291.0453186035156,-59.16688537597656,raise,38,2025-11-18T16:17:02.733394,my_hand_data\videos\raise_seq38_20251118_161700_418336.avi,89.88411690229273,360,90,HIGH,VIDEO_RECORDING,2025-11-18T16:17:04.480546
2025-11-18 16:17:02.743672,209,1118,HandType.Right,0.8655309677124023,-35.878883361816406,291.0630798339844,-4.723025798797607,-0.1801551729440689,-0.9150063991546631,-0.36098113656044006,-49.199378967285156,94.20458984375,7.810276508331299,0.0,0.0817231684923172,45.027122497558594,1,1,1,1,1,-89.64366912841797,275.5863952636719,-7.212544918060303,-100.31502532958984,291.0453186035156,-59.16688537597656,raise,38,2025-11-18T16:17:02.743672,my_hand_data\videos\raise_seq38_20251118_161700_418336.avi,89.88411690229273,360,90,HIGH,VIDEO_RECORDING,2025-11-18T16:17:04.480546
2025-11-18 16:17:02.764734,210,1118,HandType.Right,0.8642089366912842,-37.551876068115234,294.0797424316406,-4.521299362182617,-0.17763592302799225,-0.9132627844810486,-0.3666013777256012,-51.71434783935547,90.05778503417969,2.9539945125579834,0.0,0.07852165400981903,45.010223388671875,1,1,1,1,1,-91.2766342163086,278.6788024902344,-6.88450288772583,-102.00068664550781,294.39617919921875,-58.89364242553711,raise,38,2025-11-18T16:17:02.764734,my_hand_data\videos\raise_seq38_20251118_161700_418336.avi,89.88411690229273,360,90,HIGH,VIDEO_RECORDING,2025-11-18T16:17:04.480546
2025-11-18 16:17:02.764734,211,1118,HandType.Right,0.8642089366912842,-37.551876068115234,294.0797424316406,-4.521299362182617,-0.17763592302799225,-0.9132627844810486,-0.3666013777256012,-51.71434783935547,90.05778503417969,2.9539945125579834,0.0,0.07852165400981903,45.010223388671875,1,1,1,1,1,-91.2766342163086,278.6788024902344,-6.88450288772583,-102.00068664550781,294.39617919921875,-58.89364242553711,raise,38,2025-11-18T16:17:02.764734,my_hand_data\videos\raise_seq38_20251118_161700_418336.avi,89.88411690229273,360,90,HIGH,VIDEO_RECORDING,2025-11-18T16:17:04.480546
2025-11-18 16:17:02.785314,212,1118,HandType.Right,0.8641893267631531,-38.11250686645508,295.0670166015625,-4.496362209320068,-0.17763127386569977,-0.9128739237785339,-0.3675708472728729,-49.29054260253906,86.80062103271484,2.192492723464966,0.0,0.07956286519765854,44.966529846191406,1,1,1,1,1,-91.89054870605469,279.7095031738281,-6.830146312713623,-102.60721588134766,295.567138671875,-58.75496292114258,raise,38,2025-11-18T16:17:02.785314,my_hand_data\videos\raise_seq38_20251118_161700_418336.avi,89.88411690229273,360,90,HIGH,VIDEO_RECORDING,2025-11-18T16:17:04.480546
2025-11-18 16:17:02.785314,213,1118,HandType.Right,0.8638279438018799,-38.66273880004883,296.1754455566406,-4.488933086395264,-0.1779697686433792,-0.9121679067611694,-0.36915647983551025,-50.9192008972168,102.57307434082031,0.6874833703041077,0.0,0.08301077038049698,44.90267562866211,1,1,1,1,1,-92.53871154785156,280.9144592285156,-6.7546162605285645,-103.23873138427734,296.75592041015625,-58.55145263671875,raise,38,2025-11-18T16:17:02.785314,my_hand_data\videos\raise_seq38_20251118_161700_418336.avi,89.88411690229273,360,90,HIGH,VIDEO_RECORDING,2025-11-18T16:17:04.480546
2025-11-18 16:17:02.806155,214,1118,HandType.Right,0.8638772368431091,-39.19190216064453,297.3632507324219,-4.423491954803467,-0.1786254644393921,-0.910930871963501,-0.37188419699668884,-47.94438171386719,107.62223815917969,5.929256439208984,0.0,0.08627431094646454,44.84033203125,1,1,1,1,1,-93.08589172363281,282.2095642089844,-6.66304874420166,-103.77950286865234,297.9096374511719,-58.37152862548828,raise,38,2025-11-18T16:17:02.806155,my_hand_data\videos\raise_seq38_20251118_161700_418336.avi,89.88411690229273,360,90,HIGH,VIDEO_RECORDING,2025-11-18T16:17:04.480546
2025-11-18 16:17:02.806155,215,1118,HandType.Right,0.863592267036438,-39.71002197265625,298.6274108886719,-4.368842124938965,-0.18043844401836395,-0.9094560742378235,-0.3746086657047272,-46.62685775756836,113.76419830322266,4.91808557510376,0.0,0.08883434534072876,44.80432891845703,1,1,1,1,1,-93.61736297607422,283.50421142578125,-6.596843719482422,-104.3235092163086,299.1475524902344,-58.216392517089844,raise,38,2025-11-18T16:17:02.806155,my_hand_data\videos\raise_seq38_20251118_161700_418336.avi,89.88411690229273,360,90,HIGH,VIDEO_RECORDING,2025-11-18T16:17:04.480546
2025-11-18 16:17:02.826882,216,1118,HandType.Right,0.8629830479621887,-40.193336486816406,299.9419860839844,-4.320719242095947,-0.18232816457748413,-0.908298909664154,-0.37649646401405334,-42.79026794433594,116.38479614257812,4.260550022125244,0.0,0.0900554284453392,44.75944900512695,1,1,1,1,1,-94.15371704101562,284.90777587890625,-6.529110431671143,-104.8503646850586,300.5301208496094,-58.11241149902344,raise,38,2025-11-18T16:17:02.826882,my_hand_data\videos\raise_seq38_20251118_161700_418336.avi,89.88411690229273,360,90,HIGH,VIDEO_RECORDING,2025-11-18T16:17:04.480546
2025-11-18 16:17:02.837173,217,1118,HandType.Right,0.8626934885978699,-40.65729522705078,301.20062255859375,-4.307037353515625,-0.1838538497686386,-0.9073033928871155,-0.37815117835998535,-41.410240173339844,112.33942413330078,1.2211415767669678,0.0,0.08993282169103622,44.725730895996094,1,1,1,1,1,-94.65837097167969,286.3212585449219,-6.452821731567383,-105.44535827636719,302.0933532714844,-57.97965621948242,raise,38,2025-11-18T16:17:02.837173,my_hand_data\videos\raise_seq38_20251118_161700_418336.avi,89.88411690229273,360,90,HIGH,VIDEO_RECORDING,2025-11-18T16:17:04.480546
2025-11-18 16:17:02.837173,218,1118,HandType.Right,0.8625401258468628,-41.031707763671875,302.4425354003906,-4.21361780166626,-0.18604561686515808,-0.9065697193145752,-0.3788382411003113,-34.55583190917969,114.61972045898438,8.622041702270508,0.0,0.09059321135282516,44.67303466796875,1,1,1,1,1,-95.07550048828125,287.693359375,-6.33733606338501,-105.87609100341797,303.4380187988281,-57.84457015991211,raise,38,2025-11-18T16:17:02.837173,my_hand_data\videos\raise_seq38_20251118_161700_418336.avi,89.88411690229273,360,90,HIGH,VIDEO_RECORDING,2025-11-18T16:17:04.480546
2025-11-18 16:17:02.857678,219,1118,HandType.Right,0.8618495464324951,-41.4067497253418,303.6338806152344,-4.103829383850098,-0.18724514544010162,-0.9054268002510071,-0.38097450137138367,-33.527767181396484,106.50455474853516,9.814794540405273,0.0,0.09150739014148712,44.636680603027344,1,1,1,1,1,-95.4158935546875,288.9801025390625,-6.223844051361084,-106.29147338867188,304.827392578125,-57.650936126708984,raise,38,2025-11-18T16:17:02.857678,my_hand_data\videos\raise_seq38_20251118_161700_418336.avi,89.88411690229273,360,90,HIGH,VIDEO_RECORDING,2025-11-18T16:17:04.480546
2025-11-18 16:17:02.867761,220,1118,HandType.Right,0.8612789511680603,-41.836734771728516,304.8372497558594,-4.034674644470215,-0.18644404411315918,-0.9042271375656128,-0.38420289754867554,-38.89862823486328,108.86114501953125,6.256072521209717,0.0,0.09214316308498383,44.617149353027344,1,1,1,1,1,-95.7753677368164,290.18878173828125,-6.133523941040039,-106.78593444824219,306.1580810546875,-57.472328186035156,raise,38,2025-11-18T16:17:02.867761,my_hand_data\videos\raise_seq38_20251118_161700_418336.avi,89.88411690229273,360,90,HIGH,VIDEO_RECORDING,2025-11-18T16:17:04.480546
2025-11-18 16:17:02.878349,221,1118,HandType.Right,0.8612789511680603,-41.836734771728516,304.8372497558594,-4.034674644470215,-0.18644404411315918,-0.9042271375656128,-0.38420289754867554,-38.89862823486328,108.86114501953125,6.256072521209717,0.0,0.09214316308498383,44.617149353027344,1,1,1,1,1,-95.7753677368164,290.18878173828125,-6.133523941040039,-106.78593444824219,306.1580810546875,-57.472328186035156,raise,38,2025-11-18T16:17:02.878349,my_hand_data\videos\raise_seq38_20251118_161700_418336.avi,89.88411690229273,360,90,HIGH,VIDEO_RECORDING,2025-11-18T16:17:04.480546
2025-11-18 16:17:02.888539,222,1118,HandType.Right,0.8595547080039978,-42.543582916259766,307.282958984375,-3.9002366065979004,-0.18897277116775513,-0.9025376439094543,-0.386930376291275,-27.651885986328125,122.65425872802734,6.8165364265441895,0.0,0.0971280187368393,44.429534912109375,1,1,1,1,1,-96.55650329589844,292.908935546875,-6.00858211517334,-107.56407165527344,308.8762512207031,-57.15520477294922,raise,38,2025-11-18T16:17:02.888539,my_hand_data\videos\raise_seq38_20251118_161700_418336.avi,89.88411690229273,360,90,HIGH,VIDEO_RECORDING,2025-11-18T16:17:04.480546
2025-11-18 16:17:02.908925,223,1118,HandType.Right,0.8589591979980469,-42.8809814453125,308.56298828125,-3.8479931354522705,-0.18983109295368195,-0.9017400145530701,-0.3883671760559082,-29.776636123657227,112.96810150146484,4.610671043395996,0.0,0.09834994375705719,44.31312942504883,1,1,1,1,1,-96.96832275390625,294.51708984375,-5.905185699462891,-108.00336456298828,310.3583984375,-57.042118072509766,raise,38,2025-11-18T16:17:02.908925,my_hand_data\videos\raise_seq38_20251118_161700_418336.avi,89.88411690229273,360,90,HIGH,VIDEO_RECORDING,2025-11-18T16:17:04.480546
2025-11-18 16:17:02.913908,224,1118,HandType.Right,0.8582668900489807,-43.190711975097656,309.7416687011719,-3.8302223682403564,-0.19150736927986145,-0.9009904265403748,-0.3892829716205597,-28.16522216796875,107.18191528320312,1.6159776449203491,0.0,0.09917165338993073,44.27174758911133,1,1,1,1,1,-97.29403686523438,295.9095153808594,-5.83705997467041,-108.41251373291016,311.84716796875,-56.8996467590332,raise,38,2025-11-18T16:17:02.913908,my_hand_data\videos\raise_seq38_20251118_161700_418336.avi,89.88411690229273,360,90,HIGH,VIDEO_RECORDING,2025-11-18T16:17:04.480546
2025-11-18 16:17:02.929660,225,1118,HandType.Right,0.8579648733139038,-43.48723602294922,311.0577697753906,-3.7252039909362793,-0.19401469826698303,-0.8998698592185974,-0.3906309902667999,-26.94936180114746,119.61102294921875,9.544516563415527,0.0,0.10093169659376144,44.21037673950195,1,1,1,1,1,-97.59235382080078,297.2507019042969,-5.703032493591309,-108.7366943359375,313.0596618652344,-56.72795486450195,raise,38,2025-11-18T16:17:02.929660,my_hand_data\videos\raise_seq38_20251118_161700_418336.avi,89.88411690229273,360,90,HIGH,VIDEO_RECORDING,2025-11-18T16:17:04.480546
2025-11-18 16:17:02.931245,226,1118,HandType.Right,0.8575335741043091,-43.77079391479492,312.33221435546875,-3.596277952194214,-0.19426928460597992,-0.8988970518112183,-0.3927384614944458,-25.529382705688477,114.74280548095703,11.60762882232666,0.0,0.10103647410869598,44.16831970214844,1,1,1,1,1,-97.90678405761719,298.58465576171875,-5.581761837005615,-109.11652374267578,314.530517578125,-56.54996871948242,raise,38,2025-11-18T16:17:02.931245,my_hand_data\videos\raise_seq38_20251118_161700_418336.avi,89.88411690229273,360,90,HIGH,VIDEO_RECORDING,2025-11-18T16:17:04.480546
2025-11-18 16:17:02.950061,227,1118,HandType.Right,0.8568166494369507,-44.066375732421875,313.564697265625,-3.4574146270751953,-0.19295285642147064,-0.8976513743400574,-0.3962211608886719,-25.960397720336914,108.24486541748047,12.1959867477417,0.0,0.09921687096357346,44.212547302246094,1,1,1,1,1,-98.20169830322266,299.8978271484375,-5.430576324462891,-109.45053100585938,316.1167907714844,-56.386714935302734,raise,38,2025-11-18T16:17:02.950061,my_hand_data\videos\raise_seq38_20251118_161700_418336.avi,89.88411690229273,360,90,HIGH,VIDEO_RECORDING,2025-11-18T16:17:04.480546
2025-11-18 16:17:02.960274,228,1118,HandType.Right,0.8567734956741333,-44.4053955078125,314.9497985839844,-3.328517198562622,-0.1933990865945816,-0.8965268135070801,-0.3985428810119629,-30.845027923583984,126.02107238769531,11.727532386779785,0.0,0.10254788398742676,44.05480194091797,1,1,1,1,1,-98.65756225585938,301.4705505371094,-5.3020195960998535,-109.84548950195312,317.48406982421875,-56.206565856933594,raise,38,2025-11-18T16:17:02.960274,my_hand_data\videos\raise_seq38_20251118_161700_418336.avi,89.88411690229273,360,90,HIGH,VIDEO_RECORDING,2025-11-18T16:17:04.480546
2025-11-18 16:17:02.970657,229,1118,HandType.Right,0.8562736511230469,-44.67266082763672,316.32159423828125,-3.1603972911834717,-0.19394072890281677,-0.8949363231658936,-0.4018406569957733,-23.869535446166992,122.51451873779297,15.014723777770996,0.0,0.10462845116853714,43.95811080932617,1,1,1,1,1,-99.01498413085938,303.03765869140625,-5.135708332061768,-110.1690673828125,318.94537353515625,-56.008419036865234,raise,38,2025-11-18T16:17:02.970657,my_hand_data\videos\raise_seq38_20251118_161700_418336.avi,89.88411690229273,360,90,HIGH,VIDEO_RECORDING,2025-11-18T16:17:04.480546
2025-11-18 16:17:02.980961,230,1118,HandType.Right,0.8554010987281799,-44.9439811706543,317.72100830078125,-2.9952142238616943,-0.19589808583259583,-0.8935691118240356,-0.4039284586906433,-23.87118148803711,123.122802734375,14.533101081848145,0.0,0.10411801189184189,43.957725524902344,1,1,1,1,1,-99.35366821289062,304.5273742675781,-4.976295471191406,-110.51338958740234,320.561767578125,-55.8297233581543,raise,38,2025-11-18T16:17:02.980961,my_hand_data\videos\raise_seq38_20251118_161700_418336.avi,89.88411690229273,360,90,HIGH,VIDEO_RECORDING,2025-11-18T16:17:04.480546
2025-11-18 16:17:02.991491,231,1118,HandType.Right,0.8544824719429016,-45.17649459838867,319.26654052734375,-2.8241055011749268,-0.20081131160259247,-0.8918538689613342,-0.4053041338920593,-22.057844161987305,146.62379455566406,16.23267936706543,0.0,0.10796520113945007,43.80339431762695,1,1,1,1,1,-99.68476104736328,306.2440185546875,-4.814846038818359,-110.78740692138672,322.0724182128906,-55.606712341308594,raise,38,2025-11-18T16:17:02.991491,my_hand_data\videos\raise_seq38_20251118_161700_418336.avi,89.88411690229273,360,90,HIGH,VIDEO_RECORDING,2025-11-18T16:17:04.480546
2025-11-18 16:17:03.001690,232,1118,HandType.Right,0.8533472418785095,-45.385467529296875,320.82598876953125,-2.696925401687622,-0.20433259010314941,-0.8897853493690491,-0.40808114409446716,-18.447463989257812,137.6610565185547,11.227051734924316,0.0,0.109870046377182,43.73453140258789,1,1,1,1,1,-99.8875503540039,307.9508361816406,-4.67739200592041,-111.04222869873047,323.7347106933594,-55.40555191040039,raise,38,2025-11-18T16:17:03.001690,my_hand_data\videos\raise_seq38_20251118_161700_418336.avi,89.88411690229273,360,90,HIGH,VIDEO_RECORDING,2025-11-18T16:17:04.480546
2025-11-18 16:17:03.012099,233,1118,HandType.Right,0.8531504273414612,-45.59730911254883,322.2290954589844,-2.5525035858154297,-0.20547756552696228,-0.8877564668655396,-0.4119070768356323,-19.006025314331055,125.88471221923828,12.95727252960205,0.0,0.11026784777641296,43.67076873779297,1,1,1,1,1,-100.11316680908203,309.64300537109375,-4.51945161819458,-111.31012725830078,325.44744873046875,-55.22914505004883,raise,38,2025-11-18T16:17:03.012099,my_hand_data\videos\raise_seq38_20251118_161700_418336.avi,89.88411690229273,360,90,HIGH,VIDEO_RECORDING,2025-11-18T16:17:04.480546
2025-11-18 16:17:03.022308,234,1118,HandType.Right,0.852249801158905,-45.85480880737305,323.6022033691406,-2.460134983062744,-0.20724469423294067,-0.8863623142242432,-0.41401875019073486,-23.20889663696289,123.76021575927734,8.325251579284668,0.0,0.10851927101612091,43.7109260559082,1,1,1,1,1,-100.50305938720703,311.232421875,-4.407598495483398,-111.76060485839844,327.3795471191406,-55.07151794433594,raise,38,2025-11-18T16:17:03.022308,my_hand_data\videos\raise_seq38_20251118_161700_418336.avi,89.88411690229273,360,90,HIGH,VIDEO_RECORDING,2025-11-18T16:17:04.480546
2025-11-18 16:17:03.032818,235,1118,HandType.Right,0.8520601391792297,-46.07352828979492,324.8390197753906,-2.3040497303009033,-0.2096639722585678,-0.8849737644195557,-0.4157673418521881,-20.16559410095215,114.03482818603516,14.391054153442383,0.0,0.10783438384532928,43.68451690673828,1,1,1,1,1,-100.78675842285156,312.7453308105469,-4.198925971984863,-112.15045928955078,329.15167236328125,-54.78502655029297,raise,38,2025-11-18T16:17:03.032818,my_hand_data\videos\raise_seq38_20251118_161700_418336.avi,89.88411690229273,360,90,HIGH,VIDEO_RECORDING,2025-11-18T16:17:04.480546
2025-11-18 16:17:03.053256,236,1118,HandType.Right,0.8517041206359863,-46.281246185302734,326.0562744140625,-2.1729438304901123,-0.2105666995048523,-0.8837268352508545,-0.4179575741291046,-18.411649703979492,107.89248657226562,11.620800018310547,0.0,0.10382018983364105,43.76333999633789,1,1,1,1,1,-101.04402160644531,314.1711730957031,-4.009374141693115,-112.53243255615234,330.9587707519531,-54.60102081298828,raise,38,2025-11-18T16:17:03.053256,my_hand_data\videos\raise_seq38_20251118_161700_418336.avi,89.88411690229273,360,90,HIGH,VIDEO_RECORDING,2025-11-18T16:17:04.480546
2025-11-18 16:17:03.053256,237,1118,HandType.Right,0.851277768611908,-46.481605529785156,327.2969665527344,-2.01334285736084,-0.21323950588703156,-0.8815996646881104,-0.42108312249183655,-17.67930793762207,109.47505950927734,14.08284854888916,0.0,0.105811208486557,43.65959930419922,1,1,1,1,1,-101.23621368408203,315.7065124511719,-3.8472862243652344,-112.73228454589844,332.3960876464844,-54.396732330322266,raise,38,2025-11-18T16:17:03.053256,my_hand_data\videos\raise_seq38_20251118_161700_418336.avi,89.88411690229273,360,90,HIGH,VIDEO_RECORDING,2025-11-18T16:17:04.480546
2025-11-18 16:17:03.074056,238,1118,HandType.Right,0.850365161895752,-46.68846893310547,328.56585693359375,-1.8261991739273071,-0.21380887925624847,-0.8793556690216064,-0.4254637360572815,-18.912260055541992,116.00988006591797,17.109495162963867,0.0,0.10535930842161179,43.59373474121094,1,1,1,1,1,-101.44866943359375,317.23931884765625,-3.6362502574920654,-113.0660629272461,334.070556640625,-54.14385986328125,raise,38,2025-11-18T16:17:03.074056,my_hand_data\videos\raise_seq38_20251118_161700_418336.avi,89.88411690229273,360,90,HIGH,VIDEO_RECORDING,2025-11-18T16:17:04.480546
2025-11-18 16:17:03.077357,239,1118,HandType.Right,0.84928297996521,-46.85367965698242,329.9035949707031,-1.567705512046814,-0.21780087053775787,-0.8771517276763916,-0.42798081040382385,-15.12371826171875,122.45742797851562,23.66291046142578,0.0,0.11031325161457062,43.45720672607422,1,1,1,1,1,-101.59915924072266,318.725830078125,-3.3413026332855225,-113.23739624023438,335.42889404296875,-53.689697265625,raise,38,2025-11-18T16:17:03.077357,my_hand_data\videos\raise_seq38_20251118_161700_418336.avi,89.88411690229273,360,90,HIGH,VIDEO_RECORDING,2025-11-18T16:17:04.480546
2025-11-18 16:17:03.094824,240,1118,HandType.Right,0.8485873937606812,-46.98981475830078,331.1528625488281,-1.2803510427474976,-0.2199399173259735,-0.8747751712799072,-0.43173471093177795,-12.291078567504883,112.7898178100586,25.943883895874023,0.0,0.11081790924072266,43.39580154418945,1,1,1,1,1,-101.75389099121094,320.2646179199219,-3.033993721008301,-113.47432708740234,337.2216491699219,-53.2630615234375,raise,38,2025-11-18T16:17:03.094824,my_hand_data\videos\raise_seq38_20251118_161700_418336.avi,89.88411690229273,360,90,HIGH,VIDEO_RECORDING,2025-11-18T16:17:04.480546
2025-11-18 16:17:03.099764,241,1118,HandType.Right,0.8479663729667664,-47.14051818847656,332.4280700683594,-1.009981393814087,-0.2230309247970581,-0.8728809952735901,-0.4339768886566162,-13.43266773223877,113.66432189941406,24.099271774291992,0.0,0.1117740198969841,43.360435485839844,1,1,1,1,1,-101.9623794555664,321.65313720703125,-2.775692939758301,-113.69497680664062,338.90911865234375,-52.85496139526367,raise,38,2025-11-18T16:17:03.099764,my_hand_data\videos\raise_seq38_20251118_161700_418336.avi,89.88411690229273,360,90,HIGH,VIDEO_RECORDING,2025-11-18T16:17:04.480546
2025-11-18 16:17:03.121384,242,1118,HandType.Right,0.8464910387992859,-47.52705383300781,334.94976806640625,-0.5977523326873779,-0.227491095662117,-0.8700152039527893,-0.43740299344062805,-17.54203987121582,112.61338806152344,17.581283569335938,0.0,0.11147356778383255,43.30600357055664,1,1,1,1,1,-102.34236907958984,324.573486328125,-2.2386717796325684,-114.14144897460938,342.0964660644531,-52.206790924072266,raise,38,2025-11-18T16:17:03.121384,my_hand_data\videos\raise_seq38_20251118_161700_418336.avi,89.88411690229273,360,90,HIGH,VIDEO_RECORDING,2025-11-18T16:17:04.480546
2025-11-18 16:17:03.125409,243,1118,HandType.Right,0.8464910387992859,-47.52705383300781,334.94976806640625,-0.5977523326873779,-0.227491095662117,-0.8700152039527893,-0.43740299344062805,-17.54203987121582,112.61338806152344,17.581283569335938,0.0,0.11147356778383255,43.30600357055664,1,1,1,1,1,-102.34236907958984,324.573486328125,-2.2386717796325684,-114.14144897460938,342.0964660644531,-52.206790924072266,raise,38,2025-11-18T16:17:03.125409,my_hand_data\videos\raise_seq38_20251118_161700_418336.avi,89.88411690229273,360,90,HIGH,VIDEO_RECORDING,2025-11-18T16:17:04.480546
2025-11-18 16:17:03.135898,244,1118,HandType.Right,0.8461860418319702,-47.64865493774414,336.214111328125,-0.4136582016944885,-0.23049233853816986,-0.8683962225914001,-0.43904584646224976,-10.740270614624023,111.67080688476562,16.259857177734375,0.0,0.11399028450250626,43.15314483642578,1,1,1,1,1,-102.51720428466797,326.1618347167969,-2.058915853500366,-114.34754943847656,343.7618713378906,-51.88945007324219,raise,38,2025-11-18T16:17:03.135898,my_hand_data\videos\raise_seq38_20251118_161700_418336.avi,89.88411690229273,360,90,HIGH,VIDEO_RECORDING,2025-11-18T16:17:04.480546
2025-11-18 16:17:03.145955,245,1118,HandType.Right,0.8459278345108032,-47.78095626831055,337.532470703125,-0.25405922532081604,-0.23191778361797333,-0.8669602274894714,-0.4411281645298004,-12.021807670593262,119.79756927490234,14.50240707397461,0.0,0.11506455391645432,43.09440231323242,1,1,1,1,1,-102.7200927734375,327.6393127441406,-1.8861117362976074,-114.56153869628906,345.3507385253906,-51.63143539428711,raise,38,2025-11-18T16:17:03.145955,my_hand_data\videos\raise_seq38_20251118_161700_418336.avi,89.88411690229273,360,90,HIGH,VIDEO_RECORDING,2025-11-18T16:17:04.480546
2025-11-18 16:17:03.156181,246,1118,HandType.Right,0.8459278345108032,-47.78095626831055,337.532470703125,-0.25405922532081604,-0.23191778361797333,-0.8669602274894714,-0.4411281645298004,-12.021807670593262,119.79756927490234,14.50240707397461,0.0,0.11506455391645432,43.09440231323242,1,1,1,1,1,-102.7200927734375,327.6393127441406,-1.8861117362976074,-114.56153869628906,345.3507385253906,-51.63143539428711,raise,38,2025-11-18T16:17:03.156181,my_hand_data\videos\raise_seq38_20251118_161700_418336.avi,89.88411690229273,360,90,HIGH,VIDEO_RECORDING,2025-11-18T16:17:04.480546
2025-11-18 16:17:03.166284,247,1118,HandType.Right,0.8453197479248047,-47.91492462158203,340.1142578125,-0.05713574215769768,-0.23764699697494507,-0.8640421032905579,-0.4437962770462036,-5.294487476348877,116.98786163330078,8.080283164978027,0.0,0.11795073002576828,43.03852844238281,1,1,1,1,1,-102.93573760986328,330.4488220214844,-1.6324957609176636,-114.82654571533203,348.3728942871094,-51.19557571411133,raise,38,2025-11-18T16:17:03.166284,my_hand_data\videos\raise_seq38_20251118_161700_418336.avi,89.88411690229273,360,90,HIGH,VIDEO_RECORDING,2025-11-18T16:17:04.480546
2025-11-18 16:17:03.186375,248,1118,HandType.Right,0.8446741104125977,-47.95793914794922,341.31011962890625,0.058549053966999054,-0.2392573058605194,-0.862707257270813,-0.44552457332611084,-3.840716600418091,106.77384185791016,10.328999519348145,0.0,0.11449175328016281,43.10841369628906,1,1,1,1,1,-102.97621154785156,331.78125,-1.4993343353271484,-114.9864273071289,350.1350402832031,-51.02459716796875,raise,38,2025-11-18T16:17:03.186375,my_hand_data\videos\raise_seq38_20251118_161700_418336.avi,89.88411690229273,360,90,HIGH,VIDEO_RECORDING,2025-11-18T16:17:04.480546
2025-11-18 16:17:03.192401,249,1118,HandType.Right,0.8445639610290527,-47.9947624206543,342.3725891113281,0.25845861434936523,-0.24033606052398682,-0.8614693880081177,-0.44733554124832153,-3.2689340114593506,94.32364654541016,17.74765396118164,0.0,0.11200228333473206,43.13499450683594,1,1,1,1,1,-103.01275634765625,333.1114196777344,-1.1865580081939697,-115.13581848144531,351.5455627441406,-50.75537872314453,raise,38,2025-11-18T16:17:03.192401,my_hand_data\videos\raise_seq38_20251118_161700_418336.avi,89.88411690229273,360,90,HIGH,VIDEO_RECORDING,2025-11-18T16:17:04.480546
2025-11-18 16:17:03.206475,250,1118,HandType.Right,0.8441290259361267,-48.05060958862305,343.423583984375,0.46130838990211487,-0.2406284511089325,-0.8600277304649353,-0.44994473457336426,-5.026829719543457,94.59942626953125,18.258304595947266,0.0,0.11449979990720749,43.02623748779297,1,1,1,1,1,-103.08289337158203,334.41339111328125,-0.918487548828125,-115.26178741455078,352.79547119140625,-50.39280319213867,raise,38,2025-11-18T16:17:03.206475,my_hand_data\videos\raise_seq38_20251118_161700_418336.avi,89.88411690229273,360,90,HIGH,VIDEO_RECORDING,2025-11-18T16:17:04.480546
2025-11-18 16:17:03.211970,251,1118,HandType.Right,0.8432922959327698,-48.101715087890625,344.5083312988281,0.6542847752571106,-0.24178165197372437,-0.8587369918823242,-0.4517880380153656,-4.5859904289245605,97.34068298339844,17.316617965698242,0.0,0.11174505949020386,43.093135833740234,1,1,1,1,1,-103.10177612304688,335.52325439453125,-0.6467676758766174,-115.4431381225586,354.1053466796875,-50.116668701171875,raise,38,2025-11-18T16:17:03.211970,my_hand_data\videos\raise_seq38_20251118_161700_418336.avi,89.88411690229273,360,90,HIGH,VIDEO_RECORDING,2025-11-18T16:17:04.480546
2025-11-18 16:17:03.226883,252,1118,HandType.Right,0.842536211013794,-48.144737243652344,345.6441955566406,0.8170061111450195,-0.24322561919689178,-0.8575621247291565,-0.4532422125339508,-3.880228042602539,102.44078063964844,14.675445556640625,0.0,0.11112930625677109,43.12004089355469,1,1,1,1,1,-103.1506576538086,336.66552734375,-0.45345908403396606,-115.54554748535156,355.4267578125,-49.869815826416016,raise,38,2025-11-18T16:17:03.226883,my_hand_data\videos\raise_seq38_20251118_161700_418336.avi,89.88411690229273,360,90,HIGH,VIDEO_RECORDING,2025-11-18T16:17:04.480546
2025-11-18 16:17:03.231482,253,1118,HandType.Right,0.842536211013794,-48.144737243652344,345.6441955566406,0.8170061111450195,-0.24322561919689178,-0.8575621247291565,-0.4532422125339508,-3.880228042602539,102.44078063964844,14.675445556640625,0.0,0.11112930625677109,43.12004089355469,1,1,1,1,1,-103.1506576538086,336.66552734375,-0.45345908403396606,-115.54554748535156,355.4267578125,-49.869815826416016,raise,38,2025-11-18T16:17:03.231482,my_hand_data\videos\raise_seq38_20251118_161700_418336.avi,89.88411690229273,360,90,HIGH,VIDEO_RECORDING,2025-11-18T16:17:04.480546
2025-11-18 16:17:03.247683,254,1118,HandType.Right,0.8414556384086609,-48.49491500854492,347.8856506347656,1.143198847770691,-0.2433975487947464,-0.8542565703392029,-0.45935094356536865,-15.626644134521484,94.60289764404297,15.291372299194336,0.0,0.10775776207447052,43.14152145385742,1,1,1,1,1,-103.47114562988281,339.01824951171875,-0.12662261724472046,-116.08430480957031,358.5029602050781,-49.357791900634766,raise,38,2025-11-18T16:17:03.247683,my_hand_data\videos\raise_seq38_20251118_161700_418336.avi,89.88411690229273,360,90,HIGH,VIDEO_RECORDING,2025-11-18T16:17:04.480546
2025-11-18 16:17:03.257772,255,1118,HandType.Right,0.841081976890564,-48.68033218383789,348.94976806640625,1.3266735076904297,-0.24362893402576447,-0.8530672192573547,-0.4614339768886566,-17.428258895874023,100.0201644897461,17.2454776763916,0.0,0.1057344302535057,43.1497688293457,1,1,1,1,1,-103.63320922851562,340.2030944824219,0.10802969336509705,-116.32931518554688,359.9300537109375,-49.085693359375,raise,38,2025-11-18T16:17:03.257772,my_hand_data\videos\raise_seq38_20251118_161700_418336.avi,89.88411690229273,360,90,HIGH,VIDEO_RECORDING,2025-11-18T16:17:04.480546
2025-11-18 16:17:03.267864,256,1118,HandType.Right,0.8409885168075562,-48.85183334350586,349.9649658203125,1.5076624155044556,-0.24474947154521942,-0.8520010709762573,-0.4628087282180786,-15.264894485473633,90.35955047607422,16.1093807220459,0.0,0.10599886626005173,43.10551071166992,1,1,1,1,1,-103.81098937988281,341.3818359375,0.35470259189605713,-116.55864715576172,361.07452392578125,-48.8248291015625,raise,38,2025-11-18T16:17:03.267864,my_hand_data\videos\raise_seq38_20251118_161700_418336.avi,89.88411690229273,360,90,HIGH,VIDEO_RECORDING,2025-11-18T16:17:04.480546
2025-11-18 16:17:03.277558,257,1118,HandType.Right,0.840858519077301,-48.97444534301758,350.976318359375,1.7208932638168335,-0.24731546640396118,-0.8509164452552795,-0.46343958377838135,-10.876714706420898,89.71610260009766,18.915185928344727,0.0,0.10800284892320633,43.0838623046875,1,1,1,1,1,-103.91442108154297,342.3962707519531,0.5535157322883606,-116.6685562133789,362.03619384765625,-48.553497314453125,raise,38,2025-11-18T16:17:03.277558,my_hand_data\videos\raise_seq38_20251118_161700_418336.avi,89.88411690229273,360,90,HIGH,VIDEO_RECORDING,2025-11-18T16:17:04.480546
2025-11-18 16:17:03.297843,258,1118,HandType.Right,0.8401432633399963,-49.21282196044922,352.9955139160156,2.242454767227173,-0.2480870485305786,-0.8491721749305725,-0.46621817350387573,-16.29239273071289,96.2903060913086,25.041826248168945,0.0,0.10217799246311188,42.9619026184082,1,1,1,1,1,-104.18804931640625,344.7613220214844,1.2515373229980469,-117.14503479003906,364.5484619140625,-47.98276138305664,raise,38,2025-11-18T16:17:03.297843,my_hand_data\videos\raise_seq38_20251118_161700_418336.avi,89.88411690229273,360,90,HIGH,VIDEO_RECORDING,2025-11-18T16:17:04.480546
2025-11-18 16:17:03.298860,259,1118,HandType.Right,0.8401432633399963,-49.21282196044922,352.9955139160156,2.242454767227173,-0.2480870485305786,-0.8491721749305725,-0.46621817350387573,-16.29239273071289,96.2903060913086,25.041826248168945,0.0,0.10217799246311188,42.9619026184082,1,1,1,1,1,-104.18804931640625,344.7613220214844,1.2515373229980469,-117.14503479003906,364.5484619140625,-47.98276138305664,raise,38,2025-11-18T16:17:03.298860,my_hand_data\videos\raise_seq38_20251118_161700_418336.avi,89.88411690229273,360,90,HIGH,VIDEO_RECORDING,2025-11-18T16:17:04.480546
2025-11-18 16:17:03.318450,260,1118,HandType.Right,0.8394652605056763,-49.40690231323242,354.04815673828125,2.5186941623687744,-0.2480684518814087,-0.8477477431297302,-0.4688131511211395,-17.378341674804688,94.25411224365234,24.734914779663086,0.0,0.10042285919189453,42.97501754760742,1,1,1,1,1,-104.38134002685547,345.8798828125,1.6667903661727905,-117.40851593017578,365.7447814941406,-47.5931396484375,raise,38,2025-11-18T16:17:03.318450,my_hand_data\videos\raise_seq38_20251118_161700_418336.avi,89.88411690229273,360,90,HIGH,VIDEO_RECORDING,2025-11-18T16:17:04.480546
2025-11-18 16:17:03.322470,261,1118,HandType.Right,0.838888943195343,-49.5721549987793,355.218994140625,2.7707149982452393,-0.24947528541088104,-0.8466691374778748,-0.4700143039226532,-14.936022758483887,105.82582092285156,22.778446197509766,0.0,0.10117996484041214,42.9044303894043,1,1,1,1,1,-104.58915710449219,347.2200622558594,2.0777974128723145,-117.67457580566406,366.9297790527344,-47.19134521484375,raise,38,2025-11-18T16:17:03.322470,my_hand_data\videos\raise_seq38_20251118_161700_418336.avi,89.88411690229273,360,90,HIGH,VIDEO_RECORDING,2025-11-18T16:17:04.480546
2025-11-18 16:17:03.338749,262,1118,HandType.Right,0.8384782075881958,-49.70226287841797,356.33367919921875,3.0662503242492676,-0.2514294683933258,-0.8451743125915527,-0.47166046500205994,-11.660563468933105,99.90031433105469,26.486413955688477,0.0,0.10274221748113632,42.86848449707031,1,1,1,1,1,-104.74561309814453,348.3988342285156,2.449558973312378,-117.87776947021484,367.99359130859375,-46.786746978759766,raise,38,2025-11-18T16:17:03.338749,my_hand_data\videos\raise_seq38_20251118_161700_418336.avi,89.88411690229273,360,90,HIGH,VIDEO_RECORDING,2025-11-18T16:17:04.480546
2025-11-18 16:17:03.345362,263,1118,HandType.Right,0.8378932476043701,-49.83388137817383,357.4632263183594,3.3460521697998047,-0.2531675398349762,-0.8436768054962158,-0.4734084904193878,-11.763154983520508,100.95040130615234,25.00687599182129,0.0,0.10810224711894989,42.78740692138672,1,1,1,1,1,-104.94355010986328,349.5530700683594,2.7245702743530273,-118.068359375,369.1131286621094,-46.30596160888672,raise,38,2025-11-18T16:17:03.345362,my_hand_data\videos\raise_seq38_20251118_161700_418336.avi,89.88411690229273,360,90,HIGH,VIDEO_RECORDING,2025-11-18T16:17:04.480546
2025-11-18 16:17:03.359037,264,1118,HandType.Right,0.837572455406189,-49.958091735839844,358.4659118652344,3.6154685020446777,-0.25461050868034363,-0.8427762985229492,-0.474237859249115,-11.435051918029785,92.31077575683594,24.80356216430664,0.0,0.10624635964632034,42.77415084838867,1,1,1,1,1,-105.08267974853516,350.6030578613281,3.0604639053344727,-118.37651824951172,370.489013671875,-45.86941146850586,raise,38,2025-11-18T16:17:03.359037,my_hand_data\videos\raise_seq38_20251118_161700_418336.avi,89.88411690229273,360,90,HIGH,VIDEO_RECORDING,2025-11-18T16:17:04.480546
2025-11-18 16:17:03.370536,265,1118,HandType.Right,0.8370760679244995,-50.07093048095703,359.3612060546875,3.909132719039917,-0.2554984390735626,-0.8423769474029541,-0.4744698703289032,-9.90522575378418,78.59184265136719,25.778091430664062,0.0,0.10328813642263412,42.74806594848633,1,1,1,1,1,-105.19094848632812,351.5876770019531,3.479314088821411,-118.71955108642578,371.68756103515625,-45.429283142089844,raise,38,2025-11-18T16:17:03.370536,my_hand_data\videos\raise_seq38_20251118_161700_418336.avi,89.88411690229273,360,90,HIGH,VIDEO_RECORDING,2025-11-18T16:17:04.480546
2025-11-18 16:17:03.379462,266,1118,HandType.Right,0.835970938205719,-50.246150970458984,360.25213623046875,4.183797359466553,-0.2563263475894928,-0.8414390087127686,-0.47568604350090027,-16.084096908569336,81.77984619140625,25.212501525878906,0.0,0.09975539147853851,42.78036117553711,1,1,1,1,1,-105.3146743774414,352.5307922363281,3.909022569656372,-119.01602172851562,372.8304443359375,-45.022247314453125,raise,38,2025-11-18T16:17:03.379462,my_hand_data\videos\raise_seq38_20251118_161700_418336.avi,89.88411690229273,360,90,HIGH,VIDEO_RECORDING,2025-11-18T16:17:04.480546
2025-11-18 16:17:03.389786,267,1118,HandType.Right,0.835970938205719,-50.246150970458984,360.25213623046875,4.183797359466553,-0.2563263475894928,-0.8414390087127686,-0.47568604350090027,-16.084096908569336,81.77984619140625,25.212501525878906,0.0,0.09975539147853851,42.78036117553711,1,1,1,1,1,-105.3146743774414,352.5307922363281,3.909022569656372,-119.01602172851562,372.8304443359375,-45.022247314453125,raise,38,2025-11-18T16:17:03.389786,my_hand_data\videos\raise_seq38_20251118_161700_418336.avi,89.88411690229273,360,90,HIGH,VIDEO_RECORDING,2025-11-18T16:17:04.480546
2025-11-18 16:17:03.409901,268,1118,HandType.Right,0.8337368369102478,-51.04524230957031,363.2393798828125,4.891960144042969,-0.26072028279304504,-0.837768018245697,-0.4797600507736206,-24.089311599731445,99.1168441772461,24.740480422973633,0.0,0.10645565390586853,42.6569709777832,1,1,1,1,1,-106.2496109008789,355.6864929199219,4.623309135437012,-119.95919036865234,376.1231994628906,-43.98294448852539,raise,38,2025-11-18T16:17:03.409901,my_hand_data\videos\raise_seq38_20251118_161700_418336.avi,89.88411690229273,360,90,HIGH,VIDEO_RECORDING,2025-11-18T16:17:04.480546
2025-11-18 16:17:03.413921,269,1118,HandType.Right,0.8337368369102478,-51.04524230957031,363.2393798828125,4.891960144042969,-0.26072028279304504,-0.837768018245697,-0.4797600507736206,-24.089311599731445,99.1168441772461,24.740480422973633,0.0,0.10645565390586853,42.6569709777832,1,1,1,1,1,-106.2496109008789,355.6864929199219,4.623309135437012,-119.95919036865234,376.1231994628906,-43.98294448852539,raise,38,2025-11-18T16:17:03.413921,my_hand_data\videos\raise_seq38_20251118_161700_418336.avi,89.88411690229273,360,90,HIGH,VIDEO_RECORDING,2025-11-18T16:17:04.480546
2025-11-18 16:17:03.430027,270,1118,HandType.Right,0.832639753818512,-51.31589889526367,364.4432678222656,5.22658634185791,-0.26143980026245117,-0.8361306190490723,-0.48221859335899353,-23.561750411987305,104.80305480957031,29.13087272644043,0.0,0.10837218910455704,42.607147216796875,1,1,1,1,1,-106.61119079589844,356.9048767089844,4.967323303222656,-120.28263854980469,377.35284423828125,-43.56880569458008,raise,38,2025-11-18T16:17:03.430027,my_hand_data\videos\raise_seq38_20251118_161700_418336.avi,89.88411690229273,360,90,HIGH,VIDEO_RECORDING,2025-11-18T16:17:04.480546
2025-11-18 16:17:03.434050,271,1118,HandType.Right,0.8315097093582153,-51.62474060058594,365.51715087890625,5.538215160369873,-0.263899028301239,-0.8346409797668457,-0.4834580719470978,-28.223020553588867,98.13384246826172,28.47747230529785,0.0,0.1074972152709961,42.5907096862793,1,1,1,1,1,-106.92241668701172,358.0083923339844,5.312981128692627,-120.58903503417969,378.6028137207031,-43.1952018737793,raise,38,2025-11-18T16:17:03.434050,my_hand_data\videos\raise_seq38_20251118_161700_418336.avi,89.88411690229273,360,90,HIGH,VIDEO_RECORDING,2025-11-18T16:17:04.480546
2025-11-18 16:17:03.450421,272,1118,HandType.Right,0.8308447003364563,-51.96100997924805,366.65728759765625,5.828860282897949,-0.2658320665359497,-0.8327820897102356,-0.48559990525245667,-30.46736717224121,103.30332946777344,26.33370018005371,0.0,0.1083652451634407,42.55754089355469,1,1,1,1,1,-107.25470733642578,359.1828308105469,5.607744216918945,-120.97616577148438,379.9379577636719,-42.784339904785156,raise,38,2025-11-18T16:17:03.450421,my_hand_data\videos\raise_seq38_20251118_161700_418336.avi,89.88411690229273,360,90,HIGH,VIDEO_RECORDING,2025-11-18T16:17:04.480546
2025-11-18 16:17:03.454448,273,1118,HandType.Right,0.8300783634185791,-52.29324722290039,367.88836669921875,6.136460781097412,-0.2687101662158966,-0.8310040831565857,-0.487059623003006,-30.277652740478516,112.19136810302734,28.032480239868164,0.0,0.11135483533143997,42.507633209228516,1,1,1,1,1,-107.65119934082031,360.4124755859375,5.926357269287109,-121.28131866455078,381.074951171875,-42.40373992919922,raise,38,2025-11-18T16:17:03.454448,my_hand_data\videos\raise_seq38_20251118_161700_418336.avi,89.88411690229273,360,90,HIGH,VIDEO_RECORDING,2025-11-18T16:17:04.480546
2025-11-18 16:17:03.470543,274,1118,HandType.Right,0.8290883302688599,-52.62252426147461,369.20220947265625,6.453120708465576,-0.27044785022735596,-0.8293094635009766,-0.4889823794364929,-28.86879539489746,115.18742370605469,27.762596130371094,0.0,0.1150016114115715,42.44344711303711,1,1,1,1,1,-107.98961639404297,361.7164001464844,6.270263671875,-121.61519622802734,382.3359375,-41.927852630615234,raise,38,2025-11-18T16:17:03.470543,my_hand_data\videos\raise_seq38_20251118_161700_418336.avi,89.88411690229273,360,90,HIGH,VIDEO_RECORDING,2025-11-18T16:17:04.480546
2025-11-18 16:17:03.480713,275,1118,HandType.Right,0.8284794688224792,-52.96139144897461,370.4513244628906,6.7510247230529785,-0.27199316024780273,-0.8281787633895874,-0.49004051089286804,-30.517667770385742,112.49432373046875,26.828516006469727,0.0,0.1168936938047409,42.376644134521484,1,1,1,1,1,-108.34847259521484,363.11419677734375,6.640842914581299,-121.98871612548828,383.6985168457031,-41.492454528808594,raise,38,2025-11-18T16:17:03.480713,my_hand_data\videos\raise_seq38_20251118_161700_418336.avi,89.88411690229273,360,90,HIGH,VIDEO_RECORDING,2025-11-18T16:17:04.480546
2025-11-18 16:17:03.490794,276,1118,HandType.Right,0.8274086117744446,-53.26810836791992,371.5471496582031,7.04268217086792,-0.2729651927947998,-0.8270827531814575,-0.49134933948516846,-27.822425842285156,99.40162658691406,26.45660400390625,0.0,0.12033683061599731,42.25526428222656,1,1,1,1,1,-108.68229675292969,364.43841552734375,7.027315616607666,-122.2790298461914,384.84124755859375,-41.05084228515625,raise,38,2025-11-18T16:17:03.490794,my_hand_data\videos\raise_seq38_20251118_161700_418336.avi,89.88411690229273,360,90,HIGH,VIDEO_RECORDING,2025-11-18T16:17:04.480546
2025-11-18 16:17:03.500852,277,1118,HandType.Right,0.8258453607559204,-53.522762298583984,372.6786193847656,7.365682601928711,-0.2746973931789398,-0.8260033130645752,-0.49219900369644165,-23.542142868041992,104.6010971069336,29.860424041748047,0.0,0.12253253906965256,42.010948181152344,1,1,1,1,1,-108.95220947265625,366.0749206542969,7.463620185852051,-122.58641052246094,386.3174133300781,-40.58430480957031,raise,38,2025-11-18T16:17:03.500852,my_hand_data\videos\raise_seq38_20251118_161700_418336.avi,89.88411690229273,360,90,HIGH,VIDEO_RECORDING,2025-11-18T16:17:04.480546
2025-11-18 16:17:03.510866,278,1118,HandType.Right,0.8249408602714539,-53.81184768676758,373.9383850097656,7.735074520111084,-0.2755863070487976,-0.8245904445648193,-0.49406754970550537,-25.194841384887695,109.7936019897461,32.193817138671875,0.0,0.12173505872488022,42.04841995239258,1,1,1,1,1,-109.23463439941406,367.368896484375,7.942392349243164,-122.90845489501953,387.7414245605469,-40.07940673828125,raise,38,2025-11-18T16:17:03.510866,my_hand_data\videos\raise_seq38_20251118_161700_418336.avi,89.88411690229273,360,90,HIGH,VIDEO_RECORDING,2025-11-18T16:17:04.480546
2025-11-18 16:17:03.530985,279,1118,HandType.Right,0.8233854174613953,-54.06027603149414,375.4192810058594,8.12120532989502,-0.2765839993953705,-0.8233252763748169,-0.495617538690567,-22.565975189208984,134.51759338378906,35.074092864990234,0.0,0.11844532191753387,42.0425910949707,1,1,1,1,1,-109.482421875,368.95306396484375,8.407133102416992,-123.24514770507812,389.4994201660156,-39.66143798828125,raise,38,2025-11-18T16:17:03.530985,my_hand_data\videos\raise_seq38_20251118_161700_418336.avi,89.88411690229273,360,90,HIGH,VIDEO_RECORDING,2025-11-18T16:17:04.480546
2025-11-18 16:17:03.536483,280,1118,HandType.Right,0.8222624659538269,-54.3297004699707,376.90557861328125,8.598366737365723,-0.27740079164505005,-0.8214374780654907,-0.4982863664627075,-24.161331176757812,133.2869110107422,42.79091262817383,0.0,0.11984192579984665,41.938289642333984,1,1,1,1,1,-109.76176452636719,370.6783447265625,8.887697219848633,-123.6009521484375,391.3971252441406,-39.03215026855469,raise,38,2025-11-18T16:17:03.536483,my_hand_data\videos\raise_seq38_20251118_161700_418336.avi,89.88411690229273,360,90,HIGH,VIDEO_RECORDING,2025-11-18T16:17:04.480546
2025-11-18 16:17:03.542397,281,1118,HandType.Right,0.8214961290359497,-54.614479064941406,378.4632263183594,9.045873641967773,-0.2782678008079529,-0.8191908597946167,-0.5014911890029907,-25.91259002685547,141.7350311279297,40.719505310058594,0.0,0.11858749389648438,41.884544372558594,1,1,1,1,1,-110.08334350585938,372.3771667480469,9.356321334838867,-124.03234100341797,393.47894287109375,-38.42455291748047,raise,38,2025-11-18T16:17:03.542397,my_hand_data\videos\raise_seq38_20251118_161700_418336.avi,89.88411690229273,360,90,HIGH,VIDEO_RECORDING,2025-11-18T16:17:04.480546
2025-11-18 16:17:03.561472,282,1118,HandType.Right,0.8199840784072876,-54.900917053222656,380.1183166503906,9.489557266235352,-0.27913177013397217,-0.8168631792068481,-0.5047969818115234,-24.825666427612305,143.44705200195312,38.454139709472656,0.0,0.11683506518602371,41.83515930175781,1,1,1,1,1,-110.40869903564453,374.20623779296875,9.799477577209473,-124.42145538330078,395.5688781738281,-37.924400329589844,raise,38,2025-11-18T16:17:03.561472,my_hand_data\videos\raise_seq38_20251118_161700_418336.avi,89.88411690229273,360,90,HIGH,VIDEO_RECORDING,2025-11-18T16:17:04.480546
2025-11-18 16:17:03.566660,283,1118,HandType.Right,0.8184201121330261,-55.19517517089844,381.9410400390625,10.04386043548584,-0.27956464886665344,-0.8141898512840271,-0.5088599920272827,-27.73127555847168,171.77420043945312,52.238494873046875,0.0,0.1185816153883934,41.63376235961914,1,1,1,1,1,-110.7624282836914,376.4336853027344,10.36514663696289,-124.84081268310547,397.7576599121094,-37.28614807128906,raise,38,2025-11-18T16:17:03.566660,my_hand_data\videos\raise_seq38_20251118_161700_418336.avi,89.88411690229273,360,90,HIGH,VIDEO_RECORDING,2025-11-18T16:17:04.480546
2025-11-18 16:17:03.582176,284,1118,HandType.Right,0.8173742294311523,-55.437538146972656,383.8164367675781,10.656560897827148,-0.2812780737876892,-0.8118578791618347,-0.511634111404419,-21.937335968017578,169.75169372558594,55.458038330078125,0.0,0.12530435621738434,41.5027961730957,1,1,1,1,1,-111.07604217529297,378.3854675292969,10.971901893615723,-125.05510711669922,399.48785400390625,-36.52519607543945,raise,38,2025-11-18T16:17:03.582176,my_hand_data\videos\raise_seq38_20251118_161700_418336.avi,89.88411690229273,360,90,HIGH,VIDEO_RECORDING,2025-11-18T16:17:04.480546
2025-11-18 16:17:03.592388,285,1118,HandType.Right,0.8165059685707092,-55.67277908325195,385.7651062011719,11.365241050720215,-0.283559650182724,-0.8087491393089294,-0.5152851343154907,-21.04127311706543,174.2998504638672,63.38821792602539,0.0,0.1242857426404953,41.52341842651367,1,1,1,1,1,-111.15809631347656,380.45074462890625,11.76090145111084,-125.27996063232422,401.6802978515625,-35.6804084777832,raise,38,2025-11-18T16:17:03.592388,my_hand_data\videos\raise_seq38_20251118_161700_418336.avi,89.88411690229273,360,90,HIGH,VIDEO_RECORDING,2025-11-18T16:17:04.480546
2025-11-18 16:17:03.598815,286,1118,HandType.Right,0.8155688047409058,-55.88484191894531,387.8245544433594,12.063885688781738,-0.2852053940296173,-0.805795431137085,-0.5189909338951111,-18.95438575744629,184.074462890625,62.44588851928711,0.0,0.12349121272563934,41.478736877441406,1,1,1,1,1,-111.31552124023438,382.8487548828125,12.662796974182129,-125.61416625976562,404.3358154296875,-34.656436920166016,raise,38,2025-11-18T16:17:03.598815,my_hand_data\videos\raise_seq38_20251118_161700_418336.avi,89.88411690229273,360,90,HIGH,VIDEO_RECORDING,2025-11-18T16:17:04.480546
2025-11-18 16:17:03.612807,287,1118,HandType.Right,0.8142462968826294,-56.13212585449219,389.8227844238281,12.800283432006836,-0.2883160710334778,-0.8022542595863342,-0.5227446556091309,-22.019914627075195,177.9368896484375,65.57411193847656,0.0,0.12953518331050873,41.41126251220703,1,1,1,1,1,-111.52043914794922,385.040283203125,13.570591926574707,-125.85025787353516,406.34124755859375,-33.56953048706055,raise,38,2025-11-18T16:17:03.612807,my_hand_data\videos\raise_seq38_20251118_161700_418336.avi,89.88411690229273,360,90,HIGH,VIDEO_RECORDING,2025-11-18T16:17:04.480546
2025-11-18 16:17:03.622979,288,1118,HandType.Right,0.8142462968826294,-56.13212585449219,389.8227844238281,12.800283432006836,-0.2883160710334778,-0.8022542595863342,-0.5227446556091309,-22.019914627075195,177.9368896484375,65.57411193847656,0.0,0.12953518331050873,41.41126251220703,1,1,1,1,1,-111.52043914794922,385.040283203125,13.570591926574707,-125.85025787353516,406.34124755859375,-33.56953048706055,raise,38,2025-11-18T16:17:03.622979,my_hand_data\videos\raise_seq38_20251118_161700_418336.avi,89.88411690229273,360,90,HIGH,VIDEO_RECORDING,2025-11-18T16:17:04.480546
2025-11-18 16:17:03.633454,289,1118,HandType.Right,0.8131773471832275,-56.66631317138672,393.7220458984375,14.361299514770508,-0.2927515208721161,-0.7952458262443542,-0.530924379825592,-23.778844833374023,181.4716033935547,72.92225646972656,0.0,0.1323278248310089,41.356327056884766,1,1,1,1,1,-112.04280090332031,389.0909423828125,15.223878860473633,-126.45879364013672,410.6340637207031,-31.684160232543945,raise,38,2025-11-18T16:17:03.633454,my_hand_data\videos\raise_seq38_20251118_161700_418336.avi,89.88411690229273,360,90,HIGH,VIDEO_RECORDING,2025-11-18T16:17:04.480546
2025-11-18 16:17:03.653634,290,1118,HandType.Right,0.8124436736106873,-56.92314529418945,395.645263671875,15.122114181518555,-0.2940768301486969,-0.7924500703811646,-0.5343610048294067,-23.395151138305664,175.1883544921875,69.30355834960938,0.0,0.12963591516017914,41.425106048583984,1,1,1,1,1,-112.29981231689453,390.9911804199219,16.022541046142578,-126.74420928955078,412.79840087890625,-30.87677764892578,raise,38,2025-11-18T16:17:03.653634,my_hand_data\videos\raise_seq38_20251118_161700_418336.avi,89.88411690229273,360,90,HIGH,VIDEO_RECORDING,2025-11-18T16:17:04.480546
2025-11-18 16:17:03.655511,291,1118,HandType.Right,0.8110342621803284,-57.2125358581543,397.58642578125,15.834874153137207,-0.295612096786499,-0.789768636226654,-0.5374746322631836,-25.371801376342773,170.1874542236328,62.489986419677734,0.0,0.12852321565151215,41.416378021240234,1,1,1,1,1,-112.61540985107422,393.12774658203125,16.886714935302734,-127.01853942871094,415.1383361816406,-29.98528480529785,raise,38,2025-11-18T16:17:03.655511,my_hand_data\videos\raise_seq38_20251118_161700_418336.avi,89.88411690229273,360,90,HIGH,VIDEO_RECORDING,2025-11-18T16:17:04.480546
2025-11-18 16:17:03.673768,292,1118,HandType.Right,0.810185968875885,-57.460853576660156,399.33306884765625,16.566078186035156,-0.2977181375026703,-0.7870271801948547,-0.540325939655304,-22.288511276245117,156.7753143310547,65.63175964355469,0.0,0.12917089462280273,41.43742370605469,1,1,1,1,1,-112.88395690917969,394.8989562988281,17.649127960205078,-127.28195190429688,417.2010498046875,-29.066410064697266,raise,38,2025-11-18T16:17:03.673768,my_hand_data\videos\raise_seq38_20251118_161700_418336.avi,89.88411690229273,360,90,HIGH,VIDEO_RECORDING,2025-11-18T16:17:04.480546
2025-11-18 16:17:03.678943,293,1118,HandType.Right,0.810185968875885,-57.460853576660156,399.33306884765625,16.566078186035156,-0.2977181375026703,-0.7870271801948547,-0.540325939655304,-22.288511276245117,156.7753143310547,65.63175964355469,0.0,0.12917089462280273,41.43742370605469,1,1,1,1,1,-112.88395690917969,394.8989562988281,17.649127960205078,-127.28195190429688,417.2010498046875,-29.066410064697266,raise,38,2025-11-18T16:17:03.678943,my_hand_data\videos\raise_seq38_20251118_161700_418336.avi,89.88411690229273,360,90,HIGH,VIDEO_RECORDING,2025-11-18T16:17:04.480546
2025-11-18 16:17:03.694743,294,1118,HandType.Right,0.8081671595573425,-57.8855094909668,403.1099853515625,17.92854881286621,-0.3053363263607025,-0.7822713255882263,-0.5429744720458984,-20.317781448364258,169.0830841064453,63.387638092041016,0.0,0.13392935693264008,41.28866195678711,1,1,1,1,1,-113.34814453125,399.0792541503906,19.09785270690918,-127.82530212402344,421.73638916015625,-27.230112075805664,raise,38,2025-11-18T16:17:03.694743,my_hand_data\videos\raise_seq38_20251118_161700_418336.avi,89.88411690229273,360,90,HIGH,VIDEO_RECORDING,2025-11-18T16:17:04.480546
2025-11-18 16:17:03.705049,295,1118,HandType.Right,0.8060722351074219,-58.11416244506836,405.05511474609375,18.653833389282227,-0.3086004853248596,-0.7786238193511963,-0.5463612675666809,-20.671916961669922,175.85391235351562,65.5713119506836,0.0,0.1340605467557907,41.195247650146484,1,1,1,1,1,-113.60138702392578,401.4596862792969,19.961139678955078,-128.03424072265625,424.20166015625,-26.347867965698242,raise,38,2025-11-18T16:17:03.705049,my_hand_data\videos\raise_seq38_20251118_161700_418336.avi,89.88411690229273,360,90,HIGH,VIDEO_RECORDING,2025-11-18T16:17:04.480546
2025-11-18 16:17:03.715533,296,1118,HandType.Right,0.8054934740066528,-58.27756881713867,406.8937683105469,19.48981475830078,-0.3108370900154114,-0.7744765877723694,-0.5509684681892395,-14.112171173095703,158.7923583984375,72.19806671142578,0.0,0.13640789687633514,40.92784881591797,1,1,1,1,1,-113.84707641601562,403.88323974609375,20.876609802246094,-128.21876525878906,426.6316223144531,-25.36707878112793,raise,38,2025-11-18T16:17:03.715533,my_hand_data\videos\raise_seq38_20251118_161700_418336.avi,89.88411690229273,360,90,HIGH,VIDEO_RECORDING,2025-11-18T16:17:04.480546
2025-11-18 16:17:03.725642,297,1118,HandType.Right,0.8031803965568542,-58.37890625,408.73272705078125,20.3405818939209,-0.3130476176738739,-0.7706820368766785,-0.5550228357315063,-9.454151153564453,171.5616455078125,79.3700180053711,0.0,0.13426461815834045,40.75182342529297,1,1,1,1,1,-113.97721099853516,406.256103515625,21.927669525146484,-128.52210998535156,429.2490234375,-24.253698348999023,raise,38,2025-11-18T16:17:03.725642,my_hand_data\videos\raise_seq38_20251118_161700_418336.avi,89.88411690229273,360,90,HIGH,VIDEO_RECORDING,2025-11-18T16:17:04.480546
2025-11-18 16:17:03.735673,298,1118,HandType.Right,0.8008202314376831,-58.44706344604492,410.5605773925781,21.17913246154785,-0.3158045709133148,-0.7676622271537781,-0.5576398372650146,-6.304357528686523,169.0718994140625,77.56453704833984,0.0,0.13238447904586792,40.749935150146484,1,1,1,1,1,-114.09204864501953,408.1925964355469,22.85449981689453,-128.7024383544922,431.6552734375,-23.16532325744629,raise,38,2025-11-18T16:17:03.735673,my_hand_data\videos\raise_seq38_20251118_161700_418336.avi,89.88411690229273,360,90,HIGH,VIDEO_RECORDING,2025-11-18T16:17:04.480546
2025-11-18 16:17:03.745697,299,1118,HandType.Right,0.8008202314376831,-58.44706344604492,410.5605773925781,21.17913246154785,-0.3158045709133148,-0.7676622271537781,-0.5576398372650146,-6.304357528686523,169.0718994140625,77.56453704833984,0.0,0.13238447904586792,40.749935150146484,1,1,1,1,1,-114.09204864501953,408.1925964355469,22.85449981689453,-128.7024383544922,431.6552734375,-23.16532325744629,raise,38,2025-11-18T16:17:03.745697,my_hand_data\videos\raise_seq38_20251118_161700_418336.avi,89.88411690229273,360,90,HIGH,VIDEO_RECORDING,2025-11-18T16:17:04.480546
2025-11-18 16:17:03.755929,300,1118,HandType.Right,0.7982275485992432,-58.8653564453125,414.200439453125,22.838014602661133,-0.319460928440094,-0.759837806224823,-0.566207766532898,-25.946739196777344,162.81280517578125,67.52572631835938,0.0,0.13252083957195282,40.714141845703125,1,1,1,1,1,-114.46871185302734,412.18017578125,24.631731033325195,-129.22019958496094,436.0203857421875,-21.160261154174805,raise,38,2025-11-18T16:17:03.755929,my_hand_data\videos\raise_seq38_20251118_161700_418336.avi,89.88411690229273,360,90,HIGH,VIDEO_RECORDING,2025-11-18T16:17:04.480546
2025-11-18 16:17:03.776217,301,1118,HandType.Right,0.7970541715621948,-59.02651596069336,415.88995361328125,23.594396591186523,-0.3231026530265808,-0.7573513984680176,-0.5674711465835571,-14.05562973022461,147.3506622314453,65.96733856201172,0.0,0.13483712077140808,40.641754150390625,1,1,1,1,1,-114.65498352050781,414.07257080078125,25.420421600341797,-129.37918090820312,438.0435791015625,-20.210020065307617,raise,38,2025-11-18T16:17:03.776217,my_hand_data\videos\raise_seq38_20251118_161700_418336.avi,89.88411690229273,360,90,HIGH,VIDEO_RECORDING,2025-11-18T16:17:04.480546
2025-11-18 16:17:03.776217,302,1118,HandType.Right,0.7950153946876526,-59.15406799316406,417.5566711425781,24.430034637451172,-0.32746416330337524,-0.7546014785766602,-0.5686332583427429,-11.69028091430664,152.75601196289062,76.58668518066406,0.0,0.13966104388237,40.43158721923828,1,1,1,1,1,-114.71669006347656,416.21917724609375,26.37574005126953,-129.4849395751953,439.9676818847656,-19.142860412597656,raise,38,2025-11-18T16:17:03.776217,my_hand_data\videos\raise_seq38_20251118_161700_418336.avi,89.88411690229273,360,90,HIGH,VIDEO_RECORDING,2025-11-18T16:17:04.480546
2025-11-18 16:17:03.796782,303,1118,HandType.Right,0.7930557131767273,-59.205257415771484,419.2813720703125,25.26127052307129,-0.33126989006996155,-0.7515578269958496,-0.5704569220542908,-4.645749092102051,156.53530883789062,75.44355773925781,0.0,0.14092841744422913,40.52064514160156,1,1,1,1,1,-114.73960876464844,418.0787353515625,27.366172790527344,-129.46156311035156,441.8958435058594,-18.094629287719727,raise,38,2025-11-18T16:17:03.796782,my_hand_data\videos\raise_seq38_20251118_161700_418336.avi,89.88411690229273,360,90,HIGH,VIDEO_RECORDING,2025-11-18T16:17:04.480546
2025-11-18 16:17:03.798334,304,1118,HandType.Right,0.7914990186691284,-59.163673400878906,420.82708740234375,26.125415802001953,-0.333778440952301,-0.7489028573036194,-0.572482705116272,3.6667420864105225,136.29478454589844,76.19641876220703,0.0,0.14120467007160187,40.489200592041016,1,1,1,1,1,-114.69471740722656,419.8418884277344,28.330869674682617,-129.4369659423828,443.8083801269531,-17.035999298095703,raise,38,2025-11-18T16:17:03.798334,my_hand_data\videos\raise_seq38_20251118_161700_418336.avi,89.88411690229273,360,90,HIGH,VIDEO_RECORDING,2025-11-18T16:17:04.480546
2025-11-18 16:17:03.817273,305,1118,HandType.Right,0.7905097603797913,-59.12042236328125,422.3177795410156,26.987407684326172,-0.3358437716960907,-0.7453815937042236,-0.5758604407310486,3.9701640605926514,136.83590698242188,79.12544250488281,0.0,0.13859504461288452,40.548423767089844,1,1,1,1,1,-114.62446594238281,421.6391906738281,29.523406982421875,-129.45953369140625,445.8336486816406,-15.832096099853516,raise,38,2025-11-18T16:17:03.817273,my_hand_data\videos\raise_seq38_20251118_161700_418336.avi,89.88411690229273,360,90,HIGH,VIDEO_RECORDING,2025-11-18T16:17:04.480546
2025-11-18 16:17:03.817273,306,1118,HandType.Right,0.7882428765296936,-59.08389663696289,423.8367004394531,27.88997459411621,-0.34123265743255615,-0.7420719861984253,-0.5769657492637634,3.334524154663086,138.6763153076172,82.40364837646484,0.0,0.14498388767242432,40.386924743652344,1,1,1,1,1,-114.57256317138672,423.556640625,30.613845825195312,-129.4542236328125,447.5309143066406,-14.57335090637207,raise,38,2025-11-18T16:17:03.817273,my_hand_data\videos\raise_seq38_20251118_161700_418336.avi,89.88411690229273,360,90,HIGH,VIDEO_RECORDING,2025-11-18T16:17:04.480546
2025-11-18 16:17:03.837865,307,1118,HandType.Right,0.7862648367881775,-59.18851089477539,425.4045104980469,28.71428108215332,-0.3434080183506012,-0.7391926646232605,-0.579366147518158,-9.266006469726562,138.86563110351562,73.01204681396484,0.0,0.14527590572834015,40.38057327270508,1,1,1,1,1,-114.62970733642578,425.3032531738281,31.645524978637695,-129.62281799316406,449.470947265625,-13.384267807006836,raise,38,2025-11-18T16:17:03.837865,my_hand_data\videos\raise_seq38_20251118_161700_418336.avi,89.88411690229273,360,90,HIGH,VIDEO_RECORDING,2025-11-18T16:17:04.480546
2025-11-18 16:17:03.844471,308,1118,HandType.Right,0.7844322919845581,-59.354427337646484,426.8173522949219,29.377286911010742,-0.3453804850578308,-0.7365289926528931,-0.5815817713737488,-14.844281196594238,126.40660095214844,59.31875991821289,0.0,0.14844787120819092,40.28512954711914,1,1,1,1,1,-114.8116455078125,427.0057373046875,32.416011810302734,-129.87425231933594,451.3184814453125,-12.377776145935059,raise,38,2025-11-18T16:17:03.844471,my_hand_data\videos\raise_seq38_20251118_161700_418336.avi,89.88411690229273,360,90,HIGH,VIDEO_RECORDING,2025-11-18T16:17:04.480546
2025-11-18 16:17:03.858284,309,1118,HandType.Right,0.7837654948234558,-59.44580078125,428.2265930175781,30.070804595947266,-0.3480462431907654,-0.7346921563148499,-0.5823153853416443,-8.155657768249512,125.77945709228516,61.899166107177734,0.0,0.15376195311546326,40.17546081542969,1,1,1,1,1,-114.94402313232422,428.48187255859375,33.127098083496094,-130.00074768066406,452.7414855957031,-11.45205307006836,raise,38,2025-11-18T16:17:03.858284,my_hand_data\videos\raise_seq38_20251118_161700_418336.avi,89.88411690229273,360,90,HIGH,VIDEO_RECORDING,2025-11-18T16:17:04.480546
2025-11-18 16:17:03.868345,310,1118,HandType.Right,0.7822872400283813,-59.54226303100586,429.7104187011719,30.803564071655273,-0.3508840501308441,-0.7321872115135193,-0.5837656259536743,-8.767651557922363,134.86831665039062,66.60234069824219,0.0,0.15662439167499542,40.18064498901367,1,1,1,1,1,-115.03923034667969,429.94122314453125,33.90089416503906,-130.0791473388672,454.2644348144531,-10.519359588623047,raise,38,2025-11-18T16:17:03.868345,my_hand_data\videos\raise_seq38_20251118_161700_418336.avi,89.88411690229273,360,90,HIGH,VIDEO_RECORDING,2025-11-18T16:17:04.480546
2025-11-18 16:17:03.880424,311,1118,HandType.Right,0.7822872400283813,-59.54226303100586,429.7104187011719,30.803564071655273,-0.3508840501308441,-0.7321872115135193,-0.5837656259536743,-8.767651557922363,134.86831665039062,66.60234069824219,0.0,0.15662439167499542,40.18064498901367,1,1,1,1,1,-115.03923034667969,429.94122314453125,33.90089416503906,-130.0791473388672,454.2644348144531,-10.519359588623047,raise,38,2025-11-18T16:17:03.880424,my_hand_data\videos\raise_seq38_20251118_161700_418336.avi,89.88411690229273,360,90,HIGH,VIDEO_RECORDING,2025-11-18T16:17:04.480546
2025-11-18 16:17:03.892499,312,1118,HandType.Right,0.7822872400283813,-59.54226303100586,429.7104187011719,30.803564071655273,-0.3508840501308441,-0.7321872115135193,-0.5837656259536743,-8.767651557922363,134.86831665039062,66.60234069824219,0.0,0.15662439167499542,40.18064498901367,1,1,1,1,1,-115.03923034667969,429.94122314453125,33.90089416503906,-130.0791473388672,454.2644348144531,-10.519359588623047,raise,38,2025-11-18T16:17:03.892499,my_hand_data\videos\raise_seq38_20251118_161700_418336.avi,89.88411690229273,360,90,HIGH,VIDEO_RECORDING,2025-11-18T16:17:04.480546
2025-11-18 16:17:03.902559,313,1118,HandType.Right,0.7806357741355896,-59.59174728393555,431.2065734863281,31.636812210083008,-0.3533850908279419,-0.7295367121696472,-0.5855725407600403,-4.418954372406006,133.60992431640625,74.41046905517578,0.0,0.1623668372631073,40.162723541259766,1,1,1,1,1,-115.05509185791016,431.4678649902344,34.789207458496094,-130.05995178222656,455.8204040527344,-9.361509323120117,raise,38,2025-11-18T16:17:03.902559,my_hand_data\videos\raise_seq38_20251118_161700_418336.avi,89.88411690229273,360,90,HIGH,VIDEO_RECORDING,2025-11-18T16:17:04.480546
2025-11-18 16:17:03.918664,314,1118,HandType.Right,0.7772874236106873,-59.465450286865234,433.7793273925781,33.3763427734375,-0.36071088910102844,-0.7221580743789673,-0.590233325958252,11.34749698638916,114.53770446777344,81.4020004272461,0.0,0.1757681965827942,39.88791275024414,1,1,1,1,1,-115.0438003540039,434.43359375,36.6228141784668,-129.92108154296875,458.8347473144531,-6.953898906707764,raise,38,2025-11-18T16:17:03.918664,my_hand_data\videos\raise_seq38_20251118_161700_418336.avi,89.88411690229273,360,90,HIGH,VIDEO_RECORDING,2025-11-18T16:17:04.480546
2025-11-18 16:17:03.922689,315,1118,HandType.Right,0.7774904370307922,-59.284446716308594,435.1593017578125,34.23099136352539,-0.36153706908226013,-0.7202381491661072,-0.5920709371566772,16.02909278869629,122.20633697509766,75.68624877929688,0.0,0.17212651669979095,39.96296691894531,1,1,1,1,1,-114.98971557617188,435.9046325683594,37.61929702758789,-129.87257385253906,460.61883544921875,-5.938854217529297,raise,38,2025-11-18T16:17:03.922689,my_hand_data\videos\raise_seq38_20251118_161700_418336.avi,89.88411690229273,360,90,HIGH,VIDEO_RECORDING,2025-11-18T16:17:04.480546
2025-11-18 16:17:03.939310,316,1118,HandType.Right,0.774669349193573,-58.99875259399414,438.1557922363281,35.8568115234375,-0.36349421739578247,-0.7148194313049316,-0.5974153876304626,8.891768455505371,135.6283721923828,72.15746307373047,0.0,0.17419487237930298,39.91399383544922,1,1,1,1,1,-114.89054870605469,439.1830139160156,39.592010498046875,-129.6033935546875,463.84942626953125,-3.9705448150634766,raise,38,2025-11-18T16:17:03.939310,my_hand_data\videos\raise_seq38_20251118_161700_418336.avi,89.88411690229273,360,90,HIGH,VIDEO_RECORDING,2025-11-18T16:17:04.480546
2025-11-18 16:17:03.949376,317,1118,HandType.Right,0.7730672955513,-58.92909240722656,439.65966796875,36.62968826293945,-0.3651120960712433,-0.7123027443885803,-0.5994313955307007,6.133843421936035,132.41880798339844,68.05270385742188,0.0,0.17599675059318542,39.8156852722168,1,1,1,1,1,-114.88082885742188,440.9223327636719,40.518253326416016,-129.5182647705078,465.412353515625,-3.086272716522217,raise,38,2025-11-18T16:17:03.949376,my_hand_data\videos\raise_seq38_20251118_161700_418336.avi,89.88411690229273,360,90,HIGH,VIDEO_RECORDING,2025-11-18T16:17:04.480546
2025-11-18 16:17:03.959453,318,1118,HandType.Right,0.7730672955513,-58.92909240722656,439.65966796875,36.62968826293945,-0.3651120960712433,-0.7123027443885803,-0.5994313955307007,6.133843421936035,132.41880798339844,68.05270385742188,0.0,0.17599675059318542,39.8156852722168,1,1,1,1,1,-114.88082885742188,440.9223327636719,40.518253326416016,-129.5182647705078,465.412353515625,-3.086272716522217,raise,38,2025-11-18T16:17:03.959453,my_hand_data\videos\raise_seq38_20251118_161700_418336.avi,89.88411690229273,360,90,HIGH,VIDEO_RECORDING,2025-11-18T16:17:04.480546
2025-11-18 16:17:03.969527,319,1118,HandType.Right,0.7730672955513,-58.92909240722656,439.65966796875,36.62968826293945,-0.3651120960712433,-0.7123027443885803,-0.5994313955307007,6.133843421936035,132.41880798339844,68.05270385742188,0.0,0.17599675059318542,39.8156852722168,1,1,1,1,1,-114.88082885742188,440.9223327636719,40.518253326416016,-129.5182647705078,465.412353515625,-3.086272716522217,raise,38,2025-11-18T16:17:03.969527,my_hand_data\videos\raise_seq38_20251118_161700_418336.avi,89.88411690229273,360,90,HIGH,VIDEO_RECORDING,2025-11-18T16:17:04.480546
2025-11-18 16:17:03.979598,320,1118,HandType.Right,0.7730672955513,-58.92909240722656,439.65966796875,36.62968826293945,-0.3651120960712433,-0.7123027443885803,-0.5994313955307007,6.133843421936035,132.41880798339844,68.05270385742188,0.0,0.17599675059318542,39.8156852722168,1,1,1,1,1,-114.88082885742188,440.9223327636719,40.518253326416016,-129.5182647705078,465.412353515625,-3.086272716522217,raise,38,2025-11-18T16:17:03.979598,my_hand_data\videos\raise_seq38_20251118_161700_418336.avi,89.88411690229273,360,90,HIGH,VIDEO_RECORDING,2025-11-18T16:17:04.480546
2025-11-18 16:17:03.991675,321,1118,HandType.Right,0.7730672955513,-58.92909240722656,439.65966796875,36.62968826293945,-0.3651120960712433,-0.7123027443885803,-0.5994313955307007,6.133843421936035,132.41880798339844,68.05270385742188,0.0,0.17599675059318542,39.8156852722168,1,1,1,1,1,-114.88082885742188,440.9223327636719,40.518253326416016,-129.5182647705078,465.412353515625,-3.086272716522217,raise,38,2025-11-18T16:17:03.991675,my_hand_data\videos\raise_seq38_20251118_161700_418336.avi,89.88411690229273,360,90,HIGH,VIDEO_RECORDING,2025-11-18T16:17:04.480546
2025-11-18 16:17:04.003760,322,1118,HandType.Right,0.7730672955513,-58.92909240722656,439.65966796875,36.62968826293945,-0.3651120960712433,-0.7123027443885803,-0.5994313955307007,6.133843421936035,132.41880798339844,68.05270385742188,0.0,0.17599675059318542,39.8156852722168,1,1,1,1,1,-114.88082885742188,440.9223327636719,40.518253326416016,-129.5182647705078,465.412353515625,-3.086272716522217,raise,38,2025-11-18T16:17:04.003760,my_hand_data\videos\raise_seq38_20251118_161700_418336.avi,89.88411690229273,360,90,HIGH,VIDEO_RECORDING,2025-11-18T16:17:04.480546
2025-11-18 16:17:04.013837,323,1118,HandType.Right,0.7730672955513,-58.92909240722656,439.65966796875,36.62968826293945,-0.3651120960712433,-0.7123027443885803,-0.5994313955307007,6.133843421936035,132.41880798339844,68.05270385742188,0.0,0.17599675059318542,39.8156852722168,1,1,1,1,1,-114.88082885742188,440.9223327636719,40.518253326416016,-129.5182647705078,465.412353515625,-3.086272716522217,raise,38,2025-11-18T16:17:04.013837,my_hand_data\videos\raise_seq38_20251118_161700_418336.avi,89.88411690229273,360,90,HIGH,VIDEO_RECORDING,2025-11-18T16:17:04.480546
2025-11-18 16:17:04.029459,324,1118,HandType.Right,0.7730672955513,-58.92909240722656,439.65966796875,36.62968826293945,-0.3651120960712433,-0.7123027443885803,-0.5994313955307007,6.133843421936035,132.41880798339844,68.05270385742188,0.0,0.17599675059318542,39.8156852722168,1,1,1,1,1,-114.88082885742188,440.9223327636719,40.518253326416016,-129.5182647705078,465.412353515625,-3.086272716522217,raise,38,2025-11-18T16:17:04.029459,my_hand_data\videos\raise_seq38_20251118_161700_418336.avi,89.88411690229273,360,90,HIGH,VIDEO_RECORDING,2025-11-18T16:17:04.480546
2025-11-18 16:17:04.033483,325,1118,HandType.Right,0.7730672955513,-58.92909240722656,439.65966796875,36.62968826293945,-0.3651120960712433,-0.7123027443885803,-0.5994313955307007,6.133843421936035,132.41880798339844,68.05270385742188,0.0,0.17599675059318542,39.8156852722168,1,1,1,1,1,-114.88082885742188,440.9223327636719,40.518253326416016,-129.5182647705078,465.412353515625,-3.086272716522217,raise,38,2025-11-18T16:17:04.033483,my_hand_data\videos\raise_seq38_20251118_161700_418336.avi,89.88411690229273,360,90,HIGH,VIDEO_RECORDING,2025-11-18T16:17:04.480546
2025-11-18 16:17:04.049585,326,1118,HandType.Right,0.7730672955513,-58.92909240722656,439.65966796875,36.62968826293945,-0.3651120960712433,-0.7123027443885803,-0.5994313955307007,6.133843421936035,132.41880798339844,68.05270385742188,0.0,0.17599675059318542,39.8156852722168,1,1,1,1,1,-114.88082885742188,440.9223327636719,40.518253326416016,-129.5182647705078,465.412353515625,-3.086272716522217,raise,38,2025-11-18T16:17:04.049585,my_hand_data\videos\raise_seq38_20251118_161700_418336.avi,89.88411690229273,360,90,HIGH,VIDEO_RECORDING,2025-11-18T16:17:04.480546
2025-11-18 16:17:04.059643,327,1118,HandType.Right,0.7730672955513,-58.92909240722656,439.65966796875,36.62968826293945,-0.3651120960712433,-0.7123027443885803,-0.5994313955307007,6.133843421936035,132.41880798339844,68.05270385742188,0.0,0.17599675059318542,39.8156852722168,1,1,1,1,1,-114.88082885742188,440.9223327636719,40.518253326416016,-129.5182647705078,465.412353515625,-3.086272716522217,raise,38,2025-11-18T16:17:04.059643,my_hand_data\videos\raise_seq38_20251118_161700_418336.avi,89.88411690229273,360,90,HIGH,VIDEO_RECORDING,2025-11-18T16:17:04.480546
2025-11-18 16:17:04.069705,328,1118,HandType.Right,0.7730672955513,-58.92909240722656,439.65966796875,36.62968826293945,-0.3651120960712433,-0.7123027443885803,-0.5994313955307007,6.133843421936035,132.41880798339844,68.05270385742188,0.0,0.17599675059318542,39.8156852722168,1,1,1,1,1,-114.88082885742188,440.9223327636719,40.518253326416016,-129.5182647705078,465.412353515625,-3.086272716522217,raise,38,2025-11-18T16:17:04.069705,my_hand_data\videos\raise_seq38_20251118_161700_418336.avi,89.88411690229273,360,90,HIGH,VIDEO_RECORDING,2025-11-18T16:17:04.480546
2025-11-18 16:17:04.079766,329,1118,HandType.Right,0.7730672955513,-58.92909240722656,439.65966796875,36.62968826293945,-0.3651120960712433,-0.7123027443885803,-0.5994313955307007,6.133843421936035,132.41880798339844,68.05270385742188,0.0,0.17599675059318542,39.8156852722168,1,1,1,1,1,-114.88082885742188,440.9223327636719,40.518253326416016,-129.5182647705078,465.412353515625,-3.086272716522217,raise,38,2025-11-18T16:17:04.079766,my_hand_data\videos\raise_seq38_20251118_161700_418336.avi,89.88411690229273,360,90,HIGH,VIDEO_RECORDING,2025-11-18T16:17:04.480546
2025-11-18 16:17:04.089836,330,1118,HandType.Right,0.7730672955513,-58.92909240722656,439.65966796875,36.62968826293945,-0.3651120960712433,-0.7123027443885803,-0.5994313955307007,6.133843421936035,132.41880798339844,68.05270385742188,0.0,0.17599675059318542,39.8156852722168,1,1,1,1,1,-114.88082885742188,440.9223327636719,40.518253326416016,-129.5182647705078,465.412353515625,-3.086272716522217,raise,38,2025-11-18T16:17:04.089836,my_hand_data\videos\raise_seq38_20251118_161700_418336.avi,89.88411690229273,360,90,HIGH,VIDEO_RECORDING,2025-11-18T16:17:04.480546
2025-11-18 16:17:04.099898,331,1118,HandType.Right,0.7730672955513,-58.92909240722656,439.65966796875,36.62968826293945,-0.3651120960712433,-0.7123027443885803,-0.5994313955307007,6.133843421936035,132.41880798339844,68.05270385742188,0.0,0.17599675059318542,39.8156852722168,1,1,1,1,1,-114.88082885742188,440.9223327636719,40.518253326416016,-129.5182647705078,465.412353515625,-3.086272716522217,raise,38,2025-11-18T16:17:04.099898,my_hand_data\videos\raise_seq38_20251118_161700_418336.avi,89.88411690229273,360,90,HIGH,VIDEO_RECORDING,2025-11-18T16:17:04.480546
2025-11-18 16:17:04.109963,332,1118,HandType.Right,0.7730672955513,-58.92909240722656,439.65966796875,36.62968826293945,-0.3651120960712433,-0.7123027443885803,-0.5994313955307007,6.133843421936035,132.41880798339844,68.05270385742188,0.0,0.17599675059318542,39.8156852722168,1,1,1,1,1,-114.88082885742188,440.9223327636719,40.518253326416016,-129.5182647705078,465.412353515625,-3.086272716522217,raise,38,2025-11-18T16:17:04.109963,my_hand_data\videos\raise_seq38_20251118_161700_418336.avi,89.88411690229273,360,90,HIGH,VIDEO_RECORDING,2025-11-18T16:17:04.480546
2025-11-18 16:17:04.129607,333,1118,HandType.Right,0.7730672955513,-58.92909240722656,439.65966796875,36.62968826293945,-0.3651120960712433,-0.7123027443885803,-0.5994313955307007,6.133843421936035,132.41880798339844,68.05270385742188,0.0,0.17599675059318542,39.8156852722168,1,1,1,1,1,-114.88082885742188,440.9223327636719,40.518253326416016,-129.5182647705078,465.412353515625,-3.086272716522217,raise,38,2025-11-18T16:17:04.129607,my_hand_data\videos\raise_seq38_20251118_161700_418336.avi,89.88411690229273,360,90,HIGH,VIDEO_RECORDING,2025-11-18T16:17:04.480546
2025-11-18 16:17:04.133635,334,1118,HandType.Right,0.7730672955513,-58.92909240722656,439.65966796875,36.62968826293945,-0.3651120960712433,-0.7123027443885803,-0.5994313955307007,6.133843421936035,132.41880798339844,68.05270385742188,0.0,0.17599675059318542,39.8156852722168,1,1,1,1,1,-114.88082885742188,440.9223327636719,40.518253326416016,-129.5182647705078,465.412353515625,-3.086272716522217,raise,38,2025-11-18T16:17:04.133635,my_hand_data\videos\raise_seq38_20251118_161700_418336.avi,89.88411690229273,360,90,HIGH,VIDEO_RECORDING,2025-11-18T16:17:04.480546
2025-11-18 16:17:04.149741,335,1118,HandType.Right,0.7730672955513,-58.92909240722656,439.65966796875,36.62968826293945,-0.3651120960712433,-0.7123027443885803,-0.5994313955307007,6.133843421936035,132.41880798339844,68.05270385742188,0.0,0.17599675059318542,39.8156852722168,1,1,1,1,1,-114.88082885742188,440.9223327636719,40.518253326416016,-129.5182647705078,465.412353515625,-3.086272716522217,raise,38,2025-11-18T16:17:04.149741,my_hand_data\videos\raise_seq38_20251118_161700_418336.avi,89.88411690229273,360,90,HIGH,VIDEO_RECORDING,2025-11-18T16:17:04.480546
2025-11-18 16:17:04.153771,336,1118,HandType.Right,0.7730672955513,-58.92909240722656,439.65966796875,36.62968826293945,-0.3651120960712433,-0.7123027443885803,-0.5994313955307007,6.133843421936035,132.41880798339844,68.05270385742188,0.0,0.17599675059318542,39.8156852722168,1,1,1,1,1,-114.88082885742188,440.9223327636719,40.518253326416016,-129.5182647705078,465.412353515625,-3.086272716522217,raise,38,2025-11-18T16:17:04.153771,my_hand_data\videos\raise_seq38_20251118_161700_418336.avi,89.88411690229273,360,90,HIGH,VIDEO_RECORDING,2025-11-18T16:17:04.480546
2025-11-18 16:17:04.169869,337,1118,HandType.Right,0.7730672955513,-58.92909240722656,439.65966796875,36.62968826293945,-0.3651120960712433,-0.7123027443885803,-0.5994313955307007,6.133843421936035,132.41880798339844,68.05270385742188,0.0,0.17599675059318542,39.8156852722168,1,1,1,1,1,-114.88082885742188,440.9223327636719,40.518253326416016,-129.5182647705078,465.412353515625,-3.086272716522217,raise,38,2025-11-18T16:17:04.169869,my_hand_data\videos\raise_seq38_20251118_161700_418336.avi,89.88411690229273,360,90,HIGH,VIDEO_RECORDING,2025-11-18T16:17:04.480546
2025-11-18 16:17:04.181938,338,1118,HandType.Right,0.7730672955513,-58.92909240722656,439.65966796875,36.62968826293945,-0.3651120960712433,-0.7123027443885803,-0.5994313955307007,6.133843421936035,132.41880798339844,68.05270385742188,0.0,0.17599675059318542,39.8156852722168,1,1,1,1,1,-114.88082885742188,440.9223327636719,40.518253326416016,-129.5182647705078,465.412353515625,-3.086272716522217,raise,38,2025-11-18T16:17:04.181938,my_hand_data\videos\raise_seq38_20251118_161700_418336.avi,89.88411690229273,360,90,HIGH,VIDEO_RECORDING,2025-11-18T16:17:04.480546
2025-11-18 16:17:04.193342,339,1118,HandType.Right,0.7730672955513,-58.92909240722656,439.65966796875,36.62968826293945,-0.3651120960712433,-0.7123027443885803,-0.5994313955307007,6.133843421936035,132.41880798339844,68.05270385742188,0.0,0.17599675059318542,39.8156852722168,1,1,1,1,1,-114.88082885742188,440.9223327636719,40.518253326416016,-129.5182647705078,465.412353515625,-3.086272716522217,raise,38,2025-11-18T16:17:04.194020,my_hand_data\videos\raise_seq38_20251118_161700_418336.avi,89.88411690229273,360,90,HIGH,VIDEO_RECORDING,2025-11-18T16:17:04.480546
2025-11-18 16:17:04.200051,340,1118,HandType.Right,0.7532445788383484,-54.32380294799805,463.45989990234375,50.70388412475586,-0.3985218107700348,-0.6685516834259033,-0.62786865234375,26.19710350036621,82.17324829101562,55.00059509277344,0.0,0.1920793056488037,39.612640380859375,1,1,1,1,1,-110.45787811279297,465.93670654296875,55.764461517333984,-124.73876190185547,492.5221252441406,13.989500999450684,raise,38,2025-11-18T16:17:04.200051,my_hand_data\videos\raise_seq38_20251118_161700_418336.avi,89.88411690229273,360,90,HIGH,VIDEO_RECORDING,2025-11-18T16:17:04.480546
2025-11-18 16:17:04.210504,341,1118,HandType.Right,0.748850405216217,-53.85777282714844,465.2572021484375,51.949302673339844,-0.4018273651599884,-0.6636080145835876,-0.6309985518455505,18.57663917541504,77.87834167480469,54.084415435791016,0.0,0.1896142214536667,39.71806716918945,1,1,1,1,1,-109.96163177490234,467.8773193359375,57.19729995727539,-124.12613677978516,494.5999755859375,15.354379653930664,raise,38,2025-11-18T16:17:04.210504,my_hand_data\videos\raise_seq38_20251118_161700_418336.avi,89.88411690229273,360,90,HIGH,VIDEO_RECORDING,2025-11-18T16:17:04.480546
2025-11-18 16:17:04.222598,342,1118,HandType.Right,0.7473210096359253,-53.57472229003906,466.2525939941406,52.61848449707031,-0.403431236743927,-0.6611894965171814,-0.6325122117996216,25.419677734375,89.3924331665039,60.0970344543457,0.0,0.19106334447860718,39.64690399169922,1,1,1,1,1,-109.6454849243164,469.0826110839844,57.97256851196289,-123.82504272460938,495.5968322753906,16.064327239990234,raise,38,2025-11-18T16:17:04.222598,my_hand_data\videos\raise_seq38_20251118_161700_418336.avi,89.88411690229273,360,90,HIGH,VIDEO_RECORDING,2025-11-18T16:17:04.480546
2025-11-18 16:17:04.240729,343,1118,HandType.Right,0.7473210096359253,-53.57472229003906,466.2525939941406,52.61848449707031,-0.403431236743927,-0.6611894965171814,-0.6325122117996216,25.419677734375,89.3924331665039,60.0970344543457,0.0,0.19106334447860718,39.64690399169922,1,1,1,1,1,-109.6454849243164,469.0826110839844,57.97256851196289,-123.82504272460938,495.5968322753906,16.064327239990234,raise,38,2025-11-18T16:17:04.240729,my_hand_data\videos\raise_seq38_20251118_161700_418336.avi,89.88411690229273,360,90,HIGH,VIDEO_RECORDING,2025-11-18T16:17:04.480546
2025-11-18 16:17:04.244755,344,1118,HandType.Right,0.7473210096359253,-53.57472229003906,466.2525939941406,52.61848449707031,-0.403431236743927,-0.6611894965171814,-0.6325122117996216,25.419677734375,89.3924331665039,60.0970344543457,0.0,0.19106334447860718,39.64690399169922,1,1,1,1,1,-109.6454849243164,469.0826110839844,57.97256851196289,-123.82504272460938,495.5968322753906,16.064327239990234,raise,38,2025-11-18T16:17:04.244755,my_hand_data\videos\raise_seq38_20251118_161700_418336.avi,89.88411690229273,360,90,HIGH,VIDEO_RECORDING,2025-11-18T16:17:04.480546
2025-11-18 16:17:04.260856,345,1118,HandType.Right,0.7426732778549194,-52.31174850463867,470.5885009765625,55.262508392333984,-0.4078109860420227,-0.6523215174674988,-0.6388793587684631,30.341598510742188,100.67707061767578,63.783084869384766,0.0,0.18227194249629974,39.75765609741211,1,1,1,1,1,-108.32868194580078,473.7138671875,60.88791275024414,-122.34687805175781,501.0223388671875,19.019725799560547,raise,38,2025-11-18T16:17:04.260856,my_hand_data\videos\raise_seq38_20251118_161700_418336.avi,89.88411690229273,360,90,HIGH,VIDEO_RECORDING,2025-11-18T16:17:04.480546
2025-11-18 16:17:04.270921,346,1118,HandType.Right,0.7426732778549194,-52.31174850463867,470.5885009765625,55.262508392333984,-0.4078109860420227,-0.6523215174674988,-0.6388793587684631,30.341598510742188,100.67707061767578,63.783084869384766,0.0,0.18227194249629974,39.75765609741211,1,1,1,1,1,-108.32868194580078,473.7138671875,60.88791275024414,-122.34687805175781,501.0223388671875,19.019725799560547,raise,38,2025-11-18T16:17:04.270921,my_hand_data\videos\raise_seq38_20251118_161700_418336.avi,89.88411690229273,360,90,HIGH,VIDEO_RECORDING,2025-11-18T16:17:04.480546
2025-11-18 16:17:04.280992,347,1118,HandType.Right,0.7412788271903992,-51.705345153808594,472.7516784667969,56.61653137207031,-0.40988320112228394,-0.6488341689109802,-0.6411006450653076,25.14866828918457,100.78461456298828,61.219600677490234,0.0,0.18885673582553864,39.61450958251953,1,1,1,1,1,-107.75019836425781,476.09063720703125,62.18870544433594,-121.47209167480469,503.2082824707031,20.401731491088867,raise,38,2025-11-18T16:17:04.280992,my_hand_data\videos\raise_seq38_20251118_161700_418336.avi,89.88411690229273,360,90,HIGH,VIDEO_RECORDING,2025-11-18T16:17:04.480546
2025-11-18 16:17:04.291050,348,1118,HandType.Right,0.7400420308113098,-51.38238525390625,473.907958984375,57.34695053100586,-0.4093526601791382,-0.6470547318458557,-0.6432344913482666,28.848529815673828,103.2859115600586,65.24496459960938,0.0,0.1891791969537735,39.576053619384766,1,1,1,1,1,-107.46463012695312,477.32684326171875,62.93880844116211,-121.14693450927734,504.4262390136719,21.144433975219727,raise,38,2025-11-18T16:17:04.291050,my_hand_data\videos\raise_seq38_20251118_161700_418336.avi,89.88411690229273,360,90,HIGH,VIDEO_RECORDING,2025-11-18T16:17:04.480546
2025-11-18 16:17:04.301115,349,1118,HandType.Right,0.7400420308113098,-51.38238525390625,473.907958984375,57.34695053100586,-0.4093526601791382,-0.6470547318458557,-0.6432344913482666,28.848529815673828,103.2859115600586,65.24496459960938,0.0,0.1891791969537735,39.576053619384766,1,1,1,1,1,-107.46463012695312,477.32684326171875,62.93880844116211,-121.14693450927734,504.4262390136719,21.144433975219727,raise,38,2025-11-18T16:17:04.301115,my_hand_data\videos\raise_seq38_20251118_161700_418336.avi,89.88411690229273,360,90,HIGH,VIDEO_RECORDING,2025-11-18T16:17:04.480546
2025-11-18 16:17:04.321256,350,1118,HandType.Right,0.7396402955055237,-51.06609344482422,474.9432373046875,58.0919303894043,-0.40907299518585205,-0.6450543999671936,-0.6454178094863892,28.803747177124023,94.2807388305664,67.84284210205078,0.0,0.18887364864349365,39.5593376159668,1,1,1,1,1,-107.12689208984375,478.40948486328125,63.67071533203125,-120.82235717773438,505.61553955078125,21.93309783935547,raise,38,2025-11-18T16:17:04.321256,my_hand_data\videos\raise_seq38_20251118_161700_418336.avi,89.88411690229273,360,90,HIGH,VIDEO_RECORDING,2025-11-18T16:17:04.480546
2025-11-18 16:17:04.325280,351,1118,HandType.Right,0.7396402955055237,-51.06609344482422,474.9432373046875,58.0919303894043,-0.40907299518585205,-0.6450543999671936,-0.6454178094863892,28.803747177124023,94.2807388305664,67.84284210205078,0.0,0.18887364864349365,39.5593376159668,1,1,1,1,1,-107.12689208984375,478.40948486328125,63.67071533203125,-120.82235717773438,505.61553955078125,21.93309783935547,raise,38,2025-11-18T16:17:04.325280,my_hand_data\videos\raise_seq38_20251118_161700_418336.avi,89.88411690229273,360,90,HIGH,VIDEO_RECORDING,2025-11-18T16:17:04.480546
2025-11-18 16:17:04.341648,352,1118,HandType.Right,0.7396402955055237,-51.06609344482422,474.9432373046875,58.0919303894043,-0.40907299518585205,-0.6450543999671936,-0.6454178094863892,28.803747177124023,94.2807388305664,67.84284210205078,0.0,0.18887364864349365,39.5593376159668,1,1,1,1,1,-107.12689208984375,478.40948486328125,63.67071533203125,-120.82235717773438,505.61553955078125,21.93309783935547,raise,38,2025-11-18T16:17:04.341648,my_hand_data\videos\raise_seq38_20251118_161700_418336.avi,89.88411690229273,360,90,HIGH,VIDEO_RECORDING,2025-11-18T16:17:04.480546
2025-11-18 16:17:04.347691,353,1118,HandType.Right,0.7396402955055237,-51.06609344482422,474.9432373046875,58.0919303894043,-0.40907299518585205,-0.6450543999671936,-0.6454178094863892,28.803747177124023,94.2807388305664,67.84284210205078,0.0,0.18887364864349365,39.5593376159668,1,1,1,1,1,-107.12689208984375,478.40948486328125,63.67071533203125,-120.82235717773438,505.61553955078125,21.93309783935547,raise,38,2025-11-18T16:17:04.347691,my_hand_data\videos\raise_seq38_20251118_161700_418336.avi,89.88411690229273,360,90,HIGH,VIDEO_RECORDING,2025-11-18T16:17:04.480546
2025-11-18 16:17:04.361788,354,1118,HandType.Right,0.7396402955055237,-51.06609344482422,474.9432373046875,58.0919303894043,-0.40907299518585205,-0.6450543999671936,-0.6454178094863892,28.803747177124023,94.2807388305664,67.84284210205078,0.0,0.18887364864349365,39.5593376159668,1,1,1,1,1,-107.12689208984375,478.40948486328125,63.67071533203125,-120.82235717773438,505.61553955078125,21.93309783935547,raise,38,2025-11-18T16:17:04.361788,my_hand_data\videos\raise_seq38_20251118_161700_418336.avi,89.88411690229273,360,90,HIGH,VIDEO_RECORDING,2025-11-18T16:17:04.480546
2025-11-18 16:17:04.365819,355,1118,HandType.Right,0.7396402955055237,-51.06609344482422,474.9432373046875,58.0919303894043,-0.40907299518585205,-0.6450543999671936,-0.6454178094863892,28.803747177124023,94.2807388305664,67.84284210205078,0.0,0.18887364864349365,39.5593376159668,1,1,1,1,1,-107.12689208984375,478.40948486328125,63.67071533203125,-120.82235717773438,505.61553955078125,21.93309783935547,raise,38,2025-11-18T16:17:04.365819,my_hand_data\videos\raise_seq38_20251118_161700_418336.avi,89.88411690229273,360,90,HIGH,VIDEO_RECORDING,2025-11-18T16:17:04.480546
2025-11-18 16:17:04.383938,356,1118,HandType.Right,0.7396402955055237,-51.06609344482422,474.9432373046875,58.0919303894043,-0.40907299518585205,-0.6450543999671936,-0.6454178094863892,28.803747177124023,94.2807388305664,67.84284210205078,0.0,0.18887364864349365,39.5593376159668,1,1,1,1,1,-107.12689208984375,478.40948486328125,63.67071533203125,-120.82235717773438,505.61553955078125,21.93309783935547,raise,38,2025-11-18T16:17:04.383938,my_hand_data\videos\raise_seq38_20251118_161700_418336.avi,89.88411690229273,360,90,HIGH,VIDEO_RECORDING,2025-11-18T16:17:04.480546
2025-11-18 16:17:04.387968,357,1118,HandType.Right,0.7396402955055237,-51.06609344482422,474.9432373046875,58.0919303894043,-0.40907299518585205,-0.6450543999671936,-0.6454178094863892,28.803747177124023,94.2807388305664,67.84284210205078,0.0,0.18887364864349365,39.5593376159668,1,1,1,1,1,-107.12689208984375,478.40948486328125,63.67071533203125,-120.82235717773438,505.61553955078125,21.93309783935547,raise,38,2025-11-18T16:17:04.387968,my_hand_data\videos\raise_seq38_20251118_161700_418336.avi,89.88411690229273,360,90,HIGH,VIDEO_RECORDING,2025-11-18T16:17:04.480546
2025-11-18 16:17:04.404071,358,1118,HandType.Right,0.7396402955055237,-51.06609344482422,474.9432373046875,58.0919303894043,-0.40907299518585205,-0.6450543999671936,-0.6454178094863892,28.803747177124023,94.2807388305664,67.84284210205078,0.0,0.18887364864349365,39.5593376159668,1,1,1,1,1,-107.12689208984375,478.40948486328125,63.67071533203125,-120.82235717773438,505.61553955078125,21.93309783935547,raise,38,2025-11-18T16:17:04.404071,my_hand_data\videos\raise_seq38_20251118_161700_418336.avi,89.88411690229273,360,90,HIGH,VIDEO_RECORDING,2025-11-18T16:17:04.480546
2025-11-18 16:17:04.412118,359,1118,HandType.Right,0.7396402955055237,-51.06609344482422,474.9432373046875,58.0919303894043,-0.40907299518585205,-0.6450543999671936,-0.6454178094863892,28.803747177124023,94.2807388305664,67.84284210205078,0.0,0.18887364864349365,39.5593376159668,1,1,1,1,1,-107.12689208984375,478.40948486328125,63.67071533203125,-120.82235717773438,505.61553955078125,21.93309783935547,raise,38,2025-11-18T16:17:04.412118,my_hand_data\videos\raise_seq38_20251118_161700_418336.avi,89.88411690229273,360,90,HIGH,VIDEO_RECORDING,2025-11-18T16:17:04.480546
2025-11-18 16:17:04.422192,360,1118,HandType.Right,0.7396402955055237,-51.06609344482422,474.9432373046875,58.0919303894043,-0.40907299518585205,-0.6450543999671936,-0.6454178094863892,28.803747177124023,94.2807388305664,67.84284210205078,0.0,0.18887364864349365,39.5593376159668,1,1,1,1,1,-107.12689208984375,478.40948486328125,63.67071533203125,-120.82235717773438,505.61553955078125,21.93309783935547,raise,38,2025-11-18T16:17:04.422192,my_hand_data\videos\raise_seq38_20251118_161700_418336.avi,89.88411690229273,360,90,HIGH,VIDEO_RECORDING,2025-11-18T16:17:04.480546
