timestamp,frame_id,hand_id,hand_type,confidence,palm_x,palm_y,palm_z,palm_normal_x,palm_normal_y,palm_normal_z,palm_velocity_x,palm_velocity_y,palm_velocity_z,grab_strength,pinch_strength,pinch_distance,thumb_extended,index_extended,middle_extended,ring_extended,pinky_extended,thumb_tip_x,thumb_tip_y,thumb_tip_z,index_tip_x,index_tip_y,index_tip_z,gesture_type,sequence_id,recording_timestamp,video_file_path,performance_actual_fps,performance_total_frames,performance_target_fps,performance_quality,performance_mode,video_recording_time
2025-11-18 15:41:28.938806,1,1108,HandType.Right,0.2356436848640442,-46.21018600463867,109.16832733154297,-51.69518280029297,-0.9882650375366211,-0.06261080503463745,0.13932736217975616,-1.6251987218856812,-7.496422290802002,-6.829607009887695,0.0,0.0,61.7696533203125,1,1,1,1,1,-85.89067840576172,159.93020629882812,-41.27420425415039,-77.31947326660156,158.49827575683594,-113.096923828125,raise,26,2025-11-18T15:41:28.938806,my_hand_data\videos\raise_seq26_20251118_154128_918386.avi,89.85430573597318,360,90,HIGH,VIDEO_RECORDING,2025-11-18T15:41:33.014295
2025-11-18 15:41:28.949208,2,1108,HandType.Right,0.23566150665283203,-46.23771667480469,109.0810775756836,-51.73985290527344,-0.9882650971412659,-0.062480051070451736,0.1393856555223465,-2.478126287460327,-7.8543243408203125,-4.021166801452637,0.0,0.0,61.77434158325195,1,1,1,1,1,-85.87996673583984,159.86456298828125,-41.314796447753906,-77.31513977050781,158.40774536132812,-113.16377258300781,raise,26,2025-11-18T15:41:28.949208,my_hand_data\videos\raise_seq26_20251118_154128_918386.avi,89.85430573597318,360,90,HIGH,VIDEO_RECORDING,2025-11-18T15:41:33.014295
2025-11-18 15:41:28.969543,3,1108,HandType.Right,0.23579484224319458,-46.288658142089844,108.963623046875,-51.765472412109375,-0.9882336258888245,-0.0625312328338623,0.13958556950092316,-4.420795440673828,-10.19303035736084,-2.2233383655548096,0.0,0.0,61.76850509643555,1,1,1,1,1,-85.88087463378906,159.7794647216797,-41.336944580078125,-77.35431671142578,158.2786102294922,-113.20947265625,raise,26,2025-11-18T15:41:28.969543,my_hand_data\videos\raise_seq26_20251118_154128_918386.avi,89.85430573597318,360,90,HIGH,VIDEO_RECORDING,2025-11-18T15:41:33.014295
2025-11-18 15:41:28.969543,4,1108,HandType.Right,0.23591583967208862,-46.33921813964844,108.7960205078125,-51.75239944458008,-0.9881956577301025,-0.06245803460478783,0.1398867666721344,-4.671255111694336,-15.483759880065918,1.207721471786499,0.0,0.0,61.75222396850586,1,1,1,1,1,-85.87049102783203,159.6249237060547,-41.328453063964844,-77.39385986328125,158.093994140625,-113.2188720703125,raise,26,2025-11-18T15:41:28.969543,my_hand_data\videos\raise_seq26_20251118_154128_918386.avi,89.85430573597318,360,90,HIGH,VIDEO_RECORDING,2025-11-18T15:41:33.014295
2025-11-18 15:41:28.990403,5,1108,HandType.Right,0.2369852066040039,-46.40715789794922,108.5635986328125,-51.691566467285156,-0.9881460070610046,-0.0625690370798111,0.14018787443637848,-6.057950496673584,-20.724172592163086,5.424556255340576,0.0,0.0,61.75276565551758,1,1,1,1,1,-85.89403533935547,159.4320526123047,-41.26081848144531,-77.47537231445312,157.81602478027344,-113.17090606689453,raise,26,2025-11-18T15:41:28.990403,my_hand_data\videos\raise_seq26_20251118_154128_918386.avi,89.85430573597318,360,90,HIGH,VIDEO_RECORDING,2025-11-18T15:41:33.014295
2025-11-18 15:41:28.990403,6,1108,HandType.Right,0.23696410655975342,-46.495906829833984,108.30782318115234,-51.618751525878906,-0.9880445003509521,-0.06310544162988663,0.1406620889902115,-7.950797080993652,-22.915435791015625,6.5231828689575195,0.0,0.0,61.74644088745117,1,1,1,1,1,-85.9205093383789,159.2234649658203,-41.16953659057617,-77.58583068847656,157.52134704589844,-113.13529205322266,raise,26,2025-11-18T15:41:28.990403,my_hand_data\videos\raise_seq26_20251118_154128_918386.avi,89.85430573597318,360,90,HIGH,VIDEO_RECORDING,2025-11-18T15:41:33.014295
2025-11-18 15:41:29.011228,7,1108,HandType.Right,0.2378150224685669,-46.5653076171875,108.02384185791016,-51.51038360595703,-0.9879510402679443,-0.06376778334379196,0.1410190314054489,-6.333958148956299,-25.917585372924805,9.890356063842773,0.0,0.0,61.74681091308594,1,1,1,1,1,-85.88845825195312,159.0360565185547,-41.03162384033203,-77.70345306396484,157.18038940429688,-113.04935455322266,raise,26,2025-11-18T15:41:29.011228,my_hand_data\videos\raise_seq26_20251118_154128_918386.avi,89.85430573597318,360,90,HIGH,VIDEO_RECORDING,2025-11-18T15:41:33.014295
2025-11-18 15:41:29.013817,8,1108,HandType.Right,0.2381005883216858,-46.640411376953125,107.74613952636719,-51.41297149658203,-0.9878382086753845,-0.06446372717618942,0.14149262011051178,-6.767357349395752,-25.022537231445312,8.777644157409668,0.0,0.0,61.701759338378906,1,1,1,1,1,-85.89497375488281,158.76919555664062,-40.931121826171875,-77.85826110839844,156.86300659179688,-112.92191314697266,raise,26,2025-11-18T15:41:29.013817,my_hand_data\videos\raise_seq26_20251118_154128_918386.avi,89.85430573597318,360,90,HIGH,VIDEO_RECORDING,2025-11-18T15:41:33.014295
2025-11-18 15:41:29.032169,9,1108,HandType.Right,0.2374863624572754,-46.704017639160156,107.44605255126953,-51.310279846191406,-0.9877517819404602,-0.06518781930208206,0.14176376163959503,-5.7052083015441895,-26.916088104248047,9.210760116577148,0.0,0.0,61.68071365356445,1,1,1,1,1,-85.92452239990234,158.47503662109375,-40.8228874206543,-78.01112365722656,156.4994659423828,-112.78788757324219,raise,26,2025-11-18T15:41:29.032169,my_hand_data\videos\raise_seq26_20251118_154128_918386.avi,89.85430573597318,360,90,HIGH,VIDEO_RECORDING,2025-11-18T15:41:33.014295
2025-11-18 15:41:29.042592,10,1108,HandType.Right,0.23748958110809326,-46.77022933959961,107.14004516601562,-51.2147331237793,-0.9876556396484375,-0.06623006612062454,0.14195051789283752,-5.953022480010986,-27.513744354248047,8.590719223022461,0.0,0.0,61.66509246826172,1,1,1,1,1,-85.99346923828125,158.127197265625,-40.70820999145508,-78.20098114013672,156.13702392578125,-112.58934783935547,raise,26,2025-11-18T15:41:29.042592,my_hand_data\videos\raise_seq26_20251118_154128_918386.avi,89.85430573597318,360,90,HIGH,VIDEO_RECORDING,2025-11-18T15:41:33.014295
2025-11-18 15:41:29.053119,11,1108,HandType.Right,0.235448956489563,-46.84825134277344,106.8357925415039,-51.146629333496094,-0.9875507354736328,-0.06721227616071701,0.1422182321548462,-7.147505283355713,-27.872514724731445,6.239022254943848,0.0,0.0,61.642311096191406,1,1,1,1,1,-86.04183959960938,157.81500244140625,-40.62030792236328,-78.32853698730469,155.80032348632812,-112.46332550048828,raise,26,2025-11-18T15:41:29.053119,my_hand_data\videos\raise_seq26_20251118_154128_918386.avi,89.85430573597318,360,90,HIGH,VIDEO_RECORDING,2025-11-18T15:41:33.014295
2025-11-18 15:41:29.063215,12,1108,HandType.Right,0.2331012487411499,-46.960079193115234,106.57791137695312,-51.07767868041992,-0.9874143004417419,-0.06836915761232376,0.1426137089729309,-10.053680419921875,-23.184478759765625,6.19868803024292,0.0,0.0,61.581016540527344,1,1,1,1,1,-86.1095199584961,157.5499267578125,-40.5528678894043,-78.5140380859375,155.50552368164062,-112.33596801757812,raise,26,2025-11-18T15:41:29.063215,my_hand_data\videos\raise_seq26_20251118_154128_918386.avi,89.85430573597318,360,90,HIGH,VIDEO_RECORDING,2025-11-18T15:41:33.014295
2025-11-18 15:41:29.073641,13,1108,HandType.Right,0.2314743995666504,-47.040897369384766,106.30423736572266,-50.9804573059082,-0.9872807264328003,-0.0694069117307663,0.14303666353225708,-7.159206390380859,-24.2421875,8.612215995788574,0.0,0.0,61.53075408935547,1,1,1,1,1,-86.17842102050781,157.24217224121094,-40.4541130065918,-78.65986633300781,155.2307586669922,-112.19343566894531,raise,26,2025-11-18T15:41:29.073641,my_hand_data\videos\raise_seq26_20251118_154128_918386.avi,89.85430573597318,360,90,HIGH,VIDEO_RECORDING,2025-11-18T15:41:33.014295
2025-11-18 15:41:29.084070,14,1108,HandType.Right,0.23066329956054688,-47.13349151611328,106.09042358398438,-50.92264938354492,-0.9871425032615662,-0.07060038298368454,0.1434059739112854,-8.39863109588623,-19.393783569335938,5.243366718292236,0.0,0.0,61.476043701171875,1,1,1,1,1,-86.2659912109375,156.97105407714844,-40.403446197509766,-78.8095474243164,155.02029418945312,-112.11603546142578,raise,26,2025-11-18T15:41:29.084070,my_hand_data\videos\raise_seq26_20251118_154128_918386.avi,89.85430573597318,360,90,HIGH,VIDEO_RECORDING,2025-11-18T15:41:33.014295
2025-11-18 15:41:29.094572,15,1108,HandType.Right,0.22924411296844482,-47.17361068725586,105.87387084960938,-50.85670852661133,-0.9870092868804932,-0.07149343192577362,0.14387957751750946,-3.601490020751953,-19.441102981567383,5.919816493988037,0.0,0.0,61.41633224487305,1,1,1,1,1,-86.29353332519531,156.73312377929688,-40.34892654418945,-78.90460205078125,154.81558227539062,-112.04359436035156,raise,26,2025-11-18T15:41:29.094572,my_hand_data\videos\raise_seq26_20251118_154128_918386.avi,89.85430573597318,360,90,HIGH,VIDEO_RECORDING,2025-11-18T15:41:33.014295
2025-11-18 15:41:29.104849,16,1108,HandType.Right,0.22924411296844482,-47.17361068725586,105.87387084960938,-50.85670852661133,-0.9870092868804932,-0.07149343192577362,0.14387957751750946,-3.601490020751953,-19.441102981567383,5.919816493988037,0.0,0.0,61.41633224487305,1,1,1,1,1,-86.29353332519531,156.73312377929688,-40.34892654418945,-78.90460205078125,154.81558227539062,-112.04359436035156,raise,26,2025-11-18T15:41:29.104849,my_hand_data\videos\raise_seq26_20251118_154128_918386.avi,89.85430573597318,360,90,HIGH,VIDEO_RECORDING,2025-11-18T15:41:33.014295
2025-11-18 15:41:29.115193,17,1108,HandType.Right,0.22750341892242432,-47.16206359863281,105.6695327758789,-50.8441047668457,-0.9869133234024048,-0.07185573130846024,0.14435678720474243,1.0173531770706177,-18.001543045043945,1.1104565858840942,0.0,0.0,61.33799743652344,1,1,1,1,1,-86.28732299804688,156.44915771484375,-40.35987854003906,-78.96028137207031,154.62147521972656,-111.9597396850586,raise,26,2025-11-18T15:41:29.115193,my_hand_data\videos\raise_seq26_20251118_154128_918386.avi,89.85430573597318,360,90,HIGH,VIDEO_RECORDING,2025-11-18T15:41:33.014295
2025-11-18 15:41:29.125262,18,1108,HandType.Right,0.22495722770690918,-47.151485443115234,105.54499816894531,-50.820533752441406,-0.9868118166923523,-0.072564497590065,0.1446956992149353,0.9859980940818787,-11.609050750732422,2.197361469268799,0.0,0.0,61.26508331298828,1,1,1,1,1,-86.27371978759766,156.2611083984375,-40.360809326171875,-78.95238494873047,154.51995849609375,-111.9209976196289,raise,26,2025-11-18T15:41:29.125262,my_hand_data\videos\raise_seq26_20251118_154128_918386.avi,89.85430573597318,360,90,HIGH,VIDEO_RECORDING,2025-11-18T15:41:33.014295
2025-11-18 15:41:29.145239,19,1108,HandType.Right,0.22298157215118408,-47.09506607055664,105.36753845214844,-50.79518508911133,-0.9865633845329285,-0.07451251149177551,0.14539793133735657,3.2957653999328613,-5.947444915771484,-0.8865893483161926,0.0,0.0,61.157432556152344,1,1,1,1,1,-86.2712173461914,155.97706604003906,-40.37303924560547,-78.93687438964844,154.45399475097656,-111.91072082519531,raise,26,2025-11-18T15:41:29.145239,my_hand_data\videos\raise_seq26_20251118_154128_918386.avi,89.85430573597318,360,90,HIGH,VIDEO_RECORDING,2025-11-18T15:41:33.014295
2025-11-18 15:41:29.147862,20,1108,HandType.Right,0.22298157215118408,-47.09506607055664,105.36753845214844,-50.79518508911133,-0.9865633845329285,-0.07451251149177551,0.14539793133735657,3.2957653999328613,-5.947444915771484,-0.8865893483161926,0.0,0.0,61.157432556152344,1,1,1,1,1,-86.2712173461914,155.97706604003906,-40.37303924560547,-78.93687438964844,154.45399475097656,-111.91072082519531,raise,26,2025-11-18T15:41:29.147862,my_hand_data\videos\raise_seq26_20251118_154128_918386.avi,89.85430573597318,360,90,HIGH,VIDEO_RECORDING,2025-11-18T15:41:33.014295
2025-11-18 15:41:29.165316,21,1108,HandType.Right,0.21868592500686646,-46.97499465942383,105.44148254394531,-50.85637283325195,-0.9864466190338135,-0.0755096822977066,0.1456756442785263,4.522953510284424,5.768096446990967,-5.311887741088867,0.0,0.0,61.11382293701172,1,1,1,1,1,-86.31078338623047,155.8748779296875,-40.46800994873047,-78.87955474853516,154.55360412597656,-111.96963500976562,raise,26,2025-11-18T15:41:29.165316,my_hand_data\videos\raise_seq26_20251118_154128_918386.avi,89.85430573597318,360,90,HIGH,VIDEO_RECORDING,2025-11-18T15:41:33.014295
2025-11-18 15:41:29.175795,22,1108,HandType.Right,0.21674621105194092,-46.89826202392578,105.57758331298828,-50.87368392944336,-0.9863911867141724,-0.07617312669754028,0.14570532739162445,6.795326232910156,12.052422523498535,-1.5330662727355957,0.0,0.0,61.102413177490234,1,1,1,1,1,-86.36595916748047,155.8944549560547,-40.49269485473633,-78.8254623413086,154.71510314941406,-111.99249267578125,raise,26,2025-11-18T15:41:29.175795,my_hand_data\videos\raise_seq26_20251118_154128_918386.avi,89.85430573597318,360,90,HIGH,VIDEO_RECORDING,2025-11-18T15:41:33.014295
2025-11-18 15:41:29.186212,23,1108,HandType.Right,0.21427732706069946,-46.871551513671875,105.79434967041016,-50.959163665771484,-0.9863460063934326,-0.07678940147161484,0.14568771421909332,2.4384288787841797,19.786945343017578,-7.80288028717041,0.0,0.0,61.09895324707031,1,1,1,1,1,-86.39754486083984,156.09616088867188,-40.576927185058594,-78.79147338867188,154.96527099609375,-112.13971710205078,raise,26,2025-11-18T15:41:29.186212,my_hand_data\videos\raise_seq26_20251118_154128_918386.avi,89.85430573597318,360,90,HIGH,VIDEO_RECORDING,2025-11-18T15:41:33.014295
2025-11-18 15:41:29.196617,24,1108,HandType.Right,0.21249449253082275,-46.829505920410156,106.11778259277344,-51.005191802978516,-0.9862684607505798,-0.07765167951583862,0.14575575292110443,3.7597815990448,28.922086715698242,-4.115884304046631,0.0,0.0,61.10054397583008,1,1,1,1,1,-86.49386596679688,156.33949279785156,-40.62503433227539,-78.75390625,155.30987548828125,-112.27079010009766,raise,26,2025-11-18T15:41:29.196617,my_hand_data\videos\raise_seq26_20251118_154128_918386.avi,89.85430573597318,360,90,HIGH,VIDEO_RECORDING,2025-11-18T15:41:33.014295
2025-11-18 15:41:29.207018,25,1108,HandType.Right,0.21274083852767944,-46.757904052734375,106.50094604492188,-51.051387786865234,-0.9862313270568848,-0.07775148004293442,0.14595367014408112,6.519870281219482,34.889957427978516,-4.206445693969727,0.0,0.0,61.126869201660156,1,1,1,1,1,-86.5939712524414,156.6505584716797,-40.673580169677734,-78.70317840576172,155.70057678222656,-112.3623275756836,raise,26,2025-11-18T15:41:29.207018,my_hand_data\videos\raise_seq26_20251118_154128_918386.avi,89.85430573597318,360,90,HIGH,VIDEO_RECORDING,2025-11-18T15:41:33.014295
2025-11-18 15:41:29.217207,26,1108,HandType.Right,0.21483838558197021,-46.667335510253906,106.88355255126953,-51.023193359375,-0.9862115383148193,-0.07714980840682983,0.14640577137470245,8.06838321685791,34.085296630859375,2.511679172515869,0.0,0.0,61.185585021972656,1,1,1,1,1,-86.62531280517578,157.03294372558594,-40.64949417114258,-78.5544662475586,156.15370178222656,-112.5007553100586,raise,26,2025-11-18T15:41:29.217207,my_hand_data\videos\raise_seq26_20251118_154128_918386.avi,89.85430573597318,360,90,HIGH,VIDEO_RECORDING,2025-11-18T15:41:33.014295
2025-11-18 15:41:29.227599,27,1108,HandType.Right,0.21761518716812134,-46.581756591796875,107.33306884765625,-51.02027893066406,-0.9862027168273926,-0.0763905867934227,0.1468629539012909,7.706226348876953,40.478599548339844,0.2624988257884979,0.0,0.0,61.25972366333008,1,1,1,1,1,-86.65277099609375,157.4917755126953,-40.64716339111328,-78.37499237060547,156.68675231933594,-112.67457580566406,raise,26,2025-11-18T15:41:29.227599,my_hand_data\videos\raise_seq26_20251118_154128_918386.avi,89.85430573597318,360,90,HIGH,VIDEO_RECORDING,2025-11-18T15:41:33.014295
2025-11-18 15:41:29.238012,28,1108,HandType.Right,0.21921145915985107,-46.50305938720703,107.84256744384766,-51.029605865478516,-0.9861827492713928,-0.07534848898649216,0.14753367006778717,7.146114349365234,46.263790130615234,-0.8468508124351501,0.0,0.0,61.34360885620117,1,1,1,1,1,-86.60006713867188,158.0679473876953,-40.651702880859375,-78.13932037353516,157.30426025390625,-112.94158935546875,raise,26,2025-11-18T15:41:29.238012,my_hand_data\videos\raise_seq26_20251118_154128_918386.avi,89.85430573597318,360,90,HIGH,VIDEO_RECORDING,2025-11-18T15:41:33.014295
2025-11-18 15:41:29.248078,29,1108,HandType.Right,0.21921145915985107,-46.50305938720703,107.84256744384766,-51.029605865478516,-0.9861827492713928,-0.07534848898649216,0.14753367006778717,7.146114349365234,46.263790130615234,-0.8468508124351501,0.0,0.0,61.34360885620117,1,1,1,1,1,-86.60006713867188,158.0679473876953,-40.651702880859375,-78.13932037353516,157.30426025390625,-112.94158935546875,raise,26,2025-11-18T15:41:29.248078,my_hand_data\videos\raise_seq26_20251118_154128_918386.avi,89.85430573597318,360,90,HIGH,VIDEO_RECORDING,2025-11-18T15:41:33.014295
2025-11-18 15:41:29.268466,30,1108,HandType.Right,0.22114133834838867,-46.30030822753906,109.17366790771484,-51.087066650390625,-0.9860578775405884,-0.07507560402154922,0.14850416779518127,11.224023818969727,64.0301742553711,-0.3619847297668457,0.0,0.0,61.54685974121094,1,1,1,1,1,-86.5202865600586,159.45033264160156,-40.70078659057617,-77.66252899169922,158.6553497314453,-113.58233642578125,raise,26,2025-11-18T15:41:29.268466,my_hand_data\videos\raise_seq26_20251118_154128_918386.avi,89.85430573597318,360,90,HIGH,VIDEO_RECORDING,2025-11-18T15:41:33.014295
2025-11-18 15:41:29.268466,31,1108,HandType.Right,0.22385549545288086,-46.09807205200195,109.87461853027344,-51.148494720458984,-0.9860073328018188,-0.07359229028224945,0.14957858622074127,18.36677360534668,63.659080505371094,-5.578776836395264,0.0,0.0,61.71464538574219,1,1,1,1,1,-86.40717315673828,160.16726684570312,-40.74610137939453,-77.33381652832031,159.37112426757812,-113.80997467041016,raise,26,2025-11-18T15:41:29.268466,my_hand_data\videos\raise_seq26_20251118_154128_918386.avi,89.85430573597318,360,90,HIGH,VIDEO_RECORDING,2025-11-18T15:41:33.014295
2025-11-18 15:41:29.289347,32,1108,HandType.Right,0.22512125968933105,-45.944732666015625,110.65908813476562,-51.25038146972656,-0.9859466552734375,-0.07224956899881363,0.15062914788722992,13.66289234161377,69.89833068847656,-9.078215599060059,0.0,0.0,61.917537689208984,1,1,1,1,1,-86.27745819091797,161.04444885253906,-40.80231475830078,-77.06758117675781,160.12493896484375,-114.15093994140625,raise,26,2025-11-18T15:41:29.289347,my_hand_data\videos\raise_seq26_20251118_154128_918386.avi,89.85430573597318,360,90,HIGH,VIDEO_RECORDING,2025-11-18T15:41:33.014295
2025-11-18 15:41:29.290036,33,1108,HandType.Right,0.22291195392608643,-45.84307098388672,111.5643539428711,-51.4244499206543,-0.9859060645103455,-0.06971165537834167,0.15208406746387482,9.355867385864258,83.31207275390625,-16.019563674926758,0.0,0.0,62.1737060546875,1,1,1,1,1,-86.19398498535156,161.96633911132812,-40.96854019165039,-76.7647933959961,160.91940307617188,-114.76995086669922,raise,26,2025-11-18T15:41:29.290036,my_hand_data\videos\raise_seq26_20251118_154128_918386.avi,89.85430573597318,360,90,HIGH,VIDEO_RECORDING,2025-11-18T15:41:33.014295
2025-11-18 15:41:29.309867,34,1108,HandType.Right,0.21798330545425415,-45.750301361083984,112.54320526123047,-51.49040985107422,-0.9857907891273499,-0.06795261055231094,0.1536194235086441,8.270423889160156,87.26514434814453,-5.88055419921875,0.0,0.0,62.26925277709961,1,1,1,1,1,-86.3284683227539,162.69464111328125,-41.06804656982422,-76.63184356689453,161.72677612304688,-115.03630065917969,raise,26,2025-11-18T15:41:29.309867,my_hand_data\videos\raise_seq26_20251118_154128_918386.avi,89.85430573597318,360,90,HIGH,VIDEO_RECORDING,2025-11-18T15:41:33.014295
2025-11-18 15:41:29.320024,35,1108,HandType.Right,0.211889386177063,-45.69948196411133,113.65837097167969,-51.686038970947266,-0.9857147932052612,-0.06630981713533401,0.15482041239738464,4.607402324676514,101.10267639160156,-17.735919952392578,0.0,0.0,62.27633285522461,1,1,1,1,1,-86.69686126708984,163.1138458251953,-41.47904586791992,-76.56404113769531,162.4552001953125,-115.37213897705078,raise,26,2025-11-18T15:41:29.320024,my_hand_data\videos\raise_seq26_20251118_154128_918386.avi,89.85430573597318,360,90,HIGH,VIDEO_RECORDING,2025-11-18T15:41:33.014295
2025-11-18 15:41:29.330133,36,1108,HandType.Right,0.20772767066955566,-45.585445404052734,114.81316375732422,-52.00293731689453,-0.985671877861023,-0.06483124196529388,0.15571729838848114,10.216357231140137,103.45755767822266,-28.391033172607422,0.0,0.0,62.295223236083984,0,1,1,1,1,-87.00695037841797,163.7511444091797,-42.063568115234375,-76.5295181274414,163.075439453125,-115.71202850341797,raise,26,2025-11-18T15:41:29.330133,my_hand_data\videos\raise_seq26_20251118_154128_918386.avi,89.85430573597318,360,90,HIGH,VIDEO_RECORDING,2025-11-18T15:41:33.014295
2025-11-18 15:41:29.340609,37,1108,HandType.Right,0.20780622959136963,-45.5660514831543,116.06731414794922,-52.441322326660156,-0.9855890870094299,-0.06546197086572647,0.1559770554304123,1.7543141841888428,113.43618774414062,-39.65127182006836,0.0,0.0,62.27199172973633,0,1,1,1,1,-87.42730712890625,164.4022674560547,-42.9342155456543,-76.7525405883789,163.59967041015625,-116.19536590576172,raise,26,2025-11-18T15:41:29.340609,my_hand_data\videos\raise_seq26_20251118_154128_918386.avi,89.85430573597318,360,90,HIGH,VIDEO_RECORDING,2025-11-18T15:41:33.014295
2025-11-18 15:41:29.351361,38,1108,HandType.Right,0.21011883020401,-45.510189056396484,117.29590606689453,-52.930931091308594,-0.9854766726493835,-0.0663355141878128,0.15631797909736633,4.984301567077637,109.6175537109375,-43.68387222290039,0.0,0.0,62.130062103271484,0,1,1,1,1,-87.88105773925781,164.84014892578125,-43.920433044433594,-77.19114685058594,164.06710815429688,-116.65680694580078,raise,26,2025-11-18T15:41:29.351361,my_hand_data\videos\raise_seq26_20251118_154128_918386.avi,89.85430573597318,360,90,HIGH,VIDEO_RECORDING,2025-11-18T15:41:33.014295
2025-11-18 15:41:29.360789,39,1108,HandType.Right,0.21011883020401,-45.510189056396484,117.29590606689453,-52.930931091308594,-0.9854766726493835,-0.0663355141878128,0.15631797909736633,4.984301567077637,109.6175537109375,-43.68387222290039,0.0,0.0,62.130062103271484,0,1,1,1,1,-87.88105773925781,164.84014892578125,-43.920433044433594,-77.19114685058594,164.06710815429688,-116.65680694580078,raise,26,2025-11-18T15:41:29.360789,my_hand_data\videos\raise_seq26_20251118_154128_918386.avi,89.85430573597318,360,90,HIGH,VIDEO_RECORDING,2025-11-18T15:41:33.014295
2025-11-18 15:41:29.371091,40,1108,HandType.Right,0.21844631433486938,-45.484378814697266,118.48294830322266,-53.46041488647461,-0.9853451251983643,-0.06820705533027649,0.1563417762517929,2.2869298458099365,105.17833709716797,-46.91501998901367,0.0,0.0,62.003318786621094,0,1,1,1,1,-88.42890167236328,165.1906280517578,-44.86231994628906,-77.71900177001953,164.63607788085938,-116.90663146972656,raise,26,2025-11-18T15:41:29.371091,my_hand_data\videos\raise_seq26_20251118_154128_918386.avi,89.85430573597318,360,90,HIGH,VIDEO_RECORDING,2025-11-18T15:41:33.014295
2025-11-18 15:41:29.391703,41,1108,HandType.Right,0.23873096704483032,-45.2144775390625,120.58519744873047,-54.16654586791992,-0.984692394733429,-0.07381484657526016,0.15789952874183655,13.831366539001465,88.74270629882812,-23.418344497680664,0.0,0.0,61.54558563232422,0,1,1,1,1,-89.43512725830078,165.37576293945312,-46.575443267822266,-78.52608489990234,165.71923828125,-117.0721206665039,raise,26,2025-11-18T15:41:29.391703,my_hand_data\videos\raise_seq26_20251118_154128_918386.avi,89.85430573597318,360,90,HIGH,VIDEO_RECORDING,2025-11-18T15:41:33.014295
2025-11-18 15:41:29.391703,42,1108,HandType.Right,0.24323958158493042,-45.11369323730469,121.80655670166016,-54.44200134277344,-0.9842574000358582,-0.07749270647764206,0.15884649753570557,9.431620597839355,114.29561614990234,-25.77720832824707,0.0,0.0,61.349666595458984,0,1,1,1,1,-89.82424926757812,165.8995819091797,-47.14520263671875,-78.75740051269531,166.72705078125,-117.26701354980469,raise,26,2025-11-18T15:41:29.391703,my_hand_data\videos\raise_seq26_20251118_154128_918386.avi,89.85430573597318,360,90,HIGH,VIDEO_RECORDING,2025-11-18T15:41:33.014295
2025-11-18 15:41:29.412289,43,1108,HandType.Right,0.24347293376922607,-44.787147521972656,123.0192642211914,-54.48357391357422,-0.9838225841522217,-0.07891341298818588,0.16082830727100372,29.68044662475586,110.22583770751953,-3.778440237045288,0.0,0.0,61.18169403076172,0,1,1,1,1,-89.8803482055664,166.35226440429688,-47.310203552246094,-78.63291931152344,167.96792602539062,-117.06871795654297,raise,26,2025-11-18T15:41:29.412289,my_hand_data\videos\raise_seq26_20251118_154128_918386.avi,89.85430573597318,360,90,HIGH,VIDEO_RECORDING,2025-11-18T15:41:33.014295
2025-11-18 15:41:29.417644,44,1108,HandType.Right,0.24063801765441895,-44.375728607177734,124.3559341430664,-54.63645935058594,-0.9836107492446899,-0.08035509288311005,0.1614093780517578,36.90529251098633,119.90194702148438,-13.714210510253906,0.0,0.0,61.044151306152344,0,1,1,1,1,-90.1473159790039,166.6310577392578,-47.65077209472656,-78.33958435058594,169.34866333007812,-116.91496276855469,raise,26,2025-11-18T15:41:29.417644,my_hand_data\videos\raise_seq26_20251118_154128_918386.avi,89.85430573597318,360,90,HIGH,VIDEO_RECORDING,2025-11-18T15:41:33.014295
2025-11-18 15:41:29.433129,45,1108,HandType.Right,0.23865914344787598,-44.053062438964844,125.7544937133789,-55.033729553222656,-0.9835205078125,-0.08074253797531128,0.16176526248455048,28.96211051940918,125.53298950195312,-35.658363342285156,0.0,0.0,60.97090530395508,0,1,1,1,1,-90.48905944824219,167.13719177246094,-48.21929168701172,-78.08885192871094,170.83203125,-117.05554962158203,raise,26,2025-11-18T15:41:29.433129,my_hand_data\videos\raise_seq26_20251118_154128_918386.avi,89.85430573597318,360,90,HIGH,VIDEO_RECORDING,2025-11-18T15:41:33.014295
2025-11-18 15:41:29.438543,46,1108,HandType.Right,0.23865914344787598,-44.053062438964844,125.7544937133789,-55.033729553222656,-0.9835205078125,-0.08074253797531128,0.16176526248455048,28.96211051940918,125.53298950195312,-35.658363342285156,0.0,0.0,60.97090530395508,0,1,1,1,1,-90.48905944824219,167.13719177246094,-48.21929168701172,-78.08885192871094,170.83203125,-117.05554962158203,raise,26,2025-11-18T15:41:29.438543,my_hand_data\videos\raise_seq26_20251118_154128_918386.avi,89.85430573597318,360,90,HIGH,VIDEO_RECORDING,2025-11-18T15:41:33.014295
2025-11-18 15:41:29.453784,47,1108,HandType.Right,0.24356311559677124,-43.49646759033203,128.61305236816406,-55.749568939208984,-0.983026921749115,-0.08698832988739014,0.1615273505449295,23.403564453125,138.7896270751953,-40.82242202758789,0.0,0.0,60.82011795043945,0,1,1,1,1,-91.48028564453125,167.51809692382812,-49.52672576904297,-77.89501953125,173.65264892578125,-117.18544006347656,raise,26,2025-11-18T15:41:29.453784,my_hand_data\videos\raise_seq26_20251118_154128_918386.avi,89.85430573597318,360,90,HIGH,VIDEO_RECORDING,2025-11-18T15:41:33.014295
2025-11-18 15:41:29.464375,48,1108,HandType.Right,0.24322330951690674,-43.232749938964844,130.2417755126953,-56.1693000793457,-0.982726514339447,-0.09242936223745346,0.1603291630744934,23.523263931274414,145.27871704101562,-37.439292907714844,0.0,0.0,60.597816467285156,0,1,1,1,1,-91.78982543945312,168.19110107421875,-50.34646987915039,-77.92807006835938,175.0852508544922,-117.35035705566406,raise,26,2025-11-18T15:41:29.464375,my_hand_data\videos\raise_seq26_20251118_154128_918386.avi,89.85430573597318,360,90,HIGH,VIDEO_RECORDING,2025-11-18T15:41:33.014295
2025-11-18 15:41:29.474639,49,1108,HandType.Right,0.24861544370651245,-42.979087829589844,131.908447265625,-56.43429946899414,-0.982215940952301,-0.10007841885089874,0.15885880589485168,22.517581939697266,147.95103454589844,-23.52405548095703,0.0,0.0,60.655784606933594,0,1,1,1,1,-92.37506866455078,168.72161865234375,-50.81929016113281,-78.02847290039062,176.53929138183594,-117.54219055175781,raise,26,2025-11-18T15:41:29.474639,my_hand_data\videos\raise_seq26_20251118_154128_918386.avi,89.85430573597318,360,90,HIGH,VIDEO_RECORDING,2025-11-18T15:41:33.014295
2025-11-18 15:41:29.485083,50,1108,HandType.Right,0.25808894634246826,-42.67043685913086,133.45359802246094,-56.80086898803711,-0.9815602898597717,-0.10814032703638077,0.15762324631214142,28.658523559570312,143.46800231933594,-34.03596878051758,0.0,0.0,60.48500061035156,0,1,1,1,1,-92.8143081665039,168.6418914794922,-51.65243148803711,-78.49291229248047,177.30523681640625,-117.6552734375,raise,26,2025-11-18T15:41:29.485083,my_hand_data\videos\raise_seq26_20251118_154128_918386.avi,89.85430573597318,360,90,HIGH,VIDEO_RECORDING,2025-11-18T15:41:33.014295
2025-11-18 15:41:29.495341,51,1108,HandType.Right,0.2657327651977539,-42.426055908203125,135.05963134765625,-57.0186653137207,-0.9807664155960083,-0.1179303526878357,0.15553018450737,21.79816436767578,143.25527954101562,-19.427268981933594,0.0,0.0,60.40488052368164,0,1,1,1,1,-93.45597076416016,168.62449645996094,-52.30901336669922,-78.8827896118164,178.3998260498047,-117.68107604980469,raise,26,2025-11-18T15:41:29.495341,my_hand_data\videos\raise_seq26_20251118_154128_918386.avi,89.85430573597318,360,90,HIGH,VIDEO_RECORDING,2025-11-18T15:41:33.014295
2025-11-18 15:41:29.505670,52,1108,HandType.Right,0.27384835481643677,-42.25205612182617,136.63731384277344,-57.377662658691406,-0.9797965288162231,-0.12782734632492065,0.15381461381912231,15.680167198181152,142.17218017578125,-32.3505859375,0.0,0.0,60.20643615722656,0,1,1,1,1,-94.06014251708984,168.0879364013672,-53.26051712036133,-79.13078308105469,179.5974884033203,-117.92930603027344,raise,26,2025-11-18T15:41:29.505670,my_hand_data\videos\raise_seq26_20251118_154128_918386.avi,89.85430573597318,360,90,HIGH,VIDEO_RECORDING,2025-11-18T15:41:33.014295
2025-11-18 15:41:29.515377,53,1108,HandType.Right,0.27384835481643677,-42.25205612182617,136.63731384277344,-57.377662658691406,-0.9797965288162231,-0.12782734632492065,0.15381461381912231,15.680167198181152,142.17218017578125,-32.3505859375,0.0,0.0,60.20643615722656,0,1,1,1,1,-94.06014251708984,168.0879364013672,-53.26051712036133,-79.13078308105469,179.5974884033203,-117.92930603027344,raise,26,2025-11-18T15:41:29.515377,my_hand_data\videos\raise_seq26_20251118_154128_918386.avi,89.85430573597318,360,90,HIGH,VIDEO_RECORDING,2025-11-18T15:41:33.014295
2025-11-18 15:41:29.535642,54,1108,HandType.Right,0.29474037885665894,-41.96367645263672,139.66119384765625,-57.85105514526367,-0.9775053858757019,-0.1486574113368988,0.14961352944374084,20.254871368408203,133.12429809570312,-21.849863052368164,0.0,0.0,59.53702926635742,0,1,1,1,1,-95.56607818603516,166.64065551757812,-55.270198822021484,-79.67220306396484,182.6413116455078,-118.01831817626953,raise,26,2025-11-18T15:41:29.535642,my_hand_data\videos\raise_seq26_20251118_154128_918386.avi,89.85430573597318,360,90,HIGH,VIDEO_RECORDING,2025-11-18T15:41:33.014295
2025-11-18 15:41:29.535642,55,1108,HandType.Right,0.3046761751174927,-41.57682418823242,141.2225341796875,-57.879817962646484,-0.9768826365470886,-0.15462154150009155,0.14762285351753235,35.3096809387207,142.51068115234375,-2.625270366668701,0.0,0.0,59.327117919921875,0,1,1,1,1,-96.00172424316406,165.8614501953125,-55.96466827392578,-79.48017120361328,184.37017822265625,-117.59163665771484,raise,26,2025-11-18T15:41:29.535642,my_hand_data\videos\raise_seq26_20251118_154128_918386.avi,89.85430573597318,360,90,HIGH,VIDEO_RECORDING,2025-11-18T15:41:33.014295
2025-11-18 15:41:29.556437,56,1108,HandType.Right,0.3127896785736084,-40.92531967163086,142.63548278808594,-57.705413818359375,-0.9767762422561646,-0.1561862826347351,0.14667661488056183,56.84029006958008,123.27228546142578,15.215819358825684,0.0,0.0,59.45166015625,0,1,1,1,1,-96.11173248291016,165.43231201171875,-56.08573532104492,-78.81072998046875,186.5460205078125,-116.99759674072266,raise,26,2025-11-18T15:41:29.556437,my_hand_data\videos\raise_seq26_20251118_154128_918386.avi,89.85430573597318,360,90,HIGH,VIDEO_RECORDING,2025-11-18T15:41:33.014295
2025-11-18 15:41:29.556437,57,1108,HandType.Right,0.3202536106109619,-40.28471374511719,143.8691864013672,-57.579566955566406,-0.9768067598342896,-0.15702438354492188,0.1455741822719574,59.01488494873047,113.65225219726562,11.593549728393555,0.0,0.0,59.6573371887207,0,1,1,1,1,-95.99422454833984,165.32867431640625,-56.15254592895508,-78.14926147460938,188.24755859375,-116.82560729980469,raise,26,2025-11-18T15:41:29.556437,my_hand_data\videos\raise_seq26_20251118_154128_918386.avi,89.85430573597318,360,90,HIGH,VIDEO_RECORDING,2025-11-18T15:41:33.014295
2025-11-18 15:41:29.576155,58,1108,HandType.Right,0.32725989818573,-39.677528381347656,145.0811309814453,-57.53047561645508,-0.9769452214241028,-0.15649059414863586,0.14521954953670502,54.329246520996094,108.44168090820312,4.392319679260254,0.0,0.0,59.89699935913086,0,1,1,1,1,-95.90811920166016,165.39060974121094,-56.23234939575195,-77.55176544189453,189.7521514892578,-116.65999603271484,raise,26,2025-11-18T15:41:29.576155,my_hand_data\videos\raise_seq26_20251118_154128_918386.avi,89.85430573597318,360,90,HIGH,VIDEO_RECORDING,2025-11-18T15:41:33.014295
2025-11-18 15:41:29.586412,59,1108,HandType.Right,0.3334614634513855,-39.15671157836914,146.312255859375,-57.696170806884766,-0.977051317691803,-0.15614531934261322,0.14487716555595398,47.047523498535156,111.21309661865234,-14.967777252197266,0.0,0.0,60.15779495239258,0,1,1,1,1,-95.83895111083984,165.572509765625,-56.51847839355469,-77.10846710205078,191.0517578125,-116.65899658203125,raise,26,2025-11-18T15:41:29.586412,my_hand_data\videos\raise_seq26_20251118_154128_918386.avi,89.85430573597318,360,90,HIGH,VIDEO_RECORDING,2025-11-18T15:41:33.014295
2025-11-18 15:41:29.596498,60,1108,HandType.Right,0.34066057205200195,-38.759307861328125,147.58323669433594,-58.03189468383789,-0.9770930409431458,-0.15611329674720764,0.1446298211812973,36.533084869384766,116.83954620361328,-30.862722396850586,0.0,0.0,60.36261749267578,0,1,1,1,1,-95.88861083984375,166.18406677246094,-56.926292419433594,-76.90205383300781,192.31320190429688,-116.84708404541016,raise,26,2025-11-18T15:41:29.596498,my_hand_data\videos\raise_seq26_20251118_154128_918386.avi,89.85430573597318,360,90,HIGH,VIDEO_RECORDING,2025-11-18T15:41:33.014295
2025-11-18 15:41:29.606737,61,1108,HandType.Right,0.3496924042701721,-38.44281005859375,148.91734313964844,-58.37586975097656,-0.9769960045814514,-0.15752817690372467,0.14374864101409912,27.716745376586914,116.83247375488281,-30.12294578552246,0.0,0.0,60.64780807495117,0,1,1,1,1,-96.00364685058594,166.66201782226562,-57.35393524169922,-76.85258483886719,193.61582946777344,-116.96549987792969,raise,26,2025-11-18T15:41:29.606737,my_hand_data\videos\raise_seq26_20251118_154128_918386.avi,89.85430573597318,360,90,HIGH,VIDEO_RECORDING,2025-11-18T15:41:33.014295
2025-11-18 15:41:29.617172,62,1108,HandType.Right,0.360127329826355,-38.17729949951172,150.30194091796875,-58.64314270019531,-0.9768074154853821,-0.1591528058052063,0.1432398110628128,24.067264556884766,125.5064468383789,-24.226972579956055,0.0,0.0,60.84564971923828,0,1,1,1,1,-96.06460571289062,167.19610595703125,-57.72492980957031,-76.89389038085938,194.95704650878906,-116.96561431884766,raise,26,2025-11-18T15:41:29.617172,my_hand_data\videos\raise_seq26_20251118_154128_918386.avi,89.85430573597318,360,90,HIGH,VIDEO_RECORDING,2025-11-18T15:41:33.014295
2025-11-18 15:41:29.627455,63,1108,HandType.Right,0.360127329826355,-38.17729949951172,150.30194091796875,-58.64314270019531,-0.9768074154853821,-0.1591528058052063,0.1432398110628128,24.067264556884766,125.5064468383789,-24.226972579956055,0.0,0.0,60.84564971923828,0,1,1,1,1,-96.06460571289062,167.19610595703125,-57.72492980957031,-76.89389038085938,194.95704650878906,-116.96561431884766,raise,26,2025-11-18T15:41:29.627455,my_hand_data\videos\raise_seq26_20251118_154128_918386.avi,89.85430573597318,360,90,HIGH,VIDEO_RECORDING,2025-11-18T15:41:33.014295
2025-11-18 15:41:29.637982,64,1108,HandType.Right,0.3790088891983032,-37.69881057739258,153.01608276367188,-58.994140625,-0.9763937592506409,-0.16210228204727173,0.14275173842906952,19.262981414794922,119.14677429199219,-16.815162658691406,0.0,0.0,61.247283935546875,0,1,1,1,1,-96.15255737304688,168.43634033203125,-58.159061431884766,-76.86511993408203,197.6267547607422,-116.66202545166016,raise,26,2025-11-18T15:41:29.637982,my_hand_data\videos\raise_seq26_20251118_154128_918386.avi,89.85430573597318,360,90,HIGH,VIDEO_RECORDING,2025-11-18T15:41:33.014295
2025-11-18 15:41:29.648282,65,1108,HandType.Right,0.3790088891983032,-37.69881057739258,153.01608276367188,-58.994140625,-0.9763937592506409,-0.16210228204727173,0.14275173842906952,19.262981414794922,119.14677429199219,-16.815162658691406,0.0,0.0,61.247283935546875,0,1,1,1,1,-96.15255737304688,168.43634033203125,-58.159061431884766,-76.86511993408203,197.6267547607422,-116.66202545166016,raise,26,2025-11-18T15:41:29.648282,my_hand_data\videos\raise_seq26_20251118_154128_918386.avi,89.85430573597318,360,90,HIGH,VIDEO_RECORDING,2025-11-18T15:41:33.014295
2025-11-18 15:41:29.668601,66,1108,HandType.Right,0.39472782611846924,-37.372318267822266,155.51486206054688,-59.39170455932617,-0.9759834408760071,-0.16513778269290924,0.14207705855369568,12.439229011535645,110.12625122070312,-21.691537857055664,0.0,0.0,61.51189422607422,0,1,1,1,1,-96.1032943725586,169.95240783691406,-58.63893127441406,-76.59197235107422,200.25148010253906,-117.03890228271484,raise,26,2025-11-18T15:41:29.668601,my_hand_data\videos\raise_seq26_20251118_154128_918386.avi,89.85430573597318,360,90,HIGH,VIDEO_RECORDING,2025-11-18T15:41:33.014295
2025-11-18 15:41:29.668601,67,1108,HandType.Right,0.39472782611846924,-37.372318267822266,155.51486206054688,-59.39170455932617,-0.9759834408760071,-0.16513778269290924,0.14207705855369568,12.439229011535645,110.12625122070312,-21.691537857055664,0.0,0.0,61.51189422607422,0,1,1,1,1,-96.1032943725586,169.95240783691406,-58.63893127441406,-76.59197235107422,200.25148010253906,-117.03890228271484,raise,26,2025-11-18T15:41:29.668601,my_hand_data\videos\raise_seq26_20251118_154128_918386.avi,89.85430573597318,360,90,HIGH,VIDEO_RECORDING,2025-11-18T15:41:33.014295
2025-11-18 15:41:29.689472,68,1108,HandType.Right,0.40929174423217773,-37.10468292236328,157.75303649902344,-60.035438537597656,-0.9758461117744446,-0.16591107845306396,0.14211922883987427,8.778608322143555,105.10884857177734,-35.562625885009766,0.0,0.0,61.70180130004883,0,1,1,1,1,-95.99324798583984,171.60165405273438,-59.29090118408203,-76.54364776611328,202.5619354248047,-117.58432006835938,raise,26,2025-11-18T15:41:29.689472,my_hand_data\videos\raise_seq26_20251118_154128_918386.avi,89.85430573597318,360,90,HIGH,VIDEO_RECORDING,2025-11-18T15:41:33.014295
2025-11-18 15:41:29.689472,69,1108,HandType.Right,0.40929174423217773,-37.10468292236328,157.75303649902344,-60.035438537597656,-0.9758461117744446,-0.16591107845306396,0.14211922883987427,8.778608322143555,105.10884857177734,-35.562625885009766,0.0,0.0,61.70180130004883,0,1,1,1,1,-95.99324798583984,171.60165405273438,-59.29090118408203,-76.54364776611328,202.5619354248047,-117.58432006835938,raise,26,2025-11-18T15:41:29.689472,my_hand_data\videos\raise_seq26_20251118_154128_918386.avi,89.85430573597318,360,90,HIGH,VIDEO_RECORDING,2025-11-18T15:41:33.014295
2025-11-18 15:41:29.710271,70,1108,HandType.Right,0.42126011848449707,-36.9858512878418,159.8436737060547,-60.736080169677734,-0.9755127429962158,-0.16782696545124054,0.14215852320194244,4.261963367462158,94.14398193359375,-33.218448638916016,0.0,0.0,61.8004035949707,0,1,1,1,1,-95.9906234741211,173.2510223388672,-60.05015182495117,-76.61669158935547,204.65818786621094,-118.29698181152344,raise,26,2025-11-18T15:41:29.710271,my_hand_data\videos\raise_seq26_20251118_154128_918386.avi,89.85430573597318,360,90,HIGH,VIDEO_RECORDING,2025-11-18T15:41:33.014295
2025-11-18 15:41:29.720859,71,1108,HandType.Right,0.42745310068130493,-36.899173736572266,160.83401489257812,-61.08803939819336,-0.9754000306129456,-0.16832096874713898,0.14234775304794312,7.748695373535156,88.53501892089844,-31.464275360107422,0.0,0.0,61.82849884033203,0,1,1,1,1,-95.93112182617188,174.103271484375,-60.42864990234375,-76.5988540649414,205.63685607910156,-118.7012939453125,raise,26,2025-11-18T15:41:29.720859,my_hand_data\videos\raise_seq26_20251118_154128_918386.avi,89.85430573597318,360,90,HIGH,VIDEO_RECORDING,2025-11-18T15:41:33.014295
2025-11-18 15:41:29.731150,72,1108,HandType.Right,0.43382787704467773,-36.81796646118164,161.79879760742188,-61.43674087524414,-0.9753179550170898,-0.16835899651050568,0.1428641825914383,7.180160999298096,85.30265045166016,-30.831451416015625,0.0,0.0,61.849857330322266,0,1,1,1,1,-95.91472625732422,175.03053283691406,-60.77733612060547,-76.65447235107422,206.5689697265625,-119.06828308105469,raise,26,2025-11-18T15:41:29.731150,my_hand_data\videos\raise_seq26_20251118_154128_918386.avi,89.85430573597318,360,90,HIGH,VIDEO_RECORDING,2025-11-18T15:41:33.014295
2025-11-18 15:41:29.741464,73,1108,HandType.Right,0.439214825630188,-36.75065994262695,162.6790008544922,-61.742469787597656,-0.9752120971679688,-0.1678716540336609,0.14415426552295685,6.195298671722412,81.02076721191406,-28.141321182250977,0.0,0.0,61.83394241333008,0,1,1,1,1,-95.86091613769531,175.94635009765625,-61.014461517333984,-76.83478546142578,207.346435546875,-119.38921356201172,raise,26,2025-11-18T15:41:29.741464,my_hand_data\videos\raise_seq26_20251118_154128_918386.avi,89.85430573597318,360,90,HIGH,VIDEO_RECORDING,2025-11-18T15:41:33.014295
2025-11-18 15:41:29.751697,74,1108,HandType.Right,0.4450361728668213,-36.63847351074219,163.5039825439453,-62.03606414794922,-0.97520911693573,-0.16615384817123413,0.14615090191364288,9.96156120300293,73.25291442871094,-26.069564819335938,0.0,0.0,61.88542938232422,0,1,1,1,1,-95.75910186767578,176.7578887939453,-61.20115661621094,-76.91529083251953,208.0366668701172,-119.67435455322266,raise,26,2025-11-18T15:41:29.751697,my_hand_data\videos\raise_seq26_20251118_154128_918386.avi,89.85430573597318,360,90,HIGH,VIDEO_RECORDING,2025-11-18T15:41:33.014295
2025-11-18 15:41:29.762085,75,1108,HandType.Right,0.45416146516799927,-36.635990142822266,164.26710510253906,-62.41121292114258,-0.9751740097999573,-0.16292960941791534,0.149965301156044,0.22738227248191833,69.81336212158203,-34.319664001464844,0.0,0.0,61.943241119384766,0,1,1,1,1,-95.7883071899414,177.66197204589844,-61.348236083984375,-77.24220275878906,208.55409240722656,-120.05064392089844,raise,26,2025-11-18T15:41:29.762085,my_hand_data\videos\raise_seq26_20251118_154128_918386.avi,89.85430573597318,360,90,HIGH,VIDEO_RECORDING,2025-11-18T15:41:33.014295
2025-11-18 15:41:29.772396,76,1108,HandType.Right,0.45416146516799927,-36.635990142822266,164.26710510253906,-62.41121292114258,-0.9751740097999573,-0.16292960941791534,0.149965301156044,0.22738227248191833,69.81336212158203,-34.319664001464844,0.0,0.0,61.943241119384766,0,1,1,1,1,-95.7883071899414,177.66197204589844,-61.348236083984375,-77.24220275878906,208.55409240722656,-120.05064392089844,raise,26,2025-11-18T15:41:29.772396,my_hand_data\videos\raise_seq26_20251118_154128_918386.avi,89.85430573597318,360,90,HIGH,VIDEO_RECORDING,2025-11-18T15:41:33.014295
2025-11-18 15:41:29.782557,77,1108,HandType.Right,0.459364652633667,-36.58675765991211,165.06826782226562,-62.73508071899414,-0.9751127362251282,-0.1591693013906479,0.15433812141418457,4.430308818817139,72.09857940673828,-29.1458797454834,0.0,0.0,62.07447814941406,0,1,1,1,1,-95.78108978271484,178.4369354248047,-61.46611404418945,-77.35735321044922,209.27996826171875,-120.34290313720703,raise,26,2025-11-18T15:41:29.782557,my_hand_data\videos\raise_seq26_20251118_154128_918386.avi,89.85430573597318,360,90,HIGH,VIDEO_RECORDING,2025-11-18T15:41:33.014295
2025-11-18 15:41:29.793037,78,1108,HandType.Right,0.467538058757782,-36.5394172668457,165.92227172851562,-63.07505416870117,-0.9750081300735474,-0.15601004660129547,0.15817704796791077,4.25875186920166,76.82603454589844,-30.583995819091797,0.0,0.0,62.150508880615234,0,1,1,1,1,-95.80610656738281,179.2123565673828,-61.694305419921875,-77.60427856445312,209.9149627685547,-120.61420440673828,raise,26,2025-11-18T15:41:29.793037,my_hand_data\videos\raise_seq26_20251118_154128_918386.avi,89.85430573597318,360,90,HIGH,VIDEO_RECORDING,2025-11-18T15:41:33.014295
2025-11-18 15:41:29.803491,79,1108,HandType.Right,0.47681117057800293,-36.529911041259766,166.8312225341797,-63.50688171386719,-0.9748181104660034,-0.15349100530147552,0.1617719531059265,0.85392826795578,81.6530990600586,-38.791717529296875,0.002697307150810957,0.0,62.27284622192383,0,1,1,1,1,-95.9555435180664,179.93453979492188,-62.021339416503906,-77.8500747680664,210.57479858398438,-121.0188217163086,raise,26,2025-11-18T15:41:29.803491,my_hand_data\videos\raise_seq26_20251118_154128_918386.avi,89.85430573597318,360,90,HIGH,VIDEO_RECORDING,2025-11-18T15:41:33.014295
2025-11-18 15:41:29.824347,80,1108,HandType.Right,0.49130743741989136,-36.42670822143555,168.58609008789062,-64.05866241455078,-0.9742555618286133,-0.14874953031539917,0.16940979659557343,6.186644077301025,79.62008666992188,-24.455360412597656,0.00774273881688714,0.0,62.41511154174805,0,1,1,1,1,-96.1488037109375,180.9357452392578,-62.49021911621094,-78.41459655761719,211.8407745361328,-121.47804260253906,raise,26,2025-11-18T15:41:29.824347,my_hand_data\videos\raise_seq26_20251118_154128_918386.avi,89.85430573597318,360,90,HIGH,VIDEO_RECORDING,2025-11-18T15:41:33.014295
2025-11-18 15:41:29.828381,81,1108,HandType.Right,0.4989931583404541,-36.32838439941406,169.47097778320312,-64.32981872558594,-0.9740052223205566,-0.14571255445480347,0.1734408587217331,8.841093063354492,79.5679702758789,-24.382225036621094,0.012689894065260887,0.0,62.46462631225586,0,1,1,1,1,-96.30110168457031,181.61245727539062,-62.734283447265625,-78.6926040649414,212.50601196289062,-121.5634765625,raise,26,2025-11-18T15:41:29.828381,my_hand_data\videos\raise_seq26_20251118_154128_918386.avi,89.85430573597318,360,90,HIGH,VIDEO_RECORDING,2025-11-18T15:41:33.014295
2025-11-18 15:41:29.844933,82,1108,HandType.Right,0.5081902742385864,-36.17770004272461,170.2285614013672,-64.40848541259766,-0.9736184477806091,-0.14268526434898376,0.1780673861503601,13.346592903137207,67.10237884521484,-6.967666149139404,0.018408851698040962,0.0,62.49935531616211,0,1,1,1,1,-96.31658935546875,182.05377197265625,-62.760101318359375,-78.9848403930664,212.9570770263672,-121.46075439453125,raise,26,2025-11-18T15:41:29.844933,my_hand_data\videos\raise_seq26_20251118_154128_918386.avi,89.85430573597318,360,90,HIGH,VIDEO_RECORDING,2025-11-18T15:41:33.014295
2025-11-18 15:41:29.848995,83,1108,HandType.Right,0.5081902742385864,-36.17770004272461,170.2285614013672,-64.40848541259766,-0.9736184477806091,-0.14268526434898376,0.1780673861503601,13.346592903137207,67.10237884521484,-6.967666149139404,0.018408851698040962,0.0,62.49935531616211,0,1,1,1,1,-96.31658935546875,182.05377197265625,-62.760101318359375,-78.9848403930664,212.9570770263672,-121.46075439453125,raise,26,2025-11-18T15:41:29.848995,my_hand_data\videos\raise_seq26_20251118_154128_918386.avi,89.85430573597318,360,90,HIGH,VIDEO_RECORDING,2025-11-18T15:41:33.014295
2025-11-18 15:41:29.865850,84,1108,HandType.Right,0.5230581760406494,-35.89888381958008,171.94281005859375,-64.9472885131836,-0.9724198579788208,-0.13879160583019257,0.1874474138021469,11.266679763793945,77.13880920410156,-28.63221549987793,0.02893606387078762,0.0,62.57134246826172,0,1,1,1,1,-96.19050598144531,183.07241821289062,-63.062278747558594,-79.64800262451172,214.0853271484375,-121.58641052246094,raise,26,2025-11-18T15:41:29.865850,my_hand_data\videos\raise_seq26_20251118_154128_918386.avi,89.85430573597318,360,90,HIGH,VIDEO_RECORDING,2025-11-18T15:41:33.014295
2025-11-18 15:41:29.865850,85,1108,HandType.Right,0.5230581760406494,-35.89888381958008,171.94281005859375,-64.9472885131836,-0.9724198579788208,-0.13879160583019257,0.1874474138021469,11.266679763793945,77.13880920410156,-28.63221549987793,0.02893606387078762,0.0,62.57134246826172,0,1,1,1,1,-96.19050598144531,183.07241821289062,-63.062278747558594,-79.64800262451172,214.0853271484375,-121.58641052246094,raise,26,2025-11-18T15:41:29.865850,my_hand_data\videos\raise_seq26_20251118_154128_918386.avi,89.85430573597318,360,90,HIGH,VIDEO_RECORDING,2025-11-18T15:41:33.014295
2025-11-18 15:41:29.886495,86,1108,HandType.Right,0.5393803715705872,-35.658546447753906,173.873046875,-65.41411590576172,-0.9703627228736877,-0.1403287649154663,0.19673332571983337,12.602814674377441,90.634765625,-12.645479202270508,0.02646949701011181,0.0,62.66677474975586,0,1,1,1,1,-95.90596771240234,184.12315368652344,-63.211307525634766,-80.30184173583984,215.5965576171875,-121.68959045410156,raise,26,2025-11-18T15:41:29.886495,my_hand_data\videos\raise_seq26_20251118_154128_918386.avi,89.85430573597318,360,90,HIGH,VIDEO_RECORDING,2025-11-18T15:41:33.014295
2025-11-18 15:41:29.896765,87,1108,HandType.Right,0.5393803715705872,-35.658546447753906,173.873046875,-65.41411590576172,-0.9703627228736877,-0.1403287649154663,0.19673332571983337,12.602814674377441,90.634765625,-12.645479202270508,0.02646949701011181,0.0,62.66677474975586,0,1,1,1,1,-95.90596771240234,184.12315368652344,-63.211307525634766,-80.30184173583984,215.5965576171875,-121.68959045410156,raise,26,2025-11-18T15:41:29.896765,my_hand_data\videos\raise_seq26_20251118_154128_918386.avi,89.85430573597318,360,90,HIGH,VIDEO_RECORDING,2025-11-18T15:41:33.014295
2025-11-18 15:41:29.907166,88,1108,HandType.Right,0.5576655864715576,-35.259803771972656,176.221435546875,-65.79141998291016,-0.9681119918823242,-0.14368873834609985,0.205213725566864,16.26955795288086,110.64983367919922,-24.840524673461914,0.020772578194737434,0.0,62.66230010986328,0,1,1,1,1,-95.21233367919922,185.39932250976562,-63.5232048034668,-80.43896484375,217.7936553955078,-121.94586181640625,raise,26,2025-11-18T15:41:29.907166,my_hand_data\videos\raise_seq26_20251118_154128_918386.avi,89.85430573597318,360,90,HIGH,VIDEO_RECORDING,2025-11-18T15:41:33.014295
2025-11-18 15:41:29.917335,89,1108,HandType.Right,0.5660610198974609,-34.87751007080078,177.36331176757812,-66.02702331542969,-0.9674745202064514,-0.14254043996334076,0.2089863419532776,34.23128128051758,102.2448959350586,-21.095993041992188,0.017714975401759148,0.0,62.74748611450195,0,1,1,1,1,-94.80149841308594,186.37374877929688,-63.630035400390625,-80.1474838256836,218.97634887695312,-122.12240600585938,raise,26,2025-11-18T15:41:29.917335,my_hand_data\videos\raise_seq26_20251118_154128_918386.avi,89.85430573597318,360,90,HIGH,VIDEO_RECORDING,2025-11-18T15:41:33.014295
2025-11-18 15:41:29.927494,90,1108,HandType.Right,0.5660610198974609,-34.87751007080078,177.36331176757812,-66.02702331542969,-0.9674745202064514,-0.14254043996334076,0.2089863419532776,34.23128128051758,102.2448959350586,-21.095993041992188,0.017714975401759148,0.0,62.74748611450195,0,1,1,1,1,-94.80149841308594,186.37374877929688,-63.630035400390625,-80.1474838256836,218.97634887695312,-122.12240600585938,raise,26,2025-11-18T15:41:29.927494,my_hand_data\videos\raise_seq26_20251118_154128_918386.avi,89.85430573597318,360,90,HIGH,VIDEO_RECORDING,2025-11-18T15:41:33.014295
2025-11-18 15:41:29.937869,91,1108,HandType.Right,0.5729706287384033,-34.494300842285156,178.51060485839844,-66.23390197753906,-0.9669547080993652,-0.14174555242061615,0.21191221475601196,34.71086120605469,103.92198944091797,-18.738969802856445,0.015189048834145069,0.0,62.79868698120117,0,1,1,1,1,-94.37416076660156,187.27120971679688,-63.76679229736328,-79.81196594238281,220.1826629638672,-122.309326171875,raise,26,2025-11-18T15:41:29.937869,my_hand_data\videos\raise_seq26_20251118_154128_918386.avi,89.85430573597318,360,90,HIGH,VIDEO_RECORDING,2025-11-18T15:41:33.014295
2025-11-18 15:41:29.948089,92,1108,HandType.Right,0.5782467126846313,-34.022254943847656,179.6348114013672,-66.4415054321289,-0.9664345383644104,-0.14036451280117035,0.2151792049407959,42.630455017089844,101.52605438232422,-18.749176025390625,0.014344481751322746,0.0,62.88591003417969,0,1,1,1,1,-93.87294006347656,188.1021728515625,-63.89480209350586,-79.38755798339844,221.49998474121094,-122.4165267944336,raise,26,2025-11-18T15:41:29.948089,my_hand_data\videos\raise_seq26_20251118_154128_918386.avi,89.85430573597318,360,90,HIGH,VIDEO_RECORDING,2025-11-18T15:41:33.014295
2025-11-18 15:41:29.968543,93,1108,HandType.Right,0.5881269574165344,-33.194183349609375,182.20103454589844,-66.94165802001953,-0.9654058814048767,-0.1396917700767517,0.22017651796340942,34.189205169677734,117.79962921142578,-24.14324378967285,0.006631181109696627,0.0,62.84281921386719,0,1,1,1,1,-92.97411346435547,190.37380981445312,-64.42012023925781,-78.69792938232422,224.29278564453125,-122.94830322265625,raise,26,2025-11-18T15:41:29.968543,my_hand_data\videos\raise_seq26_20251118_154128_918386.avi,89.85430573597318,360,90,HIGH,VIDEO_RECORDING,2025-11-18T15:41:33.014295
2025-11-18 15:41:29.968543,94,1108,HandType.Right,0.5881269574165344,-33.194183349609375,182.20103454589844,-66.94165802001953,-0.9654058814048767,-0.1396917700767517,0.22017651796340942,34.189205169677734,117.79962921142578,-24.14324378967285,0.006631181109696627,0.0,62.84281921386719,0,1,1,1,1,-92.97411346435547,190.37380981445312,-64.42012023925781,-78.69792938232422,224.29278564453125,-122.94830322265625,raise,26,2025-11-18T15:41:29.968543,my_hand_data\videos\raise_seq26_20251118_154128_918386.avi,89.85430573597318,360,90,HIGH,VIDEO_RECORDING,2025-11-18T15:41:33.014295
2025-11-18 15:41:29.988799,95,1108,HandType.Right,0.599295973777771,-32.4664421081543,184.67144775390625,-67.23677825927734,-0.9638248085975647,-0.14291489124298096,0.2249823361635208,29.490358352661133,113.6346664428711,-14.940896987915039,0.0,0.0,62.87229537963867,0,1,1,1,1,-92.2528076171875,192.4552764892578,-64.81189727783203,-77.89500427246094,227.19668579101562,-123.78565979003906,raise,26,2025-11-18T15:41:29.988799,my_hand_data\videos\raise_seq26_20251118_154128_918386.avi,89.85430573597318,360,90,HIGH,VIDEO_RECORDING,2025-11-18T15:41:33.014295
2025-11-18 15:41:29.993453,96,1108,HandType.Right,0.599295973777771,-32.4664421081543,184.67144775390625,-67.23677825927734,-0.9638248085975647,-0.14291489124298096,0.2249823361635208,29.490358352661133,113.6346664428711,-14.940896987915039,0.0,0.0,62.87229537963867,0,1,1,1,1,-92.2528076171875,192.4552764892578,-64.81189727783203,-77.89500427246094,227.19668579101562,-123.78565979003906,raise,26,2025-11-18T15:41:29.993453,my_hand_data\videos\raise_seq26_20251118_154128_918386.avi,89.85430573597318,360,90,HIGH,VIDEO_RECORDING,2025-11-18T15:41:33.014295
2025-11-18 15:41:30.009817,97,1108,HandType.Right,0.6059046387672424,-31.54448127746582,187.39300537109375,-67.23469543457031,-0.962300717830658,-0.1465293914079666,0.2291429489850998,40.83011245727539,130.2812957763672,0.9297168254852295,0.0,0.0,62.78473663330078,0,1,1,1,1,-91.41902160644531,195.03729248046875,-65.05475616455078,-76.69844055175781,230.74513244628906,-124.3162841796875,raise,26,2025-11-18T15:41:30.009817,my_hand_data\videos\raise_seq26_20251118_154128_918386.avi,89.85430573597318,360,90,HIGH,VIDEO_RECORDING,2025-11-18T15:41:33.014295
2025-11-18 15:41:30.009817,98,1108,HandType.Right,0.6059046387672424,-31.54448127746582,187.39300537109375,-67.23469543457031,-0.962300717830658,-0.1465293914079666,0.2291429489850998,40.83011245727539,130.2812957763672,0.9297168254852295,0.0,0.0,62.78473663330078,0,1,1,1,1,-91.41902160644531,195.03729248046875,-65.05475616455078,-76.69844055175781,230.74513244628906,-124.3162841796875,raise,26,2025-11-18T15:41:30.009817,my_hand_data\videos\raise_seq26_20251118_154128_918386.avi,89.85430573597318,360,90,HIGH,VIDEO_RECORDING,2025-11-18T15:41:33.014295
2025-11-18 15:41:30.030759,99,1108,HandType.Right,0.6184496283531189,-30.74338150024414,190.15194702148438,-67.400146484375,-0.9610353708267212,-0.15103422105312347,0.23151609301567078,33.731990814208984,122.31218719482422,-10.451497077941895,0.0,0.0,62.712196350097656,0,1,1,1,1,-90.65238952636719,197.85263061523438,-65.48150634765625,-75.56304931640625,234.00868225097656,-125.11512756347656,raise,26,2025-11-18T15:41:30.030759,my_hand_data\videos\raise_seq26_20251118_154128_918386.avi,89.85430573597318,360,90,HIGH,VIDEO_RECORDING,2025-11-18T15:41:33.014295
2025-11-18 15:41:30.040975,100,1108,HandType.Right,0.6261084675788879,-30.401018142700195,191.55841064453125,-67.5228042602539,-0.9604121446609497,-0.1538899540901184,0.23222053050994873,31.07579231262207,127.66211700439453,-11.133130073547363,0.0,0.0,62.655189514160156,0,1,1,1,1,-90.37105560302734,199.55035400390625,-65.69612884521484,-75.0770492553711,235.64849853515625,-125.46363830566406,raise,26,2025-11-18T15:41:30.040975,my_hand_data\videos\raise_seq26_20251118_154128_918386.avi,89.85430573597318,360,90,HIGH,VIDEO_RECORDING,2025-11-18T15:41:33.014295
2025-11-18 15:41:30.051174,101,1108,HandType.Right,0.6326233148574829,-30.10934066772461,193.03404235839844,-67.61663055419922,-0.9594056606292725,-0.16001665592193604,0.23224018514156342,26.145450592041016,132.27294921875,-8.410299301147461,0.0,0.0,62.619300842285156,0,1,1,1,1,-90.13920593261719,201.26821899414062,-65.9465560913086,-74.4789810180664,237.6321563720703,-125.89550018310547,raise,26,2025-11-18T15:41:30.051174,my_hand_data\videos\raise_seq26_20251118_154128_918386.avi,89.85430573597318,360,90,HIGH,VIDEO_RECORDING,2025-11-18T15:41:33.014295
2025-11-18 15:41:30.061381,102,1108,HandType.Right,0.638331413269043,-29.827760696411133,194.51283264160156,-67.81332397460938,-0.9585630297660828,-0.16555003821849823,0.2318405956029892,25.463844299316406,133.72991943359375,-17.787302017211914,0.0,0.0,62.55665588378906,0,1,1,1,1,-90.01172637939453,203.1041259765625,-66.25907897949219,-74.08409881591797,239.3322296142578,-126.26826477050781,raise,26,2025-11-18T15:41:30.061381,my_hand_data\videos\raise_seq26_20251118_154128_918386.avi,89.85430573597318,360,90,HIGH,VIDEO_RECORDING,2025-11-18T15:41:33.014295
2025-11-18 15:41:30.071719,103,1108,HandType.Right,0.6438356041908264,-29.518051147460938,195.98092651367188,-68.00843811035156,-0.957835853099823,-0.17075498402118683,0.23106972873210907,27.490589141845703,130.31167602539062,-17.319438934326172,0.0,0.0,62.4583854675293,0,1,1,1,1,-89.82972717285156,204.90638732910156,-66.60298919677734,-73.7271728515625,240.99017333984375,-126.54489135742188,raise,26,2025-11-18T15:41:30.071719,my_hand_data\videos\raise_seq26_20251118_154128_918386.avi,89.85430573597318,360,90,HIGH,VIDEO_RECORDING,2025-11-18T15:41:33.014295
2025-11-18 15:41:30.082128,104,1108,HandType.Right,0.6438356041908264,-29.518051147460938,195.98092651367188,-68.00843811035156,-0.957835853099823,-0.17075498402118683,0.23106972873210907,27.490589141845703,130.31167602539062,-17.319438934326172,0.0,0.0,62.4583854675293,0,1,1,1,1,-89.82972717285156,204.90638732910156,-66.60298919677734,-73.7271728515625,240.99017333984375,-126.54489135742188,raise,26,2025-11-18T15:41:30.082128,my_hand_data\videos\raise_seq26_20251118_154128_918386.avi,89.85430573597318,360,90,HIGH,VIDEO_RECORDING,2025-11-18T15:41:33.014295
2025-11-18 15:41:30.102763,105,1108,HandType.Right,0.653300940990448,-28.63365364074707,198.5570831298828,-67.93826293945312,-0.9567731618881226,-0.17691849172115326,0.23083534836769104,40.659671783447266,106.32954406738281,5.97155237197876,0.0,0.0,62.29847717285156,0,1,1,1,1,-89.14749145507812,207.85812377929688,-66.83460998535156,-72.65189361572266,244.12875366210938,-126.66571044921875,raise,26,2025-11-18T15:41:30.102763,my_hand_data\videos\raise_seq26_20251118_154128_918386.avi,89.85430573597318,360,90,HIGH,VIDEO_RECORDING,2025-11-18T15:41:33.014295
2025-11-18 15:41:30.102763,106,1108,HandType.Right,0.6575877070426941,-28.088224411010742,199.7030029296875,-67.83738708496094,-0.9564703702926636,-0.17821122705936432,0.23109564185142517,51.484703063964844,108.16582489013672,9.522029876708984,0.0,0.0,62.283042907714844,0,1,1,1,1,-88.63099670410156,209.22149658203125,-66.78823852539062,-71.93064880371094,245.61151123046875,-126.65778350830078,raise,26,2025-11-18T15:41:30.102763,my_hand_data\videos\raise_seq26_20251118_154128_918386.avi,89.85430573597318,360,90,HIGH,VIDEO_RECORDING,2025-11-18T15:41:33.014295
2025-11-18 15:41:30.123324,107,1108,HandType.Right,0.6607136130332947,-27.515697479248047,200.83078002929688,-67.68976593017578,-0.9564070105552673,-0.17886121571063995,0.23085549473762512,51.2650260925293,100.98363494873047,13.218315124511719,0.0,0.0,62.29633331298828,0,1,1,1,1,-88.1146469116211,210.4407196044922,-66.77159118652344,-71.17605590820312,246.98641967773438,-126.61089324951172,raise,26,2025-11-18T15:41:30.123324,my_hand_data\videos\raise_seq26_20251118_154128_918386.avi,89.85430573597318,360,90,HIGH,VIDEO_RECORDING,2025-11-18T15:41:33.014295
2025-11-18 15:41:30.127412,108,1108,HandType.Right,0.6631203293800354,-26.869735717773438,201.8714599609375,-67.4299545288086,-0.9564267992973328,-0.17923085391521454,0.2304867058992386,58.1790885925293,93.72859191894531,23.399873733520508,0.0,0.0,62.3145751953125,0,1,1,1,1,-87.5481948852539,211.5052032470703,-66.66058349609375,-70.2779769897461,248.35220336914062,-126.44386291503906,raise,26,2025-11-18T15:41:30.127412,my_hand_data\videos\raise_seq26_20251118_154128_918386.avi,89.85430573597318,360,90,HIGH,VIDEO_RECORDING,2025-11-18T15:41:33.014295
2025-11-18 15:41:30.143796,109,1108,HandType.Right,0.6658720970153809,-26.19307518005371,202.78236389160156,-67.15240478515625,-0.9565799832344055,-0.1785942018032074,0.2303449511528015,61.03176498413086,82.15992736816406,25.034177780151367,0.0,0.0,62.34877395629883,0,1,1,1,1,-86.99224090576172,212.47744750976562,-66.52404022216797,-69.33705139160156,249.57456970214844,-126.29720306396484,raise,26,2025-11-18T15:41:30.143796,my_hand_data\videos\raise_seq26_20251118_154128_918386.avi,89.85430573597318,360,90,HIGH,VIDEO_RECORDING,2025-11-18T15:41:33.014295
2025-11-18 15:41:30.149178,110,1108,HandType.Right,0.6658720970153809,-26.19307518005371,202.78236389160156,-67.15240478515625,-0.9565799832344055,-0.1785942018032074,0.2303449511528015,61.03176498413086,82.15992736816406,25.034177780151367,0.0,0.0,62.34877395629883,0,1,1,1,1,-86.99224090576172,212.47744750976562,-66.52404022216797,-69.33705139160156,249.57456970214844,-126.29720306396484,raise,26,2025-11-18T15:41:30.149178,my_hand_data\videos\raise_seq26_20251118_154128_918386.avi,89.85430573597318,360,90,HIGH,VIDEO_RECORDING,2025-11-18T15:41:33.014295
2025-11-18 15:41:30.164517,111,1108,HandType.Right,0.6736916899681091,-25.070940017700195,204.51405334472656,-66.88996124267578,-0.9569263458251953,-0.17736627161502838,0.2298547625541687,43.197566986083984,71.58283996582031,5.6544928550720215,0.0,0.0,62.20085525512695,0,1,1,1,1,-86.1220703125,214.50433349609375,-66.5714340209961,-68.10826110839844,251.38186645507812,-126.33744049072266,raise,26,2025-11-18T15:41:30.164517,my_hand_data\videos\raise_seq26_20251118_154128_918386.avi,89.85430573597318,360,90,HIGH,VIDEO_RECORDING,2025-11-18T15:41:33.014295
2025-11-18 15:41:30.174840,112,1108,HandType.Right,0.6771540641784668,-24.65562629699707,205.3760528564453,-66.89180755615234,-0.9571691751480103,-0.17667299509048462,0.22937704622745514,39.11775207519531,81.1905288696289,-0.17397186160087585,0.0,0.0,62.17094802856445,0,1,1,1,1,-85.80805206298828,215.4339141845703,-66.66930389404297,-67.6833724975586,252.24501037597656,-126.46843719482422,raise,26,2025-11-18T15:41:30.174840,my_hand_data\videos\raise_seq26_20251118_154128_918386.avi,89.85430573597318,360,90,HIGH,VIDEO_RECORDING,2025-11-18T15:41:33.014295
2025-11-18 15:41:30.185000,113,1108,HandType.Right,0.6771540641784668,-24.65562629699707,205.3760528564453,-66.89180755615234,-0.9571691751480103,-0.17667299509048462,0.22937704622745514,39.11775207519531,81.1905288696289,-0.17397186160087585,0.0,0.0,62.17094802856445,0,1,1,1,1,-85.80805206298828,215.4339141845703,-66.66930389404297,-67.6833724975586,252.24501037597656,-126.46843719482422,raise,26,2025-11-18T15:41:30.185000,my_hand_data\videos\raise_seq26_20251118_154128_918386.avi,89.85430573597318,360,90,HIGH,VIDEO_RECORDING,2025-11-18T15:41:33.014295
2025-11-18 15:41:30.195053,114,1108,HandType.Right,0.6809824109077454,-23.93079376220703,207.10926818847656,-66.80842590332031,-0.9575439691543579,-0.17641714215278625,0.22800560295581818,32.570003509521484,80.67842102050781,4.723647594451904,0.0,0.0,62.060821533203125,0,1,1,1,1,-85.19529724121094,217.4261474609375,-66.80359649658203,-66.86322021484375,254.06768798828125,-126.62337493896484,raise,26,2025-11-18T15:41:30.195053,my_hand_data\videos\raise_seq26_20251118_154128_918386.avi,89.85430573597318,360,90,HIGH,VIDEO_RECORDING,2025-11-18T15:41:33.014295
2025-11-18 15:41:30.205194,115,1108,HandType.Right,0.6809824109077454,-23.93079376220703,207.10926818847656,-66.80842590332031,-0.9575439691543579,-0.17641714215278625,0.22800560295581818,32.570003509521484,80.67842102050781,4.723647594451904,0.0,0.0,62.060821533203125,0,1,1,1,1,-85.19529724121094,217.4261474609375,-66.80359649658203,-66.86322021484375,254.06768798828125,-126.62337493896484,raise,26,2025-11-18T15:41:30.205194,my_hand_data\videos\raise_seq26_20251118_154128_918386.avi,89.85430573597318,360,90,HIGH,VIDEO_RECORDING,2025-11-18T15:41:33.014295
2025-11-18 15:41:30.215740,116,1108,HandType.Right,0.6826825141906738,-23.658994674682617,207.94610595703125,-66.74675750732422,-0.9576703310012817,-0.17619101703166962,0.22764945030212402,24.51082420349121,75.46585083007812,5.561043739318848,0.0,0.0,62.05976486206055,0,1,1,1,1,-84.956787109375,218.31317138671875,-66.75869750976562,-66.55477905273438,254.999755859375,-126.63172149658203,raise,26,2025-11-18T15:41:30.215740,my_hand_data\videos\raise_seq26_20251118_154128_918386.avi,89.85430573597318,360,90,HIGH,VIDEO_RECORDING,2025-11-18T15:41:33.014295
2025-11-18 15:41:30.225880,117,1108,HandType.Right,0.6845120191574097,-23.434335708618164,208.76223754882812,-66.739501953125,-0.95779949426651,-0.17555229365825653,0.22759942710399628,20.30354881286621,73.75712585449219,0.6554794907569885,0.0,0.0,62.058712005615234,0,1,1,1,1,-84.75054931640625,219.18588256835938,-66.7395248413086,-66.32140350341797,255.85711669921875,-126.66304779052734,raise,26,2025-11-18T15:41:30.225880,my_hand_data\videos\raise_seq26_20251118_154128_918386.avi,89.85430573597318,360,90,HIGH,VIDEO_RECORDING,2025-11-18T15:41:33.014295
2025-11-18 15:41:30.246669,118,1108,HandType.Right,0.6881701350212097,-23.130510330200195,210.4769287109375,-66.75556182861328,-0.9578899145126343,-0.17380627989768982,0.22855693101882935,10.131614685058594,82.18860626220703,-2.7248857021331787,0.0,0.0,62.04205322265625,0,1,1,1,1,-84.49944305419922,221.0115509033203,-66.66690063476562,-66.0791015625,257.8036193847656,-126.6446533203125,raise,26,2025-11-18T15:41:30.246669,my_hand_data\videos\raise_seq26_20251118_154128_918386.avi,89.85430573597318,360,90,HIGH,VIDEO_RECORDING,2025-11-18T15:41:33.014295
2025-11-18 15:41:30.249467,119,1108,HandType.Right,0.6892956495285034,-22.986608505249023,211.2768096923828,-66.75824737548828,-0.9578540325164795,-0.1727839857339859,0.2294805347919464,12.933883666992188,71.8924560546875,-0.24089160561561584,0.0,0.0,62.02785873413086,0,1,1,1,1,-84.40884399414062,221.89645385742188,-66.64558410644531,-65.93612670898438,258.79901123046875,-126.56829071044922,raise,26,2025-11-18T15:41:30.249467,my_hand_data\videos\raise_seq26_20251118_154128_918386.avi,89.85430573597318,360,90,HIGH,VIDEO_RECORDING,2025-11-18T15:41:33.014295
2025-11-18 15:41:30.267292,120,1108,HandType.Right,0.6910818219184875,-22.869178771972656,212.13519287109375,-66.8393325805664,-0.9578313827514648,-0.17196212708950043,0.23019130527973175,10.434457778930664,76.2744369506836,-7.204871654510498,0.0,0.0,61.996726989746094,0,1,1,1,1,-84.31880950927734,222.8186492919922,-66.68801879882812,-65.84562683105469,259.8526611328125,-126.52519226074219,raise,26,2025-11-18T15:41:30.267292,my_hand_data\videos\raise_seq26_20251118_154128_918386.avi,89.85430573597318,360,90,HIGH,VIDEO_RECORDING,2025-11-18T15:41:33.014295
2025-11-18 15:41:30.269613,121,1108,HandType.Right,0.692018449306488,-22.72651481628418,212.95120239257812,-66.8758544921875,-0.9578056931495667,-0.17092256247997284,0.23107092082500458,13.085992813110352,74.84923553466797,-3.3503148555755615,0.0,0.0,61.94696807861328,0,1,1,1,1,-84.18253326416016,223.7489013671875,-66.68610382080078,-65.73938751220703,260.7838134765625,-126.48668670654297,raise,26,2025-11-18T15:41:30.269613,my_hand_data\videos\raise_seq26_20251118_154128_918386.avi,89.85430573597318,360,90,HIGH,VIDEO_RECORDING,2025-11-18T15:41:33.014295
2025-11-18 15:41:30.287485,122,1108,HandType.Right,0.6938554048538208,-22.54383087158203,213.7820281982422,-66.95028686523438,-0.9578374624252319,-0.16985704004764557,0.23172399401664734,16.264558792114258,73.96952819824219,-6.626713275909424,0.0,0.0,61.941131591796875,0,1,1,1,1,-84.02937316894531,224.6625213623047,-66.71498107910156,-65.5833740234375,261.694091796875,-126.50450897216797,raise,26,2025-11-18T15:41:30.287485,my_hand_data\videos\raise_seq26_20251118_154128_918386.avi,89.85430573597318,360,90,HIGH,VIDEO_RECORDING,2025-11-18T15:41:33.014295
2025-11-18 15:41:30.297902,123,1108,HandType.Right,0.6953660845756531,-22.34734344482422,214.64495849609375,-67.01685333251953,-0.9578580260276794,-0.1688794046640396,0.23235267400741577,17.380632400512695,76.33181762695312,-5.888317108154297,0.0,0.0,61.949527740478516,0,1,1,1,1,-83.86918640136719,225.57691955566406,-66.73930358886719,-65.40775299072266,262.654541015625,-126.52972412109375,raise,26,2025-11-18T15:41:30.297902,my_hand_data\videos\raise_seq26_20251118_154128_918386.avi,89.85430573597318,360,90,HIGH,VIDEO_RECORDING,2025-11-18T15:41:33.014295
2025-11-18 15:41:30.308316,124,1108,HandType.Right,0.6960433721542358,-22.12364959716797,215.4927520751953,-67.04601287841797,-0.9578913450241089,-0.16749000549316406,0.2332194298505783,20.208961486816406,76.59148406982422,-2.634389877319336,0.0,0.0,61.95879364013672,0,1,1,1,1,-83.66165924072266,226.47547912597656,-66.71217346191406,-65.21930694580078,263.6266784667969,-126.46241760253906,raise,26,2025-11-18T15:41:30.308316,my_hand_data\videos\raise_seq26_20251118_154128_918386.avi,89.85430573597318,360,90,HIGH,VIDEO_RECORDING,2025-11-18T15:41:33.014295
2025-11-18 15:41:30.318630,125,1108,HandType.Right,0.6960433721542358,-22.12364959716797,215.4927520751953,-67.04601287841797,-0.9578913450241089,-0.16749000549316406,0.2332194298505783,20.208961486816406,76.59148406982422,-2.634389877319336,0.0,0.0,61.95879364013672,0,1,1,1,1,-83.66165924072266,226.47547912597656,-66.71217346191406,-65.21930694580078,263.6266784667969,-126.46241760253906,raise,26,2025-11-18T15:41:30.318630,my_hand_data\videos\raise_seq26_20251118_154128_918386.avi,89.85430573597318,360,90,HIGH,VIDEO_RECORDING,2025-11-18T15:41:33.014295
2025-11-18 15:41:30.328856,126,1108,HandType.Right,0.6976535320281982,-21.719472885131836,217.43484497070312,-67.23461151123047,-0.9582482576370239,-0.1629992425441742,0.23492884635925293,17.383562088012695,90.59879302978516,-10.480701446533203,0.0,0.0,62.044158935546875,0,1,1,1,1,-83.27413940429688,228.52955627441406,-66.74614715576172,-64.82432556152344,265.8190002441406,-126.52306365966797,raise,26,2025-11-18T15:41:30.328856,my_hand_data\videos\raise_seq26_20251118_154128_918386.avi,89.85430573597318,360,90,HIGH,VIDEO_RECORDING,2025-11-18T15:41:33.014295
2025-11-18 15:41:30.339144,127,1108,HandType.Right,0.6994261145591736,-21.567676544189453,218.47865295410156,-67.43213653564453,-0.9584733843803406,-0.1609272062778473,0.23543843626976013,13.603015899658203,93.54032897949219,-17.70073890686035,0.0,0.0,62.054683685302734,0,1,1,1,1,-83.1396484375,229.82313537597656,-66.88626861572266,-64.65129852294922,267.0167236328125,-126.6353988647461,raise,26,2025-11-18T15:41:30.339144,my_hand_data\videos\raise_seq26_20251118_154128_918386.avi,89.85430573597318,360,90,HIGH,VIDEO_RECORDING,2025-11-18T15:41:33.014295
2025-11-18 15:41:30.349659,128,1108,HandType.Right,0.6995260119438171,-21.341014862060547,219.4053192138672,-67.49169921875,-0.958665132522583,-0.15768209099769592,0.23684921860694885,20.432775497436523,83.53614807128906,-5.369754314422607,0.0,0.0,62.07383728027344,0,1,1,1,1,-82.92445373535156,230.87098693847656,-66.89366149902344,-64.37879943847656,268.0882263183594,-126.62562561035156,raise,26,2025-11-18T15:41:30.349659,my_hand_data\videos\raise_seq26_20251118_154128_918386.avi,89.85430573597318,360,90,HIGH,VIDEO_RECORDING,2025-11-18T15:41:33.014295
2025-11-18 15:41:30.359956,129,1108,HandType.Right,0.6995260119438171,-21.341014862060547,219.4053192138672,-67.49169921875,-0.958665132522583,-0.15768209099769592,0.23684921860694885,20.432775497436523,83.53614807128906,-5.369754314422607,0.0,0.0,62.07383728027344,0,1,1,1,1,-82.92445373535156,230.87098693847656,-66.89366149902344,-64.37879943847656,268.0882263183594,-126.62562561035156,raise,26,2025-11-18T15:41:30.359956,my_hand_data\videos\raise_seq26_20251118_154128_918386.avi,89.85430573597318,360,90,HIGH,VIDEO_RECORDING,2025-11-18T15:41:33.014295
2025-11-18 15:41:30.370397,130,1108,HandType.Right,0.6997378468513489,-21.141191482543945,220.2698974609375,-67.50166320800781,-0.9588308334350586,-0.1544586420059204,0.23829813301563263,17.905309677124023,77.47125244140625,-0.8926326036453247,0.0,0.0,62.109432220458984,0,1,1,1,1,-82.7065658569336,231.9029541015625,-66.82078552246094,-64.07193756103516,269.05755615234375,-126.6030044555664,raise,26,2025-11-18T15:41:30.370397,my_hand_data\videos\raise_seq26_20251118_154128_918386.avi,89.85430573597318,360,90,HIGH,VIDEO_RECORDING,2025-11-18T15:41:33.014295
2025-11-18 15:41:30.391048,131,1108,HandType.Right,0.7003774046897888,-20.916250228881836,222.16598510742188,-67.68827056884766,-0.9589813947677612,-0.14905139803886414,0.24111908674240112,7.730251789093018,84.74153900146484,-11.122871398925781,0.0,0.0,62.088722229003906,0,1,1,1,1,-82.3322982788086,234.23739624023438,-66.8536605834961,-63.77980041503906,271.1744384765625,-126.65626525878906,raise,26,2025-11-18T15:41:30.391048,my_hand_data\videos\raise_seq26_20251118_154128_918386.avi,89.85430573597318,360,90,HIGH,VIDEO_RECORDING,2025-11-18T15:41:33.014295
2025-11-18 15:41:30.391048,132,1108,HandType.Right,0.7008395195007324,-20.873064041137695,223.03184509277344,-67.81658172607422,-0.9590514898300171,-0.14662118256092072,0.24232730269432068,3.9249207973480225,78.6932601928711,-11.661453247070312,0.0,0.0,62.04375076293945,0,1,1,1,1,-82.254150390625,235.3935546875,-66.92903137207031,-63.75342559814453,272.1034851074219,-126.71229553222656,raise,26,2025-11-18T15:41:30.391048,my_hand_data\videos\raise_seq26_20251118_154128_918386.avi,89.85430573597318,360,90,HIGH,VIDEO_RECORDING,2025-11-18T15:41:33.014295
2025-11-18 15:41:30.411950,133,1108,HandType.Right,0.7018916010856628,-20.848783493041992,223.9242401123047,-67.95020294189453,-0.9590849876403809,-0.14436830580234528,0.24354426562786102,2.1890299320220947,80.45378112792969,-12.046563148498535,0.0,0.0,62.067848205566406,0,1,1,1,1,-82.18289947509766,236.3743896484375,-67.0027084350586,-63.73508834838867,273.05108642578125,-126.80034637451172,raise,26,2025-11-18T15:41:30.411950,my_hand_data\videos\raise_seq26_20251118_154128_918386.avi,89.85430573597318,360,90,HIGH,VIDEO_RECORDING,2025-11-18T15:41:33.014295
2025-11-18 15:41:30.417531,134,1108,HandType.Right,0.7025888562202454,-20.856042861938477,224.9351806640625,-68.13089752197266,-0.9590320587158203,-0.1425105631351471,0.24484337866306305,-0.6540506482124329,91.08379364013672,-16.28046989440918,0.0,0.0,62.122108459472656,0,1,1,1,1,-82.17326354980469,237.40345764160156,-67.11891174316406,-63.755184173583984,274.125244140625,-126.92451477050781,raise,26,2025-11-18T15:41:30.417531,my_hand_data\videos\raise_seq26_20251118_154128_918386.avi,89.85430573597318,360,90,HIGH,VIDEO_RECORDING,2025-11-18T15:41:33.014295
2025-11-18 15:41:30.432958,135,1108,HandType.Right,0.7035589218139648,-20.88292121887207,225.92349243164062,-68.32524108886719,-0.9588569402694702,-0.140413299202919,0.24673357605934143,-2.4165616035461426,88.86123657226562,-17.47368049621582,0.0,0.0,62.18210220336914,0,1,1,1,1,-82.1898422241211,238.44195556640625,-67.19261169433594,-63.85350799560547,275.1478576660156,-127.04369354248047,raise,26,2025-11-18T15:41:30.432958,my_hand_data\videos\raise_seq26_20251118_154128_918386.avi,89.85430573597318,360,90,HIGH,VIDEO_RECORDING,2025-11-18T15:41:33.014295
2025-11-18 15:41:30.432958,136,1108,HandType.Right,0.7035589218139648,-20.88292121887207,225.92349243164062,-68.32524108886719,-0.9588569402694702,-0.140413299202919,0.24673357605934143,-2.4165616035461426,88.86123657226562,-17.47368049621582,0.0,0.0,62.18210220336914,0,1,1,1,1,-82.1898422241211,238.44195556640625,-67.19261169433594,-63.85350799560547,275.1478576660156,-127.04369354248047,raise,26,2025-11-18T15:41:30.432958,my_hand_data\videos\raise_seq26_20251118_154128_918386.avi,89.85430573597318,360,90,HIGH,VIDEO_RECORDING,2025-11-18T15:41:33.014295
2025-11-18 15:41:30.453603,137,1108,HandType.Right,0.7050039172172546,-20.894954681396484,227.69569396972656,-68.63504028320312,-0.9587612152099609,-0.13589158654212952,0.24962052702903748,-0.9117996692657471,80.78308868408203,-14.279275894165039,0.0,0.0,62.21916961669922,0,1,1,1,1,-82.22099304199219,240.58946228027344,-67.35015106201172,-63.944129943847656,277.10980224609375,-127.08319854736328,raise,26,2025-11-18T15:41:30.453603,my_hand_data\videos\raise_seq26_20251118_154128_918386.avi,89.85430573597318,360,90,HIGH,VIDEO_RECORDING,2025-11-18T15:41:33.014295
2025-11-18 15:41:30.464069,138,1108,HandType.Right,0.7053395509719849,-20.909748077392578,228.62979125976562,-68.85575103759766,-0.9586830735206604,-0.13363590836524963,0.25113382935523987,-1.335275650024414,84.3118896484375,-19.92190170288086,0.0,0.0,62.23395538330078,0,1,1,1,1,-82.25051879882812,241.6512908935547,-67.48627471923828,-64.06561279296875,278.0673522949219,-127.21955871582031,raise,26,2025-11-18T15:41:30.464069,my_hand_data\videos\raise_seq26_20251118_154128_918386.avi,89.85430573597318,360,90,HIGH,VIDEO_RECORDING,2025-11-18T15:41:33.014295
2025-11-18 15:41:30.474324,139,1108,HandType.Right,0.7051413655281067,-20.911884307861328,229.61070251464844,-69.04585266113281,-0.9587270617485046,-0.13088029623031616,0.25241392850875854,-0.18867605924606323,86.61419677734375,-16.786069869995117,0.0,0.0,62.26628875732422,0,1,1,1,1,-82.30821990966797,242.7550506591797,-67.5869369506836,-64.1914291381836,279.0803527832031,-127.2476577758789,raise,26,2025-11-18T15:41:30.474324,my_hand_data\videos\raise_seq26_20251118_154128_918386.avi,89.85430573597318,360,90,HIGH,VIDEO_RECORDING,2025-11-18T15:41:33.014295
2025-11-18 15:41:30.484525,140,1108,HandType.Right,0.7053319215774536,-20.910966873168945,230.60023498535156,-69.173095703125,-0.9587802886962891,-0.1279279887676239,0.2537219226360321,0.08401336520910263,90.58341979980469,-11.647592544555664,0.0,0.0,62.305519104003906,0,1,1,1,1,-82.354736328125,243.8278350830078,-67.65983581542969,-64.21501922607422,280.2265930175781,-127.15399169921875,raise,26,2025-11-18T15:41:30.484525,my_hand_data\videos\raise_seq26_20251118_154128_918386.avi,89.85430573597318,360,90,HIGH,VIDEO_RECORDING,2025-11-18T15:41:33.014295
2025-11-18 15:41:30.495073,141,1108,HandType.Right,0.7061977386474609,-20.91969108581543,231.663818359375,-69.3738021850586,-0.9587603211402893,-0.12595413625240326,0.2547825574874878,-0.7908658981323242,96.40876007080078,-18.193134307861328,0.0,0.0,62.27592849731445,0,1,1,1,1,-82.41124725341797,245.0381317138672,-67.82328796386719,-64.2984390258789,281.41998291015625,-127.11760711669922,raise,26,2025-11-18T15:41:30.495073,my_hand_data\videos\raise_seq26_20251118_154128_918386.avi,89.85430573597318,360,90,HIGH,VIDEO_RECORDING,2025-11-18T15:41:33.014295
2025-11-18 15:41:30.505395,142,1108,HandType.Right,0.7061977386474609,-20.91969108581543,231.663818359375,-69.3738021850586,-0.9587603211402893,-0.12595413625240326,0.2547825574874878,-0.7908658981323242,96.40876007080078,-18.193134307861328,0.0,0.0,62.27592849731445,0,1,1,1,1,-82.41124725341797,245.0381317138672,-67.82328796386719,-64.2984390258789,281.41998291015625,-127.11760711669922,raise,26,2025-11-18T15:41:30.505395,my_hand_data\videos\raise_seq26_20251118_154128_918386.avi,89.85430573597318,360,90,HIGH,VIDEO_RECORDING,2025-11-18T15:41:33.014295
2025-11-18 15:41:30.515851,143,1108,HandType.Right,0.7063961625099182,-20.969436645507812,232.63339233398438,-69.57676696777344,-0.9586846232414246,-0.12351223081350327,0.25625863671302795,-4.4391069412231445,86.52387237548828,-18.11245346069336,0.0,0.0,62.29843521118164,0,1,1,1,1,-82.49629974365234,246.14447021484375,-67.91910552978516,-64.37748718261719,282.62811279296875,-127.11140441894531,raise,26,2025-11-18T15:41:30.515851,my_hand_data\videos\raise_seq26_20251118_154128_918386.avi,89.85430573597318,360,90,HIGH,VIDEO_RECORDING,2025-11-18T15:41:33.014295
2025-11-18 15:41:30.526324,144,1108,HandType.Right,0.7059123516082764,-20.999591827392578,233.53414916992188,-69.70586395263672,-0.958576500415802,-0.12054643779993057,0.25806915760040283,-2.6830809116363525,80.14473724365234,-11.486715316772461,0.0,0.0,62.31834030151367,0,1,1,1,1,-82.5441665649414,247.05291748046875,-67.95938873291016,-64.44268798828125,283.6888732910156,-127.07330322265625,raise,26,2025-11-18T15:41:30.526324,my_hand_data\videos\raise_seq26_20251118_154128_918386.avi,89.85430573597318,360,90,HIGH,VIDEO_RECORDING,2025-11-18T15:41:33.014295
2025-11-18 15:41:30.546761,145,1108,HandType.Right,0.7059614658355713,-21.0556583404541,235.04034423828125,-69.79804229736328,-0.9584389328956604,-0.11642570793628693,0.26046085357666016,-2.7865445613861084,68.9689712524414,-2.2319304943084717,0.0,0.0,62.28087615966797,0,1,1,1,1,-82.6641845703125,248.637451171875,-68.00480651855469,-64.59725189208984,285.3529052734375,-126.87592315673828,raise,26,2025-11-18T15:41:30.546761,my_hand_data\videos\raise_seq26_20251118_154128_918386.avi,89.85430573597318,360,90,HIGH,VIDEO_RECORDING,2025-11-18T15:41:33.014295
2025-11-18 15:41:30.550008,146,1108,HandType.Right,0.7059367299079895,-21.145776748657227,235.77670288085938,-69.77250671386719,-0.9583020210266113,-0.11523044854402542,0.26149415969848633,-8.143795013427734,66.54248809814453,2.3074982166290283,0.0,0.0,62.27425765991211,0,1,1,1,1,-82.75516510009766,249.37034606933594,-67.9651870727539,-64.71904754638672,286.1588439941406,-126.7945785522461,raise,26,2025-11-18T15:41:30.550008,my_hand_data\videos\raise_seq26_20251118_154128_918386.avi,89.85430573597318,360,90,HIGH,VIDEO_RECORDING,2025-11-18T15:41:33.014295
2025-11-18 15:41:30.567394,147,1108,HandType.Right,0.7064926028251648,-21.23329734802246,236.5293731689453,-69.74478912353516,-0.9582083821296692,-0.11433357000350952,0.26222991943359375,-7.828392505645752,67.32275390625,2.479292154312134,0.0,0.0,62.24859619140625,0,1,1,1,1,-82.84324645996094,250.1293182373047,-67.93355560302734,-64.85334014892578,287.0001220703125,-126.6133041381836,raise,26,2025-11-18T15:41:30.567394,my_hand_data\videos\raise_seq26_20251118_154128_918386.avi,89.85430573597318,360,90,HIGH,VIDEO_RECORDING,2025-11-18T15:41:33.014295
2025-11-18 15:41:30.567394,148,1108,HandType.Right,0.7064926028251648,-21.23329734802246,236.5293731689453,-69.74478912353516,-0.9582083821296692,-0.11433357000350952,0.26222991943359375,-7.828392505645752,67.32275390625,2.479292154312134,0.0,0.0,62.24859619140625,0,1,1,1,1,-82.84324645996094,250.1293182373047,-67.93355560302734,-64.85334014892578,287.0001220703125,-126.6133041381836,raise,26,2025-11-18T15:41:30.567394,my_hand_data\videos\raise_seq26_20251118_154128_918386.avi,89.85430573597318,360,90,HIGH,VIDEO_RECORDING,2025-11-18T15:41:33.014295
2025-11-18 15:41:30.587820,149,1108,HandType.Right,0.7079254984855652,-21.449867248535156,238.05142211914062,-69.73517608642578,-0.957963764667511,-0.11357767134904861,0.26344940066337585,-11.768632888793945,69.25709533691406,-1.1316269636154175,0.0,0.0,62.19111633300781,0,1,1,1,1,-83.12069702148438,251.67176818847656,-67.93262481689453,-65.17119598388672,288.7431335449219,-126.41930389404297,raise,26,2025-11-18T15:41:30.587820,my_hand_data\videos\raise_seq26_20251118_154128_918386.avi,89.85430573597318,360,90,HIGH,VIDEO_RECORDING,2025-11-18T15:41:33.014295
2025-11-18 15:41:30.598141,150,1108,HandType.Right,0.7090914845466614,-21.548952102661133,238.69952392578125,-69.68669128417969,-0.9577898979187012,-0.11334644258022308,0.2641800343990326,-9.233461380004883,60.39554977416992,4.518897533416748,0.0,0.0,62.20933151245117,0,1,1,1,1,-83.23511505126953,252.22743225097656,-67.87918853759766,-65.28014373779297,289.4674072265625,-126.34932708740234,raise,26,2025-11-18T15:41:30.598141,my_hand_data\videos\raise_seq26_20251118_154128_918386.avi,89.85430573597318,360,90,HIGH,VIDEO_RECORDING,2025-11-18T15:41:33.014295
2025-11-18 15:41:30.608567,151,1108,HandType.Right,0.7103390693664551,-21.69424057006836,239.25601196289062,-69.7357177734375,-0.9576420187950134,-0.11352074146270752,0.26464083790779114,-13.03398609161377,49.922645568847656,-4.398661136627197,0.0,0.0,62.2449951171875,0,1,1,1,1,-83.38663482666016,252.7762908935547,-67.8848648071289,-65.45654296875,290.0185852050781,-126.37638854980469,raise,26,2025-11-18T15:41:30.608567,my_hand_data\videos\raise_seq26_20251118_154128_918386.avi,89.85430573597318,360,90,HIGH,VIDEO_RECORDING,2025-11-18T15:41:33.014295
2025-11-18 15:41:30.619039,152,1108,HandType.Right,0.7114794850349426,-21.85767936706543,239.77392578125,-69.79020690917969,-0.9574142098426819,-0.11375268548727036,0.26536455750465393,-14.668641090393066,46.48302459716797,-4.890152931213379,0.0,0.0,62.289615631103516,0,1,1,1,1,-83.5557632446289,253.17779541015625,-67.88286590576172,-65.6715087890625,290.5019226074219,-126.42604064941406,raise,26,2025-11-18T15:41:30.619039,my_hand_data\videos\raise_seq26_20251118_154128_918386.avi,89.85430573597318,360,90,HIGH,VIDEO_RECORDING,2025-11-18T15:41:33.014295
2025-11-18 15:41:30.629253,153,1108,HandType.Right,0.7122292518615723,-22.03322410583496,240.29859924316406,-69.84706115722656,-0.9571256637573242,-0.1140495091676712,0.26627644896507263,-15.55977725982666,46.50571060180664,-5.039178848266602,0.0,0.0,62.31104278564453,0,1,1,1,1,-83.75740051269531,253.65138244628906,-67.91777801513672,-65.9046859741211,290.99310302734375,-126.47772216796875,raise,26,2025-11-18T15:41:30.629253,my_hand_data\videos\raise_seq26_20251118_154128_918386.avi,89.85430573597318,360,90,HIGH,VIDEO_RECORDING,2025-11-18T15:41:33.014295
2025-11-18 15:41:30.639310,154,1108,HandType.Right,0.7124752402305603,-22.225051879882812,240.86215209960938,-69.95518493652344,-0.9568472504615784,-0.1146620437502861,0.2670131027698517,-17.048250198364258,50.084835052490234,-9.60931396484375,0.0,0.0,62.307029724121094,0,1,1,1,1,-84.014892578125,254.21505737304688,-68.02432250976562,-66.20332336425781,291.4816589355469,-126.56131744384766,raise,26,2025-11-18T15:41:30.639310,my_hand_data\videos\raise_seq26_20251118_154128_918386.avi,89.85430573597318,360,90,HIGH,VIDEO_RECORDING,2025-11-18T15:41:33.014295
2025-11-18 15:41:30.650362,155,1108,HandType.Right,0.7132486701011658,-22.444908142089844,241.35659790039062,-70.1116943359375,-0.9565377831459045,-0.11521387100219727,0.2678828239440918,-20.2875919342041,45.62477111816406,-14.442314147949219,0.0,0.0,62.346527099609375,0,1,1,1,1,-84.26237487792969,254.69007873535156,-68.10909271240234,-66.50418090820312,291.95111083984375,-126.71134185791016,raise,26,2025-11-18T15:41:30.650362,my_hand_data\videos\raise_seq26_20251118_154128_918386.avi,89.85430573597318,360,90,HIGH,VIDEO_RECORDING,2025-11-18T15:41:33.014295
2025-11-18 15:41:30.659985,156,1108,HandType.Right,0.7132486701011658,-22.444908142089844,241.35659790039062,-70.1116943359375,-0.9565377831459045,-0.11521387100219727,0.2678828239440918,-20.2875919342041,45.62477111816406,-14.442314147949219,0.0,0.0,62.346527099609375,0,1,1,1,1,-84.26237487792969,254.69007873535156,-68.10909271240234,-66.50418090820312,291.95111083984375,-126.71134185791016,raise,26,2025-11-18T15:41:30.659985,my_hand_data\videos\raise_seq26_20251118_154128_918386.avi,89.85430573597318,360,90,HIGH,VIDEO_RECORDING,2025-11-18T15:41:33.014295
2025-11-18 15:41:30.670392,157,1108,HandType.Right,0.7139272689819336,-22.660268783569336,241.86380004882812,-70.23950958251953,-0.9562003016471863,-0.11625128239393234,0.2686384618282318,-19.232023239135742,45.29438400268555,-11.414386749267578,0.0,0.0,62.33595657348633,0,1,1,1,1,-84.52792358398438,255.20997619628906,-68.18871307373047,-66.85684967041016,292.3869934082031,-126.82897186279297,raise,26,2025-11-18T15:41:30.670392,my_hand_data\videos\raise_seq26_20251118_154128_918386.avi,89.85430573597318,360,90,HIGH,VIDEO_RECORDING,2025-11-18T15:41:33.014295
2025-11-18 15:41:30.691215,158,1108,HandType.Right,0.7139062881469727,-23.051645278930664,242.85479736328125,-70.4413070678711,-0.9552919268608093,-0.11985032260417938,0.27028369903564453,-15.239521980285645,44.6754150390625,-6.524807929992676,0.0,0.0,62.29990768432617,0,1,1,1,1,-84.97958374023438,256.0902099609375,-68.34619140625,-67.45481872558594,293.1469421386719,-127.16424560546875,raise,26,2025-11-18T15:41:30.691215,my_hand_data\videos\raise_seq26_20251118_154128_918386.avi,89.85430573597318,360,90,HIGH,VIDEO_RECORDING,2025-11-18T15:41:33.014295
2025-11-18 15:41:30.691215,159,1108,HandType.Right,0.7139062881469727,-23.051645278930664,242.85479736328125,-70.4413070678711,-0.9552919268608093,-0.11985032260417938,0.27028369903564453,-15.239521980285645,44.6754150390625,-6.524807929992676,0.0,0.0,62.29990768432617,0,1,1,1,1,-84.97958374023438,256.0902099609375,-68.34619140625,-67.45481872558594,293.1469421386719,-127.16424560546875,raise,26,2025-11-18T15:41:30.691215,my_hand_data\videos\raise_seq26_20251118_154128_918386.avi,89.85430573597318,360,90,HIGH,VIDEO_RECORDING,2025-11-18T15:41:33.014295
2025-11-18 15:41:30.711712,160,1108,HandType.Right,0.7128691077232361,-23.12970542907715,243.6965789794922,-70.47935485839844,-0.9544876217842102,-0.12245308607816696,0.27195343375205994,-2.9722843170166016,40.49795913696289,-4.071305751800537,0.0,0.0,62.32926559448242,0,1,1,1,1,-85.11912536621094,256.8297424316406,-68.30583953857422,-67.72429656982422,293.7999572753906,-127.38434600830078,raise,26,2025-11-18T15:41:30.711712,my_hand_data\videos\raise_seq26_20251118_154128_918386.avi,89.85430573597318,360,90,HIGH,VIDEO_RECORDING,2025-11-18T15:41:33.014295
2025-11-18 15:41:30.711712,161,1108,HandType.Right,0.7127029895782471,-23.1510009765625,244.07684326171875,-70.54381561279297,-0.9541945457458496,-0.12317536026239395,0.2726546823978424,-1.882073163986206,33.60628890991211,-5.696671009063721,0.0,0.0,62.346710205078125,0,1,1,1,1,-85.14968872070312,257.20098876953125,-68.32750701904297,-67.84196472167969,294.0372619628906,-127.52881622314453,raise,26,2025-11-18T15:41:30.711712,my_hand_data\videos\raise_seq26_20251118_154128_918386.avi,89.85430573597318,360,90,HIGH,VIDEO_RECORDING,2025-11-18T15:41:33.014295
2025-11-18 15:41:30.732345,162,1108,HandType.Right,0.712712824344635,-23.178993225097656,244.54481506347656,-70.65804290771484,-0.9538689255714417,-0.12432537972927094,0.2732714116573334,-2.5483016967773438,42.60200119018555,-10.398870468139648,0.0,0.0,62.347900390625,0,1,1,1,1,-85.26477813720703,257.69232177734375,-68.4328384399414,-67.98224639892578,294.3675537109375,-127.68695068359375,raise,26,2025-11-18T15:41:30.732345,my_hand_data\videos\raise_seq26_20251118_154128_918386.avi,89.85430573597318,360,90,HIGH,VIDEO_RECORDING,2025-11-18T15:41:33.014295
2025-11-18 15:41:30.742449,163,1108,HandType.Right,0.7134544849395752,-23.194604873657227,245.06591796875,-70.75951385498047,-0.9536173343658447,-0.12486928701400757,0.2739007771015167,-1.4106801748275757,47.08535385131836,-9.16832447052002,0.0,0.0,62.327117919921875,0,1,1,1,1,-85.29492950439453,258.25079345703125,-68.49958801269531,-68.09078216552734,294.85888671875,-127.79107666015625,raise,26,2025-11-18T15:41:30.742449,my_hand_data\videos\raise_seq26_20251118_154128_918386.avi,89.85430573597318,360,90,HIGH,VIDEO_RECORDING,2025-11-18T15:41:33.014295
2025-11-18 15:41:30.752612,164,1108,HandType.Right,0.7138811945915222,-23.219528198242188,245.60784912109375,-70.89849853515625,-0.9534192681312561,-0.12502862513065338,0.27451688051223755,-2.2085142135620117,48.02280044555664,-12.316023826599121,0.0,0.0,62.361209869384766,0,1,1,1,1,-85.33901977539062,258.8167419433594,-68.54319763183594,-68.16878509521484,295.39154052734375,-127.93695831298828,raise,26,2025-11-18T15:41:30.752612,my_hand_data\videos\raise_seq26_20251118_154128_918386.avi,89.85430573597318,360,90,HIGH,VIDEO_RECORDING,2025-11-18T15:41:33.014295
2025-11-18 15:41:30.762891,165,1108,HandType.Right,0.7134934663772583,-23.176416397094727,246.0585479736328,-70.93985748291016,-0.953214168548584,-0.12438490986824036,0.2755196690559387,3.905512809753418,40.82796096801758,-3.7465806007385254,0.0,0.0,62.37849426269531,0,1,1,1,1,-85.32139587402344,259.27679443359375,-68.53319549560547,-68.17496490478516,295.83551025390625,-127.97798156738281,raise,26,2025-11-18T15:41:30.762891,my_hand_data\videos\raise_seq26_20251118_154128_918386.avi,89.85430573597318,360,90,HIGH,VIDEO_RECORDING,2025-11-18T15:41:33.014295
2025-11-18 15:41:30.773288,166,1108,HandType.Right,0.7132758498191833,-23.121431350708008,246.58192443847656,-70.96175384521484,-0.9530166387557983,-0.12390065938234329,0.2764197289943695,4.973198413848877,47.33757019042969,-1.9806122779846191,0.0,0.0,62.3777961730957,0,1,1,1,1,-85.30879211425781,259.8175048828125,-68.5166244506836,-68.18045806884766,296.36895751953125,-127.98712921142578,raise,26,2025-11-18T15:41:30.773288,my_hand_data\videos\raise_seq26_20251118_154128_918386.avi,89.85430573597318,360,90,HIGH,VIDEO_RECORDING,2025-11-18T15:41:33.014295
2025-11-18 15:41:30.783360,167,1108,HandType.Right,0.7129761576652527,-23.07146644592285,247.15982055664062,-70.98738861083984,-0.9528307318687439,-0.1235286295413971,0.27722612023353577,4.552335262298584,52.65141296386719,-2.335594892501831,0.0,0.0,62.373130798339844,0,1,1,1,1,-85.318359375,260.3858642578125,-68.52265930175781,-68.21131896972656,296.9638671875,-127.99414825439453,raise,26,2025-11-18T15:41:30.783360,my_hand_data\videos\raise_seq26_20251118_154128_918386.avi,89.85430573597318,360,90,HIGH,VIDEO_RECORDING,2025-11-18T15:41:33.014295
2025-11-18 15:41:30.793834,168,1108,HandType.Right,0.7124132513999939,-23.033527374267578,247.7045135498047,-71.04240417480469,-0.9526394605636597,-0.12286357581615448,0.2781773507595062,3.378291368484497,48.503501892089844,-4.899272441864014,0.0,0.0,62.363948822021484,0,1,1,1,1,-85.29090118408203,260.9441223144531,-68.53014373779297,-68.22977447509766,297.5254821777344,-127.99322509765625,raise,26,2025-11-18T15:41:30.793834,my_hand_data\videos\raise_seq26_20251118_154128_918386.avi,89.85430573597318,360,90,HIGH,VIDEO_RECORDING,2025-11-18T15:41:33.014295
2025-11-18 15:41:30.804172,169,1108,HandType.Right,0.7124132513999939,-23.033527374267578,247.7045135498047,-71.04240417480469,-0.9526394605636597,-0.12286357581615448,0.2781773507595062,3.378291368484497,48.503501892089844,-4.899272441864014,0.0,0.0,62.363948822021484,0,1,1,1,1,-85.29090118408203,260.9441223144531,-68.53014373779297,-68.22977447509766,297.5254821777344,-127.99322509765625,raise,26,2025-11-18T15:41:30.804172,my_hand_data\videos\raise_seq26_20251118_154128_918386.avi,89.85430573597318,360,90,HIGH,VIDEO_RECORDING,2025-11-18T15:41:33.014295
2025-11-18 15:41:30.824852,170,1108,HandType.Right,0.7124323844909668,-22.95624351501465,248.84628295898438,-71.19898223876953,-0.9523348212242126,-0.1215670257806778,0.27978527545928955,3.915609359741211,53.0679817199707,-7.384720325469971,0.0,0.0,62.405845642089844,0,1,1,1,1,-85.22760772705078,262.0902404785156,-68.55696868896484,-68.21611022949219,298.7048645019531,-128.0421600341797,raise,26,2025-11-18T15:41:30.824852,my_hand_data\videos\raise_seq26_20251118_154128_918386.avi,89.85430573597318,360,90,HIGH,VIDEO_RECORDING,2025-11-18T15:41:33.014295
2025-11-18 15:41:30.824852,171,1108,HandType.Right,0.7124645113945007,-22.907194137573242,249.50454711914062,-71.28411865234375,-0.9522562623023987,-0.12138102948665619,0.2801332473754883,4.3158769607543945,57.92049026489258,-7.491283416748047,0.0,0.0,62.42141342163086,0,1,1,1,1,-85.20284271240234,262.7759094238281,-68.60218811035156,-68.20980834960938,299.36248779296875,-128.0876007080078,raise,26,2025-11-18T15:41:30.824852,my_hand_data\videos\raise_seq26_20251118_154128_918386.avi,89.85430573597318,360,90,HIGH,VIDEO_RECORDING,2025-11-18T15:41:33.014295
2025-11-18 15:41:30.845522,172,1108,HandType.Right,0.7126081585884094,-22.8526611328125,250.2075958251953,-71.3905029296875,-0.9522365927696228,-0.12095870077610016,0.2803827226161957,5.009078025817871,64.57675170898438,-9.771781921386719,0.0,0.0,62.44490051269531,0,1,1,1,1,-85.16057586669922,263.4669494628906,-68.67354583740234,-68.15808868408203,300.089599609375,-128.1377716064453,raise,26,2025-11-18T15:41:30.845522,my_hand_data\videos\raise_seq26_20251118_154128_918386.avi,89.85430573597318,360,90,HIGH,VIDEO_RECORDING,2025-11-18T15:41:33.014295
2025-11-18 15:41:30.850483,173,1108,HandType.Right,0.7132500410079956,-22.755130767822266,250.91180419921875,-71.46685791015625,-0.9522126913070679,-0.12048559635877609,0.2806674838066101,8.690925598144531,62.75273895263672,-6.80413818359375,0.0,0.0,62.45818328857422,0,1,1,1,1,-85.1329345703125,264.17108154296875,-68.74292755126953,-68.0682373046875,300.83294677734375,-128.15809631347656,raise,26,2025-11-18T15:41:30.850483,my_hand_data\videos\raise_seq26_20251118_154128_918386.avi,89.85430573597318,360,90,HIGH,VIDEO_RECORDING,2025-11-18T15:41:33.014295
2025-11-18 15:41:30.866004,174,1108,HandType.Right,0.7142766714096069,-22.65276527404785,251.60232543945312,-71.54290771484375,-0.9521694183349609,-0.120216965675354,0.2809293270111084,9.141373634338379,61.66408157348633,-6.791427135467529,0.0,0.0,62.47214126586914,0,1,1,1,1,-85.07450103759766,264.8960266113281,-68.79083251953125,-67.96260833740234,301.5964660644531,-128.20172119140625,raise,26,2025-11-18T15:41:30.866004,my_hand_data\videos\raise_seq26_20251118_154128_918386.avi,89.85430573597318,360,90,HIGH,VIDEO_RECORDING,2025-11-18T15:41:33.014295
2025-11-18 15:41:30.866004,175,1108,HandType.Right,0.7142766714096069,-22.65276527404785,251.60232543945312,-71.54290771484375,-0.9521694183349609,-0.120216965675354,0.2809293270111084,9.141373634338379,61.66408157348633,-6.791427135467529,0.0,0.0,62.47214126586914,0,1,1,1,1,-85.07450103759766,264.8960266113281,-68.79083251953125,-67.96260833740234,301.5964660644531,-128.20172119140625,raise,26,2025-11-18T15:41:30.866004,my_hand_data\videos\raise_seq26_20251118_154128_918386.avi,89.85430573597318,360,90,HIGH,VIDEO_RECORDING,2025-11-18T15:41:33.014295
2025-11-18 15:41:30.886708,176,1108,HandType.Right,0.7145687341690063,-22.401342391967773,253.03680419921875,-71.65444946289062,-0.9522370100021362,-0.11988217383623123,0.28084322810173035,12.320901870727539,62.00349426269531,-2.315065383911133,0.0,0.0,62.52434539794922,0,1,1,1,1,-84.90741729736328,266.2976989746094,-68.83977508544922,-67.68840789794922,303.28094482421875,-128.24424743652344,raise,26,2025-11-18T15:41:30.886708,my_hand_data\videos\raise_seq26_20251118_154128_918386.avi,89.85430573597318,360,90,HIGH,VIDEO_RECORDING,2025-11-18T15:41:33.014295
2025-11-18 15:41:30.897181,177,1108,HandType.Right,0.714266300201416,-22.269258499145508,253.7563018798828,-71.61555480957031,-0.9523200988769531,-0.11967192590236664,0.2806512415409088,12.064638137817383,65.7199478149414,3.5530834197998047,0.0,0.0,62.56459045410156,0,1,1,1,1,-84.8428726196289,266.9953308105469,-68.80756378173828,-67.45952606201172,304.1382141113281,-128.1848907470703,raise,26,2025-11-18T15:41:30.897181,my_hand_data\videos\raise_seq26_20251118_154128_918386.avi,89.85430573597318,360,90,HIGH,VIDEO_RECORDING,2025-11-18T15:41:33.014295
2025-11-18 15:41:30.907508,178,1108,HandType.Right,0.7146120667457581,-22.164640426635742,254.5012664794922,-71.56883239746094,-0.9524106979370117,-0.11967052519321442,0.28034406900405884,9.301836967468262,66.23639678955078,4.15411376953125,0.0,0.0,62.58362579345703,0,1,1,1,1,-84.75592041015625,267.6993713378906,-68.75676727294922,-67.32372283935547,304.9359130859375,-128.0972442626953,raise,26,2025-11-18T15:41:30.907508,my_hand_data\videos\raise_seq26_20251118_154128_918386.avi,89.85430573597318,360,90,HIGH,VIDEO_RECORDING,2025-11-18T15:41:33.014295
2025-11-18 15:41:30.917822,179,1108,HandType.Right,0.7149307131767273,-22.11288833618164,255.28724670410156,-71.54998779296875,-0.9524651765823364,-0.11978653818368912,0.28010931611061096,4.496345043182373,68.28759002685547,1.637125015258789,0.0,0.0,62.58196258544922,0,1,1,1,1,-84.69918060302734,268.4777526855469,-68.73661041259766,-67.2363510131836,305.7648010253906,-127.9922866821289,raise,26,2025-11-18T15:41:30.917822,my_hand_data\videos\raise_seq26_20251118_154128_918386.avi,89.85430573597318,360,90,HIGH,VIDEO_RECORDING,2025-11-18T15:41:33.014295
2025-11-18 15:41:30.928078,180,1108,HandType.Right,0.7149320244789124,-22.03414535522461,256.08056640625,-71.51161193847656,-0.9525029063224792,-0.11948774755001068,0.28010866045951843,7.303818702697754,73.58456420898438,3.559788942337036,0.0,0.0,62.59624481201172,0,1,1,1,1,-84.62853240966797,269.26385498046875,-68.68550872802734,-67.12645721435547,306.5851745605469,-127.92188262939453,raise,26,2025-11-18T15:41:30.928078,my_hand_data\videos\raise_seq26_20251118_154128_918386.avi,89.85430573597318,360,90,HIGH,VIDEO_RECORDING,2025-11-18T15:41:33.014295
2025-11-18 15:41:30.938171,181,1108,HandType.Right,0.7149320244789124,-22.03414535522461,256.08056640625,-71.51161193847656,-0.9525029063224792,-0.11948774755001068,0.28010866045951843,7.303818702697754,73.58456420898438,3.559788942337036,0.0,0.0,62.59624481201172,0,1,1,1,1,-84.62853240966797,269.26385498046875,-68.68550872802734,-67.12645721435547,306.5851745605469,-127.92188262939453,raise,26,2025-11-18T15:41:30.938171,my_hand_data\videos\raise_seq26_20251118_154128_918386.avi,89.85430573597318,360,90,HIGH,VIDEO_RECORDING,2025-11-18T15:41:33.014295
2025-11-18 15:41:30.948664,182,1108,HandType.Right,0.7141550183296204,-21.928325653076172,256.80291748046875,-71.466552734375,-0.9524919986724854,-0.1190011277794838,0.28035277128219604,9.365325927734375,63.93130111694336,3.9876816272735596,0.0,0.0,62.61598587036133,0,1,1,1,1,-84.53990173339844,270.037109375,-68.56550598144531,-67.0601577758789,307.3059997558594,-127.8389663696289,raise,26,2025-11-18T15:41:30.948664,my_hand_data\videos\raise_seq26_20251118_154128_918386.avi,89.85430573597318,360,90,HIGH,VIDEO_RECORDING,2025-11-18T15:41:33.014295
2025-11-18 15:41:30.968983,183,1108,HandType.Right,0.7143502235412598,-21.747159957885742,258.2534484863281,-71.38114166259766,-0.9524420499801636,-0.1174611821770668,0.2811708152294159,7.539786338806152,65.45550537109375,6.2189130783081055,0.0,0.0,62.58584976196289,0,1,1,1,1,-84.33512115478516,271.490478515625,-68.41478729248047,-66.91019439697266,308.7767639160156,-127.55006408691406,raise,26,2025-11-18T15:41:30.968983,my_hand_data\videos\raise_seq26_20251118_154128_918386.avi,89.85430573597318,360,90,HIGH,VIDEO_RECORDING,2025-11-18T15:41:33.014295
2025-11-18 15:41:30.968983,184,1108,HandType.Right,0.7142367959022522,-21.694124221801758,258.9604187011719,-71.361083984375,-0.9523500800132751,-0.11704698204994202,0.28165459632873535,4.699282646179199,62.64104461669922,1.7775826454162598,0.0,0.0,62.60084533691406,0,1,1,1,1,-84.29472351074219,272.1794738769531,-68.33643341064453,-66.88471221923828,309.4884338378906,-127.43838500976562,raise,26,2025-11-18T15:41:30.968983,my_hand_data\videos\raise_seq26_20251118_154128_918386.avi,89.85430573597318,360,90,HIGH,VIDEO_RECORDING,2025-11-18T15:41:33.014295
2025-11-18 15:41:30.989456,185,1108,HandType.Right,0.7138606905937195,-21.6544189453125,259.71649169921875,-71.33342742919922,-0.9522419571876526,-0.11734539270401001,0.2818959355354309,3.647690773010254,69.45793151855469,2.5408177375793457,0.0,0.0,62.596614837646484,0,1,1,1,1,-84.26655578613281,272.9252624511719,-68.29435729980469,-66.85100555419922,310.25390625,-127.36572265625,raise,26,2025-11-18T15:41:30.989456,my_hand_data\videos\raise_seq26_20251118_154128_918386.avi,89.85430573597318,360,90,HIGH,VIDEO_RECORDING,2025-11-18T15:41:33.014295
2025-11-18 15:41:30.989456,186,1108,HandType.Right,0.7136222124099731,-21.56532096862793,260.4251708984375,-71.28296661376953,-0.9521234035491943,-0.11766307055950165,0.2821637988090515,7.822485446929932,62.22090148925781,4.429823398590088,0.0,0.0,62.56766128540039,0,1,1,1,1,-84.18453216552734,273.6530456542969,-68.17581939697266,-66.85139465332031,310.9541015625,-127.18111419677734,raise,26,2025-11-18T15:41:30.989456,my_hand_data\videos\raise_seq26_20251118_154128_918386.avi,89.85430573597318,360,90,HIGH,VIDEO_RECORDING,2025-11-18T15:41:33.014295
2025-11-18 15:41:31.010040,187,1108,HandType.Right,0.7141255736351013,-21.488605499267578,261.21124267578125,-71.29156494140625,-0.9520260095596313,-0.11843138188123703,0.2821711301803589,7.033628940582275,72.0699234008789,-0.7876965999603271,0.0,0.0,62.54005432128906,0,1,1,1,1,-84.10354614257812,274.48590087890625,-68.14131927490234,-66.84050750732422,311.67498779296875,-127.10646057128906,raise,26,2025-11-18T15:41:31.010040,my_hand_data\videos\raise_seq26_20251118_154128_918386.avi,89.85430573597318,360,90,HIGH,VIDEO_RECORDING,2025-11-18T15:41:33.014295
2025-11-18 15:41:31.020428,188,1108,HandType.Right,0.7150540947914124,-21.391510009765625,262.06231689453125,-71.3209228515625,-0.9519535303115845,-0.11936233937740326,0.2820233404636383,8.701018333435059,76.26747131347656,-2.631209135055542,0.0,0.0,62.511539459228516,0,1,1,1,1,-84.04845428466797,275.3463134765625,-68.15748596191406,-66.81707763671875,312.4806823730469,-127.0488510131836,raise,26,2025-11-18T15:41:31.020428,my_hand_data\videos\raise_seq26_20251118_154128_918386.avi,89.85430573597318,360,90,HIGH,VIDEO_RECORDING,2025-11-18T15:41:33.014295
2025-11-18 15:41:31.030728,189,1108,HandType.Right,0.7150540947914124,-21.391510009765625,262.06231689453125,-71.3209228515625,-0.9519535303115845,-0.11936233937740326,0.2820233404636383,8.701018333435059,76.26747131347656,-2.631209135055542,0.0,0.0,62.511539459228516,0,1,1,1,1,-84.04845428466797,275.3463134765625,-68.15748596191406,-66.81707763671875,312.4806823730469,-127.0488510131836,raise,26,2025-11-18T15:41:31.030728,my_hand_data\videos\raise_seq26_20251118_154128_918386.avi,89.85430573597318,360,90,HIGH,VIDEO_RECORDING,2025-11-18T15:41:33.014295
2025-11-18 15:41:31.030728,190,1108,HandType.Right,0.7157524824142456,-21.25237464904785,262.8804931640625,-71.35103607177734,-0.9519415497779846,-0.12004104256629944,0.28177544474601746,12.386290550231934,72.83790588378906,-2.680763006210327,0.0,0.0,62.516746520996094,0,1,1,1,1,-83.9649887084961,276.2176513671875,-68.14580535888672,-66.7334213256836,313.2842712402344,-127.0235595703125,raise,26,2025-11-18T15:41:31.030728,my_hand_data\videos\raise_seq26_20251118_154128_918386.avi,89.85430573597318,360,90,HIGH,VIDEO_RECORDING,2025-11-18T15:41:33.014295
2025-11-18 15:41:31.050666,191,1108,HandType.Right,0.7164270281791687,-20.887475967407227,264.46563720703125,-71.3271484375,-0.9519991278648376,-0.12063031643629074,0.28132888674736023,15.156944274902344,71.72834014892578,0.8138850927352905,0.0,0.0,62.55630111694336,0,1,1,1,1,-83.67730712890625,277.9283752441406,-68.00367736816406,-66.40679931640625,314.8932800292969,-126.83635711669922,raise,26,2025-11-18T15:41:31.050666,my_hand_data\videos\raise_seq26_20251118_154128_918386.avi,89.85430573597318,360,90,HIGH,VIDEO_RECORDING,2025-11-18T15:41:33.014295
2025-11-18 15:41:31.060877,192,1108,HandType.Right,0.7164270281791687,-20.887475967407227,264.46563720703125,-71.3271484375,-0.9519991278648376,-0.12063031643629074,0.28132888674736023,15.156944274902344,71.72834014892578,0.8138850927352905,0.0,0.0,62.55630111694336,0,1,1,1,1,-83.67730712890625,277.9283752441406,-68.00367736816406,-66.40679931640625,314.8932800292969,-126.83635711669922,raise,26,2025-11-18T15:41:31.060877,my_hand_data\videos\raise_seq26_20251118_154128_918386.avi,89.85430573597318,360,90,HIGH,VIDEO_RECORDING,2025-11-18T15:41:33.014295
2025-11-18 15:41:31.071426,193,1108,HandType.Right,0.7161263227462769,-20.67975425720215,265.2958984375,-71.26203918457031,-0.9521188735961914,-0.12123535573482513,0.2806628942489624,18.688392639160156,74.6991958618164,5.858253002166748,0.0,0.0,62.54384994506836,0,1,1,1,1,-83.48485565185547,278.7939147949219,-67.9000244140625,-66.17142486572266,315.88604736328125,-126.66511535644531,raise,26,2025-11-18T15:41:31.071426,my_hand_data\videos\raise_seq26_20251118_154128_918386.avi,89.85430573597318,360,90,HIGH,VIDEO_RECORDING,2025-11-18T15:41:33.014295
2025-11-18 15:41:31.081949,194,1108,HandType.Right,0.7162847518920898,-20.46462631225586,266.1920471191406,-71.22346496582031,-0.9523497819900513,-0.12159261852502823,0.2797233462333679,19.24397850036621,80.16271209716797,3.4502100944519043,0.0,0.0,62.58218765258789,0,1,1,1,1,-83.30742645263672,279.7568664550781,-67.82120513916016,-65.89246368408203,316.9462890625,-126.54933166503906,raise,26,2025-11-18T15:41:31.081949,my_hand_data\videos\raise_seq26_20251118_154128_918386.avi,89.85430573597318,360,90,HIGH,VIDEO_RECORDING,2025-11-18T15:41:33.014295
2025-11-18 15:41:31.102332,195,1108,HandType.Right,0.7157971858978271,-20.183042526245117,267.9296569824219,-71.22148895263672,-0.9527243375778198,-0.12218061089515686,0.27818742394447327,12.737040519714355,75.42823028564453,1.234259843826294,0.0,0.0,62.52409362792969,0,1,1,1,1,-83.12752532958984,281.6160888671875,-67.82046508789062,-65.60646057128906,318.8414306640625,-126.32401275634766,raise,26,2025-11-18T15:41:31.102332,my_hand_data\videos\raise_seq26_20251118_154128_918386.avi,89.85430573597318,360,90,HIGH,VIDEO_RECORDING,2025-11-18T15:41:33.014295
2025-11-18 15:41:31.102332,196,1108,HandType.Right,0.7158703207969666,-20.091693878173828,268.79071044921875,-71.27720642089844,-0.9529072046279907,-0.12291055172681808,0.2772378921508789,8.154743194580078,76.86715698242188,-4.974277019500732,0.0,0.0,62.51478958129883,0,1,1,1,1,-83.05364990234375,282.4889221191406,-67.85883331298828,-65.50858306884766,319.7978820800781,-126.19912719726562,raise,26,2025-11-18T15:41:31.102332,my_hand_data\videos\raise_seq26_20251118_154128_918386.avi,89.85430573597318,360,90,HIGH,VIDEO_RECORDING,2025-11-18T15:41:33.014295
2025-11-18 15:41:31.122671,197,1108,HandType.Right,0.7158707976341248,-20.053678512573242,269.60296630859375,-71.36248779296875,-0.952973484992981,-0.12358879297971725,0.27670809626579285,3.421091318130493,73.0963363647461,-7.674313545227051,0.0,0.0,62.437496185302734,0,1,1,1,1,-83.02400970458984,283.32489013671875,-67.94437408447266,-65.5445556640625,320.6230163574219,-126.06017303466797,raise,26,2025-11-18T15:41:31.122671,my_hand_data\videos\raise_seq26_20251118_154128_918386.avi,89.85430573597318,360,90,HIGH,VIDEO_RECORDING,2025-11-18T15:41:33.014295
2025-11-18 15:41:31.127535,198,1108,HandType.Right,0.7158448696136475,-20.018220901489258,270.43353271484375,-71.47193908691406,-0.9530496597290039,-0.12423183768987656,0.2761571407318115,3.1925570964813232,74.78751373291016,-9.855091094970703,0.0,0.0,62.41213607788086,0,1,1,1,1,-82.9865951538086,284.18951416015625,-68.0282974243164,-65.53556060791016,321.4640808105469,-126.03684997558594,raise,26,2025-11-18T15:41:31.127535,my_hand_data\videos\raise_seq26_20251118_154128_918386.avi,89.85430573597318,360,90,HIGH,VIDEO_RECORDING,2025-11-18T15:41:33.014295
2025-11-18 15:41:31.143390,199,1108,HandType.Right,0.7161334753036499,-19.987943649291992,271.3232727050781,-71.6182861328125,-0.9532133340835571,-0.1254192441701889,0.2750534117221832,2.731412887573242,80.26456451416016,-13.2027587890625,0.0,0.0,62.376380920410156,0,1,1,1,1,-82.94977569580078,285.09942626953125,-68.14786529541016,-65.5168228149414,322.3731384277344,-126.03390502929688,raise,26,2025-11-18T15:41:31.143390,my_hand_data\videos\raise_seq26_20251118_154128_918386.avi,89.85430573597318,360,90,HIGH,VIDEO_RECORDING,2025-11-18T15:41:33.014295
2025-11-18 15:41:31.153474,200,1108,HandType.Right,0.7160951495170593,-19.926916122436523,272.0650329589844,-71.6920166015625,-0.9533423781394958,-0.12656311690807343,0.274080365896225,5.519318580627441,67.08484649658203,-6.668209552764893,0.0,0.0,62.3497200012207,0,1,1,1,1,-82.88021087646484,285.864501953125,-68.19025421142578,-65.48526000976562,323.1225280761719,-125.95866394042969,raise,26,2025-11-18T15:41:31.153474,my_hand_data\videos\raise_seq26_20251118_154128_918386.avi,89.85430573597318,360,90,HIGH,VIDEO_RECORDING,2025-11-18T15:41:33.014295
2025-11-18 15:41:31.163943,201,1108,HandType.Right,0.715941846370697,-19.850223541259766,272.71514892578125,-71.74593353271484,-0.9534342288970947,-0.12703900039196014,0.27354031801223755,6.950561046600342,58.918296813964844,-4.886022090911865,0.0,0.0,62.37489700317383,0,1,1,1,1,-82.74687957763672,286.544921875,-68.15441131591797,-65.41407775878906,323.7868957519531,-125.9247055053711,raise,26,2025-11-18T15:41:31.163943,my_hand_data\videos\raise_seq26_20251118_154128_918386.avi,89.85430573597318,360,90,HIGH,VIDEO_RECORDING,2025-11-18T15:41:33.014295
2025-11-18 15:41:31.174084,202,1108,HandType.Right,0.7162133455276489,-19.6292667388916,273.4057922363281,-71.76626586914062,-0.9535766839981079,-0.12655727565288544,0.27326682209968567,19.89897918701172,62.198272705078125,-1.8309259414672852,0.0,0.0,62.43193817138672,0,1,1,1,1,-82.51603698730469,287.2565002441406,-68.04840850830078,-65.2249526977539,324.47320556640625,-125.86015319824219,raise,26,2025-11-18T15:41:31.174084,my_hand_data\videos\raise_seq26_20251118_154128_918386.avi,89.85430573597318,360,90,HIGH,VIDEO_RECORDING,2025-11-18T15:41:33.014295
2025-11-18 15:41:31.184352,203,1108,HandType.Right,0.7163375020027161,-19.435546875,274.13031005859375,-71.779541015625,-0.953657329082489,-0.12601442635059357,0.2732362151145935,17.376989364624023,64.98969268798828,-1.191354751586914,0.0,0.0,62.43458557128906,0,1,1,1,1,-82.32777404785156,288.0050354003906,-67.9789047241211,-65.13447570800781,325.2098083496094,-125.77355194091797,raise,26,2025-11-18T15:41:31.184352,my_hand_data\videos\raise_seq26_20251118_154128_918386.avi,89.85430573597318,360,90,HIGH,VIDEO_RECORDING,2025-11-18T15:41:33.014295
2025-11-18 15:41:31.194759,204,1108,HandType.Right,0.7163941860198975,-19.224363327026367,274.8596496582031,-71.76996612548828,-0.9538841843605042,-0.12509296834468842,0.27286747097969055,18.667314529418945,64.4714126586914,0.8463801741600037,0.0,0.0,62.429500579833984,0,1,1,1,1,-82.15178680419922,288.8409423828125,-67.90887451171875,-64.98631286621094,325.97296142578125,-125.64215087890625,raise,26,2025-11-18T15:41:31.194759,my_hand_data\videos\raise_seq26_20251118_154128_918386.avi,89.85430573597318,360,90,HIGH,VIDEO_RECORDING,2025-11-18T15:41:33.014295
2025-11-18 15:41:31.205069,205,1108,HandType.Right,0.7163941860198975,-19.224363327026367,274.8596496582031,-71.76996612548828,-0.9538841843605042,-0.12509296834468842,0.27286747097969055,18.667314529418945,64.4714126586914,0.8463801741600037,0.0,0.0,62.429500579833984,0,1,1,1,1,-82.15178680419922,288.8409423828125,-67.90887451171875,-64.98631286621094,325.97296142578125,-125.64215087890625,raise,26,2025-11-18T15:41:31.205069,my_hand_data\videos\raise_seq26_20251118_154128_918386.avi,89.85430573597318,360,90,HIGH,VIDEO_RECORDING,2025-11-18T15:41:33.014295
2025-11-18 15:41:31.225772,206,1108,HandType.Right,0.7157513499259949,-18.831209182739258,276.53265380859375,-71.6729507446289,-0.954267144203186,-0.12207316607236862,0.2728962004184723,17.67230224609375,76.51950073242188,6.98282527923584,0.0,0.0,62.446250915527344,0,1,1,1,1,-81.83477783203125,290.619873046875,-67.71255493164062,-64.63534545898438,327.7159729003906,-125.29285430908203,raise,26,2025-11-18T15:41:31.225772,my_hand_data\videos\raise_seq26_20251118_154128_918386.avi,89.85430573597318,360,90,HIGH,VIDEO_RECORDING,2025-11-18T15:41:33.014295
2025-11-18 15:41:31.225772,207,1108,HandType.Right,0.7160571217536926,-18.644365310668945,277.3278503417969,-71.58740997314453,-0.9544013738632202,-0.12080400437116623,0.2729916274547577,17.13229751586914,72.91255950927734,7.843121528625488,0.0,0.0,62.41014099121094,0,1,1,1,1,-81.66659545898438,291.5195617675781,-67.59305572509766,-64.47379302978516,328.5309143066406,-125.0406494140625,raise,26,2025-11-18T15:41:31.225772,my_hand_data\videos\raise_seq26_20251118_154128_918386.avi,89.85430573597318,360,90,HIGH,VIDEO_RECORDING,2025-11-18T15:41:33.014295
2025-11-18 15:41:31.246296,208,1108,HandType.Right,0.7161895036697388,-18.520944595336914,278.07855224609375,-71.51213073730469,-0.9544805884361267,-0.1197655126452446,0.2731722593307495,11.083090782165527,67.41334533691406,6.760043144226074,0.0,0.0,62.36514663696289,0,1,1,1,1,-81.53656768798828,292.3506164550781,-67.5034408569336,-64.37684631347656,329.2920837402344,-124.77671813964844,raise,26,2025-11-18T15:41:31.246296,my_hand_data\videos\raise_seq26_20251118_154128_918386.avi,89.85430573597318,360,90,HIGH,VIDEO_RECORDING,2025-11-18T15:41:33.014295
2025-11-18 15:41:31.246296,209,1108,HandType.Right,0.7161895036697388,-18.520944595336914,278.07855224609375,-71.51213073730469,-0.9544805884361267,-0.1197655126452446,0.2731722593307495,11.083090782165527,67.41334533691406,6.760043144226074,0.0,0.0,62.36514663696289,0,1,1,1,1,-81.53656768798828,292.3506164550781,-67.5034408569336,-64.37684631347656,329.2920837402344,-124.77671813964844,raise,26,2025-11-18T15:41:31.246296,my_hand_data\videos\raise_seq26_20251118_154128_918386.avi,89.85430573597318,360,90,HIGH,VIDEO_RECORDING,2025-11-18T15:41:33.014295
2025-11-18 15:41:31.266970,210,1108,HandType.Right,0.7153265476226807,-18.423320770263672,279.71240234375,-71.462890625,-0.9545890092849731,-0.11804035305976868,0.27354392409324646,1.6392406225204468,74.35896301269531,-0.39847424626350403,0.0,0.0,62.30632400512695,0,1,1,1,1,-81.46420288085938,294.3089294433594,-67.39283752441406,-64.29763793945312,330.9619445800781,-124.41851043701172,raise,26,2025-11-18T15:41:31.266970,my_hand_data\videos\raise_seq26_20251118_154128_918386.avi,89.85430573597318,360,90,HIGH,VIDEO_RECORDING,2025-11-18T15:41:33.014295
2025-11-18 15:41:31.271327,211,1108,HandType.Right,0.7149206399917603,-18.41254997253418,280.44427490234375,-71.4653091430664,-0.9546501636505127,-0.11783185601234436,0.2734204828739166,0.9625832438468933,65.40494537353516,-0.21575383841991425,0.0,0.0,62.269935607910156,0,1,1,1,1,-81.5006103515625,295.1330871582031,-67.38504028320312,-64.37103271484375,331.6416015625,-124.25105285644531,raise,26,2025-11-18T15:41:31.271327,my_hand_data\videos\raise_seq26_20251118_154128_918386.avi,89.85430573597318,360,90,HIGH,VIDEO_RECORDING,2025-11-18T15:41:33.014295
2025-11-18 15:41:31.287681,212,1108,HandType.Right,0.7148468494415283,-18.396310806274414,281.2160339355469,-71.51005554199219,-0.9547293186187744,-0.11715174466371536,0.2734363079071045,1.470281958580017,69.87538146972656,-4.051707744598389,0.0,0.0,62.24369430541992,0,1,1,1,1,-81.49903869628906,295.9489440917969,-67.3941421508789,-64.39982604980469,332.4024353027344,-124.11479949951172,raise,26,2025-11-18T15:41:31.287681,my_hand_data\videos\raise_seq26_20251118_154128_918386.avi,89.85430573597318,360,90,HIGH,VIDEO_RECORDING,2025-11-18T15:41:33.014295
2025-11-18 15:41:31.297878,213,1108,HandType.Right,0.7147093415260315,-18.375839233398438,281.99505615234375,-71.52030944824219,-0.9547468423843384,-0.11682625859975815,0.27351438999176025,1.8111580610275269,68.91998291015625,-0.906796395778656,0.0,0.0,62.224754333496094,0,1,1,1,1,-81.48041534423828,296.7663879394531,-67.35660552978516,-64.41597747802734,333.21356201171875,-123.95439147949219,raise,26,2025-11-18T15:41:31.297878,my_hand_data\videos\raise_seq26_20251118_154128_918386.avi,89.85430573597318,360,90,HIGH,VIDEO_RECORDING,2025-11-18T15:41:33.014295
2025-11-18 15:41:31.308214,214,1108,HandType.Right,0.7137947082519531,-18.351896286010742,282.7464904785156,-71.50104522705078,-0.9547942280769348,-0.11596586555242538,0.273715078830719,2.2008981704711914,69.07194519042969,1.77061128616333,0.0,0.0,62.21100616455078,0,1,1,1,1,-81.44732666015625,297.5659484863281,-67.2965316772461,-64.41068267822266,333.9659729003906,-123.75615692138672,raise,26,2025-11-18T15:41:31.308214,my_hand_data\videos\raise_seq26_20251118_154128_918386.avi,89.85430573597318,360,90,HIGH,VIDEO_RECORDING,2025-11-18T15:41:33.014295
2025-11-18 15:41:31.318379,215,1108,HandType.Right,0.7130762934684753,-18.28806495666504,283.490966796875,-71.48173522949219,-0.9548115730285645,-0.11499082297086716,0.2740655541419983,5.699744701385498,66.4776611328125,1.7245136499404907,0.0,0.0,62.18907928466797,0,1,1,1,1,-81.38788604736328,298.39129638671875,-67.21401977539062,-64.36968994140625,334.7640686035156,-123.57595825195312,raise,26,2025-11-18T15:41:31.318379,my_hand_data\videos\raise_seq26_20251118_154128_918386.avi,89.85430573597318,360,90,HIGH,VIDEO_RECORDING,2025-11-18T15:41:33.014295
2025-11-18 15:41:31.328595,216,1108,HandType.Right,0.7130618095397949,-18.24156379699707,284.2275390625,-71.49268341064453,-0.9548208117485046,-0.11503440886735916,0.2740151882171631,4.189164161682129,66.35704040527344,-0.9866216778755188,0.0,0.0,62.17695236206055,0,1,1,1,1,-81.34000396728516,299.2337646484375,-67.16927337646484,-64.3547134399414,335.5151062011719,-123.41452026367188,raise,26,2025-11-18T15:41:31.328595,my_hand_data\videos\raise_seq26_20251118_154128_918386.avi,89.85430573597318,360,90,HIGH,VIDEO_RECORDING,2025-11-18T15:41:33.014295
2025-11-18 15:41:31.338783,217,1108,HandType.Right,0.7127876281738281,-18.198246002197266,284.92584228515625,-71.46931457519531,-0.9547778367996216,-0.11506208032369614,0.2741532623767853,3.9206457138061523,63.201778411865234,2.1149256229400635,0.0,0.0,62.152252197265625,0,1,1,1,1,-81.2803726196289,299.984619140625,-67.09858703613281,-64.3799819946289,336.208984375,-123.25090026855469,raise,26,2025-11-18T15:41:31.338783,my_hand_data\videos\raise_seq26_20251118_154128_918386.avi,89.85430573597318,360,90,HIGH,VIDEO_RECORDING,2025-11-18T15:41:33.014295
2025-11-18 15:41:31.348965,218,1108,HandType.Right,0.7127876281738281,-18.198246002197266,284.92584228515625,-71.46931457519531,-0.9547778367996216,-0.11506208032369614,0.2741532623767853,3.9206457138061523,63.201778411865234,2.1149256229400635,0.0,0.0,62.152252197265625,0,1,1,1,1,-81.2803726196289,299.984619140625,-67.09858703613281,-64.3799819946289,336.208984375,-123.25090026855469,raise,26,2025-11-18T15:41:31.348965,my_hand_data\videos\raise_seq26_20251118_154128_918386.avi,89.85430573597318,360,90,HIGH,VIDEO_RECORDING,2025-11-18T15:41:33.014295
2025-11-18 15:41:31.369881,219,1108,HandType.Right,0.7124515771865845,-18.030227661132812,286.4413146972656,-71.37706756591797,-0.9547935128211975,-0.11436521261930466,0.27439016103744507,9.282325744628906,72.03357696533203,4.176942348480225,0.0,0.0,62.12889862060547,0,1,1,1,1,-81.09326171875,301.5245056152344,-66.89076232910156,-64.36524963378906,337.7366943359375,-122.7625732421875,raise,26,2025-11-18T15:41:31.369881,my_hand_data\videos\raise_seq26_20251118_154128_918386.avi,89.85430573597318,360,90,HIGH,VIDEO_RECORDING,2025-11-18T15:41:33.014295
2025-11-18 15:41:31.369881,220,1108,HandType.Right,0.7122857570648193,-17.887182235717773,287.22662353515625,-71.3048095703125,-0.9547857642173767,-0.11363822221755981,0.2747189700603485,12.973458290100098,71.22457885742188,6.5537004470825195,0.0,0.0,62.1099739074707,0,1,1,1,1,-80.93816375732422,302.30316162109375,-66.7676010131836,-64.3088607788086,338.50286865234375,-122.51875305175781,raise,26,2025-11-18T15:41:31.369881,my_hand_data\videos\raise_seq26_20251118_154128_918386.avi,89.85430573597318,360,90,HIGH,VIDEO_RECORDING,2025-11-18T15:41:33.014295
2025-11-18 15:41:31.390806,221,1108,HandType.Right,0.7113135457038879,-17.762277603149414,288.0433044433594,-71.26031494140625,-0.9547848105430603,-0.11300196498632431,0.2749846577644348,11.262884140014648,73.64027404785156,4.011783123016357,0.0,0.0,62.109230041503906,0,1,1,1,1,-80.80293273925781,303.1786804199219,-66.66207885742188,-64.23465728759766,339.25836181640625,-122.35977935791016,raise,26,2025-11-18T15:41:31.390806,my_hand_data\videos\raise_seq26_20251118_154128_918386.avi,89.85430573597318,360,90,HIGH,VIDEO_RECORDING,2025-11-18T15:41:33.014295
2025-11-18 15:41:31.390806,222,1108,HandType.Right,0.7113135457038879,-17.762277603149414,288.0433044433594,-71.26031494140625,-0.9547848105430603,-0.11300196498632431,0.2749846577644348,11.262884140014648,73.64027404785156,4.011783123016357,0.0,0.0,62.109230041503906,0,1,1,1,1,-80.80293273925781,303.1786804199219,-66.66207885742188,-64.23465728759766,339.25836181640625,-122.35977935791016,raise,26,2025-11-18T15:41:31.390806,my_hand_data\videos\raise_seq26_20251118_154128_918386.avi,89.85430573597318,360,90,HIGH,VIDEO_RECORDING,2025-11-18T15:41:33.014295
2025-11-18 15:41:31.411156,223,1108,HandType.Right,0.7101883292198181,-17.510108947753906,289.4384765625,-71.14189147949219,-0.954846978187561,-0.11149363219738007,0.27538421750068665,12.684142112731934,58.93700408935547,5.888716220855713,0.0,0.0,62.07158279418945,0,1,1,1,1,-80.50039672851562,304.71697998046875,-66.43927001953125,-64.14896392822266,340.421630859375,-121.95099639892578,raise,26,2025-11-18T15:41:31.411156,my_hand_data\videos\raise_seq26_20251118_154128_918386.avi,89.85430573597318,360,90,HIGH,VIDEO_RECORDING,2025-11-18T15:41:33.014295
2025-11-18 15:41:31.411156,224,1108,HandType.Right,0.7101883292198181,-17.510108947753906,289.4384765625,-71.14189147949219,-0.954846978187561,-0.11149363219738007,0.27538421750068665,12.684142112731934,58.93700408935547,5.888716220855713,0.0,0.0,62.07158279418945,0,1,1,1,1,-80.50039672851562,304.71697998046875,-66.43927001953125,-64.14896392822266,340.421630859375,-121.95099639892578,raise,26,2025-11-18T15:41:31.411156,my_hand_data\videos\raise_seq26_20251118_154128_918386.avi,89.85430573597318,360,90,HIGH,VIDEO_RECORDING,2025-11-18T15:41:33.014295
2025-11-18 15:41:31.431672,225,1108,HandType.Right,0.710486650466919,-17.22072410583496,290.8579406738281,-71.03530883789062,-0.9549363851547241,-0.11082655936479568,0.2753434479236603,12.609084129333496,64.87913513183594,5.040465354919434,0.0,0.0,62.02948760986328,0,1,1,1,1,-80.20594024658203,306.2115173339844,-66.27991485595703,-64.08882904052734,341.52099609375,-121.63326263427734,raise,26,2025-11-18T15:41:31.431672,my_hand_data\videos\raise_seq26_20251118_154128_918386.avi,89.85430573597318,360,90,HIGH,VIDEO_RECORDING,2025-11-18T15:41:33.014295
2025-11-18 15:41:31.442179,226,1108,HandType.Right,0.710557222366333,-17.106000900268555,291.5201110839844,-71.0236587524414,-0.954989492893219,-0.11030761897563934,0.27536749839782715,10.311147689819336,59.51565933227539,1.0467824935913086,0.0,0.0,62.02978515625,0,1,1,1,1,-80.08587646484375,306.9095458984375,-66.22594451904297,-64.02468872070312,342.06219482421875,-121.50333404541016,raise,26,2025-11-18T15:41:31.442179,my_hand_data\videos\raise_seq26_20251118_154128_918386.avi,89.85430573597318,360,90,HIGH,VIDEO_RECORDING,2025-11-18T15:41:33.014295
2025-11-18 15:41:31.452553,227,1108,HandType.Right,0.7097849249839783,-17.00139045715332,292.2816162109375,-71.0277099609375,-0.9550633430480957,-0.11011281609535217,0.2751893997192383,9.479080200195312,69.00025939941406,-0.3673371970653534,0.0,0.0,62.01911163330078,0,1,1,1,1,-79.99069213867188,307.7221984863281,-66.21470642089844,-63.927711486816406,342.7860107421875,-121.42406463623047,raise,26,2025-11-18T15:41:31.452553,my_hand_data\videos\raise_seq26_20251118_154128_918386.avi,89.85430573597318,360,90,HIGH,VIDEO_RECORDING,2025-11-18T15:41:33.014295
2025-11-18 15:41:31.462856,228,1108,HandType.Right,0.7092564105987549,-16.927963256835938,292.9742736816406,-71.04882049560547,-0.9551411271095276,-0.11046520620584488,0.2747778594493866,6.481970310211182,61.145286560058594,-1.8633508682250977,0.0,0.0,61.999698638916016,0,1,1,1,1,-79.978271484375,308.42791748046875,-66.23207092285156,-63.899593353271484,343.3771667480469,-121.3380126953125,raise,26,2025-11-18T15:41:31.462856,my_hand_data\videos\raise_seq26_20251118_154128_918386.avi,89.85430573597318,360,90,HIGH,VIDEO_RECORDING,2025-11-18T15:41:33.014295
2025-11-18 15:41:31.473045,229,1108,HandType.Right,0.7090991139411926,-16.903762817382812,293.63482666015625,-71.04928588867188,-0.9551486372947693,-0.11079531162977219,0.27461880445480347,2.1651697158813477,59.10176467895508,-0.04164314270019531,0.0,0.0,61.96650695800781,0,1,1,1,1,-79.97704315185547,309.16802978515625,-66.21095275878906,-63.93569564819336,343.9405212402344,-121.24080657958984,raise,26,2025-11-18T15:41:31.473045,my_hand_data\videos\raise_seq26_20251118_154128_918386.avi,89.85430573597318,360,90,HIGH,VIDEO_RECORDING,2025-11-18T15:41:33.014295
2025-11-18 15:41:31.483292,230,1108,HandType.Right,0.7086629867553711,-16.85992431640625,294.2408447265625,-71.0701904296875,-0.9552035927772522,-0.11090188473463058,0.27438461780548096,3.9870986938476562,55.11665344238281,-1.90103280544281,0.0,0.0,61.977684020996094,0,1,1,1,1,-79.97828674316406,309.7851257324219,-66.19036865234375,-63.935794830322266,344.49560546875,-121.14703369140625,raise,26,2025-11-18T15:41:31.483292,my_hand_data\videos\raise_seq26_20251118_154128_918386.avi,89.85430573597318,360,90,HIGH,VIDEO_RECORDING,2025-11-18T15:41:33.014295
2025-11-18 15:41:31.493380,231,1108,HandType.Right,0.7086629867553711,-16.85992431640625,294.2408447265625,-71.0701904296875,-0.9552035927772522,-0.11090188473463058,0.27438461780548096,3.9870986938476562,55.11665344238281,-1.90103280544281,0.0,0.0,61.977684020996094,0,1,1,1,1,-79.97828674316406,309.7851257324219,-66.19036865234375,-63.935794830322266,344.49560546875,-121.14703369140625,raise,26,2025-11-18T15:41:31.493380,my_hand_data\videos\raise_seq26_20251118_154128_918386.avi,89.85430573597318,360,90,HIGH,VIDEO_RECORDING,2025-11-18T15:41:33.014295
2025-11-18 15:41:31.503876,232,1108,HandType.Right,0.7082332372665405,-16.870838165283203,294.86590576171875,-71.06920623779297,-0.9552567005157471,-0.11167656630277634,0.27388498187065125,-0.9611908197402954,55.0516471862793,0.08665026724338531,0.0,0.0,61.96918869018555,0,1,1,1,1,-80.0705337524414,310.42724609375,-66.1849365234375,-63.977935791015625,345.1080627441406,-121.06079864501953,raise,26,2025-11-18T15:41:31.503876,my_hand_data\videos\raise_seq26_20251118_154128_918386.avi,89.85430573597318,360,90,HIGH,VIDEO_RECORDING,2025-11-18T15:41:33.014295
2025-11-18 15:41:31.524514,233,1108,HandType.Right,0.7085874676704407,-16.905031204223633,296.0035095214844,-71.2103042602539,-0.9552558064460754,-0.1125587746500969,0.2735268175601959,-2.10512638092041,50.98115921020508,-8.713360786437988,0.0,0.0,61.973533630371094,0,1,1,1,1,-80.31275177001953,311.6789245605469,-66.25963592529297,-64.21197509765625,346.1747131347656,-120.96244812011719,raise,26,2025-11-18T15:41:31.524514,my_hand_data\videos\raise_seq26_20251118_154128_918386.avi,89.85430573597318,360,90,HIGH,VIDEO_RECORDING,2025-11-18T15:41:33.014295
2025-11-18 15:41:31.528645,234,1108,HandType.Right,0.7086548805236816,-16.968860626220703,296.53857421875,-71.29342651367188,-0.9552019238471985,-0.11318036168813705,0.27345845103263855,-5.759193420410156,48.27780532836914,-7.499582290649414,0.0,0.0,62.000858306884766,0,1,1,1,1,-80.39734649658203,312.12298583984375,-66.30133056640625,-64.34471893310547,346.59088134765625,-120.95722198486328,raise,26,2025-11-18T15:41:31.528645,my_hand_data\videos\raise_seq26_20251118_154128_918386.avi,89.85430573597318,360,90,HIGH,VIDEO_RECORDING,2025-11-18T15:41:33.014295
2025-11-18 15:41:31.545463,235,1108,HandType.Right,0.7087810635566711,-17.045101165771484,297.05377197265625,-71.38207244873047,-0.9551597237586975,-0.11410843580961227,0.2732199430465698,-6.844557285308838,46.250728607177734,-7.958186626434326,0.0,0.0,61.98373031616211,0,1,1,1,1,-80.47229766845703,312.59197998046875,-66.36415100097656,-64.49777221679688,347.04425048828125,-120.95298767089844,raise,26,2025-11-18T15:41:31.545463,my_hand_data\videos\raise_seq26_20251118_154128_918386.avi,89.85430573597318,360,90,HIGH,VIDEO_RECORDING,2025-11-18T15:41:33.014295
2025-11-18 15:41:31.549500,236,1108,HandType.Right,0.7087810635566711,-17.045101165771484,297.05377197265625,-71.38207244873047,-0.9551597237586975,-0.11410843580961227,0.2732199430465698,-6.844557285308838,46.250728607177734,-7.958186626434326,0.0,0.0,61.98373031616211,0,1,1,1,1,-80.47229766845703,312.59197998046875,-66.36415100097656,-64.49777221679688,347.04425048828125,-120.95298767089844,raise,26,2025-11-18T15:41:31.549500,my_hand_data\videos\raise_seq26_20251118_154128_918386.avi,89.85430573597318,360,90,HIGH,VIDEO_RECORDING,2025-11-18T15:41:33.014295
2025-11-18 15:41:31.565845,237,1108,HandType.Right,0.7094425559043884,-17.10590362548828,298.0433044433594,-71.4980697631836,-0.9550723433494568,-0.11621498316526413,0.2726370394229889,-1.8960485458374023,40.19957733154297,-3.0330238342285156,0.0,0.0,61.99884796142578,0,1,1,1,1,-80.55062103271484,313.3832092285156,-66.3702163696289,-64.77735137939453,347.84844970703125,-120.92457580566406,raise,26,2025-11-18T15:41:31.565845,my_hand_data\videos\raise_seq26_20251118_154128_918386.avi,89.85430573597318,360,90,HIGH,VIDEO_RECORDING,2025-11-18T15:41:33.014295
2025-11-18 15:41:31.569862,238,1108,HandType.Right,0.7094425559043884,-17.10590362548828,298.0433044433594,-71.4980697631836,-0.9550723433494568,-0.11621498316526413,0.2726370394229889,-1.8960485458374023,40.19957733154297,-3.0330238342285156,0.0,0.0,61.99884796142578,0,1,1,1,1,-80.55062103271484,313.3832092285156,-66.3702163696289,-64.77735137939453,347.84844970703125,-120.92457580566406,raise,26,2025-11-18T15:41:31.569862,my_hand_data\videos\raise_seq26_20251118_154128_918386.avi,89.85430573597318,360,90,HIGH,VIDEO_RECORDING,2025-11-18T15:41:33.014295
2025-11-18 15:41:31.586312,239,1108,HandType.Right,0.7099291086196899,-17.049903869628906,298.9065856933594,-71.49022674560547,-0.9550567865371704,-0.11731549352407455,0.2722197473049164,3.710630178451538,40.169429779052734,1.6117074489593506,0.0,0.0,62.05695724487305,0,1,1,1,1,-80.52607727050781,314.20257568359375,-66.22977447509766,-64.85231018066406,348.5320739746094,-120.79468536376953,raise,26,2025-11-18T15:41:31.586312,my_hand_data\videos\raise_seq26_20251118_154128_918386.avi,89.85430573597318,360,90,HIGH,VIDEO_RECORDING,2025-11-18T15:41:33.014295
2025-11-18 15:41:31.596766,240,1108,HandType.Right,0.7098122239112854,-16.99185562133789,299.3917541503906,-71.4458999633789,-0.9550377726554871,-0.11790700256824493,0.272030770778656,5.30454158782959,44.334999084472656,4.051084041595459,0.0,0.0,62.06939697265625,0,1,1,1,1,-80.48412322998047,314.6788330078125,-66.13298034667969,-64.8406753540039,348.9446716308594,-120.70690155029297,raise,26,2025-11-18T15:41:31.596766,my_hand_data\videos\raise_seq26_20251118_154128_918386.avi,89.85430573597318,360,90,HIGH,VIDEO_RECORDING,2025-11-18T15:41:33.014295
2025-11-18 15:41:31.596766,241,1108,HandType.Right,0.7098122239112854,-16.99185562133789,299.3917541503906,-71.4458999633789,-0.9550377726554871,-0.11790700256824493,0.272030770778656,5.30454158782959,44.334999084472656,4.051084041595459,0.0,0.0,62.06939697265625,0,1,1,1,1,-80.48412322998047,314.6788330078125,-66.13298034667969,-64.8406753540039,348.9446716308594,-120.70690155029297,raise,26,2025-11-18T15:41:31.596766,my_hand_data\videos\raise_seq26_20251118_154128_918386.avi,89.85430573597318,360,90,HIGH,VIDEO_RECORDING,2025-11-18T15:41:33.014295
2025-11-18 15:41:31.617725,242,1108,HandType.Right,0.7112565040588379,-16.8624210357666,300.4660949707031,-71.42035675048828,-0.9551532864570618,-0.11896058171987534,0.2711651921272278,5.929972171783447,45.79572296142578,2.2109086513519287,0.0,0.0,62.006797790527344,0,1,1,1,1,-80.39579010009766,315.7440185546875,-66.01394653320312,-65.05296325683594,349.6939697265625,-120.52140808105469,raise,26,2025-11-18T15:41:31.617725,my_hand_data\videos\raise_seq26_20251118_154128_918386.avi,89.85430573597318,360,90,HIGH,VIDEO_RECORDING,2025-11-18T15:41:33.014295
2025-11-18 15:41:31.628087,243,1108,HandType.Right,0.711671769618988,-16.762622833251953,300.9085693359375,-71.32706451416016,-0.9551947712898254,-0.11941839754581451,0.27081769704818726,8.93276309967041,39.6057243347168,8.350193977355957,0.0,0.0,62.0231819152832,0,1,1,1,1,-80.3613052368164,316.27447509765625,-65.86589813232422,-65.04181671142578,350.0082092285156,-120.3592300415039,raise,26,2025-11-18T15:41:31.628087,my_hand_data\videos\raise_seq26_20251118_154128_918386.avi,89.85430573597318,360,90,HIGH,VIDEO_RECORDING,2025-11-18T15:41:33.014295
2025-11-18 15:41:31.638537,244,1108,HandType.Right,0.711671769618988,-16.762622833251953,300.9085693359375,-71.32706451416016,-0.9551947712898254,-0.11941839754581451,0.27081769704818726,8.93276309967041,39.6057243347168,8.350193977355957,0.0,0.0,62.0231819152832,0,1,1,1,1,-80.3613052368164,316.27447509765625,-65.86589813232422,-65.04181671142578,350.0082092285156,-120.3592300415039,raise,26,2025-11-18T15:41:31.638537,my_hand_data\videos\raise_seq26_20251118_154128_918386.avi,89.85430573597318,360,90,HIGH,VIDEO_RECORDING,2025-11-18T15:41:33.014295
2025-11-18 15:41:31.648809,245,1108,HandType.Right,0.7119210958480835,-16.669771194458008,301.3002014160156,-71.19978332519531,-0.9552181959152222,-0.1193479374051094,0.27076613903045654,8.258002281188965,34.83071517944336,11.320311546325684,0.0,0.0,62.040733337402344,0,1,1,1,1,-80.31595611572266,316.7732238769531,-65.67642211914062,-64.99999237060547,350.35992431640625,-120.11568450927734,raise,26,2025-11-18T15:41:31.648809,my_hand_data\videos\raise_seq26_20251118_154128_918386.avi,89.85430573597318,360,90,HIGH,VIDEO_RECORDING,2025-11-18T15:41:33.014295
2025-11-18 15:41:31.659221,246,1108,HandType.Right,0.7114323973655701,-16.574565887451172,301.7660827636719,-71.02290344238281,-0.9552213549613953,-0.11910394579172134,0.27086231112480164,8.564713478088379,41.91162109375,15.911934852600098,0.0,0.0,62.023860931396484,0,1,1,1,1,-80.26997375488281,317.29266357421875,-65.4742660522461,-64.93189239501953,350.80621337890625,-119.84494018554688,raise,26,2025-11-18T15:41:31.659221,my_hand_data\videos\raise_seq26_20251118_154128_918386.avi,89.85430573597318,360,90,HIGH,VIDEO_RECORDING,2025-11-18T15:41:33.014295
2025-11-18 15:41:31.679581,247,1108,HandType.Right,0.7108496427536011,-16.352869033813477,302.78741455078125,-70.5768051147461,-0.9554378986358643,-0.11941321939229965,0.26996099948883057,9.649981498718262,47.291446685791016,21.30294418334961,0.0,0.0,61.988243103027344,0,1,1,1,1,-80.10851287841797,318.3636779785156,-65.02313232421875,-64.76573944091797,351.7204284667969,-119.17090606689453,raise,26,2025-11-18T15:41:31.679581,my_hand_data\videos\raise_seq26_20251118_154128_918386.avi,89.85430573597318,360,90,HIGH,VIDEO_RECORDING,2025-11-18T15:41:33.014295
2025-11-18 15:41:31.679581,248,1108,HandType.Right,0.7107637524604797,-16.329748153686523,303.39080810546875,-70.37979888916016,-0.9554586410522461,-0.11975852400064468,0.26973438262939453,2.059358596801758,53.743228912353516,17.547679901123047,0.0,0.0,61.984657287597656,0,1,1,1,1,-80.07878112792969,318.9699401855469,-64.82567596435547,-64.72139739990234,352.3314208984375,-118.93936157226562,raise,26,2025-11-18T15:41:31.679581,my_hand_data\videos\raise_seq26_20251118_154128_918386.avi,89.85430573597318,360,90,HIGH,VIDEO_RECORDING,2025-11-18T15:41:33.014295
2025-11-18 15:41:31.700223,249,1108,HandType.Right,0.7110715508460999,-16.333322525024414,304.0109558105469,-70.28703308105469,-0.9554967880249023,-0.11997001618146896,0.26950523257255554,-0.3240271210670471,56.22476577758789,8.410442352294922,0.0,0.0,62.041378021240234,0,1,1,1,1,-80.06525421142578,319.59625244140625,-64.67180633544922,-64.71331787109375,352.9656677246094,-118.75674438476562,raise,26,2025-11-18T15:41:31.700223,my_hand_data\videos\raise_seq26_20251118_154128_918386.avi,89.85430573597318,360,90,HIGH,VIDEO_RECORDING,2025-11-18T15:41:33.014295
2025-11-18 15:41:31.700223,250,1108,HandType.Right,0.7110715508460999,-16.333322525024414,304.0109558105469,-70.28703308105469,-0.9554967880249023,-0.11997001618146896,0.26950523257255554,-0.3240271210670471,56.22476577758789,8.410442352294922,0.0,0.0,62.041378021240234,0,1,1,1,1,-80.06525421142578,319.59625244140625,-64.67180633544922,-64.71331787109375,352.9656677246094,-118.75674438476562,raise,26,2025-11-18T15:41:31.700223,my_hand_data\videos\raise_seq26_20251118_154128_918386.avi,89.85430573597318,360,90,HIGH,VIDEO_RECORDING,2025-11-18T15:41:33.014295
2025-11-18 15:41:31.720822,251,1108,HandType.Right,0.7114385962486267,-16.403461456298828,305.1578369140625,-70.1541976928711,-0.9553290605545044,-0.11958418041467667,0.2702701687812805,-3.7541871070861816,50.632930755615234,4.575132369995117,0.0,0.0,62.111175537109375,0,1,1,1,1,-80.123291015625,320.7060852050781,-64.4356918334961,-64.76512908935547,354.24432373046875,-118.4865951538086,raise,26,2025-11-18T15:41:31.720822,my_hand_data\videos\raise_seq26_20251118_154128_918386.avi,89.85430573597318,360,90,HIGH,VIDEO_RECORDING,2025-11-18T15:41:33.014295
2025-11-18 15:41:31.731066,252,1108,HandType.Right,0.7117432951927185,-16.428251266479492,305.66046142578125,-70.1379165649414,-0.9551849961280823,-0.11946400254964828,0.27083200216293335,-2.288605213165283,46.40011215209961,1.5035618543624878,0.0,0.0,62.135379791259766,0,1,1,1,1,-80.15789031982422,321.2088623046875,-64.35600280761719,-64.805419921875,354.7802429199219,-118.39533996582031,raise,26,2025-11-18T15:41:31.731066,my_hand_data\videos\raise_seq26_20251118_154128_918386.avi,89.85430573597318,360,90,HIGH,VIDEO_RECORDING,2025-11-18T15:41:33.014295
2025-11-18 15:41:31.741185,253,1108,HandType.Right,0.7122071385383606,-16.43637466430664,306.2956237792969,-70.19393157958984,-0.9551022052764893,-0.11927955597639084,0.2712050974369049,-0.7197354435920715,56.27526092529297,-4.963224411010742,0.0,0.0,62.170135498046875,0,1,1,1,1,-80.16937255859375,321.8033142089844,-64.34426879882812,-64.84027099609375,355.4270324707031,-118.4047622680664,raise,26,2025-11-18T15:41:31.741185,my_hand_data\videos\raise_seq26_20251118_154128_918386.avi,89.85430573597318,360,90,HIGH,VIDEO_RECORDING,2025-11-18T15:41:33.014295
2025-11-18 15:41:31.751650,254,1108,HandType.Right,0.7125064730644226,-16.428924560546875,306.8898620605469,-70.25176239013672,-0.9550102353096008,-0.11890708655118942,0.2716919779777527,0.6953993439674377,55.45929718017578,-5.397068500518799,0.0,0.0,62.17691421508789,0,1,1,1,1,-80.16388702392578,322.3863220214844,-64.34503173828125,-64.88484191894531,356.01995849609375,-118.41206359863281,raise,26,2025-11-18T15:41:31.751650,my_hand_data\videos\raise_seq26_20251118_154128_918386.avi,89.85430573597318,360,90,HIGH,VIDEO_RECORDING,2025-11-18T15:41:33.014295
2025-11-18 15:41:31.761832,255,1108,HandType.Right,0.7125624418258667,-16.425167083740234,307.5300598144531,-70.34999084472656,-0.9549646377563477,-0.11855700612068176,0.27200502157211304,0.33354321122169495,56.825618743896484,-8.719111442565918,0.0,0.0,62.201053619384766,0,1,1,1,1,-80.17700958251953,322.9928283691406,-64.40229034423828,-64.88623046875,356.6694641113281,-118.47825622558594,raise,26,2025-11-18T15:41:31.761832,my_hand_data\videos\raise_seq26_20251118_154128_918386.avi,89.85430573597318,360,90,HIGH,VIDEO_RECORDING,2025-11-18T15:41:33.014295
2025-11-18 15:41:31.771936,256,1108,HandType.Right,0.7125486731529236,-16.394676208496094,308.2198791503906,-70.4501724243164,-0.9550007581710815,-0.11773161590099335,0.2722366154193878,2.7448244094848633,62.09975051879883,-9.018360137939453,0.0,0.0,62.209022521972656,0,1,1,1,1,-80.15210723876953,323.67254638671875,-64.47505187988281,-64.85668182373047,357.37060546875,-118.48357391357422,raise,26,2025-11-18T15:41:31.771936,my_hand_data\videos\raise_seq26_20251118_154128_918386.avi,89.85430573597318,360,90,HIGH,VIDEO_RECORDING,2025-11-18T15:41:33.014295
2025-11-18 15:41:31.782209,257,1108,HandType.Right,0.7125486731529236,-16.394676208496094,308.2198791503906,-70.4501724243164,-0.9550007581710815,-0.11773161590099335,0.2722366154193878,2.7448244094848633,62.09975051879883,-9.018360137939453,0.0,0.0,62.209022521972656,0,1,1,1,1,-80.15210723876953,323.67254638671875,-64.47505187988281,-64.85668182373047,357.37060546875,-118.48357391357422,raise,26,2025-11-18T15:41:31.782209,my_hand_data\videos\raise_seq26_20251118_154128_918386.avi,89.85430573597318,360,90,HIGH,VIDEO_RECORDING,2025-11-18T15:41:33.014295
2025-11-18 15:41:31.792649,258,1108,HandType.Right,0.7120166420936584,-16.37187385559082,308.83624267578125,-70.48422241210938,-0.9550334215164185,-0.11690600216388702,0.2724778354167938,2.0404133796691895,55.152000427246094,-3.0469553470611572,0.0,0.0,62.243080139160156,0,1,1,1,1,-80.13545227050781,324.25970458984375,-64.47206115722656,-64.8110580444336,357.9970397949219,-118.49483489990234,raise,26,2025-11-18T15:41:31.792649,my_hand_data\videos\raise_seq26_20251118_154128_918386.avi,89.85430573597318,360,90,HIGH,VIDEO_RECORDING,2025-11-18T15:41:33.014295
2025-11-18 15:41:31.803150,259,1108,HandType.Right,0.7112917900085449,-16.35316276550293,309.45257568359375,-70.45481872558594,-0.9550802111625671,-0.11604733020067215,0.2726808190345764,1.715924859046936,56.52359390258789,2.6965434551239014,0.0,0.0,62.2788200378418,0,1,1,1,1,-80.12960815429688,324.8439636230469,-64.42601013183594,-64.75119018554688,358.6858825683594,-118.40116119384766,raise,26,2025-11-18T15:41:31.803150,my_hand_data\videos\raise_seq26_20251118_154128_918386.avi,89.85430573597318,360,90,HIGH,VIDEO_RECORDING,2025-11-18T15:41:33.014295
2025-11-18 15:41:31.823209,260,1108,HandType.Right,0.7111190557479858,-16.413009643554688,310.8944396972656,-70.3886489868164,-0.9550057649612427,-0.11578842997550964,0.27305126190185547,-2.1864233016967773,68.28973388671875,1.874793291091919,0.0,0.0,62.250511169433594,0,1,1,1,1,-80.18997955322266,326.2635498046875,-64.3205795288086,-64.8816909790039,360.12689208984375,-118.13345336914062,raise,26,2025-11-18T15:41:31.823209,my_hand_data\videos\raise_seq26_20251118_154128_918386.avi,89.85430573597318,360,90,HIGH,VIDEO_RECORDING,2025-11-18T15:41:33.014295
2025-11-18 15:41:31.825226,261,1108,HandType.Right,0.7111190557479858,-16.413009643554688,310.8944396972656,-70.3886489868164,-0.9550057649612427,-0.11578842997550964,0.27305126190185547,-2.1864233016967773,68.28973388671875,1.874793291091919,0.0,0.0,62.250511169433594,0,1,1,1,1,-80.18997955322266,326.2635498046875,-64.3205795288086,-64.8816909790039,360.12689208984375,-118.13345336914062,raise,26,2025-11-18T15:41:31.825226,my_hand_data\videos\raise_seq26_20251118_154128_918386.avi,89.85430573597318,360,90,HIGH,VIDEO_RECORDING,2025-11-18T15:41:33.014295
2025-11-18 15:41:31.843879,262,1108,HandType.Right,0.7107455134391785,-16.467485427856445,312.2340087890625,-70.14141845703125,-0.9550244808197021,-0.11530149728059769,0.27319180965423584,-3.004159927368164,60.640113830566406,13.97000789642334,0.0,0.0,62.27107620239258,0,1,1,1,1,-80.2746810913086,327.5788879394531,-64.08480072021484,-64.91590118408203,361.59033203125,-117.79032897949219,raise,26,2025-11-18T15:41:31.843879,my_hand_data\videos\raise_seq26_20251118_154128_918386.avi,89.85430573597318,360,90,HIGH,VIDEO_RECORDING,2025-11-18T15:41:33.014295
2025-11-18 15:41:31.843879,263,1108,HandType.Right,0.7114468216896057,-16.50447654724121,312.86334228515625,-70.03997802734375,-0.9550096392631531,-0.1158377155661583,0.2730167806148529,-3.3114571571350098,56.335750579833984,9.080574989318848,0.0,0.0,62.24723815917969,0,1,1,1,1,-80.31134796142578,328.25244140625,-63.93955612182617,-65.04987335205078,362.2070007324219,-117.62881469726562,raise,26,2025-11-18T15:41:31.843879,my_hand_data\videos\raise_seq26_20251118_154128_918386.avi,89.85430573597318,360,90,HIGH,VIDEO_RECORDING,2025-11-18T15:41:33.014295
2025-11-18 15:41:31.864566,264,1108,HandType.Right,0.7126121520996094,-16.54435920715332,313.42919921875,-69.96587371826172,-0.9549400806427002,-0.11627592146396637,0.27307379245758057,-3.6196749210357666,51.3575439453125,6.726077079772949,0.0,0.0,62.1947021484375,0,1,1,1,1,-80.32329559326172,328.85198974609375,-63.800045013427734,-65.181396484375,362.7075500488281,-117.46344757080078,raise,26,2025-11-18T15:41:31.864566,my_hand_data\videos\raise_seq26_20251118_154128_918386.avi,89.85430573597318,360,90,HIGH,VIDEO_RECORDING,2025-11-18T15:41:33.014295
2025-11-18 15:41:31.875056,265,1108,HandType.Right,0.7126121520996094,-16.54435920715332,313.42919921875,-69.96587371826172,-0.9549400806427002,-0.11627592146396637,0.27307379245758057,-3.6196749210357666,51.3575439453125,6.726077079772949,0.0,0.0,62.1947021484375,0,1,1,1,1,-80.32329559326172,328.85198974609375,-63.800045013427734,-65.181396484375,362.7075500488281,-117.46344757080078,raise,26,2025-11-18T15:41:31.875056,my_hand_data\videos\raise_seq26_20251118_154128_918386.avi,89.85430573597318,360,90,HIGH,VIDEO_RECORDING,2025-11-18T15:41:33.014295
2025-11-18 15:41:31.880692,266,1108,HandType.Right,0.7126585841178894,-16.595218658447266,314.01739501953125,-69.86267852783203,-0.9548362493515015,-0.11657150089740753,0.27331092953681946,-4.575396537780762,52.915130615234375,9.283116340637207,0.0,0.0,62.15083312988281,0,1,1,1,1,-80.3377914428711,329.43994140625,-63.673095703125,-65.22686767578125,363.3177185058594,-117.29219818115234,raise,26,2025-11-18T15:41:31.880692,my_hand_data\videos\raise_seq26_20251118_154128_918386.avi,89.85430573597318,360,90,HIGH,VIDEO_RECORDING,2025-11-18T15:41:33.014295
2025-11-18 15:41:31.895872,267,1108,HandType.Right,0.7114522457122803,-16.673770904541016,315.38201904296875,-69.5516586303711,-0.9546144008636475,-0.11857414245605469,0.2732243835926056,-3.937102794647217,65.98648834228516,15.99984359741211,0.0,0.0,62.08549499511719,0,1,1,1,1,-80.4058837890625,330.7098693847656,-63.39253616333008,-65.26704406738281,364.8502502441406,-116.92646026611328,raise,26,2025-11-18T15:41:31.895872,my_hand_data\videos\raise_seq26_20251118_154128_918386.avi,89.85430573597318,360,90,HIGH,VIDEO_RECORDING,2025-11-18T15:41:33.014295
2025-11-18 15:41:31.906054,268,1108,HandType.Right,0.7114522457122803,-16.673770904541016,315.38201904296875,-69.5516586303711,-0.9546144008636475,-0.11857414245605469,0.2732243835926056,-3.937102794647217,65.98648834228516,15.99984359741211,0.0,0.0,62.08549499511719,0,1,1,1,1,-80.4058837890625,330.7098693847656,-63.39253616333008,-65.26704406738281,364.8502502441406,-116.92646026611328,raise,26,2025-11-18T15:41:31.906054,my_hand_data\videos\raise_seq26_20251118_154128_918386.avi,89.85430573597318,360,90,HIGH,VIDEO_RECORDING,2025-11-18T15:41:33.014295
2025-11-18 15:41:31.916154,269,1108,HandType.Right,0.713043749332428,-16.71566390991211,316.13958740234375,-69.51826477050781,-0.9545143246650696,-0.1207851767539978,0.27260467410087585,-3.704103469848633,66.9814682006836,2.952505350112915,0.0,0.0,62.15436935424805,0,1,1,1,1,-80.43001556396484,331.4400634765625,-63.24496078491211,-65.3906478881836,365.59527587890625,-116.88304138183594,raise,26,2025-11-18T15:41:31.916154,my_hand_data\videos\raise_seq26_20251118_154128_918386.avi,89.85430573597318,360,90,HIGH,VIDEO_RECORDING,2025-11-18T15:41:33.014295
2025-11-18 15:41:31.936336,270,1108,HandType.Right,0.7127247452735901,-16.784090042114258,317.6394348144531,-69.3884506225586,-0.9544357061386108,-0.12463649362325668,0.27114251255989075,-0.34465035796165466,60.21908187866211,7.094482421875,0.0,0.0,62.101341247558594,0,1,1,1,1,-80.45681762695312,332.930908203125,-63.101627349853516,-65.3717041015625,367.3700256347656,-116.6709976196289,raise,26,2025-11-18T15:41:31.936336,my_hand_data\videos\raise_seq26_20251118_154128_918386.avi,89.85430573597318,360,90,HIGH,VIDEO_RECORDING,2025-11-18T15:41:33.014295
2025-11-18 15:41:31.941382,271,1108,HandType.Right,0.712764322757721,-16.73557472229004,318.23565673828125,-69.30432891845703,-0.9543858766555786,-0.12544101476669312,0.270946741104126,4.422231674194336,54.34408950805664,7.66800594329834,0.0,0.0,62.06840515136719,0,1,1,1,1,-80.39938354492188,333.537109375,-63.02524185180664,-65.24202728271484,368.23101806640625,-116.48678588867188,raise,26,2025-11-18T15:41:31.941382,my_hand_data\videos\raise_seq26_20251118_154128_918386.avi,89.85430573597318,360,90,HIGH,VIDEO_RECORDING,2025-11-18T15:41:33.014295
2025-11-18 15:41:31.957014,272,1108,HandType.Right,0.7130405902862549,-16.705434799194336,318.8996276855469,-69.29224395751953,-0.9544218182563782,-0.12598484754562378,0.2705675959587097,2.6656575202941895,58.723426818847656,1.0685051679611206,0.0,0.0,62.08606719970703,0,1,1,1,1,-80.34735870361328,334.21881103515625,-62.98797607421875,-65.0963363647461,369.02099609375,-116.3881607055664,raise,26,2025-11-18T15:41:31.957014,my_hand_data\videos\raise_seq26_20251118_154128_918386.avi,89.85430573597318,360,90,HIGH,VIDEO_RECORDING,2025-11-18T15:41:33.014295
2025-11-18 15:41:31.961790,273,1108,HandType.Right,0.7130405902862549,-16.705434799194336,318.8996276855469,-69.29224395751953,-0.9544218182563782,-0.12598484754562378,0.2705675959587097,2.6656575202941895,58.723426818847656,1.0685051679611206,0.0,0.0,62.08606719970703,0,1,1,1,1,-80.34735870361328,334.21881103515625,-62.98797607421875,-65.0963363647461,369.02099609375,-116.3881607055664,raise,26,2025-11-18T15:41:31.961790,my_hand_data\videos\raise_seq26_20251118_154128_918386.avi,89.85430573597318,360,90,HIGH,VIDEO_RECORDING,2025-11-18T15:41:33.014295
2025-11-18 15:41:31.977380,274,1108,HandType.Right,0.7121566534042358,-16.561498641967773,320.0750732421875,-69.30232238769531,-0.954505980014801,-0.12623563408851624,0.2701534926891327,7.663306713104248,54.33626937866211,-2.0519070625305176,0.0,0.0,62.17284393310547,0,1,1,1,1,-80.1236343383789,335.3791198730469,-62.84358215332031,-64.85682678222656,370.4306945800781,-116.26013946533203,raise,26,2025-11-18T15:41:31.977380,my_hand_data\videos\raise_seq26_20251118_154128_918386.avi,89.85430573597318,360,90,HIGH,VIDEO_RECORDING,2025-11-18T15:41:33.014295
2025-11-18 15:41:31.981400,275,1108,HandType.Right,0.7121566534042358,-16.561498641967773,320.0750732421875,-69.30232238769531,-0.954505980014801,-0.12623563408851624,0.2701534926891327,7.663306713104248,54.33626937866211,-2.0519070625305176,0.0,0.0,62.17284393310547,0,1,1,1,1,-80.1236343383789,335.3791198730469,-62.84358215332031,-64.85682678222656,370.4306945800781,-116.26013946533203,raise,26,2025-11-18T15:41:31.981400,my_hand_data\videos\raise_seq26_20251118_154128_918386.avi,89.85430573597318,360,90,HIGH,VIDEO_RECORDING,2025-11-18T15:41:33.014295
2025-11-18 15:41:31.997469,276,1108,HandType.Right,0.7116776704788208,-16.377674102783203,321.12628173828125,-69.3084945678711,-0.9546141028404236,-0.12600602209568024,0.2698785662651062,7.608470439910889,47.08485794067383,-1.4184294939041138,0.0,0.0,62.1915168762207,0,1,1,1,1,-79.85691833496094,336.36749267578125,-62.76681900024414,-64.62193298339844,371.6487731933594,-116.13121032714844,raise,26,2025-11-18T15:41:31.997469,my_hand_data\videos\raise_seq26_20251118_154128_918386.avi,89.85430573597318,360,90,HIGH,VIDEO_RECORDING,2025-11-18T15:41:33.014295
2025-11-18 15:41:32.007468,277,1108,HandType.Right,0.7116776704788208,-16.377674102783203,321.12628173828125,-69.3084945678711,-0.9546141028404236,-0.12600602209568024,0.2698785662651062,7.608470439910889,47.08485794067383,-1.4184294939041138,0.0,0.0,62.1915168762207,0,1,1,1,1,-79.85691833496094,336.36749267578125,-62.76681900024414,-64.62193298339844,371.6487731933594,-116.13121032714844,raise,26,2025-11-18T15:41:32.007468,my_hand_data\videos\raise_seq26_20251118_154128_918386.avi,89.85430573597318,360,90,HIGH,VIDEO_RECORDING,2025-11-18T15:41:33.014295
2025-11-18 15:41:32.017809,278,1108,HandType.Right,0.7108529210090637,-16.106094360351562,322.009765625,-69.201171875,-0.9546376466751099,-0.12382256239652634,0.2708042562007904,13.642655372619629,42.08721923828125,7.555631637573242,0.0,0.0,62.185176849365234,0,1,1,1,1,-79.5406265258789,337.3672790527344,-62.47386932373047,-64.36842346191406,372.7857971191406,-115.66693115234375,raise,26,2025-11-18T15:41:32.017809,my_hand_data\videos\raise_seq26_20251118_154128_918386.avi,89.85430573597318,360,90,HIGH,VIDEO_RECORDING,2025-11-18T15:41:33.014295
2025-11-18 15:41:32.028167,279,1108,HandType.Right,0.7107580900192261,-15.92661190032959,322.48101806640625,-69.08595275878906,-0.9546133279800415,-0.12230143696069717,0.27158018946647644,15.96686840057373,41.920372009277344,10.249795913696289,0.0,0.0,62.1633186340332,0,1,1,1,1,-79.36077880859375,337.8978271484375,-62.27802658081055,-64.23320770263672,373.2763671875,-115.4090576171875,raise,26,2025-11-18T15:41:32.028167,my_hand_data\videos\raise_seq26_20251118_154128_918386.avi,89.85430573597318,360,90,HIGH,VIDEO_RECORDING,2025-11-18T15:41:33.014295
2025-11-18 15:41:32.038176,280,1108,HandType.Right,0.7107580900192261,-15.92661190032959,322.48101806640625,-69.08595275878906,-0.9546133279800415,-0.12230143696069717,0.27158018946647644,15.96686840057373,41.920372009277344,10.249795913696289,0.0,0.0,62.1633186340332,0,1,1,1,1,-79.36077880859375,337.8978271484375,-62.27802658081055,-64.23320770263672,373.2763671875,-115.4090576171875,raise,26,2025-11-18T15:41:32.038176,my_hand_data\videos\raise_seq26_20251118_154128_918386.avi,89.85430573597318,360,90,HIGH,VIDEO_RECORDING,2025-11-18T15:41:33.014295
2025-11-18 15:41:32.058368,281,1108,HandType.Right,0.7093921899795532,-15.5951566696167,323.5669250488281,-68.7959976196289,-0.9546736478805542,-0.12050369381904602,0.2721710205078125,13.119885444641113,49.688987731933594,14.511417388916016,0.0,0.0,62.08251953125,0,1,1,1,1,-78.94410705566406,338.9765625,-61.9523811340332,-63.87388610839844,374.5645446777344,-115.004150390625,raise,26,2025-11-18T15:41:32.058368,my_hand_data\videos\raise_seq26_20251118_154128_918386.avi,89.85430573597318,360,90,HIGH,VIDEO_RECORDING,2025-11-18T15:41:33.014295
2025-11-18 15:41:32.062379,282,1108,HandType.Right,0.7094102501869202,-15.463790893554688,324.1175231933594,-68.63502502441406,-0.9546816349029541,-0.12072417140007019,0.2720452845096588,12.127537727355957,50.83106994628906,14.860475540161133,0.0,0.0,62.033470153808594,0,1,1,1,1,-78.76665496826172,339.5235595703125,-61.80206298828125,-63.71598815917969,375.19580078125,-114.82282257080078,raise,26,2025-11-18T15:41:32.063769,my_hand_data\videos\raise_seq26_20251118_154128_918386.avi,89.85430573597318,360,90,HIGH,VIDEO_RECORDING,2025-11-18T15:41:33.014295
2025-11-18 15:41:32.078887,283,1108,HandType.Right,0.7091068625450134,-15.35717487335205,324.6820068359375,-68.4753646850586,-0.9547368288040161,-0.12066180258989334,0.27187931537628174,9.566228866577148,50.6490592956543,14.325953483581543,0.0,0.0,61.990840911865234,0,1,1,1,1,-78.63829803466797,340.0810546875,-61.69258117675781,-63.55628204345703,375.8622131347656,-114.62417602539062,raise,26,2025-11-18T15:41:32.078887,my_hand_data\videos\raise_seq26_20251118_154128_918386.avi,89.85430573597318,360,90,HIGH,VIDEO_RECORDING,2025-11-18T15:41:33.014295
2025-11-18 15:41:32.083477,284,1108,HandType.Right,0.7091068625450134,-15.35717487335205,324.6820068359375,-68.4753646850586,-0.9547368288040161,-0.12066180258989334,0.27187931537628174,9.566228866577148,50.6490592956543,14.325953483581543,0.0,0.0,61.990840911865234,0,1,1,1,1,-78.63829803466797,340.0810546875,-61.69258117675781,-63.55628204345703,375.8622131347656,-114.62417602539062,raise,26,2025-11-18T15:41:32.083477,my_hand_data\videos\raise_seq26_20251118_154128_918386.avi,89.85430573597318,360,90,HIGH,VIDEO_RECORDING,2025-11-18T15:41:33.014295
2025-11-18 15:41:32.099760,285,1108,HandType.Right,0.7099149823188782,-15.288554191589355,325.8473815917969,-68.25196075439453,-0.9547237157821655,-0.12183918803930283,0.27139976620674133,1.9233019351959229,54.7820930480957,7.828827381134033,0.0,0.0,61.93466567993164,0,1,1,1,1,-78.51546478271484,341.2846984863281,-61.52751541137695,-63.365875244140625,377.4809875488281,-114.3293685913086,raise,26,2025-11-18T15:41:32.099760,my_hand_data\videos\raise_seq26_20251118_154128_918386.avi,89.85430573597318,360,90,HIGH,VIDEO_RECORDING,2025-11-18T15:41:33.014295
2025-11-18 15:41:32.099760,286,1108,HandType.Right,0.7099149823188782,-15.288554191589355,325.8473815917969,-68.25196075439453,-0.9547237157821655,-0.12183918803930283,0.27139976620674133,1.9233019351959229,54.7820930480957,7.828827381134033,0.0,0.0,61.93466567993164,0,1,1,1,1,-78.51546478271484,341.2846984863281,-61.52751541137695,-63.365875244140625,377.4809875488281,-114.3293685913086,raise,26,2025-11-18T15:41:32.099760,my_hand_data\videos\raise_seq26_20251118_154128_918386.avi,89.85430573597318,360,90,HIGH,VIDEO_RECORDING,2025-11-18T15:41:33.014295
2025-11-18 15:41:32.119515,287,1108,HandType.Right,0.7118856310844421,-15.212904930114746,327.2354431152344,-68.20631408691406,-0.9546616077423096,-0.12332737445831299,0.2709456980228424,4.201081275939941,60.757965087890625,0.7521573901176453,0.0,0.0,61.896705627441406,0,1,1,1,1,-78.45478057861328,342.6633605957031,-61.5176887512207,-63.24042510986328,379.21258544921875,-114.20254516601562,raise,26,2025-11-18T15:41:32.119515,my_hand_data\videos\raise_seq26_20251118_154128_918386.avi,89.85430573597318,360,90,HIGH,VIDEO_RECORDING,2025-11-18T15:41:33.014295
2025-11-18 15:41:32.124550,288,1108,HandType.Right,0.7118856310844421,-15.212904930114746,327.2354431152344,-68.20631408691406,-0.9546616077423096,-0.12332737445831299,0.2709456980228424,4.201081275939941,60.757965087890625,0.7521573901176453,0.0,0.0,61.896705627441406,0,1,1,1,1,-78.45478057861328,342.6633605957031,-61.5176887512207,-63.24042510986328,379.21258544921875,-114.20254516601562,raise,26,2025-11-18T15:41:32.124550,my_hand_data\videos\raise_seq26_20251118_154128_918386.avi,89.85430573597318,360,90,HIGH,VIDEO_RECORDING,2025-11-18T15:41:33.014295
2025-11-18 15:41:32.139654,289,1108,HandType.Right,0.7120509743690491,-15.023131370544434,328.3976745605469,-68.2676010131836,-0.9547238349914551,-0.1246163621544838,0.27013543248176575,8.266026496887207,49.218997955322266,-3.6327450275421143,0.0,0.0,61.87604522705078,0,1,1,1,1,-78.29331970214844,343.8738708496094,-61.586143493652344,-63.05107498168945,380.4951477050781,-114.22122955322266,raise,26,2025-11-18T15:41:32.139654,my_hand_data\videos\raise_seq26_20251118_154128_918386.avi,89.85430573597318,360,90,HIGH,VIDEO_RECORDING,2025-11-18T15:41:33.014295
2025-11-18 15:41:32.149712,290,1108,HandType.Right,0.7120509743690491,-15.023131370544434,328.3976745605469,-68.2676010131836,-0.9547238349914551,-0.1246163621544838,0.27013543248176575,8.266026496887207,49.218997955322266,-3.6327450275421143,0.0,0.0,61.87604522705078,0,1,1,1,1,-78.29331970214844,343.8738708496094,-61.586143493652344,-63.05107498168945,380.4951477050781,-114.22122955322266,raise,26,2025-11-18T15:41:32.149712,my_hand_data\videos\raise_seq26_20251118_154128_918386.avi,89.85430573597318,360,90,HIGH,VIDEO_RECORDING,2025-11-18T15:41:33.014295
2025-11-18 15:41:32.159768,291,1108,HandType.Right,0.7120285630226135,-14.889121055603027,328.963623046875,-68.27986145019531,-0.9548108577728271,-0.1250648945569992,0.26962006092071533,12.388890266418457,52.320247650146484,-1.1330981254577637,0.0,0.0,61.88623046875,0,1,1,1,1,-78.1778335571289,344.4241943359375,-61.62278366088867,-62.90216827392578,381.1119384765625,-114.22598266601562,raise,26,2025-11-18T15:41:32.159768,my_hand_data\videos\raise_seq26_20251118_154128_918386.avi,89.85430573597318,360,90,HIGH,VIDEO_RECORDING,2025-11-18T15:41:33.014295
2025-11-18 15:41:32.180091,292,1108,HandType.Right,0.7108553051948547,-14.547128677368164,329.98577880859375,-68.2441635131836,-0.9549708366394043,-0.12465022504329681,0.26924529671669006,16.742841720581055,42.80862045288086,2.353153944015503,0.0,0.0,61.883766174316406,0,1,1,1,1,-77.84557342529297,345.42523193359375,-61.610530853271484,-62.541194915771484,382.16314697265625,-114.20211029052734,raise,26,2025-11-18T15:41:32.180091,my_hand_data\videos\raise_seq26_20251118_154128_918386.avi,89.85430573597318,360,90,HIGH,VIDEO_RECORDING,2025-11-18T15:41:33.014295
2025-11-18 15:41:32.180699,293,1108,HandType.Right,0.7100293636322021,-14.380952835083008,330.36810302734375,-68.22750091552734,-0.9550801515579224,-0.12424803525209427,0.2690434455871582,14.611433029174805,33.61663055419922,1.4647756814956665,0.0,0.0,61.87175750732422,0,1,1,1,1,-77.66899871826172,345.82598876953125,-61.59315872192383,-62.383819580078125,382.4949645996094,-114.17691040039062,raise,26,2025-11-18T15:41:32.180699,my_hand_data\videos\raise_seq26_20251118_154128_918386.avi,89.85430573597318,360,90,HIGH,VIDEO_RECORDING,2025-11-18T15:41:33.014295
2025-11-18 15:41:32.200402,294,1108,HandType.Right,0.7086352109909058,-14.202272415161133,330.7117614746094,-68.12757873535156,-0.9551337957382202,-0.12380989640951157,0.26905491948127747,16.058242797851562,30.883956909179688,8.979939460754395,0.0,0.0,61.843406677246094,0,1,1,1,1,-77.46807861328125,346.1662902832031,-61.52898025512695,-62.17742156982422,382.84619140625,-114.06385803222656,raise,26,2025-11-18T15:41:32.200402,my_hand_data\videos\raise_seq26_20251118_154128_918386.avi,89.85430573597318,360,90,HIGH,VIDEO_RECORDING,2025-11-18T15:41:33.014295
2025-11-18 15:41:32.205115,295,1108,HandType.Right,0.7086352109909058,-14.202272415161133,330.7117614746094,-68.12757873535156,-0.9551337957382202,-0.12380989640951157,0.26905491948127747,16.058242797851562,30.883956909179688,8.979939460754395,0.0,0.0,61.843406677246094,0,1,1,1,1,-77.46807861328125,346.1662902832031,-61.52898025512695,-62.17742156982422,382.84619140625,-114.06385803222656,raise,26,2025-11-18T15:41:32.205115,my_hand_data\videos\raise_seq26_20251118_154128_918386.avi,89.85430573597318,360,90,HIGH,VIDEO_RECORDING,2025-11-18T15:41:33.014295
2025-11-18 15:41:32.220933,296,1108,HandType.Right,0.7078403830528259,-13.833771705627441,331.4108581542969,-67.97731018066406,-0.9553564786911011,-0.12288719415664673,0.2686871290206909,14.414443969726562,31.290700912475586,6.665528297424316,0.0,0.0,61.799163818359375,0,1,1,1,1,-77.05621337890625,346.8421630859375,-61.384700775146484,-61.82589340209961,383.52935791015625,-113.74424743652344,raise,26,2025-11-18T15:41:32.220933,my_hand_data\videos\raise_seq26_20251118_154128_918386.avi,89.85430573597318,360,90,HIGH,VIDEO_RECORDING,2025-11-18T15:41:33.014295
2025-11-18 15:41:32.231286,297,1108,HandType.Right,0.7073713541030884,-13.644664764404297,331.7421875,-67.86531066894531,-0.9554703235626221,-0.12266148626804352,0.26838523149490356,17.196237564086914,30.1285343170166,10.184551239013672,0.0,0.0,61.7646369934082,0,1,1,1,1,-76.86356353759766,347.1768493652344,-61.289306640625,-61.67961120605469,383.84197998046875,-113.55052947998047,raise,26,2025-11-18T15:41:32.231286,my_hand_data\videos\raise_seq26_20251118_154128_918386.avi,89.85430573597318,360,90,HIGH,VIDEO_RECORDING,2025-11-18T15:41:33.014295
2025-11-18 15:41:32.241308,298,1108,HandType.Right,0.7068615555763245,-13.489487648010254,332.1055908203125,-67.75928497314453,-0.9555849432945251,-0.12234964966773987,0.26811933517456055,13.98245620727539,32.74359130859375,9.553582191467285,0.0,0.0,61.73641586303711,0,1,1,1,1,-76.68507385253906,347.537109375,-61.20845031738281,-61.50704574584961,384.21307373046875,-113.35748291015625,raise,26,2025-11-18T15:41:32.241308,my_hand_data\videos\raise_seq26_20251118_154128_918386.avi,89.85430573597318,360,90,HIGH,VIDEO_RECORDING,2025-11-18T15:41:33.014295
2025-11-18 15:41:32.251699,299,1108,HandType.Right,0.7069197297096252,-13.37975025177002,332.48150634765625,-67.6611557006836,-0.9556983709335327,-0.12181463837623596,0.2679586708545685,9.670207977294922,33.126895904541016,8.6473388671875,0.0,0.0,61.669857025146484,0,1,1,1,1,-76.55625915527344,347.99078369140625,-61.130374908447266,-61.38425827026367,384.681396484375,-113.06388854980469,raise,26,2025-11-18T15:41:32.251699,my_hand_data\videos\raise_seq26_20251118_154128_918386.avi,89.85430573597318,360,90,HIGH,VIDEO_RECORDING,2025-11-18T15:41:33.014295
2025-11-18 15:41:32.261848,300,1108,HandType.Right,0.7066496014595032,-13.247908592224121,332.87847900390625,-67.59251403808594,-0.9558975696563721,-0.12119024991989136,0.2675308585166931,11.991028785705566,36.10476303100586,6.243380069732666,0.0,0.0,61.642478942871094,0,1,1,1,1,-76.42461395263672,348.4420471191406,-61.0704231262207,-61.232627868652344,385.10064697265625,-112.88432312011719,raise,26,2025-11-18T15:41:32.261848,my_hand_data\videos\raise_seq26_20251118_154128_918386.avi,89.85430573597318,360,90,HIGH,VIDEO_RECORDING,2025-11-18T15:41:33.014295
2025-11-18 15:41:32.271948,301,1108,HandType.Right,0.707150399684906,-13.09725284576416,333.3545227050781,-67.54833221435547,-0.9560879468917847,-0.12043213099241257,0.2671927809715271,13.764795303344727,43.492919921875,4.03626012802124,0.0,0.0,61.600547790527344,0,1,1,1,1,-76.26793670654297,348.93609619140625,-61.0297737121582,-61.08728790283203,385.62255859375,-112.707763671875,raise,26,2025-11-18T15:41:32.271948,my_hand_data\videos\raise_seq26_20251118_154128_918386.avi,89.85430573597318,360,90,HIGH,VIDEO_RECORDING,2025-11-18T15:41:33.014295
2025-11-18 15:41:32.292317,302,1108,HandType.Right,0.7072893977165222,-12.963107109069824,333.7767639160156,-67.49394226074219,-0.9562165141105652,-0.12023800611495972,0.2668198347091675,12.076517105102539,38.01350021362305,4.897122859954834,0.0,0.0,61.59122848510742,0,1,1,1,1,-76.14682006835938,349.3595275878906,-60.98168182373047,-60.95402145385742,386.1419677734375,-112.5636978149414,raise,26,2025-11-18T15:41:32.292317,my_hand_data\videos\raise_seq26_20251118_154128_918386.avi,89.85430573597318,360,90,HIGH,VIDEO_RECORDING,2025-11-18T15:41:33.014295
2025-11-18 15:41:32.292317,303,1108,HandType.Right,0.7076009511947632,-12.864537239074707,334.2735290527344,-67.48114013671875,-0.9563617706298828,-0.12054231762886047,0.2661610245704651,8.770309448242188,44.1998405456543,1.1387321949005127,0.0,0.0,61.54545974731445,0,1,1,1,1,-76.0521469116211,349.857177734375,-60.997249603271484,-60.889930725097656,386.6765441894531,-112.48554229736328,raise,26,2025-11-18T15:41:32.292317,my_hand_data\videos\raise_seq26_20251118_154128_918386.avi,89.85430573597318,360,90,HIGH,VIDEO_RECORDING,2025-11-18T15:41:33.014295
2025-11-18 15:41:32.302462,304,1108,HandType.Right,0.7076009511947632,-12.864537239074707,334.2735290527344,-67.48114013671875,-0.9563617706298828,-0.12054231762886047,0.2661610245704651,8.770309448242188,44.1998405456543,1.1387321949005127,0.0,0.0,61.54545974731445,0,1,1,1,1,-76.0521469116211,349.857177734375,-60.997249603271484,-60.889930725097656,386.6765441894531,-112.48554229736328,raise,26,2025-11-18T15:41:32.302462,my_hand_data\videos\raise_seq26_20251118_154128_918386.avi,89.85430573597318,360,90,HIGH,VIDEO_RECORDING,2025-11-18T15:41:33.014295
2025-11-18 15:41:32.322721,305,1108,HandType.Right,0.707321286201477,-12.736838340759277,335.3887023925781,-67.45768737792969,-0.9566881656646729,-0.12184834480285645,0.2643873989582062,4.214047431945801,51.349143981933594,0.9710395932197571,0.0,0.0,61.48930740356445,0,1,1,1,1,-75.89237213134766,350.9684753417969,-61.0204963684082,-60.68936538696289,388.1224060058594,-112.35145568847656,raise,26,2025-11-18T15:41:32.322721,my_hand_data\videos\raise_seq26_20251118_154128_918386.avi,89.85430573597318,360,90,HIGH,VIDEO_RECORDING,2025-11-18T15:41:33.014295
2025-11-18 15:41:32.322721,306,1108,HandType.Right,0.7068195343017578,-12.693825721740723,335.9059143066406,-67.45243835449219,-0.956835150718689,-0.12193993479013443,0.2638126015663147,3.8233327865600586,45.97566223144531,0.4660881757736206,0.0,0.0,61.46232223510742,0,1,1,1,1,-75.81559753417969,351.4420166015625,-61.04750061035156,-60.598236083984375,388.78240966796875,-112.25567626953125,raise,26,2025-11-18T15:41:32.322721,my_hand_data\videos\raise_seq26_20251118_154128_918386.avi,89.85430573597318,360,90,HIGH,VIDEO_RECORDING,2025-11-18T15:41:33.014295
2025-11-18 15:41:32.343367,307,1108,HandType.Right,0.7068336606025696,-12.682503700256348,336.4168395996094,-67.48605346679688,-0.9569723010063171,-0.12231572717428207,0.263140469789505,1.0485230684280396,47.31684875488281,-3.1124839782714844,0.0,0.0,61.38560485839844,0,1,1,1,1,-75.73371124267578,351.9772033691406,-61.1005973815918,-60.5806770324707,389.36090087890625,-112.14307403564453,raise,26,2025-11-18T15:41:32.343367,my_hand_data\videos\raise_seq26_20251118_154128_918386.avi,89.85430573597318,360,90,HIGH,VIDEO_RECORDING,2025-11-18T15:41:33.014295
2025-11-18 15:41:32.353825,308,1108,HandType.Right,0.7064799070358276,-12.697751998901367,336.8403015136719,-67.4910888671875,-0.9570879936218262,-0.12296665459871292,0.2624153196811676,-1.3754204511642456,38.1971321105957,-0.4543137550354004,0.0,0.0,61.32649230957031,0,1,1,1,1,-75.71080017089844,352.4029846191406,-61.159141540527344,-60.56129455566406,389.90460205078125,-112.0393295288086,raise,26,2025-11-18T15:41:32.353825,my_hand_data\videos\raise_seq26_20251118_154128_918386.avi,89.85430573597318,360,90,HIGH,VIDEO_RECORDING,2025-11-18T15:41:33.014295
2025-11-18 15:41:32.353825,309,1108,HandType.Right,0.7064799070358276,-12.697751998901367,336.8403015136719,-67.4910888671875,-0.9570879936218262,-0.12296665459871292,0.2624153196811676,-1.3754204511642456,38.1971321105957,-0.4543137550354004,0.0,0.0,61.32649230957031,0,1,1,1,1,-75.71080017089844,352.4029846191406,-61.159141540527344,-60.56129455566406,389.90460205078125,-112.0393295288086,raise,26,2025-11-18T15:41:32.353825,my_hand_data\videos\raise_seq26_20251118_154128_918386.avi,89.85430573597318,360,90,HIGH,VIDEO_RECORDING,2025-11-18T15:41:33.014295
2025-11-18 15:41:32.374262,310,1108,HandType.Right,0.705877423286438,-12.593560218811035,337.484130859375,-67.40789031982422,-0.9573182463645935,-0.12342024594545364,0.261360228061676,5.845260143280029,25.86634063720703,3.232025623321533,0.0,0.0,61.31270980834961,0,1,1,1,1,-75.5720443725586,352.98052978515625,-61.11897277832031,-60.38589859008789,390.71685791015625,-111.91497802734375,raise,26,2025-11-18T15:41:32.374262,my_hand_data\videos\raise_seq26_20251118_154128_918386.avi,89.85430573597318,360,90,HIGH,VIDEO_RECORDING,2025-11-18T15:41:33.014295
2025-11-18 15:41:32.384302,311,1108,HandType.Right,0.705778956413269,-12.466713905334473,337.7860107421875,-67.34403228759766,-0.9574317932128906,-0.12318334728479385,0.2610560357570648,11.167984008789062,26.579404830932617,5.622467517852783,0.0018697695340961218,0.0,61.315406799316406,0,1,1,1,1,-75.45487213134766,353.27691650390625,-61.066322326660156,-60.208168029785156,391.18218994140625,-111.8051986694336,raise,26,2025-11-18T15:41:32.384302,my_hand_data\videos\raise_seq26_20251118_154128_918386.avi,89.85430573597318,360,90,HIGH,VIDEO_RECORDING,2025-11-18T15:41:33.014295
2025-11-18 15:41:32.394385,312,1108,HandType.Right,0.7056391835212708,-12.355254173278809,338.1497802734375,-67.33427429199219,-0.9574663639068604,-0.12303119152784348,0.26100096106529236,10.226642608642578,33.375816345214844,0.8954595923423767,0.003917597234249115,0.0,61.32135772705078,0,1,1,1,1,-75.34757232666016,353.6859436035156,-61.0461311340332,-60.06667709350586,391.60797119140625,-111.75343322753906,raise,26,2025-11-18T15:41:32.394385,my_hand_data\videos\raise_seq26_20251118_154128_918386.avi,89.85430573597318,360,90,HIGH,VIDEO_RECORDING,2025-11-18T15:41:33.014295
2025-11-18 15:41:32.404640,313,1108,HandType.Right,0.7056391835212708,-12.355254173278809,338.1497802734375,-67.33427429199219,-0.9574663639068604,-0.12303119152784348,0.26100096106529236,10.226642608642578,33.375816345214844,0.8954595923423767,0.003917597234249115,0.0,61.32135772705078,0,1,1,1,1,-75.34757232666016,353.6859436035156,-61.0461311340332,-60.06667709350586,391.60797119140625,-111.75343322753906,raise,26,2025-11-18T15:41:32.404640,my_hand_data\videos\raise_seq26_20251118_154128_918386.avi,89.85430573597318,360,90,HIGH,VIDEO_RECORDING,2025-11-18T15:41:33.014295
2025-11-18 15:41:32.424213,314,1108,HandType.Right,0.7055726647377014,-12.067499160766602,338.8431091308594,-67.42525482177734,-0.9574350118637085,-0.12119226902723312,0.2619744539260864,12.87402057647705,31.572341918945312,-3.8551766872406006,0.003153575584292412,0.0,61.21987533569336,0,1,1,1,1,-75.06300354003906,354.6624755859375,-61.085426330566406,-59.82698440551758,392.3458251953125,-111.6767349243164,raise,26,2025-11-18T15:41:32.424213,my_hand_data\videos\raise_seq26_20251118_154128_918386.avi,89.85430573597318,360,90,HIGH,VIDEO_RECORDING,2025-11-18T15:41:33.014295
2025-11-18 15:41:32.428237,315,1108,HandType.Right,0.7051940560340881,-11.888007164001465,339.32550048828125,-67.4724349975586,-0.9574152231216431,-0.12059418857097626,0.2623225748538971,16.161718368530273,43.43632888793945,-4.248059272766113,0.0022051059640944004,0.0,61.235198974609375,0,1,1,1,1,-74.89042663574219,355.1482849121094,-61.099365234375,-59.6657829284668,392.827392578125,-111.7261962890625,raise,26,2025-11-18T15:41:32.428237,my_hand_data\videos\raise_seq26_20251118_154128_918386.avi,89.85430573597318,360,90,HIGH,VIDEO_RECORDING,2025-11-18T15:41:33.014295
2025-11-18 15:41:32.438547,316,1108,HandType.Right,0.7051940560340881,-11.888007164001465,339.32550048828125,-67.4724349975586,-0.9574152231216431,-0.12059418857097626,0.2623225748538971,16.161718368530273,43.43632888793945,-4.248059272766113,0.0022051059640944004,0.0,61.235198974609375,0,1,1,1,1,-74.89042663574219,355.1482849121094,-61.099365234375,-59.6657829284668,392.827392578125,-111.7261962890625,raise,26,2025-11-18T15:41:32.438547,my_hand_data\videos\raise_seq26_20251118_154128_918386.avi,89.85430573597318,360,90,HIGH,VIDEO_RECORDING,2025-11-18T15:41:33.014295
2025-11-18 15:41:32.454677,317,1108,HandType.Right,0.7048007249832153,-11.57540225982666,340.371826171875,-67.58382415771484,-0.9574927091598511,-0.11828749626874924,0.26308900117874146,14.649673461914062,46.12070846557617,-5.083478927612305,0.001477357349358499,0.0,61.33711242675781,0,1,1,1,1,-74.52241516113281,356.14385986328125,-61.14423370361328,-59.2150764465332,393.9954528808594,-111.85025787353516,raise,26,2025-11-18T15:41:32.454677,my_hand_data\videos\raise_seq26_20251118_154128_918386.avi,89.85430573597318,360,90,HIGH,VIDEO_RECORDING,2025-11-18T15:41:33.014295
2025-11-18 15:41:32.464757,318,1108,HandType.Right,0.7040128111839294,-11.438450813293457,340.9029541015625,-67.6601333618164,-0.9576106071472168,-0.11733032763004303,0.2630883455276489,12.343595504760742,47.87238693237305,-6.878039360046387,0.0015871056821197271,0.0,61.410274505615234,0,1,1,1,1,-74.38005065917969,356.7328796386719,-61.19032669067383,-58.948482513427734,394.570068359375,-111.98600006103516,raise,26,2025-11-18T15:41:32.464757,my_hand_data\videos\raise_seq26_20251118_154128_918386.avi,89.85430573597318,360,90,HIGH,VIDEO_RECORDING,2025-11-18T15:41:33.014295
2025-11-18 15:41:32.474820,319,1108,HandType.Right,0.7039545774459839,-11.340751647949219,341.5073547363281,-67.68380737304688,-0.9577285647392273,-0.11597542464733124,0.2632598280906677,8.725468635559082,53.97944641113281,-2.1145613193511963,0.000818296626675874,0.0,61.46308135986328,0,1,1,1,1,-74.25692749023438,357.3625793457031,-61.23642349243164,-58.6533203125,395.410400390625,-112.00662994384766,raise,26,2025-11-18T15:41:32.474820,my_hand_data\videos\raise_seq26_20251118_154128_918386.avi,89.85430573597318,360,90,HIGH,VIDEO_RECORDING,2025-11-18T15:41:33.014295
2025-11-18 15:41:32.484875,320,1108,HandType.Right,0.7039394378662109,-11.265082359313965,342.01177978515625,-67.67184448242188,-0.9578427076339722,-0.11471454054117203,0.2633969783782959,6.860301494598389,45.730690002441406,1.08504056930542,0.0,0.0,61.46153259277344,0,1,1,1,1,-74.17122650146484,357.919677734375,-61.258567810058594,-58.4937744140625,396.1128234863281,-111.96570587158203,raise,26,2025-11-18T15:41:32.484875,my_hand_data\videos\raise_seq26_20251118_154128_918386.avi,89.85430573597318,360,90,HIGH,VIDEO_RECORDING,2025-11-18T15:41:33.014295
2025-11-18 15:41:32.494941,321,1108,HandType.Right,0.7039394378662109,-11.265082359313965,342.01177978515625,-67.67184448242188,-0.9578427076339722,-0.11471454054117203,0.2633969783782959,6.860301494598389,45.730690002441406,1.08504056930542,0.0,0.0,61.46153259277344,0,1,1,1,1,-74.17122650146484,357.919677734375,-61.258567810058594,-58.4937744140625,396.1128234863281,-111.96570587158203,raise,26,2025-11-18T15:41:32.494941,my_hand_data\videos\raise_seq26_20251118_154128_918386.avi,89.85430573597318,360,90,HIGH,VIDEO_RECORDING,2025-11-18T15:41:33.014295
2025-11-18 15:41:32.505010,322,1108,HandType.Right,0.7039394378662109,-11.265082359313965,342.01177978515625,-67.67184448242188,-0.9578427076339722,-0.11471454054117203,0.2633969783782959,6.860301494598389,45.730690002441406,1.08504056930542,0.0,0.0,61.46153259277344,0,1,1,1,1,-74.17122650146484,357.919677734375,-61.258567810058594,-58.4937744140625,396.1128234863281,-111.96570587158203,raise,26,2025-11-18T15:41:32.505010,my_hand_data\videos\raise_seq26_20251118_154128_918386.avi,89.85430573597318,360,90,HIGH,VIDEO_RECORDING,2025-11-18T15:41:33.014295
2025-11-18 15:41:32.515070,323,1108,HandType.Right,0.7039394378662109,-11.265082359313965,342.01177978515625,-67.67184448242188,-0.9578427076339722,-0.11471454054117203,0.2633969783782959,6.860301494598389,45.730690002441406,1.08504056930542,0.0,0.0,61.46153259277344,0,1,1,1,1,-74.17122650146484,357.919677734375,-61.258567810058594,-58.4937744140625,396.1128234863281,-111.96570587158203,raise,26,2025-11-18T15:41:32.515070,my_hand_data\videos\raise_seq26_20251118_154128_918386.avi,89.85430573597318,360,90,HIGH,VIDEO_RECORDING,2025-11-18T15:41:33.014295
2025-11-18 15:41:32.535193,324,1108,HandType.Right,0.7039394378662109,-11.265082359313965,342.01177978515625,-67.67184448242188,-0.9578427076339722,-0.11471454054117203,0.2633969783782959,6.860301494598389,45.730690002441406,1.08504056930542,0.0,0.0,61.46153259277344,0,1,1,1,1,-74.17122650146484,357.919677734375,-61.258567810058594,-58.4937744140625,396.1128234863281,-111.96570587158203,raise,26,2025-11-18T15:41:32.535193,my_hand_data\videos\raise_seq26_20251118_154128_918386.avi,89.85430573597318,360,90,HIGH,VIDEO_RECORDING,2025-11-18T15:41:33.014295
2025-11-18 15:41:32.539218,325,1108,HandType.Right,0.7039394378662109,-11.265082359313965,342.01177978515625,-67.67184448242188,-0.9578427076339722,-0.11471454054117203,0.2633969783782959,6.860301494598389,45.730690002441406,1.08504056930542,0.0,0.0,61.46153259277344,0,1,1,1,1,-74.17122650146484,357.919677734375,-61.258567810058594,-58.4937744140625,396.1128234863281,-111.96570587158203,raise,26,2025-11-18T15:41:32.539218,my_hand_data\videos\raise_seq26_20251118_154128_918386.avi,89.85430573597318,360,90,HIGH,VIDEO_RECORDING,2025-11-18T15:41:33.014295
2025-11-18 15:41:32.555323,326,1108,HandType.Right,0.700343132019043,-10.662454605102539,343.8280944824219,-67.29615783691406,-0.9583631753921509,-0.1083289384841919,0.2642061114311218,10.093766212463379,33.83354568481445,7.114652633666992,0.0,0.0,61.48513412475586,0,1,1,1,1,-73.47444152832031,359.8321838378906,-60.93143844604492,-57.60029983520508,398.356201171875,-111.45640563964844,raise,26,2025-11-18T15:41:32.555323,my_hand_data\videos\raise_seq26_20251118_154128_918386.avi,89.85430573597318,360,90,HIGH,VIDEO_RECORDING,2025-11-18T15:41:33.014295
2025-11-18 15:41:32.561366,327,1108,HandType.Right,0.700343132019043,-10.662454605102539,343.8280944824219,-67.29615783691406,-0.9583631753921509,-0.1083289384841919,0.2642061114311218,10.093766212463379,33.83354568481445,7.114652633666992,0.0,0.0,61.48513412475586,0,1,1,1,1,-73.47444152832031,359.8321838378906,-60.93143844604492,-57.60029983520508,398.356201171875,-111.45640563964844,raise,26,2025-11-18T15:41:32.561366,my_hand_data\videos\raise_seq26_20251118_154128_918386.avi,89.85430573597318,360,90,HIGH,VIDEO_RECORDING,2025-11-18T15:41:33.014295
2025-11-18 15:41:32.575471,328,1108,HandType.Right,0.6995704174041748,-10.40069580078125,344.8598327636719,-67.1114730834961,-0.9587141275405884,-0.10566666722297668,0.2640109360218048,4.889811038970947,34.9260139465332,3.6076245307922363,0.0,0.0,61.426788330078125,0,1,1,1,1,-73.1114730834961,361.04644775390625,-60.7484245300293,-57.207679748535156,399.4700927734375,-111.13213348388672,raise,26,2025-11-18T15:41:32.575471,my_hand_data\videos\raise_seq26_20251118_154128_918386.avi,89.85430573597318,360,90,HIGH,VIDEO_RECORDING,2025-11-18T15:41:33.014295
2025-11-18 15:41:32.585518,329,1108,HandType.Right,0.6993353366851807,-10.359777450561523,345.3153076171875,-67.10255432128906,-0.9588324427604675,-0.10514238476753235,0.2637905180454254,3.686708688735962,41.0360107421875,0.8033358454704285,0.0,0.0,61.396507263183594,0,1,1,1,1,-73.03533935546875,361.5110778808594,-60.72873306274414,-57.18417739868164,399.9199523925781,-110.99258422851562,raise,26,2025-11-18T15:41:32.585518,my_hand_data\videos\raise_seq26_20251118_154128_918386.avi,89.85430573597318,360,90,HIGH,VIDEO_RECORDING,2025-11-18T15:41:33.014295
2025-11-18 15:41:32.595566,330,1108,HandType.Right,0.6988030076026917,-10.310858726501465,345.80914306640625,-67.0372314453125,-0.9589404463768005,-0.10427198559045792,0.2637433707714081,4.289584159851074,43.30311965942383,5.7280988693237305,0.0,0.0,61.36789321899414,0,1,1,1,1,-72.9659423828125,362.0293273925781,-60.64948654174805,-57.162479400634766,400.40228271484375,-110.85208129882812,raise,26,2025-11-18T15:41:32.595566,my_hand_data\videos\raise_seq26_20251118_154128_918386.avi,89.85430573597318,360,90,HIGH,VIDEO_RECORDING,2025-11-18T15:41:33.014295
2025-11-18 15:41:32.607705,331,1108,HandType.Right,0.6988030076026917,-10.310858726501465,345.80914306640625,-67.0372314453125,-0.9589404463768005,-0.10427198559045792,0.2637433707714081,4.289584159851074,43.30311965942383,5.7280988693237305,0.0,0.0,61.36789321899414,0,1,1,1,1,-72.9659423828125,362.0293273925781,-60.64948654174805,-57.162479400634766,400.40228271484375,-110.85208129882812,raise,26,2025-11-18T15:41:32.607705,my_hand_data\videos\raise_seq26_20251118_154128_918386.avi,89.85430573597318,360,90,HIGH,VIDEO_RECORDING,2025-11-18T15:41:33.014295
2025-11-18 15:41:32.615772,332,1108,HandType.Right,0.6983833312988281,-10.240476608276367,346.2699279785156,-66.99947357177734,-0.9590035676956177,-0.1039610430598259,0.26363661885261536,6.2796807289123535,41.112274169921875,3.3686747550964355,0.0,0.0,61.3593864440918,0,1,1,1,1,-72.87057495117188,362.5018005371094,-60.56364440917969,-57.16516876220703,400.8044738769531,-110.80719757080078,raise,26,2025-11-18T15:41:32.615772,my_hand_data\videos\raise_seq26_20251118_154128_918386.avi,89.85430573597318,360,90,HIGH,VIDEO_RECORDING,2025-11-18T15:41:33.014295
2025-11-18 15:41:32.625849,333,1108,HandType.Right,0.6983161568641663,-10.215846061706543,346.7480773925781,-66.97136688232422,-0.9591048359870911,-0.1040065586566925,0.2632499933242798,2.251164436340332,43.702392578125,2.569246530532837,0.0,0.0,61.315452575683594,0,1,1,1,1,-72.8159408569336,363.11090087890625,-60.51835250854492,-57.1712760925293,401.2752380371094,-110.74440002441406,raise,26,2025-11-18T15:41:32.625849,my_hand_data\videos\raise_seq26_20251118_154128_918386.avi,89.85430573597318,360,90,HIGH,VIDEO_RECORDING,2025-11-18T15:41:33.014295
2025-11-18 15:41:32.637935,334,1108,HandType.Right,0.6986616849899292,-10.20007038116455,347.18572998046875,-66.9345474243164,-0.9592363834381104,-0.1040208488702774,0.2627646028995514,1.408066749572754,39.062564849853516,3.2862603664398193,0.0,0.0,61.261940002441406,0,1,1,1,1,-72.76515197753906,363.60052490234375,-60.4802360534668,-57.171836853027344,401.7628173828125,-110.5169677734375,raise,26,2025-11-18T15:41:32.637935,my_hand_data\videos\raise_seq26_20251118_154128_918386.avi,89.85430573597318,360,90,HIGH,VIDEO_RECORDING,2025-11-18T15:41:33.014295
2025-11-18 15:41:32.656076,335,1108,HandType.Right,0.6986616849899292,-10.20007038116455,347.18572998046875,-66.9345474243164,-0.9592363834381104,-0.1040208488702774,0.2627646028995514,1.408066749572754,39.062564849853516,3.2862603664398193,0.0,0.0,61.261940002441406,0,1,1,1,1,-72.76515197753906,363.60052490234375,-60.4802360534668,-57.171836853027344,401.7628173828125,-110.5169677734375,raise,26,2025-11-18T15:41:32.656076,my_hand_data\videos\raise_seq26_20251118_154128_918386.avi,89.85430573597318,360,90,HIGH,VIDEO_RECORDING,2025-11-18T15:41:33.014295
2025-11-18 15:41:32.660106,336,1108,HandType.Right,0.6986616849899292,-10.20007038116455,347.18572998046875,-66.9345474243164,-0.9592363834381104,-0.1040208488702774,0.2627646028995514,1.408066749572754,39.062564849853516,3.2862603664398193,0.0,0.0,61.261940002441406,0,1,1,1,1,-72.76515197753906,363.60052490234375,-60.4802360534668,-57.171836853027344,401.7628173828125,-110.5169677734375,raise,26,2025-11-18T15:41:32.660106,my_hand_data\videos\raise_seq26_20251118_154128_918386.avi,89.85430573597318,360,90,HIGH,VIDEO_RECORDING,2025-11-18T15:41:33.014295
2025-11-18 15:41:32.676222,337,1108,HandType.Right,0.6986616849899292,-10.20007038116455,347.18572998046875,-66.9345474243164,-0.9592363834381104,-0.1040208488702774,0.2627646028995514,1.408066749572754,39.062564849853516,3.2862603664398193,0.0,0.0,61.261940002441406,0,1,1,1,1,-72.76515197753906,363.60052490234375,-60.4802360534668,-57.171836853027344,401.7628173828125,-110.5169677734375,raise,26,2025-11-18T15:41:32.676222,my_hand_data\videos\raise_seq26_20251118_154128_918386.avi,89.85430573597318,360,90,HIGH,VIDEO_RECORDING,2025-11-18T15:41:33.014295
2025-11-18 15:41:32.680249,338,1108,HandType.Right,0.6986616849899292,-10.20007038116455,347.18572998046875,-66.9345474243164,-0.9592363834381104,-0.1040208488702774,0.2627646028995514,1.408066749572754,39.062564849853516,3.2862603664398193,0.0,0.0,61.261940002441406,0,1,1,1,1,-72.76515197753906,363.60052490234375,-60.4802360534668,-57.171836853027344,401.7628173828125,-110.5169677734375,raise,26,2025-11-18T15:41:32.680249,my_hand_data\videos\raise_seq26_20251118_154128_918386.avi,89.85430573597318,360,90,HIGH,VIDEO_RECORDING,2025-11-18T15:41:33.014295
2025-11-18 15:41:32.696357,339,1108,HandType.Right,0.6986616849899292,-10.20007038116455,347.18572998046875,-66.9345474243164,-0.9592363834381104,-0.1040208488702774,0.2627646028995514,1.408066749572754,39.062564849853516,3.2862603664398193,0.0,0.0,61.261940002441406,0,1,1,1,1,-72.76515197753906,363.60052490234375,-60.4802360534668,-57.171836853027344,401.7628173828125,-110.5169677734375,raise,26,2025-11-18T15:41:32.696357,my_hand_data\videos\raise_seq26_20251118_154128_918386.avi,89.85430573597318,360,90,HIGH,VIDEO_RECORDING,2025-11-18T15:41:33.014295
2025-11-18 15:41:32.706421,340,1108,HandType.Right,0.6986616849899292,-10.20007038116455,347.18572998046875,-66.9345474243164,-0.9592363834381104,-0.1040208488702774,0.2627646028995514,1.408066749572754,39.062564849853516,3.2862603664398193,0.0,0.0,61.261940002441406,0,1,1,1,1,-72.76515197753906,363.60052490234375,-60.4802360534668,-57.171836853027344,401.7628173828125,-110.5169677734375,raise,26,2025-11-18T15:41:32.706421,my_hand_data\videos\raise_seq26_20251118_154128_918386.avi,89.85430573597318,360,90,HIGH,VIDEO_RECORDING,2025-11-18T15:41:33.014295
2025-11-18 15:41:32.716484,341,1108,HandType.Right,0.6986616849899292,-10.20007038116455,347.18572998046875,-66.9345474243164,-0.9592363834381104,-0.1040208488702774,0.2627646028995514,1.408066749572754,39.062564849853516,3.2862603664398193,0.0,0.0,61.261940002441406,0,1,1,1,1,-72.76515197753906,363.60052490234375,-60.4802360534668,-57.171836853027344,401.7628173828125,-110.5169677734375,raise,26,2025-11-18T15:41:32.716484,my_hand_data\videos\raise_seq26_20251118_154128_918386.avi,89.85430573597318,360,90,HIGH,VIDEO_RECORDING,2025-11-18T15:41:33.014295
2025-11-18 15:41:32.726542,342,1108,HandType.Right,0.6986616849899292,-10.20007038116455,347.18572998046875,-66.9345474243164,-0.9592363834381104,-0.1040208488702774,0.2627646028995514,1.408066749572754,39.062564849853516,3.2862603664398193,0.0,0.0,61.261940002441406,0,1,1,1,1,-72.76515197753906,363.60052490234375,-60.4802360534668,-57.171836853027344,401.7628173828125,-110.5169677734375,raise,26,2025-11-18T15:41:32.726542,my_hand_data\videos\raise_seq26_20251118_154128_918386.avi,89.85430573597318,360,90,HIGH,VIDEO_RECORDING,2025-11-18T15:41:33.014295
2025-11-18 15:41:32.746676,343,1108,HandType.Right,0.6986616849899292,-10.20007038116455,347.18572998046875,-66.9345474243164,-0.9592363834381104,-0.1040208488702774,0.2627646028995514,1.408066749572754,39.062564849853516,3.2862603664398193,0.0,0.0,61.261940002441406,0,1,1,1,1,-72.76515197753906,363.60052490234375,-60.4802360534668,-57.171836853027344,401.7628173828125,-110.5169677734375,raise,26,2025-11-18T15:41:32.746676,my_hand_data\videos\raise_seq26_20251118_154128_918386.avi,89.85430573597318,360,90,HIGH,VIDEO_RECORDING,2025-11-18T15:41:33.014295
2025-11-18 15:41:32.750706,344,1108,HandType.Right,0.6986616849899292,-10.20007038116455,347.18572998046875,-66.9345474243164,-0.9592363834381104,-0.1040208488702774,0.2627646028995514,1.408066749572754,39.062564849853516,3.2862603664398193,0.0,0.0,61.261940002441406,0,1,1,1,1,-72.76515197753906,363.60052490234375,-60.4802360534668,-57.171836853027344,401.7628173828125,-110.5169677734375,raise,26,2025-11-18T15:41:32.750706,my_hand_data\videos\raise_seq26_20251118_154128_918386.avi,89.85430573597318,360,90,HIGH,VIDEO_RECORDING,2025-11-18T15:41:33.014295
2025-11-18 15:41:32.767046,345,1108,HandType.Right,0.6986616849899292,-10.20007038116455,347.18572998046875,-66.9345474243164,-0.9592363834381104,-0.1040208488702774,0.2627646028995514,1.408066749572754,39.062564849853516,3.2862603664398193,0.0,0.0,61.261940002441406,0,1,1,1,1,-72.76515197753906,363.60052490234375,-60.4802360534668,-57.171836853027344,401.7628173828125,-110.5169677734375,raise,26,2025-11-18T15:41:32.767046,my_hand_data\videos\raise_seq26_20251118_154128_918386.avi,89.85430573597318,360,90,HIGH,VIDEO_RECORDING,2025-11-18T15:41:33.014295
2025-11-18 15:41:32.771073,346,1108,HandType.Right,0.6986616849899292,-10.20007038116455,347.18572998046875,-66.9345474243164,-0.9592363834381104,-0.1040208488702774,0.2627646028995514,1.408066749572754,39.062564849853516,3.2862603664398193,0.0,0.0,61.261940002441406,0,1,1,1,1,-72.76515197753906,363.60052490234375,-60.4802360534668,-57.171836853027344,401.7628173828125,-110.5169677734375,raise,26,2025-11-18T15:41:32.771073,my_hand_data\videos\raise_seq26_20251118_154128_918386.avi,89.85430573597318,360,90,HIGH,VIDEO_RECORDING,2025-11-18T15:41:33.014295
2025-11-18 15:41:32.787162,347,1108,HandType.Right,0.6986616849899292,-10.20007038116455,347.18572998046875,-66.9345474243164,-0.9592363834381104,-0.1040208488702774,0.2627646028995514,1.408066749572754,39.062564849853516,3.2862603664398193,0.0,0.0,61.261940002441406,0,1,1,1,1,-72.76515197753906,363.60052490234375,-60.4802360534668,-57.171836853027344,401.7628173828125,-110.5169677734375,raise,26,2025-11-18T15:41:32.787162,my_hand_data\videos\raise_seq26_20251118_154128_918386.avi,89.85430573597318,360,90,HIGH,VIDEO_RECORDING,2025-11-18T15:41:33.014295
2025-11-18 15:41:32.797221,348,1108,HandType.Right,0.6986616849899292,-10.20007038116455,347.18572998046875,-66.9345474243164,-0.9592363834381104,-0.1040208488702774,0.2627646028995514,1.408066749572754,39.062564849853516,3.2862603664398193,0.0,0.0,61.261940002441406,0,1,1,1,1,-72.76515197753906,363.60052490234375,-60.4802360534668,-57.171836853027344,401.7628173828125,-110.5169677734375,raise,26,2025-11-18T15:41:32.797221,my_hand_data\videos\raise_seq26_20251118_154128_918386.avi,89.85430573597318,360,90,HIGH,VIDEO_RECORDING,2025-11-18T15:41:33.014295
2025-11-18 15:41:32.807285,349,1108,HandType.Right,0.6986616849899292,-10.20007038116455,347.18572998046875,-66.9345474243164,-0.9592363834381104,-0.1040208488702774,0.2627646028995514,1.408066749572754,39.062564849853516,3.2862603664398193,0.0,0.0,61.261940002441406,0,1,1,1,1,-72.76515197753906,363.60052490234375,-60.4802360534668,-57.171836853027344,401.7628173828125,-110.5169677734375,raise,26,2025-11-18T15:41:32.807285,my_hand_data\videos\raise_seq26_20251118_154128_918386.avi,89.85430573597318,360,90,HIGH,VIDEO_RECORDING,2025-11-18T15:41:33.014295
2025-11-18 15:41:32.817342,350,1108,HandType.Right,0.6986616849899292,-10.20007038116455,347.18572998046875,-66.9345474243164,-0.9592363834381104,-0.1040208488702774,0.2627646028995514,1.408066749572754,39.062564849853516,3.2862603664398193,0.0,0.0,61.261940002441406,0,1,1,1,1,-72.76515197753906,363.60052490234375,-60.4802360534668,-57.171836853027344,401.7628173828125,-110.5169677734375,raise,26,2025-11-18T15:41:32.817342,my_hand_data\videos\raise_seq26_20251118_154128_918386.avi,89.85430573597318,360,90,HIGH,VIDEO_RECORDING,2025-11-18T15:41:33.014295
2025-11-18 15:41:32.827403,351,1108,HandType.Right,0.6986616849899292,-10.20007038116455,347.18572998046875,-66.9345474243164,-0.9592363834381104,-0.1040208488702774,0.2627646028995514,1.408066749572754,39.062564849853516,3.2862603664398193,0.0,0.0,61.261940002441406,0,1,1,1,1,-72.76515197753906,363.60052490234375,-60.4802360534668,-57.171836853027344,401.7628173828125,-110.5169677734375,raise,26,2025-11-18T15:41:32.827403,my_hand_data\videos\raise_seq26_20251118_154128_918386.avi,89.85430573597318,360,90,HIGH,VIDEO_RECORDING,2025-11-18T15:41:33.014295
2025-11-18 15:41:32.837459,352,1108,HandType.Right,0.6986616849899292,-10.20007038116455,347.18572998046875,-66.9345474243164,-0.9592363834381104,-0.1040208488702774,0.2627646028995514,1.408066749572754,39.062564849853516,3.2862603664398193,0.0,0.0,61.261940002441406,0,1,1,1,1,-72.76515197753906,363.60052490234375,-60.4802360534668,-57.171836853027344,401.7628173828125,-110.5169677734375,raise,26,2025-11-18T15:41:32.837459,my_hand_data\videos\raise_seq26_20251118_154128_918386.avi,89.85430573597318,360,90,HIGH,VIDEO_RECORDING,2025-11-18T15:41:33.014295
2025-11-18 15:41:32.849539,353,1108,HandType.Right,0.6986616849899292,-10.20007038116455,347.18572998046875,-66.9345474243164,-0.9592363834381104,-0.1040208488702774,0.2627646028995514,1.408066749572754,39.062564849853516,3.2862603664398193,0.0,0.0,61.261940002441406,0,1,1,1,1,-72.76515197753906,363.60052490234375,-60.4802360534668,-57.171836853027344,401.7628173828125,-110.5169677734375,raise,26,2025-11-18T15:41:32.849539,my_hand_data\videos\raise_seq26_20251118_154128_918386.avi,89.85430573597318,360,90,HIGH,VIDEO_RECORDING,2025-11-18T15:41:33.014295
2025-11-18 15:41:32.867650,354,1108,HandType.Right,0.6986616849899292,-10.20007038116455,347.18572998046875,-66.9345474243164,-0.9592363834381104,-0.1040208488702774,0.2627646028995514,1.408066749572754,39.062564849853516,3.2862603664398193,0.0,0.0,61.261940002441406,0,1,1,1,1,-72.76515197753906,363.60052490234375,-60.4802360534668,-57.171836853027344,401.7628173828125,-110.5169677734375,raise,26,2025-11-18T15:41:32.867650,my_hand_data\videos\raise_seq26_20251118_154128_918386.avi,89.85430573597318,360,90,HIGH,VIDEO_RECORDING,2025-11-18T15:41:33.014295
2025-11-18 15:41:32.871675,355,1108,HandType.Right,0.6986616849899292,-10.20007038116455,347.18572998046875,-66.9345474243164,-0.9592363834381104,-0.1040208488702774,0.2627646028995514,1.408066749572754,39.062564849853516,3.2862603664398193,0.0,0.0,61.261940002441406,0,1,1,1,1,-72.76515197753906,363.60052490234375,-60.4802360534668,-57.171836853027344,401.7628173828125,-110.5169677734375,raise,26,2025-11-18T15:41:32.871675,my_hand_data\videos\raise_seq26_20251118_154128_918386.avi,89.85430573597318,360,90,HIGH,VIDEO_RECORDING,2025-11-18T15:41:33.014295
2025-11-18 15:41:32.888071,356,1108,HandType.Right,0.6986616849899292,-10.20007038116455,347.18572998046875,-66.9345474243164,-0.9592363834381104,-0.1040208488702774,0.2627646028995514,1.408066749572754,39.062564849853516,3.2862603664398193,0.0,0.0,61.261940002441406,0,1,1,1,1,-72.76515197753906,363.60052490234375,-60.4802360534668,-57.171836853027344,401.7628173828125,-110.5169677734375,raise,26,2025-11-18T15:41:32.888071,my_hand_data\videos\raise_seq26_20251118_154128_918386.avi,89.85430573597318,360,90,HIGH,VIDEO_RECORDING,2025-11-18T15:41:33.014295
2025-11-18 15:41:32.892094,357,1108,HandType.Right,0.6986616849899292,-10.20007038116455,347.18572998046875,-66.9345474243164,-0.9592363834381104,-0.1040208488702774,0.2627646028995514,1.408066749572754,39.062564849853516,3.2862603664398193,0.0,0.0,61.261940002441406,0,1,1,1,1,-72.76515197753906,363.60052490234375,-60.4802360534668,-57.171836853027344,401.7628173828125,-110.5169677734375,raise,26,2025-11-18T15:41:32.892094,my_hand_data\videos\raise_seq26_20251118_154128_918386.avi,89.85430573597318,360,90,HIGH,VIDEO_RECORDING,2025-11-18T15:41:33.014295
2025-11-18 15:41:32.908187,358,1108,HandType.Right,0.6986616849899292,-10.20007038116455,347.18572998046875,-66.9345474243164,-0.9592363834381104,-0.1040208488702774,0.2627646028995514,1.408066749572754,39.062564849853516,3.2862603664398193,0.0,0.0,61.261940002441406,0,1,1,1,1,-72.76515197753906,363.60052490234375,-60.4802360534668,-57.171836853027344,401.7628173828125,-110.5169677734375,raise,26,2025-11-18T15:41:32.908187,my_hand_data\videos\raise_seq26_20251118_154128_918386.avi,89.85430573597318,360,90,HIGH,VIDEO_RECORDING,2025-11-18T15:41:33.014295
2025-11-18 15:41:32.918246,359,1108,HandType.Right,0.6986616849899292,-10.20007038116455,347.18572998046875,-66.9345474243164,-0.9592363834381104,-0.1040208488702774,0.2627646028995514,1.408066749572754,39.062564849853516,3.2862603664398193,0.0,0.0,61.261940002441406,0,1,1,1,1,-72.76515197753906,363.60052490234375,-60.4802360534668,-57.171836853027344,401.7628173828125,-110.5169677734375,raise,26,2025-11-18T15:41:32.918246,my_hand_data\videos\raise_seq26_20251118_154128_918386.avi,89.85430573597318,360,90,HIGH,VIDEO_RECORDING,2025-11-18T15:41:33.014295
2025-11-18 15:41:32.928311,360,1108,HandType.Right,0.6986616849899292,-10.20007038116455,347.18572998046875,-66.9345474243164,-0.9592363834381104,-0.1040208488702774,0.2627646028995514,1.408066749572754,39.062564849853516,3.2862603664398193,0.0,0.0,61.261940002441406,0,1,1,1,1,-72.76515197753906,363.60052490234375,-60.4802360534668,-57.171836853027344,401.7628173828125,-110.5169677734375,raise,26,2025-11-18T15:41:32.928311,my_hand_data\videos\raise_seq26_20251118_154128_918386.avi,89.85430573597318,360,90,HIGH,VIDEO_RECORDING,2025-11-18T15:41:33.014295
