j0_x,j0_y,j0_z,j1_x,j1_y,j1_z,j2_x,j2_y,j2_z,j3_x,j3_y,j3_z,j4_x,j4_y,j4_z,j5_x,j5_y,j5_z,j6_x,j6_y,j6_z,j7_x,j7_y,j7_z,j8_x,j8_y,j8_z,j9_x,j9_y,j9_z,j10_x,j10_y,j10_z,j11_x,j11_y,j11_z,j12_x,j12_y,j12_z,j13_x,j13_y,j13_z,j14_x,j14_y,j14_z,j15_x,j15_y,j15_z,j16_x,j16_y,j16_z,j17_x,j17_y,j17_z,j18_x,j18_y,j18_z,j19_x,j19_y,j19_z,j20_x,j20_y,j20_z
38.7483,60.7295,359.059,45.1482,54.274,348.5247,50.7658,-5.312,390.2054,39.7074,5.8857,402.5474,31.5138,20.1815,406.73,22.6,33.2,413.3763,8.0201,15.2732,372.6378,-4.8454,-2.3912,398.6849,-14.8165,-17.0263,422.9004,20.7859,-33.9602,412.1468,4.9519,-49.0907,423.7352,-12.2144,-52.0509,428.2688,15.0754,-19.4374,433.5475,-8.6263,-28.6104,442.6625,-28.1508,-32.3132,444.9173,-2.464,7.2818,431.7702,-18.8478,1.0617,443.8444,-39.5568,-2.4153,443.6275,-5.2321,26.73,434.5427,-21.6407,22.9156,447.0215,-36.2603,19.0736,437.2488
38.4881,60.0333,357.3846,43.1003,53.8522,345.8035,47.7321,-8.8764,382.7225,39.1345,2.2746,396.9259,32.7754,16.8609,402.9094,25.8525,30.058,411.3367,5.058,14.8996,368.5296,-5.0899,-0.587,397.046,-13.1394,-13.5947,422.8531,19.0689,-38.1904,405.7525,3.8392,-53.766,417.9891,-12.7835,-56.5987,424.2868,15.9752,-23.9785,428.2854,-4.7661,-34.8786,441.7013,-23.8358,-38.4632,446.5489,1.0666,3.5909,431.1337,-14.6043,-2.9672,445.0826,-35.3704,-5.3249,447.1351,-0.0003,24.6251,435.1091,-15.225,21.4257,449.1086,-31.1407,19.3125,440.9707
36.7919,59.4981,356.5978,39.0086,53.8783,344.0635,39.7411,-12.0573,375.2291,34.618,-1.2711,391.2731,31.1137,13.3836,399.1444,27.1782,26.5122,409.4041,-0.0695,14.5974,364.3347,-6.9774,1.0214,394.7316,-12.4614,-10.5029,421.8815,11.4013,-42.1309,397.639,-3.6435,-58.0962,409.5358,-19.8788,-60.3135,416.9855,12.9122,-29.7652,421.7025,-4.5638,-42.9889,437.4734,-22.7174,-46.8077,444.9476,3.3494,-2.0039,430.2096,-10.3129,-9.5758,445.4962,-30.6715,-11.082,450.4214,4.2732,20.8643,435.8656,-9.152,17.554,451.3754,-26.1968,17.4307,445.5908
34.2483,59.4131,355.7269,33.7432,55.0777,342.5151,28.8348,-13.5788,366.6299,27.7985,-4.1835,384.2553,27.7589,9.7689,393.9675,27.4082,21.9948,405.9472,-6.9498,16.7456,361.3759,-11.0855,3.0407,392.2154,-14.2029,-8.7078,419.6426,-1.6154,-40.6267,389.2732,-17.4137,-54.6598,401.021,-33.2122,-54.3879,409.6427,10.1743,-36.6738,413.2858,-7.3254,-49.6507,429.2344,-24.2709,-53.7596,439.0308,2.2923,-7.7394,426.3039,-10.5114,-16.542,442.5615,-30.0909,-17.1646,450.1282,6.6823,14.7995,433.9591,-5.5502,10.5528,450.4917,-23.1107,12.8238,447.2558
32.9762,60.5404,354.7128,29.9702,58.2912,341.3147,17.484,-11.775,357.2569,20.4017,-4.9979,375.8461,23.9356,7.2562,387.0866,27.2006,17.5324,400.385,-13.2391,22.1452,358.8483,-15.023,5.1576,388.2462,-16.5047,-9.7903,414.2148,-15.4218,-35.0744,380.2812,-32.324,-47.0421,392.1077,-46.8494,-44.5469,402.4414,-0.1166,-38.5393,401.5943,-14.9663,-54.9106,417.1014,-30.5542,-59.951,428.5736,0.5018,-13.1708,419.5691,-11.4577,-23.5957,436.1466,-29.8221,-23.5659,446.3323,7.7995,7.6365,428.8482,-3.8043,1.7177,445.872,-21.2231,6.2533,445.7567
32.237,61.1927,354.0218,27.618,60.9975,340.8981,6.8731,-8.2423,350.6366,12.5718,-4.2096,369.3786,18.929,6.0225,381.374,24.9433,14.0941,395.2228,-18.3029,27.9677,357.6703,-19.1428,7.1001,384.5001,-20.709,-11.5202,407.9699,-27.5441,-28.6862,373.526,-44.8787,-38.983,385.0546,-58.0841,-35.1798,396.68,-10.7932,-37.9089,392.3444,-27.3054,-53.2946,407.1643,-42.248,-58.9535,419.1932,-5.7538,-15.2727,412.1884,-18.268,-26.0694,427.8114,-35.6985,-25.5606,439.5125,4.9689,2.7383,422.9666,-7.0861,-4.1151,439.7106,-23.8413,2.11,441.835
29.6291,63.0569,353.0921,24.0473,64.3141,340.4088,-5.426,-1.9345,348.2694,2.1871,0.1039,366.6511,10.8101,8.6047,378.5833,18.9315,14.9,392.2772,-24.1751,35.2099,357.9744,-26.6452,12.022,382.7175,-30.2276,-8.5519,404.2554,-41.2636,-19.5952,371.1739,-59.2439,-28.4559,382.6655,-71.25,-23.382,395.0796,-27.5011,-27.4129,390.6119,-44.5849,-43.2472,404.3999,-59.5869,-47.8416,416.8028,-14.939,-12.9298,408.8228,-28.2585,-24.0693,424.4652,-44.7449,-23.5473,437.4624,-2.2035,2.9082,419.5406,-15.257,-4.4983,436.3792,-31.1212,2.9018,440.5705
24.0189,65.4846,352.9093,18.1936,67.2168,340.3926,-18.1581,4.7438,350.1403,-9.7616,6.1225,368.24,0.1403,13.741,379.7687,9.3579,19.2427,393.1057,-32.3156,43.8607,359.9967,-37.0478,20.5936,384.3328,-43.388,0.2149,405.4162,-55.2814,-7.8705,374.2843,-73.8981,-14.1963,386.3921,-85.316,-7.5319,398.6076,-42.5595,-16.146,393.6481,-61.4712,-28.9862,408.2988,-76.616,-32.2516,420.9467,-26.7125,-7.3702,409.7182,-40.8092,-18.4528,425.4405,-56.6278,-18.0224,439.2458,-13.2644,7.4285,419.7454,-27.4614,0.0144,436.4635,-42.8628,7.6097,441.8585
16.211,71.443,355.3447,10.2386,73.4711,342.9423,-31.6661,15.0188,355.0525,-22.6835,15.9532,372.8974,-11.7836,22.8157,383.9924,-1.7184,27.6752,396.961,-41.7559,56.0757,364.7362,-49.2242,33.3327,388.8811,-57.8346,13.7061,409.8731,-69.0077,2.391,378.7621,-87.4621,0.4866,392.3565,-98.6635,7.9204,404.3259,-57.1859,-2.4885,399.5001,-77.2673,-13.2222,414.9836,-92.1205,-15.7238,428.1413,-39.7772,3.3533,414.5252,-54.7555,-7.0603,430.8622,-70.2949,-7.2433,444.9864,-25.0298,16.5708,423.7931,-39.8661,9.5034,440.8701,-54.829,16.9176,447.589
7.041,82.1325,360.4968,0.8725,84.3924,348.2312,-45.3954,29.9764,362.9797,-35.8084,30.5296,380.5235,-24.0261,36.6804,391.1227,-13.1844,40.9469,403.6672,-51.825,70.4741,370.82,-63.0577,48.5095,394.2162,-74.8861,29.8338,414.497,-83.4585,19.1411,387.0252,-102.8643,13.6169,399.2844,-115.0415,20.1769,410.8032,-71.9479,14.4965,406.7223,-93.085,5.1192,422.0453,-108.0534,2.8578,435.1156,-52.6146,16.0666,421.1599,-68.3475,4.7223,437.6901,-83.6019,2.639,451.9717,-37.6148,28.1834,429.6738,-53.5512,19.8574,446.6384,-68.4139,26.4097,454.3952
-4.432,92.9009,365.5971,-10.3212,94.8471,353.1419,-60.7149,45.1269,370.6836,-51.2405,46.0525,388.2728,-39.0996,51.9463,398.6103,-28.0546,56.1583,410.9948,-63.0829,88.1655,378.6872,-76.8801,68.0879,402.4049,-90.753,51.3316,423.0633,-97.2426,37.1457,397.9689,-115.8417,33.0819,411.862,-126.8757,39.3371,424.6339,-86.1638,32.521,417.5976,-106.7036,24.5625,434.8448,-120.4311,20.8579,448.9101,-66.7618,33.0768,430.2324,-81.7916,22.8243,447.4139,-95.6583,21.3934,463.1195,-52.9078,43.7626,436.6979,-69.0888,35.6924,453.4322,-84.1459,40.65,461.959
-14.7611,103.017,369.6508,-21.3029,105.5192,357.6281,-74.3894,60.1174,378.6005,-63.6907,60.1474,395.4984,-50.4184,64.9432,404.9771,-38.2372,68.1441,416.5737,-73.1128,103.1371,385.754,-85.9894,83.1784,410.0818,-99.1604,66.7175,431.4258,-107.7783,47.9042,408.3871,-124.8779,41.6494,423.6417,-134.8269,45.6967,438.0861,-94.2432,43.2515,427.3877,-112.0073,33.4277,445.929,-123.8258,26.6001,460.5478,-74.744,46.0644,440.0277,-88.3572,35.4994,459.6429,-99.97,30.0991,476.2856,-60.7206,55.9138,445.3029,-75.6808,47.7759,464.4189,-89.7486,49.4856,475.5172
-17.5172,105.312,372.4813,-23.9398,106.9751,360.2508,-77.2443,63.1123,383.7885,-66.7121,64.3138,400.7481,-53.5319,69.7579,410.0026,-41.4641,73.757,421.4693,-77.6218,105.0861,384.6574,-90.2954,89.4043,412.0336,-100.5143,75.1593,436.3781,-108.9494,47.1823,413.2411,-124.9182,39.1589,428.0754,-135.1848,43.2491,442.2834,-96.3122,43.933,431.8051,-113.6731,31.9794,450.0204,-124.3244,22.626,464.1294,-77.6074,51.3724,445.4498,-91.0634,41.0966,465.2616,-100.3001,30.8184,481.0743,-62.7477,62.3316,450.964,-76.7431,54.8187,470.3587,-90.0166,53.0928,482.3934
-15.3816,100.2183,372.1988,-21.7958,101.4116,359.9091,-76.0068,59.9844,385.6831,-65.4084,61.7956,402.547,-52.0872,67.3986,411.4998,-39.9049,71.6943,422.7358,-77.6978,101.7411,378.7732,-93.0895,92.7377,407.722,-101.5934,83.4608,434.9548,-109.4159,45.3206,415.0819,-127.0043,37.6008,430.559,-138.0729,40.9903,444.343,-96.6703,42.2296,432.9577,-115.2253,30.6165,451.0075,-125.9292,21.9944,465.5363,-76.7536,49.1488,446.6405,-90.5553,38.9375,466.3029,-99.2475,27.5974,481.6927,-62.539,59.9703,451.5991,-77.6148,52.1614,470.8237,-90.99,49.9224,482.6597
-14.7637,91.5436,368.8309,-21.2444,92.9411,356.5977,-76.959,54.1048,383.1862,-66.1196,55.5531,399.9317,-52.4741,60.62,408.7139,-40.0006,64.4454,419.7994,-79.0653,97.5663,367.3844,-96.5878,96.0343,396.481,-105.2523,93.6598,425.1042,-112.7327,44.5255,411.8569,-131.5439,39.4884,426.9331,-143.2984,44.7511,439.5082,-101.019,39.576,429.4107,-122.1938,29.8822,447.2966,-135.6287,25.9505,461.5811,-77.5986,43.2564,444.096,-91.7148,33.5007,463.9754,-101.3486,23.3951,479.6618,-60.982,51.9186,449.3484,-74.8819,43.6197,468.9241,-87.2451,41.4983,481.8335
-13.406,84.5384,365.5562,-20.3905,88.1061,354.0631,-75.5608,45.7762,376.0576,-63.9749,44.1834,392.2819,-49.8712,47.5124,401.1703,-36.8591,49.2294,412.1634,-79.2881,91.2252,355.5976,-101.0589,90.6584,381.7072,-115.1709,89.6494,408.1616,-111.8459,33.1746,401.3674,-129.8745,30.0626,415.3061,-141.6082,35.7478,427.7158,-100.9571,32.0703,419.6453,-122.7123,24.9447,435.7421,-137.3124,24.3015,449.3958,-80.3729,30.7576,432.6696,-97.6668,21.258,450.529,-111.0447,14.329,465.1584,-59.8224,33.834,438.9457,-75.1096,23.5849,456.7752,-88.688,22.5741,468.5483
-11.601,78.995,360.3184,-18.5886,83.0732,348.9983,-67.6792,30.7443,362.0799,-56.6199,28.6081,378.6065,-43.5194,32.6569,388.6555,-31.3397,34.6828,400.5156,-77.3338,79.5472,344.8066,-104.4514,76.3549,365.0661,-125.2861,73.4912,386.4603,-102.0036,8.7498,383.3891,-119.9246,3.9742,396.9916,-132.7116,7.3503,409.202,-91.7009,6.918,401.1423,-112.4025,1.2551,417.5245,-127.5205,-0.556,430.4924,-79.984,19.2944,413.4756,-99.8305,12.0217,426.9842,-117.0082,12.1521,439.0635,-59.3447,18.395,419.9467,-77.5354,7.8152,432.5682,-93.6543,9.936,440.2938
-10.7978,72.9876,352.708,-17.7869,77.3775,341.506,-60.4532,18.4528,346.6836,-49.8747,15.9153,363.4662,-37.7874,20.415,374.541,-26.4325,22.6155,387.1637,-76.3385,70.4769,339.2488,-107.5956,65.8634,351.8072,-132.1949,61.7736,368.485,-91.9515,-10.3137,364.5405,-107.9475,-24.9224,373.6089,-121.2988,-25.5467,385.6651,-82.2696,-12.4038,383.9832,-101.3988,-29.1263,396.0985,-116.3197,-34.6613,408.2117,-70.0119,-2.7021,396.3924,-86.7823,-14.7328,407.7644,-103.0448,-14.5559,421.0497,-50.9287,1.8164,404.8248,-66.1563,-11.1129,415.8034,-82.1369,-10.1504,424.0309
-8.3625,67.4807,348.3713,-17.5205,74.106,340.2572,-61.7447,16.3268,345.2698,-47.6336,10.3614,358.1263,-32.9413,12.3596,366.4417,-18.7472,11.8223,375.9993,-76.3458,69.3608,343.9517,-110.3967,66.614,346.0903,-138.1644,66.4417,357.4448,-91.6852,-20.9249,350.1246,-108.4172,-41.7426,352.8377,-122.0716,-47.2123,363.2126,-73.4066,-30.2967,368.7129,-89.5184,-55.7137,375.331,-102.9003,-65.8881,386.1663,-57.6475,-24.4358,380.4956,-71.3689,-44.8712,388.3009,-85.5605,-50.4098,402.755,-32.371,-17.795,395.0716,-41.2178,-37.0275,407.4565,-53.3406,-41.2447,420.076
-7.8258,61.2622,343.9898,-17.3733,68.6506,337.0717,-64.3426,13.5237,345.6886,-49.326,6.3632,356.7895,-33.7234,7.2403,363.482,-18.64,5.583,371.4101,-76.3712,68.418,343.9516,-110.8238,68.2821,347.9692,-138.9862,72.4021,357.4512,-94.9335,-25.4476,346.3133,-113.1229,-48.62,346.6848,-126.755,-57.0095,354.9178,-73.2213,-37.7479,362.3604,-88.6908,-66.3049,365.9669,-100.5022,-80.1907,374.1933,-54.2163,-34.7043,373.0734,-66.197,-59.2261,378.6808,-78.543,-72.4029,389.4022,-28.9677,-28.1177,387.3414,-35.885,-50.6898,398.0118,-45.2323,-60.9054,409.5126
-10.0576,55.7558,343.2733,-19.6953,63.2654,336.6158,-68.4404,10.9356,350.9281,-53.0658,3.5846,361.3964,-37.0335,4.0185,367.0335,-21.5522,2.0067,374.0613,-78.5409,67.4881,345.6682,-113.224,69.9769,351.0036,-141.2871,78.2985,357.577,-99.3014,-28.386,352.6083,-117.9604,-52.1603,353.6242,-131.1598,-62.0775,360.7954,-77.4587,-40.6995,367.4914,-93.4409,-69.7143,371.4848,-103.7081,-85.4759,378.2786,-59.3905,-36.8396,377.6791,-72.5229,-60.8395,383.9323,-83.6463,-77.2685,390.8137,-31.6473,-30.7262,390.9662,-38.3024,-52.305,402.1105,-46.04,-64.3525,413.0186
-17.0638,55.4719,346.472,-26.503,62.0577,338.6533,-72.6642,6.7809,350.1836,-57.9127,0.8847,362.3338,-42.5765,2.6515,369.4526,-27.7534,1.9821,377.9929,-85.3665,65.1207,344.9004,-119.6001,66.9021,348.5336,-147.811,76.9415,350.3662,-100.8945,-33.9267,352.1247,-117.6983,-58.1574,353.2801,-130.7248,-68.5234,360.1251,-79.6882,-43.86,369.0873,-93.6844,-72.6199,373.4282,-104.5621,-87.3338,381.5014,-61.8459,-39.5566,380.4314,-73.1212,-64.2542,386.8555,-83.435,-81.2467,393.629,-37.7284,-30.1791,395.9042,-44.2912,-51.3386,407.6884,-52.2645,-63.3382,418.479
-22.0448,54.415,344.0123,-31.1721,60.0827,335.1708,-76.2621,4.2088,347.9901,-62.1273,-0.2719,361.4115,-47.3274,2.5412,369.2886,-33.0543,3.011,378.7314,-89.9778,62.2047,339.4593,-123.8098,64.6515,341.7848,-152.1769,74.3557,342.8497,-103.2757,-36.588,353.5761,-119.1576,-60.5733,356.8602,-132.187,-70.3103,364.5689,-84.6803,-43.7783,372.316,-99.1702,-71.7303,379.322,-110.9259,-84.7922,388.8713,-67.3887,-37.805,384.7694,-79.1101,-61.3786,393.8145,-90.0195,-77.1183,402.4312,-44.5393,-27.9323,397.9849,-52.114,-48.3399,410.6829,-60.8755,-59.5249,421.7342
-27.7249,53.3319,339.137,-36.1843,57.7886,329.0287,-80.8028,1.9609,343.5818,-67.7867,-0.6946,358.5327,-53.8071,3.3797,367.306,-40.43,5.2601,377.824,-95.1383,56.844,331.1595,-128.6664,62.3971,332.1725,-157.2457,71.4914,332.8935,-108.1364,-36.8398,355.0248,-123.9377,-59.2703,361.6399,-136.9201,-67.9581,370.583,-91.3541,-42.0036,374.2654,-106.4486,-68.4612,384.3419,-119.002,-79.7558,395.0584,-75.0005,-34.3948,386.8432,-87.3191,-56.351,398.199,-99.2913,-70.0418,408.698,-54.7484,-22.9995,399.4828,-64.2442,-41.7408,413.8465,-74.3213,-51.4889,425.1348
-33.504,54.0487,335.7936,-41.0647,57.4635,324.6232,-85.0621,1.0519,338.8109,-73.5061,-0.055,355.0969,-60.601,5.1603,364.857,-48.3959,8.2847,376.4493,-99.941,61.5714,325.7909,-133.9057,63.9411,326.4645,-162.5117,72.9425,325.646,-113.1443,-35.5974,354.7908,-129.4027,-56.8157,364.0424,-142.2125,-64.9546,373.7205,-97.283,-39.734,374.175,-112.4869,-65.1062,386.3742,-125.4248,-75.037,397.9496,-82.1957,-32.1789,384.6648,-94.7207,-53.8358,396.1535,-107.926,-65.6056,407.4715,-63.5264,-19.3067,398.5611,-73.5884,-37.6554,413.2658,-84.4179,-47.043,424.156
-40.6952,58.614,334.6176,-48.1288,61.2181,323.1475,-93.6876,7.5065,342.0891,-82.2115,7.5502,358.4689,-69.1962,13.2685,367.7911,-56.9427,17.0878,379.1214,-107.1021,60.9146,324.8946,-139.6892,70.5374,323.6757,-168.1964,79.7982,322.4214,-121.0984,-27.1472,362.5277,-136.8536,-47.0653,374.2754,-149.4428,-54.2787,384.928,-105.186,-30.2008,382.3115,-119.9512,-54.4625,397.6345,-132.4743,-63.6754,410.2161,-91.0385,-21.7804,390.6905,-103.5778,-41.9013,403.8366,-117.6756,-51.6507,415.9692,-71.3336,-7.8453,404.6039,-80.8996,-24.4189,421.5427,-91.3548,-33.2534,433.232
-43.6207,67.2702,337.3409,-50.5527,68.354,325.3253,-93.7504,13.6741,346.852,-83.2215,15.9223,363.7069,-71.1121,23.2843,373.0964,-59.758,28.8873,384.6203,-109.3356,63.3412,324.6613,-141.3288,74.5831,322.2005,-170.2894,82.1919,320.3588,-118.9249,-21.8913,367.9821,-133.2385,-42.113,379.9963,-146.3506,-47.7949,390.941,-103.5079,-20.6869,391.2202,-116.4986,-44.1301,408.8388,-128.8068,-52.6235,422.1193,-91.181,-11.1291,398.8312,-102.8028,-31.0577,413.7341,-117.1009,-39.9177,426.3063,-74.5152,7.4032,412.7054,-84.2823,-6.8161,431.2938,-94.5092,-14.7731,443.7876
-44.7516,74.2687,337.4979,-51.2701,74.4066,325.206,-93.3315,19.5221,348.3979,-83.5127,23.1175,365.4468,-72.0162,31.4429,374.802,-61.2923,38.1087,386.3637,-110.0921,70.319,323.1392,-142.7378,78.281,317.956,-171.6939,84.7899,313.5769,-116.9104,-15.8101,371.4434,-130.2584,-35.8116,384.4894,-143.3193,-40.5069,395.9509,-102.3809,-12.8112,395.022,-114.5074,-35.9027,414.03,-126.6108,-44.0017,427.7382,-90.1268,-2.5375,402.478,-100.6114,-22.2094,418.5001,-114.725,-30.7237,431.5122,-74.8441,17.7269,415.854,-83.8159,4.2333,435.3778,-93.5239,-3.4597,448.4381
-49.0409,76.338,334.3724,-55.6152,76.109,322.1115,-96.585,20.9697,346.616,-86.7568,25.0867,363.541,-75.3698,33.8045,372.6698,-64.7157,40.8948,384.0421,-113.8018,66.9179,318.819,-145.7507,73.517,309.2419,-174.2739,78.4259,301.3472,-119.4459,-13.8724,371.0594,-132.3794,-33.5842,384.8882,-145.4496,-37.2947,396.695,-104.2626,-10.4912,394.644,-115.5702,-33.4723,414.7346,-127.6553,-40.9752,428.7936,-92.2209,0.4822,401.9134,-101.9802,-18.8164,418.8498,-116.2349,-26.5849,432.171,-76.5202,21.21,414.8514,-84.3601,8.1366,435.3131,-93.3605,0.9383,449.1398
-52.2961,71.9787,330.75,-58.7028,71.5007,318.4078,-98.7636,15.6751,342.8611,-89.2509,20.1513,359.875,-78.1793,29.1959,369.0736,-67.8339,36.6161,380.5201,-116.8568,62.0468,315.2889,-148.0706,66.0238,302.4092,-175.4367,69.8303,290.7213,-123.1398,-16.8166,368.6216,-136.7998,-35.0245,383.0575,-150.4345,-37.2825,394.5899,-109.0506,-12.5937,392.0062,-121.6854,-33.4893,412.5101,-135.003,-39.0748,426.3464,-95.9301,-1.605,399.6779,-105.9806,-19.0444,417.0061,-121.4704,-24.4722,430.1059,-79.963,18.8355,412.1736,-87.9806,7.0822,433.097,-97.5005,1.2721,447.2254
-56.7982,69.096,327.2707,-62.9186,69.0599,314.775,-101.5047,10.6792,335.3213,-92.5215,14.5618,352.7634,-81.9742,23.4738,362.6796,-72.1434,30.6199,374.7377,-121.2315,60.1352,313.7932,-152.5329,65.7699,301.7735,-180.1251,70.789,291.1209,-127.9488,-19.5928,360.8545,-142.4364,-36.1776,374.843,-156.48,-36.9936,386.0728,-114.363,-16.2357,384.6139,-128.0631,-35.5534,404.5921,-142.439,-39.7403,417.8511,-100.7014,-5.3207,393.5336,-110.9367,-21.0583,410.3969,-127.5287,-24.2629,422.8643,-84.4069,14.9037,407.1508,-92.4508,4.5949,428.4115,-103.1605,0.436,442.2682
-60.674,68.4309,324.8825,-66.7176,69.0341,312.3639,-104.7529,9.157,329.3162,-95.9211,12.1457,347.0099,-85.5376,20.599,357.4848,-75.8632,27.1601,369.9935,-125.0306,60.0619,312.6686,-156.7564,68.9808,304.3067,-185.2372,75.638,297.6338,-134.0961,-18.8376,353.8526,-149.997,-34.0076,367.1486,-164.2188,-32.3948,378.0638,-119.4634,-16.7316,378.5237,-133.9468,-34.4972,397.9112,-149.2205,-36.8296,410.6107,-105.7064,-5.9955,388.5105,-116.3804,-20.0702,404.9302,-133.8877,-20.3902,416.523,-90.3456,14.4452,402.6702,-99.8064,6.1391,424.0166,-112.5251,4.5668,436.6563
-61.4144,70.3512,323.9066,-67.6189,71.5831,311.5135,-107.2952,12.3729,326.9821,-98.1132,14.4597,344.6268,-87.312,22.2097,355.2227,-77.2501,28.0204,367.7965,-126.2056,65.3135,314.5625,-158.2354,76.3714,311.7672,-186.9292,84.8782,309.6941,-139.5539,-12.8672,349.6969,-156.5182,-26.1405,361.6422,-169.7537,-21.5502,372.9449,-122.3709,-12.8722,376.6653,-137.1937,-29.5736,396.2427,-152.6294,-30.1332,408.948,-108.7575,-0.0313,387.8329,-119.6751,-11.3538,404.4343,-137.3336,-7.2165,415.0202,-95.888,22.3725,400.6388,-108.1681,18.6513,422.2776,-123.062,21.9193,431.8427
-61.7629,73.5831,323.4756,-67.9068,74.8995,311.061,-108.885,16.6142,326.6481,-99.707,18.5723,344.3097,-88.7701,26.13,354.9052,-78.6191,31.7725,367.4841,-126.8392,72.0819,311.2499,-158.1817,83.6219,317.6121,-186.4914,92.2618,322.5022,-141.5937,-7.731,349.7305,-158.8119,-20.5466,361.8814,-171.2687,-15.5376,373.8704,-125.3632,-5.6675,377.3447,-140.9004,-20.347,397.3505,-156.5639,-18.4792,409.6455,-111.0012,8.7348,389.107,-121.8875,0.2165,405.8554,-139.0732,8.2537,414.8584,-99.3285,31.9952,399.3766,-112.9003,32.1411,420.2774,-128.2227,38.9732,426.8002
-59.6816,76.9156,324.2364,-65.7856,78.056,311.7848,-108.2684,21.2952,328.8953,-99.0478,23.4896,346.5068,-87.9214,31.0437,356.9058,-77.6309,36.7577,369.3382,-124.7122,77.7311,314.7102,-155.2332,90.1407,323.1049,-182.8414,99.7661,329.8234,-141.0664,-2.5123,352.8429,-158.5403,-15.1963,365.6014,-170.7682,-11.0218,378.1335,-125.7229,2.6324,380.6176,-141.7133,-9.8705,401.0654,-157.3858,-5.5358,412.7094,-110.784,17.8229,392.35,-121.8628,11.4164,409.5255,-138.4151,21.8738,417.1189,-99.793,42.7346,399.7522,-114.3556,46.662,419.7371,-129.5378,55.4814,423.7015
-57.3854,78.4071,324.8508,-63.7744,79.8656,312.5766,-107.9146,24.6397,330.4954,-98.1463,26.3591,347.8627,-86.464,33.4124,358.0005,-75.6322,38.6445,370.1827,-122.0711,80.9222,321.5977,-152.1442,94.0211,330.5434,-179.0292,104.8761,338.2484,-140.606,0.4798,354.3654,-158.0842,-12.4372,367.1273,-169.6136,-9.453,380.6243,-124.9766,5.9768,382.2408,-141.1036,-6.2745,402.9046,-156.2187,-1.1034,414.9377,-108.8933,21.2309,394.3255,-119.9154,15.2447,412.1762,-135.8142,26.5562,419.94,-97.4095,47.2486,400.0083,-111.627,52.8659,419.4802,-126.4044,62.6653,422.5787
-57.0145,75.899,324.1554,-63.7567,77.9779,312.1628,-109.1817,23.7231,329.8354,-98.7819,24.5356,346.8995,-86.5256,30.8494,356.8454,-75.1142,35.3056,368.8049,-121.195,79.8348,325.5194,-151.4146,92.2652,334.9139,-177.8124,103.8169,343.2636,-143.1267,0.322,353.1886,-161.5064,-12.3486,365.8333,-172.3253,-10.1622,380.0519,-127.3137,4.3412,379.9204,-144.4312,-7.7744,399.7311,-159.0549,-1.2912,411.7359,-108.8404,19.6649,393.5719,-119.8142,14.1647,411.633,-135.0111,26.2816,419.5851,-96.9909,45.4034,398.1264,-111.2897,52.0035,417.2912,-125.365,62.9387,419.8029
-58.3864,70.9595,323.1802,-65.3672,73.8416,311.494,-112.3449,20.5481,327.9933,-101.4617,20.1812,344.7689,-88.7064,25.5674,354.6325,-76.8115,29.0371,366.4471,-121.8446,76.8669,328.2912,-152.4588,88.506,337.4184,-178.596,100.9974,345.2164,-147.9037,-1.1864,349.9427,-166.8763,-12.783,361.6539,-177.7941,-10.455,375.7742,-131.5824,1.9422,376.49,-149.1738,-8.7099,395.0161,-163.0336,-0.4397,406.8275,-111.5953,15.9748,391.0917,-122.6068,11.36,408.6314,-136.8638,25.0537,415.7179,-97.2319,41.233,395.478,-110.3754,49.0828,414.1637,-123.3505,61.4649,415.691
-59.2863,67.6349,322.8412,-66.4982,71.3014,311.521,-114.4764,18.4837,326.6115,-103.1571,16.9617,343.0297,-89.9943,21.4914,352.7879,-77.6918,24.0297,364.4204,-122.3726,73.0797,330.386,-152.8812,85.6774,338.5424,-178.9389,99.0548,345.0262,-151.5219,-0.7819,347.4787,-170.8308,-10.8237,358.3551,-181.8775,-7.9347,372.27,-133.2817,-2.8164,373.2015,-152.3156,-8.2136,391.575,-165.524,1.5158,403.0151,-110.902,8.1214,389.1212,-124.6184,10.5225,404.8404,-137.9514,25.5832,410.8741,-96.8865,39.1282,392.2465,-108.9977,48.6549,409.8038,-120.709,62.3209,410.0995
-58.0498,66.2063,323.2045,-65.5016,70.3059,312.1923,-114.0819,18.0426,327.2865,-102.3397,15.874,343.3307,-88.8209,19.8929,352.8223,-76.1491,21.8888,364.1603,-120.6046,69.96,333.2764,-151.1012,83.1594,340.469,-177.0394,97.3321,345.6015,-151.9421,0.4776,347.7202,-171.4352,-8.5662,358.2409,-182.4885,-5.0586,372.0076,-132.2797,-5.1948,372.8045,-151.654,-7.312,391.4902,-164.0888,3.2222,403.0835,-109.831,6.6228,389.1331,-123.7466,10.805,404.2944,-136.2739,26.819,409.5498,-94.4015,39.2102,391.1146,-105.8476,50.0724,408.0176,-116.4261,64.614,407.2203
-55.8224,63.0187,323.8155,-63.1629,67.0789,312.7144,-112.559,15.7193,328.2564,-100.9241,13.5946,344.3845,-87.3935,17.5446,353.8882,-74.7474,19.5083,365.2605,-118.2005,69.4123,333.8431,-149.3376,80.5072,341.8045,-175.1972,95.0542,346.2388,-151.5662,1.0326,348.6514,-171.569,-6.4988,359.1099,-182.6255,-2.0421,372.5966,-131.8212,-6.7588,373.3693,-151.5206,-6.5513,391.8324,-163.5141,4.856,403.0587,-108.3772,5.0993,390.5051,-122.3811,11.3372,404.857,-134.4714,27.8613,409.5237,-92.0543,38.7807,391.1069,-102.7772,50.7212,407.1206,-112.3534,65.8512,405.2827
-53.8695,60.4074,324.4446,-61.1527,64.3557,313.2656,-110.3736,12.821,328.7839,-98.8431,10.8643,345.0079,-85.4031,14.9503,354.5824,-72.85,17.0572,366.0318,-116.8701,66.1015,332.5921,-148.2906,76.226,340.7312,-174.6927,89.3954,346.1627,-150.0822,0.7646,348.658,-169.9521,-5.2684,358.6029,-180.8548,1.2473,371.3574,-131.4871,-9.2197,372.211,-152.1248,-7.2451,389.508,-164.192,5.0254,399.697,-107.5901,3.9924,390.9645,-121.7992,9.5301,405.4018,-133.9887,26.155,409.4053,-90.1714,36.8995,391.1117,-100.797,49.0714,406.4965,-109.4615,64.5598,403.4906
-52.9188,57.9532,323.6089,-60.0483,61.671,312.2532,-109.392,10.3399,328.0538,-98.0915,8.719,344.4755,-84.7975,13.0162,354.1607,-72.4136,15.3688,365.7458,-116.957,62.0793,327.8172,-148.1312,73.3234,335.4158,-174.898,85.302,341.7446,-149.9406,-2.8877,345.2827,-169.8855,-4.7558,356.5837,-180.7927,3.3972,368.3549,-131.9316,-11.2529,370.2627,-153.2697,-7.7564,386.4325,-165.4591,5.1752,395.608,-108.8269,3.1324,389.6698,-123.4366,7.0533,404.2364,-136.0539,23.5046,407.5768,-90.597,35.0401,390.7311,-101.8822,47.2488,406.2378,-110.1653,62.9235,403.1242
-54.3095,54.9783,321.4714,-61.1763,58.6487,309.9397,-110.7751,7.2594,324.7192,-99.8625,5.709,341.4079,-86.8098,10.0617,351.3919,-74.7078,12.4733,363.2593,-119.3663,60.4949,319.5059,-150.4888,70.7296,328.5967,-177.2419,81.2643,337.1577,-152.1369,-5.255,340.4857,-172.3708,-5.6483,351.4144,-183.1771,3.5177,362.5144,-135.0984,-12.8548,366.3642,-156.9486,-9.1772,381.7928,-169.2763,3.9702,390.4631,-112.9512,3.4261,386.1567,-126.9798,4.1664,401.766,-139.7995,20.4928,404.9449,-94.4597,30.2833,388.8816,-106.875,41.478,404.9868,-115.4317,57.2291,403.3483
-60.1092,51.8504,317.6928,-66.5773,55.6424,305.9716,-115.6989,3.0059,317.6247,-105.4391,1.2963,334.7073,-92.8886,5.6757,345.3047,-81.3251,8.0552,357.7037,-125.2922,58.718,310.8811,-156.5009,66.8002,321.6836,-182.6517,75.6735,333.4052,-157.6598,-9.4319,331.7874,-177.9009,-8.3948,342.6604,-187.9901,1.7324,353.5988,-141.5349,-18.2269,357.6187,-163.9885,-15.8151,372.418,-176.6325,-3.0347,381.181,-119.3844,-4.6877,378.8691,-134.1673,-4.4274,393.7821,-147.4118,11.4984,397.2391,-101.8589,23.1207,384.665,-114.8492,32.6516,401.7216,-124.1004,48.0796,401.0936
-65.7239,49.0675,314.4408,-71.9834,53.1302,302.697,-120.5775,-0.5215,311.6098,-110.6778,-2.6161,328.8612,-98.4325,1.6075,339.8709,-87.1849,3.7628,352.5971,-130.8274,56.2605,305.626,-161.8339,63.4382,317.5876,-187.3469,71.3638,331.2357,-162.379,-15.4231,323.7168,-181.9689,-12.3487,335.3693,-191.7314,-2.0135,346.4091,-146.8412,-24.2111,349.7147,-169.5679,-22.0162,364.1257,-182.7383,-10.1277,373.3562,-126.1292,-9.4287,372.2298,-140.6996,-11.5789,387.1991,-154.0387,4.2058,390.9293,-108.7471,16.6799,379.7693,-122.3476,24.8275,396.9084,-131.8376,40.1206,396.6606
-70.5978,47.6232,311.6566,-76.6574,51.9484,299.9018,-123.3877,-3.8115,305.0455,-113.9319,-6.2716,322.4965,-102.1916,-2.0692,334.0509,-91.419,-0.0423,347.2021,-135.602,54.3785,300.6981,-166.2643,58.8408,314.695,-190.5075,63.7595,331.6676,-164.4891,-20.9225,316.6165,-183.688,-17.2867,328.7483,-193.3298,-6.8654,339.8133,-149.5102,-30.0335,341.9531,-172.5017,-29.1027,356.0783,-186.4965,-18.4806,365.6343,-128.5437,-16.9925,365.9705,-144.0304,-17.4714,380.1456,-157.7066,-1.9748,383.8628,-113.0018,11.8273,375.0336,-126.6986,19.36,392.696,-136.4433,34.4939,392.6286
-75.504,46.8371,310.6667,-81.3355,51.322,298.8564,-125.1714,-6.9583,299.9332,-116.2678,-9.6402,317.64,-105.2174,-5.3124,329.8121,-95.0768,-3.2715,343.4543,-140.2857,53.1571,297.2718,-170.9042,53.9092,312.0345,-193.2825,54.3405,332.0102,-164.9305,-27.714,310.1515,-183.436,-22.0712,322.5896,-192.7912,-10.8333,333.0868,-150.3939,-36.8085,335.1411,-173.6664,-33.8766,348.5127,-187.9462,-22.9944,357.3255,-131.0352,-23.6325,360.3705,-147.6338,-22.8014,373.2078,-161.5132,-7.2797,375.9354,-118.2786,7.4505,369.7427,-132.6997,14.1148,386.0822,-142.7249,29.0414,385.2507
-81.0139,46.4777,310.2514,-86.4778,50.869,298.232,-127.1253,-9.6514,296.1353,-118.9898,-12.191,314.2285,-108.8117,-7.515,327.0168,-99.4919,-5.1978,341.1901,-145.4439,51.2729,296.2733,-175.8832,49.0997,311.2643,-196.0925,45.8734,333.2,-165.5745,-33.0852,305.5437,-183.7428,-25.983,317.7286,-192.9037,-13.9388,327.4762,-151.893,-41.7268,330.1665,-175.3534,-37.7743,342.9331,-189.6638,-26.5225,351.2162,-133.4474,-29.0301,356.4477,-150.7275,-27.5563,368.2895,-164.4063,-11.6997,369.8578,-123.2125,4.4514,366.5473,-137.539,10.2793,381.8623,-147.7629,24.9797,380.0269
-85.6639,46.3458,310.7032,-91.0443,50.9949,298.7433,-129.6235,-10.6912,293.6643,-121.7483,-13.6266,311.8127,-111.971,-9.0948,324.9607,-102.9995,-6.9975,339.3906,-149.9926,50.0939,296.4437,-179.9826,45.9479,311.9165,-198.8401,40.4713,334.597,-167.0711,-36.003,302.208,-184.7821,-27.9183,314.4538,-193.8413,-15.6675,324.0376,-154.391,-44.1933,326.2741,-178.1679,-41.1275,338.6942,-192.6705,-30.1051,346.9515,-136.5181,-32.3327,353.1288,-154.1007,-31.2063,364.5561,-167.6502,-15.2203,365.9193,-127.2527,1.8806,364.481,-141.8794,7.2347,379.6125,-152.1987,21.8414,377.5737
-91.6213,47.1522,310.753,-96.6149,51.8939,298.6624,-133.3765,-10.6123,290.8589,-126.1919,-13.6973,309.2672,-117.0884,-9.1773,322.8942,-108.7814,-7.1348,337.7243,-155.4609,49.4599,295.166,-185.1776,43.9039,310.7239,-203.7629,37.2195,333.305,-170.2472,-37.1595,298.0557,-188.0991,-29.1327,310.1339,-197.3256,-16.9728,319.6737,-158.4553,-45.4312,321.9572,-182.6343,-42.4897,333.6072,-197.4744,-31.6378,341.4817,-141.5328,-34.0164,349.7549,-159.4688,-33.0892,360.638,-172.5133,-16.6447,361.2859,-134.5815,-0.0783,361.5359,-149.9901,4.1361,375.757,-160.1098,18.7808,373.0875
-97.4686,48.5653,309.6911,-101.7928,53.0769,297.2593,-136.8953,-10.1796,287.9986,-130.8022,-12.9229,306.8493,-122.6345,-8.0818,320.9508,-115.2919,-5.7186,336.2352,-160.5047,49.4032,292.7404,-190.4424,42.9696,307.5169,-209.3761,35.5106,329.5595,-173.5602,-37.3547,293.7605,-192.188,-29.9325,305.0262,-201.8543,-17.7816,314.1321,-162.7176,-45.374,318.568,-187.3892,-42.2529,329.0833,-202.682,-31.4159,336.0609,-147.4994,-33.5063,346.8609,-165.8629,-32.7136,357.0173,-178.498,-15.9461,356.5624,-141.8413,1.0675,358.9776,-157.5355,5.079,372.4214,-167.4261,19.6709,368.7809
-102.8865,50.2547,308.6962,-106.6809,54.5561,296.0193,-139.9364,-9.5268,285.6858,-134.7324,-11.9626,304.8427,-127.3806,-6.8155,319.2808,-120.8592,-4.1524,334.8849,-165.2123,49.3619,290.7191,-195.5654,42.2753,304.301,-215.0166,34.3163,325.7091,-176.521,-36.9826,290.5591,-195.7104,-30.634,301.5348,-206.0299,-19.1039,310.7305,-165.9197,-45.2897,316.0521,-190.9183,-43.2505,326.0478,-206.7355,-32.9684,332.6883,-151.6619,-33.2659,344.7129,-170.2103,-32.9322,354.5539,-182.8501,-16.1921,353.5529,-147.836,2.0254,356.9205,-163.5841,5.6318,369.7841,-173.5957,20.002,365.6292
-109.0341,52.4619,308.2351,-112.763,56.9268,295.5954,-145.2406,-7.3281,283.94,-140.1789,-10.0173,303.1011,-133.0093,-5.0263,317.6849,-126.6537,-2.5464,333.3874,-171.1778,50.3991,290.4869,-201.2736,42.4447,304.1606,-221.2925,33.9013,324.8065,-181.4673,-35.3965,287.913,-200.9484,-30.8501,299.2629,-211.3266,-20.0462,309.2413,-170.5487,-44.5567,312.7812,-195.4366,-44.7881,323.2474,-211.5119,-35.6324,330.8473,-157.3885,-33.1653,341.1338,-175.4676,-35.6669,351.5207,-188.6337,-19.3191,352.1575,-154.1111,-0.3935,356.042,-170.3853,0.8826,369.4695,-180.928,15.1476,366.4098
-112.341,54.0752,308.4241,-115.9475,58.4961,295.7335,-148.341,-5.7872,284.0008,-143.4631,-8.4094,303.2187,-136.4304,-3.3689,317.852,-130.2234,-0.835,333.6052,-174.3245,50.2167,293.5934,-206.7028,43.1588,301.1982,-227.9819,34.5098,320.4956,-185.2348,-33.0521,287.3874,-205.4784,-31.2756,298.1596,-216.0753,-21.2086,308.6649,-174.5693,-42.4709,312.2305,-199.2592,-46.5635,322.3627,-215.6754,-38.5399,330.4948,-162.9376,-30.5257,340.1202,-179.1194,-38.3021,351.014,-193.5678,-23.3636,354.028,-158.5963,-4.9151,356.2777,-176.1406,-7.438,370.297,-188.655,5.3759,368.5102
-115.9395,56.1663,308.8278,-119.7348,60.2306,296.0732,-153.1355,-3.9679,287.0027,-147.9215,-6.045,306.1991,-140.5471,-0.6362,320.5296,-134.0077,2.3133,336.0746,-177.7079,52.1524,288.6666,-209.8568,44.6691,296.8184,-231.0115,36.2709,316.3619,-188.4666,-33.276,289.9601,-208.9292,-33.9325,300.4411,-220.4481,-25.2477,311.2063,-178.3221,-40.6844,315.4137,-202.4581,-46.6712,325.9309,-218.7272,-39.085,334.7495,-167.861,-27.7658,342.591,-181.2598,-41.0742,353.4133,-197.6536,-29.4523,359.5105,-160.5949,-9.1671,358.5915,-177.1331,-16.3084,372.5978,-192.3966,-6.7694,372.4122
-117.2625,56.9763,309.7541,-121.9331,60.9785,297.2733,-158.292,-2.0384,292.1519,-151.6107,-4.0064,310.8999,-142.8998,1.3453,324.4822,-135.0117,4.291,339.3889,-179.7814,53.9123,288.0731,-212.704,47.3156,293.4196,-233.581,39.1099,313.3399,-192.0026,-33.1398,295.6594,-212.2635,-37.2437,305.7418,-224.5537,-30.389,316.9652,-183.5502,-35.7936,324.2581,-205.735,-46.946,334.8627,-222.4509,-41.7001,344.5094,-169.3238,-27.4386,347.1233,-182.9757,-42.3097,358.8208,-200.5937,-35.6412,368.1018,-158.2642,-12.1494,363.2097,-172.9976,-22.5664,378.303,-189.699,-16.9376,381.9608
-117.3755,58.3616,312.3841,-122.6968,62.313,300.15,-161.45,0.5472,298.5664,-153.6515,-1.3357,316.8868,-143.909,3.935,329.7827,-134.9847,6.8534,344.0987,-180.2901,56.0759,288.9646,-213.8113,50.6198,290.5629,-234.6039,42.9093,310.7673,-193.759,-32.0372,301.7882,-213.8376,-39.1278,310.4817,-227.1885,-33.8536,321.3415,-187.8787,-30.3926,332.1713,-207.8966,-47.3865,341.1105,-225.2361,-44.789,350.7332,-170.2809,-26.3781,351.9065,-184.4677,-42.685,363.8081,-202.572,-40.8631,374.292,-154.8055,-12.5928,369.8786,-167.7322,-25.2751,386.6918,-184.1108,-23.7261,393.9951
-116.9205,62.5017,315.7295,-122.0289,66.2974,303.3562,-162.9618,5.9334,303.2307,-155.3374,4.2855,321.6468,-145.4838,9.5632,334.4551,-136.54,12.5598,348.7428,-179.8529,60.7771,293.0164,-213.4465,56.9191,289.4685,-234.1839,48.6535,309.5094,-197.7822,-23.2934,310.5253,-215.24,-37.9469,314.1826,-229.4334,-34.1991,324.599,-188.1269,-27.9506,336.4032,-207.9468,-47.4361,345.3229,-225.4323,-47.9973,355.0152,-170.7209,-23.0183,355.8975,-184.7111,-41.0799,367.7841,-202.595,-42.3995,378.7123,-155.4575,-8.5054,374.4417,-167.9449,-22.4105,391.4053,-183.5552,-23.9604,400.2324
-117.2615,67.7993,317.8022,-122.1393,71.2692,305.2416,-164.2419,11.7308,306.6147,-156.8824,10.5645,325.1748,-147.0885,16.085,337.9264,-138.2673,19.394,352.2214,-178.9189,66.9223,289.8084,-212.5575,62.5749,287.4547,-232.6703,54.223,308.0878,-198.1907,-19.1083,313.9162,-215.6411,-34.9602,317.6693,-230.6565,-32.4931,327.2844,-188.2775,-23.4295,340.0565,-207.4671,-44.2076,349.1527,-224.9473,-46.6293,358.5644,-171.0989,-17.6629,359.6479,-184.6066,-36.6486,371.868,-202.1973,-40.145,382.7925,-157.111,-1.2057,378.7741,-169.6707,-14.9358,396.472,-184.6179,-18.224,405.9466
-117.9804,73.6637,318.5349,-122.2134,76.3053,305.5462,-165.6591,17.84,309.2365,-159.1636,17.8833,328.1523,-149.8276,24.1265,340.914,-141.5815,28.295,355.327,-176.885,71.68,283.8522,-210.4523,68.1227,279.7802,-234.9741,63.9915,296.5615,-198.1848,-15.398,316.7742,-215.548,-33.1414,320.7981,-231.3834,-32.4382,329.3272,-188.496,-18.5693,343.8323,-206.866,-41.3985,353.6523,-224.0877,-46.1195,362.6591,-172.6359,-11.2175,362.3377,-185.7207,-31.4938,374.6281,-203.0306,-36.6073,385.3621,-160.431,6.3344,381.3702,-173.1559,-8.4908,398.9516,-187.7709,-13.3133,408.2869
-119.0555,79.1083,318.0613,-123.0921,81.3707,304.9391,-168.7267,24.7624,310.6245,-162.3716,25.3398,329.5792,-152.9008,31.7495,342.1577,-144.6089,36.1958,356.4611,-174.0746,77.1349,275.5479,-207.7735,76.2648,271.1176,-236.4289,77.1468,279.9547,-200.2352,-9.8553,318.694,-217.396,-28.7095,323.089,-233.4741,-29.5516,331.1379,-190.7187,-12.0742,345.8722,-208.6587,-35.7524,356.1835,-225.4636,-41.8686,365.1383,-175.3479,-4.21,363.3726,-188.3338,-25.013,375.6457,-205.3045,-31.1976,386.3576,-163.6604,14.5244,382.1783,-176.409,0.0226,399.3875,-190.6141,-5.7891,408.7917
-120.4978,84.0214,317.61,-124.5462,86.4265,304.5169,-171.8341,31.2133,310.4068,-165.346,31.567,329.3218,-155.6073,37.6668,341.8498,-147.0956,41.8369,356.1071,-174.8964,82.9954,273.9541,-208.2365,83.4262,267.3023,-238.0358,85.5401,270.0476,-202.7995,-4.5601,317.8002,-219.9839,-24.4126,321.9032,-236.0897,-26.8009,329.5778,-193.9201,-6.0252,345.3708,-212.1035,-29.9475,355.5837,-228.7027,-36.9328,364.2828,-178.8299,1.2309,362.1836,-192.4581,-20.1515,374.1166,-208.8374,-28.3976,384.3498,-165.8745,18.9282,380.5781,-178.3475,3.7121,396.8319,-191.792,-3.3582,406.4888
-122.5405,87.4606,316.8958,-126.6916,90.0159,303.8635,-174.9001,35.6288,309.9722,-168.1946,35.7532,328.8142,-158.2071,41.6021,341.2657,-149.4618,45.5335,355.4492,-177.5136,84.6021,274.3878,-210.7203,87.766,267.8073,-240.0377,90.6253,262.1225,-205.5479,-0.9326,316.3693,-222.7502,-21.4542,319.96,-238.9803,-24.7131,327.0282,-195.9618,-2.4769,345.5438,-213.7616,-26.9838,356.2682,-229.9774,-35.01,364.7906,-182.0604,5.4051,361.6139,-196.1336,-15.9508,373.6191,-211.6229,-26.2751,383.3398,-168.8185,21.7474,378.5886,-181.6732,5.9513,393.9553,-194.8968,-1.8442,403.3556
-123.0596,87.9485,316.3425,-127.0684,89.5787,303.1184,-173.8904,34.3529,311.9011,-167.4936,35.8257,330.7932,-157.8677,42.707,342.9994,-149.4597,47.7475,357.0353,-182.6782,78.3366,286.9268,-211.6947,83.0178,269.8352,-238.0748,85.4834,255.7635,-204.0373,-2.846,319.548,-221.2233,-24.0522,323.9074,-237.5559,-28.007,330.3576,-193.8059,-2.9398,349.4655,-210.8213,-28.0082,361.5402,-226.2569,-37.1773,370.3532,-181.2374,6.6069,364.4149,-195.1074,-14.8187,377.1251,-209.9168,-26.0954,386.8472,-168.5277,23.107,379.8845,-181.2813,6.6262,395.1671,-194.594,-1.4064,404.2362
-117.7102,82.5675,318.8535,-121.972,83.5892,305.6476,-167.19,27.5643,317.304,-160.5313,29.9194,336.0154,-150.8936,37.5043,347.7875,-142.3956,43.2892,361.478,-178.6879,74.8804,291.9196,-208.5696,73.335,275.7734,-229.9038,75.4599,254.7892,-198.0067,-9.0125,325.8506,-215.6478,-29.9511,330.7431,-231.8754,-34.5743,337.0113,-186.8099,-7.9068,356.2498,-203.7429,-32.2807,369.2881,-218.1659,-42.4914,378.6539,-173.6128,2.262,370.8946,-187.0108,-18.5211,384.5212,-200.8212,-30.7436,394.5653,-160.5913,19.1782,385.4433,-172.7307,3.0924,401.432,-185.4484,-5.2817,411.0306
-111.2111,74.4533,322.1907,-116.4614,75.9623,309.3938,-160.3374,19.1125,322.1346,-152.3026,20.7795,340.3736,-141.8511,27.9755,351.6866,-132.3809,33.2862,364.9237,-173.6415,66.9179,298.0082,-205.27,63.5511,285.9955,-223.0825,66.5746,262.0461,-191.1775,-17.4724,331.0044,-208.8906,-38.485,336.0988,-224.8366,-43.6692,342.6447,-178.8,-16.4688,360.7741,-195.7533,-40.3005,373.8265,-209.3998,-51.1386,383.6401,-163.4036,-7.5133,374.9642,-175.9743,-28.2126,388.5411,-188.5272,-41.6602,398.6695,-147.0079,9.7714,391.0673,-156.6127,-5.6695,408.2343,-167.3774,-14.5825,419.578
-99.832,62.9626,325.1834,-105.5184,63.8783,312.5173,-146.6192,5.7112,328.2224,-138.1206,8.2414,346.1493,-127.6421,16.1852,356.9241,-118.0089,22.2638,369.7054,-163.2022,54.413,303.1193,-196.675,48.9205,297.6658,-213.8277,51.3002,273.1684,-177.814,-29.5008,339.5194,-195.5148,-49.481,345.9297,-211.2259,-54.5948,353.0718,-163.1125,-28.3967,368.8481,-178.9927,-51.677,383.2712,-191.7615,-62.9389,393.7654,-146.9127,-19.61,381.3694,-158.0767,-40.3472,395.5312,-168.3729,-55.4887,405.8135,-127.8101,0.1959,398.6087,-134.1497,-14.0781,417.3041,-142.4169,-23.0095,430.5662
-85.3959,54.6637,329.4342,-91.3004,54.8398,316.8362,-131.3319,-2.95,336.2568,-122.5776,0.6272,353.8797,-112.0353,9.2605,364.0447,-102.2795,16.1255,376.325,-149.518,44.5223,311.2329,-183.5055,38.4989,307.9617,-200.6052,39.8593,283.3498,-163.5604,-36.3894,349.5666,-181.7932,-55.3073,357.0964,-197.6465,-59.333,364.611,-147.5706,-34.9677,378.1208,-163.4379,-57.5658,393.5107,-175.9636,-68.4632,404.662,-129.8769,-25.6727,390.4168,-140.1391,-45.7658,405.5856,-148.9516,-61.3247,416.5974,-110.4998,-3.2496,407.4539,-115.7999,-15.7418,427.5245,-123.1155,-23.6186,441.9619
-70.1886,48.7378,331.303,-76.1627,48.2609,318.7458,-115.2754,-9.1334,341.0041,-106.4773,-4.6403,358.3939,-96.0024,4.5894,368.0939,-86.2778,12.1381,379.9918,-134.6523,38.0775,316.3636,-168.8293,32.127,314.9716,-186.1327,32.0108,290.4649,-148.3011,-40.4566,356.7728,-166.869,-58.0672,365.6384,-182.7364,-61.0964,373.5788,-131.0059,-38.5794,384.7105,-146.421,-59.9085,401.2493,-158.7304,-70.3061,413.0969,-112.0897,-29.6247,396.1649,-121.272,-49.1533,412.1872,-129.3683,-64.4765,424.0467,-92.6825,-4.178,413.1732,-96.8042,-14.6782,434.5273,-103.6541,-21.2781,449.8087
-57.8009,44.8492,330.639,-64.2553,44.3026,318.3246,-102.4069,-13.0196,342.3651,-92.9488,-8.4295,359.3791,-82.1185,0.86,368.6207,-71.9507,8.4789,380.0959,-122.6901,33.8991,318.6725,-156.7656,27.8324,318.8754,-175.6276,26.6684,295.5759,-135.6512,-43.1625,359.5028,-154.2274,-60.0056,369.0789,-169.9393,-62.4666,377.5098,-116.5293,-41.7517,387.5908,-131.423,-62.7984,405.4096,-143.4331,-72.743,417.9341,-96.5734,-32.6134,398.1048,-104.7511,-51.5506,414.7851,-112.2222,-66.652,427.3204,-76.6674,-6.8666,413.9605,-79.6973,-16.7238,435.7135,-86.0414,-22.8445,451.4071
-50.4766,40.8626,327.288,-56.798,39.9377,314.9272,-94.0552,-17.625,339.7823,-84.8561,-12.503,356.7865,-74.3006,-2.8149,365.9364,-64.3968,5.2357,377.3475,-115.3255,29.664,317.4685,-149.5904,23.6493,318.9564,-169.3169,21.2678,296.4798,-128.4861,-46.224,358.1223,-148.0155,-62.4455,368.5249,-163.6367,-64.772,377.1601,-107.9218,-45.0733,386.0875,-122.4416,-65.5762,404.5323,-134.2699,-75.2708,417.4204,-87.5856,-36.0865,396.3696,-95.141,-55.0085,413.6774,-102.1932,-70.0609,426.5105,-67.4329,-9.4343,411.7784,-69.3884,-18.8831,433.9551,-75.3708,-24.6334,449.9283
-43.9508,36.9827,324.6732,-50.5517,36.1849,312.4505,-88.3162,-20.7082,338.0698,-78.6623,-15.7709,354.8753,-67.7373,-6.2859,363.8016,-57.4453,1.5717,375.0017,-109.0751,24.9314,313.5393,-143.4792,18.3159,314.1794,-163.4319,14.2119,292.1556,-122.9847,-49.1579,356.2505,-142.6673,-65.3097,366.5723,-158.262,-68.0644,375.1289,-102.2418,-48.406,384.1272,-117.2001,-69.1089,402.6839,-129.2087,-78.5446,415.5975,-80.2509,-39.3862,394.636,-87.3448,-58.1506,412.1159,-94.1376,-73.1179,425.1863,-59.5725,-12.005,410.0767,-60.949,-20.7896,432.7713,-66.8588,-25.9365,448.9757
-39.3824,31.7634,321.7948,-45.9481,31.0041,309.5507,-86.2635,-23.6841,336.0686,-76.4929,-18.8291,352.8305,-65.2154,-9.6449,361.6322,-54.6523,-2.0133,372.7357,-104.3016,19.7525,306.9856,-138.4724,13.1637,305.4835,-159.6206,8.1064,284.8153,-121.701,-51.7433,353.6023,-141.8986,-67.7356,363.5957,-157.5325,-71.449,371.707,-99.8481,-52.0243,381.953,-114.7468,-73.2,400.5307,-127.0064,-82.4245,413.3607,-77.5693,-42.9009,392.8601,-84.6738,-62.0261,410.8189,-91.3877,-76.9288,424.0034,-57.2954,-13.1864,408.5032,-58.9989,-20.3873,431.555,-65.2821,-24.6066,447.8865
-36.499,27.0668,318.9318,-42.645,26.0146,306.493,-85.1067,-26.8145,333.4267,-75.8243,-21.5786,350.3507,-64.6571,-12.3328,359.2281,-54.3202,-4.5409,370.4328,-100.7016,16.4257,302.1342,-134.1629,10.8991,299.622,-157.7717,6.7045,281.5935,-120.4265,-55.6129,350.919,-140.8383,-72.2559,361.028,-156.2708,-77.197,368.8654,-97.7117,-56.3657,379.7867,-111.9115,-78.9343,398.8838,-124.6055,-87.7979,411.5447,-75.828,-45.167,391.3872,-82.2618,-64.0778,409.9092,-88.766,-78.6279,423.5836,-58.0601,-14.0968,406.7586,-60.4867,-20.2971,430.3283,-67.3445,-23.7833,446.6015
-35.3375,25.951,316.8163,-40.9972,24.3792,304.2028,-83.9647,-27.8729,331.4579,-75.3794,-21.9232,348.5134,-64.6422,-12.2411,357.4561,-54.8096,-3.9356,368.7454,-99.3328,15.5661,304.7377,-131.7735,10.6814,295.8077,-156.0058,7.0516,278.4982,-118.4646,-57.5963,349.7929,-138.6247,-74.9652,360.507,-153.7502,-80.5821,368.4863,-95.7934,-57.9884,377.5592,-109.0566,-81.4203,396.4305,-122.1618,-90.3342,408.6286,-74.3782,-44.354,391.2256,-80.0582,-63.0889,410.9271,-86.3582,-77.0574,425.2865,-59.5628,-13.2484,405.3369,-62.681,-19.3577,429.3414,-70.0513,-22.5676,445.4466
-35.0931,27.4905,315.9034,-40.0541,25.173,303.112,-81.5274,-28.2931,330.3272,-74.0864,-21.2932,347.5212,-64.3027,-10.7419,356.5738,-55.4628,-1.5292,367.9796,-98.0056,14.1182,303.7558,-129.4511,8.8928,291.929,-153.9416,5.3146,274.9758,-115.2643,-58.5336,348.8229,-134.8578,-76.0965,359.5647,-150.0273,-81.7915,367.4039,-92.6705,-58.5301,376.2532,-104.733,-82.6998,394.9025,-117.739,-92.2101,406.7515,-72.5504,-42.4683,391.1844,-77.3747,-61.0256,411.4287,-83.3391,-74.8471,426.0708,-61.0648,-10.11,404.5676,-64.732,-15.7273,428.5194,-72.8429,-18.8568,444.2807
-34.4766,29.9403,316.719,-39.3775,27.7499,303.8821,-79.4395,-27.3105,330.0111,-72.1806,-20.4633,347.3438,-62.6738,-9.8433,356.6086,-54.0751,-0.6326,368.199,-96.775,14.0972,304.2435,-128.0065,10.2203,291.3764,-153.8593,8.2173,276.2894,-112.2273,-59.8859,346.1177,-131.2764,-78.8117,355.4754,-146.5992,-84.6721,362.8827,-88.2141,-58.5945,376.1155,-98.5686,-83.2199,394.6965,-110.7759,-93.4245,406.8145,-70.333,-41.0483,391.5881,-74.7814,-59.1719,411.9038,-80.4507,-72.8557,426.7905,-59.7584,-9.5221,404.6472,-63.4722,-15.3309,428.4645,-71.5087,-18.697,444.2151
-35.3455,33.2395,318.0442,-40.9438,32.1918,305.3491,-79.2539,-25.4096,328.4519,-71.071,-20.116,345.9166,-61.1088,-10.3033,355.5844,-51.9178,-2.1162,367.4843,-98.0246,17.2749,304.8324,-130.2136,15.0966,294.1028,-157.5915,15.119,281.8371,-112.2963,-58.155,342.7122,-131.2676,-76.9557,350.8998,-146.6719,-82.0858,358.6709,-86.7498,-59.6568,372.4419,-96.8018,-85.0072,389.4478,-108.6908,-95.7456,401.4202,-68.1257,-42.7661,389.3366,-72.1765,-61.5067,408.8215,-78.0204,-75.5478,423.3024,-55.5644,-13.4372,403.2256,-57.9237,-20.7614,426.3489,-65.2231,-25.056,442.232
-36.9161,35.4834,319.8522,-43.0874,35.5031,307.3815,-79.2143,-24.855,326.6447,-70.3136,-21.037,344.1432,-60.0858,-11.951,354.2346,-50.4934,-4.7093,366.427,-100.0691,20.2204,308.0984,-132.988,19.126,299.6633,-161.3915,20.207,290.068,-112.8805,-56.8148,339.9078,-131.8983,-74.8687,347.4,-147.2205,-78.8232,355.9785,-86.958,-61.923,367.5518,-97.5792,-88.0136,382.4894,-109.7635,-98.9858,393.9417,-66.5659,-45.6301,386.3937,-70.2526,-64.7911,404.6899,-76.5183,-79.0731,418.7528,-52.969,-17.5838,401.8881,-54.5787,-25.9555,424.9468,-61.4916,-30.9232,440.8066
-38.1501,36.3883,321.6554,-44.114,36.5154,309.0849,-76.7379,-26.6435,325.3935,-68.3664,-22.9714,343.1821,-58.8798,-13.676,353.7933,-49.9463,-6.3406,366.4225,-100.4425,19.0367,310.6952,-133.4688,18.3268,302.6481,-162.2855,19.0736,294.339,-110.6422,-57.4423,338.7208,-129.2935,-74.3853,346.0523,-144.4673,-77.2154,355.3123,-85.4275,-63.0762,366.5564,-96.1488,-88.2781,381.245,-108.7892,-98.7703,392.6526,-64.7904,-47.3301,386.0984,-68.1541,-66.483,404.4835,-75.1912,-80.204,418.7388,-53.7936,-18.9177,401.9973,-56.3061,-27.1316,425.2302,-64.2663,-31.7861,440.6889
-40.4923,36.9075,323.1943,-45.8345,37.03,310.3472,-75.3849,-28.3493,323.4493,-68.1229,-24.6827,341.72,-59.7355,-15.143,353.018,-51.8808,-7.6467,366.2551,-101.3629,17.1432,311.8006,-134.6445,16.9971,304.8498,-163.9819,17.0832,298.5799,-110.3067,-57.4415,336.1954,-129.0416,-73.049,343.0335,-144.0585,-74.298,352.879,-87.6039,-62.5484,365.644,-99.6069,-85.879,380.3846,-113.4299,-94.8168,391.7442,-67.6331,-45.5821,387.7902,-72.0995,-62.7967,407.4555,-80.8306,-74.4917,422.5549,-60.3632,-18.716,401.4656,-65.8916,-25.9305,424.4143,-76.2533,-29.4644,438.7023
-44.4406,38.0093,323.6702,-49.5959,38.818,310.7717,-77.1853,-28.1892,319.0296,-70.3142,-25.5195,337.6215,-62.4084,-16.4929,349.6638,-54.9965,-9.6501,363.4968,-104.103,16.4935,314.1768,-137.5269,18.8469,308.4056,-167.1995,19.4225,304.0237,-113.3492,-54.9946,330.9737,-132.0825,-68.88,337.1609,-146.5922,-67.2433,347.6866,-92.8588,-61.7685,360.1186,-106.4672,-83.6492,373.6984,-121.6613,-90.9672,384.4497,-76.1363,-43.6694,384.4763,-83.6686,-58.5807,403.5773,-96.3404,-67.5788,417.7004,-68.8081,-19.0592,397.5337,-77.8248,-25.202,419.7545,-91.2711,-27.2606,431.5426
-46.1009,38.2794,322.6447,-50.7023,39.2078,309.5463,-76.7855,-28.6582,315.3093,-70.817,-26.1779,334.2361,-63.7,-17.1864,346.7861,-57.0957,-10.4263,361.0617,-105.0362,16.9197,315.2099,-138.5763,18.1545,309.775,-168.2111,18.9139,305.1704,-113.3904,-54.6455,325.3465,-133.0156,-63.7445,333.1604,-146.4853,-58.9324,344.088,-95.1696,-61.0637,355.9108,-109.5939,-81.727,368.7491,-125.8136,-87.4747,378.9415,-79.8576,-41.8663,381.3449,-88.3436,-54.8284,399.4955,-104.6084,-60.225,411.6335,-75.8029,-17.0991,392.9352,-87.8552,-21.3981,413.4698,-104.0063,-21.1911,421.4132
-46.7065,38.6336,322.1054,-51.4401,39.8237,309.0754,-74.7357,-29.197,312.6516,-68.729,-27.1279,331.6157,-61.884,-18.2918,344.4247,-55.4487,-11.7637,358.8843,-104.0917,14.9633,318.6024,-137.7035,15.5027,313.5071,-167.3767,15.839,309.1042,-110.6558,-56.7682,320.7495,-130.5296,-58.7708,332.1521,-142.2548,-51.1433,343.4809,-94.1297,-61.0723,352.9416,-109.0031,-80.9486,365.429,-125.66,-85.8405,375.3596,-78.6037,-42.0986,378.638,-87.1085,-54.2086,396.0414,-104.8249,-57.9523,406.677,-75.5018,-18.1661,389.4751,-88.2115,-22.2239,408.8636,-105.4314,-20.8006,413.9082
-45.6269,38.4915,322.4428,-50.1191,39.5125,309.3134,-70.3252,-30.5074,312.1886,-64.8415,-28.2361,331.2875,-58.6916,-19.1446,344.2692,-52.8827,-12.3833,358.886,-101.3541,13.0499,321.7919,-135.1145,11.3445,318.1409,-164.8344,10.9824,314.0672,-106.4951,-57.4787,321.1492,-125.9066,-56.9441,333.4743,-136.3837,-47.541,344.6909,-87.5773,-63.4786,352.5019,-105.3108,-78.9489,365.738,-122.4262,-82.6212,375.4114,-75.8306,-42.5042,378.1939,-84.3805,-54.1572,395.1174,-102.7547,-57.2136,404.8151,-73.6034,-18.3262,388.9143,-86.6462,-22.067,407.8157,-104.216,-20.1364,411.2178
-40.9744,37.1572,323.9066,-44.5216,37.2813,310.4528,-60.2332,-33.774,315.3125,-56.3662,-30.2836,334.6222,-51.8244,-20.2212,347.5496,-47.5915,-12.4322,362.1963,-94.379,9.9579,326.222,-127.9408,4.7705,324.5807,-157.6119,2.9935,320.5225,-96.5008,-59.9965,325.9444,-115.8273,-58.2262,338.2876,-125.789,-47.5348,348.7975,-77.7871,-65.794,356.739,-96.9496,-79.1037,370.3276,-114.4318,-81.9694,379.6101,-68.8029,-42.0904,382.4196,-77.222,-52.9346,399.7103,-95.9415,-55.7275,408.8086,-69.1069,-17.3532,391.6526,-82.5615,-20.4305,410.0728,-100.3383,-18.5033,412.1395
-36.5156,35.9325,325.9174,-39.3999,35.4827,312.3129,-51.8891,-36.0908,318.6848,-49.1474,-31.8436,338.0354,-45.7358,-21.1904,350.8366,-42.6073,-12.7713,365.412,-88.1151,6.9918,329.5207,-121.1374,-1.0849,328.9829,-150.5516,-3.9943,323.8507,-87.8635,-62.3229,330.2483,-107.4832,-61.2994,342.2074,-117.6345,-50.3341,352.243,-70.1494,-67.1474,360.873,-89.4531,-80.2299,374.4822,-107.152,-82.8993,383.4056,-62.9333,-42.8829,385.9169,-71.5553,-53.7585,403.5045,-90.4621,-56.7183,412.1516,-64.7367,-17.3636,394.3806,-78.5366,-20.2274,412.4455,-96.4296,-18.6687,413.6328
-33.2711,34.1888,326.8918,-35.4966,33.3387,313.1831,-44.8995,-38.6134,320.5185,-43.261,-33.8668,339.8779,-40.9504,-22.8173,352.5888,-38.8998,-13.9782,367.107,-83.1042,3.6881,331.496,-115.2168,-7.4645,332.1281,-144.0285,-11.5275,324.822,-81.0125,-64.4296,332.576,-101.0043,-64.8829,343.9391,-111.5896,-54.0788,353.6973,-62.6856,-69.7294,363.2351,-82.9302,-81.4813,376.6906,-100.9176,-83.6947,385.1496,-57.7446,-44.2155,387.9541,-66.1246,-54.8928,405.6007,-85.2306,-58.0568,413.7218,-61.2807,-18.5291,395.4428,-75.0252,-21.324,412.8444,-92.9895,-20.2075,413.0415
-27.7295,31.7246,327.4002,-29.0415,30.0431,313.6505,-35.4305,-41.812,324.3911,-35.2473,-35.9778,343.5203,-34.2761,-24.1723,355.7141,-33.5725,-14.4897,369.8159,-76.0663,-0.0911,332.6664,-106.8352,-14.2583,335.5935,-134.5617,-19.5645,325.4405,-70.3115,-69.1053,336.8167,-90.4665,-68.2483,347.864,-101.523,-56.931,356.4473,-54.1928,-71.3053,368.0569,-75.1975,-82.0991,381.1449,-93.5824,-83.9184,388.8055,-51.5934,-44.4031,391.5278,-60.242,-54.5068,409.414,-79.6363,-57.7301,416.7944,-57.2057,-18.0363,397.2429,-71.7085,-20.2126,414.0737,-89.6535,-19.4592,412.8874
-18.7146,28.4093,328.1404,-18.1321,25.4454,314.5581,-21.2417,-45.4816,331.262,-23.9007,-38.0107,349.6227,-25.2676,-25.151,360.6572,-27.0095,-14.2547,373.7471,-66.772,-4.5001,330.3324,-95.0448,-21.9064,339.5015,-121.3024,-29.4796,327.1248,-56.9127,-71.2994,344.5671,-77.8686,-72.7393,353.9361,-89.7792,-61.0469,360.676,-44.27,-71.1299,376.0274,-65.1533,-82.3942,388.9115,-84.0165,-84.1907,395.3112,-44.531,-42.769,397.3777,-54.4192,-51.8127,416.227,-74.0537,-55.5112,422.6931,-52.1783,-16.4072,399.808,-67.5643,-17.7231,415.7394,-85.3409,-17.7585,412.9126
-9.5759,23.732,329.9187,-7.4024,19.8801,316.7263,-7.8042,-49.7598,338.3935,-12.816,-41.2357,355.778,-16.1202,-27.7676,365.6113,-19.8877,-16.1368,377.5963,-54.1684,-12.4204,334.1154,-81.5125,-31.3066,344.2828,-106.756,-42.4669,332.5265,-44.2345,-74.8059,351.1027,-65.7231,-77.9682,358.6685,-78.7693,-66.4809,363.3415,-34.0463,-73.4639,382.6037,-55.9549,-84.1136,394.2483,-75.286,-85.8369,399.0793,-38.0265,-43.345,401.6411,-49.1998,-51.2903,420.018,-68.8783,-55.8489,425.7605,-47.4792,-17.3198,401.1865,-64.3668,-18.0439,415.6251,-81.6812,-18.7499,410.7557
1.4616,17.4531,332.1975,4.5393,12.821,319.4431,4.851,-55.2292,345.6808,-1.4476,-45.757,362.1309,-5.7296,-31.7914,370.8272,-10.5506,-19.5328,381.7631,-39.5014,-19.7179,341.4123,-66.4582,-38.6549,349.8216,-91.3725,-52.9684,341.1959,-30.7876,-81.8922,357.2987,-52.93,-83.6612,363.264,-66.7504,-72.4445,365.944,-23.5282,-77.0128,389.417,-47.205,-85.7794,398.9854,-66.93,-86.9491,402.0766,-30.3378,-45.4562,405.915,-42.9135,-52.4394,423.8461,-62.5233,-57.6701,429.2401,-40.0211,-19.075,402.5081,-57.8241,-18.7984,415.0402,-74.4155,-19.8123,408.1338
12.5237,11.8829,332.404,16.4002,6.9271,319.9937,16.6447,-60.2531,348.3856,9.2483,-50.4178,364.1514,4.2042,-36.2878,372.1452,-1.4676,-23.8061,382.3994,-27.1635,-25.1151,343.5841,-54.1735,-44.1613,351.5653,-78.7115,-59.622,343.8937,-20.9077,-84.4356,359.3869,-43.0701,-87.7885,364.5432,-57.3227,-76.9306,366.2664,-15.2058,-80.3165,390.9294,-39.809,-88.0043,398.9655,-59.7264,-88.5675,400.6925,-22.7534,-48.2362,406.495,-36.7741,-54.4506,424.3605,-56.3248,-60.043,429.6042,-31.7864,-21.7166,401.1396,-49.7959,-20.4755,412.2713,-65.6977,-21.2856,403.8764
20.1725,7.5763,330.7506,24.0179,2.7019,318.2984,22.902,-64.8122,345.8654,15.61,-55.036,361.7164,10.7856,-40.9146,369.8596,5.2928,-28.4571,380.2398,-20.1116,-28.6337,341.7862,-47.2289,-47.1988,350.5033,-72.0676,-62.3582,343.2073,-16.1371,-86.9758,355.9016,-38.1509,-91.4085,360.8757,-52.3438,-80.5272,362.9151,-9.7891,-85.1493,387.3499,-35.0821,-91.4692,394.3729,-55.0298,-91.1806,395.7894,-16.8559,-52.2859,403.9337,-31.2797,-58.2196,421.7142,-50.84,-63.6669,427.0732,-24.9969,-25.2861,398.0025,-42.5624,-23.4471,408.3033,-58.2249,-23.3779,399.4332
26.2413,3.5067,327.2801,29.7344,-1.1619,314.6467,26.3265,-69.3286,340.357,19.6248,-59.7255,356.5702,15.4607,-45.6616,365.1649,10.5921,-33.2965,375.9589,-12.5127,-31.2216,342.7998,-40.8388,-49.3739,347.7116,-66.2809,-64.2372,342.0743,-13.2341,-90.9392,349.5193,-35.5647,-93.5533,354.3678,-49.2964,-82.1968,356.912,-7.1994,-89.1992,381.4854,-32.9402,-94.041,388.0403,-52.854,-92.8006,389.4201,-11.9636,-56.9585,398.8572,-25.8941,-62.6969,415.9716,-45.4993,-67.6692,421.6206,-19.5281,-27.9699,393.1122,-36.8093,-24.9137,402.9538,-52.2205,-23.6764,393.7362
31.1592,0.5401,323.1972,34.1811,-4.0829,310.4262,28.8369,-72.419,335.3449,22.8766,-62.7954,351.8331,19.4403,-48.705,360.7017,15.288,-36.3158,371.7641,-6.6914,-32.9919,341.6465,-35.2728,-50.946,345.74,-60.9088,-66.143,342.2981,-11.5028,-92.5994,344.3702,-33.9341,-94.2107,349.1911,-47.2498,-82.3812,351.79,-4.915,-91.7192,376.3288,-30.9284,-95.3716,382.5709,-50.7698,-93.1651,383.7752,-8.9532,-59.5611,393.652,-23.323,-65.0553,410.328,-43.1757,-69.3097,415.6918,-13.6485,-29.193,390.1201,-32.2021,-25.0032,396.3015,-46.7035,-22.7579,385.8771
33.7703,-1.4169,320.7675,36.5338,-5.9856,307.9186,30.9511,-74.4279,332.4914,25.3599,-64.855,349.1377,22.2077,-50.7904,358.1515,18.3601,-38.4343,369.3601,-0.7274,-33.6236,344.3707,-29.5624,-51.5128,346.4969,-55.2118,-67.0426,345.5324,-9.3897,-94.6682,341.3768,-31.8696,-94.3399,346.2291,-44.8242,-82.1365,348.9228,-2.3094,-93.8974,373.6316,-28.7644,-95.3182,378.8387,-48.4562,-91.9112,379.6287,-6.189,-60.7903,390.4198,-19.8783,-65.611,405.9754,-40.3409,-68.4575,409.7412,-8.5758,-29.467,389.8307,-27.8018,-24.0597,390.89,-41.0553,-21.2544,379.0378
38.9699,-2.2641,319.312,41.0769,-6.6286,306.2692,37.6083,-75.4526,330.1554,32.8301,-66.1688,347.2135,30.0196,-52.2635,356.5807,26.6538,-40.1038,368.1533,7.9906,-34.0392,346.7038,-20.5013,-52.4565,348.9441,-45.7991,-68.5736,349.4545,-2.3958,-95.7199,340.3983,-24.6467,-94.801,346.1473,-37.1699,-82.2963,349.4337,6.6193,-95.8231,372.5633,-19.796,-96.3657,378.1255,-39.3073,-92.066,379.0325,3.9921,-62.2026,390.6362,-10.2059,-66.6655,405.4518,-31.1064,-68.0568,406.946,1.0843,-30.166,389.8889,-18.009,-24.222,389.548,-30.8391,-21.302,377.2654
46.9322,-3.0523,318.1499,48.786,-7.1863,304.994,47.8313,-76.3871,328.0085,43.2904,-67.4611,345.3206,40.3753,-53.7613,354.9548,37.0142,-41.8505,366.7846,17.7694,-34.9397,346.8118,-10.1661,-53.7791,351.3598,-35.2002,-70.2219,353.0697,8.0316,-95.6752,340.6559,-13.8878,-94.9295,347.583,-26.0426,-82.2085,351.3826,19.4631,-97.6666,372.3185,-6.8498,-96.367,378.2295,-25.8719,-90.228,378.9165,20.1052,-65.6373,392.1581,4.4493,-69.8064,405.5188,-16.5302,-69.3111,404.7342,13.756,-32.3531,391.1538,-5.2021,-26.3745,388.9529,-17.6424,-23.3469,376.3008
55.048,-2.7122,317.1859,55.7351,-6.3464,303.7724,55.8719,-76.3809,324.1313,52.9168,-68.0963,342.0933,50.9931,-54.757,352.4548,48.788,-43.2867,364.9721,25.7501,-36.3829,344.7566,-2.3169,-54.2121,351.8531,-27.954,-69.4435,355.1311,17.6191,-97.1482,339.0122,-3.5429,-93.5328,347.2645,-14.8256,-80.2209,351.6794,30.4704,-99.2039,369.2498,4.5394,-95.2119,375.6253,-13.1276,-85.8393,375.8039,32.7653,-67.8826,390.2895,17.437,-71.944,404.0571,-3.3345,-69.5039,402.1621,25.4228,-34.3865,389.4639,6.4719,-28.0817,388.4096,-5.9415,-24.4688,375.8855
63.4929,-1.7905,313.3349,62.9364,-4.6302,299.725,64.458,-75.7412,315.857,63.1991,-68.524,334.4669,62.3112,-55.8149,345.7226,61.3264,-45.0982,359.0377,25.8476,-36.3951,332.8372,3.0763,-54.4536,350.4824,-23.3013,-67.5065,356.3,27.2175,-94.7614,335.0242,7.3525,-90.6527,345.8638,-2.1015,-76.4306,351.5521,41.8831,-98.8476,363.365,17.127,-93.5069,372.7253,1.275,-81.3365,373.4973,46.8761,-69.4306,384.6118,34.1856,-73.9538,400.7206,13.5922,-69.935,399.8484,42.1974,-37.0295,387.2153,23.586,-29.9032,388.8983,10.2146,-25.1287,377.8343
69.0038,-0.1502,309.9259,65.9272,-1.9242,296.4726,66.5556,-74.0599,307.2137,68.9496,-68.2331,326.1957,70.7063,-56.3906,338.2651,72.6246,-46.6858,352.2381,28.6395,-34.3247,329.1467,6.9873,-53.139,348.1198,-19.9175,-64.0448,355.6825,32.3239,-94.8856,329.8075,15.3269,-87.372,343.3593,7.9012,-72.7418,350.7629,51.2371,-100.3286,355.6091,28.4627,-92.2913,367.6808,14.2418,-78.548,370.6625,61.5764,-72.8972,378.0166,49.3038,-77.1167,394.5265,29.1388,-71.3419,395.5397,57.5231,-40.9541,383.2879,39.6438,-33.328,387.997,25.7772,-27.0656,378.3792
74.0272,1.8974,305.6258,69.5438,1.1065,292.4775,68.8457,-71.5755,298.4919,73.3471,-67.0923,317.456,76.7146,-56.1315,330.0067,80.3645,-47.4339,344.2944,33.0029,-31.8833,325.9971,11.5543,-51.2476,345.6723,-15.037,-61.389,355.162,36.3653,-91.4337,324.312,21.2161,-84.5381,340.185,15.5707,-69.8749,348.9668,56.8746,-99.5077,347.2369,36.0031,-91.2538,362.2454,23.1382,-76.7501,367.1582,72.0741,-75.0058,369.4811,61.4141,-79.5463,386.9953,41.9229,-72.0726,389.2835,69.2946,-46.3065,377.4786,53.0473,-40.3699,387.5176,39.3861,-33.3998,378.0947
80.5015,3.37,301.8301,74.3993,3.6055,289.3276,72.4651,-69.2951,290.376,79.4086,-66.2649,308.8856,84.608,-56.2947,321.6355,90.2413,-48.7111,335.9136,40.6082,-30.7482,323.8529,20.9523,-50.7313,343.9359,-3.6565,-61.9866,356.8868,43.1741,-91.3962,318.1172,30.6027,-83.9348,335.8736,26.3409,-69.6438,345.9534,66.0934,-100.9544,337.6665,47.5357,-91.7463,354.982,36.0047,-77.0858,362.2005,85.701,-78.2877,359.729,75.9512,-82.7752,377.779,57.25,-73.7937,381.0346,83.8149,-53.5444,369.9774,70.9451,-51.4173,385.138,56.069,-43.6189,378.6659
88.4288,4.6095,298.6734,80.6423,5.9896,287.2249,76.9975,-66.7032,282.5541,86.543,-65.3511,300.0771,93.7334,-56.5717,312.7349,101.5062,-50.3058,326.643,50.1344,-30.5344,322.538,32.3995,-51.7667,343.0664,12.5314,-65.9265,360.5236,51.1415,-91.3419,311.5438,41.6067,-83.6417,331.0065,38.9927,-69.9494,342.3946,75.2712,-101.4836,327.9407,59.2932,-92.3542,347.6982,49.2658,-77.9261,357.2523,98.764,-82.2349,348.1199,91.0305,-88.0132,366.7694,73.4046,-77.2915,370.69,99.5055,-58.8132,360.5343,89.2916,-58.9295,377.7291,73.6069,-50.8056,374.2662
95.8393,7.5002,298.9998,86.2812,9.4933,289.0864,82.0969,-62.8061,280.448,94.3775,-62.4297,296.2291,103.5208,-54.3673,308.078,113.4493,-48.8838,320.9026,53.9558,-31.9987,315.8163,43.0924,-50.8896,341.9146,31.443,-69.0763,362.7361,58.6443,-91.0833,308.1316,51.3837,-82.6148,328.2454,49.7093,-69.4457,340.4016,85.7139,-101.2423,321.2796,71.5126,-91.9802,342.2923,62.4561,-78.1128,353.5028,112.2385,-82.6383,340.6472,104.2895,-87.9409,359.3473,87.3448,-76.1825,363.2991,112.4837,-58.8043,354.4533,103.9205,-60.2177,372.472,88.0148,-51.9593,370.7968
102.7983,11.9774,300.9669,92.3394,14.4657,292.1339,88.1511,-57.155,279.0086,101.8404,-57.6253,293.5819,111.9578,-50.2185,305.0614,122.9753,-45.4365,317.262,57.8455,-25.1804,318.9547,52.491,-48.6493,342.9659,47.6034,-69.3812,364.0918,67.2514,-87.3712,306.6886,61.982,-78.9855,327.447,61.2688,-66.3023,340.1996,95.0612,-97.746,317.1057,82.4364,-88.7786,339.2235,74.2235,-75.4498,351.6691,122.5341,-79.9231,335.7498,115.3596,-85.7111,354.6184,98.8325,-73.5423,359.0656,127.0006,-56.0837,350.3594,119.2261,-56.6407,368.778,103.361,-48.1378,368.7838
108.4447,16.5118,304.3322,97.1863,19.26,296.6316,92.0563,-51.829,281.16,107.0663,-52.7583,294.3447,118.1963,-45.7242,305.0985,130.301,-41.3338,316.3817,62.4103,-19.9884,323.6722,59.4883,-45.049,346.4631,58.7478,-66.9759,366.9244,72.431,-83.4903,308.1491,68.8759,-74.6803,329.0953,69.0791,-62.2811,342.142,100.6636,-93.5067,316.8742,89.2274,-84.6715,339.681,81.8041,-71.658,352.9303,130.7826,-76.4765,333.9408,123.9649,-81.9641,353.0302,107.8963,-69.4321,358.1047,134.8058,-50.9774,349.724,126.6028,-49.7205,367.921,111.1939,-40.4432,368.6272
112.1754,21.2199,308.1046,100.3853,24.0039,301.2602,94.603,-46.8786,285.0872,110.5114,-47.9,297.1652,122.3301,-40.95,307.2158,135.1744,-36.6443,317.6845,65.9458,-15.2558,328.712,63.803,-41.0455,350.7642,65.23,-63.4984,370.6094,75.6082,-79.1562,311.7959,73.1416,-69.651,332.5941,73.8893,-57.2529,345.6221,104.682,-89.1493,318.9255,94.0954,-80.1676,342.0826,87.2441,-67.1912,355.672,135.0961,-72.069,335.5819,128.6669,-77.6088,354.7906,112.9501,-64.6564,359.9113,140.8374,-43.8986,351.453,130.2681,-38.7718,367.6396,115.1763,-28.966,367.3507
116.3033,23.8511,310.2872,104.2054,26.6832,304.0243,97.6167,-44.093,287.695,114.0765,-45.1974,299.0024,126.3611,-38.316,308.5278,139.688,-34.082,318.4059,70.0481,-12.6675,331.6975,69.1868,-38.6957,353.5559,71.675,-61.3271,373.0912,80.0082,-76.557,315.1181,78.8521,-66.4594,335.7507,80.2634,-54.0272,348.6909,109.2501,-86.3242,321.2351,99.7287,-76.4748,344.5017,93.4659,-63.4457,358.3227,139.9885,-69.6205,336.2824,133.9838,-74.8744,355.7077,118.6048,-61.6134,361.0586,146.1191,-40.7006,352.1673,135.1315,-34.7442,367.7812,120.024,-24.9635,367.4598
119.3044,25.4757,311.4956,107.097,28.3309,305.4598,99.9636,-42.4669,289.456,116.6352,-43.5952,300.4463,129.1239,-36.7288,309.7137,142.6529,-32.5124,319.3208,73.3781,-10.7534,334.0335,72.5674,-36.8364,355.8284,75.7958,-59.4787,375.2424,82.502,-74.5698,317.3934,81.7716,-64.5176,338.0676,83.5869,-52.0012,350.8756,111.7029,-84.5471,322.9766,102.632,-74.8504,346.486,96.7237,-61.713,360.3605,143.4735,-68.0735,337.0561,138.0035,-73.2761,356.6523,122.8515,-59.8163,362.1524,151.4228,-38.4053,352.6879,140.1302,-30.8561,367.3675,125.1948,-20.8578,366.3843
121.0543,26.2733,312.3858,108.6717,29.0978,306.7028,101.0365,-41.793,291.3558,118.031,-42.8626,301.846,130.7954,-35.946,310.6909,144.6089,-31.6777,319.8603,75.0182,-9.9746,335.3698,74.7227,-36.0776,357.1539,78.5177,-58.6872,376.5033,83.4342,-73.5072,319.6466,83.1072,-63.2459,340.2281,85.2692,-50.6259,352.8797,113.1927,-83.7207,324.5661,104.6239,-73.8436,348.1885,99.0763,-60.5827,362.0944,144.8942,-67.3377,338.1095,139.7622,-72.7089,357.7517,124.8003,-59.0996,363.4023,153.4889,-37.3778,353.2317,141.9832,-29.5948,367.6208,127.041,-19.6238,366.4764
122.9533,27.6282,312.921,110.4993,30.3866,307.3631,102.7678,-40.6499,292.7557,119.8894,-41.6043,303.0484,132.7512,-34.5928,311.6746,146.6694,-30.2252,320.6367,78.0317,-8.8338,337.1727,77.9076,-34.8723,359.0355,82.2608,-57.3906,378.374,86.0599,-71.9652,322.0166,86.3299,-61.321,342.4035,88.8059,-48.5342,354.828,115.566,-82.1804,326.3698,107.4109,-71.8923,349.9631,102.082,-58.4791,363.8084,147.6207,-65.7056,339.0039,142.9437,-70.8952,358.8077,128.0705,-57.2681,364.6465,156.3134,-35.0768,353.9301,145.0106,-27.001,368.3187,129.9754,-17.1626,367.2486
125.8118,29.3274,313.9933,113.2064,31.8786,308.6831,105.7698,-39.4735,295.5336,123.1363,-40.0958,305.4339,136.134,-32.8202,313.6269,150.2192,-28.173,322.1779,80.9838,-7.4659,338.5948,81.0741,-33.34,360.652,85.7375,-55.6368,380.174,89.2747,-70.7185,324.9897,89.7041,-59.7056,345.1771,92.2824,-46.6702,357.3192,118.971,-80.5263,329.0353,110.8638,-69.9897,352.5354,105.5623,-56.3996,366.2177,150.9666,-63.6864,341.2543,146.417,-68.8665,361.0903,131.529,-55.2647,366.9503,160.2537,-32.5366,355.4235,148.6201,-24.1569,369.3677,133.4854,-14.469,368.3267
128.1197,31.3632,315.7205,115.3969,33.7564,310.6207,107.9797,-37.8833,299.1284,125.5496,-38.234,308.6768,138.6843,-30.7404,316.4438,152.9244,-25.8631,324.6011,83.0961,-5.1401,341.03,82.6883,-30.7208,363.4233,87.4725,-52.7099,383.2625,91.6839,-68.5502,329.2944,92.2726,-56.9367,349.1383,94.914,-43.5948,360.9288,121.6992,-78.2291,333.0606,113.7589,-67.3001,356.4381,108.5442,-53.4199,369.8599,153.794,-60.9792,344.6096,149.6311,-65.921,364.5908,134.7966,-52.2108,370.3326,162.4264,-29.7111,358.0661,150.9768,-21.2773,372.1295,135.885,-11.5355,370.9746
129.5563,33.1529,317.3513,116.9016,35.488,312.0591,109.4545,-36.3173,301.6729,126.9074,-36.5466,311.4374,139.9652,-28.9527,319.2366,154.1174,-23.9707,327.483,84.8886,-2.8836,343.4246,84.0309,-28.1826,366.1231,89.1914,-49.8849,386.1826,93.5396,-66.0967,332.9123,94.1475,-54.3968,352.7048,96.865,-40.8316,364.22,123.3999,-76.012,336.7194,115.6461,-64.7593,360.0058,110.5105,-50.6618,373.2302,156.1486,-58.5738,347.4623,151.6224,-62.1606,367.6526,136.8247,-48.3537,373.256,164.2558,-26.8617,360.8575,153.3739,-17.8394,375.0061,138.4229,-7.88,373.8759
130.7294,34.3462,318.6962,118.0582,36.5842,313.4014,110.7896,-35.3585,303.8754,128.2616,-35.425,313.6081,141.3132,-27.7041,321.2921,155.4673,-22.5867,329.4519,86.2171,-1.4534,345.3433,85.3814,-26.5854,368.2274,91.3258,-48.0332,388.3435,95.1612,-64.8437,335.5357,95.8737,-52.742,355.0816,98.5768,-39.0249,366.4189,124.7807,-74.4711,339.5366,116.9817,-62.9324,362.6674,111.796,-48.706,375.7334,157.7094,-56.7994,349.9387,153.4939,-60.3217,370.2075,138.662,-46.5164,375.7238,165.3941,-25.2634,362.9078,155.3702,-16.374,377.757,140.5873,-6.1184,377.2198
130.5704,35.1118,319.9754,117.8892,37.2947,314.6814,110.6449,-34.7357,305.8226,128.133,-34.7041,315.5266,141.193,-26.9066,323.1183,155.3577,-21.7074,331.2077,86.1217,-0.4007,347.0987,85.6301,-25.4269,370.1085,92.5732,-46.6446,390.1484,94.9742,-63.6604,337.9752,95.7138,-51.2353,357.316,98.4093,-37.3949,368.5044,124.7814,-73.2715,342.1785,116.9776,-61.5061,365.1932,111.7513,-47.1731,378.1258,157.6499,-55.5737,352.1591,153.2411,-58.6005,372.4667,138.3859,-44.7833,377.8897,164.4438,-23.9997,364.9299,155.4517,-15.7003,380.7496,140.7749,-5.2837,381.0429
129.2652,35.6539,321.5967,116.5733,37.8275,316.3247,109.1452,-34.2473,307.995,126.6618,-34.1861,317.6473,139.7611,-26.3641,325.1456,153.961,-21.1394,333.1566,84.9626,0.2761,349.0609,84.2648,-24.6636,372.159,92.0541,-45.6377,392.1443,93.6969,-63.106,340.314,94.5466,-50.6709,359.6439,97.3385,-36.7606,370.7213,123.1971,-72.7562,344.2807,115.4871,-60.8985,367.2797,110.362,-46.4578,380.1327,156.0525,-55.0589,354.2523,152.0723,-58.4919,374.5838,137.3029,-44.5994,380.0482,163.4201,-23.5428,366.7684,155.0145,-15.4421,383.008,140.4741,-4.9038,384.2418
128.518,35.7872,322.7883,115.7295,37.9029,317.7304,108.3976,-34.2214,309.7516,126.0785,-34.0729,319.0985,139.2797,-26.1848,326.3446,153.5988,-20.8888,334.0922,83.6466,0.365,350.0196,83.7472,-24.5566,373.1476,92.2535,-45.3091,393.0719,92.9427,-63.256,341.9097,93.8021,-50.7316,361.1814,96.5969,-36.7662,372.1886,122.774,-72.7134,345.6501,115.075,-60.869,368.6596,109.9458,-46.4015,381.4807,155.4817,-54.8217,355.558,151.4272,-58.1737,375.8884,136.6576,-44.2954,381.3889,162.9569,-23.7391,367.6973,155.047,-16.1694,384.4344,140.6165,-5.6127,386.5125
127.2369,35.7294,323.6189,114.5516,37.7952,318.288,107.4918,-34.3858,310.5806,124.9772,-34.1548,320.2867,138.0155,-26.2037,327.7556,152.165,-20.84,335.7639,82.8058,0.3204,350.9812,82.8455,-24.4598,374.2608,91.6843,-45.0039,394.2562,92.1412,-62.9952,343.1668,92.7123,-50.7819,362.6479,95.4236,-36.7394,373.5774,121.8335,-72.2984,347.5663,114.095,-60.298,370.4815,108.8876,-45.7753,383.2083,154.4441,-54.4097,357.2603,150.5415,-57.621,377.643,135.72,-43.7763,383.0882,161.8223,-23.1969,369.3225,154.0358,-15.4409,386.0322,139.6783,-4.9092,388.6679
124.3036,35.9314,325.8157,111.5413,37.9501,320.6531,104.4115,-34.2917,313.6083,122.0354,-33.9775,323.0582,135.176,-25.9628,330.2757,149.4368,-20.5307,338.0365,79.3026,0.7899,353.2228,79.2957,-23.7715,376.7332,88.2234,-44.0414,396.9674,89.3361,-62.7216,346.4788,90.135,-49.7407,365.4487,92.7964,-35.5511,376.1992,119.4015,-72.1429,350.3613,111.7816,-59.6071,373.0282,106.6006,-44.9779,385.6434,151.5272,-53.8108,360.161,147.4906,-56.6665,380.5705,132.6697,-42.7845,385.9215,158.8961,-22.7441,371.6612,151.7573,-15.3569,388.8212,137.5493,-4.8036,392.1014
121.2409,35.9751,328.058,108.5072,38.0055,322.8298,101.1052,-34.2595,316.3256,118.6935,-33.9434,325.8415,131.8391,-25.9263,333.0471,146.0921,-20.492,340.8207,75.3604,1.4163,355.1333,75.4686,-22.8733,378.9241,84.1671,-42.9228,399.4754,86.1533,-62.2607,349.6179,86.8234,-49.2784,368.5919,89.4333,-34.9779,379.2071,115.3544,-71.5256,353.867,107.6508,-58.7586,376.3761,102.4841,-44.0021,388.8481,148.3673,-53.4882,363.0997,144.1722,-55.8024,383.5459,129.4058,-41.8152,388.7719,155.275,-22.1507,374.5538,148.4805,-14.7612,391.852,134.445,-4.1527,395.6554
118.8712,35.7411,330.3194,106.0906,37.8737,325.2487,97.9285,-34.34,319.0925,115.6404,-34.1574,328.3797,128.9526,-26.2402,335.3872,143.3552,-20.9141,342.9574,71.6428,2.4245,357.4621,70.609,-21.5041,381.5942,78.3141,-41.4533,402.6337,83.0566,-62.0461,352.6662,83.8368,-48.7841,371.4414,86.4734,-34.4085,381.9481,112.3109,-71.6706,356.4985,104.805,-58.3808,378.7705,99.7775,-43.5317,391.1895,145.0933,-53.6159,365.8182,140.8584,-55.6673,386.2842,126.2439,-41.5037,391.4621,152.3103,-21.9653,376.776,146.3148,-14.823,394.469,132.4671,-4.1617,398.7793
116.5418,34.9853,332.3825,103.7773,37.2916,327.3476,94.5378,-34.8107,321.4121,112.2809,-34.8632,330.6414,125.7305,-27.1235,337.5844,140.2344,-21.9892,345.0935,67.7873,3.2534,359.3963,63.5644,-20.5539,383.2999,69.6738,-40.9325,404.4514,79.506,-61.9273,355.3935,80.5963,-48.5219,374.0511,83.4911,-34.1217,384.4555,108.4261,-71.8248,359.416,101.3135,-58.5869,381.8474,96.6308,-43.6223,394.2624,142.5535,-54.9461,367.2305,138.1768,-56.2791,387.726,123.8497,-41.8547,392.9863,149.4938,-23.1674,378.8258,143.6015,-15.9139,396.5083,130.0313,-5.1578,401.4232
113.7482,34.6235,334.7826,100.8681,37.0843,330.1298,90.6427,-34.8963,324.3356,108.6478,-35.1687,333.0386,122.3825,-27.5961,339.5971,137.1581,-22.6417,346.6856,62.8669,3.702,360.5031,57.1747,-20.1029,384.1023,61.6047,-40.7456,405.4155,75.3968,-62.6792,357.6773,76.6532,-49.2536,376.3099,79.6728,-34.8867,386.725,104.3496,-72.3551,361.4585,97.3494,-58.4885,383.5428,92.8005,-43.4669,395.9388,138.1726,-55.686,369.5575,133.8016,-57.3186,390.0326,119.6856,-42.6785,395.2679,145.6402,-24.2371,380.6047,140.1051,-17.5336,398.6166,126.8249,-6.7545,404.2243
111.8083,34.4802,336.7959,98.8687,37.0881,332.395,87.7122,-34.7708,326.8122,105.8795,-35.2491,335.1622,119.825,-27.8341,341.4503,134.7916,-23.049,348.2483,59.5894,4.5721,362.0742,53.1552,-19.0965,385.6198,56.3375,-39.8546,407.0435,72.1219,-62.2882,360.2148,73.6297,-48.6306,378.6593,76.8286,-34.2561,389.0101,101.0388,-72.3217,363.6436,94.2146,-58.5184,385.8223,89.8705,-43.4464,398.2305,134.9695,-55.6252,372.0166,130.2784,-56.6143,392.462,116.3696,-41.7813,397.7086,143.637,-24.5849,382.0773,138.6838,-18.0464,400.3177,125.6984,-7.255,406.5567
110.773,34.5591,338.0821,97.8663,37.2613,333.6418,86.1073,-34.5196,328.2977,104.2507,-35.1225,336.6912,118.2449,-27.8039,342.9842,133.2365,-23.122,349.7991,57.7828,5.4119,362.9665,51.1626,-18.1285,386.5889,53.2748,-38.9128,408.1192,70.373,-61.6036,361.9858,72.1062,-47.7187,380.2396,75.4384,-33.3329,390.5327,99.5328,-71.8141,365.6821,92.9308,-57.7012,387.733,88.7132,-42.5461,400.0835,133.5883,-55.7149,373.3413,129.0442,-56.5933,393.825,115.2784,-41.6474,399.1281,141.2624,-24.0544,383.8537,137.1476,-18.0805,402.4918,124.3057,-7.2967,409.0335
109.1693,35.3544,339.583,96.3814,38.0823,334.8258,84.4426,-33.6812,329.6494,102.3824,-34.3069,338.4683,116.2571,-27.0072,345.0414,131.1055,-22.345,352.1759,55.7274,6.7729,363.9457,48.7403,-16.6575,387.5718,50.3404,-37.4449,409.1432,68.5593,-60.141,363.761,70.0844,-46.4948,382.2125,73.4079,-32.0732,392.458,97.6184,-70.7615,367.749,91.0004,-56.6627,389.804,86.7832,-41.4329,402.0624,131.6592,-55.1726,375.1327,127.0622,-56.0334,395.6053,113.3402,-41.016,400.8193,140.3645,-23.9047,385.8929,135.4458,-17.2486,404.1001,122.5864,-6.4746,410.6235
108.0037,37.4782,341.7777,95.1472,40.1929,337.2013,83.1433,-31.5846,332.3811,101.2104,-32.1863,340.9378,115.1789,-24.8688,347.2887,130.1295,-20.1872,354.1933,54.0437,8.6926,365.4722,47.3438,-14.8383,389.0817,48.9598,-35.5914,410.6848,66.9358,-58.3802,366.0755,68.4923,-44.4862,384.3385,71.7989,-30.0288,394.5389,96.1203,-68.6552,370.146,89.4149,-54.2128,391.9509,85.1722,-38.9036,404.1012,130.1893,-52.6994,377.8852,125.5151,-53.5058,398.3425,111.7634,-38.4602,403.3942,138.3829,-21.5945,388.1771,133.2809,-15.1059,406.3943,120.3257,-4.3456,412.7486
106.4624,38.7353,343.3543,93.7034,41.4398,338.5069,81.7429,-30.3488,333.7452,99.6323,-30.9273,342.669,113.475,-23.593,349.271,128.2863,-18.893,356.4576,53.205,9.7589,367.4412,46.5208,-13.7556,391.0715,48.3249,-34.5203,412.6486,65.9616,-56.8419,367.8783,67.5475,-42.963,386.1502,70.8564,-28.4666,396.2944,94.9045,-67.0209,372.3994,88.2667,-52.3398,394.0651,84.0096,-36.9676,406.1305,128.381,-51.2518,380.0737,123.8108,-52.1176,400.552,110.0664,-37.0311,405.5005,137.3416,-20.334,390.2352,131.7677,-13.345,408.1261,118.7178,-2.6109,414.3293
105.6247,39.2538,344.7065,92.8795,41.9503,339.8184,80.8888,-29.8462,335.2547,98.7554,-30.4067,344.2253,112.5857,-23.0595,350.8388,127.3816,-18.3453,358.0476,52.3628,10.4374,368.9101,45.7508,-12.9837,392.6533,47.6749,-33.6551,414.3095,64.8808,-55.9505,369.5812,66.3113,-42.1528,387.9272,69.6003,-27.6125,398.0149,94.3798,-66.7739,373.6748,87.7646,-52.1751,395.403,83.5047,-36.7727,407.4288,127.5796,-50.7552,381.5654,122.7804,-51.3515,402.001,109.0124,-36.2549,406.8523,136.1484,-19.1158,391.9231,130.8907,-12.1434,409.916,117.7875,-1.3656,415.9282
104.7854,39.0589,345.7934,92.0562,41.7624,340.8678,80.012,-30.0274,336.3399,97.8534,-30.5957,345.3599,111.6724,-23.2548,352.0043,126.4528,-18.5473,359.2492,51.8887,10.0996,370.2794,44.8754,-13.2842,393.944,46.9831,-33.9589,415.5799,63.7996,-55.9959,370.6735,65.3757,-41.7406,388.6541,68.6361,-27.1792,398.7207,92.9552,-66.8017,374.9257,86.2011,-52.0091,396.4793,81.8925,-36.5759,408.4482,127.0075,-50.8732,382.632,122.2687,-51.3093,403.0857,108.5002,-36.1939,407.8765,134.9887,-18.9997,393.1893,129.5715,-11.8606,411.0691,116.3268,-1.0318,416.6653
103.7669,38.795,346.8162,91.0519,41.5252,341.8688,78.9158,-30.2394,337.1896,96.7375,-30.8488,346.2459,110.5528,-23.5391,352.932,125.3247,-18.8652,360.2161,50.6122,10.082,371.1426,44.289,-13.4243,394.8802,46.8922,-34.1346,416.4279,62.6247,-56.2007,371.4913,64.2001,-41.9229,389.4541,67.4541,-27.3724,399.5386,91.3499,-66.8693,375.9527,84.4972,-52.043,397.4521,80.172,-36.5859,409.384,125.8202,-51.0593,383.6819,120.8502,-51.1282,404.0852,107.1045,-35.9629,408.7827,132.6155,-18.8519,394.4482,127.3856,-12.0262,412.5053,113.9152,-1.1247,417.374
103.0114,38.9353,347.3641,90.3929,41.6793,342.1827,78.2763,-30.072,337.2567,95.9264,-30.7015,346.6416,109.6225,-23.4072,353.5851,124.2612,-18.7498,361.1433,51.2146,9.5489,372.4101,44.7373,-14.1197,395.9439,48.1942,-34.9905,417.215,61.9362,-55.8737,371.6554,63.2613,-41.9967,389.9495,66.4933,-27.448,400.0435,90.713,-66.6703,376.442,83.8682,-52.0576,398.0896,79.5415,-36.5946,410.0134,124.5017,-50.8698,384.5757,119.7799,-51.3977,405.0312,106.0509,-36.1836,409.6188,132.1541,-19.1879,395.2389,125.6618,-11.4989,412.5227,111.909,-0.5192,416.305
102.8514,38.8376,348.76,90.2489,41.6516,343.5771,78.0634,-30.0289,337.8531,95.6895,-30.7792,347.2742,109.3766,-23.5756,354.3291,124.0018,-19.0163,361.9727,50.5056,9.4731,373.0053,45.6942,-14.7323,396.3923,50.0071,-35.8698,417.2394,61.7242,-55.8932,372.2051,63.1136,-41.8931,390.4003,66.3137,-27.3868,400.5654,90.2604,-67.0053,376.7223,83.3728,-52.3133,398.3025,79.032,-36.9161,410.306,124.2774,-51.1764,385.1862,119.4905,-51.6527,405.6278,105.7873,-36.3769,410.0858,132.3819,-19.4677,395.9516,125.0325,-11.0581,412.5428,111.0325,-0.0482,415.1473
103.9671,39.6839,351.2953,91.4598,42.5235,345.9002,79.5187,-29.1224,339.2967,96.9647,-29.9285,349.043,110.5022,-22.7662,356.421,124.9716,-18.2519,364.3814,51.8785,10.226,375.4161,46.3384,-14.2127,398.3957,51.9856,-35.5386,418.7258,62.8362,-55.1,373.3974,63.9929,-41.1654,391.6591,67.0589,-26.6817,401.8974,91.297,-66.3685,378.1806,84.2338,-51.8552,399.8249,79.7978,-36.5427,411.9017,125.0269,-50.6581,387.1957,119.9679,-51.2058,407.5699,106.2625,-35.8656,411.7934,133.698,-18.0741,398.2757,125.5838,-8.7632,414.0068,111.4242,2.2608,415.413
104.8027,41.8741,355.2791,92.3923,44.5249,349.5733,81.7115,-27.2921,342.6762,98.9188,-27.8361,352.8552,112.1574,-20.4712,360.5688,126.3531,-15.74,368.8879,53.5431,11.197,378.9159,47.7743,-13.494,401.567,55.2148,-34.6637,421.479,65.2045,-53.3211,376.8231,65.6748,-39.6025,395.2779,68.3293,-24.9725,405.4227,93.6684,-64.2952,382.0471,86.187,-49.7745,403.5454,81.402,-34.4467,415.4687,126.6835,-48.0838,391.5935,121.203,-48.2914,411.8647,107.3234,-32.9353,415.4068,135.2905,-15.4607,402.7265,125.7545,-5.2758,417.0559,111.3736,5.5475,416.8415
106.1578,43.8555,360.9253,93.7932,46.305,355.0329,84.3589,-25.6773,348.0417,101.4191,-25.9409,358.4763,114.4225,-18.3614,366.3796,128.4156,-13.3996,374.905,53.4903,13.721,383.2281,48.8203,-11.1272,405.9604,57.7859,-31.9449,425.6134,67.4849,-52.1159,381.6909,67.2621,-37.709,399.6183,69.2809,-22.8036,409.5054,95.6377,-62.2722,387.7272,87.5717,-46.7692,408.3087,82.3842,-31.2896,419.8617,128.3671,-45.2861,398.2639,122.4151,-45.1604,418.4024,108.3988,-29.7146,420.8458,137.1976,-12.4611,408.7723,126.3409,-1.3793,421.3946,111.8793,9.0991,419.1437
106.5578,46.6846,367.5913,94.2927,48.9481,361.4231,85.7846,-23.1901,354.8631,102.6259,-23.1779,365.6507,115.3794,-15.3894,373.7555,129.1377,-10.2023,382.5255,53.7608,16.6151,389.5788,48.7982,-8.1848,412.3019,60.9017,-28.0746,431.2201,69.2773,-48.3754,389.6367,68.4528,-32.9562,406.6828,69.9035,-17.4962,415.7868,96.2543,-58.5179,395.9738,87.862,-42.2291,415.8041,82.5355,-26.2473,426.5843,129.0532,-41.5742,406.365,122.5929,-40.4191,426.3133,108.7619,-24.6348,427.0623,136.9809,-7.0617,416.4905,125.3295,5.0924,427.2851,111.0593,15.1348,422.8677
104.9765,48.701,374.745,92.8569,50.8057,368.242,85.0834,-21.4588,362.1804,101.6409,-21.2065,373.3959,114.1204,-13.2373,381.7477,127.6076,-7.8548,390.816,52.1058,19.0145,396.6966,45.5757,-5.4636,419.3721,61.9371,-23.5812,436.8093,69.0874,-45.6274,397.9017,68.0349,-28.5921,413.3189,69.0321,-12.5009,421.3239,94.2255,-55.0206,405.1861,85.738,-36.782,423.1949,80.4133,-20.0609,432.7892,126.6067,-37.9827,415.9202,119.233,-34.6714,435.3023,106.071,-18.3952,433.6149,135.9249,-3.0897,424.4778,123.8607,10.0337,433.5459,109.8206,19.5917,427.5858
102.1149,49.5618,381.3945,90.0681,51.5865,374.7328,82.5667,-20.7405,369.0878,98.9883,-20.3626,380.4978,111.3453,-12.2997,388.9415,124.7083,-6.8155,398.1318,49.2587,20.5071,403.8819,42.2957,-3.5931,426.8317,62.5706,-19.4308,442.2621,67.1455,-43.9199,405.7062,66.3672,-25.6198,419.6167,67.3337,-9.0854,426.6652,90.9748,-52.7596,413.5919,82.6818,-33.0726,430.104,77.5269,-15.7525,438.6739,123.4237,-36.1135,423.9131,115.5094,-30.9617,442.6701,103.0594,-14.4927,438.827,132.7259,-1.3286,431.7563,120.5137,12.6642,439.1767,107.168,21.8958,431.3876
100.5942,50.7947,386.9203,88.5701,52.8308,380.2212,80.6034,-19.4989,375.294,97.0113,-19.1132,386.7234,109.409,-11.0465,395.1034,122.795,-5.5573,404.2574,48.4047,21.8665,410.3701,41.1732,-1.8953,433.5883,64.902,-14.976,446.4661,64.3488,-40.4803,412.8649,64.136,-21.1821,425.3763,65.6953,-4.1524,430.994,88.5261,-50.384,420.7696,81.1301,-29.0664,435.5972,76.6827,-10.9887,442.9059,120.9582,-34.2084,430.6863,112.7559,-27.2576,448.7254,101.2838,-10.7003,442.7885,130.9337,0.8686,437.6859,118.993,15.5104,444.2465,106.0902,24.4501,435.4375
98.6696,50.6395,390.5959,86.7958,52.7314,383.6505,78.5521,-19.5608,378.6294,94.7248,-19.249,390.3915,106.9908,-11.2383,399.0156,120.2155,-5.8096,408.4361,47.815,21.1601,414.7109,39.3821,-2.2285,437.9028,65.2925,-12.8331,448.6822,62.8014,-39.944,416.7403,63.4872,-19.7399,427.7094,65.6296,-2.4023,432.0473,85.5507,-49.7413,424.961,79.0709,-27.521,438.863,75.4626,-8.8621,445.0941,117.8144,-34.1357,434.9955,109.3952,-26.015,452.436,98.7077,-9.4432,445.2144,128.3347,1.5252,441.6819,116.2824,16.7289,446.5384,103.7584,25.5481,437.0846
95.2638,50.253,392.5063,83.4498,52.5085,385.5102,74.4882,-19.6637,380.0153,90.5996,-19.5885,391.8651,102.9009,-11.7561,400.6019,116.1298,-6.5201,410.125,42.9378,21.6923,415.3454,36.0781,-1.9333,438.8139,63.2956,-10.5121,448.0664,57.369,-38.3254,418.4167,58.6701,-17.7577,428.6283,61.5847,-0.2963,431.8846,79.3215,-48.3656,427.2724,74.1065,-24.675,439.1282,71.4161,-5.572,444.4042,112.2216,-34.4701,437.1149,103.1462,-24.3023,453.0915,93.5751,-7.6867,444.529,122.8197,1.3143,443.5745,110.8989,16.9263,447.3372,99.0792,25.9183,437.1667
88.9958,49.6256,392.0805,77.5083,52.1279,384.6388,67.9613,-19.8406,377.6585,83.5677,-20.1373,390.1626,95.5848,-12.5856,399.5201,108.4665,-7.6528,409.661,35.518,21.5798,412.6501,31.8283,-2.469,436.3996,60.1072,-8.6986,444.2417,51.5805,-36.7075,417.1956,53.8203,-15.6907,426.2663,57.3497,1.82,428.4844,72.3105,-47.6566,426.5626,68.4995,-22.7227,436.1946,66.6516,-3.2326,440.2837,104.5776,-35.3832,436.0632,96.5717,-23.2878,451.2489,88.5105,-6.743,441.1351,115.2391,0.6146,442.9894,103.9784,17.0608,444.6387,93.1301,26.202,433.5594
83.6482,49.1628,390.3442,72.2323,51.808,382.8419,62.595,-20.0198,374.6429,78.0894,-20.5487,387.2779,90.0392,-13.1727,396.8591,102.841,-8.4294,407.1898,29.1281,21.431,409.3043,27.29,-2.6489,433.2372,56.1205,-7.0436,440.2718,46.2971,-36.2706,414.4712,48.6905,-14.8405,422.4724,52.311,2.7426,423.7874,67.9009,-46.3053,425.2489,65.1142,-20.2402,431.7175,63.5407,-0.5388,434.7804,96.9769,-34.5511,434.6854,89.5496,-20.5284,448.4403,83.1138,-4.4822,436.5198,108.4457,-0.5962,440.8384,97.4296,16.0916,440.4374,87.9137,24.4256,427.6314
79.4366,47.9077,388.0948,68.0697,50.6684,380.5599,58.4667,-21.0259,371.2302,73.8798,-21.7484,383.9548,85.7697,-14.5201,393.7211,98.5064,-9.9358,404.2031,25.0994,19.4397,406.2371,22.9389,-5.0157,429.7587,51.999,-8.5339,436.3264,42.5786,-38.3945,410.751,44.7135,-17.062,419.0796,48.2614,0.5544,420.1167,62.2874,-47.426,421.5751,59.2183,-21.3844,428.0105,57.6081,-1.6362,430.7339,91.0295,-35.594,431.9863,83.6432,-20.8897,445.0335,78.2532,-5.1732,432.1906,103.0972,-2.6211,438.1209,92.166,14.0764,436.8165,83.5144,21.8325,423.069
74.6692,45.0437,386.0204,63.3352,47.9497,378.4906,53.7943,-23.5494,367.7113,69.1508,-24.5187,380.4879,80.9951,-17.4814,390.4471,93.6837,-13.1013,401.0738,20.7162,15.9455,403.7958,18.5823,-9.0347,426.7617,47.6538,-12.7208,433.1849,38.6199,-40.7294,407.5934,40.732,-19.5209,416.2385,44.2281,-1.8992,417.358,58.4126,-50.6444,418.053,55.1518,-24.8275,425.2538,53.4785,-5.108,428.1424,85.7718,-38.4235,428.8478,78.8918,-24.1659,442.6459,73.8783,-8.4667,429.6306,98.4238,-5.6768,434.9472,87.996,11.3634,434.0027,79.5759,19.1841,420.1485
71.0119,42.0531,384.5661,59.5441,45.273,377.3739,49.9649,-25.6761,363.4528,65.5407,-27.1933,375.9064,77.5402,-20.5918,385.9777,90.4007,-16.6733,396.5778,17.2136,11.9222,401.3917,15.1725,-14.314,422.9207,44.1732,-18.8492,429.1164,34.3968,-44.7843,402.2924,36.4433,-24.0544,412.0436,39.9855,-6.5116,413.9673,54.8111,-55.4056,411.9334,51.6257,-29.9557,420.3688,50.0044,-10.3972,424.2206,82.4774,-44.0073,422.9011,75.4495,-30.5408,437.4014,70.4215,-14.2151,425.187,95.5316,-11.6918,430.8394,84.9217,5.2607,430.6363,76.3854,13.8174,417.2979
68.535,37.1544,383.11,56.8498,41.0183,376.6192,46.1821,-28.4935,357.2893,62.1719,-31.1156,369.0133,74.5734,-25.4308,379.1565,87.831,-22.4682,389.5762,14.0652,6.8185,398.5474,12.4372,-21.0846,417.9063,41.2229,-27.3697,423.5527,30.4174,-51.4064,393.929,33.2441,-31.3902,404.8999,37.1181,-14.2121,408.6288,50.9027,-62.4965,402.138,48.0727,-38.1141,413.3848,46.8463,-18.9687,419.0372,79.5352,-52.7193,413.3138,72.5248,-40.993,429.2621,67.4254,-23.3561,419.0671,92.6441,-20.7371,424.2004,81.8357,-4.0285,426.2005,73.0657,5.9794,414.0791
66.6515,31.7369,380.9064,54.8503,36.1959,375.037,42.9434,-31.5131,350.6845,59.1924,-35.1777,361.7544,71.9055,-30.4062,371.9823,85.4516,-28.3776,382.2535,12.8223,-0.1746,394.8317,9.0242,-29.6751,411.3028,36.8554,-39.279,417.0637,26.7044,-57.7643,384.7897,29.893,-39.4475,398.3295,34.1609,-22.9489,404.1247,47.5606,-71.2355,389.567,44.7755,-49.1838,404.8956,43.7777,-31.0525,413.2778,77.2907,-62.1023,402.0215,70.0074,-53.2766,419.63,64.412,-34.3676,412.409,90.559,-31.9595,416.6931,79.835,-15.6735,421.1385,71.1896,-4.1907,410.3033
63.819,27.1448,378.1016,51.9048,31.9213,372.7312,39.2514,-34.4319,345.2269,55.7296,-38.6893,355.7314,68.6805,-34.4716,365.9041,82.4566,-32.9972,375.9617,11.7126,-7.4135,390.5739,4.612,-37.4943,404.7417,29.7961,-51.9896,412.2016,22.8646,-65.1168,375.3252,25.9077,-49.1736,391.621,30.2342,-33.623,399.5873,44.1606,-78.4749,377.9184,40.4931,-60.25,397.4991,39.2047,-43.6224,408.5382,75.8626,-69.9996,390.8477,68.1439,-66.7146,410.0995,60.6525,-47.2894,407.354,87.3243,-40.8569,409.7186,76.4371,-26.434,418.2888,66.9815,-13.3305,410.3584
60.3921,22.805,375.1828,48.3653,27.5716,370.0604,35.9644,-38.354,341.4358,52.6171,-42.6578,351.6421,65.6605,-38.5153,361.7271,79.5528,-37.1054,371.633,8.6334,-13.2468,385.4304,-0.0483,-43.5745,398.1135,20.6103,-63.0322,407.8408,19.5854,-71.8575,368.3661,21.4952,-58.955,387.3102,25.3942,-44.3733,397.1168,41.5983,-84.7288,369.464,36.3686,-71.3629,392.3332,34.3935,-56.2741,405.3112,74.2224,-76.1757,382.8076,66.2199,-77.5622,402.1735,56.4171,-59.1237,404.393,84.6747,-49.3244,404.0284,74.2584,-37.292,416.1414,64.2793,-23.0795,411.4063
55.9723,17.0918,372.388,44.047,21.9626,367.1282,32.4369,-43.2409,336.5823,48.8758,-47.7686,347.0353,61.6874,-43.857,357.5025,75.3584,-42.6708,367.74,3.0276,-18.5919,379.5273,-7.2093,-48.9482,390.9159,9.2603,-71.5091,401.8593,15.4024,-79.0621,359.8775,15.7952,-70.2094,381.1018,19.077,-57.2193,393.1221,38.35,-91.6027,360.3313,31.6747,-84.2295,385.4326,29.1152,-70.837,400.0644,70.728,-82.9377,375.5848,63.0496,-87.6869,394.545,52.0208,-70.7708,400.3077,79.576,-57.3483,399.2326,69.8086,-47.9695,413.9512,59.4826,-33.2924,412.5527
52.1055,14.7897,370.2056,40.1046,19.6652,365.1253,28.8152,-45.0105,333.3615,45.3627,-49.6091,343.61,58.2144,-45.8007,354.0661,71.9462,-44.7054,364.2322,-2.654,-19.8832,374.5398,-13.9281,-50.3101,384.6934,0.2888,-74.2789,395.8009,10.538,-83.1508,351.4519,10.6634,-79.8798,374.2178,13.8032,-70.9096,389.5042,35.4946,-94.5558,353.1711,28.1249,-92.5443,379.0678,24.9838,-81.5271,395.4616,67.6601,-85.8107,369.7498,60.4146,-92.4595,388.305,48.8625,-76.9604,396.5101,74.6403,-61.028,395.0755,65.4483,-56.4936,412.2495,53.7863,-43.7679,417.3537
49.4922,12.4354,366.099,37.6374,17.4438,360.8091,26.8684,-46.6632,327.7386,43.1439,-51.4975,338.3092,55.7527,-47.9135,349.1338,69.2377,-47.0412,359.6459,-5.2262,-22.3419,368.6067,-16.8779,-52.8734,377.991,-5.3295,-78.2032,389.1729,8.4941,-85.7771,343.502,6.7366,-87.5388,366.367,8.6469,-81.7508,383.3036,33.7539,-97.109,344.6673,25.6015,-99.9229,370.2528,21.5874,-91.7545,388.062,64.2459,-89.046,362.2479,57.6997,-98.5863,379.773,45.8713,-85.4063,391.0593,71.9513,-64.8528,389.6523,64.2637,-65.2418,408.1117,52.2115,-56.673,418.3744
45.9959,7.0943,360.8163,34.0945,12.0903,355.62,24.206,-51.2796,320.8953,40.5114,-56.1821,331.3881,53.0459,-52.7209,342.3383,66.4908,-51.9518,352.9096,-9.8378,-26.9033,361.1385,-22.5328,-57.3074,369.5307,-13.2195,-83.5771,380.6287,6.4224,-91.8752,333.2135,3.151,-96.764,355.4486,3.5559,-93.5178,373.1488,32.1769,-102.3474,334.2695,23.1723,-109.4416,358.7152,18.0277,-104.1982,377.3173,61.3714,-94.8585,351.8835,55.8141,-107.4384,367.7537,43.7679,-97.7114,381.9407,68.8162,-72.1983,381.3644,62.6185,-77.1224,399.7313,50.6423,-72.2903,412.27
42.2437,2.5865,354.3718,30.2841,7.5171,349.2473,21.6546,-55.0561,312.7855,37.9898,-59.9606,323.2309,50.4091,-56.5822,334.3371,63.7866,-55.8688,344.9975,-13.9188,-31.5037,351.3637,-28.3956,-61.5778,357.8419,-20.4973,-88.3804,368.7617,4.839,-97.3085,319.7113,-0.031,-105.3394,340.7063,-1.1698,-104.3322,358.642,32.4205,-106.4676,319.3468,22.4851,-119.0681,341.0611,15.7955,-117.3579,359.8315,59.2509,-99.5312,337.9713,55.1252,-115.9913,350.3424,42.7177,-110.8166,366.4755,65.8023,-80.073,370.1985,61.884,-90.5297,386.7908,49.8251,-89.6247,400.1236
37.6202,-3.4934,343.5594,26.0074,1.6465,337.8737,19.6842,-59.5549,298.7107,35.3291,-64.8703,309.9794,47.025,-61.9227,321.9593,59.705,-61.6245,333.4587,-19.3474,-36.0886,337.8982,-32.9592,-66.6455,343.9808,-25.677,-93.7935,354.4668,4.9067,-102.8483,303.5379,-0.8003,-113.0042,323.3694,-3.1166,-113.5486,341.2114,33.4944,-111.1624,302.0624,23.4721,-126.8462,321.6219,15.6703,-127.0121,340.0367,57.7722,-104.589,322.2511,54.8063,-122.6101,332.6165,42.0395,-119.7878,349.0495,65.5782,-90.1052,352.9359,64.5062,-104.8894,366.3627,51.5658,-107.1215,378.6738
33.4325,-10.9945,331.6463,21.8079,-5.879,325.9626,17.3762,-65.6827,284.4511,32.9461,-71.1021,295.7739,44.3863,-68.3718,308.0487,56.8726,-68.2509,319.7613,-24.4871,-42.1748,321.4477,-38.5692,-72.8324,325.6674,-31.6396,-100.2404,335.7065,4.7596,-109.9183,284.2685,-1.782,-122.2116,302.5738,-5.3426,-124.5506,320.0624,33.3566,-116.3373,283.0219,23.1152,-134.3307,300.3524,14.5487,-136.0698,318.3411,55.9842,-110.6691,304.5228,54.1715,-130.2414,311.9145,41.0203,-129.5921,328.2737,68.1376,-99.6558,330.3365,68.609,-117.1578,340.0039,54.8555,-120.8131,351.0257
29.3795,-15.9157,320.3335,17.9245,-10.6414,314.4541,14.9107,-69.1346,270.9938,30.1359,-74.8825,282.6195,41.1854,-72.5195,295.3208,53.304,-72.7458,307.4121,-28.3742,-46.0453,305.2892,-42.9838,-76.6745,307.3893,-35.9708,-104.1435,317.201,3.6767,-113.5281,266.6335,-3.5823,-127.2042,283.6414,-8.1109,-130.8764,300.671,32.2081,-118.9332,266.3639,21.9359,-138.8922,281.3677,12.7462,-141.9104,298.8732,53.0145,-114.5585,289.9552,51.924,-134.8803,295.1355,38.2704,-136.3983,311.0187,64.4392,-104.6979,316.3602,66.0232,-123.0041,324.2579,52.1121,-127.821,334.6154
27.1699,-20.611,309.4639,15.7059,-15.3595,303.5817,14.0378,-72.8101,258.682,29.2135,-78.6214,270.3408,40.0836,-76.4112,283.2232,52.0672,-76.7591,295.4454,-30.8201,-48.3741,288.5362,-44.3346,-79.5597,289.4373,-37.0056,-106.7731,299.7193,4.528,-116.9738,250.0138,-3.3603,-130.9665,266.4752,-8.7482,-135.4046,283.0666,32.7773,-121.5805,251.6107,21.974,-142.282,265.1658,12.0045,-145.7394,282.1556,51.5236,-118.3934,276.6948,51.7895,-139.245,279.1734,37.967,-143.6488,294.357,63.5977,-109.115,302.1645,67.2981,-127.9839,307.6662,53.6073,-134.4652,317.3902
25.6201,-25.7484,300.785,14.1973,-20.3744,294.9333,13.2625,-76.5011,248.3689,28.3371,-82.5877,260.0185,39.0582,-80.7092,273.0772,50.911,-81.364,285.4138,-31.7657,-51.778,275.383,-45.1918,-83.0059,274.6381,-37.7374,-110.1306,285.0632,4.9418,-120.2727,236.9316,-3.4372,-135.0876,252.4012,-9.4508,-140.2266,268.5699,33.1222,-124.3664,239.027,21.9514,-145.8672,250.9404,11.32,-149.9689,267.3766,49.6242,-122.4503,264.0196,52.0695,-143.2457,262.4157,38.3538,-149.8917,276.8625,62.8615,-113.9391,290.0015,67.9151,-132.9493,293.6174,54.4824,-140.7778,302.6882
22.8311,-29.0315,294.9131,11.4136,-23.5214,289.1789,10.7079,-78.3643,241.1051,25.7633,-84.7375,252.6255,36.4464,-83.1948,265.7591,48.2679,-84.1628,278.1051,-33.9748,-54.383,267.535,-47.191,-85.6672,265.9126,-39.7151,-112.8219,276.2436,3.0287,-121.4856,227.0487,-5.5737,-137.0768,241.6059,-11.9089,-143.1783,257.3106,31.4274,-125.2585,229.4961,20.3117,-147.6401,239.7187,9.3537,-152.6488,255.6823,45.6874,-125.1557,256.1122,50.11,-145.2379,251.4953,36.572,-153.3728,265.3353,59.9651,-117.0508,281.409,66.6736,-135.9126,283.3039,53.5365,-144.6673,291.9508
20.9313,-31.3314,291.8545,9.2446,-25.9823,286.5244,8.6934,-79.7445,237.2431,24.1795,-85.9939,248.2487,35.1425,-84.4769,261.1527,47.285,-85.4232,273.1848,-36.1094,-55.8762,263.4946,-48.6756,-87.4033,261.462,-41.4046,-114.8376,271.1826,2.0622,-121.9484,220.1886,-6.5939,-138.4053,233.7253,-13.1384,-145.4931,248.9218,30.4622,-125.3023,223.2612,19.3284,-148.0831,232.5388,8.2553,-153.7087,248.2149,44.5109,-126.1192,250.0812,49.0149,-146.1394,244.7583,35.6688,-155.1998,258.2042,59.8331,-118.1163,274.7003,67.0249,-136.8542,275.5689,54.2804,-146.3137,284.0599
20.1315,-34.9884,291.1371,8.1807,-29.7997,286.2526,7.8122,-82.0793,235.3994,23.724,-88.2332,245.8371,34.9599,-86.8042,258.5143,47.4174,-87.7792,270.2178,-37.2199,-59.9277,263.6233,-50.6119,-90.9776,260.0794,-43.8163,-119.0827,268.0744,1.3787,-123.2877,215.9966,-7.4178,-140.3667,228.6429,-14.1028,-148.1623,243.426,29.1306,-126.9329,219.7201,17.5987,-149.5068,229.0171,6.6639,-155.2455,244.7492,45.9707,-127.4383,245.7223,48.2303,-148.0807,242.5945,34.7007,-157.0672,255.9059,63.3566,-118.909,268.8489,67.4167,-138.3685,271.0495,54.8233,-147.9058,279.6778
18.5607,-39.3835,294.237,6.5144,-34.1667,289.6246,6.2805,-84.7234,237.0575,22.3444,-91.0463,247.1558,33.6701,-89.9171,259.7832,46.235,-91.1444,271.3472,-40.7449,-61.5173,267.2749,-53.521,-92.8588,264.0379,-47.5046,-121.497,270.6454,-0.1544,-124.9271,215.6507,-8.9376,-141.942,228.3924,-15.5456,-150.3054,242.8971,26.8808,-129.9232,221.1364,14.7457,-151.3566,232.1974,4.0712,-156.617,248.2717,46.7613,-129.7468,246.4336,46.0712,-150.7321,246.811,32.0484,-158.4623,260.398,63.869,-121.3264,269.5894,65.4853,-140.856,273.5872,52.6207,-149.7169,282.5307
18.3551,-41.7741,304.7778,6.0765,-36.8081,300.5145,5.6141,-87.0536,247.6514,22.0769,-93.0648,257.2867,33.7014,-91.7491,269.6212,46.5899,-92.7549,280.8455,-43.9437,-60.2837,279.8292,-57.9961,-91.1138,276.9947,-54.3304,-120.4089,282.32,-1.7505,-126.0029,224.3122,-10.0977,-143.6498,236.474,-16.1603,-152.6903,250.8098,25.1696,-132.6256,232.0998,13.3984,-153.6211,244.3321,3.4125,-158.7889,260.8723,47.119,-131.943,257.7713,46.1474,-152.866,259.2837,32.3504,-161.0623,272.8285,65.5035,-122.1267,278.7075,66.3597,-141.4791,283.6828,53.8961,-150.4581,293.0656
19.5,-46.0066,326.4958,6.4698,-42.1886,323.4563,3.1789,-96.7228,275.1393,21.08,-100.8617,283.0398,33.9948,-97.7799,293.6564,48.1921,-97.0244,303.1945,-45.9773,-62.9049,306.103,-64.5693,-91.3645,305.4779,-65.2631,-120.4516,312.7893,-6.1684,-133.9617,249.8038,-13.2181,-154.184,258.1919,-17.8196,-165.066,271.7716,23.2019,-139.927,256.9938,14.9237,-163.8171,266.4668,7.1084,-171.3,283.2873,43.9917,-140.5767,287.5712,48.8948,-161.5667,284.5866,38.4832,-174.4558,297.489,65.9219,-127.1991,302.8198,73.7572,-145.525,304.4837,64.7176,-157.3222,314.6382
22.2114,-44.6879,354.4623,8.6337,-42.1789,352.7438,1.6789,-108.0645,322.247,20.8337,-109.413,327.8395,34.9946,-103.1915,334.8938,50.4136,-99.4731,341.3388,-45.1171,-64.842,343.8989,-68.2656,-88.6411,351.2304,-78.3784,-113.0055,365.5171,-8.7139,-151.2905,308.1388,-14.1194,-173.7733,300.8009,-17.9883,-188.2788,310.7317,20.1006,-155.4363,317.5592,19.6765,-182.0601,311.6123,15.4446,-195.2964,325.9959,49.9067,-146.9428,329.5207,58.2042,-171.2869,326.531,57.6776,-190.6382,334.6703,73.1684,-128.3395,340.367,87.375,-146.3618,339.7602,87.3188,-160.9717,350.2744
26.4232,-38.8672,380.9565,12.6221,-37.2742,380.1857,6.1267,-109.3872,371.4181,25.8113,-108.5992,374.8676,40.2742,-100.2578,378.0682,56.0601,-94.4599,381.2777,-40.8742,-61.6548,375.212,-65.9722,-81.4432,386.8098,-82.7427,-99.9699,403.4084,-1.8807,-155.998,358.5985,-6.5431,-183.1378,351.1341,-10.0853,-199.7792,357.0092,29.4869,-157.6356,369.8695,31.7946,-188.4235,366.7314,31.6649,-206.7179,374.8122,59.5065,-142.7288,376.3817,70.2684,-166.4945,375.438,76.615,-186.0774,379.5891,82.8354,-120.1535,383.2779,99.8255,-136.4571,384.547,107.8536,-149.7738,393.6143
28.9309,-31.4169,396.4666,15.0963,-30.147,395.6963,9.7501,-102.8845,395.7736,29.4564,-101.3748,398.8361,43.8088,-92.4806,400.8118,59.5278,-86.0889,403.0851,-38.2372,-54.3509,388.5757,-64.1852,-72.4957,400.9641,-83.4074,-88.7902,417.2427,4.1866,-150.7053,385.3294,0.9138,-178.8372,379.1852,-1.8883,-195.759,384.6442,39.6342,-149.4886,398.5521,45.9745,-179.4615,398.3752,49.8632,-198.1193,404.4386,64.9406,-133.6772,402.4996,76.5831,-156.3742,403.4296,84.2554,-175.2124,408.6506,87.4345,-110.2141,405.8783,105.0222,-125.4187,407.6388,114.961,-137.5523,416.4703
30.7239,-27.4172,396.4491,16.9001,-25.8824,396.8342,10.2738,-98.4377,400.1746,30.1966,-97.236,401.4547,44.8244,-88.5824,401.8334,60.7945,-82.4473,402.4861,-35.6516,-52.7011,397.1185,-65.7103,-68.5124,398.6917,-85.8818,-84.0667,414.5402,3.9509,-146.5466,388.8401,0.1528,-175.4454,382.0315,-2.5712,-192.5713,386.8565,38.3476,-146.039,396.9897,43.5049,-176.9182,394.1646,47.6498,-196.118,397.9312,62.5124,-131.3659,399.6479,72.2653,-154.956,398.4429,79.0727,-174.572,401.585,88.0609,-106.7381,403.7485,104.9147,-121.7527,404.5288,115.4193,-134.1047,412.3443
27.1266,-33.2081,385.3132,13.3618,-31.2702,385.9289,4.5321,-103.6661,386.3919,24.4953,-103.1251,387.4771,39.387,-94.9438,388.0297,55.5453,-89.3298,388.737,-39.192,-58.3542,383.2499,-69.6646,-74.0586,381.6965,-90.5169,-90.2198,395.9793,-2.1555,-151.8573,373.3983,-6.2465,-181.3367,365.4499,-9.3669,-198.6265,369.3647,29.7547,-152.5972,379.6608,33.1488,-184.5233,374.6167,36.2629,-204.1625,376.7622,53.6232,-139.3404,382.8311,61.6851,-164.4819,379.8872,66.7466,-184.8039,381.435,82.562,-114.0561,389.7147,99.3331,-129.4054,390.3215,109.4902,-142.3984,397.5337
22.5812,-44.9776,371.3185,8.8436,-42.8364,371.8644,-1.2013,-114.9838,368.2337,18.7514,-114.8516,369.6012,33.7689,-106.974,370.7925,50.0077,-101.69,372.0133,-43.9737,-69.3667,365.1196,-74.9085,-84.9053,361.1691,-97.1094,-101.5797,372.5306,-8.3454,-162.5486,353.0048,-12.729,-191.7347,343.6603,-16.118,-209.1966,346.417,22.9615,-163.8595,359.0427,25.6745,-195.4401,352.2388,28.3429,-215.2568,352.6607,46.65,-151.3343,362.7082,53.9387,-176.4354,358.1338,58.4295,-196.9461,357.7534,76.755,-126.7781,371.0498,93.3935,-142.3845,370.4504,103.5026,-156.0149,376.4521
19.2833,-53.3227,360.8338,5.6013,-50.7919,360.8817,-6.3373,-122.5246,355.294,13.54,-123.0048,357.4529,28.7154,-115.5963,359.4081,45.0357,-110.8163,361.3849,-47.3297,-76.446,352.9368,-78.1955,-91.4057,348.3039,-101.8989,-107.4808,357.2335,-14.4973,-169.5712,338.9158,-19.5089,-198.4661,328.8567,-23.3921,-215.9632,330.5215,16.3819,-171.7089,344.4665,18.2222,-203.248,336.057,20.4232,-223.0835,334.7508,40.2137,-159.6641,348.3405,46.7122,-184.5702,342.0853,50.6629,-205.0497,339.6396,71.3013,-136.1941,357.1349,87.6995,-152.0381,354.4816,97.8793,-166.2042,358.9194
17.6573,-58.7803,354.4463,4.0631,-55.8617,354.9763,-10.0914,-127.2486,350.1918,9.8297,-128.2843,351.6323,25.2692,-121.302,352.9991,41.7791,-116.9794,354.3596,-49.6188,-80.8405,347.8426,-81.2084,-95.5396,343.6447,-106.1487,-110.4135,351.1778,-20.5068,-173.9184,332.7924,-26.987,-202.9549,321.967,-31.4335,-220.3793,322.7543,10.7212,-176.5893,336.9652,11.2986,-207.8739,327.4661,13.0638,-227.6234,324.8508,34.8344,-165.4104,339.9844,40.2659,-190.4566,332.5942,43.7852,-210.7379,328.4373,66.818,-142.8723,347.942,82.3275,-158.9107,343.967,92.5166,-173.4404,346.9787
16.4399,-63.318,351.1481,2.9348,-60.0576,351.9131,-13.0288,-131.1632,348.998,6.8892,-132.6542,350.0225,22.5183,-126.0236,350.897,39.1533,-122.0775,351.7997,-51.1421,-84.4292,346.8113,-82.8598,-98.7239,343.8189,-108.6964,-112.3619,350.6362,-24.4633,-177.5942,331.9642,-31.55,-206.3703,321.4073,-36.4172,-223.6956,321.789,7.4032,-180.6028,335.2605,7.7332,-211.3817,325.7845,9.1809,-231.0816,322.6511,31.4948,-169.9065,337.6003,36.5343,-194.5431,330.1353,39.6164,-214.7516,325.3272,64.0805,-148.1823,344.5898,79.6687,-164.5068,340.0811,89.8014,-179.2121,342.3352
16.9751,-65.8036,350.5163,3.5614,-62.2479,351.5333,-13.9448,-133.032,349.9613,5.9556,-134.9308,350.5673,21.7355,-128.6216,351.0048,38.4652,-125.0171,351.4856,-51.0552,-85.9411,348.1311,-83.1891,-99.8812,346.1294,-109.657,-112.4657,352.539,-26.9727,-179.1502,333.9053,-34.9901,-207.5315,324.0243,-40.2386,-224.7439,324.4562,5.086,-182.8408,335.8725,4.5285,-213.5496,326.4536,5.5915,-233.2315,323.0634,29.8203,-172.5996,337.7297,34.3425,-197.1979,330.3045,37.1288,-217.3799,325.213,62.3921,-151.4838,343.9058,77.1397,-167.7969,339.2339,87.1152,-182.6619,341.1105
16.465,-64.2436,351.0137,3.1073,-60.499,352.0865,-15.3111,-131.0684,351.8644,4.5681,-133.2127,352.3301,20.4302,-127.1006,352.5241,37.2081,-123.704,352.799,-51.7699,-84.1186,350.1606,-84.2034,-98.0782,349.0223,-110.8859,-110.1267,355.5704,-28.8017,-177.4631,337.1114,-37.0977,-205.9933,328.0391,-42.5165,-223.1433,328.7579,3.1374,-181.1258,338.3143,2.2251,-211.6782,329.377,3.0219,-231.3996,326.1471,28.5091,-171.425,339.8236,33.063,-196.4096,332.6647,35.7933,-216.6291,327.6928,61.0369,-150.634,345.5734,75.8554,-167.3811,341.08,85.6833,-182.3387,342.9992
15.9847,-61.6143,351.5386,2.6146,-57.8402,352.3115,-15.8519,-128.3881,353.4608,4.0159,-130.5285,354.2912,19.8776,-124.4197,354.5919,36.6516,-121.0242,355.0519,-52.001,-81.6747,351.5515,-84.0968,-95.6814,351.1049,-110.9303,-107.5053,357.4418,-29.1107,-175.2568,340.1865,-37.2552,-204.0468,332.0324,-42.6398,-221.1846,333.1732,3.0287,-178.7996,341.0546,2.397,-209.6886,332.5843,3.1939,-229.4524,329.6252,28.2285,-168.8528,343.315,32.889,-193.6496,337.0217,35.6332,-213.9644,332.4634,60.7538,-147.8662,348.3587,75.7508,-164.5679,344.194,85.572,-179.4866,346.4251
15.9711,-59.2865,351.9873,2.5626,-55.5906,352.382,-15.4797,-126.2347,354.1774,4.3755,-128.2292,355.5154,20.1865,-122.0106,356.101,36.9228,-118.4963,356.9095,-51.6819,-80.103,351.7759,-83.4926,-94.4779,351.4205,-110.2864,-106.5416,357.467,-28.1793,-173.3721,342.18,-35.9252,-202.1228,334.8624,-41.1653,-219.264,336.5127,3.7416,-176.6486,343.0731,3.3367,-207.5732,335.1265,4.2611,-227.3792,332.5059,29.1246,-166.4362,345.3165,34.1092,-191.2113,339.3021,37.0003,-211.5735,335.0567,61.4147,-145.1438,350.3371,76.7158,-161.7917,346.231,86.6214,-176.6126,348.7253
16.8631,-57.5924,352.0412,3.4431,-53.9609,352.6055,-14.2116,-124.6808,355.1246,5.6708,-126.5672,356.1884,21.4567,-120.266,356.5046,38.1849,-116.6628,357.0479,-50.4833,-79.4072,352.3038,-82.2089,-94.3776,352.1264,-108.8563,-106.7003,358.2965,-26.4365,-172.4347,344.1636,-33.9492,-201.7811,337.4276,-38.997,-218.9267,339.5605,5.7106,-175.3544,345.0761,5.7361,-206.5504,337.9706,6.7864,-226.4055,335.8098,30.2892,-164.859,346.0981,35.2275,-189.7911,340.2798,38.1659,-210.1842,336.2193,62.4931,-143.6136,350.8702,77.6994,-160.4729,347.0056,87.6635,-175.2398,349.5854
18.1523,-56.4725,352.2186,4.7142,-52.9001,352.7265,-12.5916,-123.6645,356.2248,7.2994,-125.4374,357.3233,23.0537,-119.0542,357.5582,39.7636,-115.361,358.0584,-49.2663,-78.9748,353.0028,-81.3409,-94.4681,353.167,-107.859,-106.961,359.5484,-25.023,-171.7361,346.5712,-32.6837,-201.3593,340.6223,-37.6057,-218.4696,343.2706,6.927,-174.6168,347.212,6.6876,-206.2192,340.7145,7.7961,-226.1259,339.1344,32.0189,-163.9023,348.0565,37.0494,-189.0673,342.725,39.9905,-209.5447,339.1163,64.4851,-141.9878,352.9103,79.8714,-158.56,349.7063,89.8825,-173.2181,352.6925
18.8042,-55.7898,352.7699,5.3569,-52.2473,353.2412,-11.7792,-123.0307,357.1652,8.1148,-124.7478,358.2958,23.8532,-118.3246,358.5072,40.5535,-114.5872,359.0017,-48.6396,-78.3814,354.3689,-80.773,-93.9338,355.04,-107.1459,-106.5653,361.7417,-24.1512,-171.1892,348.4451,-31.7501,-200.7682,343.0892,-36.5645,-217.8421,346.1394,7.7637,-174.0523,349.2632,7.5385,-205.6603,343.4726,8.6976,-225.5886,342.2411,32.246,-163.2822,349.617,36.9285,-188.3649,344.657,39.7796,-208.9024,341.3283,65.3195,-141.1517,354.3007,80.6834,-157.6313,351.3845,90.703,-172.2345,354.6024
19.0341,-54.7421,353.4565,5.6013,-51.1257,353.7485,-11.9517,-121.7823,358.0923,7.9193,-123.593,359.4576,23.6882,-117.2502,359.7877,40.4016,-113.5956,360.4347,-48.2757,-76.9537,356.3003,-80.1448,-92.2314,357.8097,-106.3705,-104.7776,365.2127,-24.3828,-169.8637,350.7858,-31.946,-199.1172,346.3404,-36.7793,-216.0969,349.8519,7.2583,-172.9193,352.0083,6.8375,-204.3254,347.2653,7.7473,-224.2945,346.6261,32.3785,-162.0456,351.4852,37.1778,-186.7848,346.9,39.7223,-207.4205,343.9518,65.0283,-140.3369,356.0069,80.3062,-156.9265,353.2599,90.1916,-171.5434,356.8131
19.3377,-52.7665,353.946,5.9262,-49.0612,354.0271,-12.1337,-119.5282,359.2779,7.7083,-121.4426,360.8994,23.5134,-115.195,361.3108,40.2416,-111.6364,362.0921,-47.9106,-74.0528,358.7274,-79.4942,-88.7143,361.4849,-105.3726,-101.2402,370.0529,-24.7691,-167.6703,353.6707,-32.4281,-196.8515,350.2718,-37.2012,-213.6896,354.4785,6.8584,-170.7335,354.7967,6.3208,-201.9162,350.936,7.0538,-221.9024,351.0496,31.1814,-160.3973,354.0071,35.4258,-185.4177,349.9644,37.5633,-206.1823,347.6704,65.2382,-138.2668,358.6594,80.788,-154.833,356.5241,90.499,-169.3887,360.7464
21.1886,-49.9916,354.7898,7.7996,-46.2236,355.1636,-10.4695,-116.6042,360.8326,9.3941,-118.611,362.0194,25.2333,-112.4372,362.0822,41.9912,-108.9566,362.4954,-45.8652,-71.3636,360.8372,-77.3397,-86.1083,364.1648,-102.8968,-98.7633,373.4754,-22.6941,-164.8727,355.9533,-30.0896,-194.0734,353.0015,-34.6614,-210.8195,357.7624,8.0322,-168.0399,356.2808,7.1679,-199.4086,352.6389,7.9072,-219.3889,353.1308,32.6935,-157.7442,355.5668,36.8129,-182.7623,351.9691,38.8264,-203.5866,350.1535,66.8853,-135.8282,359.9321,82.3948,-152.5696,358.3351,92.08,-167.0334,362.9173
25.5868,-45.5634,355.8535,12.2257,-41.7206,356.4164,-6.3349,-111.9757,362.666,13.5334,-114.0862,363.5566,29.4049,-107.9991,363.3502,46.1857,-104.6087,363.4915,-41.245,-66.7312,363.456,-72.5216,-81.3607,367.5737,-97.7454,-94.041,377.721,-18.8906,-160.3637,358.4322,-26.5225,-189.7763,355.8587,-31.0003,-206.4197,361.0496,12.0205,-163.6168,358.5527,11.0596,-195.0744,355.3746,11.7565,-215.0422,356.2699,36.0228,-153.4723,357.3274,39.6714,-178.5431,354.0069,41.407,-199.4251,352.6179,71.0638,-131.3697,361.2454,86.4879,-147.9611,359.8529,96.141,-162.3573,364.7074
29.9709,-40.3961,356.9717,16.6244,-36.5125,357.597,-2.0549,-106.6352,364.8918,17.815,-108.7849,365.6437,33.699,-102.7414,365.2279,50.4886,-99.3922,365.1864,-36.7187,-61.2088,366.2011,-67.8801,-75.6356,371.2273,-92.5176,-88.4751,382.5471,-14.8633,-154.8904,362.1911,-22.6033,-184.051,360.559,-26.9569,-200.5147,366.3895,16.6786,-158.1988,362.4099,15.9627,-189.3246,360.3729,16.6644,-209.2441,362.0231,40.7757,-148.1531,360.9588,44.6407,-172.9554,358.6273,46.256,-193.8871,358.1237,75.6547,-125.9319,363.9862,91.2481,-142.3764,363.2425,100.8913,-156.5648,368.6917
35.8731,-33.0512,359.1103,22.5023,-29.2238,359.5296,4.0498,-99.3593,367.2668,23.9181,-101.4092,368.2901,39.7787,-95.2962,368.0161,56.5521,-91.8695,368.1541,-30.4584,-53.8816,369.7885,-61.2999,-68.2409,375.7627,-85.1112,-81.3524,388.4556,-8.8287,-147.7324,366.3376,-16.6294,-177.0327,365.7747,-20.6856,-193.2871,372.3583,23.5476,-150.5598,366.5622,23.3168,-181.1814,365.4857,24.248,-200.9996,368.0102,46.5481,-140.9788,365.0656,50.2674,-166.0781,363.4445,51.9519,-187.0077,363.7806,82.0279,-118.2976,368.0125,97.8914,-134.7541,367.9243,107.5582,-148.6636,374.0134
44.1419,-24.4989,360.9959,30.7709,-20.6926,361.5703,12.5548,-90.8082,370.0148,32.4389,-92.8162,370.7834,48.2829,-86.677,370.2556,65.0502,-83.2198,370.1449,-22.0809,-45.2407,373.4564,-53.0207,-59.6113,380.4145,-75.9618,-72.8576,394.4943,-0.223,-139.1616,370.4868,-7.949,-168.3982,370.7722,-11.731,-184.4257,378.0396,32.1827,-142.0764,370.0527,32.0227,-172.8486,369.5962,33.1733,-192.5682,372.7292,55.3143,-132.3181,368.7633,59.1636,-157.3039,367.9464,60.9321,-178.2017,369.0201,90.5081,-109.5214,370.7191,106.2924,-125.8288,371.0752,115.9817,-139.5174,377.6127
51.403,-14.8655,362.58,38.0169,-11.1026,363.0836,20.11,-81.0714,373.2349,40.0035,-82.9769,374.0208,55.8206,-76.7857,373.3215,72.573,-73.2617,373.1021,-14.03,-35.1816,376.9517,-43.7951,-49.1645,385.5841,-65.8376,-62.292,401.1339,8.1728,-128.9012,376.5365,1.1119,-157.1928,378.4894,-2.4177,-172.8581,386.6221,40.455,-132.1513,375.2876,40.7364,-162.7981,376.0771,41.9521,-182.369,380.0145,63.2129,-122.276,373.3239,67.2356,-147.0314,373.3252,69.005,-167.8635,375.2984,98.3159,-99.419,373.9456,114.347,-115.7082,374.4709,124.1058,-129.1171,381.4686
60.6724,-5.5993,363.9828,47.2675,-1.9133,364.5536,29.8893,-71.8561,375.7491,49.8004,-73.6281,376.3881,65.5716,-67.3484,375.474,82.299,-63.7239,375.0656,-4.3802,-26.3567,380.6375,-34.5035,-40.6132,390.0183,-55.1274,-53.8795,407.3001,18.2548,-118.9915,382.7418,11.4668,-146.4922,386.8216,8.4734,-161.4424,396.3888,50.4271,-122.5334,380.1052,50.8159,-152.8726,382.4112,52.1957,-172.1079,387.7118,73.3284,-112.6648,378.1712,77.5425,-137.2841,379.6365,79.4604,-157.8887,383.2108,108.2271,-89.3253,377.9964,124.2653,-105.1614,379.8092,133.8766,-118.0249,387.9426
66.1664,-1.9547,364.4415,52.7031,1.5455,364.7414,36.0559,-68.6696,375.3264,55.9716,-70.1716,376.3802,71.6707,-63.6735,375.8213,88.3516,-59.8191,375.7791,0.735,-22.1116,379.5959,-27.1353,-36.7426,392.4482,-45.4444,-50.6592,411.7122,25.7748,-114.8491,385.9765,19.9123,-141.1821,392.0495,17.6147,-155.2776,403.0056,57.6883,-118.5994,382.2285,58.7448,-148.4045,385.8278,60.4085,-167.1758,392.5261,79.9563,-108.3547,381.3821,84.393,-132.2803,384.3598,86.366,-152.5132,389.6264,114.3716,-84.8108,381.1166,130.4064,-100.2119,384.4058,139.6479,-112.4858,393.7838
71.7604,1.3912,364.2149,58.2828,4.828,364.5971,41.9671,-65.6004,374.2387,61.8917,-67.0299,375.2221,77.561,-60.4561,374.7155,94.2249,-56.5286,374.6861,6.0572,-18.4283,379.1787,-20.5774,-33.6419,393.8466,-36.4993,-48.303,414.6202,31.9661,-110.8447,387.1551,26.3607,-136.2034,394.3945,24.5193,-149.5614,406.3181,64.028,-114.8077,383.216,65.3284,-143.8906,388.0819,67.3121,-162.0521,396.2197,85.6579,-104.6806,382.733,89.9667,-128.2151,386.9997,92.0307,-147.9839,393.7773,119.6106,-81.7498,381.975,135.2884,-97.326,386.4765,144.0369,-109.2385,396.7506
74.2416,1.6686,363.1228,60.7392,5.0243,363.2901,44.5948,-65.777,370.0626,64.497,-67.1431,371.4895,80.1362,-60.4794,371.6013,96.7729,-56.4722,372.1222,10.1886,-19.8521,380.8058,-16.17,-35.8061,395.1826,-28.4313,-51.9872,417.2696,35.6733,-109.7537,385.2583,30.8447,-133.5549,393.4826,29.8082,-145.5061,406.9026,66.0825,-113.9283,382.9618,67.0376,-142.1117,389.8727,68.5675,-158.5536,401.1564,88.4629,-103.8133,383.409,92.8966,-126.887,389.6962,94.9097,-145.4731,399.262,120.6457,-82.1207,382.4791,135.4012,-97.9738,388.8805,142.532,-109.1664,401.041
74.7627,-0.2048,361.4139,61.2274,3.008,361.139,45.6354,-68.181,364.0282,65.4717,-69.4158,366.2635,81.0122,-62.6116,367.3581,97.5626,-58.4699,368.7861,10.9944,-22.3207,378.9181,-9.0856,-41.4182,398.6179,-15.8385,-59.4897,421.5921,39.2791,-109.002,384.5861,36.0712,-129.6042,394.9616,36.146,-138.5144,410.6014,66.2508,-112.6012,384.7949,66.6511,-136.5391,397.2774,66.7016,-148.2185,413.5129,89.0763,-101.2273,389.0026,93.201,-120.9786,400.0733,94.4748,-135.653,415.0412,118.0574,-82.5719,386.47,130.5573,-97.2719,397.2556,133.4799,-105.4742,413.0093
76.4985,-1.5459,359.834,62.948,1.4864,358.9429,48.2907,-69.9576,359.4419,68.0048,-70.9714,362.6553,83.3671,-63.9817,364.691,99.7608,-59.6473,367.0514,15.4157,-26.4574,379.9385,-2.0341,-47.3039,400.3574,-5.8873,-66.8413,422.7949,42.0459,-110.7264,379.8111,41.7909,-121.9939,399.8606,42.4842,-127.2006,417.0771,67.262,-113.9939,381.5632,66.0322,-128.9211,404.028,64.9654,-136.1997,422.6259,90.005,-96.0409,394.8548,93.2945,-111.9288,409.8035,93.33,-121.8879,428.2917,115.1735,-79.4184,392.2581,124.2555,-91.0687,407.1112,123.0497,-94.9003,424.6573
75.4873,-3.7134,360.5447,61.9931,-0.695,358.996,47.78,-72.1454,355.5086,67.2793,-73.2267,359.8223,82.4527,-66.2767,363.0573,98.6533,-61.9899,366.5603,15.4269,-30.8677,379.0508,1.8027,-54.1908,399.7006,0.4307,-75.3304,420.9429,44.2443,-109.2955,382.404,45.2625,-111.0217,405.3165,46.2103,-111.2679,423.2899,66.1405,-115.3685,380.6015,63.2107,-121.7552,406.6712,60.8928,-123.6463,426.4462,89.8281,-97.5396,393.1278,88.8769,-103.4103,413.268,86.4864,-105.8394,433.9897,112.072,-78.2135,394.5198,113.8762,-83.1618,413.8138,109.1278,-82.2717,431.1533
76.3378,-4.6974,360.5755,62.9088,-1.5135,358.8073,48.2587,-72.6715,352.385,67.6367,-74.0692,357.1327,82.7762,-67.3662,360.988,98.9164,-63.3428,365.0396,17.8235,-33.905,378.7851,6.6013,-59.0939,398.6743,8.6377,-81.4789,418.543,45.2624,-101.8816,387.794,47.1609,-94.3313,409.4363,48.649,-88.4054,426.3676,65.5972,-111.3203,385.7194,61.8009,-107.7084,412.206,58.9381,-102.8233,431.3878,89.6583,-94.5232,394.9164,86.046,-90.7513,415.2566,82.1569,-86.2038,435.386,109.8367,-73.6704,396.648,105.218,-70.4327,415.8362,98.125,-64.9797,431.4552
77.1451,-5.2768,360.5351,63.7401,-1.9717,358.8071,48.5183,-72.9555,351.8118,67.8891,-74.5463,356.5279,83.0852,-67.996,360.4229,99.2608,-64.1346,364.491,19.4042,-34.737,379.8252,11.2097,-60.8684,399.9746,16.1609,-83.5537,418.9711,45.1864,-92.5735,393.2851,47.7041,-77.6174,410.5761,49.5651,-66.5587,424.6559,65.5574,-101.3929,395.0353,61.708,-87.1466,417.6456,58.8534,-75.674,433.7773,88.559,-85.7691,400.2996,83.3092,-75.167,417.6499,78.5751,-65.9072,435.894,109.079,-69.2811,397.6891,102.2645,-61.4746,414.7953,93.893,-52.698,428.0953
75.8607,-6.2164,361.7749,62.5961,-2.6631,359.5331,46.443,-73.3148,351.3635,65.5763,-75.2811,356.8454,80.7133,-69.0281,361.4032,96.7751,-65.4821,366.1521,19.3171,-35.6718,382.3005,13.6233,-62.4173,402.5059,20.6616,-85.3387,420.5356,43.002,-87.2689,395.0607,45.146,-69.0443,408.9267,46.912,-54.3168,419.1238,63.6396,-91.6687,400.8533,60.2743,-70.7066,417.5346,57.7985,-54.0159,428.2719,82.2091,-77.4156,404.5704,76.7924,-60.4723,415.7321,71.8176,-45.171,429.2274,102.5681,-66.1272,400.6633,93.4995,-53.6329,413.3775,83.7689,-41.1091,421.8905
74.0653,-5.631,363.9896,60.9748,-1.8402,361.1838,43.9773,-72.1743,352.0437,62.8154,-74.4905,358.3491,77.8441,-68.5163,363.5883,93.7415,-65.2653,369.0484,19.3912,-36.2163,385.0604,17.4059,-63.8626,404.7516,28.1791,-86.5768,421.1225,40.6032,-82.7915,396.6742,42.6393,-61.6671,405.5407,44.3732,-44.5741,410.9093,62.0155,-84.6319,404.235,58.8935,-59.5236,413.6597,56.6015,-40.1777,418.1854,80.2346,-68.5806,407.5233,74.4942,-48.5376,410.0378,69.0626,-29.0035,415.5077,98.6564,-61.0751,403.4473,89.5033,-44.3539,409.4991,80.1663,-29.0163,410.7557
74.8998,-4.3826,365.8079,61.8257,-0.433,363.1487,43.9138,-70.5425,354.0295,62.7889,-73.0928,360.1311,77.9404,-67.3065,365.2251,93.9311,-64.2538,370.5248,19.6701,-35.1685,385.45,18.5577,-63.5346,404.1618,31.5287,-86.0191,419.2017,41.1387,-82.0605,398.4777,43.1777,-59.9294,404.3986,44.812,-42.4553,408.3963,61.1645,-82.643,406.1219,58.8353,-56.2491,411.3122,57.2008,-36.3806,412.9155,78.9613,-66.5188,409.2062,73.6285,-46.3528,406.7784,68.3237,-26.0338,406.7864,98.0972,-60.22,405.0411,88.9603,-42.485,406.4512,80.2062,-27.1258,403.0661
74.2186,-3.6348,367.1443,61.2386,0.4305,364.2123,42.7404,-69.5608,355.3593,61.4722,-72.2588,361.8276,76.5897,-66.5902,367.1498,92.513,-63.662,372.7161,19.3861,-34.6718,386.5101,18.4598,-63.4094,404.6565,33.6755,-85.2942,418.4239,40.994,-81.1184,399.8494,42.9138,-58.6018,404.1293,44.425,-40.9317,407.2092,60.9733,-80.2154,408.1465,58.8977,-53.3831,410.3194,57.4056,-33.4453,409.8134,78.1719,-63.0892,410.9817,72.99,-43.7265,404.7181,67.7969,-23.6348,401.4999,96.6525,-57.6827,406.9522,87.8124,-39.8924,404.6377,79.6063,-25.3806,397.8502
73.4882,-2.5931,367.9649,60.5226,1.3515,364.8129,42.3291,-68.9058,357.586,61.0097,-71.3737,364.2899,76.06,-65.5193,369.6015,91.9226,-62.3955,375.2346,19.9977,-35.0466,387.4825,18.345,-63.7461,405.6376,35.184,-84.6528,419.0299,40.8831,-80.2571,402.14,42.7042,-57.4872,404.826,44.1203,-39.7201,407.3409,61.0016,-79.5615,410.5712,58.9459,-52.6432,410.9973,57.4485,-32.7428,409.6812,77.9414,-61.476,413.375,72.8557,-42.8853,405.0369,67.7218,-22.8838,401.2182,96.1849,-56.3202,409.4387,87.4686,-38.6773,405.867,79.4844,-24.6175,397.9568
74.2933,-2.1575,368.5574,61.3768,1.6752,365.082,43.6067,-68.7763,358.7454,62.1613,-71.0453,365.8573,77.0808,-65.0334,371.3588,92.8168,-61.7426,377.2459,21.2249,-34.8255,388.245,20.6114,-63.4479,406.5857,38.3889,-83.7468,419.6974,42.1167,-80.0943,403.3064,43.7871,-57.2859,405.7527,45.0876,-39.4693,407.9616,62.4717,-78.706,412.2278,60.3815,-51.7894,411.8715,58.8488,-31.93,410.0676,78.7582,-60.3211,415.0736,73.7444,-42.2255,405.6709,68.6205,-22.3021,401.4513,97.4346,-55.0519,411.2887,88.8103,-37.6654,406.4585,80.9448,-23.9175,397.907
76.3589,-1.2743,369.26,63.3748,2.5208,366.0022,45.6813,-67.9841,360.0574,64.361,-70.1964,366.8526,79.357,-64.1392,372.0899,95.1832,-60.8006,377.702,23.0173,-33.9516,388.8503,22.982,-62.6757,407.0416,41.1271,-82.8079,419.9043,43.7793,-79.4519,404.5643,45.4479,-56.5582,406.0118,46.7248,-38.7257,408.1024,64.3512,-77.7377,413.2436,62.2806,-50.834,412.294,60.7701,-30.9917,410.2929,81.718,-59.2274,415.7511,76.6791,-41.2445,406.1478,71.6049,-21.3613,401.6855,99.2812,-54.4144,411.8696,90.8302,-36.8527,407.3785,83.1848,-23.257,398.3951
78.8936,0.57,369.6093,65.8963,4.3463,366.3824,48.1816,-66.1915,360.9101,66.8886,-68.3648,367.6424,81.9054,-62.2778,372.7846,97.754,-58.907,378.3138,25.6995,-31.8551,389.9341,25.9022,-60.4205,408.3725,44.054,-80.5257,421.268,46.4948,-78.152,405.296,48.1817,-55.2535,406.6436,49.4789,-37.413,408.6522,66.6411,-76.0198,414.0142,64.588,-49.1128,413.1204,63.1008,-29.2797,411.0137,83.7634,-57.4907,416.484,78.8348,-39.4789,406.8775,73.8104,-19.6024,402.33,101.844,-52.0282,412.3866,93.4685,-34.4015,408.0101,85.8575,-20.8787,398.8884
82.7276,5.4487,370.7183,69.699,9.1527,367.534,52.1817,-61.4901,362.835,70.9356,-63.5397,369.475,85.9631,-57.3562,374.4691,101.8333,-53.8826,379.8708,29.3471,-26.586,391.5231,30.4696,-54.8708,410.3568,48.2826,-74.9993,423.6812,51.7625,-72.3839,407.5245,53.4191,-49.492,409.0131,54.717,-31.6363,410.8805,71.057,-70.7119,415.9244,68.953,-43.8138,414.8909,67.4163,-23.9936,412.7009,88.5392,-51.9661,418.0617,83.4503,-33.9129,408.6178,78.3652,-14.0653,404.012,106.4034,-46.8476,413.8506,97.9856,-29.2533,409.4258,90.2669,-15.7418,400.378
88.0087,10.5909,371.5242,74.8774,14.2285,368.7062,57.5865,-56.5028,364.5297,76.5297,-58.4558,370.6404,91.6607,-52.1952,375.2074,107.6591,-48.6399,380.1592,34.3807,-21.2772,392.7969,36.6884,-49.331,411.8667,54.0047,-69.5837,425.6498,57.4743,-67.2156,409.2648,59.0573,-44.3152,410.7019,60.3023,-26.4574,412.5862,78.7125,-64.2755,417.2276,76.5118,-37.3707,416.6885,74.8271,-17.5574,414.5449,94.6406,-46.944,418.7912,89.3748,-28.7406,409.7409,84.1564,-8.9146,405.1914,112.1456,-41.2189,414.0679,103.6303,-23.462,410.5775,95.7312,-9.9363,401.7084
95.2598,16.5616,371.4181,82.0535,20.1049,368.8413,65.1369,-50.7501,365.2742,84.2071,-52.5592,371.0238,99.3834,-46.1851,375.2722,115.4517,-42.5092,379.899,42.1962,-15.8616,393.3117,44.4197,-43.8092,412.5468,60.4675,-64.6441,426.982,65.3823,-60.6264,410.2008,66.906,-37.7681,412.2446,68.1036,-19.9188,414.2371,86.7248,-59.0814,417.5009,84.3195,-32.189,417.6159,82.4645,-12.3646,415.7305,102.5523,-41.2456,418.8791,97.1148,-22.5913,410.9136,91.7402,-2.8107,406.3481,121.2807,-35.4753,413.6858,112.5869,-17.706,410.7414,104.3043,-4.0757,402.398
102.5642,22.3926,371.149,89.2843,25.8013,368.7764,73.0113,-45.223,365.6021,92.1873,-46.8339,371.0508,107.3657,-40.3032,375.0463,123.4686,-36.4611,379.4105,49.9614,-10.088,394.2061,51.9185,-37.7521,413.8749,66.608,-59.0577,429.0503,73.7865,-55.2681,410.4853,75.2806,-32.5025,413.3996,76.45,-14.6863,415.6835,95.347,-53.4896,417.4698,92.803,-26.64,418.7446,90.7906,-6.7987,417.2372,110.7305,-35.9669,418.7026,105.2305,-16.8538,411.9618,99.7941,2.9371,407.5158,129.0529,-29.7949,413.313,120.0922,-12.0667,410.9857,111.5724,1.7733,403.2481
109.1613,27.775,370.2711,95.8506,31.0314,367.8576,80.3676,-40.1754,364.8241,99.5466,-41.5616,370.3234,114.6425,-34.8542,374.3392,130.6913,-30.8242,378.7328,57.114,-4.9186,394.0887,59.7354,-32.3152,414.0526,73.4239,-53.8942,429.7679,82.5839,-49.7475,409.7625,84.1225,-27.1601,413.8174,85.2964,-9.3865,416.4098,102.9595,-48.123,416.7379,100.3236,-21.3554,419.0933,98.1943,-1.5067,417.8706,118.6534,-31.1521,417.9993,113.0129,-11.7051,412.4315,107.4188,8.0258,407.9154,137.4873,-25.1158,412.5888,128.3529,-7.4184,410.754,119.5301,6.5144,403.5406
117.1071,32.6594,368.4929,103.6845,35.742,366.5094,89.0608,-35.6598,363.8131,108.4213,-36.7994,368.6989,123.5465,-29.898,372.2489,139.6716,-25.6618,376.1405,66.323,-1.2645,393.2609,67.9603,-28.638,413.3609,80.3302,-50.6116,429.6136,90.8691,-46.2006,408.5526,92.3468,-23.6274,412.7081,93.4876,-5.8985,415.6035,112.2681,-45.2544,414.7718,109.4508,-18.575,417.8171,107.1691,1.2829,417.1417,127.8122,-27.3087,415.965,121.9078,-7.6196,411.6664,116.0041,12.0731,407.3836,146.2897,-20.8767,410.1744,136.8347,-3.2623,409.595,127.6641,10.7568,403.0098
124.8344,35.2366,366.3541,111.3475,38.1486,364.5582,97.671,-33.4257,361.4927,117.1039,-34.3349,366.1332,132.1756,-27.2525,369.5513,148.2879,-22.8236,373.2784,73.9338,1.3434,391.5135,76.3938,-25.8596,411.7607,88.0855,-47.9724,428.3236,100.0728,-44.1078,406.1708,101.5804,-21.7223,411.2319,102.7293,-4.0836,414.6315,120.9061,-42.9339,412.1832,117.8667,-16.4191,416.2731,115.4165,3.4299,416.3922,137.0695,-24.9186,413.216,130.936,-5.0363,410.3742,124.7678,14.7644,407.0751,155.8114,-18.1302,407.1364,146.1338,-0.636,407.682,136.5072,13.5517,402.2012
132.2672,38.9798,363.6372,118.695,41.7367,362.2962,105.8075,-29.9767,359.0668,125.3884,-30.6792,363.0783,140.4735,-23.4359,366.074,156.641,-18.8353,369.3232,82.2544,3.7363,388.9242,85.045,-23.6661,408.8571,96.4213,-46.0051,425.3359,108.0047,-42.213,403.355,109.443,-19.9177,408.8189,110.5454,-2.3635,412.6442,130.168,-40.7641,408.7341,126.9458,-14.4195,413.692,124.3034,5.3897,414.4767,146.1276,-22.1217,409.6895,139.7017,-2.2372,407.6127,133.2204,17.5577,404.9377,164.3216,-15.1587,403.2716,154.3445,2.1076,404.7988,144.3776,16.3224,400.0447
138.9645,42.6675,359.8586,125.385,45.2601,358.2845,113.4542,-26.5962,354.5889,132.9678,-27.0692,358.9473,147.9054,-19.6495,362.236,163.9537,-14.8597,365.7887,90.834,6.1539,385.8149,93.8331,-21.3421,405.588,104.8752,-43.9262,421.9597,116.4415,-38.4617,398.9317,117.75,-16.411,405.3389,118.7062,1.1107,409.3484,138.3939,-36.9762,404.5698,134.9236,-10.8154,410.2768,132.0276,8.9424,411.3903,154.4458,-19.8715,405.7466,147.7667,-0.0373,404.0164,141.0193,19.7051,401.6271,172.3168,-11.9407,399.6492,161.9574,5.109,401.0615,151.6991,19.2331,396.6712
143.6125,44.9597,357.2056,129.9591,47.3594,356.0095,119.0079,-24.6367,352.0135,138.6342,-24.85,355.8557,153.5409,-17.2323,358.8156,169.6038,-12.2293,361.988,95.9317,7.6743,383.3632,99.6465,-19.8418,402.9862,110.518,-42.5176,419.3452,122.5215,-36.6265,396.2843,123.6048,-14.6252,402.8999,124.3787,2.8496,407.1463,144.4359,-36.0377,401.1345,140.6544,-10.0617,407.4549,137.5102,9.6255,409.045,160.4635,-17.4816,402.2669,153.5245,2.2995,401.0191,146.4903,21.977,398.941,178.4145,-9.3891,395.7416,167.8481,7.468,397.7883,157.2686,21.4813,393.8259
147.7952,47.0487,353.7933,134.1201,49.2749,352.5138,124.141,-22.8399,348.1311,143.7418,-22.8135,352.107,158.5268,-15.0145,355.2023,174.5007,-9.816,358.5066,101.3519,9.2148,380.8411,104.096,-18.2904,400.6383,115.2435,-40.8376,416.9895,128.4271,-34.3302,392.4662,129.3686,-12.4698,399.5539,130.0008,4.9571,404.0152,149.78,-33.5642,397.4608,145.8117,-7.7651,404.3645,142.4903,11.8628,406.2917,165.9563,-15.2525,398.5699,158.7486,4.4598,397.8808,151.4079,24.0605,396.17,184.0778,-6.5439,392.0114,173.3356,10.1791,394.2356,162.486,24.0926,390.6721
151.8089,49.3294,350.4787,138.101,51.3954,349.2836,128.9714,-20.8143,344.6217,148.5919,-20.5684,348.4913,163.2982,-12.6049,351.5424,179.2259,-7.2282,354.784,105.4137,10.8034,376.9391,109.2315,-16.7161,396.5377,120.4301,-39.2608,412.8574,133.472,-33.2789,388.6714,134.334,-11.4689,395.9227,134.9207,5.8656,400.7361,155.1323,-31.7689,393.6663,151.0785,-6.2064,401.3558,147.6404,13.3441,403.7961,171.6613,-13.7101,394.7262,164.3379,5.9711,394.5893,156.8617,25.5615,393.4393,189.306,-5.0814,388.2322,178.2205,11.3914,390.6319,167.1486,25.2726,387.6784
155.3312,50.7931,347.0398,141.5925,52.6674,345.8827,133.4729,-19.655,341.0998,153.0975,-19.1392,344.9216,167.6973,-10.9746,347.9523,183.5555,-5.3796,351.1653,109.1751,11.8276,373.491,113.3459,-15.5823,393.1709,124.5615,-38.0194,409.6266,138.1085,-32.701,384.9668,138.7342,-11.2399,393.2148,139.1288,5.8755,398.7744,159.7301,-31.5221,389.7733,155.4876,-6.4972,398.9796,151.8894,12.8395,402.6055,175.9761,-13.4791,391.0938,168.8123,6.198,392.6718,161.4185,25.8526,392.8469,194.6917,-3.6135,384.2994,183.4987,12.4812,388.2593,172.0462,26.2866,386.7593
157.3978,51.9991,344.4202,143.6327,53.7019,343.3124,136.3526,-18.7443,339.0844,155.9867,-17.9682,342.8128,170.5018,-9.6093,345.7182,186.3065,-3.8036,348.8187,111.8834,12.6322,371.3526,114.821,-14.5898,391.5104,125.8388,-36.7411,408.4788,141.6383,-32.6067,382.6262,142.1855,-11.5995,391.9748,142.5007,5.2202,398.3779,162.7297,-31.8595,387.2038,158.5104,-7.5937,398.2658,154.8768,11.4513,403.1734,178.6718,-14.0118,388.7284,171.8443,5.4611,392.626,164.6523,25.0994,394.5263,198.283,-2.7097,381.6877,187.1517,12.8039,387.6395,175.4111,26.4452,387.9076
158.7365,53.5342,342.2906,144.9529,55.0719,341.1724,138.4402,-17.5081,338.1608,158.069,-16.4612,341.8503,172.4974,-7.9013,344.5974,188.2429,-1.8769,347.5803,113.2702,13.9686,369.2388,115.82,-12.9546,389.8457,126.3995,-34.8494,407.4154,143.8363,-32.0179,381.4776,144.439,-11.7682,392.3673,144.7605,4.6533,399.7313,164.9956,-31.7246,385.7599,160.974,-8.5929,399.0921,157.4256,9.9353,405.7341,181.1886,-14.6825,387.1941,175.0237,4.2475,393.8761,168.2512,23.7348,397.7978,201.8147,-2.5275,379.8353,190.6794,12.2491,387.4284,178.7859,25.5742,389.6618
161.3082,54.66,340.3159,147.4876,55.9878,339.4038,141.9033,-16.7252,338.417,161.5777,-15.3252,341.727,175.9352,-6.5082,343.9905,191.6477,-0.2023,346.5328,115.5592,15.3927,367.9276,117.2618,-11.0604,389.2192,127.2613,-32.5798,407.5748,147.3423,-32.9919,381.0996,147.9568,-13.6255,393.4917,148.2991,2.1398,402.1714,168.3414,-32.8666,384.8032,164.5299,-11.6293,401.0344,161.0962,5.9167,409.9981,185.4875,-15.7996,385.924,180.2162,2.2758,395.2241,174.0804,21.4192,401.2971,205.0531,-1.0867,378.8517,194.316,12.9018,388.2876,182.4618,25.8832,392.1557
162.7962,56.0204,338.6491,148.9489,57.1366,337.8674,144.3333,-15.636,339.3433,164.0258,-13.8704,342.3581,178.2895,-4.7965,344.1498,193.9452,1.7948,346.2856,118.2288,16.6258,367.803,118.1585,-9.2666,389.8389,127.2555,-30.3525,409.1425,149.6125,-35.0201,380.7243,150.6087,-17.8797,396.0284,151.1782,-3.2602,406.514,170.51,-35.7113,383.4669,167.4326,-18.1483,403.7418,164.4918,-2.6467,416.0321,188.3483,-17.3169,385.1139,184.4893,-1.3478,398.1943,179.2961,16.8484,407.3008,207.5565,-0.0127,378.4798,197.8383,13.3742,389.7202,186.4199,26.2767,394.9302
163.4212,56.1268,337.8031,149.5853,57.1102,336.7055,145.5085,-15.6465,339.7346,165.1183,-13.6503,343.1218,179.2694,-4.4203,345.0065,194.8244,2.3471,347.3208,118.6691,17.1312,367.15,117.857,-8.2509,389.7573,125.5667,-29.1605,409.8409,150.9947,-36.6519,380.2892,152.5881,-22.0855,398.0172,153.5848,-8.9364,410.269,171.5563,-38.495,382.4955,169.4113,-25.6754,406.161,167.1382,-13.2705,421.6836,190.0289,-19.7112,384.8364,187.5715,-6.2326,400.7514,183.5769,10.2782,413.0979,210.7399,-0.0964,378.397,201.9658,12.5958,391.122,191.2185,25.0172,398.4842
164.0934,57.3934,337.0414,150.261,58.3645,335.8902,146.1389,-14.3285,340.1407,165.7406,-12.2843,343.546,179.8914,-3.0303,345.3118,195.4436,3.768,347.5528,117.7306,19.2803,365.81,117.5383,-5.5661,389.0183,124.0834,-26.2653,409.7234,150.5988,-38.6771,378.9125,152.9805,-28.1175,399.2059,154.6576,-17.2213,413.4347,171.2713,-41.2084,380.1766,170.0307,-33.4948,406.0216,168.5577,-24.7944,423.9696,190.414,-21.6268,383.7754,189.2822,-11.9327,402.3696,186.5387,1.6507,418.1482,210.6998,0.1751,378.8472,203.5963,11.1662,393.9712,193.826,22.7893,403.6379
164.3303,58.8311,335.9096,150.5417,59.9257,334.3998,145.4892,-12.6021,340.19,165.025,-10.6934,344.0253,179.2337,-1.5557,345.9262,194.8038,5.1229,348.3916,119.4414,20.843,365.8054,116.437,-3.7066,389.1355,121.8192,-24.2221,410.3521,148.3673,-39.2347,377.5855,151.0136,-33.1319,399.6026,153.0904,-25.0359,415.5444,168.7809,-42.5377,378.3886,168.35,-39.3966,405.2018,167.6317,-33.7356,424.3704,188.7941,-23.5384,382.8228,188.7405,-17.9389,403.0624,186.9604,-7.1966,421.0189,210.7458,-1.1814,378.9057,205.1259,8.2345,395.6316,196.5176,18.9851,407.2213
163.7701,59.115,335.0401,150.05,60.4247,333.1307,143.4398,-11.8079,340.7521,162.901,-10.159,345.0583,177.2293,-1.2391,347.0917,192.8556,5.2132,349.7926,118.5904,22.5401,365.6275,115.2627,-1.2458,389.6932,119.3587,-21.353,411.5776,144.347,-39.304,377.6186,146.5885,-39.2204,400.509,148.7491,-34.2533,417.6746,165.868,-43.1527,378.3991,165.9116,-44.3826,405.371,165.5722,-41.271,425.1246,185.8701,-25.7902,382.5682,186.6292,-24.4867,403.5139,185.449,-16.4354,422.8732,207.5412,-1.0931,380.9305,204.1365,6.1511,399.2588,196.4579,16.0574,412.178
162.568,60.3459,335.0164,148.9134,61.8283,332.7904,140.8649,-9.9891,342.6305,160.2649,-8.5348,347.2701,174.7081,0.199,349.2985,190.3918,6.4666,352.1004,117.7363,24.8311,366.5572,112.7455,1.7425,391.0115,115.8277,-17.8735,413.4995,138.9315,-37.9305,379.1208,140.1909,-41.48,401.8103,142.1858,-38.5377,419.4558,162.3984,-43.4999,378.6052,162.5725,-47.8568,405.2508,162.4242,-46.8087,425.2227,182.5661,-26.1559,383.6448,183.7833,-28.3944,404.4896,182.8747,-22.4852,424.6206,204.5816,-1.042,383.2014,202.3459,4.6243,402.2512,195.3081,13.8161,416.0345
160.8497,60.899,334.7733,147.2746,62.4469,332.1421,138.2768,-9.0272,343.5361,157.5581,-7.6302,348.6623,172.0247,1.0225,350.8643,187.6867,7.2182,353.9342,117.2213,26.3695,367.8663,109.9927,4.0156,392.4437,112.346,-15.1773,415.3805,134.6885,-35.375,381.0717,134.8994,-41.3838,403.2719,136.7738,-39.1936,421.0396,159.2218,-42.2741,380.3804,159.5586,-50.136,406.2082,159.5176,-50.1913,426.2081,178.1545,-23.2846,387.025,180.1086,-30.5306,406.6381,179.2885,-25.7085,427.0605,200.5142,0.2908,385.7534,199.4434,4.6124,405.2516,192.6686,13.4951,419.3654
158.384,61.5785,335.3188,144.8049,63.224,332.7689,135.115,-7.8936,345.7194,154.4537,-6.6076,350.6551,169.0333,1.9258,352.5566,184.7885,8.0073,355.3668,113.6649,27.8679,368.2829,107.7837,5.8272,393.4944,109.6804,-13.0855,416.7046,131.7031,-35.793,382.1334,132.1943,-41.2235,404.4778,133.9776,-39.2554,422.2807,157.2803,-41.9169,381.5463,157.8197,-49.6615,407.4061,157.7548,-49.8946,427.4046,175.1973,-22.0524,388.9304,177.7362,-31.7238,407.3971,177.0193,-27.4768,427.9506,197.7176,0.5539,387.0257,197.2136,4.2423,406.6762,190.6437,12.9741,420.9798
155.159,62.2509,335.3976,141.7496,63.7179,331.9859,131.9415,-7.2947,345.4153,150.9234,-5.7355,351.5191,165.2761,2.9754,354.1874,180.7687,9.2606,357.8735,111.6358,29.3314,369.2918,103.3623,7.9178,394.3718,104.6809,-10.7885,417.7884,129.2197,-30.0447,385.3717,127.8536,-41.4637,405.4273,129.305,-39.8848,423.2991,152.28,-39.6372,384.0435,152.3024,-48.6507,409.4946,151.9254,-49.0797,429.4864,170.5272,-21.9431,390.0691,172.3742,-30.9958,408.9274,171.3562,-27.4406,429.5993,192.476,1.8562,390.0156,192.5383,4.4031,409.8527,185.9292,12.8688,424.2974
150.6998,62.9235,336.3064,137.378,64.3649,332.5574,127.0497,-6.3773,346.9863,145.8887,-4.7603,353.5039,160.2009,3.9593,356.355,175.6218,10.2683,360.2922,106.9085,30.1343,369.7176,97.3065,9.003,394.5625,97.8168,-9.5042,418.1681,124.0696,-29.8738,386.5844,122.566,-41.7289,406.5636,123.63,-40.4754,424.4883,147.114,-39.2408,385.4193,146.7694,-48.061,410.9357,146.0579,-48.7151,430.9123,164.0475,-20.2016,393.259,165.9218,-31.9742,411.2408,164.4913,-29.3132,432.0223,184.8753,3.1501,393.2878,185.6983,3.761,413.2615,178.878,11.8466,427.8253
144.7921,62.2207,337.1096,131.7035,63.6003,332.5941,120.3272,-6.7369,348.1693,138.7828,-5.0034,355.6785,152.9481,3.7501,359.102,168.1512,10.1181,363.7305,101.426,30.5013,370.9181,90.5966,10.1101,395.8765,90.2137,-8.0752,419.7333,116.9574,-30.6673,387.6709,115.2394,-42.8678,407.81,115.9426,-41.9425,425.7725,139.8356,-38.5941,388.5351,139.287,-48.268,413.7366,138.2709,-49.0304,433.6962,156.0014,-21.2418,395.8364,157.5164,-33.6428,414.0642,155.6806,-31.7614,434.899,176.3876,3.2566,397.0484,179.4714,1.0023,416.6802,172.4652,8.7313,431.3491
138.2336,61.7625,338.3951,125.3386,63.1907,333.3668,112.4354,-6.5626,350.317,130.627,-4.8694,358.4533,144.7771,3.7888,362.1696,159.8875,10.0808,367.1893,94.3245,31.5587,372.3352,83.3091,11.8377,397.7467,81.9555,-5.9726,421.8498,107.8375,-30.9166,389.7209,105.4589,-43.5155,410.1056,105.7542,-42.8625,428.0914,130.9458,-37.3599,392.4131,130.1944,-48.9949,416.7659,128.8553,-49.9017,436.7004,146.9696,-21.3428,398.897,148.0591,-33.8321,417.1489,145.8463,-32.5594,437.9932,167.028,2.8063,400.8723,171.1537,-1.3969,420.3342,163.8106,5.8956,435.0617
129.9775,60.9814,340.3577,117.3895,62.3744,334.5953,103.0518,-6.8902,352.3767,120.7808,-5.1244,361.4633,134.7697,3.5282,365.7578,149.628,9.8392,371.4597,89.1251,31.1839,376.0133,72.8081,13.1777,399.9238,70.2723,-4.3364,424.1484,97.6194,-31.4036,391.9389,94.7593,-44.3095,412.7677,94.6622,-43.8216,430.7608,119.7079,-36.5636,396.3835,118.2537,-48.2032,420.7024,116.4547,-48.9014,440.609,136.7682,-22.0408,402.2221,137.7629,-34.768,420.3726,135.1085,-33.6809,441.1757,156.416,0.6479,404.8305,160.3559,-4.6871,424.2001,152.5969,2.2485,438.8867
120.3616,61.1297,343.2118,107.8795,62.7317,337.2761,91.4733,-5.7066,356.4169,109.144,-4.2156,365.665,123.3152,4.1513,369.9276,138.2767,10.1861,375.6587,78.4956,32.6235,378.6692,61.5513,15.2615,402.5387,57.8993,-1.8499,426.908,84.9298,-29.8119,395.7438,81.5371,-42.3103,416.1343,81.0178,-41.5409,434.1103,107.0105,-34.8927,401.2089,104.9566,-46.6743,425.4158,102.6435,-46.8249,445.281,123.8431,-20.5888,407.123,124.1075,-32.9823,425.756,120.8862,-31.5147,446.4555,145.2082,0.4071,409.0089,149.2684,-5.321,428.5439,141.1366,1.6599,443.0056
110.6562,61.5928,345.8092,98.4525,63.2078,339.3236,80.1224,-4.337,359.8429,97.429,-2.8406,369.7545,111.5579,5.4288,374.3362,126.3772,11.4005,380.4874,67.4837,35.1696,381.0768,49.5985,18.9768,405.1901,44.5295,2.4899,429.7357,72.0985,-27.3459,399.7953,67.8881,-39.4193,420.7594,66.9287,-38.226,438.6942,93.2532,-28.4515,408.9655,90.8522,-43.1766,431.51,88.0046,-42.6673,451.2997,110.8639,-18.723,412.1555,110.5115,-30.9841,431.3552,106.7248,-29.2539,451.9384,131.8112,1.8769,414.4642,135.0387,-3.7795,434.6443,126.5584,3.472,448.7687
101.4399,61.5206,348.9414,89.4422,63.3484,342.1358,68.5295,-3.0523,363.8831,85.6476,-1.8426,374.1549,99.9242,6.098,378.8587,114.7828,11.7611,385.2038,56.3392,37.356,383.9383,37.0576,22.2161,408.2872,30.481,6.4263,432.9333,58.2319,-24.5475,404.254,52.803,-35.8799,425.5376,51.4612,-34.1511,443.4041,79.8138,-27.6406,413.0062,76.3544,-41.6114,435.8503,73.0569,-40.8581,455.5622,96.9229,-17.5524,417.0056,95.389,-29.6395,436.5016,91.0188,-27.8107,456.9602,118.9699,2.8165,419.6418,121.4724,-2.5295,440.2249,112.7497,5.003,454.0515
92.1109,61.5395,351.7884,80.2458,63.7754,344.8729,56.2316,-1.1832,367.7428,73.33,-0.5496,378.0986,87.9251,6.8278,382.7418,102.9894,11.9358,389.0729,45.5905,39.741,386.7185,25.3444,25.6998,411.1651,17.4725,10.6136,435.8722,44.0183,-21.1061,408.2983,37.6064,-31.5654,429.5897,35.874,-29.3046,447.3629,65.7229,-24.6879,417.8709,61.3263,-38.639,440.8578,57.5977,-37.3343,460.4638,82.4772,-15.7119,421.3042,79.6905,-27.2414,441.0295,74.776,-25.013,461.3244,106.1586,3.4509,424.0191,108.0784,-1.6891,445.1892,99.2449,6.2526,458.7132
82.6744,61.901,354.6621,70.9381,64.5409,347.6697,43.6962,1.5036,372.2361,60.8019,1.5594,382.5992,75.7465,8.3197,387.0664,91.0458,12.8362,393.2828,35.164,42.6399,389.4919,14.3863,29.9197,413.7824,5.1826,15.7312,438.5609,29.8122,-17.0967,412.842,22.5375,-26.8426,434.118,20.549,-23.859,451.7572,50.857,-20.6597,423.1434,45.0734,-33.5817,446.7229,40.9715,-31.14,466.1449,67.783,-12.7537,426.1895,63.6722,-23.6322,446.3855,58.2283,-20.8996,466.4827,91.9093,5.2908,428.7501,92.4366,0.6831,450.4089,83.5368,9.234,463.5115
73.5871,60.6932,357.1381,62.0613,63.6001,349.9057,32.0423,2.3271,375.6702,48.991,1.9938,386.283,64.1242,8.2867,390.7984,79.4998,12.3703,397.1249,25.4853,44.1156,392.0783,4.3169,32.8389,416.4857,-6.22,19.5438,441.2286,16.9,-13.3287,416.9039,9.0286,-21.4669,438.3382,6.954,-17.5141,455.7758,37.7261,-18.1445,427.4126,31.2103,-29.7928,451.2025,26.8319,-26.5128,470.4397,54.5052,-12.1198,430.0607,49.4987,-22.741,450.4961,43.6385,-19.7141,470.4334,79.923,5.3261,432.9218,80.1841,0.9822,454.9963,71.3765,10.0167,467.8339
65.393,58.5412,359.8332,54.067,61.6849,352.3872,21.7662,1.8352,378.7312,38.5462,1.1508,389.5922,53.8067,7.0412,394.2208,69.2142,10.747,400.7002,16.5953,44.4282,394.7509,-5.0953,34.4391,419.2731,-16.874,22.0078,443.9049,5.3275,-11.626,420.4692,-3.3164,-18.7043,442.4162,-5.4263,-13.9692,459.6536,25.3289,-18.1898,430.531,17.6817,-29.3799,454.2174,12.9496,-25.7494,473.3073,43.1453,-12.0789,433.9129,37.5809,-22.0582,454.6293,31.3966,-18.7048,474.4159,68.3232,4.4627,436.7811,67.7701,0.5619,459.1774,58.9862,9.9965,471.7405
58.5769,56.7053,362.2676,47.4188,60.0088,354.6396,13.2034,1.6154,381.8214,29.8467,0.6885,392.8732,45.2168,6.2486,397.5469,60.6546,9.6588,404.1162,9.3013,44.2423,397.207,-12.8683,35.0724,421.9647,-25.7708,23.3792,446.394,-3.5693,-9.1967,423.9347,-12.2727,-14.8071,445.7871,-14.2337,-9.124,462.7535,15.4885,-17.2645,434.0233,7.1921,-27.6381,457.8006,2.3066,-23.3873,476.7231,33.0906,-11.8906,437.5064,26.6882,-21.4678,458.6042,20.2533,-17.6747,478.2308,59.0465,3.756,440.4689,58.0385,0.0559,463.2558,49.399,9.8635,475.6321
51.5568,53.893,365.3567,40.526,57.3483,357.6117,4.5194,0.6136,385.9673,21.0915,-0.5498,397.1034,36.6028,4.662,401.7117,52.1122,7.7663,408.2639,1.8933,43.5618,400.5132,-20.6355,35.5221,425.5314,-34.6506,24.8015,449.7934,-12.6844,-7.5659,428.4585,-21.5926,-11.8013,450.4605,-23.325,-5.1563,467.0992,5.4981,-16.6737,438.8983,-3.6237,-26.1059,463.3476,-8.5974,-21.0042,482.0355,23.6005,-12.3624,441.9893,16.7001,-21.3974,463.3649,10.037,-17.2873,482.8511,48.7333,2.21,444.6479,46.6067,-1.287,467.5463,38.0743,8.8458,479.7335
45.5522,50.9009,369.1296,34.6279,54.4621,361.2822,-2.8869,-0.655,390.8469,13.6304,-1.9913,402.0448,29.2638,2.9213,406.5683,44.8373,5.7725,413.0832,-4.3897,42.7221,404.4951,-27.1709,35.8674,429.7258,-42.2072,26.1899,453.8143,-20.5661,-7.3489,433.2945,-29.6669,-10.7947,455.1453,-31.3584,-3.7232,471.6114,-2.452,-16.0299,444.313,-11.8292,-24.2154,468.9583,-16.7669,-18.3976,487.4454,15.0912,-13.1051,447.1326,7.4699,-21.7233,468.9458,0.605,-17.4274,488.3215,40.9899,0.6542,449.8623,38.5322,-2.6154,473.3562,30.1765,7.7217,485.4941
40.3946,49.2193,374.2335,29.5705,52.8899,366.2982,-9.3458,-0.6406,396.9468,7.1224,-2.1585,408.1937,22.8704,2.4528,412.6366,38.5047,5.0466,419.1134,-9.763,42.5122,410.0287,-32.9741,36.3882,435.8345,-48.8169,27.5673,459.7342,-28.4123,-6.5353,438.9658,-38.2569,-9.5789,460.6614,-40.0149,-2.33,477.0431,-10.0582,-15.4378,450.6087,-20.1959,-23.2734,475.6362,-25.1083,-17.0215,493.9878,7.5312,-13.0734,453.2592,-0.828,-21.5345,475.397,-7.8161,-16.9949,494.6728,34.6473,-0.3129,456.0958,32.161,-3.7673,479.9325,24.036,6.7342,492.0858
34.4444,48.8943,379.9368,23.6998,52.6826,371.949,-16.3589,0.4648,403.3805,0.0765,-1.2455,414.6477,15.9225,3.0872,419.0219,31.6119,5.4353,425.4592,-15.7029,43.5086,416.0226,-39.0277,38.078,442.1124,-55.5507,30.1178,465.8532,-36.012,-5.0126,445.5039,-46.3284,-7.8878,467.6156,-48.0263,-0.4406,483.9146,-18.123,-14.3172,456.6972,-28.8605,-22.0294,481.5059,-33.8242,-15.6155,499.7877,-0.5968,-12.2612,459.5764,-9.7298,-20.7468,481.9977,-16.9003,-16.2721,501.2216,26.2048,-0.6227,462.63,22.6588,-4.5957,487.0071,14.677,5.8604,499.2937
27.6462,48.8967,386.0527,17.1013,52.4002,377.6782,-23.8438,1.529,410.1581,-7.6784,0.2145,421.8607,8.0766,4.6743,426.4311,23.621,7.231,433.1352,-21.7217,44.4859,422.9715,-44.9498,39.7507,450.0708,-62.4736,32.7547,473.394,-43.8974,-2.0863,452.5745,-54.5715,-4.0106,475.1516,-56.2802,3.8514,491.2534,-26.6672,-12.1874,464.1327,-38.0111,-19.5963,489.3859,-43.1648,-13.1636,507.6084,-9.5774,-10.3784,466.7347,-19.3864,-18.742,489.1283,-26.9718,-14.545,508.2554,16.9556,-0.3783,469.9797,12.5601,-5.3962,494.2767,4.5594,4.8138,506.7565
21.5395,48.3863,393.1338,10.9712,51.8774,384.7837,-30.873,3.3995,419.6878,-14.5765,2.0583,431.2041,1.3625,6.2365,435.3863,17.0703,8.5973,441.7739,-27.7358,45.3814,430.4686,-50.9299,41.4888,457.8441,-69.5111,35.6482,480.6613,-52.094,0.613,461.7455,-63.4699,-0.8807,484.2912,-65.2393,7.6099,500.064,-34.8548,-9.6943,473.1012,-46.9851,-16.7247,498.1637,-52.3754,-10.1033,516.2497,-17.7839,-8.4859,475.4496,-28.5613,-16.7731,498.001,-36.6558,-12.7818,516.9628,8.685,0.7189,478.9045,3.0348,-4.5897,503.9237,-4.9011,5.527,516.5203
16.035,47.2043,400.3842,5.4018,51.0041,392.2539,-37.5074,4.9842,429.1363,-20.9756,3.1394,440.2402,-4.7649,6.6971,443.9219,11.1974,8.4875,449.8473,-33.2054,46.042,438.4831,-56.4792,43.0506,466.3518,-75.7895,38.5488,488.8651,-59.2587,2.9344,470.7454,-70.7984,1.8469,492.8202,-72.4637,10.6663,508.4229,-41.7625,-8.4048,482.0886,-54.2546,-15.3423,507.2377,-59.5669,-8.6782,525.331,-24.9421,-7.382,483.651,-36.2736,-15.2888,505.963,-44.4489,-11.3154,524.8938,2.1421,-0.0162,487.058,-4.0256,-5.8083,512.4028,-11.6793,4.2123,525.2484
11.1427,46.8001,407.0163,0.4892,51.0181,399.1223,-43.3222,6.535,436.8205,-26.639,4.0414,447.5654,-10.2317,6.9793,450.9074,5.9088,8.154,456.4944,-38.1023,47.3293,445.705,-61.4804,45.0946,473.9241,-81.2617,41.6426,496.2128,-64.7474,4.0135,478.3403,-75.985,2.6909,500.1176,-77.2838,11.4405,515.7942,-47.1611,-8.1714,489.1141,-59.3984,-15.4538,513.8896,-64.3087,-8.7574,532.0843,-29.7309,-7.4448,490.9122,-40.7083,-15.565,513.4336,-48.515,-11.5941,532.5199,-3.0138,-1.5998,493.3677,-9.0807,-8.2319,518.4396,-16.3296,1.6655,531.6113
6.5411,47.0759,410.7455,-4.0699,51.3117,402.804,-48.3254,7.7034,441.0021,-31.6673,5.1631,451.7751,-15.2309,7.9727,455.0842,0.9211,9.0475,460.658,-41.9239,48.318,450.6479,-65.1612,46.4803,480.0176,-85.1298,43.5647,502.2157,-70.1029,5.4612,482.5022,-81.6089,4.2766,504.4284,-82.8034,12.9743,520.1421,-51.7321,-6.0744,493.6514,-63.6295,-12.7377,518.482,-68.2509,-5.747,536.6417,-34.6124,-6.1506,494.9928,-45.4098,-14.0188,517.2261,-52.9548,-9.8511,536.3756,-8.2006,-2.1372,497.2435,-14.4317,-9.7776,522.2355,-21.45,0.0692,535.5691
4.1481,47.2576,413.3425,-6.4959,51.5142,405.4566,-50.7755,8.592,444.3968,-34.0466,6.0047,455.0481,-17.5599,8.7064,458.193,-1.3523,9.6946,463.6194,-44.3969,49.4064,453.2582,-67.6371,48.1139,482.5694,-87.8513,45.7597,504.6112,-72.5179,6.8788,485.6643,-83.8485,5.9859,507.17,-84.9315,14.7449,522.8578,-54.0713,-4.3516,496.6304,-65.7217,-10.3769,520.8231,-70.1701,-3.1383,538.9287,-37.0922,-4.5388,498.0045,-47.8264,-11.8178,519.8835,-55.3044,-7.3893,539.0007,-10.6743,-1.2794,499.9477,-16.995,-8.7202,524.58,-23.9058,1.1867,537.9251
3.3352,47.8528,413.8175,-7.33,52.036,405.921,-51.4434,9.2077,445.1521,-34.6947,6.7259,455.7974,-18.2118,9.4908,458.9072,-2.0005,10.5541,464.3085,-45.2066,49.6517,453.9102,-68.5212,48.1842,483.4493,-88.8233,45.978,505.4256,-73.0987,7.2233,486.4171,-84.3632,6.1911,507.8819,-85.4847,14.9627,523.56,-54.923,-3.6869,497.5021,-66.7912,-9.7961,521.9707,-71.2723,-2.5004,540.0453,-37.2634,-3.704,498.8912,-47.6987,-10.9313,520.7921,-55.0957,-6.4582,539.9304,-11.2613,-0.6583,500.414,-17.5114,-8.2254,524.7813,-24.4022,1.6875,538.1324
4.0255,48.3282,413.7973,-6.7355,52.5722,406.0648,-50.3114,9.1848,445.2822,-33.4418,6.6271,455.7165,-16.9332,9.4004,458.6789,-0.667,10.4455,463.916,-44.7909,49.0199,453.6238,-68.1089,46.8433,482.7651,-88.3759,44.1691,504.7219,-72.3319,7.0487,486.3529,-83.7903,5.9372,507.7242,-84.9793,14.6898,523.4079,-53.3272,-3.619,497.3711,-64.8875,-9.5755,521.5867,-69.3439,-2.2265,539.6459,-35.9735,-3.531,498.5472,-46.3072,-10.5493,520.185,-53.6407,-6.1056,539.3546,-9.3664,-0.8511,499.7297,-15.1682,-8.385,523.6147,-22.1052,1.491,536.9692
6.1375,47.5733,412.5711,-4.6857,51.7255,404.8756,-47.6679,7.5908,443.914,-30.7537,5.1858,454.3124,-14.2767,8.1472,457.2683,1.9825,9.3654,462.4899,-42.6952,47.3846,452.4786,-66.0211,44.7206,481.6918,-86.1102,41.4156,503.7261,-69.3204,5.2184,485.2434,-80.6313,3.9792,506.8329,-81.8158,12.6571,522.5584,-50.579,-4.7392,495.8627,-62.0147,-10.4641,519.8299,-66.4416,-2.9865,537.8435,-32.6219,-4.7205,497.3921,-42.5377,-11.6757,519.0795,-49.754,-7.2594,538.2998,-7.0503,-1.5471,498.3911,-13.0837,-8.8361,522.3712,-20.0714,1.0014,535.7277
8.5246,46.4536,411.2976,-2.3503,50.5818,403.6624,-44.9432,6.0386,442.6635,-27.9764,3.6783,452.9862,-11.5044,6.7155,455.8927,4.7679,7.9981,461.0577,-40.1503,45.6252,451.2595,-63.2921,42.5907,480.3994,-83.1869,38.7748,502.5271,-66.5585,3.5765,483.9616,-77.8238,2.2934,505.4852,-78.9784,10.9092,521.2471,-47.0913,-6.3861,494.744,-58.0791,-12.1715,518.7478,-62.3869,-4.7447,536.8111,-29.8204,-6.1789,496.103,-39.7575,-13.1747,517.9186,-46.9332,-8.8388,537.1724,-3.8459,-3.2961,496.8173,-9.5775,-10.8112,520.6119,-16.5601,-1.0949,534.0594
11.942,45.4246,410.2574,0.995,49.512,402.7037,-41.083,4.5756,441.8123,-24.0387,2.2841,452.0222,-7.5679,5.4125,454.8376,8.7278,6.7772,459.9067,-36.878,44.3759,449.8769,-59.8918,41.255,478.542,-79.566,36.8717,500.7616,-62.6282,1.4045,483.1508,-73.8867,-0.2525,504.7523,-74.9976,8.2033,520.6036,-43.1621,-7.7921,493.8698,-54.1954,-13.6055,518.0137,-58.4168,-6.2682,536.1339,-26.1769,-7.3395,494.9536,-36.2707,-14.2564,516.7131,-43.3487,-10.0397,536.0295,0.2604,-4.426,495.633,-5.3571,-11.8585,519.3349,-12.2735,-2.1945,532.8542
14.9076,43.9464,408.7268,3.9258,47.7182,401.0602,-37.4191,2.2317,440.3147,-20.3999,0.4159,450.661,-4.0223,3.9355,453.5574,12.2035,5.7096,458.7231,-34.3384,42.8451,448.675,-57.9519,39.8379,478.059,-77.6762,35.3935,500.222,-58.5001,-2.0204,481.925,-69.5879,-4.2568,503.8105,-70.8028,4.0502,519.7327,-39.3218,-11.0747,492.5563,-50.3687,-17.783,517.0153,-54.6913,-10.6325,535.1863,-21.8935,-9.5887,493.9703,-31.6807,-16.9952,516.1025,-38.7555,-12.9961,535.4662,4.2613,-6.2434,494.3717,-1.0151,-14.1842,518.0546,-8.0678,-4.6361,531.5857
16.2569,42.159,408.5839,5.2442,45.9205,400.9567,-35.858,0.1744,440.1644,-18.8074,-1.6205,450.4628,-2.4341,1.9421,453.3303,13.7987,3.7513,458.4618,-31.8215,40.0846,449.4431,-54.7142,36.4802,479.3895,-74.4713,32.1504,501.5459,-56.8542,-3.8166,481.7925,-67.8694,-5.9103,503.6317,-69.1283,2.3259,519.5873,-37.5607,-12.8375,492.4342,-48.4798,-19.3686,516.8722,-52.8002,-12.2549,535.0581,-19.8207,-11.029,493.7756,-29.1877,-18.0172,515.5654,-36.2319,-14.001,534.9367,6.881,-7.8018,494.2985,2.3076,-15.44,517.9911,-4.7001,-5.8781,531.536
17.5286,41.5296,408.7665,6.4217,45.7133,401.5045,-34.7589,0.047,440.7229,-17.5056,-2.3695,450.5454,-0.9873,0.7517,453.076,15.4055,2.0727,457.8342,-30.6282,39.3237,449.817,-53.4555,35.3869,479.5834,-73.1636,31.1859,501.8081,-55.7966,-4.4915,482.0494,-66.7084,-6.8454,503.4844,-67.9068,1.3067,519.4877,-36.3076,-13.6804,492.419,-47.2349,-20.2539,516.7548,-51.4579,-13.188,534.9822,-18.6356,-12.2932,493.411,-28.1556,-19.3301,515.1689,-35.1253,-15.3995,534.5847,8.8067,-9.99,493.3965,4.467,-17.9229,516.7837,-2.4207,-8.4495,530.4517
18.4459,40.3919,408.2422,7.3973,44.2352,400.7083,-33.5049,-1.9901,439.5614,-16.4078,-3.8944,449.7626,-0.024,-0.3554,452.599,16.2304,1.4039,457.6793,-29.693,38.1782,449.1707,-52.6113,34.4354,479.116,-72.0797,29.9743,501.5008,-54.3472,-6.2777,481.2903,-65.3105,-8.5331,503.2403,-66.4666,-0.5122,519.3129,-35.1266,-14.6967,491.764,-45.988,-20.9647,516.1349,-50.1425,-13.9266,534.3888,-17.3879,-13.5905,492.9168,-26.72,-20.7035,514.5852,-33.6022,-16.8569,534.049,9.9986,-11.2602,493.1827,5.8893,-19.6109,516.5938,-0.9884,-10.2061,530.3141
19.7654,39.5598,407.7943,8.6524,43.5248,400.4199,-32.0668,-2.7495,439.4066,-14.863,-4.8313,449.3912,1.5739,-1.4104,452.0607,17.8971,0.2147,456.9621,-28.8737,37.4358,448.598,-52.0885,33.669,478.4023,-71.1644,28.8348,501.0461,-52.9647,-7.8351,481.1071,-64.0056,-10.522,503.1387,-65.1341,-2.6209,519.2725,-33.4017,-15.9271,491.261,-44.1044,-22.333,515.4332,-48.1731,-15.341,533.7241,-15.327,-15.7929,492.0219,-24.3415,-23.464,513.3359,-31.1351,-19.8042,532.8668,11.5552,-13.6261,492.3298,7.3315,-22.8442,515.885,0.4164,-13.5607,529.6689
20.9812,38.5744,407.296,9.8454,42.5328,399.9524,-30.7273,-3.8074,439.0137,-13.4959,-5.878,448.9531,2.9443,-2.442,451.5827,19.2782,-0.8034,456.4435,-27.9802,36.5081,448.0791,-51.4641,32.7677,477.9583,-70.2288,27.8682,500.8468,-51.519,-9.1495,480.7347,-62.5037,-11.9718,502.7766,-63.5922,-4.1516,518.9525,-31.4622,-17.7464,490.7706,-41.7991,-24.5749,514.8305,-45.743,-17.6429,533.1715,-13.8378,-16.945,491.7219,-22.862,-24.7436,513.3058,-29.5967,-21.1224,532.8642,12.8821,-14.852,491.8298,8.6083,-24.2392,515.4747,1.7226,-14.9848,529.2929
22.5929,37.0556,407.276,11.377,41.2051,400.1636,-28.988,-5.238,439.3178,-11.6179,-7.5874,448.949,4.8941,-4.3341,451.3515,21.3192,-2.9044,455.9647,-25.6764,34.8784,448.402,-48.4674,30.987,478.0727,-66.5437,25.8273,501.4527,-49.2589,-11.2557,480.8992,-59.8062,-14.3868,502.5346,-60.8153,-6.7004,518.7797,-29.9359,-23.2047,489.3166,-39.2649,-26.5335,514.4341,-43.0849,-19.671,532.8274,-11.4216,-18.9516,491.5085,-20.1399,-26.7624,512.9664,-26.7472,-23.2672,532.5911,14.6092,-17.0304,491.2953,10.1212,-26.4786,514.9262,3.2804,-17.3025,528.8187
23.7141,34.9871,406.9843,12.4369,39.1111,399.9544,-27.5072,-7.5418,439.2901,-10.0654,-9.8492,448.8012,6.4509,-6.5438,451.0998,22.9014,-5.0661,455.6062,-25.085,32.6746,448.2141,-48.3561,28.6827,478.1448,-66.0101,23.3371,501.8041,-47.6055,-13.9225,480.7597,-57.9862,-17.2181,502.1785,-58.9339,-9.6679,518.4909,-27.9974,-26.0612,489.1077,-37.1574,-29.8213,514.2265,-40.8694,-23.0795,532.6865,-9.253,-22.3135,491.2034,-17.6998,-30.7956,512.7742,-24.1789,-27.6653,532.5029,16.2183,-19.6086,490.8849,11.7338,-29.367,514.5578,4.9618,-20.2992,528.5548
24.1195,33.2719,406.7463,12.8568,37.1936,399.5787,-26.8624,-9.6156,438.9567,-9.4812,-11.6222,448.6452,6.971,-8.0904,451.0644,23.3598,-6.3679,455.7066,-24.7787,30.8248,447.9329,-48.2027,26.861,478.0281,-65.6177,21.3372,501.8233,-46.464,-16.4824,480.7213,-56.66,-20.0542,502.4457,-57.5884,-12.6363,518.8198,-27.1817,-27.5391,489.171,-36.5253,-32.5231,514.0076,-40.2127,-25.8636,532.5023,-8.1574,-23.9724,491.1112,-16.2043,-32.4201,512.4122,-22.6052,-29.4226,532.187,17.0399,-22.2893,490.5192,12.7911,-32.9929,513.9229,6.0522,-24.0476,528.0143
25.6058,32.1473,406.5904,14.3647,35.8429,399.2704,-25.0356,-11.4031,438.4465,-7.7384,-13.0689,448.3475,8.6238,-9.252,450.938,24.9264,-7.2332,455.7607,-23.0538,29.7088,447.7903,-46.3275,25.8935,477.9688,-63.4352,20.1444,501.9328,-44.8915,-18.109,480.26,-55.2954,-21.6227,502.1692,-56.2739,-14.2978,518.5822,-25.3552,-29.5869,488.6688,-34.3668,-33.6218,513.7987,-37.9887,-26.9921,532.317,-6.5277,-25.0915,490.9651,-14.576,-33.5053,512.227,-20.9567,-30.5512,532.0148,18.9493,-23.6553,490.6141,14.9073,-34.7606,514.1833,8.1748,-25.8559,528.3035
26.1687,31.3019,406.4893,14.9245,34.9628,399.1566,-24.3085,-12.6368,438.0716,-7.0253,-14.2444,448.0067,9.3099,-10.3482,450.6487,25.5902,-8.2583,455.5164,-22.3192,28.2736,447.6153,-45.4264,24.1235,477.6806,-62.1165,17.9146,501.8237,-43.6721,-21.0202,479.9261,-53.8754,-25.4377,501.9806,-54.9579,-18.3629,518.4965,-24.2731,-31.8015,488.0475,-32.9359,-35.3322,513.3751,-36.5547,-28.7461,531.9096,-4.9949,-26.1955,490.7983,-12.5236,-34.536,511.9291,-18.8991,-31.6232,531.7248,19.5885,-24.8906,490.2593,15.5306,-36.1361,513.7497,8.712,-27.2478,527.8389
26.6667,31.0982,406.8112,15.3666,34.8988,399.6372,-23.7441,-12.8096,438.5423,-6.3635,-14.6197,448.2706,10.0246,-10.8523,450.7679,26.3706,-8.9116,455.4746,-21.9684,27.6004,447.6899,-45.0142,23.0954,477.3515,-61.4172,16.6925,501.6403,-43.0744,-21.4801,480.228,-53.1965,-26.0204,502.0562,-54.3017,-18.9823,518.5863,-23.7,-32.6989,488.0398,-32.3601,-36.1397,513.3807,-36.0112,-29.5738,531.9161,-4.3419,-26.6157,490.9669,-11.9177,-34.9281,512.1648,-18.2807,-32.0687,531.9723,20.4354,-25.5312,490.2712,16.4185,-36.7791,513.8211,9.5825,-27.8983,527.9065
27.8658,30.4861,406.6139,16.528,34.2702,399.4909,-22.2937,-13.6581,438.415,-4.8723,-15.4397,448.0752,11.5132,-11.6284,450.5225,27.8702,-9.6495,455.1745,-21.0902,26.691,447.4414,-44.3887,21.9969,477.1392,-60.5145,15.4857,501.5843,-41.93,-21.9443,480.0575,-52.2234,-26.2879,501.8867,-53.321,-19.2675,518.4248,-22.1783,-32.1559,488.4493,-31.2591,-37.184,513.3744,-34.9019,-30.6456,531.9211,-2.9947,-27.5645,490.6985,-10.6817,-36.0083,511.986,-16.9841,-33.1942,531.8194,22.049,-26.5922,489.7398,18.1194,-38.0293,513.0732,11.3217,-29.1916,527.2042
28.2078,28.9576,406.2902,16.8319,32.9441,399.3404,-21.9778,-15.3504,437.8213,-4.4799,-17.4219,447.2836,11.9558,-13.7721,449.6382,28.3702,-11.9914,454.1666,-20.4771,24.6334,447.2391,-43.5024,19.5045,476.7999,-59.2537,12.6663,501.3994,-41.1775,-24.4612,479.4187,-51.2034,-29.2186,501.1402,-52.37,-22.4019,517.7586,-21.6799,-35.3857,487.1642,-30.2073,-38.6174,512.5776,-33.8201,-32.1353,531.1499,-2.231,-29.5805,489.7716,-9.6696,-37.8694,510.815,-15.9155,-35.0336,530.6631,23.0768,-28.0599,488.9889,19.5276,-38.8338,512.3371,12.7156,-30.0013,526.4645
28.5928,28.4542,405.924,17.2394,32.2426,398.828,-21.2752,-16.5123,437.0238,-3.8598,-18.2836,446.6966,12.4896,-14.3744,449.2299,28.8207,-12.3271,453.943,-20.2791,24.1112,446.6784,-43.4742,19.0842,476.261,-59.0334,12.1358,500.9517,-39.9717,-25.8828,478.66,-49.6684,-30.7426,500.2539,-50.879,-24.0583,516.9228,-20.7761,-37.8344,485.9472,-28.8981,-40.0437,511.6016,-32.5262,-33.5434,530.1646,-1.5292,-30.7463,489.2414,-8.8967,-39.3506,510.2694,-15.1296,-36.3288,530.0942,23.9625,-28.767,488.8128,20.6906,-39.8388,512.2965,13.7951,-30.9753,526.3638
29.3689,28.1043,405.4269,17.9994,31.8605,398.3396,-20.3137,-17.1211,436.4478,-2.8899,-18.8408,446.115,13.4439,-14.8707,448.6535,29.7673,-12.7668,453.3684,-19.3608,23.5648,446.2907,-42.4605,18.4357,475.9387,-57.7992,11.3816,500.7371,-39.1733,-26.7603,478.0612,-49.0111,-31.7884,499.7683,-50.2422,-25.1618,516.4588,-19.5053,-36.6788,486.2988,-28.0202,-40.8622,511.5772,-31.6422,-34.3725,530.145,-0.7051,-31.5242,488.5782,-8.1693,-40.3098,509.6403,-14.3692,-37.2043,529.4625,24.7214,-29.0724,488.1107,21.3388,-40.0033,511.401,14.3828,-31.1175,525.4244
29.7716,27.9066,405.3108,18.3604,31.8489,398.3938,-19.9772,-17.249,436.3274,-2.466,-19.2399,445.7823,13.9294,-15.4458,448.1897,30.3211,-13.5438,452.7509,-19.1174,23.5844,446.2377,-42.28,18.4767,475.8069,-57.4854,11.4584,500.6974,-38.7891,-27.0396,477.8127,-48.5447,-32.1167,499.3263,-49.8319,-25.564,516.0417,-19.3361,-36.2743,486.2079,-28.1272,-40.9946,511.2965,-31.7673,-34.5032,529.8602,-0.1731,-32.2849,488.2164,-7.673,-41.2402,509.5031,-13.8067,-38.0372,529.3303,25.5028,-29.3381,487.6438,22.2836,-39.8904,510.9562,15.3398,-30.9627,524.9591
29.7165,27.4297,404.9777,18.3595,31.2066,397.8814,-19.8558,-18.4382,435.2221,-2.4682,-20.1757,444.9511,13.831,-16.1452,447.6143,30.1199,-14.0066,452.4316,-18.5695,23.0527,446.007,-41.3157,18.0304,475.6497,-56.2355,11.1614,500.7538,-38.592,-28.542,476.7524,-48.3512,-33.8048,498.3846,-49.7913,-27.51,515.1864,-19.2119,-36.8067,485.5966,-28.0053,-41.6463,510.6616,-31.6813,-35.1948,529.2321,-0.0178,-32.8455,487.7688,-7.376,-41.7189,509.1041,-13.4891,-38.3974,528.9181,25.2415,-29.6599,487.2639,21.9931,-40.0827,510.4573,14.9743,-31.1285,524.4057
30.0902,27.4261,404.8718,18.7344,31.2075,397.7761,-19.4371,-18.6244,434.9117,-2.0569,-20.3651,444.6533,14.2327,-16.3162,447.3471,30.5129,-14.1664,452.1887,-18.2814,23.0916,445.9633,-41.1394,18.0799,475.7197,-55.8589,11.3551,500.9806,-37.891,-29.5025,476.313,-47.4738,-35.1513,497.8119,-48.9555,-29.0439,514.6791,-19.1333,-37.5603,484.9239,-28.0035,-42.1533,510.0082,-31.7059,-35.6558,528.5575,0.597,-32.5105,487.5625,-6.5691,-41.0213,508.6972,-12.6437,-37.4811,528.4852,25.93,-29.5679,487.0259,22.8919,-39.7781,510.1206,15.8486,-30.7506,524.0094
29.5122,27.2264,404.6192,18.1675,31.0171,397.5108,-20.03,-18.9662,434.4154,-2.6687,-20.7179,444.1886,13.6108,-16.6599,446.9292,29.8785,-14.5075,451.8119,-18.8312,22.3716,445.5473,-41.6445,17.0409,475.1664,-56.2234,10.2861,500.5008,-38.3285,-30.0942,475.9268,-47.883,-35.9046,497.6019,-49.4241,-29.8863,514.4958,-19.3363,-38.899,484.1966,-27.9376,-43.3654,509.3972,-31.6097,-36.8609,527.95,0.2565,-32.9704,487.1225,-6.7367,-41.5116,508.1703,-12.7806,-37.9022,527.9553,25.7341,-29.5084,486.8451,22.9894,-39.443,510.0465,15.9504,-30.3685,523.9067
30.007,26.4496,404.043,18.5967,30.4016,397.1299,-19.475,-19.7069,433.9947,-1.998,-21.6935,443.5135,14.3465,-17.7851,446.0791,30.6936,-15.8059,450.7656,-18.4041,21.4184,445.126,-41.2296,15.8767,474.7345,-55.5437,8.9906,500.1842,-38.1154,-30.7562,475.2885,-47.8057,-36.5002,496.7554,-49.3577,-30.4992,513.6545,-18.8383,-40.5202,483.1489,-27.2358,-43.8609,508.5914,-30.8661,-37.2803,527.1256,0.6213,-33.9982,486.2569,-6.592,-42.519,507.3725,-12.5972,-38.9149,527.1702,26.3783,-30.2045,486.1015,23.5142,-39.761,509.5544,16.4771,-30.669,523.4041
30.5142,24.8035,403.265,19.1174,28.5752,396.23,-18.6257,-21.8924,432.9426,-1.2136,-23.6075,442.6315,15.0526,-19.4708,445.3331,31.3273,-17.2545,450.1634,-17.6352,19.3698,444.1512,-40.2013,13.7177,473.5748,-53.9577,6.5625,499.2568,-36.8347,-32.7969,474.5755,-46.3536,-38.4973,496.3394,-47.8236,-32.5061,513.2493,-17.7993,-42.1194,482.5216,-26.0795,-45.4215,508.0076,-29.667,-38.8517,526.554,1.6734,-35.5527,485.6542,-5.3488,-43.9935,506.8171,-11.2871,-40.391,526.6353,27.2065,-31.4677,485.4597,24.4831,-40.8613,508.787,17.4407,-31.8251,522.6705
31.2023,22.9572,402.5354,19.7039,26.8726,395.7488,-17.6198,-23.9684,432.3748,-0.0537,-25.8884,441.7421,16.2725,-21.8532,444.2263,32.6353,-19.7686,448.8112,-17.0789,16.6973,443.3588,-39.6199,10.4617,472.5348,-52.7963,2.843,498.387,-35.5714,-35.5769,473.8079,-44.8979,-41.6079,495.3339,-46.3177,-35.6993,512.2771,-16.6174,-44.3742,481.6535,-24.9152,-47.9113,507.1022,-28.5002,-41.4686,525.6936,2.7795,-37.7046,484.6759,-4.3297,-46.0563,505.9879,-10.2144,-42.5673,525.8423,28.9777,-33.5976,484.13,26.5742,-42.6851,507.3394,19.5837,-33.8171,521.357
31.5402,20.7915,401.2219,20.028,24.5253,394.3568,-16.6115,-27.2836,430.3112,0.9045,-28.9203,439.8249,17.1251,-24.5814,442.4833,33.402,-22.206,447.23,-15.9666,14.4749,442.4002,-37.9331,8.3414,471.7199,-50.4177,0.3222,497.7934,-33.921,-38.5818,472.006,-42.8688,-44.4221,493.5594,-44.2062,-38.5885,510.5352,-14.7627,-47.548,480.0312,-22.5123,-50.4716,505.7293,-26.0138,-44.167,524.3839,4.0827,-40.8301,482.996,-2.8144,-49.4229,504.4202,-8.6259,-46.193,524.3399,30.6241,-36.634,482.3553,28.8007,-46.105,505.4127,21.815,-37.556,519.6294
32.3788,19.4357,400.1301,20.7764,23.286,393.4846,-15.3548,-29.2363,428.9146,2.2829,-31.0332,438.1712,18.5323,-26.7272,440.7042,34.8664,-24.424,445.2869,-15.1617,11.7821,440.9997,-36.9769,4.799,469.8424,-48.7319,-3.847,496.0544,-32.4514,-41.4324,470.4675,-41.3002,-47.7448,491.9742,-42.6143,-42.0165,508.9877,-13.2716,-50.451,478.0461,-21.1951,-54.7104,503.5034,-24.7523,-48.6388,522.2246,5.9828,-43.8541,480.9616,-0.6375,-52.8891,502.1987,-6.4059,-49.9292,522.1728,32.7704,-38.6732,480.3925,31.4008,-47.9846,503.3328,24.3525,-39.6742,517.6597
32.0802,17.6503,398.4268,20.5422,21.125,391.4695,-14.9376,-32.2221,426.3208,2.5065,-33.4546,436.0258,18.5562,-28.6651,438.9359,34.6968,-25.8634,443.9099,-15.3747,9.2886,439.0984,-37.263,2.0753,468.1243,-48.634,-6.9049,494.3932,-31.4253,-44.4159,468.3727,-40.0712,-50.8102,490.4239,-41.3756,-45.1151,507.4494,-12.1824,-48.2631,478.1573,-20.6251,-56.7744,502.373,-24.2616,-50.7963,521.109,6.328,-45.6372,479.0701,-0.0276,-54.4585,499.9299,-5.8557,-51.6196,519.9042,33.0977,-40.4319,478.8385,32.0552,-49.9296,501.6094,24.899,-41.7985,515.9855
31.9741,17.367,398.4086,20.3745,20.9553,391.6132,-14.9595,-32.5283,426.4033,2.5873,-33.9256,435.8984,18.6913,-29.2357,438.6672,34.9002,-26.5518,443.4816,-15.816,8.9641,438.9825,-37.8649,1.6585,467.8421,-49.0765,-7.3662,494.1642,-31.8206,-45.2194,468.0181,-40.5991,-51.8269,489.6845,-41.9681,-46.1291,506.7039,-12.5736,-51.4872,476.7731,-20.8081,-57.8538,501.6861,-24.5189,-51.9359,520.4267,6.6417,-46.9022,478.7898,0.3024,-56.1964,499.898,-5.5394,-53.4845,519.886,33.0734,-41.0614,478.5383,31.878,-50.5561,501.4787,24.6393,-42.4829,515.8462
32.4448,16.9935,398.1464,20.8201,20.5667,391.3861,-14.2946,-33.0827,426.1428,3.2781,-34.4556,435.5936,19.3765,-29.7304,438.3347,35.5898,-27.0154,443.1167,-14.6167,8.399,438.7631,-35.9595,1.0707,467.2971,-46.7712,-7.9745,493.779,-30.894,-45.5084,467.7661,-39.4569,-51.9182,489.2377,-40.7814,-46.2014,506.2543,-11.731,-51.9164,476.5673,-19.9515,-58.7257,501.3677,-23.6447,-52.8836,520.1355,7.4196,-47.3517,478.4662,1.1416,-56.6039,499.5374,-4.6788,-53.9351,519.5374,34.2315,-41.3419,478.029,33.3497,-50.6425,500.6937,26.1285,-42.6844,515.134
33.5878,16.8127,397.6865,21.9153,20.3834,391.0077,-12.9241,-33.3271,425.9467,4.7125,-34.6953,435.2782,20.8252,-29.9602,437.916,37.0681,-27.2371,442.592,-13.2731,8.1364,438.7835,-34.5792,0.7211,467.711,-45.1102,-8.2657,494.3256,-29.4995,-45.5671,467.7375,-38.0966,-51.9155,489.4129,-39.3446,-46.169,506.4253,-9.804,-50.2898,477.1847,-18.1473,-59.2528,501.2705,-21.7714,-53.4544,520.0653,8.7098,-48.0069,477.9733,2.2963,-57.5602,499.1783,-3.4747,-54.9787,519.2041,35.8304,-41.6337,477.4962,35.0265,-50.9849,500.1679,27.8713,-43.1113,514.6872
34.3908,16.8962,397.5371,22.6903,20.4582,390.9029,-12.0019,-33.2055,426.0597,5.674,-34.5617,435.3184,21.7978,-29.8234,437.8819,38.0603,-27.0944,442.4855,-12.0548,8.8056,439.1886,-33.1112,1.7439,468.4508,-43.3473,-7.0559,495.2423,-28.1954,-45.4904,468.0268,-36.6119,-51.8755,489.8391,-37.7847,-46.114,506.8518,-8.8184,-52.4966,476.2734,-16.6833,-59.0265,501.2634,-20.2288,-53.2287,520.0734,9.6734,-47.9483,477.9544,3.2383,-57.5683,499.2233,-2.4881,-55.0034,519.264,37.1162,-41.1958,477.5426,36.5025,-50.3624,500.3314,29.4196,-42.4796,514.8811
35.1806,17.3969,397.5428,23.4608,20.9329,390.9285,-11.0949,-32.6882,426.2842,6.6042,-34.0067,435.504,22.7292,-29.2468,438.0191,38.9998,-26.4917,442.5784,-11.0752,9.3044,439.4339,-32.0353,2.247,468.8719,-42.126,-6.4633,495.7477,-26.9953,-45.1521,468.2521,-35.2343,-51.6104,489.998,-36.3484,-45.8302,507.0083,-7.7965,-52.7139,476.1447,-15.4948,-58.6794,501.327,-19.0182,-52.897,520.1459,10.8346,-47.1579,478.2222,4.532,-56.6483,499.5244,-1.1628,-54.0616,519.5713,38.2083,-40.8737,477.5534,37.6932,-50.2316,500.3104,30.6369,-42.3678,514.8833
35.8749,17.6051,397.681,24.1312,21.1252,391.1009,-10.2818,-32.4499,426.6647,7.4492,-33.7458,435.8262,23.5808,-28.9752,438.2781,39.8658,-26.2059,442.7771,-10.3977,9.225,439.6782,-31.416,1.9811,469.2481,-41.3656,-6.6237,496.2104,-26.4329,-44.9012,468.5279,-34.7962,-51.3487,490.2052,-35.9001,-45.557,507.2122,-6.922,-52.8626,476.2863,-14.5329,-58.5456,501.5603,-18.0151,-52.7601,520.3859,11.6899,-46.9736,478.4571,5.385,-56.5169,499.7612,-0.2748,-53.9272,519.8176,39.0103,-40.7105,477.6956,38.4538,-50.1468,500.4126,31.4117,-42.3019,515.0026
35.3607,17.1214,397.5017,23.6555,20.4736,390.767,-10.6185,-33.153,426.3874,7.0235,-34.2018,435.7499,23.0803,-29.2536,438.3373,39.2877,-26.2887,442.9894,-10.8296,9.2003,439.6347,-31.8729,2.3213,469.4545,-41.8369,-6.0968,496.4703,-26.4819,-45.1166,468.5144,-34.7015,-51.3155,490.3426,-35.787,-45.4977,507.3418,-7.2464,-52.4419,476.6482,-14.9483,-58.7427,501.7476,-18.4536,-52.9485,520.5662,11.5831,-47.0828,478.6627,5.5001,-56.516,499.9983,-0.157,-53.9082,520.0532,38.651,-40.9133,477.8593,38.2368,-50.4267,500.5422,31.1898,-42.5928,515.1357
34.758,17.0369,397.3063,23.0514,20.37,390.5648,-11.1859,-33.2342,426.2541,6.4552,-34.2555,435.6214,22.5075,-29.2906,438.2049,38.7116,-26.3061,442.8558,-11.4236,8.9199,439.4857,-32.5014,1.9194,469.3956,-42.526,-6.3804,496.4256,-26.6694,-45.2605,468.5444,-34.7092,-51.5051,490.5035,-35.7895,-45.6815,507.5011,-7.5554,-50.7393,477.3465,-15.4748,-59.0122,501.7973,-19.0129,-53.2015,520.6047,11.1778,-47.2118,478.5595,5.1766,-56.7045,499.9349,-0.5017,-54.1125,519.9858,38.4218,-41.0709,477.8582,38.2321,-50.7345,500.7673,31.1871,-42.9286,515.3768
33.6451,16.1429,397.1979,21.9577,19.4931,390.4315,-12.4232,-34.0891,426.0156,5.1954,-35.1358,435.4224,21.2475,-30.191,438.0449,37.4444,-27.2277,442.7342,-12.5501,8.0812,439.2877,-33.6244,1.1118,469.1248,-43.7782,-7.06,496.1456,-27.7384,-46.0206,468.3055,-35.6533,-52.1868,490.1612,-36.7964,-46.3728,507.158,-8.6296,-53.0641,476.6104,-16.2347,-59.9894,501.5744,-19.7979,-54.1831,520.3784,10.3087,-48.0104,478.4305,4.55,-57.3914,499.6914,-1.1682,-54.8349,519.7355,37.3391,-41.9697,477.7546,37.2701,-51.6207,500.681,30.1836,-43.8565,515.2926
32.2167,15.0865,396.9598,20.5581,18.4541,390.1525,-14.0108,-35.119,425.5679,3.5716,-36.1912,435.0394,19.619,-31.2651,437.7253,35.8014,-28.3223,442.4771,-14.1233,7.2302,438.9182,-35.2985,0.3774,468.6926,-45.7157,-7.5818,495.6765,-28.9902,-47.1734,467.8963,-36.7121,-53.3875,489.7168,-37.9107,-47.6191,506.7253,-9.8984,-55.5769,475.6812,-17.1056,-60.7775,501.1765,-20.6993,-54.9752,519.9759,8.9018,-49.0001,478.0352,3.3098,-58.2539,499.068,-2.501,-55.7483,519.0919,35.9008,-42.6981,477.5492,35.9656,-52.0786,500.4343,28.8413,-44.3386,515.0403
31.9502,15.2366,396.6923,20.2867,18.5862,389.8846,-14.2403,-34.9353,425.4188,3.3475,-35.9818,434.8833,19.3941,-31.0436,437.5516,35.5776,-28.0847,442.2894,-14.5557,7.3955,438.675,-35.8909,0.543,468.551,-46.4198,-7.2443,495.5418,-29.9364,-47.4224,467.4922,-38.0847,-53.9048,489.3336,-39.3644,-48.166,506.3462,-10.5412,-54.2583,475.8964,-18.179,-61.1277,500.8658,-21.8182,-55.3212,519.6552,7.7294,-49.1625,477.7159,1.5527,-58.757,498.9839,-4.366,-56.2781,518.9795,35.1604,-42.861,477.2787,34.8873,-52.5299,500.174,27.719,-44.8279,514.7786
31.2201,15.3713,396.6875,19.5619,18.7136,389.8671,-15.0192,-34.7012,425.509,2.5637,-35.7386,434.9836,18.6127,-30.8059,437.6476,34.7963,-27.8478,442.3857,-15.4484,7.8338,438.7599,-36.9574,1.1497,468.798,-47.6596,-6.4361,495.7779,-30.7798,-47.3695,467.4384,-38.9334,-53.9232,489.1301,-40.2618,-48.1943,506.1423,-11.5489,-55.2177,475.3618,-19.1411,-61.0206,500.6142,-22.8283,-55.2094,519.3928,7.051,-49.0202,477.8004,0.9282,-58.666,499.0643,-5.0183,-56.1835,519.0512,34.0197,-42.7445,477.4914,33.5087,-52.5465,500.5908,26.293,-44.8572,515.1788
30.1835,15.5457,396.7071,18.6044,18.7435,389.6856,-16.1408,-34.5571,425.3387,1.3082,-35.3848,435.0777,17.2837,-30.3186,437.9268,33.3765,-27.2061,442.8708,-16.5251,8.597,438.5808,-38.0749,2.3728,468.575,-49.0511,-4.8843,495.5353,-31.9555,-47.1797,467.4216,-40.2058,-53.7647,489.3756,-41.5872,-48.0395,506.3848,-12.5248,-54.9275,475.5219,-20.001,-60.6608,500.8247,-23.7118,-54.8103,519.5865,5.4243,-48.6684,477.8666,-0.8362,-58.3551,498.9504,-6.8768,-55.8714,518.909,32.7378,-42.5146,477.785,32.3177,-52.5822,500.7462,25.0828,-44.9033,515.3301
29.6253,15.8821,397.028,18.0055,19.2448,390.1523,-16.914,-33.9076,425.8564,0.6295,-34.9788,435.4,16.6875,-30.0985,438.106,32.8648,-27.1858,442.8936,-17.5192,9.3446,438.8915,-39.3488,3.2609,468.8413,-50.6485,-3.7438,495.7346,-33.5046,-46.4395,467.7207,-42.1836,-52.9951,489.6208,-43.7144,-47.3678,506.6499,-13.9342,-53.4063,476.1103,-21.9209,-60.202,500.9906,-25.7005,-54.3753,519.7459,4.3286,-48.1125,478.0796,-2.206,-57.6373,499.2152,-8.2991,-55.1281,519.1546,31.6097,-42.3175,477.8951,30.7836,-52.2772,500.9334,23.5325,-44.6065,515.5136
28.8895,16.3712,396.8834,17.2878,19.7418,389.981,-17.7268,-33.4476,425.5366,-0.2083,-34.5298,435.1248,15.8428,-29.6531,437.8779,32.0076,-26.7462,442.7109,-18.0007,9.7027,438.7499,-39.6319,3.5489,468.6443,-51.109,-3.4177,495.4723,-34.1888,-46.9981,467.2833,-42.8651,-54.1399,489.2858,-44.5676,-48.8222,506.3979,-14.6759,-51.2355,476.8622,-23.0676,-60.9254,501.0714,-26.9019,-55.2183,519.8524,3.3129,-47.7274,477.9295,-3.3638,-57.3584,499.2713,-9.497,-54.8844,519.2028,30.8765,-42.0836,477.7313,30.1296,-52.2117,500.857,22.8673,-44.5659,515.4447
28.6597,16.5583,396.6331,17.0672,19.8941,389.6985,-17.8843,-33.406,425.1503,-0.3896,-34.4356,434.7875,15.6387,-29.5101,437.5863,31.7809,-26.5543,442.465,-18.7568,9.9245,437.8889,-40.6206,3.8399,467.3001,-52.4475,-3.1716,493.964,-34.1369,-47.743,466.4954,-42.6089,-55.2164,488.0473,-44.4349,-50.0762,505.2009,-14.8282,-50.9746,476.5558,-23.189,-60.5516,500.7421,-27.0367,-54.8432,519.52,3.1688,-47.514,477.6703,-3.4701,-57.0992,499.0107,-9.6196,-54.6488,518.9401,29.8764,-41.7121,477.4711,28.6211,-51.7033,500.5452,21.3139,-44.0459,515.1044
27.7219,16.3463,395.5029,16.2269,19.4185,388.2897,-18.4839,-34.3524,423.2639,-1.1948,-34.9895,433.2978,14.6684,-29.7389,436.4267,30.6364,-26.444,441.6494,-19.7611,9.4312,436.3082,-41.7029,3.3419,465.5851,-54.2195,-3.7552,491.9093,-34.6175,-49.056,464.609,-43.0624,-56.7525,486.2506,-45.2672,-51.9902,503.4686,-15.6485,-51.0377,475.4029,-24.0649,-60.3826,499.9208,-28.1029,-54.7057,518.6682,2.529,-47.7075,476.8952,-4.017,-57.3968,498.7173,-10.2907,-54.9776,518.6117,29.2534,-41.2311,476.9423,28.3388,-51.0098,500.2812,20.9509,-43.3375,514.7917
27.2305,16.0142,394.6986,15.7565,18.9462,387.3943,-18.5098,-35.3825,421.942,-1.3,-35.8072,432.1226,14.4621,-30.3471,435.4,30.3381,-26.8463,440.7673,-20.7854,8.4841,434.6731,-42.9594,2.1356,463.3623,-56.6344,-5.0758,489.0721,-34.286,-52.0978,462.4692,-42.467,-60.7658,483.4852,-45.0356,-56.5046,500.7839,-16.2557,-52.0191,473.711,-24.8752,-61.3625,497.6797,-29.2203,-55.7749,516.3853,1.634,-48.5213,475.5362,-5.2747,-58.3092,497.1521,-11.814,-55.9598,516.9692,28.6449,-41.6546,475.9341,27.5288,-51.4157,499.1145,19.857,-43.8441,513.5304
26.8587,14.986,393.3092,15.4164,17.6942,385.8699,-18.2332,-37.2027,420.1245,-1.1355,-37.2935,430.5003,14.4851,-31.5382,433.9465,30.2317,-27.7365,439.4872,-21.7444,6.642,432.6281,-44.3429,-0.079,461.0629,-59.0626,-7.4351,486.1471,-34.5376,-55.0735,460.1664,-43.0856,-64.4427,481.1593,-46.1089,-60.4974,498.4594,-16.2869,-53.3844,472.0733,-25.0219,-62.661,496.0407,-29.6753,-57.0891,514.6767,1.1756,-50.0912,473.6781,-5.968,-60.0491,495.0032,-12.8037,-57.7856,514.7301,28.3137,-42.3054,474.8163,27.0466,-51.9309,498.1578,19.1021,-44.4301,512.4624
26.35,13.462,392.2319,14.893,16.1643,384.8131,-18.5046,-39.0777,418.7581,-1.4022,-39.1555,429.1264,14.1947,-33.353,432.6001,29.9271,-29.5158,438.1569,-22.4388,4.3901,430.5878,-44.8093,-2.6654,458.0175,-60.3187,-10.1885,482.5707,-34.5162,-58.1747,458.1375,-42.8249,-68.0844,478.5721,-46.1784,-64.4169,495.8725,-16.6254,-56.0544,470.542,-25.4639,-65.8658,494.5875,-30.4122,-60.3942,513.1772,0.7422,-51.3279,472.4337,-6.4389,-60.9231,493.6974,-13.5284,-58.6617,513.3348,27.819,-43.512,473.5731,26.4321,-52.7202,496.8739,18.2259,-45.2533,511.048
26.3656,12.6461,390.7852,14.9278,15.228,383.2943,-18.0656,-40.4306,416.9527,-1.0321,-40.3281,427.4335,14.475,-34.3542,431.0169,30.1261,-30.3464,436.6819,-22.6441,3.4112,429.1802,-45.3184,-3.7201,456.8719,-61.4396,-11.3101,481.007,-34.048,-60.1275,456.0744,-42.3525,-70.362,476.4021,-46.0038,-66.9523,493.6949,-16.2879,-56.6072,468.922,-25.0919,-66.0018,492.865,-30.1879,-60.5182,511.4112,0.9626,-52.6421,471.0143,-6.361,-62.5539,492.6925,-13.5837,-60.3752,512.2907,27.9652,-44.6002,472.1209,26.5378,-54.0161,495.5316,18.1451,-46.6514,509.6498
27.0849,12.0183,389.544,15.7185,14.3586,381.8674,-16.773,-41.742,415.2793,0.0931,-41.2834,426.0182,15.4326,-35.0125,429.8097,30.9197,-30.6957,435.6938,-22.0069,2.5436,427.8399,-44.8787,-4.6195,455.7118,-61.3591,-12.2317,479.5959,-32.5269,-62.4103,453.9283,-40.688,-73.1172,473.9499,-44.4888,-69.9951,491.2648,-15.392,-57.7875,467.6361,-24.4283,-67.4184,491.9221,-29.6864,-62.0196,510.4479,1.3898,-53.0394,469.7674,-6.2297,-62.8208,491.4484,-13.637,-60.6792,510.9816,28.3539,-44.5507,471.3058,26.6567,-53.7152,494.8618,18.0957,-46.3845,508.8964
27.6417,11.3877,388.4072,16.2852,13.63,380.6868,-15.9419,-42.5889,414.156,0.8855,-41.9868,424.9485,16.1704,-35.6029,428.7716,31.6091,-31.166,434.6937,-21.4734,1.8044,426.4987,-44.3009,-5.3449,454.195,-60.9629,-12.8768,477.9784,-31.5254,-64.0721,452.3734,-39.5771,-75.1721,472.1194,-43.5865,-72.2192,489.417,-14.5054,-59.1543,466.2732,-23.4678,-69.1511,490.3372,-28.8755,-63.8657,508.8527,2.6005,-54.2184,468.5557,-4.7402,-64.2885,490.0769,-12.2537,-62.2519,509.5808,29.0773,-44.9461,470.2317,27.4081,-54.0309,493.6611,18.6899,-46.7624,507.6311
29.1556,11.0594,387.4476,17.7162,13.324,379.8572,-14.2352,-42.8358,413.6879,2.7151,-42.2669,424.288,18.0548,-35.9126,427.9373,33.5684,-31.5057,433.6834,-20.0639,1.4467,425.3666,-42.769,-5.6913,452.7169,-59.444,-13.1099,476.5267,-30.0411,-64.7281,451.5647,-38.2015,-76.0307,471.12,-42.3111,-73.1299,488.4028,-12.769,-59.367,465.5413,-21.7646,-69.3014,489.5077,-27.2734,-64.0021,507.9893,4.292,-54.8549,467.7547,-3.2377,-65.2183,489.5389,-10.8488,-63.2212,509.0089,30.6898,-45.2132,469.4298,28.7798,-54.3088,493.1492,19.982,-47.0629,507.081
30.4425,10.5492,386.2519,19.1501,12.3655,378.3282,-12.1826,-44.0016,412.3921,4.4633,-42.7822,423.4115,19.529,-35.9517,427.3318,34.7649,-31.0243,433.3895,-18.5493,0.9143,424.3786,-41.3879,-6.023,452.2764,-58.1128,-13.2736,476.103,-28.0358,-65.5991,450.738,-36.3454,-76.9197,470.8375,-40.5669,-73.9848,488.0876,-11.0153,-60.2024,464.6692,-20.0517,-70.3724,488.7556,-25.6717,-65.1192,507.2169,5.7084,-54.7681,467.2249,-1.8647,-65.0789,489.0849,-9.5731,-63.0505,508.5135,31.7492,-44.8714,469.0887,29.747,-54.0647,492.7897,20.8323,-46.8161,506.6456
31.5342,10.0813,385.9063,20.2384,11.8105,377.9679,-10.851,-44.5565,412.2541,5.7819,-43.2117,423.2785,20.8129,-36.2937,427.1787,36.0217,-31.2689,433.2246,-17.048,0.4755,424.3447,-39.6182,-6.3857,452.4174,-56.3194,-13.5018,476.301,-26.4402,-66.3256,450.501,-34.5696,-77.6775,470.4456,-38.8348,-74.7879,487.6925,-9.532,-60.8134,464.4884,-18.4622,-71.0777,488.5195,-24.1487,-65.8529,506.9684,7.4459,-55.399,466.9835,0.1552,-65.8197,488.6943,-7.6097,-63.8448,508.1058,33.3443,-45.1281,469.0663,31.5602,-54.3632,492.9495,22.6,-47.1479,506.7934
33.1161,10.1385,385.7245,21.7868,11.7881,377.817,-8.9426,-44.583,412.4196,7.7204,-43.1235,423.3838,22.7337,-36.1251,427.208,37.9401,-31.0109,433.1845,-15.5578,0.2848,424.1988,-38.2091,-6.6925,452.3316,-54.8676,-13.7389,476.2657,-24.7466,-66.4315,450.5925,-33.0109,-77.8567,470.5541,-37.2753,-74.9609,487.8002,-7.4662,-60.8457,464.7222,-16.3638,-71.2289,488.9418,-22.0494,-66.0249,507.397,8.7427,-55.4411,466.8257,1.0682,-66.0364,488.5572,-6.7431,-64.128,507.9567,35.2497,-45.018,469.0746,33.4511,-54.3816,493.0667,24.4698,-47.2303,506.9301
34.416,11.0353,385.5197,23.0524,12.5994,377.6442,-7.369,-43.6505,412.713,9.3297,-42.0695,423.6059,24.3346,-34.9998,427.3304,39.5466,-29.8001,433.2182,-14.1607,1.2537,424.3326,-36.8115,-5.6522,452.751,-53.399,-12.5957,476.7644,-22.902,-65.6291,450.9583,-31.0381,-77.1413,470.9909,-35.2718,-74.1988,488.2367,-5.7786,-60.2554,465.0412,-14.7129,-71.0097,489.5442,-20.3903,-65.7931,507.9983,10.7833,-54.7356,467.0727,3.2934,-65.6437,489.0386,-4.4392,-63.7487,508.4709,36.5669,-44.1835,469.1105,34.5648,-53.8479,493.2271,25.5621,-46.7186,507.0881
35.1699,11.0679,385.6622,23.7943,12.5982,377.7973,-6.4651,-43.6792,412.9619,10.2419,-42.0494,423.8348,25.2353,-34.9426,427.535,40.4423,-29.7029,433.4005,-13.2623,1.2046,424.5298,-35.7845,-5.7201,452.9327,-52.3801,-12.6514,476.944,-22.057,-65.5889,451.3011,-30.2534,-77.1065,471.4554,-34.4904,-74.1511,488.6981,-4.5729,-59.88,465.437,-13.306,-70.3908,489.9607,-18.9606,-65.1327,508.41,11.9364,-54.6936,467.3373,4.5914,-65.602,489.32,-3.1258,-63.7431,508.7619,38.0974,-43.8992,469.4282,36.5212,-53.4417,493.6456,27.5545,-46.3243,507.5358
35.9104,10.8728,385.6603,24.5126,12.3899,377.8251,-5.5609,-43.97,413.0172,11.1703,-42.3202,423.8497,26.1605,-35.1904,427.5187,41.3729,-29.9291,433.3506,-12.3417,0.8732,424.5831,-34.6902,-6.1105,452.9371,-51.2593,-13.0384,476.9677,-20.9577,-65.8602,451.3989,-29.034,-77.3426,471.5317,-33.2708,-74.4216,488.7804,-3.5473,-60.153,465.4874,-12.2237,-70.6658,490.0335,-17.8543,-65.4111,508.4911,12.9087,-54.8213,467.4624,5.5694,-65.6937,489.5849,-2.1261,-63.8533,509.0372,38.8788,-44.1934,469.4097,37.199,-53.8007,493.6961,28.2209,-46.715,507.5952
36.0894,10.7497,385.3869,24.7727,12.1027,377.4054,-5.1759,-44.3097,412.6199,11.4068,-42.4238,423.6406,26.282,-35.1235,427.44,41.3714,-29.6748,433.4177,-11.9395,0.9071,424.4849,-34.2661,-5.9016,453.1165,-50.8102,-12.7703,477.1814,-20.3843,-66.0353,451.1987,-28.3724,-77.4465,471.4618,-32.6031,-74.5199,488.7111,-2.8626,-60.5638,465.4812,-11.3265,-71.3235,490.2986,-16.956,-66.1137,508.7693,13.2886,-54.8898,467.3366,6.112,-65.8072,489.3726,-1.5801,-64.0008,508.8294,39.2129,-44.3559,469.414,37.7558,-54.2673,493.7156,28.7781,-47.2108,507.6299
36.7194,10.6029,385.7056,25.2989,12.0932,377.8983,-4.6445,-44.1909,413.322,12.116,-42.5034,424.1034,27.1123,-35.3556,427.7117,42.3379,-30.0706,433.4873,-11.3943,0.9153,424.8948,-33.6598,-5.8675,453.4123,-50.1401,-12.6157,477.5548,-19.8753,-66.1892,451.6058,-27.8266,-77.6734,471.5919,-32.0275,-74.7063,488.8415,-2.2614,-60.8025,465.7611,-10.7671,-71.6284,490.4062,-16.3983,-66.4012,508.8715,13.8745,-55.0993,467.5745,6.5521,-66.0204,489.6244,-1.1292,-64.2233,509.0864,39.9394,-44.3922,469.6233,38.3196,-54.0636,494.0262,29.3388,-46.9835,507.9265
36.845,9.9215,385.7614,25.4953,11.2543,377.8234,-4.3437,-45.0101,413.3661,12.2872,-43.0971,424.3094,27.1836,-35.7942,428.0193,42.3022,-30.3354,433.9133,-11.0872,0.1934,424.9426,-33.2899,-6.5198,453.5403,-49.6872,-13.2027,477.7574,-19.7146,-66.2428,451.9519,-27.7113,-77.2892,472.0264,-31.8691,-74.1892,489.263,-2.0968,-60.9728,466.0135,-10.5671,-71.4993,490.5719,-16.1743,-66.2377,509.0347,14.0176,-55.348,467.8787,6.772,-66.109,489.8142,-0.908,-64.3046,509.2761,40.3095,-44.6547,469.9734,38.9678,-54.2966,494.2547,30.0086,-47.2107,508.1659
37.0093,9.7612,385.8681,25.5612,11.2067,378.0929,-4.2651,-44.8579,413.9606,12.5342,-43.109,424.6717,27.5445,-35.9426,428.1834,42.7917,-30.6261,433.8727,-10.9505,0.2533,425.3209,-33.1241,-6.3987,454.0026,-49.4483,-12.9629,478.3015,-19.7738,-66.2357,452.5392,-27.8913,-77.4252,472.7317,-32.0424,-74.2447,489.9553,-1.8656,-60.9423,466.3889,-10.3453,-71.4439,490.9554,-15.9467,-66.1556,509.4123,14.6369,-55.8729,468.0289,7.5069,-66.882,490.0389,-0.1454,-65.1158,509.5152,40.8294,-44.785,470.1472,39.5025,-54.3598,494.6774,30.5694,-47.2759,508.6064
36.9079,9.692,385.9311,25.4628,11.1287,378.1499,-4.3741,-44.9003,414.0643,12.4208,-43.1392,424.7801,27.4293,-35.9682,428.2903,42.6739,-30.6447,433.9801,-11.1541,0.23,425.3518,-33.4125,-6.395,454.0444,-49.6574,-12.9685,478.3938,-19.9359,-66.0148,452.8132,-28.0991,-77.0907,473.1395,-32.2427,-73.8235,490.3487,-2.0289,-60.985,466.4936,-10.5436,-71.5009,491.0741,-16.172,-66.1984,509.5187,14.5586,-55.6467,468.3505,7.4257,-66.5525,490.5518,-0.2457,-64.7348,510.0158,40.5959,-44.7586,470.2818,39.1901,-54.3074,494.8415,30.2345,-47.2226,508.7557
36.7995,9.9256,386.0746,25.3552,11.3489,378.2897,-4.4807,-44.6261,414.2891,12.3128,-42.8464,425.0042,27.3202,-35.6685,428.5048,42.5635,-30.3345,434.188,-11.3538,0.3882,425.4362,-33.6829,-6.2788,454.1142,-49.6287,-12.9143,478.6438,-20.0039,-65.7613,452.9534,-28.113,-76.8019,473.1509,-32.2379,-73.4806,490.3542,-2.1963,-60.7335,466.7096,-10.755,-71.2848,491.3109,-16.3898,-65.9368,509.7404,14.4643,-55.3215,468.598,7.3349,-66.2203,490.8322,-0.3502,-64.3742,510.2881,40.4893,-44.5191,470.4326,39.0872,-54.1074,494.9329,30.1208,-47.0191,508.8383
36.1021,9.818,385.972,24.7548,11.086,378.0201,-5.1022,-44.8744,414.0245,11.526,-42.8724,424.9558,26.4225,-35.5409,428.6085,41.5404,-30.0352,434.4606,-11.9126,0.322,425.3472,-34.2665,-6.2402,454.1997,-49.6108,-12.8935,479.1052,-20.3536,-65.7257,453.0258,-28.3491,-76.6571,473.4723,-32.4398,-73.2646,490.6699,-2.6701,-60.588,466.9429,-11.0733,-71.0746,491.7966,-16.7065,-65.6581,510.2066,13.8579,-55.1272,468.7635,6.9085,-65.9603,490.9731,-0.7921,-64.0782,510.4194,39.8829,-44.4338,470.6221,38.7631,-54.1614,495.0524,29.7904,-47.0645,508.9493
35.283,9.147,385.7751,23.9316,10.4411,377.833,-6.0955,-45.331,413.9879,10.5523,-43.3686,424.8967,25.4804,-36.0856,428.5175,40.6254,-30.6246,434.3413,-12.6257,0.0836,425.2906,-34.8907,-6.2246,454.1942,-49.6193,-12.7902,479.4917,-21.3165,-65.9041,453.2243,-29.3247,-76.728,473.8675,-33.4052,-73.3024,491.0609,-3.5856,-60.9179,467.0223,-11.9684,-71.3233,491.9999,-17.5841,-65.8647,510.4028,13.0239,-55.4974,468.7743,6.1391,-66.2265,491.0245,-1.5662,-64.3362,510.4682,39.0505,-44.7912,470.667,37.9845,-54.3807,495.2563,29.024,-47.2589,509.1483
35.0882,9.2959,386.1718,23.6422,10.7663,378.3981,-6.5659,-44.7827,414.7452,10.2588,-43.0762,425.4231,25.3272,-35.9962,428.8607,40.621,-30.7504,434.4903,-13.1797,0.1036,425.5527,-35.591,-6.3862,454.253,-49.9559,-12.9473,479.7599,-22.0998,-65.4401,453.6622,-30.2144,-76.2309,473.9915,-34.2772,-72.7573,491.1795,-4.2604,-60.9684,467.2192,-12.8533,-71.5576,491.9554,-18.4661,-66.0856,510.3553,12.4823,-55.7245,468.9572,5.3481,-66.6819,491.2274,-2.3364,-64.7802,510.6782,38.6369,-44.7947,470.7865,37.2961,-54.2862,495.3162,28.3572,-47.1585,509.2192
34.7265,9.5149,386.5406,23.2812,10.9839,378.7656,-6.9937,-44.4489,415.2345,9.8348,-42.7417,425.9063,24.9129,-35.6741,429.3267,40.2143,-30.4363,434.9429,-13.4392,0.5229,425.8937,-35.7153,-5.8232,454.4835,-49.8341,-12.3687,480.1314,-22.5423,-65.3325,454.0132,-30.66,-76.2356,474.2591,-34.697,-72.7461,491.45,-4.5365,-60.8318,467.5064,-12.9947,-71.4788,491.9901,-18.5733,-65.9877,510.3947,12.0294,-55.6551,469.233,4.8893,-66.7288,491.3494,-2.7861,-64.8286,510.8039,37.814,-44.5087,471.2953,36.1876,-54.044,495.9271,27.2577,-46.9193,509.8373
34.443,9.7712,386.5155,22.9884,11.2128,378.7492,-7.2108,-44.1459,415.393,9.6282,-42.4005,426.042,24.7054,-35.3144,429.4278,40.0096,-30.0524,435.0139,-13.3896,1.0542,426.2167,-35.4622,-5.1096,455.0181,-49.4768,-11.6204,480.7319,-22.5905,-64.9648,454.3915,-30.6648,-75.8947,474.8658,-34.6816,-72.3918,492.0587,-4.7571,-60.3375,467.7506,-13.2374,-70.9115,492.3382,-18.7973,-65.4094,510.7451,11.8786,-54.9711,469.5858,4.7482,-65.898,491.9091,-2.9057,-63.9828,511.3706,37.7084,-43.8038,471.5642,36.1461,-53.1396,496.378,27.2248,-46.0531,510.3133
34.0691,10.2359,386.6437,22.6889,11.4958,378.7377,-7.3732,-43.84,415.5283,9.327,-41.8345,426.3487,24.2946,-34.5695,429.8401,39.4823,-29.107,435.55,-13.5909,1.4931,426.4489,-35.67,-4.5943,455.4849,-49.6834,-11.0849,481.2045,-22.835,-64.3067,454.7699,-30.9863,-75.0966,475.4577,-35.0022,-71.5534,492.6426,-4.7685,-59.6604,468.3826,-13.129,-70.2337,493.3144,-18.6675,-64.7209,511.7246,11.6112,-54.3764,470.1701,4.5026,-65.4775,492.7737,-3.1298,-63.5994,512.2472,38.0014,-43.1933,472.1271,36.9928,-52.7861,497.0362,28.1047,-45.7522,511.0192
34.081,10.637,386.7995,22.6936,11.8816,378.9013,-7.3609,-43.3401,415.8692,9.3509,-41.3142,426.668,24.3257,-34.0476,430.1252,39.5217,-28.5777,435.8057,-13.6639,2.1188,426.6241,-35.8005,-3.8253,455.6806,-49.7985,-10.2172,481.4333,-22.9536,-63.9673,455.0556,-31.2046,-74.8824,475.7914,-35.2135,-71.3274,492.9754,-4.9858,-59.3261,468.7425,-13.547,-70.0818,493.8672,-19.1001,-64.5738,512.2743,11.8067,-54.1836,470.2902,4.8054,-65.4448,492.7528,-2.8029,-63.5893,512.2379,38.0663,-42.9903,472.2728,37.0746,-52.8097,497.1179,28.2039,-45.8007,511.1245
33.8564,10.7103,386.7863,22.4674,11.947,378.8893,-7.5821,-43.2328,415.9236,9.1322,-41.1963,426.7164,24.1082,-33.9269,430.1625,39.3059,-28.4517,435.8336,-13.8702,2.2502,426.6313,-35.9902,-3.6526,455.6935,-50.0266,-9.9909,481.4385,-23.3263,-63.6462,455.1002,-31.634,-74.4177,475.7725,-35.6576,-70.8394,492.9482,-5.2649,-59.2757,468.7612,-13.8678,-70.0789,493.8846,-19.4329,-64.576,512.2897,11.5805,-54.0662,470.3299,4.5724,-65.3325,492.8001,-3.0311,-63.4852,512.2879,38.0414,-42.7912,472.4385,37.1776,-52.588,497.4469,28.3168,-45.5757,511.4582
33.6771,10.814,386.3464,22.2127,12.1812,378.5811,-7.8799,-42.9286,415.6848,8.9679,-41.0798,426.3024,24.0399,-33.9491,429.6174,39.3432,-28.625,435.1466,-14.3227,2.2585,426.057,-36.5296,-3.7727,454.9139,-50.8453,-9.9876,480.5349,-23.7051,-63.5679,454.6692,-32.04,-74.4382,475.2015,-36.1239,-70.8471,492.3603,-5.661,-59.2016,468.2116,-14.3917,-70.0168,493.2234,-20.0162,-64.5363,511.6172,11.3731,-54.0867,469.8406,4.259,-65.3966,492.4314,-3.3757,-63.5664,511.9086,37.9283,-42.8551,471.9499,36.9574,-52.6191,497.2027,28.0813,-45.6083,511.205
32.6393,10.5051,385.202,21.3246,11.6213,377.1811,-8.5915,-43.7922,413.9739,7.9853,-41.58,424.9427,22.853,-34.1623,428.5385,37.9355,-28.5334,434.3645,-15.3783,1.7511,424.371,-37.6048,-4.2262,452.9483,-52.3535,-10.4516,478.3199,-24.1836,-64.2401,453.1608,-32.3987,-75.0137,473.8075,-36.6555,-71.4657,490.9333,-6.0434,-59.5982,467.0999,-14.4155,-70.3512,492.2587,-20.1941,-64.9514,510.6285,10.3916,-53.8387,468.7253,3.4866,-64.7417,490.9933,-4.3177,-62.9497,510.4068,36.7059,-42.699,471.0438,35.8657,-52.3783,496.1068,26.8056,-45.3883,510.0012
32.597,9.7196,384.2384,21.4055,10.5787,376.0156,-8.1354,-45.1429,412.646,8.2047,-42.5597,423.8856,22.87,-34.849,427.6899,37.7439,-28.909,433.7394,-15.5566,0.7645,423.086,-37.9754,-5.1882,451.636,-53.3875,-11.333,476.6302,-24.0459,-65.1177,452.1715,-32.5149,-75.7501,473.2105,-36.926,-72.1781,490.2922,-6.6612,-60.4396,465.874,-15.5504,-71.1311,490.9815,-21.588,-65.8161,509.2927,10.1086,-54.531,468.0323,2.9632,-65.5513,490.6209,-4.9914,-63.83,509.9796,36.4909,-43.1523,470.4638,35.633,-52.9046,495.609,26.4466,-45.9082,509.417
32.0625,8.6313,383.6816,20.8529,9.5549,375.4906,-8.599,-46.4661,411.7337,7.7653,-43.971,422.958,22.4378,-36.2889,426.7924,37.3239,-30.3954,432.8571,-17.2865,-0.4032,421.4203,-40.339,-6.4222,449.1814,-58.1627,-12.1453,472.6241,-25.1027,-66.9025,450.5131,-33.7828,-77.6509,470.9089,-38.6067,-74.1904,487.9017,-7.2921,-62.5536,464.5028,-16.2758,-73.6405,489.2896,-22.6842,-68.6231,507.5587,9.3696,-55.6888,467.1518,2.0589,-66.5417,489.7301,-6.1347,-64.9493,509.0,35.4631,-43.7799,469.8184,34.191,-52.9295,495.085,24.7532,-45.9082,508.7096
31.5301,7.9282,382.9212,20.546,8.4941,374.3987,-8.5966,-47.8536,410.3846,7.3673,-44.8451,422.0509,21.7321,-36.7684,426.2249,36.2881,-30.4517,432.6539,-19.6632,-0.1877,418.5389,-43.8339,-5.4065,445.0727,-64.6491,-10.1981,466.1385,-25.525,-69.4856,448.4359,-34.4736,-80.9205,468.5502,-40.1509,-77.8752,485.3577,-8.8248,-64.0075,463.1142,-18.5515,-75.5185,487.7812,-25.8679,-71.0939,505.8614,7.3721,-56.8546,466.2411,-0.7995,-68.2848,489.0125,-9.7098,-67.1318,507.9935,32.7665,-43.6999,469.4054,30.3681,-52.7222,494.4341,20.2576,-45.8009,507.6202
31.0365,7.4666,382.3773,20.5057,7.2062,373.2869,-8.0709,-48.9413,410.0315,7.1089,-44.767,422.3664,20.874,-35.8978,426.9335,34.7856,-28.6888,433.8334,-24.0659,-0.0052,413.1433,-50.7717,-4.3261,437.024,-75.3124,-7.4026,454.003,-25.267,-72.6396,446.8065,-34.3956,-85.22,466.3288,-41.5916,-83.1365,482.6958,-10.0207,-66.717,462.1578,-20.4755,-80.1138,486.4438,-29.2176,-77.3138,504.2127,5.1145,-56.3841,466.3841,-3.9099,-68.1152,488.9747,-13.9037,-68.0103,507.4439,29.0686,-42.4191,470.6793,25.1182,-51.9066,496.1393,13.9847,-45.3264,508.6592
30.9212,8.1656,380.9374,20.9202,7.0553,371.3276,-7.6913,-48.1777,409.4069,6.6368,-42.8246,422.2928,19.8189,-33.232,427.1108,33.076,-25.1727,434.3502,-28.4819,1.7864,405.153,-57.9746,-1.3591,425.3466,-85.7371,-2.5099,436.6567,-24.8499,-77.856,442.1551,-34.1525,-93.9463,459.9098,-42.8679,-94.9178,475.6292,-9.2615,-70.2051,460.5466,-19.3139,-87.5175,484.7341,-28.9918,-88.3331,502.2176,3.5461,-55.4759,466.1165,-6.0066,-68.5337,489.0139,-16.6705,-70.7071,506.9737,25.1051,-39.5307,471.749,19.4379,-49.739,498.339,7.3897,-43.955,510.3967
29.8274,8.4073,379.7874,20.5055,6.4801,369.639,-8.9803,-47.5241,408.7985,4.3282,-41.0544,422.2531,16.8999,-30.8154,427.3633,29.4316,-21.9764,434.9751,-33.0649,1.19,395.7506,-64.7794,-1.9417,411.2091,-94.585,-2.2506,414.6052,-24.8317,-82.8641,436.5584,-33.5301,-102.2569,451.7916,-43.4756,-106.4972,466.1827,-9.2185,-73.7633,458.5726,-18.0465,-95.0789,482.2411,-28.1254,-99.3247,498.9859,1.5872,-55.1261,466.4929,-7.6718,-69.8259,490.1531,-18.0314,-74.9315,507.6919,19.545,-37.2557,472.41,12.3895,-48.3143,499.5039,-0.4536,-43.8569,511.3016
27.7993,6.9358,377.5058,19.4942,4.0255,366.7281,-10.2178,-49.8552,405.8868,1.5236,-42.0369,420.0647,13.0358,-30.8661,425.6935,24.3719,-20.985,433.8767,-36.2993,-3.9534,385.3509,-68.8381,-8.6067,396.2117,-98.3403,-10.1283,390.9861,-24.1607,-88.7159,430.5602,-31.9735,-110.491,444.3856,-42.3831,-117.4395,457.3223,-9.6519,-76.6544,455.6869,-16.9722,-99.3297,479.0203,-26.8724,-105.8795,495.1165,-2.4077,-55.7831,464.8036,-11.8549,-71.0255,488.7282,-21.7915,-77.9611,505.8793,12.3068,-35.158,471.5305,3.5036,-45.4993,499.0043,-9.8923,-42.0579,510.5243
25.5324,4.7958,374.6843,18.7756,0.7797,363.2031,-10.8528,-53.8596,401.3612,-1.4733,-44.5349,416.3637,8.393,-32.2227,422.6934,17.8945,-21.1105,431.6012,-37.8477,-12.2727,373.4406,-70.4815,-19.7952,379.3407,-97.5947,-23.4549,367.033,-22.326,-95.7768,423.1913,-28.9071,-119.821,435.7133,-39.165,-129.6381,446.7768,-10.6625,-80.6257,450.991,-16.6721,-104.2285,473.6366,-25.9895,-112.9957,489.0094,-8.0689,-56.8677,461.5505,-18.1365,-71.9399,485.3143,-28.1659,-80.114,501.855,3.7391,-34.8673,468.6303,-6.5804,-44.8962,495.6249,-20.6162,-42.5983,506.6574
23.4203,1.921,371.0642,17.8208,-2.6779,359.1858,-11.2192,-58.5105,396.0469,-3.6053,-48.3982,411.5314,4.972,-35.3999,418.3486,13.0632,-23.5846,427.7316,-37.8324,-20.2954,367.7501,-70.4208,-29.9091,366.4962,-94.5379,-35.2187,349.4617,-19.1763,-102.4215,415.7999,-23.7726,-127.786,427.2099,-33.0238,-139.8663,436.8265,-10.6443,-85.8778,445.4748,-15.2717,-110.5168,467.7891,-23.5641,-121.1357,482.57,-11.871,-60.9856,456.5294,-22.1999,-76.6758,479.9436,-32.0958,-85.9986,495.9484,-2.9681,-35.1952,464.7359,-14.656,-43.6603,491.7149,-29.1375,-42.3279,502.3221
20.93,-1.555,367.1672,16.4571,-6.6447,355.0144,-11.9016,-63.5221,390.7927,-5.9918,-52.7591,406.5798,1.3278,-39.1865,413.7357,8.0486,-26.7853,423.4389,-38.1011,-28.1255,361.5702,-69.3318,-39.6799,354.7046,-90.3797,-46.3719,334.4017,-16.5302,-108.6564,409.1521,-19.2194,-134.8784,419.8184,-27.3634,-148.433,428.4178,-10.4798,-90.9086,440.327,-13.436,-116.0383,462.5568,-20.5344,-127.9913,476.9352,-14.1908,-65.3957,451.89,-23.6657,-81.3978,475.1851,-33.4899,-91.2198,490.9334,-8.3661,-37.0307,460.0317,-20.1859,-44.4082,486.3813,-35.0083,-43.7912,496.5751
19.485,-5.5785,364.3705,16.2452,-11.1705,352.0483,-10.9998,-69.0974,386.9985,-6.9551,-57.685,402.917,-1.053,-43.537,410.2654,4.1408,-30.5497,420.1378,-37.6755,-34.9758,354.6678,-67.652,-47.982,345.2735,-86.2145,-55.6901,323.002,-14.1634,-114.4509,404.104,-15.9736,-140.4023,413.8918,-23.1692,-155.0905,421.4072,-9.9739,-96.6395,435.5846,-11.952,-122.1658,456.9912,-18.0936,-135.1066,470.9489,-15.7612,-70.7547,447.8342,-24.6935,-87.284,470.6498,-34.3789,-97.7964,486.0342,-13.7144,-39.1219,456.0125,-26.4495,-45.236,481.6,-41.4922,-45.2508,491.4853
18.017,-8.4262,361.5736,15.6843,-14.3666,349.2094,-11.3706,-72.6048,383.788,-8.6497,-60.7512,399.6654,-3.6903,-46.2563,407.0344,0.4617,-32.9,416.9076,-37.3852,-40.1397,349.8205,-66.117,-54.0709,338.1411,-83.3541,-62.3987,315.0429,-13.8115,-118.263,400.6454,-15.2174,-144.5605,410.3547,-21.9076,-159.7057,417.4161,-10.3494,-99.9012,432.2681,-11.4646,-125.5871,453.6584,-17.0936,-139.0249,467.3602,-19.1341,-73.0316,444.5958,-28.5055,-89.279,467.3882,-38.4006,-99.9093,482.5566,-18.9984,-39.7658,452.249,-32.8604,-44.6566,477.4238,-48.2044,-44.836,486.8329
16.5213,-9.6443,360.0338,14.2071,-15.4223,347.5895,-14.1044,-73.5547,381.3299,-11.3387,-61.906,397.3504,-6.2139,-47.5679,404.9104,-1.9377,-34.3801,414.9556,-38.8552,-41.2162,347.3276,-66.9706,-54.755,333.8286,-83.6502,-62.6365,310.1712,-17.4505,-119.9957,396.8822,-19.4057,-147.1327,405.9699,-26.2982,-162.4753,412.3808,-13.3067,-101.0484,430.0712,-14.6006,-126.782,451.583,-20.3216,-140.3507,465.1166,-21.8688,-74.3291,442.4496,-31.3824,-90.5921,465.2625,-41.6001,-101.2806,480.174,-22.3351,-40.3503,449.7757,-36.8193,-44.5897,474.5015,-52.3053,-44.682,483.6763
14.1062,-9.8617,358.7256,11.5427,-15.1563,346.1161,-19.6953,-72.7683,378.1221,-16.4006,-61.7383,394.477,-10.5941,-47.8955,402.4558,-5.6986,-35.2309,412.8843,-43.1093,-37.3677,345.2187,-72.0946,-48.4055,331.2895,-89.1941,-54.0466,307.294,-28.7505,-119.014,391.5857,-34.0249,-145.9513,399.428,-42.6512,-160.7008,405.0885,-22.6837,-102.4579,424.7469,-26.8219,-129.2768,444.6833,-34.0165,-142.9779,457.3528,-28.235,-75.0553,438.631,-38.9052,-91.4832,460.5119,-50.3672,-101.9196,474.6789,-26.3536,-39.8718,447.4941,-40.9412,-43.1494,471.9372,-56.4986,-42.6132,480.9749
9.7353,-5.993,358.0809,5.5168,-9.6369,345.3321,-31.0199,-65.4467,374.8224,-24.9934,-56.6109,391.7224,-16.7191,-44.5128,400.3347,-9.3264,-33.6961,411.3555,-50.9291,-26.7567,343.9998,-81.2319,-34.1507,330.4695,-99.0341,-36.2361,306.4127,-48.2504,-109.9358,386.4178,-58.322,-135.9407,393.1955,-69.7735,-148.6819,398.7203,-34.6185,-98.7712,418.3298,-40.9002,-126.2865,435.6948,-49.0438,-140.1289,447.6141,-35.1247,-72.3167,435.4179,-46.1961,-89.0415,456.5213,-58.3256,-99.045,470.4426,-28.9819,-37.6368,446.2634,-42.753,-40.3977,470.7207,-57.7073,-38.6376,480.5832
2.9199,-0.1256,356.6391,-2.3431,-2.123,343.9146,-43.1131,-56.3237,370.7367,-35.2692,-49.7542,387.9215,-25.2806,-39.4237,397.0048,-16.1782,-30.4926,408.4282,-60.4996,-12.0324,343.1233,-92.6334,-15.0518,332.432,-111.769,-12.8656,309.4309,-65.6449,-99.0478,380.8198,-78.9402,-124.2577,386.7694,-91.8982,-135.4932,392.233,-49.423,-92.5968,410.5411,-58.585,-120.3299,425.1832,-67.6446,-134.4667,436.0494,-44.2031,-67.9448,430.8139,-55.4631,-84.9164,450.9321,-67.7997,-94.8897,464.6923,-34.3614,-34.9489,443.9203,-47.0588,-38.0608,468.7046,-61.1463,-35.6819,479.6538
-4.7584,7.2307,354.6793,-10.4682,5.9088,342.0597,-51.7757,-48.3628,367.898,-43.2281,-42.7286,385.0792,-32.6936,-33.0451,394.2582,-23.0077,-24.8373,405.7441,-68.8431,-2.6472,342.4612,-101.7058,-4.9991,334.0638,-121.3261,-1.4303,311.6516,-75.8873,-88.9826,380.3152,-89.8374,-112.4838,387.4994,-103.1658,-121.9199,395.0701,-58.9118,-85.761,406.1246,-69.0454,-113.5654,419.7225,-78.5384,-127.727,430.1787,-52.6463,-61.9081,426.7484,-64.3869,-78.8918,445.8665,-77.0735,-88.7108,459.4178,-39.6731,-29.0111,441.7363,-51.2352,-31.9068,466.7069,-64.9215,-29.2826,478.0998
-9.1459,12.9881,353.2354,-14.6672,11.1558,340.5958,-53.6278,-44.4919,367.1425,-45.5176,-38.1313,384.2822,-35.5366,-27.7875,393.3588,-26.3559,-18.913,404.7635,-72.4696,-0.0725,344.3116,-104.7027,-2.5559,333.7826,-125.3682,0.2919,312.2227,-75.2699,-83.9099,384.5169,-87.4576,-106.1079,394.3012,-99.88,-114.2591,404.462,-59.8266,-80.3442,407.3667,-69.0178,-107.4592,422.1947,-77.9289,-121.4034,433.4264,-54.8722,-55.0045,427.2977,-66.1531,-70.8836,447.0986,-78.756,-80.112,461.1343,-43.336,-22.5499,440.52,-55.0741,-25.0641,465.238,-69.0194,-22.26,476.2681
-8.8334,16.6038,351.0137,-13.7524,14.0132,338.2585,-48.3388,-44.4061,364.9102,-41.4002,-36.9771,382.1342,-32.6996,-25.5779,391.2642,-24.7378,-15.6666,402.7309,-70.5829,-1.1018,343.0369,-102.4047,-4.7201,331.623,-124.7694,-3.1662,311.6879,-62.1393,-85.9277,384.7345,-69.8509,-109.1294,395.8121,-80.6733,-118.9026,406.3648,-50.9398,-78.8727,408.3808,-57.0942,-105.9011,425.3135,-64.4335,-119.8914,437.5775,-51.1147,-52.3588,426.2758,-61.9298,-68.087,446.8378,-74.1304,-77.2576,461.2615,-42.1373,-20.1631,438.0977,-54.1391,-23.2647,462.4926,-68.4911,-21.1746,473.1533
-5.6853,14.1954,346.7354,-9.6273,10.9294,333.7972,-39.1036,-50.5392,359.7217,-33.9074,-42.1897,377.1367,-26.9647,-29.805,386.4865,-20.7181,-18.9498,398.1593,-64.7206,-9.9304,337.051,-95.3545,-15.2781,323.3044,-119.0644,-16.3183,304.9534,-45.2754,-94.1751,378.8002,-48.7219,-118.5428,389.4543,-57.3173,-131.1309,399.0282,-39.476,-83.5199,404.9222,-43.0446,-110.005,422.7276,-49.3393,-124.0376,435.5128,-43.4941,-57.7184,421.3758,-53.1507,-74.0257,441.7585,-64.9631,-84.0811,455.9132,-38.423,-25.3547,432.9539,-50.5981,-29.7591,456.8811,-65.556,-29.0025,466.8656
-3.6688,8.3788,339.0764,-6.5846,5.1907,325.85,-32.6208,-59.0707,348.4755,-29.1143,-50.8477,366.3664,-23.7166,-38.2391,376.4108,-19.0269,-27.2745,388.6946,-60.2884,-19.18,327.5712,-90.791,-24.555,313.5462,-116.293,-26.8435,297.9126,-32.8804,-104.8801,362.7497,-33.0251,-130.4141,370.7061,-38.9094,-145.5031,378.5609,-32.3887,-92.6402,393.8786,-34.4888,-119.4447,411.5241,-39.9002,-134.2347,423.8518,-38.8597,-67.6692,410.8716,-47.7563,-84.9594,431.1174,-59.1464,-96.1084,444.7909,-36.9868,-35.5481,422.8192,-49.2945,-41.218,446.2044,-64.4704,-41.8862,455.8608
-3.8708,3.2155,331.397,-6.9206,1.4202,317.9405,-33.7603,-64.4222,334.1806,-30.0142,-58.0972,352.7806,-24.3636,-46.6443,364.0012,-19.4306,-37.0428,377.2898,-61.6318,-20.6495,318.7264,-93.5381,-23.3122,307.2855,-120.8646,-23.3784,294.9057,-33.5802,-111.6658,342.1241,-33.4802,-137.9072,346.5364,-38.455,-154.2257,352.2775,-32.6226,-103.3309,373.999,-34.2902,-132.2499,387.5645,-39.2322,-148.7131,397.789,-37.7467,-78.1707,397.2095,-45.5858,-96.6369,416.6609,-56.7496,-107.7153,430.5764,-36.3183,-48.9693,410.6774,-47.8346,-57.1024,433.4457,-62.5646,-59.0048,443.6146
-5.7902,1.6989,326.6974,-9.094,0.5824,313.2274,-37.7297,-65.0524,327.0624,-33.5126,-59.6567,345.8534,-27.3417,-48.8786,357.4617,-21.915,-40.0171,371.0681,-62.8164,-23.3517,308.5299,-96.2276,-21.079,302.6541,-125.8426,-21.8864,297.9318,-41.2192,-112.8752,331.4619,-43.1793,-139.738,333.9331,-49.5399,-155.7969,338.9982,-39.798,-106.1612,363.0855,-43.8117,-135.8581,374.0897,-50.4997,-152.5641,382.8179,-43.6969,-79.0636,390.6326,-53.2894,-96.7672,410.0875,-66.1056,-106.1087,423.8527,-40.2693,-51.6714,403.7828,-52.7894,-59.6212,426.0987,-68.0054,-61.1237,435.5967
-4.1702,1.9011,326.3241,-6.8502,0.092,312.7909,-35.6867,-65.0144,328.5692,-32.3627,-58.6607,347.2396,-26.7925,-47.2705,358.5637,-22.0453,-37.7017,371.9432,-59.68,-16.6786,292.5732,-92.7804,-22.7534,297.4167,-121.4717,-27.1647,304.9897,-44.7349,-112.0392,333.2898,-49.8101,-138.4157,335.9376,-58.9193,-153.2282,340.5865,-43.4603,-102.8351,367.6195,-50.528,-130.9682,380.5987,-60.2533,-145.6369,390.0985,-46.9027,-76.0566,390.9876,-58.7242,-92.9782,410.0476,-73.2411,-101.1538,422.8311,-42.2058,-47.8729,403.9504,-55.9137,-54.7887,425.7132,-72.2406,-54.9692,433.2895
-1.7006,4.4113,329.2655,-4.7152,2.6272,315.7995,-34.5203,-61.8393,332.3845,-30.6557,-55.5133,350.9599,-24.6052,-44.2142,362.1279,-19.3691,-34.7148,375.3738,-56.7915,-14.1602,293.7261,-89.1259,-23.8405,297.8225,-114.3202,-30.9039,312.4976,-57.9576,-102.6376,340.0209,-70.8274,-125.0408,344.2143,-85.3084,-133.903,350.1945,-46.9799,-96.2618,373.3047,-57.1743,-121.709,387.2589,-69.4821,-133.8109,397.3614,-46.4121,-71.1494,394.5425,-59.054,-86.7641,413.3338,-74.8288,-93.3326,425.5408,-39.7268,-42.8719,407.4354,-53.4325,-48.3636,429.0207,-70.2098,-47.5307,435.4881
-1.2896,9.4367,331.1807,-3.7193,8.0332,317.5524,-33.1472,-57.3541,330.8882,-30.1508,-51.5597,349.7945,-24.7457,-40.53,361.5474,-20.2108,-31.3763,375.2861,-55.7978,-11.416,297.7898,-87.3689,-23.3896,301.7771,-109.4762,-31.9527,320.1602,-66.1275,-87.2353,343.5717,-82.909,-102.4399,350.0256,-98.1101,-104.3842,359.4674,-54.297,-88.0165,370.8963,-69.0281,-110.258,383.7702,-83.8644,-119.7895,393.2059,-46.2974,-67.5324,393.5401,-58.5972,-82.9429,411.7986,-75.2417,-88.3512,423.4052,-39.7663,-40.4404,407.3399,-52.8417,-46.5009,428.7719,-69.8994,-45.6384,434.4543
-0.384,10.7853,330.5082,-2.1926,9.812,316.7465,-30.2215,-56.813,326.4843,-28.1995,-51.6299,345.6949,-23.6234,-40.8893,358.052,-19.9452,-32.1192,372.2881,-52.075,-14.8154,297.0937,-82.6087,-28.5568,302.9987,-103.5752,-36.8218,322.8,-67.4656,-81.5625,338.642,-86.4925,-94.2064,344.8531,-101.5759,-94.2889,354.6757,-53.8945,-86.1011,367.3696,-69.3457,-106.8298,380.4033,-85.0251,-114.3852,390.2557,-46.4144,-67.0745,389.6977,-59.3565,-81.9441,407.6681,-76.7407,-86.5219,418.5232,-41.1067,-41.2208,402.7503,-55.0539,-47.2196,422.8274,-72.5153,-45.3342,426.77
1.8605,6.5055,327.5139,0.7172,6.0833,313.6533,-26.1521,-61.4884,319.2601,-25.1486,-57.0899,338.7447,-21.4071,-46.7916,351.7426,-18.6031,-38.5615,366.4909,-48.2151,-21.2524,295.231,-77.8973,-36.7757,301.0615,-96.4445,-45.3349,323.0329,-64.379,-84.1674,331.1075,-84.4948,-92.828,338.1324,-100.353,-89.7339,346.0662,-54.3634,-89.9826,357.1382,-71.6248,-109.417,368.006,-87.6361,-117.46,376.8914,-45.6998,-72.144,382.8263,-59.4454,-86.4892,400.4146,-76.6686,-92.1448,411.0152,-38.8391,-49.7809,396.6748,-52.1031,-57.1348,416.4594,-69.7681,-55.642,419.5764
3.4323,0.3632,322.8972,4.065,0.2836,308.9976,-15.346,-70.0145,309.8456,-17.2676,-66.1909,329.3824,-16.3678,-55.9835,342.947,-16.3704,-47.9938,358.0888,-41.4505,-30.2259,287.1229,-68.7357,-49.5015,293.4451,-81.5424,-59.6742,318.5947,-50.8359,-96.6794,321.9058,-72.7093,-95.0182,328.8191,-87.7859,-86.2995,333.3666,-48.1586,-98.796,343.2263,-71.5529,-109.7029,351.1475,-90.2216,-114.2519,356.6961,-44.3198,-81.2949,369.6217,-59.6114,-95.1419,384.2144,-76.7967,-103.1753,393.2215,-36.9492,-61.7124,386.6873,-50.3318,-70.6337,405.2851,-68.2391,-70.6729,407.1083
7.8288,-6.2871,317.3401,10.9095,-6.861,303.7835,-1.7052,-78.6792,305.3198,-7.3931,-74.2882,323.9844,-9.8575,-63.5047,336.8935,-13.2778,-54.9541,351.326,-30.5961,-42.3974,281.5248,-55.9509,-64.1523,287.8383,-67.5701,-74.1754,313.6168,-34.1771,-109.6711,315.3734,-56.2286,-105.1656,320.1096,-71.1038,-95.3808,322.7525,-36.443,-108.1775,338.7024,-60.1013,-119.5155,345.0846,-79.4002,-123.5168,348.4822,-39.1906,-89.9162,360.52,-55.0834,-104.226,373.3209,-73.1277,-113.0738,379.4136,-34.9059,-70.9399,378.4977,-49.1798,-81.4901,396.4302,-66.9121,-84.2147,397.8932
12.3658,-13.6411,313.8495,17.619,-13.9218,300.9682,14.1244,-86.7544,302.564,5.0196,-82.9852,319.9679,-0.8204,-72.5069,332.0137,-7.5565,-64.354,345.4771,-17.5247,-55.8396,278.8588,-39.8361,-80.7829,284.8614,-49.8389,-89.9623,311.6137,-17.8105,-118.6683,311.3764,-40.595,-117.3578,314.2314,-56.4285,-108.8437,315.1317,-21.0103,-119.8285,333.1594,-44.3969,-132.8063,336.8531,-63.6947,-137.9963,337.6636,-30.4397,-100.294,353.3219,-46.3701,-115.2388,364.7823,-64.5117,-125.2033,368.3308,-29.4345,-83.2587,370.5022,-43.8775,-95.7388,387.0228,-60.7026,-101.9752,388.4455
16.3126,-21.5728,310.154,23.9747,-20.8853,298.56,33.5719,-93.0925,302.2131,20.6684,-91.0647,317.3587,10.7474,-81.8435,327.632,0.1064,-75.072,339.2091,-3.069,-68.8094,277.2782,-21.4766,-96.0697,285.8828,-29.4445,-102.1714,314.1544,0.4317,-124.2064,309.2596,-22.5343,-124.5314,310.466,-37.9955,-115.3505,309.6507,-4.839,-128.3738,330.2584,-28.2976,-141.6789,331.549,-47.6497,-146.242,329.3861,-18.9334,-110.43,347.0813,-34.6392,-125.5567,357.3731,-52.2208,-136.9796,358.559,-22.6725,-96.2561,360.7362,-37.4965,-110.0422,374.7455,-53.2819,-118.5235,373.0461
19.8102,-26.7644,309.3055,28.6825,-24.9722,298.7379,48.9836,-94.6759,305.7081,34.0986,-94.592,319.0658,21.6225,-86.9776,327.7472,8.661,-81.8838,337.7052,8.8599,-77.3536,280.184,-6.1771,-105.9115,290.8769,-13.3979,-108.8697,319.8443,16.9841,-127.3162,310.8698,-5.7482,-130.6817,311.827,-21.6475,-122.281,311.0263,13.3877,-134.3895,333.0735,-9.7999,-148.2124,332.5625,-28.9133,-152.225,328.2521,-8.9234,-115.5839,344.8205,-24.7421,-130.3983,353.6623,-41.7828,-142.6328,352.6966,-15.7122,-104.3052,354.8246,-31.2501,-118.5988,365.7382,-45.6945,-128.4255,361.4028
21.4397,-27.9919,310.6768,31.1891,-25.4281,301.0862,57.8187,-92.4149,312.1753,41.6207,-93.7156,323.8345,27.5283,-87.348,330.8953,13.0802,-83.5173,339.2433,16.2377,-80.2205,285.1097,3.3096,-108.9289,297.9429,-4.1103,-110.2217,326.982,27.2033,-126.3587,317.325,4.7624,-131.3169,318.2315,-11.5665,-123.8014,317.2897,24.2729,-134.6905,338.9707,1.4588,-149.056,337.5044,-17.3777,-152.6439,331.8198,-3.4613,-115.9262,346.2327,-19.1737,-130.416,354.0091,-35.854,-142.9284,351.5174,-12.4317,-106.3346,353.6704,-28.6075,-120.8018,362.8179,-41.9527,-131.7068,357.623
19.1846,-25.0821,313.4441,29.2783,-22.2036,304.3098,58.6594,-87.4911,318.2249,41.9622,-89.4024,329.067,27.2155,-83.6376,335.2559,12.1758,-80.3992,342.7679,16.2204,-78.0507,290.4681,4.2002,-105.9594,305.72,-3.0623,-106.1225,334.8272,29.136,-122.2932,323.9857,6.8601,-127.8534,325.3528,-9.6619,-120.736,324.7484,27.9971,-130.6102,346.8404,4.7338,-144.1131,344.4967,-13.9389,-146.6071,337.7804,-3.1683,-112.8946,350.5203,-18.5718,-127.7269,358.2588,-34.5794,-141.1256,355.9712,-12.4874,-103.784,357.4369,-28.0456,-118.5358,366.6905,-40.7079,-130.5752,362.364
12.4531,-18.0609,318.4937,22.3145,-15.3851,309.0493,51.1195,-81.0291,322.4829,34.723,-82.6292,333.8229,20.2527,-76.6092,340.4086,5.4911,-73.1036,348.3404,7.8866,-71.0586,295.8852,-3.7241,-97.7161,313.5082,-9.4176,-97.4051,342.9614,21.57,-115.5367,329.6977,-0.9581,-119.3022,332.4006,-17.2176,-111.6084,333.0592,21.7547,-123.7988,352.421,-2.3699,-135.7779,350.5482,-21.3244,-136.581,344.2173,-9.8228,-105.5073,357.2343,-25.1849,-120.268,365.8287,-41.1956,-133.7771,364.3581,-18.9751,-95.9198,363.7948,-34.3029,-110.214,373.4768,-46.7588,-122.9338,370.8198
2.7539,-7.9446,324.3535,11.8125,-5.6527,314.0437,38.619,-72.6723,324.4897,23.2869,-73.6014,337.2984,9.7884,-66.9696,345.2236,-3.9934,-62.8469,354.5066,-7.6632,-60.1746,302.6836,-18.2812,-85.7428,322.42,-20.2669,-86.3183,352.3487,8.7098,-106.3083,333.9796,-13.5601,-108.4893,339.2989,-29.2002,-100.0916,342.276,10.6056,-114.3638,356.9608,-14.1733,-125.0695,357.5928,-33.6854,-124.6232,353.2253,-17.9312,-95.9791,365.7065,-32.1565,-110.8663,376.2181,-48.2836,-124.3032,376.8231,-26.6795,-85.0478,372.5326,-40.6798,-98.7487,383.6571,-52.9874,-111.8833,383.5835
-8.9161,5.2627,332.1488,-2.2357,7.216,320.1006,17.3506,-63.0315,321.1052,5.3644,-63.0849,337.1154,-4.9912,-55.5131,348.2702,-15.6342,-50.4907,360.7045,-30.9231,-43.7021,312.015,-39.4425,-69.8456,332.0134,-34.2449,-74.2739,361.226,-13.2731,-94.7044,334.3344,-33.5506,-94.9351,345.1867,-46.714,-85.6222,353.1863,-5.3018,-104.0609,357.5165,-29.8456,-113.9908,362.8077,-49.7713,-112.3418,362.3087,-27.3317,-85.1577,374.4215,-39.0451,-100.7007,388.1329,-54.5291,-113.9636,393.1668,-32.5517,-73.3273,383.2344,-42.8808,-87.2703,396.9901,-54.7561,-100.3377,400.4858
-19.9977,18.5896,341.119,-18.2348,21.255,327.5768,-11.4628,-50.3894,315.7209,-16.2182,-51.0518,335.1361,-20.1166,-43.7812,350.0002,-24.1992,-39.1499,365.9686,-55.7444,-23.9859,322.3525,-60.9395,-51.9085,341.0431,-48.4989,-62.8636,366.0475,-40.9542,-82.5651,330.2461,-56.2539,-80.0675,347.2367,-64.8338,-71.2873,360.4008,-24.5419,-94.6825,350.501,-47.7695,-103.1553,361.3494,-66.6159,-100.2806,367.395,-34.5983,-77.0263,377.2436,-42.1687,-94.4053,391.4853,-55.5427,-107.9739,400.3189,-33.3401,-65.487,388.7052,-38.8437,-81.3445,402.3948,-49.3665,-94.6599,408.3923
-26.6479,27.682,347.355,-28.9989,30.9434,334.0343,-30.2381,-40.2424,318.2107,-28.8062,-41.671,338.1081,-27.5187,-34.9928,353.6884,-26.2138,-30.9955,370.2844,-66.2364,-14.8108,333.0755,-70.3158,-44.4423,349.2414,-54.8154,-57.8974,371.1205,-56.3869,-75.4544,332.0796,-67.9439,-73.0965,351.8249,-73.8981,-65.3642,366.9497,-31.4751,-88.0052,345.5255,-50.6791,-100.2184,360.053,-67.2173,-100.2813,371.2994,-34.4159,-72.6115,378.0911,-38.0239,-92.2905,390.8565,-47.7289,-107.9958,400.8644,-26.3523,-58.2707,394.9383,-26.4388,-75.2973,410.3286,-34.0441,-88.8864,419.3561
-25.4756,27.6785,350.5865,-31.2856,29.2661,338.0435,-35.9611,-43.3059,332.496,-29.3221,-42.2118,351.3302,-24.0389,-33.6289,365.0204,-18.445,-27.5745,380.0258,-67.2677,-17.2909,342.371,-73.2137,-44.9413,361.2418,-59.2532,-55.5034,385.6046,-59.1766,-79.3429,349.1806,-70.9771,-74.5517,368.3324,-77.0732,-64.303,381.8158,-27.3411,-88.3175,360.2374,-39.1566,-107.8431,374.6645,-53.4567,-112.628,387.8027,-21.7277,-72.0374,390.3137,-20.4726,-92.8956,404.0494,-25.1558,-110.2435,414.9175,-9.6146,-50.8477,408.0073,-3.948,-65.7824,425.9634,-7.3634,-78.2543,438.4848
-19.3244,22.7599,353.767,-28.1058,23.6909,343.0142,-37.2484,-48.6085,345.9385,-25.9213,-46.4074,362.2741,-16.9035,-37.0955,373.2726,-7.357,-30.2095,385.7048,-66.3243,-20.6503,350.3766,-75.1822,-45.8415,371.4228,-63.8159,-54.6475,397.7526,-60.0655,-81.8449,368.0907,-73.2364,-76.3685,386.1333,-79.6849,-63.6414,397.1077,-26.8297,-90.0589,379.7213,-27.3519,-115.1548,389.752,-38.5405,-123.9137,403.8266,-4.8764,-76.7093,393.355,1.6436,-98.1843,404.2419,1.7667,-116.4457,414.6104,7.8394,-51.7196,412.529,17.6431,-65.5964,429.8342,17.1666,-76.8782,443.8519
-13.5452,19.8493,356.4105,-24.525,21.6171,348.0486,-38.5275,-49.7477,353.556,-23.5037,-48.6684,366.7136,-11.4082,-40.2492,375.1881,1.3434,-34.3085,384.9458,-66.2774,-19.5647,354.5132,-76.252,-43.3589,376.657,-66.1815,-52.5799,403.3695,-60.6412,-82.7539,376.7417,-73.657,-76.7066,394.7144,-79.9158,-63.4188,405.1193,-25.5336,-92.9546,382.3218,-29.2197,-117.0903,393.849,-39.2305,-126.501,408.3825,-0.5002,-80.7136,393.6215,5.3413,-102.3831,403.493,5.4075,-120.6317,413.8844,17.5799,-58.5725,408.1785,27.943,-74.0593,423.007,26.8439,-85.0244,437.2393
-10.4538,19.9997,356.6134,-21.8259,22.3241,348.9404,-38.8104,-48.3352,355.1152,-22.9811,-48.0305,367.3357,-10.0104,-40.232,375.0782,3.5757,-34.9467,384.0555,-66.5458,-15.761,354.4771,-77.1166,-38.7728,377.1644,-68.6781,-49.7193,403.7909,-61.0244,-79.7603,380.3144,-74.1718,-73.4294,398.0927,-81.2273,-60.7159,408.7035,-28.3567,-92.2359,382.3682,-34.9486,-115.2026,394.9411,-45.5025,-123.5484,409.7385,-4.353,-81.8255,393.472,-1.3158,-104.1553,403.3469,-3.6584,-122.0553,414.0756,16.3636,-59.3054,408.5055,24.3599,-74.537,423.794,20.3683,-83.9936,438.5805
-6.9149,22.0731,353.5034,-17.6641,23.915,344.8626,-36.8176,-45.5694,356.0156,-21.8727,-44.4698,369.2611,-9.2782,-36.2557,377.1924,3.7808,-30.445,386.6162,-64.0132,-11.7848,352.4972,-77.2918,-33.588,374.9538,-71.9092,-45.3952,402.0023,-58.5708,-75.5528,383.2883,-73.5651,-70.6351,400.0211,-82.8082,-58.5206,409.6026,-31.1917,-86.4618,389.0083,-36.6201,-110.9228,400.5114,-48.3594,-118.2495,414.9512,-8.7913,-76.5882,399.5278,-8.526,-98.5589,411.6947,-13.35,-114.9554,423.8965,12.188,-53.4257,414.6228,17.5287,-68.0242,432.4141,10.7753,-75.1316,447.5097
-1.2231,22.1171,347.8824,-10.5001,22.389,337.5158,-30.4307,-45.4632,355.3536,-17.765,-42.0471,370.4503,-6.6609,-32.4039,378.9771,4.693,-24.9172,389.3766,-59.6657,-9.2024,345.6226,-74.863,-28.1456,369.4176,-76.0778,-40.5953,396.6853,-52.9721,-71.7154,385.6638,-69.7173,-69.3405,401.2509,-81.9093,-59.3989,409.9985,-27.8604,-82.3529,393.8349,-33.824,-106.1629,407.6489,-46.6641,-113.07,421.3392,-10.3692,-67.9864,408.9853,-12.4484,-87.9358,425.8094,-19.1313,-101.6348,440.255,6.6511,-43.8477,422.1896,7.9302,-56.2126,443.6223,-1.5336,-60.5785,458.2979
4.8705,22.6683,342.3899,-3.3053,21.5628,331.1856,-24.0454,-44.3679,354.4735,-13.0296,-38.9913,370.2768,-2.9807,-28.1933,378.728,7.1545,-19.3244,389.2982,-55.2709,-6.0694,335.3133,-73.4449,-22.1596,359.1211,-79.1631,-32.9443,386.5254,-46.561,-69.4266,385.7961,-63.8921,-68.9363,400.9088,-77.6634,-61.2806,409.6119,-23.6649,-78.1776,396.3704,-30.0874,-101.8418,412.128,-43.444,-109.0015,425.1794,-9.7343,-59.3456,413.2675,-13.574,-77.0569,432.9047,-21.6218,-88.631,448.4699,4.7527,-35.227,424.1466,3.1596,-45.7749,447.261,-8.0679,-48.6158,461.0404
11.3349,23.2845,336.1353,3.8425,21.3355,324.5738,-19.0558,-42.3561,351.747,-8.9576,-35.7988,367.7166,0.6867,-24.4243,375.8781,10.2654,-14.8023,386.3076,-48.7408,-5.2561,327.5542,-72.2213,-18.5522,348.2395,-81.9995,-25.4771,375.7428,-42.2102,-66.953,382.9698,-58.9924,-70.4463,398.3046,-73.5904,-65.0864,407.3694,-20.9186,-73.281,396.5921,-28.2784,-96.3443,414.3595,-41.9542,-103.0604,427.3159,-8.5719,-54.6396,411.431,-13.9648,-72.2393,432.1398,-23.1063,-83.0181,447.672,5.361,-29.1882,422.07,2.0578,-38.8774,446.1567,-10.0214,-40.8578,459.3541
17.3645,24.0074,330.2866,9.4154,22.1613,319.0169,-16.3417,-39.1938,348.8743,-5.3845,-32.7722,364.3242,5.1616,-21.7535,371.8321,15.6093,-12.4107,381.664,-43.1027,-3.7472,311.8329,-70.8138,-12.6275,329.4179,-83.5006,-12.4052,356.6024,-41.9305,-61.8319,379.6869,-54.7312,-73.1565,395.1007,-69.2601,-70.077,405.2706,-18.5037,-68.8958,395.1235,-26.695,-91.4506,414.3538,-40.1531,-97.5885,427.815,-6.7927,-50.7895,408.0195,-13.8522,-67.9363,429.3893,-23.6004,-77.9169,445.0852,8.736,-25.3074,417.7386,4.0976,-34.0107,442.0836,-8.1684,-34.74,455.2371
20.5223,24.4061,322.1733,12.4243,22.3261,311.0514,-11.6834,-39.2666,341.7841,-0.5947,-32.5241,357.0018,9.8657,-21.2539,364.2518,20.2976,-11.6434,373.8394,-38.3411,-4.6721,297.8236,-67.5761,-14.5482,312.0985,-83.7783,-15.535,337.3278,-34.4176,-63.7705,373.4935,-45.839,-76.0809,389.4239,-59.9398,-74.3225,400.4726,-13.1039,-67.8219,388.7405,-20.874,-89.7471,408.4551,-34.0628,-96.0355,422.112,-1.9543,-47.6498,401.9259,-8.8188,-62.9791,423.8049,-18.7016,-71.6337,440.1887,12.9106,-23.233,409.8089,7.9908,-30.9519,433.7653,-4.513,-30.7863,446.7124
23.6253,23.9707,314.4713,15.7526,21.5865,303.2491,-6.0255,-41.1065,333.492,4.5867,-33.9511,348.8602,14.4672,-22.2685,356.2692,24.364,-12.2542,366.0097,-34.7622,-5.4459,289.1599,-64.652,-16.3666,301.1322,-83.6355,-19.4493,324.1566,-23.3871,-70.7689,364.6241,-32.2743,-85.9528,380.5602,-45.9523,-86.9412,392.2194,-4.9118,-70.8773,380.2077,-10.8631,-94.013,399.8481,-23.1799,-101.6086,413.654,3.3553,-48.502,394.5627,-3.1595,-63.8825,417.0139,-12.8594,-72.5543,433.4975,17.2153,-24.7983,401.7659,12.4456,-33.1679,425.6229,-0.011,-33.3077,438.6158
27.3683,26.3994,309.2309,19.0369,24.5861,298.2353,-1.9972,-39.321,326.3917,9.2729,-32.9506,341.6365,19.5295,-21.6831,349.1761,29.8825,-12.1908,358.9649,-33.0629,-0.777,287.1304,-63.8194,-11.8501,296.4806,-87.6323,-17.9851,313.6651,-8.6536,-80.2057,349.3422,-12.2526,-102.3112,361.7511,-23.5221,-109.1473,374.0094,6.7031,-72.6397,371.8092,5.0654,-97.9335,391.0382,-4.3519,-107.9581,405.5579,12.1647,-50.3268,386.554,7.8582,-67.0761,408.4108,-0.079,-76.9948,425.1327,25.5901,-27.4366,394.1857,22.7209,-37.6275,417.7288,11.7972,-38.987,431.9705
30.5163,29.0383,306.967,21.1205,28.6061,296.7133,-2.0001,-35.6168,322.4074,11.0345,-31.1616,336.9074,22.7358,-21.2,344.1768,34.6025,-13.1762,353.5528,-33.1925,6.5195,290.1346,-64.9873,-2.1193,298.5283,-92.1352,-8.0443,309.8371,-4.8572,-81.5326,337.6221,-6.4837,-107.6715,346.2835,-15.0919,-118.6401,357.6672,11.9143,-74.2645,362.989,12.4824,-102.1007,379.8327,6.3905,-114.8039,394.0283,18.3811,-53.4899,378.9775,15.8338,-72.3784,399.3347,10.1028,-84.2815,415.6587,32.4601,-31.7212,387.5721,31.0195,-44.191,410.4468,22.2424,-47.2245,425.8663
31.1262,32.4871,305.9754,21.0686,33.1809,296.3854,-6.6002,-28.9,322.8379,7.7575,-26.0316,336.4624,20.8593,-17.4177,343.0308,34.0721,-10.7873,351.6661,-35.086,15.149,297.97,-68.1397,10.8598,304.682,-97.1977,8.2977,311.687,-11.8875,-76.8896,333.8372,-15.0278,-105.3923,340.37,-22.182,-118.9598,349.7901,9.0095,-71.2349,359.8024,9.8291,-100.8247,375.0807,6.4548,-115.6124,388.1167,17.6629,-53.3084,374.5651,15.7774,-74.4795,393.1665,11.6341,-88.5303,408.2134,34.333,-31.5674,385.0049,34.511,-45.7445,407.75,28.1785,-50.3542,423.9565
29.3147,38.2809,307.8266,19.1313,39.3144,298.4015,-12.0976,-19.763,327.624,2.6978,-17.3933,340.8709,16.4813,-9.4607,346.8784,30.2848,-3.4399,355.0223,-38.6226,29.5072,306.1464,-72.0066,23.8382,310.6234,-101.9523,24.7864,312.1594,-21.3182,-67.8045,337.7177,-26.8805,-96.7852,343.8066,-33.8883,-111.2779,351.8597,2.5018,-62.3975,364.6049,2.3735,-91.85,380.1373,0.1491,-107.3344,392.5985,12.3872,-44.9964,378.5247,9.9838,-65.8567,397.1018,6.3661,-80.3915,411.8209,31.4693,-24.1087,388.3183,32.2756,-38.1774,410.9819,27.6502,-43.5089,427.5403
26.8034,46.382,311.2795,16.6997,47.2502,301.7524,-16.5381,-9.2108,333.7953,-1.7321,-6.6312,346.9911,12.2727,1.1585,352.6642,26.2269,7.1499,360.5696,-41.4285,40.5388,311.0766,-75.2116,36.6382,316.4957,-104.8751,39.7213,313.2448,-27.5113,-56.4725,345.8178,-34.1395,-85.0199,353.0798,-41.2158,-99.508,361.0809,-3.1609,-50.5307,372.4345,-4.093,-79.1696,389.0332,-5.9163,-94.6178,401.6041,8.9245,-33.6453,385.1889,6.9596,-54.0702,404.2764,3.7725,-68.6062,419.0935,28.1141,-12.7416,394.3145,29.3991,-26.2849,417.29,25.7658,-32.0414,433.9532
22.3943,54.8694,315.9739,12.2196,55.8112,306.5298,-22.1909,0.9555,340.0871,-7.1853,3.4088,353.0799,7.0818,10.9334,358.4493,21.2729,16.7089,366.0889,-45.8312,50.7624,317.6321,-79.6421,47.8218,324.0985,-108.2425,52.7398,316.4937,-35.3455,-45.2059,353.7658,-43.2701,-73.0144,362.0062,-50.7151,-87.0378,370.4865,-8.356,-40.5484,378.8951,-9.1244,-69.399,395.8386,-11.5994,-84.0533,409.2224,4.872,-24.4993,390.5637,3.569,-45.3909,409.4988,0.4153,-59.8871,424.362,23.5449,-3.0474,399.4732,25.0751,-16.3537,421.9582,21.9539,-22.3679,438.6342
18.2428,61.8104,320.5583,8.4567,62.4077,310.6853,-24.5903,5.3517,341.8598,-10.3098,8.3238,355.5432,3.3128,16.4533,361.6537,16.848,22.7937,370.0028,-48.6131,56.1682,324.2908,-82.187,54.153,329.264,-110.3037,59.6142,320.3408,-38.826,-39.7584,356.7579,-47.3049,-66.6265,365.6313,-55.0977,-80.2842,374.3916,-11.8266,-36.2548,379.8743,-12.8175,-65.3746,395.768,-17.2436,-79.4148,409.3062,1.2665,-19.1229,393.2473,0.0719,-39.8925,411.6918,-3.6863,-54.4741,426.3292,18.6148,2.5374,403.0355,19.8022,-11.0763,425.2359,16.1739,-17.5696,441.6271
14.9772,65.5841,322.1689,6.0991,65.1782,311.4629,-25.4757,6.7412,341.5874,-12.7284,11.1448,356.3561,-0.3214,20.4272,363.3491,11.9251,27.9829,372.6252,-51.1712,58.8173,324.1379,-84.507,55.8364,330.1243,-112.3732,61.0337,320.303,-40.4126,-36.8537,358.845,-49.181,-62.4454,368.9758,-57.0912,-75.7873,378.1093,-14.3317,-33.1773,381.307,-15.3811,-62.1896,397.6393,-20.9968,-75.5737,411.3991,-3.1796,-14.7304,395.8506,-4.8709,-35.5347,415.0831,-9.8212,-49.5569,429.9112,11.9823,8.0854,406.2556,12.021,-5.4053,429.0574,7.1721,-11.7136,445.2034
10.5018,65.2889,322.6563,2.46,64.3908,311.337,-28.5794,4.8193,339.7468,-17.1603,9.9204,355.354,-5.7295,19.8164,363.126,5.4516,27.9988,373.183,-55.1057,58.9672,323.0767,-88.2798,55.8417,329.8421,-116.2126,61.3227,320.3704,-47.42,-35.5406,360.4337,-58.4381,-59.1431,372.5314,-67.3579,-70.9969,382.7258,-20.5312,-33.5416,381.3225,-22.7291,-61.881,398.2553,-29.9132,-74.0276,412.4274,-10.6635,-14.4098,396.5478,-13.5975,-34.7621,416.4217,-20.2276,-47.6109,431.6517,3.0494,9.3689,407.4034,1.4226,-3.2476,430.5779,-4.6536,-9.4702,446.3374
6.5039,64.8688,322.5419,-0.6066,63.7765,310.6317,-30.7313,2.3096,335.8042,-20.788,7.6895,352.3023,-10.4775,17.991,361.0529,-0.5038,26.5304,372.0399,-56.6268,55.8339,327.3545,-90.5927,55.9748,328.8704,-118.7582,61.7407,320.2995,-51.9898,-33.2996,361.4155,-64.2395,-53.8185,376.1734,-73.7958,-63.8195,387.691,-25.8583,-34.3324,379.17,-29.1095,-61.2777,396.398,-38.0511,-71.8865,410.8029,-15.6167,-16.366,394.0247,-18.6496,-36.6419,413.4831,-26.4366,-48.7776,428.7503,-4.16,8.4838,405.8966,-6.5978,-3.5488,428.4707,-13.975,-10.5094,443.341
3.5072,64.5237,321.2108,-2.9075,63.0315,308.954,-32.0302,0.7483,333.2851,-23.1949,6.6826,350.2179,-13.7604,17.4633,359.3703,-4.7165,26.4952,370.7608,-60.4044,58.7783,321.6676,-93.5824,56.324,329.0038,-122.3058,62.3082,322.7464,-53.6945,-33.3437,360.504,-66.16,-52.9599,376.1656,-75.882,-62.4722,387.9554,-30.3065,-31.981,381.1394,-34.8512,-56.6887,400.8995,-45.4077,-65.3641,415.5042,-21.6963,-15.8096,392.6616,-26.3497,-35.3198,412.1827,-35.4191,-46.6829,427.3361,-9.092,8.5046,404.5796,-12.0109,-3.4968,427.1398,-20.5705,-10.8246,441.1768
0.4675,62.8281,320.435,-5.5901,61.034,308.0379,-33.2727,-1.9778,332.1734,-25.0562,4.3707,349.2668,-16.2054,15.5228,358.5562,-7.7436,24.9315,370.0881,-61.2709,52.8265,325.7377,-95.1329,53.6414,328.6881,-124.1678,59.6321,324.0964,-54.2062,-35.1397,360.7173,-66.1484,-54.058,377.0011,-76.3303,-62.3468,389.3146,-33.8687,-31.5117,382.5677,-39.4549,-54.2572,403.6769,-51.4387,-61.4318,417.9917,-25.9712,-16.3838,392.0074,-31.5838,-34.7214,411.2327,-42.7573,-43.9575,426.4264,-12.7393,8.5235,404.3703,-16.0476,-2.3425,427.0734,-25.5817,-9.291,440.6682
-0.1131,58.7004,319.6466,-6.1502,56.6418,307.2806,-33.6346,-5.9838,332.618,-25.4601,0.7282,349.5923,-16.6597,12.0921,358.6706,-8.2446,21.7555,370.0246,-61.2489,47.3358,326.2157,-94.9489,50.6707,329.247,-124.4303,56.2222,329.4036,-54.9656,-35.9562,363.8697,-67.0114,-52.8818,381.5178,-78.1452,-58.1821,394.6306,-36.1872,-31.7484,385.139,-42.9017,-52.0765,407.3889,-55.9044,-57.43,421.611,-28.0212,-17.5759,393.1735,-34.4519,-34.3682,412.7025,-46.6366,-41.8597,428.0781,-12.9892,6.9675,404.9153,-16.1163,-2.7788,427.9106,-25.7516,-9.1292,441.7248
-0.1927,54.4899,318.9399,-6.3671,52.0689,306.7081,-33.7865,-9.638,334.2721,-25.4109,-2.4301,350.9423,-16.4779,9.1793,359.5692,-7.9116,19.1612,370.5277,-61.6974,43.217,325.1797,-94.7636,48.6601,330.9245,-123.884,54.0897,335.67,-56.6162,-35.534,367.7105,-69.3879,-50.0212,386.417,-81.5005,-52.0244,399.5803,-38.042,-31.3002,388.5738,-45.8863,-49.2293,411.9441,-59.7221,-52.7525,425.9497,-28.9789,-17.7651,395.7666,-36.0299,-32.9628,416.1833,-48.6699,-39.002,431.828,-11.9734,6.0703,406.3917,-14.6687,-2.6165,430.1901,-23.8448,-8.0228,444.7012
0.1496,52.9271,319.6716,-6.0962,50.3582,307.5064,-34.0416,-10.5747,336.2391,-25.5285,-3.1657,352.7508,-16.4437,8.4986,361.1418,-7.7333,18.5801,371.8937,-61.4725,41.2757,325.7267,-93.6666,48.9729,333.4916,-122.2105,54.8985,340.5721,-57.7644,-33.4857,370.6672,-70.7969,-46.0722,389.5807,-83.3581,-45.9004,402.4721,-40.2833,-28.7921,391.318,-49.299,-44.4509,414.8842,-64.3347,-45.5756,428.0244,-29.9864,-15.7652,398.4953,-37.5296,-29.2801,419.3011,-50.6888,-33.7697,435.0388,-10.7931,7.6157,408.5652,-12.8237,0.3391,432.9026,-21.4679,-4.0748,448.0616
1.492,52.9132,319.6671,-5.0898,50.4948,307.649,-33.7136,-9.8254,337.0001,-24.6571,-2.6224,353.3126,-15.1224,8.8292,361.4949,-5.9426,18.7046,372.0455,-60.2169,42.3995,327.0519,-91.9837,50.1521,336.3667,-120.0279,56.9118,344.6026,-58.0855,-30.6048,372.0876,-71.3637,-41.9258,391.2039,-84.1524,-39.9424,403.7145,-41.5708,-24.8172,392.3295,-51.6738,-38.0747,415.6354,-67.4798,-36.81,427.8244,-30.159,-12.8477,399.6985,-38.4827,-24.8472,420.8464,-51.9455,-28.2758,436.5943,-8.4577,8.9957,408.9939,-10.1206,2.5765,433.4233,-17.9846,-0.668,449.2861
3.4036,50.6446,316.7326,-3.068,48.6528,304.5772,-33.6834,-11.4823,332.2504,-24.6734,-4.8638,348.834,-14.958,6.1574,357.3865,-5.6725,15.5634,368.2684,-58.6888,42.2884,323.2003,-88.9005,49.4743,337.0428,-115.2352,56.7189,349.4525,-61.3705,-26.713,367.4089,-76.276,-34.9125,386.3367,-89.0489,-29.9734,398.0182,-46.1656,-22.4422,387.0994,-58.6579,-32.6597,409.3413,-74.8822,-28.7429,420.3608,-33.3858,-12.8279,395.3468,-43.5082,-23.2564,416.1983,-57.5786,-26.0788,431.53,-9.6267,4.1522,404.633,-12.244,-3.4009,428.7026,-20.5441,-6.7709,444.3151
2.4283,47.4644,312.1978,-4.3818,46.2843,300.1217,-36.525,-13.9945,325.6681,-26.9122,-8.4967,342.3225,-16.6153,1.7554,351.1469,-6.7542,10.2988,362.2319,-59.3049,40.9529,321.003,-87.5862,48.026,338.4998,-111.8515,55.5013,354.4783,-65.6591,-26.2439,360.4737,-81.13,-32.7486,378.9564,-93.3462,-25.7771,390.1886,-49.9917,-24.5508,379.9868,-64.0611,-32.7804,401.5118,-80.0386,-27.1311,412.1328,-36.6622,-16.6383,388.4174,-47.6037,-26.6775,408.7595,-61.8288,-29.4787,423.9516,-11.5794,-1.9009,398.0856,-14.7583,-9.9379,421.7057,-22.8896,-13.258,437.4175
1.3408,43.3596,309.3234,-5.5901,42.2343,297.3109,-38.8592,-17.1058,323.6024,-28.994,-11.6897,340.1355,-18.4017,-1.5988,348.7946,-8.265,6.8118,359.7316,-61.01,38.8468,317.2649,-86.8921,45.6845,338.2258,-108.1991,53.1276,357.9898,-68.6246,-25.6015,358.929,-84.393,-30.1022,377.6435,-95.8525,-21.2509,388.3362,-50.0068,-27.705,379.0066,-66.7776,-30.1157,400.0287,-82.3153,-22.7281,410.227,-37.9541,-17.2472,387.2136,-48.4684,-25.662,407.8733,-62.4343,-27.3522,423.4649,-13.415,-3.2471,396.2372,-16.812,-9.8819,420.3163,-25.0724,-12.0726,436.1583
2.6224,40.3119,309.2769,-4.2298,39.2541,297.2132,-38.0255,-19.9524,323.132,-28.2462,-14.631,339.7467,-17.6574,-4.6213,348.5036,-7.5499,3.7056,359.5313,-60.0659,37.616,316.2039,-84.141,42.4288,339.7247,-101.2334,48.4415,363.6349,-68.3203,-24.1288,358.2105,-83.9806,-26.2877,376.3437,-94.5011,-15.6187,386.3182,-48.5375,-30.7392,378.9613,-67.0233,-28.2012,398.4763,-82.1667,-19.1261,407.8741,-35.9271,-16.4766,388.6611,-45.6573,-22.7906,410.0483,-59.4024,-22.9422,425.9245,-13.3452,-1.5932,396.8383,-17.156,-5.0776,421.3703,-25.9436,-5.402,437.0762
4.8292,40.3665,310.8802,-1.8007,39.5693,298.6731,-34.7989,-21.1182,322.0714,-25.405,-16.1518,339.0151,-15.1687,-6.2262,348.2727,-5.4164,1.9336,359.7365,-57.6807,37.8976,317.5313,-80.9712,39.428,342.254,-93.9816,42.0128,369.1621,-66.041,-23.3593,356.4886,-82.1902,-24.5177,374.2789,-91.7693,-12.6282,383.812,-46.0105,-32.8889,377.8002,-65.1713,-27.9133,396.1607,-80.0024,-17.7849,404.9614,-32.2205,-15.2431,389.7238,-41.3201,-20.0549,411.8441,-54.1919,-19.697,428.4329,-12.8744,1.4337,397.4707,-17.8353,1.1012,422.571,-26.7139,2.4946,438.1668
6.4522,41.1365,312.1826,-0.0016,40.5606,299.8692,-31.8108,-21.5939,320.9482,-22.7551,-16.9331,338.1607,-12.8804,-7.0583,347.855,-3.4746,0.9722,359.6935,-55.6467,38.0553,319.3202,-78.0957,36.5616,344.8116,-86.5846,35.4735,373.565,-63.3938,-22.3323,354.8624,-79.5364,-22.7097,372.1965,-88.1148,-9.6595,381.1466,-43.8953,-33.5918,376.691,-63.2518,-26.8014,394.247,-77.7023,-15.7251,402.5234,-29.7412,-14.5471,389.6076,-38.7029,-18.5275,411.7997,-50.44,-19.0806,429.2048,-12.3066,4.308,397.0575,-18.1952,6.532,421.9688,-27.6097,9.7375,436.9719
7.3887,40.3331,312.3418,0.991,40.1782,299.9867,-30.1124,-23.1743,318.3814,-21.1839,-19.1051,335.8091,-11.4728,-9.5106,345.9402,-2.2157,-1.8518,358.1369,-53.8311,36.3468,321.4545,-75.093,32.8247,347.7513,-78.9598,29.3781,377.3008,-61.8331,-21.6708,351.9873,-77.9343,-20.9077,369.0455,-85.2647,-6.9823,377.7832,-42.3673,-36.7126,373.8911,-61.7037,-27.3266,390.2313,-75.5492,-15.1546,397.9868,-28.6321,-15.4573,387.2109,-37.4597,-18.5166,408.4427,-49.1384,-18.433,425.8955,-12.549,3.7165,394.5597,-19.377,7.3959,418.627,-29.6091,12.1495,432.6522
7.9002,39.0439,311.1268,1.246,39.5507,298.9175,-29.4356,-24.7587,314.4824,-20.1471,-21.6287,331.9159,-10.2313,-12.5835,342.3496,-0.7253,-5.5842,354.7494,-52.8304,34.332,321.9286,-73.2803,28.3375,348.4214,-70.3078,21.7574,377.5395,-61.5319,-28.1194,347.2624,-76.4832,-22.852,363.9272,-82.8526,-8.9403,373.4084,-41.9761,-40.0895,369.2213,-61.1376,-30.0598,385.3843,-74.5799,-17.5016,393.2325,-29.5494,-17.7017,382.2087,-39.1704,-20.2507,402.06,-52.5601,-18.9517,418.1854,-13.7922,2.8253,389.3897,-22.3372,8.3247,412.0426,-34.1341,14.4681,424.1708
7.0902,36.7167,307.9816,0.9612,37.4124,295.5094,-29.2277,-27.7579,308.1899,-20.7568,-24.9028,326.081,-11.4613,-15.9532,337.1489,-2.6239,-9.1036,350.114,-52.9669,31.449,318.6868,-73.842,23.9616,344.4583,-67.8147,15.1831,372.5048,-61.602,-27.5954,341.0686,-77.9381,-27.5135,357.6592,-84.4271,-13.9947,367.6159,-43.1888,-44.6526,362.3543,-62.6047,-35.5597,378.7659,-76.1758,-23.298,386.8577,-31.5069,-20.4004,376.5088,-41.3564,-22.5857,395.8486,-55.5,-19.7107,411.1028,-17.4173,0.6082,383.4831,-27.0242,6.915,405.1532,-39.9093,13.9613,415.5611
5.5848,34.4438,304.7043,-0.4787,35.7419,292.2483,-31.6743,-29.4397,302.1241,-23.2408,-27.4475,320.1492,-13.8636,-19.0987,331.6107,-4.9837,-12.919,344.8798,-53.6682,29.637,317.0396,-75.5638,21.7761,341.8345,-68.9563,11.3788,369.1884,-63.8797,-31.1012,335.4213,-80.3453,-31.9507,352.4452,-86.3216,-19.2683,363.7341,-45.9587,-48.9109,355.2522,-65.2091,-41.9913,372.8745,-78.8591,-30.8822,382.3752,-33.7659,-25.2928,370.9007,-43.6018,-28.3539,390.3183,-57.7653,-25.9445,405.6347,-19.9827,-4.7901,378.957,-29.8404,0.5524,401.3532,-42.8041,7.1472,411.9574
4.3997,33.8009,302.9726,-1.8398,35.7036,290.6823,-35.1068,-28.6517,299.1104,-26.2832,-27.5272,317.0235,-16.4141,-19.8756,328.5583,-7.0845,-14.4314,341.8411,-54.1571,29.4644,317.2335,-76.9372,21.5486,341.2003,-72.3955,9.7268,368.3962,-67.3674,-32.3839,332.3964,-84.0114,-34.3094,349.5693,-89.2263,-22.6765,362.2768,-50.0961,-50.453,350.4354,-69.078,-47.3205,369.3793,-82.8213,-38.0753,380.5887,-37.1032,-30.0184,366.9365,-47.5285,-35.1294,386.2754,-61.7247,-33.508,401.6649,-21.3536,-12.3365,377.2102,-30.7597,-10.9556,400.5252,-43.169,-6.8633,412.9051
3.2257,34.2707,302.5926,-2.8651,36.1635,290.2264,-36.9355,-27.762,298.7166,-28.2849,-26.6202,316.7128,-18.45,-19.0046,328.3006,-9.1975,-13.579,341.6447,-53.5,29.5899,319.7882,-78.4802,23.0392,341.9033,-75.6092,10.727,369.1093,-69.9452,-33.2283,331.8665,-87.5562,-36.1446,349.5523,-93.854,-25.1483,362.3358,-53.1717,-49.2164,349.5618,-71.7078,-49.7831,369.1856,-85.4535,-41.5654,381.1658,-39.0267,-32.5131,366.2041,-49.6805,-39.5072,385.8289,-64.0536,-38.1997,401.0836,-21.9013,-17.3,377.8872,-30.3839,-19.7845,402.0869,-42.1893,-18.2866,415.592
1.3208,35.6042,302.3013,-5.1444,37.0613,290.0669,-38.9556,-26.4734,301.8776,-29.759,-24.6997,319.549,-19.5728,-16.6874,330.551,-9.9156,-10.8,343.4035,-57.7064,32.3646,316.4522,-82.2084,26.2976,339.2303,-78.8778,15.6682,367.0857,-71.8446,-41.532,332.4941,-89.658,-49.688,349.0767,-101.2378,-45.3418,362.1541,-53.7249,-49.6716,351.3458,-71.5231,-55.5833,370.7694,-86.1124,-49.7884,383.1618,-39.9962,-33.2879,367.6639,-50.7606,-42.0374,387.2249,-65.4487,-41.3757,402.219,-22.9582,-17.5013,378.9492,-31.6294,-21.9565,402.5813,-43.4945,-21.6862,416.1144
-0.2954,35.9933,300.7769,-7.1196,37.1305,288.7046,-40.7838,-25.8952,303.3269,-31.0552,-23.6606,320.6578,-20.5156,-15.3836,331.1176,-10.4566,-9.1758,343.5027,-58.7405,32.7339,316.9348,-85.0306,28.3231,338.0388,-81.1638,18.8635,366.2445,-70.33,-48.598,332.5693,-86.313,-60.8791,348.388,-98.4512,-61.4099,361.6689,-55.1918,-48.6191,353.2729,-69.4263,-63.3382,372.5075,-83.9359,-61.2741,386.1167,-39.3752,-35.3351,367.9462,-49.5577,-46.107,387.8301,-63.7837,-46.9248,403.2558,-22.7426,-19.2635,378.4761,-30.9014,-25.9625,401.7011,-42.2817,-27.3973,415.573
-1.1764,34.0326,298.7999,-8.3245,34.8817,286.8925,-42.4766,-27.1026,304.5253,-32.2263,-24.4558,321.4937,-21.2729,-16.0072,331.3752,-10.7754,-9.5562,343.262,-59.6143,31.6349,315.872,-86.4814,28.4922,336.47,-83.7827,20.5882,365.284,-69.4543,-55.0253,331.6382,-84.0405,-70.1226,346.2975,-96.2125,-72.5029,359.3427,-54.5431,-52.9626,353.4868,-68.0435,-70.2076,372.8409,-82.1763,-70.5124,386.989,-38.3797,-40.0339,367.527,-47.954,-53.4811,387.7602,-61.5723,-56.7119,403.4159,-20.6902,-22.4997,378.3281,-27.3289,-31.1664,401.8076,-37.5889,-34.056,416.3122
-1.8938,33.089,298.4721,-9.531,34.0336,286.8797,-44.8237,-26.6099,306.7826,-33.7539,-24.1035,323.2501,-22.111,-15.9018,332.5332,-10.8981,-9.6592,343.865,-62.8521,33.5357,312.1308,-89.158,31.606,333.5848,-89.1853,26.088,363.073,-71.2894,-55.7347,333.0557,-85.5709,-71.451,347.2332,-97.7845,-73.2643,360.3305,-55.3888,-54.9435,353.9687,-68.6131,-73.7945,372.7454,-82.5728,-74.8738,387.027,-38.2753,-41.9139,367.9478,-47.3906,-56.5826,387.9187,-60.5467,-61.2354,403.6116,-18.4252,-24.3975,379.0069,-23.4926,-34.3195,402.6649,-32.5665,-38.1004,417.7437
-2.1971,34.6876,299.7335,-10.8389,36.4215,288.967,-48.6693,-21.6438,311.6961,-35.8712,-20.2879,327.0052,-22.7624,-13.1744,335.1636,-10.033,-8.016,345.3843,-67.1218,39.8968,306.3207,-93.2744,40.3464,328.0426,-97.5527,38.1966,357.658,-75.4789,-52.5235,335.8191,-90.0647,-69.3236,348.9433,-102.3003,-71.3715,361.9854,-57.3812,-52.7292,356.2515,-70.5648,-72.6125,374.1767,-84.5279,-73.8258,388.4441,-39.4999,-40.4317,369.7998,-49.0771,-56.0283,389.6187,-62.016,-61.3438,405.2817,-16.0714,-23.7569,380.4304,-20.1425,-34.3693,404.0583,-28.3768,-38.3043,419.5732
-1.9921,36.5593,299.048,-10.8087,38.4431,288.4498,-51.7467,-15.97,314.5767,-38.4467,-14.8738,329.4733,-24.6613,-8.3447,336.9787,-11.3244,-3.6564,346.6358,-68.561,44.9711,298.6012,-96.0476,48.8082,318.242,-106.2098,51.2554,346.3622,-77.7536,-49.0736,337.416,-92.1903,-67.4498,350.0944,-104.565,-70.9957,362.6758,-59.6464,-48.0547,358.5653,-72.7577,-68.576,376.5577,-87.1323,-69.5777,390.4274,-42.0426,-35.3127,371.9301,-52.1155,-50.9414,392.1852,-65.1138,-56.3018,407.7836,-18.8372,-19.7469,381.451,-23.932,-30.6586,405.0608,-32.2935,-34.5684,420.5139
-1.7354,37.3286,296.1488,-9.6646,37.9792,284.7336,-53.1423,-12.9411,313.6498,-41.0509,-10.1387,329.3324,-27.8307,-2.8035,337.1055,-15.2483,2.9551,347.1867,-67.9336,46.5502,288.2363,-96.5153,54.1252,305.0203,-115.2218,61.5991,327.2511,-78.5445,-46.765,336.8315,-92.8674,-65.8364,349.9025,-105.2987,-70.6572,361.9948,-61.0881,-42.2935,360.8456,-73.6105,-62.389,380.54,-88.5845,-62.8119,393.7915,-46.6508,-26.8888,373.9477,-57.7472,-41.0895,395.6699,-71.0305,-46.2496,411.0949,-25.2128,-10.4674,382.7226,-32.0082,-19.621,406.9566,-41.0964,-22.4964,422.2255
-0.692,37.9985,294.2771,-7.2736,37.172,282.0459,-52.4669,-12.0902,311.2029,-42.3296,-7.2359,327.7459,-30.2798,1.351,336.1164,-19.0879,8.5849,346.8645,-65.7477,40.4202,274.8885,-96.4215,50.284,285.7431,-122.9915,59.44,296.241,-78.593,-45.208,335.0529,-93.4679,-64.0636,348.6318,-106.6758,-69.0039,359.8185,-64.2693,-38.8935,358.9783,-78.1127,-58.8687,378.6852,-94.4632,-59.2478,390.1968,-51.1526,-21.593,373.029,-63.622,-35.2999,395.0807,-77.804,-40.5497,409.6517,-32.0233,-2.1856,382.5097,-40.8827,-9.5622,406.9229,-51.1593,-11.8523,421.5224
-1.4289,40.689,293.4136,-7.2757,39.2796,280.8664,-52.6459,-10.3802,309.058,-43.6109,-4.7039,325.9739,-32.3065,4.5019,334.7182,-21.9556,12.405,345.8318,-64.5811,34.4788,267.6739,-96.6819,44.9165,271.7471,-125.6786,52.3599,273.6932,-78.9239,-43.9879,332.2714,-93.9557,-63.2125,345.5501,-107.5584,-68.6432,356.0131,-66.4309,-36.5263,356.7211,-80.9164,-56.7264,376.2386,-97.8213,-57.5615,386.8936,-53.9708,-18.4607,371.1224,-66.8994,-32.1641,392.8472,-81.5657,-37.6407,406.8439,-36.5029,2.8424,380.9964,-46.4138,-3.6725,404.9536,-57.1332,-5.8401,419.2503
-5.8172,44.667,293.1122,-11.0787,42.9913,280.3407,-55.131,-8.7997,306.7304,-47.0673,-2.7135,323.9912,-36.5771,7.0133,333.175,-27.072,15.3914,344.689,-68.7319,35.9196,269.992,-100.7473,47.3573,269.5483,-129.9204,54.1533,267.8924,-81.7479,-41.842,329.9214,-96.8337,-60.5696,343.0655,-110.4769,-66.2826,353.3235,-70.0629,-34.6787,354.0271,-84.5445,-54.8088,372.9423,-101.56,-56.1009,383.3731,-58.6493,-14.8314,369.5433,-71.6385,-27.6866,390.9455,-86.3732,-33.2881,404.8204,-41.8106,7.0113,379.6529,-51.7372,1.3672,403.2013,-62.4972,-0.6725,417.4863
-12.9804,50.7345,295.9268,-18.1999,49.9345,283.0536,-60.4126,-5.3295,305.0378,-52.5371,-0.4094,322.7514,-42.3731,8.8837,332.7178,-33.1441,16.6082,344.8943,-76.8223,43.4441,284.5671,-107.4667,57.6897,280.8281,-136.1589,66.1571,278.5783,-88.7974,-37.1819,327.1029,-104.6557,-54.9774,339.4305,-118.3206,-60.6312,349.6922,-76.2934,-33.1714,350.6227,-91.0728,-53.5534,367.9621,-107.8422,-54.9627,378.7694,-63.8925,-12.5335,368.973,-76.2818,-24.8641,389.8462,-91.0347,-29.9246,403.9082,-46.7141,8.9548,379.9445,-55.7078,3.8825,403.1742,-66.652,2.307,417.3778
-18.5517,57.6152,300.747,-24.8325,58.6777,288.3767,-66.9795,1.9481,306.3967,-57.515,4.2535,323.864,-46.2549,11.8816,334.0632,-35.7992,17.6796,346.3176,-82.693,56.011,299.6044,-113.6682,69.9254,297.8947,-141.5621,80.9404,297.1176,-96.6643,-28.5518,328.482,-113.1856,-45.5268,340.7738,-126.4251,-51.0426,351.65,-82.7813,-28.2212,350.1794,-98.348,-48.229,366.3924,-114.3543,-49.5306,378.3132,-66.9934,-10.2308,369.6772,-78.6612,-22.6716,389.7142,-92.8817,-27.6174,404.3538,-47.4297,8.8476,381.8019,-55.1417,2.9912,405.3313,-65.6438,1.5952,419.8832
-22.2397,61.7292,303.8914,-29.2725,63.4349,292.0072,-70.5001,5.9338,309.706,-59.9558,7.3249,326.6437,-48.0451,14.4005,336.4962,-36.8184,19.5447,348.354,-84.4711,63.0333,312.8387,-116.4178,74.3621,315.4971,-143.0887,88.0438,314.283,-99.0348,-23.2695,334.5398,-114.7962,-39.4002,348.257,-127.1,-44.7493,360.2572,-84.2554,-24.0023,354.8974,-99.147,-43.2008,372.2122,-113.9991,-44.381,385.5548,-66.1961,-6.4454,373.8397,-76.2597,-18.0032,394.5445,-89.1765,-22.6322,410.4419,-46.9396,10.4304,384.0537,-53.6144,4.4197,407.5971,-63.6013,3.2586,422.5273
-22.543,62.6077,306.2903,-29.9394,64.588,294.6724,-70.9917,7.0282,312.5864,-59.9022,8.0237,329.2006,-47.6325,14.8301,338.7989,-35.9962,19.6713,350.3864,-82.847,65.9988,320.7453,-114.597,74.8302,329.1083,-140.0041,90.7246,327.7486,-99.3084,-20.7789,339.1688,-114.933,-36.1225,353.8366,-126.8045,-40.6438,366.589,-83.9506,-20.9477,359.7552,-98.5896,-38.5835,378.3546,-112.8937,-38.6742,392.3325,-65.2222,-3.8642,377.3794,-74.917,-14.1678,398.6437,-87.7525,-17.2025,414.9852,-46.6273,12.8945,386.6433,-53.6801,8.3987,410.6964,-63.8883,8.4313,425.5218
-21.8574,63.0876,307.4277,-29.2352,65.057,295.7962,-71.0341,8.217,314.2733,-59.9204,9.2209,330.8708,-47.5546,15.9534,340.3976,-35.8468,20.7481,351.9323,-81.2888,70.5444,323.0234,-112.0691,77.5283,335.6644,-136.4993,94.9155,334.7403,-100.4684,-16.248,342.7326,-116.6537,-29.7009,358.3819,-128.2722,-32.5125,371.8394,-84.7422,-16.0448,363.3985,-99.6354,-31.2044,382.9154,-113.4862,-29.1536,397.1965,-65.0966,0.5818,380.1832,-74.6582,-7.7968,401.869,-87.6972,-8.0999,418.3278,-46.929,16.8322,388.6341,-54.3177,14.2215,413.1036,-64.8722,15.7983,427.599
-22.1317,64.7067,306.3718,-29.8378,67.12,295.0407,-73.246,11.8039,314.4105,-61.5078,12.147,330.5999,-48.5391,18.2507,339.7408,-36.2346,22.4202,350.891,-81.5081,76.4661,322.0621,-111.3385,81.8618,337.6621,-135.125,100.1424,337.8008,-103.4215,-10.6196,343.8275,-120.0471,-22.9741,360.0352,-131.3398,-24.6996,373.9456,-86.4934,-11.3966,364.0382,-101.3928,-25.4361,383.9781,-114.5948,-22.0727,398.6202,-65.6654,4.1136,379.9428,-74.9082,-3.5159,401.6391,-87.6254,-2.4736,418.318,-47.4187,20.1807,387.815,-54.9011,18.6824,412.5183,-65.2229,21.037,427.0756
-23.1323,66.2598,304.059,-31.0467,69.0379,292.9573,-76.0476,15.3565,313.2689,-63.8634,15.1469,329.1278,-50.4178,20.6854,337.9334,-37.6563,24.3057,348.7569,-81.723,78.8004,321.5511,-111.2946,86.9203,336.234,-134.6215,105.7379,337.5574,-106.2165,-5.1698,344.0703,-122.8509,-16.4874,361.0534,-133.8003,-17.0434,375.3293,-88.8847,-6.7288,363.6166,-103.7899,-19.7602,384.1617,-116.2758,-15.2323,399.1149,-66.9938,7.6791,378.7298,-75.9339,0.6643,400.7331,-88.2403,2.9875,417.59,-48.7101,23.5545,385.9347,-56.1401,23.0496,410.9242,-66.1486,26.1033,425.5702
-23.6739,66.7308,301.2845,-31.5269,69.4864,290.1337,-77.9185,17.4662,311.6058,-65.7219,17.263,327.4552,-52.1205,22.6229,336.1312,-39.2516,26.1264,346.8655,-80.8257,83.544,319.3655,-109.2474,91.6485,336.2182,-131.9595,110.5497,341.4056,-108.402,2.325,345.0959,-125.2087,-6.0228,363.5601,-135.2795,-3.5275,378.2691,-90.6184,0.1163,363.9136,-105.1393,-9.8845,385.1782,-116.6081,-2.8522,399.9773,-67.6606,12.81,377.7449,-75.8483,7.6398,399.6702,-87.6335,12.526,416.3505,-49.879,27.543,384.0916,-57.0102,28.4935,409.071,-66.9278,32.8697,423.4408
-23.1448,66.5701,298.4504,-31.1165,69.4688,287.4208,-79.3115,20.0364,310.937,-66.7796,19.578,326.5171,-52.7563,24.4756,334.7851,-39.5016,27.5915,345.1636,-78.3879,86.2517,318.5426,-105.6589,95.9338,336.4968,-127.4686,113.7207,346.8872,-109.6648,11.4357,346.6001,-126.29,6.7248,366.1337,-134.8246,12.1216,381.0345,-91.3929,7.848,364.8613,-105.5628,1.095,386.936,-115.6458,10.4243,401.472,-66.7574,18.3063,377.451,-74.0637,15.0869,399.7159,-84.9196,22.465,416.1084,-49.9291,32.4882,382.2258,-56.942,35.7813,407.1515,-66.616,41.9904,421.0029
-22.0192,66.9762,296.0071,-29.884,69.5152,284.8133,-79.0982,22.0975,310.2859,-66.6501,22.1195,325.9397,-52.5771,27.1307,334.0538,-39.3156,30.4726,344.353,-75.842,88.4439,316.9632,-102.5008,99.4238,335.6123,-123.707,117.1204,347.3223,-108.8014,19.4422,347.3435,-125.0323,17.9913,367.5933,-132.2317,25.8855,382.0795,-89.8449,9.3747,364.78,-104.0267,11.5701,387.6505,-113.1037,22.8865,401.4181,-65.8301,24.7896,377.1207,-72.6612,23.583,399.3189,-82.8091,33.2049,414.9853,-49.6782,38.9469,380.8738,-56.666,44.6613,405.5006,-66.3524,52.816,418.2942
-20.7164,68.6547,293.707,-28.4229,70.9235,282.3463,-78.0862,24.2644,308.3427,-65.8514,24.6603,324.159,-51.8783,29.8489,332.334,-38.75,33.4258,342.7245,-72.8529,90.1984,316.5665,-98.7158,101.4184,336.4862,-119.6371,118.816,349.1203,-107.0107,25.2551,346.0707,-122.803,25.7959,366.6697,-128.8549,35.4233,380.6228,-87.8538,12.5266,363.8788,-101.0387,20.4271,386.0766,-109.2094,33.3342,398.9857,-64.5803,29.3173,375.5194,-71.0858,29.045,397.6374,-80.5753,39.4395,413.2228,-48.9968,43.8839,378.4396,-55.8422,50.8703,402.2988,-65.5697,60.6598,413.8548
-18.8785,69.2091,291.1987,-26.6123,71.5632,279.8739,-76.6906,25.4955,306.1278,-64.3765,25.755,321.8852,-50.305,30.7837,329.9911,-37.0865,34.2115,340.3173,-68.8426,89.3868,317.5018,-93.4275,99.7631,339.4073,-113.2387,116.9912,353.9231,-104.4232,28.3658,344.4568,-119.4489,29.921,365.2236,-124.5901,40.7933,378.6161,-85.4695,14.7505,362.4191,-97.8282,25.3785,383.9436,-105.406,39.2644,396.1813,-62.3231,32.2447,373.354,-68.4796,32.9931,395.5677,-77.231,43.9349,411.2103,-47.661,47.1006,375.1504,-54.7293,55.716,398.4338,-64.3823,67.6458,407.8412
-16.5072,67.3149,288.2476,-23.9489,69.0717,276.6227,-73.9942,23.2229,303.3188,-62.146,24.3375,319.393,-48.3996,29.9384,327.6794,-35.5432,34.0147,338.2248,-65.6701,86.0435,315.5094,-90.1183,95.9887,338.2966,-109.3851,111.992,354.8098,-102.0208,27.9413,341.5931,-117.4151,30.5331,362.6163,-122.3449,42.2167,375.3909,-83.2876,15.077,360.3354,-95.4128,27.0902,381.2558,-102.5879,42.0071,392.4809,-59.9506,33.1494,371.2345,-65.9242,34.81,393.7588,-74.3279,45.8611,409.5147,-46.6262,48.8926,372.0899,-54.0335,58.8363,394.7236,-63.7717,72.2384,401.7629
-15.3307,65.0506,285.7665,-22.7098,66.6784,274.0831,-72.7046,20.8158,300.8501,-60.9592,22.1158,316.9857,-47.2891,27.8475,325.3088,-34.5156,32.0689,335.8978,-63.8945,82.7064,313.7387,-87.9282,92.0596,336.8801,-107.0771,107.2954,354.2349,-100.1186,26.8677,339.0226,-114.9624,30.1446,359.6919,-119.3777,42.5981,371.9154,-82.3323,13.1482,357.8731,-93.981,26.8959,377.9805,-100.4945,42.7619,388.2685,-58.4475,32.1957,368.7418,-64.1753,34.4277,391.0364,-72.066,45.1646,407.2678,-45.6016,48.1008,368.9625,-52.9552,58.7351,390.895,-62.5718,72.7924,396.7188
-14.4172,62.3924,283.129,-21.6792,63.9816,271.3672,-71.7375,17.8897,297.6167,-60.1709,19.2503,313.8759,-46.6175,25.0495,322.342,-33.9776,29.3347,333.0648,-62.363,78.9259,311.8852,-86.0691,87.6338,335.4946,-104.8552,101.1445,354.5877,-98.8953,26.1404,335.6443,-113.6508,30.6232,356.3057,-117.454,43.6211,368.1628,-81.7182,11.9038,354.9945,-92.9647,26.4674,374.7535,-98.9732,42.8579,384.513,-57.3535,30.2117,365.8817,-62.8938,32.8756,388.3502,-70.2077,42.4917,405.5268,-44.7093,45.4392,366.2456,-51.8349,56.1323,388.2769,-61.4441,70.2042,394.0772
-11.2402,58.9565,282.2209,-18.468,60.5935,270.4445,-67.6963,13.0292,295.6149,-56.2518,14.3545,311.9633,-42.8704,20.2903,320.6064,-30.3833,24.6554,331.4751,-58.8094,72.4423,312.2684,-82.2954,79.3404,336.6176,-100.8165,90.1371,357.6033,-94.7574,23.1949,332.9609,-109.2914,28.6547,353.0188,-112.361,42.0031,364.6977,-78.7937,7.5938,352.6469,-89.7508,23.4148,371.5847,-95.4365,40.096,381.0403,-53.8985,25.2781,364.0297,-59.568,27.8423,386.3536,-67.627,36.5493,403.681,-40.9607,40.6145,364.6827,-47.9651,51.1827,386.6731,-57.917,64.7608,393.0445
-5.424,55.7223,282.9245,-12.5887,57.3745,271.1118,-60.0707,7.1752,294.4533,-48.8638,8.533,310.9628,-35.8312,14.7807,319.9135,-23.6504,19.3635,331.0372,-54.223,64.4893,312.3061,-77.3934,69.9912,336.5725,-95.8638,77.7946,358.8873,-87.5697,19.3413,330.6138,-102.1851,25.8074,349.8326,-105.1077,39.4321,361.2267,-72.0213,1.2864,351.2147,-82.8258,18.839,368.6551,-88.7986,35.5673,377.8469,-47.9898,20.0435,362.842,-54.1812,22.7234,384.7021,-64.448,31.5821,400.7369,-34.2613,35.9379,364.116,-41.3247,46.9711,386.1359,-51.6994,59.9781,393.0049
1.4182,53.101,283.5354,-5.7643,54.9148,271.7572,-51.041,1.7276,292.7449,-39.9752,2.9061,309.3629,-27.2736,9.3574,318.6393,-15.3574,14.0196,330.0137,-50.9934,57.645,309.5444,-70.3404,61.9986,337.1622,-86.9556,65.9984,361.8186,-78.2768,13.995,328.7474,-92.5549,20.4261,347.6216,-95.3433,34.0735,359.0221,-63.5695,-4.5539,349.3211,-74.2596,13.4319,366.3867,-80.2914,30.0715,375.7001,-39.5571,14.6984,360.8836,-45.5597,17.3083,381.527,-55.875,29.5734,395.0977,-26.1704,29.9423,362.9316,-33.2825,40.4151,384.5829,-44.315,52.4745,392.1231
9.5155,50.6071,283.8572,1.7094,53.6687,272.7534,-41.1985,-3.0418,288.945,-29.3416,-3.6275,305.0406,-16.3439,1.9836,314.4521,-3.983,5.5346,325.753,-43.2475,47.2878,310.4252,-60.3681,50.0776,339.6673,-77.1664,51.4573,364.4849,-67.0698,7.1797,326.1945,-80.4062,12.4488,345.3963,-82.2753,25.4124,357.7434,-51.5866,-15.4242,344.7269,-61.2137,2.0602,362.9096,-66.6993,18.0878,373.5409,-25.7804,0.8457,357.4132,-32.9045,6.0746,376.4633,-42.9297,20.2582,388.2668,-14.9545,20.807,358.0647,-21.9773,30.5828,378.7474,-33.7623,43.8996,381.5363
18.744,45.3931,282.1135,11.0737,48.4391,270.9113,-27.667,-12.2419,282.5863,-16.3161,-12.7802,299.0443,-4.1113,-6.6959,309.1943,7.5636,-2.8152,321.1001,-34.0524,39.1568,307.7687,-52.807,36.8394,336.0334,-69.6166,34.6936,360.7889,-53.6495,-4.2191,320.2659,-67.025,-0.0891,339.663,-68.984,12.7516,352.1241,-38.1641,-27.5023,337.9664,-48.2067,-10.4477,356.3318,-54.048,5.34,367.1311,-11.944,-12.4944,352.1015,-20.2191,-5.0262,369.8989,-30.5871,11.3757,377.9289,-4.0907,10.2453,353.0125,-11.2489,18.2674,372.6136,-24.0383,30.7606,374.6993
27.8045,39.8608,280.667,19.8072,43.4611,269.8649,-15.4488,-20.0382,276.5125,-3.8279,-21.4076,292.7322,8.1926,-15.5863,303.2498,19.8293,-12.1408,315.3256,-26.5126,32.2382,304.643,-44.7725,24.2662,332.1934,-59.2229,17.0648,357.4783,-40.653,-13.8963,315.0346,-53.6088,-10.7391,334.8362,-55.1863,2.0575,347.3964,-24.2446,-39.8485,330.8386,-33.8795,-23.187,349.7743,-39.468,-7.5921,360.9802,1.5859,-25.5101,345.6039,-7.2818,-17.443,362.8459,-17.7162,-0.2332,368.8415,7.6635,-0.8338,347.6453,0.2116,6.0921,367.4421,-13.234,17.701,370.3485
36.486,34.0933,278.9328,28.5867,38.1128,268.2067,-3.0473,-27.6022,268.5988,8.1902,-29.6432,285.0169,19.5588,-24.0382,296.3456,30.6417,-20.9468,309.0232,-15.6891,23.0994,304.1963,-36.953,12.2471,328.4052,-49.1033,0.3282,353.1097,-25.0098,-22.3111,308.8186,-36.0834,-19.6432,329.0975,-35.2765,-5.9244,340.7225,-11.0978,-50.674,322.3623,-19.9823,-34.4293,342.0136,-24.6125,-18.3533,352.9738,14.8412,-37.8632,337.8499,5.7337,-29.9258,355.0269,-4.9721,-13.0824,361.5606,19.8897,-12.9626,341.6186,13.6605,-8.3369,360.5029,-0.0717,2.43,364.9192
44.6722,27.7006,277.7756,36.6096,32.178,267.3569,7.8081,-34.6655,262.6922,19.1211,-37.4589,278.9469,30.2393,-32.2458,290.7031,41.1791,-29.6507,303.6141,-6.9312,13.9695,302.7638,-28.3729,0.8203,325.6408,-36.6965,-15.6431,349.2982,-14.1776,-35.3959,303.0914,-20.671,-27.3874,323.651,-18.4501,-13.1461,334.4331,1.1435,-59.7519,316.2138,-6.6308,-42.6037,335.5658,-10.7218,-26.4405,346.6118,27.1863,-48.6834,331.403,18.0275,-39.793,348.0786,7.5473,-23.1549,355.4503,36.3173,-28.0326,338.237,26.3028,-20.7499,353.9428,12.9454,-9.927,359.2762
52.904,21.6759,276.8214,44.5706,26.6243,266.8379,18.2735,-40.7253,257.2557,29.8512,-44.3179,273.1633,40.8847,-39.5962,285.2035,51.851,-37.5783,298.1949,2.2137,4.9541,301.7276,-19.3203,-9.992,323.3817,-23.257,-30.4289,344.9881,-2.2235,-44.6909,298.2453,-6.9723,-35.3452,318.7174,-4.6872,-20.8633,329.1602,13.3608,-67.6635,310.4735,6.3671,-50.138,329.7852,2.5393,-34.1455,341.1689,40.3611,-58.9544,324.7129,31.1815,-48.1506,340.2053,21.0786,-32.1673,349.3412,49.294,-38.3825,333.0922,38.9277,-30.4037,348.2208,26.1104,-19.4325,354.4937
60.3635,17.3437,275.4759,51.7785,22.5085,265.8205,27.7824,-45.1387,252.8834,39.6114,-49.145,268.5046,50.5725,-44.6708,280.7044,61.5694,-42.9471,293.7123,9.1597,-0.8262,299.289,-10.828,-18.2976,320.5314,-10.1933,-41.2548,339.8333,9.5643,-52.979,294.3879,7.4502,-40.1815,313.3815,9.572,-25.1873,323.1113,25.142,-72.6496,306.5463,19.7441,-52.7541,323.9828,16.6263,-36.1173,334.6362,51.6911,-65.618,319.3821,42.6938,-52.681,333.2631,33.185,-36.4765,342.6437,60.894,-45.5783,328.6068,50.229,-35.6731,342.3233,38.2285,-23.6121,348.1988
68.369,14.4806,272.9299,59.5823,19.6518,263.4612,38.0104,-48.3475,248.2928,50.0104,-52.4438,263.7596,60.83,-47.9868,276.0913,71.7862,-46.3026,289.1387,18.7755,-7.0102,296.7019,-1.6161,-25.1751,316.9558,3.1842,-49.562,333.7558,21.7739,-57.004,290.4526,20.5963,-42.8307,308.5283,22.6072,-27.5114,317.7626,36.8157,-74.8641,302.9033,31.9413,-53.8557,319.148,28.8994,-37.0236,329.5127,63.6491,-68.3776,314.9791,54.9707,-54.4813,328.1159,45.7373,-37.7752,336.871,72.6746,-48.5336,324.0562,62.3245,-37.42,337.0702,50.7819,-24.7025,342.4586
